[demand] attempt {"demand":"vehicle order 001 SEDAN-BLK","attempt":1,"quantity":1,"requestDate":"2026-01-26T00:00:00","lastDate":"2030-12-31T00:00:00"}
[operation] ask {"demand":"vehicle order 001 SEDAN-BLK","operation":"ship SEDAN-BLK","quantity":1,"end":"2026-01-26T00:00:00"}
[buffer] ask {"demand":null,"buffer":"black sedan","requested":1,"date":"2026-01-25T21:00:00","onhand":0}
[buffer] shortage {"buffer":"black sedan","iteration":0,"date":"2026-01-25T21:00:00","onhand":-1,"shortage":1}
[operation] routing-ask {"demand":null,"operation":"build SEDAN-BLK","quantity":1,"operationPlanQuantity":1,"end":"2026-01-25T21:00:00","steps":["weld SEDAN-BLK","paint SEDAN-BLK","assemble SEDAN-BLK"]}
[operation] ask {"demand":null,"operation":"assemble SEDAN-BLK","quantity":1,"end":"2026-01-25T21:00:00"}
[resource] ask {"demand":null,"operation":"assemble SEDAN-BLK","resource":"assembly team east","start":"2026-01-25T03:51:26","end":"2026-01-25T21:00:00"}
[resource] candidate {"demand":null,"start":"2026-01-25T03:51:26","end":"2026-01-25T21:00:00","feasible":true}
[resource] ask {"demand":null,"operation":"assemble SEDAN-BLK","resource":"assembly team west","start":"2026-01-25T02:03:09","end":"2026-01-25T21:00:00"}
[resource] candidate {"demand":null,"start":"2026-01-25T02:03:09","end":"2026-01-25T21:00:00","feasible":true}
[resource] ask {"demand":null,"operation":"assemble SEDAN-BLK","resource":"assembly team flex","start":"2026-01-24T23:49:25","end":"2026-01-25T21:00:00"}
[resource] candidate {"demand":null,"start":"2026-01-24T23:49:25","end":"2026-01-25T21:00:00","feasible":true}
[resource] ask {"demand":null,"operation":"assemble SEDAN-BLK","resource":"assembly team east","start":"2026-01-25T03:51:26","end":"2026-01-25T21:00:00"}
[resource] candidate {"demand":null,"start":"2026-01-25T03:51:26","end":"2026-01-25T21:00:00","feasible":true}
[buffer] ask {"demand":null,"buffer":"powertrain","requested":1,"date":"2026-01-25T03:51:26","onhand":105}
[buffer] answer {"demand":null,"buffer":"powertrain","requested":1,"remainingShortage":0,"quantity":1,"date":"2026-01-25T03:51:26","plan":null}
[buffer] ask {"demand":null,"buffer":"electronics kit","requested":1,"date":"2026-01-25T03:51:26","onhand":120}
[buffer] answer {"demand":null,"buffer":"electronics kit","requested":1,"remainingShortage":0,"quantity":1,"date":"2026-01-25T03:51:26","plan":null}
[operation] answer {"demand":null,"operation":"assemble SEDAN-BLK","quantity":1,"start":"2026-01-25T03:51:26","end":"2026-01-25T21:00:00"}
[operation] ask {"demand":null,"operation":"paint SEDAN-BLK","quantity":1,"end":"2026-01-25T03:51:26"}
[resource] ask {"demand":null,"operation":"paint SEDAN-BLK","resource":"paint booth","start":"2026-01-24T15:19:51","end":"2026-01-25T03:51:26"}
[resource] candidate {"demand":null,"start":"2026-01-24T15:19:51","end":"2026-01-25T03:51:26","feasible":true}
[operation] answer {"demand":null,"operation":"paint SEDAN-BLK","quantity":1,"start":"2026-01-24T15:19:51","end":"2026-01-25T03:51:26"}
[operation] ask {"demand":null,"operation":"weld SEDAN-BLK","quantity":1,"end":"2026-01-24T15:19:51"}
[resource] ask {"demand":null,"operation":"weld SEDAN-BLK","resource":"body line A","start":"2026-01-23T23:19:51","end":"2026-01-24T15:19:51"}
[resource] candidate {"demand":null,"start":"2026-01-23T23:19:51","end":"2026-01-24T15:19:51","feasible":true}
[buffer] ask {"demand":null,"buffer":"automotive steel","requested":2,"date":"2026-01-24T01:19:51","onhand":180}
[buffer] answer {"demand":null,"buffer":"automotive steel","requested":2,"remainingShortage":0,"quantity":2,"date":"2026-01-24T01:19:51","plan":null}
[operation] answer {"demand":null,"operation":"weld SEDAN-BLK","quantity":1,"start":"2026-01-23T23:19:51","end":"2026-01-24T15:19:51"}
[operation] routing-answer {"demand":null,"operation":"build SEDAN-BLK","quantity":1,"start":"2026-01-23T23:19:51","end":"2026-01-25T21:00:00"}
[buffer] replenish {"buffer":"black sedan","iteration":0,"requested":1,"replenished":1,"producerDate":"2026-01-25T21:00:00","eventCountBefore":1,"eventCountAfter":2,"remaining":0}
[buffer] answer {"demand":null,"buffer":"black sedan","requested":1,"remainingShortage":0,"quantity":1,"date":"2026-01-25T21:00:00","plan":"OperationPlan"}
[operation] answer {"demand":"vehicle order 001 SEDAN-BLK","operation":"ship SEDAN-BLK","quantity":1,"start":"2026-01-25T21:00:00","end":"2026-01-26T00:00:00"}
[demand] reply {"demand":"vehicle order 001 SEDAN-BLK","attempt":1,"result":true,"quantity":1,"date":"2026-01-26T00:00:00"}
[demand] attempt {"demand":"vehicle order 011 SUV-BLK","attempt":1,"quantity":4,"requestDate":"2026-01-29T08:00:00","lastDate":"2030-12-31T00:00:00"}
[operation] ask {"demand":"vehicle order 011 SUV-BLK","operation":"ship SUV-BLK","quantity":4,"end":"2026-01-29T08:00:00"}
[buffer] ask {"demand":null,"buffer":"black suv","requested":4,"date":"2026-01-29T05:00:00","onhand":0}
[buffer] shortage {"buffer":"black suv","iteration":0,"date":"2026-01-29T05:00:00","onhand":-4,"shortage":4}
[operation] routing-ask {"demand":null,"operation":"build SUV-BLK","quantity":4,"operationPlanQuantity":4,"end":"2026-01-29T05:00:00","steps":["weld SUV-BLK","paint SUV-BLK","assemble SUV-BLK"]}
[operation] ask {"demand":null,"operation":"assemble SUV-BLK","quantity":4,"end":"2026-01-29T05:00:00"}
[resource] ask {"demand":null,"operation":"assemble SUV-BLK","resource":"assembly team east","start":"2026-01-28T08:02:51","end":"2026-01-29T05:00:00"}
[resource] candidate {"demand":null,"start":"2026-01-28T08:02:51","end":"2026-01-29T05:00:00","feasible":true}
[resource] ask {"demand":null,"operation":"assemble SUV-BLK","resource":"assembly team west","start":"2026-01-28T05:50:32","end":"2026-01-29T05:00:00"}
[resource] candidate {"demand":null,"start":"2026-01-28T05:50:32","end":"2026-01-29T05:00:00","feasible":true}
[resource] ask {"demand":null,"operation":"assemble SUV-BLK","resource":"assembly team flex","start":"2026-01-28T03:07:04","end":"2026-01-29T05:00:00"}
[resource] candidate {"demand":null,"start":"2026-01-28T03:07:04","end":"2026-01-29T05:00:00","feasible":true}
[resource] ask {"demand":null,"operation":"assemble SUV-BLK","resource":"assembly team east","start":"2026-01-28T08:02:51","end":"2026-01-29T05:00:00"}
[resource] candidate {"demand":null,"start":"2026-01-28T08:02:51","end":"2026-01-29T05:00:00","feasible":true}
[buffer] ask {"demand":null,"buffer":"powertrain","requested":4,"date":"2026-01-28T08:02:51","onhand":104}
[buffer] answer {"demand":null,"buffer":"powertrain","requested":4,"remainingShortage":0,"quantity":4,"date":"2026-01-28T08:02:51","plan":null}
[buffer] ask {"demand":null,"buffer":"electronics kit","requested":4,"date":"2026-01-28T08:02:51","onhand":119}
[buffer] answer {"demand":null,"buffer":"electronics kit","requested":4,"remainingShortage":0,"quantity":4,"date":"2026-01-28T08:02:51","plan":null}
[operation] answer {"demand":null,"operation":"assemble SUV-BLK","quantity":4,"start":"2026-01-28T08:02:51","end":"2026-01-29T05:00:00"}
[operation] ask {"demand":null,"operation":"paint SUV-BLK","quantity":4,"end":"2026-01-28T08:02:51"}
[resource] ask {"demand":null,"operation":"paint SUV-BLK","resource":"paint booth","start":"2026-01-27T19:24:57","end":"2026-01-28T08:02:51"}
[resource] candidate {"demand":null,"start":"2026-01-27T19:24:57","end":"2026-01-28T08:02:51","feasible":true}
[operation] answer {"demand":null,"operation":"paint SUV-BLK","quantity":4,"start":"2026-01-27T19:24:57","end":"2026-01-28T08:02:51"}
[operation] ask {"demand":null,"operation":"weld SUV-BLK","quantity":4,"end":"2026-01-27T19:24:57"}
[resource] ask {"demand":null,"operation":"weld SUV-BLK","resource":"body line A","start":"2026-01-26T21:24:57","end":"2026-01-27T19:24:57"}
[resource] candidate {"demand":null,"start":"2026-01-26T21:24:57","end":"2026-01-27T19:24:57","feasible":true}
[buffer] ask {"demand":null,"buffer":"automotive steel","requested":12,"date":"2026-01-27T01:24:57","onhand":178}
[buffer] answer {"demand":null,"buffer":"automotive steel","requested":12,"remainingShortage":0,"quantity":12,"date":"2026-01-27T01:24:57","plan":null}
[operation] answer {"demand":null,"operation":"weld SUV-BLK","quantity":4,"start":"2026-01-26T21:24:57","end":"2026-01-27T19:24:57"}
[operation] routing-answer {"demand":null,"operation":"build SUV-BLK","quantity":4,"start":"2026-01-26T21:24:57","end":"2026-01-29T05:00:00"}
[buffer] replenish {"buffer":"black suv","iteration":0,"requested":4,"replenished":4,"producerDate":"2026-01-29T05:00:00","eventCountBefore":1,"eventCountAfter":2,"remaining":0}
[buffer] answer {"demand":null,"buffer":"black suv","requested":4,"remainingShortage":0,"quantity":4,"date":"2026-01-29T05:00:00","plan":"OperationPlan"}
[operation] answer {"demand":"vehicle order 011 SUV-BLK","operation":"ship SUV-BLK","quantity":4,"start":"2026-01-29T05:00:00","end":"2026-01-29T08:00:00"}
[demand] reply {"demand":"vehicle order 011 SUV-BLK","attempt":1,"result":true,"quantity":4,"date":"2026-01-29T08:00:00"}
[demand] attempt {"demand":"vehicle order 021 SEDAN-BLK","attempt":1,"quantity":3,"requestDate":"2026-02-01T16:00:00","lastDate":"2030-12-31T00:00:00"}
[operation] ask {"demand":"vehicle order 021 SEDAN-BLK","operation":"ship SEDAN-BLK","quantity":3,"end":"2026-02-01T16:00:00"}
[buffer] ask {"demand":null,"buffer":"black sedan","requested":3,"date":"2026-02-01T13:00:00","onhand":1}
[buffer] shortage {"buffer":"black sedan","iteration":0,"date":"2026-02-01T13:00:00","onhand":-3,"shortage":3}
[operation] routing-ask {"demand":null,"operation":"build SEDAN-BLK","quantity":3,"operationPlanQuantity":3,"end":"2026-02-01T13:00:00","steps":["weld SEDAN-BLK","paint SEDAN-BLK","assemble SEDAN-BLK"]}
[operation] ask {"demand":null,"operation":"assemble SEDAN-BLK","quantity":3,"end":"2026-02-01T13:00:00"}
[resource] ask {"demand":null,"operation":"assemble SEDAN-BLK","resource":"assembly team east","start":"2026-01-31T19:51:26","end":"2026-02-01T13:00:00"}
[resource] candidate {"demand":null,"start":"2026-01-31T19:51:26","end":"2026-02-01T13:00:00","feasible":true}
[resource] ask {"demand":null,"operation":"assemble SEDAN-BLK","resource":"assembly team west","start":"2026-01-31T18:03:09","end":"2026-02-01T13:00:00"}
[resource] candidate {"demand":null,"start":"2026-01-31T18:03:09","end":"2026-02-01T13:00:00","feasible":true}
[resource] ask {"demand":null,"operation":"assemble SEDAN-BLK","resource":"assembly team flex","start":"2026-01-31T15:49:25","end":"2026-02-01T13:00:00"}
[resource] candidate {"demand":null,"start":"2026-01-31T15:49:25","end":"2026-02-01T13:00:00","feasible":true}
[resource] ask {"demand":null,"operation":"assemble SEDAN-BLK","resource":"assembly team east","start":"2026-01-31T19:51:26","end":"2026-02-01T13:00:00"}
[resource] candidate {"demand":null,"start":"2026-01-31T19:51:26","end":"2026-02-01T13:00:00","feasible":true}
[buffer] ask {"demand":null,"buffer":"powertrain","requested":3,"date":"2026-01-31T19:51:26","onhand":100}
[buffer] answer {"demand":null,"buffer":"powertrain","requested":3,"remainingShortage":0,"quantity":3,"date":"2026-01-31T19:51:26","plan":null}
[buffer] ask {"demand":null,"buffer":"electronics kit","requested":3,"date":"2026-01-31T19:51:26","onhand":115}
[buffer] answer {"demand":null,"buffer":"electronics kit","requested":3,"remainingShortage":0,"quantity":3,"date":"2026-01-31T19:51:26","plan":null}
[operation] answer {"demand":null,"operation":"assemble SEDAN-BLK","quantity":3,"start":"2026-01-31T19:51:26","end":"2026-02-01T13:00:00"}
[operation] ask {"demand":null,"operation":"paint SEDAN-BLK","quantity":3,"end":"2026-01-31T19:51:26"}
[resource] ask {"demand":null,"operation":"paint SEDAN-BLK","resource":"paint booth","start":"2026-01-31T09:19:51","end":"2026-01-31T19:51:26"}
[resource] candidate {"demand":null,"start":"2026-01-31T09:19:51","end":"2026-01-31T19:51:26","feasible":true}
[operation] answer {"demand":null,"operation":"paint SEDAN-BLK","quantity":3,"start":"2026-01-31T09:19:51","end":"2026-01-31T19:51:26"}
[operation] ask {"demand":null,"operation":"weld SEDAN-BLK","quantity":3,"end":"2026-01-31T09:19:51"}
[resource] ask {"demand":null,"operation":"weld SEDAN-BLK","resource":"body line A","start":"2026-01-30T16:19:51","end":"2026-01-31T09:19:51"}
[resource] candidate {"demand":null,"start":"2026-01-30T16:19:51","end":"2026-01-31T09:19:51","feasible":true}
[buffer] ask {"demand":null,"buffer":"automotive steel","requested":6,"date":"2026-01-30T19:19:51","onhand":166}
[buffer] answer {"demand":null,"buffer":"automotive steel","requested":6,"remainingShortage":0,"quantity":6,"date":"2026-01-30T19:19:51","plan":null}
[operation] answer {"demand":null,"operation":"weld SEDAN-BLK","quantity":3,"start":"2026-01-30T16:19:51","end":"2026-01-31T09:19:51"}
[operation] routing-answer {"demand":null,"operation":"build SEDAN-BLK","quantity":3,"start":"2026-01-30T16:19:51","end":"2026-02-01T13:00:00"}
[buffer] replenish {"buffer":"black sedan","iteration":0,"requested":3,"replenished":3,"producerDate":"2026-02-01T13:00:00","eventCountBefore":3,"eventCountAfter":4,"remaining":0}
[buffer] answer {"demand":null,"buffer":"black sedan","requested":3,"remainingShortage":0,"quantity":3,"date":"2026-02-01T13:00:00","plan":"OperationPlan"}
[operation] answer {"demand":"vehicle order 021 SEDAN-BLK","operation":"ship SEDAN-BLK","quantity":3,"start":"2026-02-01T13:00:00","end":"2026-02-01T16:00:00"}
[demand] reply {"demand":"vehicle order 021 SEDAN-BLK","attempt":1,"result":true,"quantity":3,"date":"2026-02-01T16:00:00"}
[demand] attempt {"demand":"vehicle order 031 SUV-BLK","attempt":1,"quantity":1,"requestDate":"2026-02-05T00:00:00","lastDate":"2030-12-31T00:00:00"}
[operation] ask {"demand":"vehicle order 031 SUV-BLK","operation":"ship SUV-BLK","quantity":1,"end":"2026-02-05T00:00:00"}
[buffer] ask {"demand":null,"buffer":"black suv","requested":1,"date":"2026-02-04T21:00:00","onhand":4}
[buffer] shortage {"buffer":"black suv","iteration":0,"date":"2026-02-04T21:00:00","onhand":-1,"shortage":1}
[operation] routing-ask {"demand":null,"operation":"build SUV-BLK","quantity":1,"operationPlanQuantity":1,"end":"2026-02-04T21:00:00","steps":["weld SUV-BLK","paint SUV-BLK","assemble SUV-BLK"]}
[operation] ask {"demand":null,"operation":"assemble SUV-BLK","quantity":1,"end":"2026-02-04T21:00:00"}
[resource] ask {"demand":null,"operation":"assemble SUV-BLK","resource":"assembly team east","start":"2026-02-04T00:02:51","end":"2026-02-04T21:00:00"}
[resource] candidate {"demand":null,"start":"2026-02-04T00:02:51","end":"2026-02-04T21:00:00","feasible":true}
[resource] ask {"demand":null,"operation":"assemble SUV-BLK","resource":"assembly team west","start":"2026-02-03T21:50:32","end":"2026-02-04T21:00:00"}
[resource] candidate {"demand":null,"start":"2026-02-03T21:50:32","end":"2026-02-04T21:00:00","feasible":true}
[resource] ask {"demand":null,"operation":"assemble SUV-BLK","resource":"assembly team flex","start":"2026-02-03T19:07:04","end":"2026-02-04T21:00:00"}
[resource] candidate {"demand":null,"start":"2026-02-03T19:07:04","end":"2026-02-04T21:00:00","feasible":true}
[resource] ask {"demand":null,"operation":"assemble SUV-BLK","resource":"assembly team east","start":"2026-02-04T00:02:51","end":"2026-02-04T21:00:00"}
[resource] candidate {"demand":null,"start":"2026-02-04T00:02:51","end":"2026-02-04T21:00:00","feasible":true}
[buffer] ask {"demand":null,"buffer":"powertrain","requested":1,"date":"2026-02-04T00:02:51","onhand":97}
[buffer] answer {"demand":null,"buffer":"powertrain","requested":1,"remainingShortage":0,"quantity":1,"date":"2026-02-04T00:02:51","plan":null}
[buffer] ask {"demand":null,"buffer":"electronics kit","requested":1,"date":"2026-02-04T00:02:51","onhand":112}
[buffer] answer {"demand":null,"buffer":"electronics kit","requested":1,"remainingShortage":0,"quantity":1,"date":"2026-02-04T00:02:51","plan":null}
[operation] answer {"demand":null,"operation":"assemble SUV-BLK","quantity":1,"start":"2026-02-04T00:02:51","end":"2026-02-04T21:00:00"}
[operation] ask {"demand":null,"operation":"paint SUV-BLK","quantity":1,"end":"2026-02-04T00:02:51"}
[resource] ask {"demand":null,"operation":"paint SUV-BLK","resource":"paint booth","start":"2026-02-03T11:24:57","end":"2026-02-04T00:02:51"}
[resource] candidate {"demand":null,"start":"2026-02-03T11:24:57","end":"2026-02-04T00:02:51","feasible":true}
[operation] answer {"demand":null,"operation":"paint SUV-BLK","quantity":1,"start":"2026-02-03T11:24:57","end":"2026-02-04T00:02:51"}
[operation] ask {"demand":null,"operation":"weld SUV-BLK","quantity":1,"end":"2026-02-03T11:24:57"}
[resource] ask {"demand":null,"operation":"weld SUV-BLK","resource":"body line A","start":"2026-02-02T13:24:57","end":"2026-02-03T11:24:57"}
[resource] candidate {"demand":null,"start":"2026-02-02T13:24:57","end":"2026-02-03T11:24:57","feasible":true}
[buffer] ask {"demand":null,"buffer":"automotive steel","requested":3,"date":"2026-02-02T17:24:57","onhand":160}
[buffer] answer {"demand":null,"buffer":"automotive steel","requested":3,"remainingShortage":0,"quantity":3,"date":"2026-02-02T17:24:57","plan":null}
[operation] answer {"demand":null,"operation":"weld SUV-BLK","quantity":1,"start":"2026-02-02T13:24:57","end":"2026-02-03T11:24:57"}
[operation] routing-answer {"demand":null,"operation":"build SUV-BLK","quantity":1,"start":"2026-02-02T13:24:57","end":"2026-02-04T21:00:00"}
[buffer] replenish {"buffer":"black suv","iteration":0,"requested":1,"replenished":1,"producerDate":"2026-02-04T21:00:00","eventCountBefore":3,"eventCountAfter":4,"remaining":0}
[buffer] answer {"demand":null,"buffer":"black suv","requested":1,"remainingShortage":0,"quantity":1,"date":"2026-02-04T21:00:00","plan":"OperationPlan"}
[operation] answer {"demand":"vehicle order 031 SUV-BLK","operation":"ship SUV-BLK","quantity":1,"start":"2026-02-04T21:00:00","end":"2026-02-05T00:00:00"}
[demand] reply {"demand":"vehicle order 031 SUV-BLK","attempt":1,"result":true,"quantity":1,"date":"2026-02-05T00:00:00"}
[demand] attempt {"demand":"vehicle order 041 SEDAN-BLK","attempt":1,"quantity":4,"requestDate":"2026-02-08T08:00:00","lastDate":"2030-12-31T00:00:00"}
[operation] ask {"demand":"vehicle order 041 SEDAN-BLK","operation":"ship SEDAN-BLK","quantity":4,"end":"2026-02-08T08:00:00"}
[buffer] ask {"demand":null,"buffer":"black sedan","requested":4,"date":"2026-02-08T05:00:00","onhand":3}
[buffer] shortage {"buffer":"black sedan","iteration":0,"date":"2026-02-08T05:00:00","onhand":-4,"shortage":4}
[operation] routing-ask {"demand":null,"operation":"build SEDAN-BLK","quantity":4,"operationPlanQuantity":4,"end":"2026-02-08T05:00:00","steps":["weld SEDAN-BLK","paint SEDAN-BLK","assemble SEDAN-BLK"]}
[operation] ask {"demand":null,"operation":"assemble SEDAN-BLK","quantity":4,"end":"2026-02-08T05:00:00"}
[resource] ask {"demand":null,"operation":"assemble SEDAN-BLK","resource":"assembly team east","start":"2026-02-07T11:51:26","end":"2026-02-08T05:00:00"}
[resource] candidate {"demand":null,"start":"2026-02-07T11:51:26","end":"2026-02-08T05:00:00","feasible":true}
[resource] ask {"demand":null,"operation":"assemble SEDAN-BLK","resource":"assembly team west","start":"2026-02-07T10:03:09","end":"2026-02-08T05:00:00"}
[resource] candidate {"demand":null,"start":"2026-02-07T10:03:09","end":"2026-02-08T05:00:00","feasible":true}
[resource] ask {"demand":null,"operation":"assemble SEDAN-BLK","resource":"assembly team flex","start":"2026-02-07T07:49:25","end":"2026-02-08T05:00:00"}
[resource] candidate {"demand":null,"start":"2026-02-07T07:49:25","end":"2026-02-08T05:00:00","feasible":true}
[resource] ask {"demand":null,"operation":"assemble SEDAN-BLK","resource":"assembly team east","start":"2026-02-07T11:51:26","end":"2026-02-08T05:00:00"}
[resource] candidate {"demand":null,"start":"2026-02-07T11:51:26","end":"2026-02-08T05:00:00","feasible":true}
[buffer] ask {"demand":null,"buffer":"powertrain","requested":4,"date":"2026-02-07T11:51:26","onhand":96}
[buffer] answer {"demand":null,"buffer":"powertrain","requested":4,"remainingShortage":0,"quantity":4,"date":"2026-02-07T11:51:26","plan":null}
[buffer] ask {"demand":null,"buffer":"electronics kit","requested":4,"date":"2026-02-07T11:51:26","onhand":111}
[buffer] answer {"demand":null,"buffer":"electronics kit","requested":4,"remainingShortage":0,"quantity":4,"date":"2026-02-07T11:51:26","plan":null}
[operation] answer {"demand":null,"operation":"assemble SEDAN-BLK","quantity":4,"start":"2026-02-07T11:51:26","end":"2026-02-08T05:00:00"}
[operation] ask {"demand":null,"operation":"paint SEDAN-BLK","quantity":4,"end":"2026-02-07T11:51:26"}
[resource] ask {"demand":null,"operation":"paint SEDAN-BLK","resource":"paint booth","start":"2026-02-07T01:19:51","end":"2026-02-07T11:51:26"}
[resource] candidate {"demand":null,"start":"2026-02-07T01:19:51","end":"2026-02-07T11:51:26","feasible":true}
[operation] answer {"demand":null,"operation":"paint SEDAN-BLK","quantity":4,"start":"2026-02-07T01:19:51","end":"2026-02-07T11:51:26"}
[operation] ask {"demand":null,"operation":"weld SEDAN-BLK","quantity":4,"end":"2026-02-07T01:19:51"}
[resource] ask {"demand":null,"operation":"weld SEDAN-BLK","resource":"body line A","start":"2026-02-06T08:19:51","end":"2026-02-07T01:19:51"}
[resource] candidate {"demand":null,"start":"2026-02-06T08:19:51","end":"2026-02-07T01:19:51","feasible":true}
[buffer] ask {"demand":null,"buffer":"automotive steel","requested":8,"date":"2026-02-06T11:19:51","onhand":157}
[buffer] answer {"demand":null,"buffer":"automotive steel","requested":8,"remainingShortage":0,"quantity":8,"date":"2026-02-06T11:19:51","plan":null}
[operation] answer {"demand":null,"operation":"weld SEDAN-BLK","quantity":4,"start":"2026-02-06T08:19:51","end":"2026-02-07T01:19:51"}
[operation] routing-answer {"demand":null,"operation":"build SEDAN-BLK","quantity":4,"start":"2026-02-06T08:19:51","end":"2026-02-08T05:00:00"}
[buffer] replenish {"buffer":"black sedan","iteration":0,"requested":4,"replenished":4,"producerDate":"2026-02-08T05:00:00","eventCountBefore":5,"eventCountAfter":6,"remaining":0}
[buffer] answer {"demand":null,"buffer":"black sedan","requested":4,"remainingShortage":0,"quantity":4,"date":"2026-02-08T05:00:00","plan":"OperationPlan"}
[operation] answer {"demand":"vehicle order 041 SEDAN-BLK","operation":"ship SEDAN-BLK","quantity":4,"start":"2026-02-08T05:00:00","end":"2026-02-08T08:00:00"}
[demand] reply {"demand":"vehicle order 041 SEDAN-BLK","attempt":1,"result":true,"quantity":4,"date":"2026-02-08T08:00:00"}
[demand] attempt {"demand":"vehicle order 002 SEDAN-WHT","attempt":1,"quantity":2,"requestDate":"2026-01-26T08:00:00","lastDate":"2030-12-31T00:00:00"}
[operation] ask {"demand":"vehicle order 002 SEDAN-WHT","operation":"ship SEDAN-WHT","quantity":2,"end":"2026-01-26T08:00:00"}
[buffer] ask {"demand":null,"buffer":"white sedan","requested":2,"date":"2026-01-26T05:00:00","onhand":0}
[buffer] shortage {"buffer":"white sedan","iteration":0,"date":"2026-01-26T05:00:00","onhand":-2,"shortage":2}
[operation] routing-ask {"demand":null,"operation":"build SEDAN-WHT","quantity":2,"operationPlanQuantity":2,"end":"2026-01-26T05:00:00","steps":["weld SEDAN-WHT","paint SEDAN-WHT","assemble SEDAN-WHT"]}
[operation] ask {"demand":null,"operation":"assemble SEDAN-WHT","quantity":2,"end":"2026-01-26T05:00:00"}
[resource] ask {"demand":null,"operation":"assemble SEDAN-WHT","resource":"assembly team east","start":"2026-01-25T11:51:26","end":"2026-01-26T05:00:00"}
[resource] candidate {"demand":null,"start":"2026-01-25T11:51:26","end":"2026-01-26T05:00:00","feasible":true}
[resource] ask {"demand":null,"operation":"assemble SEDAN-WHT","resource":"assembly team west","start":"2026-01-25T10:03:09","end":"2026-01-26T05:00:00"}
[resource] candidate {"demand":null,"start":"2026-01-25T10:03:09","end":"2026-01-26T05:00:00","feasible":true}
[resource] ask {"demand":null,"operation":"assemble SEDAN-WHT","resource":"assembly team flex","start":"2026-01-25T07:49:25","end":"2026-01-26T05:00:00"}
[resource] candidate {"demand":null,"start":"2026-01-25T07:49:25","end":"2026-01-26T05:00:00","feasible":true}
[resource] ask {"demand":null,"operation":"assemble SEDAN-WHT","resource":"assembly team east","start":"2026-01-25T11:51:26","end":"2026-01-26T05:00:00"}
[resource] candidate {"demand":null,"start":"2026-01-25T11:51:26","end":"2026-01-26T05:00:00","feasible":true}
[buffer] ask {"demand":null,"buffer":"powertrain","requested":2,"date":"2026-01-25T11:51:26","onhand":104}
[buffer] answer {"demand":null,"buffer":"powertrain","requested":2,"remainingShortage":0,"quantity":2,"date":"2026-01-25T11:51:26","plan":null}
[buffer] ask {"demand":null,"buffer":"electronics kit","requested":2,"date":"2026-01-25T11:51:26","onhand":119}
[buffer] answer {"demand":null,"buffer":"electronics kit","requested":2,"remainingShortage":0,"quantity":2,"date":"2026-01-25T11:51:26","plan":null}
[operation] answer {"demand":null,"operation":"assemble SEDAN-WHT","quantity":2,"start":"2026-01-25T11:51:26","end":"2026-01-26T05:00:00"}
[operation] ask {"demand":null,"operation":"paint SEDAN-WHT","quantity":2,"end":"2026-01-25T11:51:26"}
[resource] ask {"demand":null,"operation":"paint SEDAN-WHT","resource":"paint booth","start":"2026-01-24T22:23:01","end":"2026-01-25T11:51:26"}
[resource] candidate {"demand":null,"start":"2026-01-24T22:23:01","end":"2026-01-25T11:51:26","feasible":true}
[operation] answer {"demand":null,"operation":"paint SEDAN-WHT","quantity":2,"start":"2026-01-24T22:23:01","end":"2026-01-25T11:51:26"}
[operation] ask {"demand":null,"operation":"weld SEDAN-WHT","quantity":2,"end":"2026-01-24T22:23:01"}
[resource] ask {"demand":null,"operation":"weld SEDAN-WHT","resource":"body line A","start":"2026-01-24T08:23:01","end":"2026-01-24T22:23:01"}
[resource] candidate {"demand":null,"start":"2026-01-24T08:23:01","end":"2026-01-24T22:23:01","feasible":true}
[buffer] ask {"demand":null,"buffer":"automotive steel","requested":4,"date":"2026-01-24T08:23:01","onhand":178}
[buffer] answer {"demand":null,"buffer":"automotive steel","requested":4,"remainingShortage":0,"quantity":4,"date":"2026-01-24T08:23:01","plan":null}
[operation] answer {"demand":null,"operation":"weld SEDAN-WHT","quantity":2,"start":"2026-01-24T08:23:01","end":"2026-01-24T22:23:01"}
[operation] routing-answer {"demand":null,"operation":"build SEDAN-WHT","quantity":2,"start":"2026-01-24T08:23:01","end":"2026-01-26T05:00:00"}
[buffer] replenish {"buffer":"white sedan","iteration":0,"requested":2,"replenished":2,"producerDate":"2026-01-26T05:00:00","eventCountBefore":1,"eventCountAfter":2,"remaining":0}
[buffer] answer {"demand":null,"buffer":"white sedan","requested":2,"remainingShortage":0,"quantity":2,"date":"2026-01-26T05:00:00","plan":"OperationPlan"}
[operation] answer {"demand":"vehicle order 002 SEDAN-WHT","operation":"ship SEDAN-WHT","quantity":2,"start":"2026-01-26T05:00:00","end":"2026-01-26T08:00:00"}
[demand] reply {"demand":"vehicle order 002 SEDAN-WHT","attempt":1,"result":true,"quantity":2,"date":"2026-01-26T08:00:00"}
[demand] attempt {"demand":"vehicle order 012 SUV-RED","attempt":1,"quantity":2,"requestDate":"2026-01-29T16:00:00","lastDate":"2030-12-31T00:00:00"}
[operation] ask {"demand":"vehicle order 012 SUV-RED","operation":"ship SUV-RED","quantity":2,"end":"2026-01-29T16:00:00"}
[buffer] ask {"demand":null,"buffer":"red suv","requested":2,"date":"2026-01-29T13:00:00","onhand":0}
[buffer] shortage {"buffer":"red suv","iteration":0,"date":"2026-01-29T13:00:00","onhand":-2,"shortage":2}
[operation] routing-ask {"demand":null,"operation":"build SUV-RED","quantity":2,"operationPlanQuantity":2,"end":"2026-01-29T13:00:00","steps":["weld SUV-RED","paint SUV-RED","assemble SUV-RED"]}
[operation] ask {"demand":null,"operation":"assemble SUV-RED","quantity":2,"end":"2026-01-29T13:00:00"}
[resource] ask {"demand":null,"operation":"assemble SUV-RED","resource":"assembly team east","start":"2026-01-28T16:02:51","end":"2026-01-29T13:00:00"}
[resource] candidate {"demand":null,"start":"2026-01-28T16:02:51","end":"2026-01-29T13:00:00","feasible":true}
[resource] ask {"demand":null,"operation":"assemble SUV-RED","resource":"assembly team west","start":"2026-01-28T13:50:32","end":"2026-01-29T13:00:00"}
[resource] candidate {"demand":null,"start":"2026-01-28T13:50:32","end":"2026-01-29T13:00:00","feasible":true}
[resource] ask {"demand":null,"operation":"assemble SUV-RED","resource":"assembly team flex","start":"2026-01-28T11:07:04","end":"2026-01-29T13:00:00"}
[resource] candidate {"demand":null,"start":"2026-01-28T11:07:04","end":"2026-01-29T13:00:00","feasible":true}
[resource] ask {"demand":null,"operation":"assemble SUV-RED","resource":"assembly team east","start":"2026-01-28T16:02:51","end":"2026-01-29T13:00:00"}
[resource] candidate {"demand":null,"start":"2026-01-28T16:02:51","end":"2026-01-29T13:00:00","feasible":true}
[buffer] ask {"demand":null,"buffer":"powertrain","requested":2,"date":"2026-01-28T16:02:51","onhand":98}
[buffer] answer {"demand":null,"buffer":"powertrain","requested":2,"remainingShortage":0,"quantity":2,"date":"2026-01-28T16:02:51","plan":null}
[buffer] ask {"demand":null,"buffer":"electronics kit","requested":2,"date":"2026-01-28T16:02:51","onhand":113}
[buffer] answer {"demand":null,"buffer":"electronics kit","requested":2,"remainingShortage":0,"quantity":2,"date":"2026-01-28T16:02:51","plan":null}
[operation] answer {"demand":null,"operation":"assemble SUV-RED","quantity":2,"start":"2026-01-28T16:02:51","end":"2026-01-29T13:00:00"}
[operation] ask {"demand":null,"operation":"paint SUV-RED","quantity":2,"end":"2026-01-28T16:02:51"}
[resource] ask {"demand":null,"operation":"paint SUV-RED","resource":"paint booth","start":"2026-01-28T01:21:48","end":"2026-01-28T16:02:51"}
[resource] candidate {"demand":null,"start":"2026-01-28T01:21:48","end":"2026-01-28T16:02:51","feasible":true}
[operation] answer {"demand":null,"operation":"paint SUV-RED","quantity":2,"start":"2026-01-28T01:21:48","end":"2026-01-28T16:02:51"}
[operation] ask {"demand":null,"operation":"weld SUV-RED","quantity":2,"end":"2026-01-28T01:21:48"}
[resource] ask {"demand":null,"operation":"weld SUV-RED","resource":"body line A","start":"2026-01-27T07:21:48","end":"2026-01-28T01:21:48"}
[resource] candidate {"demand":null,"start":"2026-01-27T07:21:48","end":"2026-01-28T01:21:48","feasible":true}
[buffer] ask {"demand":null,"buffer":"automotive steel","requested":6,"date":"2026-01-27T07:21:48","onhand":162}
[buffer] answer {"demand":null,"buffer":"automotive steel","requested":6,"remainingShortage":0,"quantity":6,"date":"2026-01-27T07:21:48","plan":null}
[operation] answer {"demand":null,"operation":"weld SUV-RED","quantity":2,"start":"2026-01-27T07:21:48","end":"2026-01-28T01:21:48"}
[operation] routing-answer {"demand":null,"operation":"build SUV-RED","quantity":2,"start":"2026-01-27T07:21:48","end":"2026-01-29T13:00:00"}
[buffer] replenish {"buffer":"red suv","iteration":0,"requested":2,"replenished":2,"producerDate":"2026-01-29T13:00:00","eventCountBefore":1,"eventCountAfter":2,"remaining":0}
[buffer] answer {"demand":null,"buffer":"red suv","requested":2,"remainingShortage":0,"quantity":2,"date":"2026-01-29T13:00:00","plan":"OperationPlan"}
[operation] answer {"demand":"vehicle order 012 SUV-RED","operation":"ship SUV-RED","quantity":2,"start":"2026-01-29T13:00:00","end":"2026-01-29T16:00:00"}
[demand] reply {"demand":"vehicle order 012 SUV-RED","attempt":1,"result":true,"quantity":2,"date":"2026-01-29T16:00:00"}
[demand] attempt {"demand":"vehicle order 022 SEDAN-WHT","attempt":1,"quantity":1,"requestDate":"2026-02-02T00:00:00","lastDate":"2030-12-31T00:00:00"}
[operation] ask {"demand":"vehicle order 022 SEDAN-WHT","operation":"ship SEDAN-WHT","quantity":1,"end":"2026-02-02T00:00:00"}
[buffer] ask {"demand":null,"buffer":"white sedan","requested":1,"date":"2026-02-01T21:00:00","onhand":2}
[buffer] shortage {"buffer":"white sedan","iteration":0,"date":"2026-02-01T21:00:00","onhand":-1,"shortage":1}
[operation] routing-ask {"demand":null,"operation":"build SEDAN-WHT","quantity":1,"operationPlanQuantity":1,"end":"2026-02-01T21:00:00","steps":["weld SEDAN-WHT","paint SEDAN-WHT","assemble SEDAN-WHT"]}
[operation] ask {"demand":null,"operation":"assemble SEDAN-WHT","quantity":1,"end":"2026-02-01T21:00:00"}
[resource] ask {"demand":null,"operation":"assemble SEDAN-WHT","resource":"assembly team east","start":"2026-02-01T03:51:26","end":"2026-02-01T21:00:00"}
[resource] candidate {"demand":null,"start":"2026-02-01T03:51:26","end":"2026-02-01T21:00:00","feasible":true}
[resource] ask {"demand":null,"operation":"assemble SEDAN-WHT","resource":"assembly team west","start":"2026-02-01T02:03:09","end":"2026-02-01T21:00:00"}
[resource] candidate {"demand":null,"start":"2026-02-01T02:03:09","end":"2026-02-01T21:00:00","feasible":true}
[resource] ask {"demand":null,"operation":"assemble SEDAN-WHT","resource":"assembly team flex","start":"2026-01-31T23:49:25","end":"2026-02-01T21:00:00"}
[resource] candidate {"demand":null,"start":"2026-01-31T23:49:25","end":"2026-02-01T21:00:00","feasible":true}
[resource] ask {"demand":null,"operation":"assemble SEDAN-WHT","resource":"assembly team east","start":"2026-02-01T03:51:26","end":"2026-02-01T21:00:00"}
[resource] candidate {"demand":null,"start":"2026-02-01T03:51:26","end":"2026-02-01T21:00:00","feasible":true}
[buffer] ask {"demand":null,"buffer":"powertrain","requested":1,"date":"2026-02-01T03:51:26","onhand":93}
[buffer] answer {"demand":null,"buffer":"powertrain","requested":1,"remainingShortage":0,"quantity":1,"date":"2026-02-01T03:51:26","plan":null}
[buffer] ask {"demand":null,"buffer":"electronics kit","requested":1,"date":"2026-02-01T03:51:26","onhand":108}
[buffer] answer {"demand":null,"buffer":"electronics kit","requested":1,"remainingShortage":0,"quantity":1,"date":"2026-02-01T03:51:26","plan":null}
[operation] answer {"demand":null,"operation":"assemble SEDAN-WHT","quantity":1,"start":"2026-02-01T03:51:26","end":"2026-02-01T21:00:00"}
[operation] ask {"demand":null,"operation":"paint SEDAN-WHT","quantity":1,"end":"2026-02-01T03:51:26"}
[resource] ask {"demand":null,"operation":"paint SEDAN-WHT","resource":"paint booth","start":"2026-01-31T14:23:01","end":"2026-02-01T03:51:26"}
[resource] candidate {"demand":null,"start":"2026-01-31T14:23:01","end":"2026-02-01T03:51:26","feasible":true}
[operation] answer {"demand":null,"operation":"paint SEDAN-WHT","quantity":1,"start":"2026-01-31T14:23:01","end":"2026-02-01T03:51:26"}
[operation] ask {"demand":null,"operation":"weld SEDAN-WHT","quantity":1,"end":"2026-01-31T14:23:01"}
[resource] ask {"demand":null,"operation":"weld SEDAN-WHT","resource":"body line A","start":"2026-01-31T00:23:01","end":"2026-01-31T14:23:01"}
[resource] candidate {"demand":null,"start":"2026-01-31T00:23:01","end":"2026-01-31T14:23:01","feasible":true}
[buffer] ask {"demand":null,"buffer":"automotive steel","requested":2,"date":"2026-01-31T00:23:01","onhand":150}
[buffer] answer {"demand":null,"buffer":"automotive steel","requested":2,"remainingShortage":0,"quantity":2,"date":"2026-01-31T00:23:01","plan":null}
[operation] answer {"demand":null,"operation":"weld SEDAN-WHT","quantity":1,"start":"2026-01-31T00:23:01","end":"2026-01-31T14:23:01"}
[operation] routing-answer {"demand":null,"operation":"build SEDAN-WHT","quantity":1,"start":"2026-01-31T00:23:01","end":"2026-02-01T21:00:00"}
[buffer] replenish {"buffer":"white sedan","iteration":0,"requested":1,"replenished":1,"producerDate":"2026-02-01T21:00:00","eventCountBefore":3,"eventCountAfter":4,"remaining":0}
[buffer] answer {"demand":null,"buffer":"white sedan","requested":1,"remainingShortage":0,"quantity":1,"date":"2026-02-01T21:00:00","plan":"OperationPlan"}
[operation] answer {"demand":"vehicle order 022 SEDAN-WHT","operation":"ship SEDAN-WHT","quantity":1,"start":"2026-02-01T21:00:00","end":"2026-02-02T00:00:00"}
[demand] reply {"demand":"vehicle order 022 SEDAN-WHT","attempt":1,"result":true,"quantity":1,"date":"2026-02-02T00:00:00"}
[demand] attempt {"demand":"vehicle order 032 SUV-RED","attempt":1,"quantity":2,"requestDate":"2026-02-05T08:00:00","lastDate":"2030-12-31T00:00:00"}
[operation] ask {"demand":"vehicle order 032 SUV-RED","operation":"ship SUV-RED","quantity":2,"end":"2026-02-05T08:00:00"}
[buffer] ask {"demand":null,"buffer":"red suv","requested":2,"date":"2026-02-05T05:00:00","onhand":2}
[buffer] shortage {"buffer":"red suv","iteration":0,"date":"2026-02-05T05:00:00","onhand":-2,"shortage":2}
[operation] routing-ask {"demand":null,"operation":"build SUV-RED","quantity":2,"operationPlanQuantity":2,"end":"2026-02-05T05:00:00","steps":["weld SUV-RED","paint SUV-RED","assemble SUV-RED"]}
[operation] ask {"demand":null,"operation":"assemble SUV-RED","quantity":2,"end":"2026-02-05T05:00:00"}
[resource] ask {"demand":null,"operation":"assemble SUV-RED","resource":"assembly team east","start":"2026-02-04T08:02:51","end":"2026-02-05T05:00:00"}
[resource] candidate {"demand":null,"start":"2026-02-04T08:02:51","end":"2026-02-05T05:00:00","feasible":true}
[resource] ask {"demand":null,"operation":"assemble SUV-RED","resource":"assembly team west","start":"2026-02-04T05:50:32","end":"2026-02-05T05:00:00"}
[resource] candidate {"demand":null,"start":"2026-02-04T05:50:32","end":"2026-02-05T05:00:00","feasible":true}
[resource] ask {"demand":null,"operation":"assemble SUV-RED","resource":"assembly team flex","start":"2026-02-04T03:07:04","end":"2026-02-05T05:00:00"}
[resource] candidate {"demand":null,"start":"2026-02-04T03:07:04","end":"2026-02-05T05:00:00","feasible":true}
[resource] ask {"demand":null,"operation":"assemble SUV-RED","resource":"assembly team east","start":"2026-02-04T08:02:51","end":"2026-02-05T05:00:00"}
[resource] candidate {"demand":null,"start":"2026-02-04T08:02:51","end":"2026-02-05T05:00:00","feasible":true}
[buffer] ask {"demand":null,"buffer":"powertrain","requested":2,"date":"2026-02-04T08:02:51","onhand":91}
[buffer] answer {"demand":null,"buffer":"powertrain","requested":2,"remainingShortage":0,"quantity":2,"date":"2026-02-04T08:02:51","plan":null}
[buffer] ask {"demand":null,"buffer":"electronics kit","requested":2,"date":"2026-02-04T08:02:51","onhand":106}
[buffer] answer {"demand":null,"buffer":"electronics kit","requested":2,"remainingShortage":0,"quantity":2,"date":"2026-02-04T08:02:51","plan":null}
[operation] answer {"demand":null,"operation":"assemble SUV-RED","quantity":2,"start":"2026-02-04T08:02:51","end":"2026-02-05T05:00:00"}
[operation] ask {"demand":null,"operation":"paint SUV-RED","quantity":2,"end":"2026-02-04T08:02:51"}
[resource] ask {"demand":null,"operation":"paint SUV-RED","resource":"paint booth","start":"2026-02-03T17:21:48","end":"2026-02-04T08:02:51"}
[resource] candidate {"demand":null,"start":"2026-02-03T17:21:48","end":"2026-02-04T08:02:51","feasible":true}
[operation] answer {"demand":null,"operation":"paint SUV-RED","quantity":2,"start":"2026-02-03T17:21:48","end":"2026-02-04T08:02:51"}
[operation] ask {"demand":null,"operation":"weld SUV-RED","quantity":2,"end":"2026-02-03T17:21:48"}
[resource] ask {"demand":null,"operation":"weld SUV-RED","resource":"body line A","start":"2026-02-02T23:21:48","end":"2026-02-03T17:21:48"}
[resource] candidate {"demand":null,"start":"2026-02-02T23:21:48","end":"2026-02-03T17:21:48","feasible":true}
[buffer] ask {"demand":null,"buffer":"automotive steel","requested":6,"date":"2026-02-02T23:21:48","onhand":145}
[buffer] answer {"demand":null,"buffer":"automotive steel","requested":6,"remainingShortage":0,"quantity":6,"date":"2026-02-02T23:21:48","plan":null}
[operation] answer {"demand":null,"operation":"weld SUV-RED","quantity":2,"start":"2026-02-02T23:21:48","end":"2026-02-03T17:21:48"}
[operation] routing-answer {"demand":null,"operation":"build SUV-RED","quantity":2,"start":"2026-02-02T23:21:48","end":"2026-02-05T05:00:00"}
[buffer] replenish {"buffer":"red suv","iteration":0,"requested":2,"replenished":2,"producerDate":"2026-02-05T05:00:00","eventCountBefore":3,"eventCountAfter":4,"remaining":0}
[buffer] answer {"demand":null,"buffer":"red suv","requested":2,"remainingShortage":0,"quantity":2,"date":"2026-02-05T05:00:00","plan":"OperationPlan"}
[operation] answer {"demand":"vehicle order 032 SUV-RED","operation":"ship SUV-RED","quantity":2,"start":"2026-02-05T05:00:00","end":"2026-02-05T08:00:00"}
[demand] reply {"demand":"vehicle order 032 SUV-RED","attempt":1,"result":true,"quantity":2,"date":"2026-02-05T08:00:00"}
[demand] attempt {"demand":"vehicle order 042 SEDAN-WHT","attempt":1,"quantity":2,"requestDate":"2026-02-08T16:00:00","lastDate":"2030-12-31T00:00:00"}
[operation] ask {"demand":"vehicle order 042 SEDAN-WHT","operation":"ship SEDAN-WHT","quantity":2,"end":"2026-02-08T16:00:00"}
[buffer] ask {"demand":null,"buffer":"white sedan","requested":2,"date":"2026-02-08T13:00:00","onhand":1}
[buffer] shortage {"buffer":"white sedan","iteration":0,"date":"2026-02-08T13:00:00","onhand":-2,"shortage":2}
[operation] routing-ask {"demand":null,"operation":"build SEDAN-WHT","quantity":2,"operationPlanQuantity":2,"end":"2026-02-08T13:00:00","steps":["weld SEDAN-WHT","paint SEDAN-WHT","assemble SEDAN-WHT"]}
[operation] ask {"demand":null,"operation":"assemble SEDAN-WHT","quantity":2,"end":"2026-02-08T13:00:00"}
[resource] ask {"demand":null,"operation":"assemble SEDAN-WHT","resource":"assembly team east","start":"2026-02-07T19:51:26","end":"2026-02-08T13:00:00"}
[resource] candidate {"demand":null,"start":"2026-02-07T19:51:26","end":"2026-02-08T13:00:00","feasible":true}
[resource] ask {"demand":null,"operation":"assemble SEDAN-WHT","resource":"assembly team west","start":"2026-02-07T18:03:09","end":"2026-02-08T13:00:00"}
[resource] candidate {"demand":null,"start":"2026-02-07T18:03:09","end":"2026-02-08T13:00:00","feasible":true}
[resource] ask {"demand":null,"operation":"assemble SEDAN-WHT","resource":"assembly team flex","start":"2026-02-07T15:49:25","end":"2026-02-08T13:00:00"}
[resource] candidate {"demand":null,"start":"2026-02-07T15:49:25","end":"2026-02-08T13:00:00","feasible":true}
[resource] ask {"demand":null,"operation":"assemble SEDAN-WHT","resource":"assembly team east","start":"2026-02-07T19:51:26","end":"2026-02-08T13:00:00"}
[resource] candidate {"demand":null,"start":"2026-02-07T19:51:26","end":"2026-02-08T13:00:00","feasible":true}
[buffer] ask {"demand":null,"buffer":"powertrain","requested":2,"date":"2026-02-07T19:51:26","onhand":85}
[buffer] answer {"demand":null,"buffer":"powertrain","requested":2,"remainingShortage":0,"quantity":2,"date":"2026-02-07T19:51:26","plan":null}
[buffer] ask {"demand":null,"buffer":"electronics kit","requested":2,"date":"2026-02-07T19:51:26","onhand":100}
[buffer] answer {"demand":null,"buffer":"electronics kit","requested":2,"remainingShortage":0,"quantity":2,"date":"2026-02-07T19:51:26","plan":null}
[operation] answer {"demand":null,"operation":"assemble SEDAN-WHT","quantity":2,"start":"2026-02-07T19:51:26","end":"2026-02-08T13:00:00"}
[operation] ask {"demand":null,"operation":"paint SEDAN-WHT","quantity":2,"end":"2026-02-07T19:51:26"}
[resource] ask {"demand":null,"operation":"paint SEDAN-WHT","resource":"paint booth","start":"2026-02-07T06:23:01","end":"2026-02-07T19:51:26"}
[resource] candidate {"demand":null,"start":"2026-02-07T06:23:01","end":"2026-02-07T19:51:26","feasible":true}
[operation] answer {"demand":null,"operation":"paint SEDAN-WHT","quantity":2,"start":"2026-02-07T06:23:01","end":"2026-02-07T19:51:26"}
[operation] ask {"demand":null,"operation":"weld SEDAN-WHT","quantity":2,"end":"2026-02-07T06:23:01"}
[resource] ask {"demand":null,"operation":"weld SEDAN-WHT","resource":"body line A","start":"2026-02-06T16:23:01","end":"2026-02-07T06:23:01"}
[resource] candidate {"demand":null,"start":"2026-02-06T16:23:01","end":"2026-02-07T06:23:01","feasible":true}
[buffer] ask {"demand":null,"buffer":"automotive steel","requested":4,"date":"2026-02-06T16:23:01","onhand":131}
[buffer] answer {"demand":null,"buffer":"automotive steel","requested":4,"remainingShortage":0,"quantity":4,"date":"2026-02-06T16:23:01","plan":null}
[operation] answer {"demand":null,"operation":"weld SEDAN-WHT","quantity":2,"start":"2026-02-06T16:23:01","end":"2026-02-07T06:23:01"}
[operation] routing-answer {"demand":null,"operation":"build SEDAN-WHT","quantity":2,"start":"2026-02-06T16:23:01","end":"2026-02-08T13:00:00"}
[buffer] replenish {"buffer":"white sedan","iteration":0,"requested":2,"replenished":2,"producerDate":"2026-02-08T13:00:00","eventCountBefore":5,"eventCountAfter":6,"remaining":0}
[buffer] answer {"demand":null,"buffer":"white sedan","requested":2,"remainingShortage":0,"quantity":2,"date":"2026-02-08T13:00:00","plan":"OperationPlan"}
[operation] answer {"demand":"vehicle order 042 SEDAN-WHT","operation":"ship SEDAN-WHT","quantity":2,"start":"2026-02-08T13:00:00","end":"2026-02-08T16:00:00"}
[demand] reply {"demand":"vehicle order 042 SEDAN-WHT","attempt":1,"result":true,"quantity":2,"date":"2026-02-08T16:00:00"}
[demand] attempt {"demand":"vehicle order 003 SUV-BLK","attempt":1,"quantity":3,"requestDate":"2026-01-26T16:00:00","lastDate":"2030-12-31T00:00:00"}
[operation] ask {"demand":"vehicle order 003 SUV-BLK","operation":"ship SUV-BLK","quantity":3,"end":"2026-01-26T16:00:00"}
[buffer] ask {"demand":null,"buffer":"black suv","requested":3,"date":"2026-01-26T13:00:00","onhand":0}
[buffer] shortage {"buffer":"black suv","iteration":0,"date":"2026-01-26T13:00:00","onhand":-3,"shortage":3}
[operation] routing-ask {"demand":null,"operation":"build SUV-BLK","quantity":3,"operationPlanQuantity":3,"end":"2026-01-26T13:00:00","steps":["weld SUV-BLK","paint SUV-BLK","assemble SUV-BLK"]}
[operation] ask {"demand":null,"operation":"assemble SUV-BLK","quantity":3,"end":"2026-01-26T13:00:00"}
[resource] ask {"demand":null,"operation":"assemble SUV-BLK","resource":"assembly team east","start":"2026-01-25T16:02:51","end":"2026-01-26T13:00:00"}
[resource] candidate {"demand":null,"start":"2026-01-25T16:02:51","end":"2026-01-26T13:00:00","feasible":true}
[resource] ask {"demand":null,"operation":"assemble SUV-BLK","resource":"assembly team west","start":"2026-01-25T13:50:32","end":"2026-01-26T13:00:00"}
[resource] candidate {"demand":null,"start":"2026-01-25T13:50:32","end":"2026-01-26T13:00:00","feasible":true}
[resource] ask {"demand":null,"operation":"assemble SUV-BLK","resource":"assembly team flex","start":"2026-01-25T11:07:04","end":"2026-01-26T13:00:00"}
[resource] candidate {"demand":null,"start":"2026-01-25T11:07:04","end":"2026-01-26T13:00:00","feasible":true}
[resource] ask {"demand":null,"operation":"assemble SUV-BLK","resource":"assembly team east","start":"2026-01-25T16:02:51","end":"2026-01-26T13:00:00"}
[resource] candidate {"demand":null,"start":"2026-01-25T16:02:51","end":"2026-01-26T13:00:00","feasible":true}
[buffer] ask {"demand":null,"buffer":"powertrain","requested":3,"date":"2026-01-25T16:02:51","onhand":102}
[buffer] answer {"demand":null,"buffer":"powertrain","requested":3,"remainingShortage":0,"quantity":3,"date":"2026-01-25T16:02:51","plan":null}
[buffer] ask {"demand":null,"buffer":"electronics kit","requested":3,"date":"2026-01-25T16:02:51","onhand":117}
[buffer] answer {"demand":null,"buffer":"electronics kit","requested":3,"remainingShortage":0,"quantity":3,"date":"2026-01-25T16:02:51","plan":null}
[operation] answer {"demand":null,"operation":"assemble SUV-BLK","quantity":3,"start":"2026-01-25T16:02:51","end":"2026-01-26T13:00:00"}
[operation] ask {"demand":null,"operation":"paint SUV-BLK","quantity":3,"end":"2026-01-25T16:02:51"}
[resource] ask {"demand":null,"operation":"paint SUV-BLK","resource":"paint booth","start":"2026-01-25T02:24:57","end":"2026-01-25T16:02:51"}
[resource] candidate {"demand":null,"start":"2026-01-25T02:24:57","end":"2026-01-25T16:02:51","feasible":true}
[operation] answer {"demand":null,"operation":"paint SUV-BLK","quantity":3,"start":"2026-01-25T02:24:57","end":"2026-01-25T16:02:51"}
[operation] ask {"demand":null,"operation":"weld SUV-BLK","quantity":3,"end":"2026-01-25T02:24:57"}
[resource] ask {"demand":null,"operation":"weld SUV-BLK","resource":"body line A","start":"2026-01-24T04:24:57","end":"2026-01-25T02:24:57"}
[resource] candidate {"demand":null,"start":"2026-01-24T04:24:57","end":"2026-01-25T02:24:57","feasible":true}
[buffer] ask {"demand":null,"buffer":"automotive steel","requested":9,"date":"2026-01-24T08:24:57","onhand":174}
[buffer] answer {"demand":null,"buffer":"automotive steel","requested":9,"remainingShortage":0,"quantity":9,"date":"2026-01-24T08:24:57","plan":null}
[operation] answer {"demand":null,"operation":"weld SUV-BLK","quantity":3,"start":"2026-01-24T04:24:57","end":"2026-01-25T02:24:57"}
[operation] routing-answer {"demand":null,"operation":"build SUV-BLK","quantity":3,"start":"2026-01-24T04:24:57","end":"2026-01-26T13:00:00"}
[buffer] replenish {"buffer":"black suv","iteration":0,"requested":3,"replenished":3,"producerDate":"2026-01-26T13:00:00","eventCountBefore":5,"eventCountAfter":6,"remaining":0}
[buffer] answer {"demand":null,"buffer":"black suv","requested":3,"remainingShortage":0,"quantity":3,"date":"2026-01-26T13:00:00","plan":"OperationPlan"}
[operation] answer {"demand":"vehicle order 003 SUV-BLK","operation":"ship SUV-BLK","quantity":3,"start":"2026-01-26T13:00:00","end":"2026-01-26T16:00:00"}
[demand] reply {"demand":"vehicle order 003 SUV-BLK","attempt":1,"result":true,"quantity":3,"date":"2026-01-26T16:00:00"}
[demand] attempt {"demand":"vehicle order 013 SEDAN-BLK","attempt":1,"quantity":1,"requestDate":"2026-01-30T00:00:00","lastDate":"2030-12-31T00:00:00"}
[operation] ask {"demand":"vehicle order 013 SEDAN-BLK","operation":"ship SEDAN-BLK","quantity":1,"end":"2026-01-30T00:00:00"}
[buffer] ask {"demand":null,"buffer":"black sedan","requested":1,"date":"2026-01-29T21:00:00","onhand":1}
[buffer] shortage {"buffer":"black sedan","iteration":0,"date":"2026-01-29T21:00:00","onhand":-1,"shortage":1}
[operation] routing-ask {"demand":null,"operation":"build SEDAN-BLK","quantity":1,"operationPlanQuantity":1,"end":"2026-01-29T21:00:00","steps":["weld SEDAN-BLK","paint SEDAN-BLK","assemble SEDAN-BLK"]}
[operation] ask {"demand":null,"operation":"assemble SEDAN-BLK","quantity":1,"end":"2026-01-29T21:00:00"}
[resource] ask {"demand":null,"operation":"assemble SEDAN-BLK","resource":"assembly team east","start":"2026-01-29T03:51:26","end":"2026-01-29T21:00:00"}
[resource] candidate {"demand":null,"start":"2026-01-29T03:51:26","end":"2026-01-29T21:00:00","feasible":true}
[resource] ask {"demand":null,"operation":"assemble SEDAN-BLK","resource":"assembly team west","start":"2026-01-29T02:03:09","end":"2026-01-29T21:00:00"}
[resource] candidate {"demand":null,"start":"2026-01-29T02:03:09","end":"2026-01-29T21:00:00","feasible":true}
[resource] ask {"demand":null,"operation":"assemble SEDAN-BLK","resource":"assembly team flex","start":"2026-01-28T23:49:25","end":"2026-01-29T21:00:00"}
[resource] candidate {"demand":null,"start":"2026-01-28T23:49:25","end":"2026-01-29T21:00:00","feasible":true}
[resource] ask {"demand":null,"operation":"assemble SEDAN-BLK","resource":"assembly team east","start":"2026-01-29T03:51:26","end":"2026-01-29T21:00:00"}
[resource] candidate {"demand":null,"start":"2026-01-29T03:51:26","end":"2026-01-29T21:00:00","feasible":true}
[buffer] ask {"demand":null,"buffer":"powertrain","requested":1,"date":"2026-01-29T03:51:26","onhand":93}
[buffer] answer {"demand":null,"buffer":"powertrain","requested":1,"remainingShortage":0,"quantity":1,"date":"2026-01-29T03:51:26","plan":null}
[buffer] ask {"demand":null,"buffer":"electronics kit","requested":1,"date":"2026-01-29T03:51:26","onhand":108}
[buffer] answer {"demand":null,"buffer":"electronics kit","requested":1,"remainingShortage":0,"quantity":1,"date":"2026-01-29T03:51:26","plan":null}
[operation] answer {"demand":null,"operation":"assemble SEDAN-BLK","quantity":1,"start":"2026-01-29T03:51:26","end":"2026-01-29T21:00:00"}
[operation] ask {"demand":null,"operation":"paint SEDAN-BLK","quantity":1,"end":"2026-01-29T03:51:26"}
[resource] ask {"demand":null,"operation":"paint SEDAN-BLK","resource":"paint booth","start":"2026-01-28T16:19:51","end":"2026-01-29T03:51:26"}
[resource] candidate {"demand":null,"start":"2026-01-28T16:19:51","end":"2026-01-29T03:51:26","feasible":true}
[operation] answer {"demand":null,"operation":"paint SEDAN-BLK","quantity":1,"start":"2026-01-28T16:19:51","end":"2026-01-29T03:51:26"}
[operation] ask {"demand":null,"operation":"weld SEDAN-BLK","quantity":1,"end":"2026-01-28T16:19:51"}
[resource] ask {"demand":null,"operation":"weld SEDAN-BLK","resource":"body line A","start":"2026-01-27T23:19:51","end":"2026-01-28T16:19:51"}
[resource] candidate {"demand":null,"start":"2026-01-27T23:19:51","end":"2026-01-28T16:19:51","feasible":true}
[buffer] ask {"demand":null,"buffer":"automotive steel","requested":2,"date":"2026-01-28T02:19:51","onhand":147}
[buffer] answer {"demand":null,"buffer":"automotive steel","requested":2,"remainingShortage":0,"quantity":2,"date":"2026-01-28T02:19:51","plan":null}
[operation] answer {"demand":null,"operation":"weld SEDAN-BLK","quantity":1,"start":"2026-01-27T23:19:51","end":"2026-01-28T16:19:51"}
[operation] routing-answer {"demand":null,"operation":"build SEDAN-BLK","quantity":1,"start":"2026-01-27T23:19:51","end":"2026-01-29T21:00:00"}
[buffer] replenish {"buffer":"black sedan","iteration":0,"requested":1,"replenished":1,"producerDate":"2026-01-29T21:00:00","eventCountBefore":7,"eventCountAfter":8,"remaining":0}
[buffer] answer {"demand":null,"buffer":"black sedan","requested":1,"remainingShortage":0,"quantity":1,"date":"2026-01-29T21:00:00","plan":"OperationPlan"}
[operation] answer {"demand":"vehicle order 013 SEDAN-BLK","operation":"ship SEDAN-BLK","quantity":1,"start":"2026-01-29T21:00:00","end":"2026-01-30T00:00:00"}
[demand] reply {"demand":"vehicle order 013 SEDAN-BLK","attempt":1,"result":true,"quantity":1,"date":"2026-01-30T00:00:00"}
[demand] attempt {"demand":"vehicle order 023 SUV-BLK","attempt":1,"quantity":4,"requestDate":"2026-02-02T08:00:00","lastDate":"2030-12-31T00:00:00"}
[operation] ask {"demand":"vehicle order 023 SUV-BLK","operation":"ship SUV-BLK","quantity":4,"end":"2026-02-02T08:00:00"}
[buffer] ask {"demand":null,"buffer":"black suv","requested":4,"date":"2026-02-02T05:00:00","onhand":4}
[buffer] shortage {"buffer":"black suv","iteration":0,"date":"2026-02-02T05:00:00","onhand":-4,"shortage":4}
[operation] routing-ask {"demand":null,"operation":"build SUV-BLK","quantity":4,"operationPlanQuantity":4,"end":"2026-02-02T05:00:00","steps":["weld SUV-BLK","paint SUV-BLK","assemble SUV-BLK"]}
[operation] ask {"demand":null,"operation":"assemble SUV-BLK","quantity":4,"end":"2026-02-02T05:00:00"}
[resource] ask {"demand":null,"operation":"assemble SUV-BLK","resource":"assembly team east","start":"2026-02-01T08:02:51","end":"2026-02-02T05:00:00"}
[resource] candidate {"demand":null,"start":"2026-02-01T08:02:51","end":"2026-02-02T05:00:00","feasible":true}
[resource] ask {"demand":null,"operation":"assemble SUV-BLK","resource":"assembly team west","start":"2026-02-01T05:50:32","end":"2026-02-02T05:00:00"}
[resource] candidate {"demand":null,"start":"2026-02-01T05:50:32","end":"2026-02-02T05:00:00","feasible":true}
[resource] ask {"demand":null,"operation":"assemble SUV-BLK","resource":"assembly team flex","start":"2026-02-01T03:07:04","end":"2026-02-02T05:00:00"}
[resource] candidate {"demand":null,"start":"2026-02-01T03:07:04","end":"2026-02-02T05:00:00","feasible":true}
[resource] ask {"demand":null,"operation":"assemble SUV-BLK","resource":"assembly team east","start":"2026-02-01T08:02:51","end":"2026-02-02T05:00:00"}
[resource] candidate {"demand":null,"start":"2026-02-01T08:02:51","end":"2026-02-02T05:00:00","feasible":true}
[buffer] ask {"demand":null,"buffer":"powertrain","requested":4,"date":"2026-02-01T08:02:51","onhand":88}
[buffer] answer {"demand":null,"buffer":"powertrain","requested":4,"remainingShortage":0,"quantity":4,"date":"2026-02-01T08:02:51","plan":null}
[buffer] ask {"demand":null,"buffer":"electronics kit","requested":4,"date":"2026-02-01T08:02:51","onhand":103}
[buffer] answer {"demand":null,"buffer":"electronics kit","requested":4,"remainingShortage":0,"quantity":4,"date":"2026-02-01T08:02:51","plan":null}
[operation] answer {"demand":null,"operation":"assemble SUV-BLK","quantity":4,"start":"2026-02-01T08:02:51","end":"2026-02-02T05:00:00"}
[operation] ask {"demand":null,"operation":"paint SUV-BLK","quantity":4,"end":"2026-02-01T08:02:51"}
[resource] ask {"demand":null,"operation":"paint SUV-BLK","resource":"paint booth","start":"2026-01-31T18:24:57","end":"2026-02-01T08:02:51"}
[resource] candidate {"demand":null,"start":"2026-01-31T18:24:57","end":"2026-02-01T08:02:51","feasible":true}
[operation] answer {"demand":null,"operation":"paint SUV-BLK","quantity":4,"start":"2026-01-31T18:24:57","end":"2026-02-01T08:02:51"}
[operation] ask {"demand":null,"operation":"weld SUV-BLK","quantity":4,"end":"2026-01-31T18:24:57"}
[resource] ask {"demand":null,"operation":"weld SUV-BLK","resource":"body line A","start":"2026-01-30T20:24:57","end":"2026-01-31T18:24:57"}
[resource] candidate {"demand":null,"start":"2026-01-30T20:24:57","end":"2026-01-31T18:24:57","feasible":true}
[buffer] ask {"demand":null,"buffer":"automotive steel","requested":12,"date":"2026-01-31T00:24:57","onhand":137}
[buffer] answer {"demand":null,"buffer":"automotive steel","requested":12,"remainingShortage":0,"quantity":12,"date":"2026-01-31T00:24:57","plan":null}
[operation] answer {"demand":null,"operation":"weld SUV-BLK","quantity":4,"start":"2026-01-30T20:24:57","end":"2026-01-31T18:24:57"}
[operation] routing-answer {"demand":null,"operation":"build SUV-BLK","quantity":4,"start":"2026-01-30T20:24:57","end":"2026-02-02T05:00:00"}
[buffer] replenish {"buffer":"black suv","iteration":0,"requested":4,"replenished":4,"producerDate":"2026-02-02T05:00:00","eventCountBefore":7,"eventCountAfter":8,"remaining":0}
[buffer] answer {"demand":null,"buffer":"black suv","requested":4,"remainingShortage":0,"quantity":4,"date":"2026-02-02T05:00:00","plan":"OperationPlan"}
[operation] answer {"demand":"vehicle order 023 SUV-BLK","operation":"ship SUV-BLK","quantity":4,"start":"2026-02-02T05:00:00","end":"2026-02-02T08:00:00"}
[demand] reply {"demand":"vehicle order 023 SUV-BLK","attempt":1,"result":true,"quantity":4,"date":"2026-02-02T08:00:00"}
[demand] attempt {"demand":"vehicle order 033 SEDAN-BLK","attempt":1,"quantity":3,"requestDate":"2026-02-05T16:00:00","lastDate":"2030-12-31T00:00:00"}
[operation] ask {"demand":"vehicle order 033 SEDAN-BLK","operation":"ship SEDAN-BLK","quantity":3,"end":"2026-02-05T16:00:00"}
[buffer] ask {"demand":null,"buffer":"black sedan","requested":3,"date":"2026-02-05T13:00:00","onhand":3}
[buffer] shortage {"buffer":"black sedan","iteration":0,"date":"2026-02-05T13:00:00","onhand":-3,"shortage":3}
[operation] routing-ask {"demand":null,"operation":"build SEDAN-BLK","quantity":3,"operationPlanQuantity":3,"end":"2026-02-05T13:00:00","steps":["weld SEDAN-BLK","paint SEDAN-BLK","assemble SEDAN-BLK"]}
[operation] ask {"demand":null,"operation":"assemble SEDAN-BLK","quantity":3,"end":"2026-02-05T13:00:00"}
[resource] ask {"demand":null,"operation":"assemble SEDAN-BLK","resource":"assembly team east","start":"2026-02-04T19:51:26","end":"2026-02-05T13:00:00"}
[resource] candidate {"demand":null,"start":"2026-02-04T19:51:26","end":"2026-02-05T13:00:00","feasible":true}
[resource] ask {"demand":null,"operation":"assemble SEDAN-BLK","resource":"assembly team west","start":"2026-02-04T18:03:09","end":"2026-02-05T13:00:00"}
[resource] candidate {"demand":null,"start":"2026-02-04T18:03:09","end":"2026-02-05T13:00:00","feasible":true}
[resource] ask {"demand":null,"operation":"assemble SEDAN-BLK","resource":"assembly team flex","start":"2026-02-04T15:49:25","end":"2026-02-05T13:00:00"}
[resource] candidate {"demand":null,"start":"2026-02-04T15:49:25","end":"2026-02-05T13:00:00","feasible":true}
[resource] ask {"demand":null,"operation":"assemble SEDAN-BLK","resource":"assembly team east","start":"2026-02-04T19:51:26","end":"2026-02-05T13:00:00"}
[resource] candidate {"demand":null,"start":"2026-02-04T19:51:26","end":"2026-02-05T13:00:00","feasible":true}
[buffer] ask {"demand":null,"buffer":"powertrain","requested":3,"date":"2026-02-04T19:51:26","onhand":81}
[buffer] answer {"demand":null,"buffer":"powertrain","requested":3,"remainingShortage":0,"quantity":3,"date":"2026-02-04T19:51:26","plan":null}
[buffer] ask {"demand":null,"buffer":"electronics kit","requested":3,"date":"2026-02-04T19:51:26","onhand":96}
[buffer] answer {"demand":null,"buffer":"electronics kit","requested":3,"remainingShortage":0,"quantity":3,"date":"2026-02-04T19:51:26","plan":null}
[operation] answer {"demand":null,"operation":"assemble SEDAN-BLK","quantity":3,"start":"2026-02-04T19:51:26","end":"2026-02-05T13:00:00"}
[operation] ask {"demand":null,"operation":"paint SEDAN-BLK","quantity":3,"end":"2026-02-04T19:51:26"}
[resource] ask {"demand":null,"operation":"paint SEDAN-BLK","resource":"paint booth","start":"2026-02-04T08:19:51","end":"2026-02-04T19:51:26"}
[resource] candidate {"demand":null,"start":"2026-02-04T08:19:51","end":"2026-02-04T19:51:26","feasible":true}
[operation] answer {"demand":null,"operation":"paint SEDAN-BLK","quantity":3,"start":"2026-02-04T08:19:51","end":"2026-02-04T19:51:26"}
[operation] ask {"demand":null,"operation":"weld SEDAN-BLK","quantity":3,"end":"2026-02-04T08:19:51"}
[resource] ask {"demand":null,"operation":"weld SEDAN-BLK","resource":"body line A","start":"2026-02-03T15:19:51","end":"2026-02-04T08:19:51"}
[resource] candidate {"demand":null,"start":"2026-02-03T15:19:51","end":"2026-02-04T08:19:51","feasible":true}
[buffer] ask {"demand":null,"buffer":"automotive steel","requested":6,"date":"2026-02-03T18:19:51","onhand":116}
[buffer] answer {"demand":null,"buffer":"automotive steel","requested":6,"remainingShortage":0,"quantity":6,"date":"2026-02-03T18:19:51","plan":null}
[operation] answer {"demand":null,"operation":"weld SEDAN-BLK","quantity":3,"start":"2026-02-03T15:19:51","end":"2026-02-04T08:19:51"}
[operation] routing-answer {"demand":null,"operation":"build SEDAN-BLK","quantity":3,"start":"2026-02-03T15:19:51","end":"2026-02-05T13:00:00"}
[buffer] replenish {"buffer":"black sedan","iteration":0,"requested":3,"replenished":3,"producerDate":"2026-02-05T13:00:00","eventCountBefore":9,"eventCountAfter":10,"remaining":0}
[buffer] answer {"demand":null,"buffer":"black sedan","requested":3,"remainingShortage":0,"quantity":3,"date":"2026-02-05T13:00:00","plan":"OperationPlan"}
[operation] answer {"demand":"vehicle order 033 SEDAN-BLK","operation":"ship SEDAN-BLK","quantity":3,"start":"2026-02-05T13:00:00","end":"2026-02-05T16:00:00"}
[demand] reply {"demand":"vehicle order 033 SEDAN-BLK","attempt":1,"result":true,"quantity":3,"date":"2026-02-05T16:00:00"}
[demand] attempt {"demand":"vehicle order 043 SUV-BLK","attempt":1,"quantity":1,"requestDate":"2026-02-09T00:00:00","lastDate":"2030-12-31T00:00:00"}
[operation] ask {"demand":"vehicle order 043 SUV-BLK","operation":"ship SUV-BLK","quantity":1,"end":"2026-02-09T00:00:00"}
[buffer] ask {"demand":null,"buffer":"black suv","requested":1,"date":"2026-02-08T21:00:00","onhand":1}
[buffer] shortage {"buffer":"black suv","iteration":0,"date":"2026-02-08T21:00:00","onhand":-1,"shortage":1}
[operation] routing-ask {"demand":null,"operation":"build SUV-BLK","quantity":1,"operationPlanQuantity":1,"end":"2026-02-08T21:00:00","steps":["weld SUV-BLK","paint SUV-BLK","assemble SUV-BLK"]}
[operation] ask {"demand":null,"operation":"assemble SUV-BLK","quantity":1,"end":"2026-02-08T21:00:00"}
[resource] ask {"demand":null,"operation":"assemble SUV-BLK","resource":"assembly team east","start":"2026-02-08T00:02:51","end":"2026-02-08T21:00:00"}
[resource] candidate {"demand":null,"start":"2026-02-08T00:02:51","end":"2026-02-08T21:00:00","feasible":true}
[resource] ask {"demand":null,"operation":"assemble SUV-BLK","resource":"assembly team west","start":"2026-02-07T21:50:32","end":"2026-02-08T21:00:00"}
[resource] candidate {"demand":null,"start":"2026-02-07T21:50:32","end":"2026-02-08T21:00:00","feasible":true}
[resource] ask {"demand":null,"operation":"assemble SUV-BLK","resource":"assembly team flex","start":"2026-02-07T19:07:04","end":"2026-02-08T21:00:00"}
[resource] candidate {"demand":null,"start":"2026-02-07T19:07:04","end":"2026-02-08T21:00:00","feasible":true}
[resource] ask {"demand":null,"operation":"assemble SUV-BLK","resource":"assembly team east","start":"2026-02-08T00:02:51","end":"2026-02-08T21:00:00"}
[resource] candidate {"demand":null,"start":"2026-02-08T00:02:51","end":"2026-02-08T21:00:00","feasible":true}
[buffer] ask {"demand":null,"buffer":"powertrain","requested":1,"date":"2026-02-08T00:02:51","onhand":72}
[buffer] answer {"demand":null,"buffer":"powertrain","requested":1,"remainingShortage":0,"quantity":1,"date":"2026-02-08T00:02:51","plan":null}
[buffer] ask {"demand":null,"buffer":"electronics kit","requested":1,"date":"2026-02-08T00:02:51","onhand":87}
[buffer] answer {"demand":null,"buffer":"electronics kit","requested":1,"remainingShortage":0,"quantity":1,"date":"2026-02-08T00:02:51","plan":null}
[operation] answer {"demand":null,"operation":"assemble SUV-BLK","quantity":1,"start":"2026-02-08T00:02:51","end":"2026-02-08T21:00:00"}
[operation] ask {"demand":null,"operation":"paint SUV-BLK","quantity":1,"end":"2026-02-08T00:02:51"}
[resource] ask {"demand":null,"operation":"paint SUV-BLK","resource":"paint booth","start":"2026-02-07T10:24:57","end":"2026-02-08T00:02:51"}
[resource] candidate {"demand":null,"start":"2026-02-07T10:24:57","end":"2026-02-08T00:02:51","feasible":true}
[operation] answer {"demand":null,"operation":"paint SUV-BLK","quantity":1,"start":"2026-02-07T10:24:57","end":"2026-02-08T00:02:51"}
[operation] ask {"demand":null,"operation":"weld SUV-BLK","quantity":1,"end":"2026-02-07T10:24:57"}
[resource] ask {"demand":null,"operation":"weld SUV-BLK","resource":"body line A","start":"2026-02-06T12:24:57","end":"2026-02-07T10:24:57"}
[resource] candidate {"demand":null,"start":"2026-02-06T12:24:57","end":"2026-02-07T10:24:57","feasible":true}
[buffer] ask {"demand":null,"buffer":"automotive steel","requested":3,"date":"2026-02-06T16:24:57","onhand":98}
[buffer] answer {"demand":null,"buffer":"automotive steel","requested":3,"remainingShortage":0,"quantity":3,"date":"2026-02-06T16:24:57","plan":null}
[operation] answer {"demand":null,"operation":"weld SUV-BLK","quantity":1,"start":"2026-02-06T12:24:57","end":"2026-02-07T10:24:57"}
[operation] routing-answer {"demand":null,"operation":"build SUV-BLK","quantity":1,"start":"2026-02-06T12:24:57","end":"2026-02-08T21:00:00"}
[buffer] replenish {"buffer":"black suv","iteration":0,"requested":1,"replenished":1,"producerDate":"2026-02-08T21:00:00","eventCountBefore":9,"eventCountAfter":10,"remaining":0}
[buffer] answer {"demand":null,"buffer":"black suv","requested":1,"remainingShortage":0,"quantity":1,"date":"2026-02-08T21:00:00","plan":"OperationPlan"}
[operation] answer {"demand":"vehicle order 043 SUV-BLK","operation":"ship SUV-BLK","quantity":1,"start":"2026-02-08T21:00:00","end":"2026-02-09T00:00:00"}
[demand] reply {"demand":"vehicle order 043 SUV-BLK","attempt":1,"result":true,"quantity":1,"date":"2026-02-09T00:00:00"}
[demand] attempt {"demand":"vehicle order 004 SUV-RED","attempt":1,"quantity":1,"requestDate":"2026-01-27T00:00:00","lastDate":"2030-12-31T00:00:00"}
[operation] ask {"demand":"vehicle order 004 SUV-RED","operation":"ship SUV-RED","quantity":1,"end":"2026-01-27T00:00:00"}
[buffer] ask {"demand":null,"buffer":"red suv","requested":1,"date":"2026-01-26T21:00:00","onhand":0}
[buffer] shortage {"buffer":"red suv","iteration":0,"date":"2026-01-26T21:00:00","onhand":-1,"shortage":1}
[operation] routing-ask {"demand":null,"operation":"build SUV-RED","quantity":1,"operationPlanQuantity":1,"end":"2026-01-26T21:00:00","steps":["weld SUV-RED","paint SUV-RED","assemble SUV-RED"]}
[operation] ask {"demand":null,"operation":"assemble SUV-RED","quantity":1,"end":"2026-01-26T21:00:00"}
[resource] ask {"demand":null,"operation":"assemble SUV-RED","resource":"assembly team east","start":"2026-01-26T00:02:51","end":"2026-01-26T21:00:00"}
[resource] candidate {"demand":null,"start":"2026-01-26T00:02:51","end":"2026-01-26T21:00:00","feasible":true}
[resource] ask {"demand":null,"operation":"assemble SUV-RED","resource":"assembly team west","start":"2026-01-25T21:50:32","end":"2026-01-26T21:00:00"}
[resource] candidate {"demand":null,"start":"2026-01-25T21:50:32","end":"2026-01-26T21:00:00","feasible":true}
[resource] ask {"demand":null,"operation":"assemble SUV-RED","resource":"assembly team flex","start":"2026-01-25T19:07:04","end":"2026-01-26T21:00:00"}
[resource] candidate {"demand":null,"start":"2026-01-25T19:07:04","end":"2026-01-26T21:00:00","feasible":true}
[resource] ask {"demand":null,"operation":"assemble SUV-RED","resource":"assembly team east","start":"2026-01-26T00:02:51","end":"2026-01-26T21:00:00"}
[resource] candidate {"demand":null,"start":"2026-01-26T00:02:51","end":"2026-01-26T21:00:00","feasible":true}
[buffer] ask {"demand":null,"buffer":"powertrain","requested":1,"date":"2026-01-26T00:02:51","onhand":99}
[buffer] answer {"demand":null,"buffer":"powertrain","requested":1,"remainingShortage":0,"quantity":1,"date":"2026-01-26T00:02:51","plan":null}
[buffer] ask {"demand":null,"buffer":"electronics kit","requested":1,"date":"2026-01-26T00:02:51","onhand":114}
[buffer] answer {"demand":null,"buffer":"electronics kit","requested":1,"remainingShortage":0,"quantity":1,"date":"2026-01-26T00:02:51","plan":null}
[operation] answer {"demand":null,"operation":"assemble SUV-RED","quantity":1,"start":"2026-01-26T00:02:51","end":"2026-01-26T21:00:00"}
[operation] ask {"demand":null,"operation":"paint SUV-RED","quantity":1,"end":"2026-01-26T00:02:51"}
[resource] ask {"demand":null,"operation":"paint SUV-RED","resource":"paint booth","start":"2026-01-25T09:21:48","end":"2026-01-26T00:02:51"}
[resource] candidate {"demand":null,"start":"2026-01-25T09:21:48","end":"2026-01-26T00:02:51","feasible":true}
[operation] answer {"demand":null,"operation":"paint SUV-RED","quantity":1,"start":"2026-01-25T09:21:48","end":"2026-01-26T00:02:51"}
[operation] ask {"demand":null,"operation":"weld SUV-RED","quantity":1,"end":"2026-01-25T09:21:48"}
[resource] ask {"demand":null,"operation":"weld SUV-RED","resource":"body line A","start":"2026-01-24T15:21:48","end":"2026-01-25T09:21:48"}
[resource] candidate {"demand":null,"start":"2026-01-24T15:21:48","end":"2026-01-25T09:21:48","feasible":true}
[buffer] ask {"demand":null,"buffer":"automotive steel","requested":3,"date":"2026-01-24T15:21:48","onhand":165}
[buffer] answer {"demand":null,"buffer":"automotive steel","requested":3,"remainingShortage":0,"quantity":3,"date":"2026-01-24T15:21:48","plan":null}
[operation] answer {"demand":null,"operation":"weld SUV-RED","quantity":1,"start":"2026-01-24T15:21:48","end":"2026-01-25T09:21:48"}
[operation] routing-answer {"demand":null,"operation":"build SUV-RED","quantity":1,"start":"2026-01-24T15:21:48","end":"2026-01-26T21:00:00"}
[buffer] replenish {"buffer":"red suv","iteration":0,"requested":1,"replenished":1,"producerDate":"2026-01-26T21:00:00","eventCountBefore":5,"eventCountAfter":6,"remaining":0}
[buffer] answer {"demand":null,"buffer":"red suv","requested":1,"remainingShortage":0,"quantity":1,"date":"2026-01-26T21:00:00","plan":"OperationPlan"}
[operation] answer {"demand":"vehicle order 004 SUV-RED","operation":"ship SUV-RED","quantity":1,"start":"2026-01-26T21:00:00","end":"2026-01-27T00:00:00"}
[demand] reply {"demand":"vehicle order 004 SUV-RED","attempt":1,"result":true,"quantity":1,"date":"2026-01-27T00:00:00"}
[demand] attempt {"demand":"vehicle order 014 SEDAN-WHT","attempt":1,"quantity":2,"requestDate":"2026-01-30T08:00:00","lastDate":"2030-12-31T00:00:00"}
[operation] ask {"demand":"vehicle order 014 SEDAN-WHT","operation":"ship SEDAN-WHT","quantity":2,"end":"2026-01-30T08:00:00"}
[buffer] ask {"demand":null,"buffer":"white sedan","requested":2,"date":"2026-01-30T05:00:00","onhand":2}
[buffer] shortage {"buffer":"white sedan","iteration":0,"date":"2026-01-30T05:00:00","onhand":-2,"shortage":2}
[operation] routing-ask {"demand":null,"operation":"build SEDAN-WHT","quantity":2,"operationPlanQuantity":2,"end":"2026-01-30T05:00:00","steps":["weld SEDAN-WHT","paint SEDAN-WHT","assemble SEDAN-WHT"]}
[operation] ask {"demand":null,"operation":"assemble SEDAN-WHT","quantity":2,"end":"2026-01-30T05:00:00"}
[resource] ask {"demand":null,"operation":"assemble SEDAN-WHT","resource":"assembly team east","start":"2026-01-29T11:51:26","end":"2026-01-30T05:00:00"}
[resource] candidate {"demand":null,"start":"2026-01-29T11:51:26","end":"2026-01-30T05:00:00","feasible":true}
[resource] ask {"demand":null,"operation":"assemble SEDAN-WHT","resource":"assembly team west","start":"2026-01-29T10:03:09","end":"2026-01-30T05:00:00"}
[resource] candidate {"demand":null,"start":"2026-01-29T10:03:09","end":"2026-01-30T05:00:00","feasible":true}
[resource] ask {"demand":null,"operation":"assemble SEDAN-WHT","resource":"assembly team flex","start":"2026-01-29T07:49:25","end":"2026-01-30T05:00:00"}
[resource] candidate {"demand":null,"start":"2026-01-29T07:49:25","end":"2026-01-30T05:00:00","feasible":true}
[resource] ask {"demand":null,"operation":"assemble SEDAN-WHT","resource":"assembly team east","start":"2026-01-29T11:51:26","end":"2026-01-30T05:00:00"}
[resource] candidate {"demand":null,"start":"2026-01-29T11:51:26","end":"2026-01-30T05:00:00","feasible":true}
[buffer] ask {"demand":null,"buffer":"powertrain","requested":2,"date":"2026-01-29T11:51:26","onhand":91}
[buffer] answer {"demand":null,"buffer":"powertrain","requested":2,"remainingShortage":0,"quantity":2,"date":"2026-01-29T11:51:26","plan":null}
[buffer] ask {"demand":null,"buffer":"electronics kit","requested":2,"date":"2026-01-29T11:51:26","onhand":106}
[buffer] answer {"demand":null,"buffer":"electronics kit","requested":2,"remainingShortage":0,"quantity":2,"date":"2026-01-29T11:51:26","plan":null}
[operation] answer {"demand":null,"operation":"assemble SEDAN-WHT","quantity":2,"start":"2026-01-29T11:51:26","end":"2026-01-30T05:00:00"}
[operation] ask {"demand":null,"operation":"paint SEDAN-WHT","quantity":2,"end":"2026-01-29T11:51:26"}
[resource] ask {"demand":null,"operation":"paint SEDAN-WHT","resource":"paint booth","start":"2026-01-28T22:23:01","end":"2026-01-29T11:51:26"}
[resource] candidate {"demand":null,"start":"2026-01-28T22:23:01","end":"2026-01-29T11:51:26","feasible":true}
[operation] answer {"demand":null,"operation":"paint SEDAN-WHT","quantity":2,"start":"2026-01-28T22:23:01","end":"2026-01-29T11:51:26"}
[operation] ask {"demand":null,"operation":"weld SEDAN-WHT","quantity":2,"end":"2026-01-28T22:23:01"}
[resource] ask {"demand":null,"operation":"weld SEDAN-WHT","resource":"body line A","start":"2026-01-28T08:23:01","end":"2026-01-28T22:23:01"}
[resource] candidate {"demand":null,"start":"2026-01-28T08:23:01","end":"2026-01-28T22:23:01","feasible":true}
[buffer] ask {"demand":null,"buffer":"automotive steel","requested":4,"date":"2026-01-28T08:23:01","onhand":142}
[buffer] answer {"demand":null,"buffer":"automotive steel","requested":4,"remainingShortage":0,"quantity":4,"date":"2026-01-28T08:23:01","plan":null}
[operation] answer {"demand":null,"operation":"weld SEDAN-WHT","quantity":2,"start":"2026-01-28T08:23:01","end":"2026-01-28T22:23:01"}
[operation] routing-answer {"demand":null,"operation":"build SEDAN-WHT","quantity":2,"start":"2026-01-28T08:23:01","end":"2026-01-30T05:00:00"}
[buffer] replenish {"buffer":"white sedan","iteration":0,"requested":2,"replenished":2,"producerDate":"2026-01-30T05:00:00","eventCountBefore":7,"eventCountAfter":8,"remaining":0}
[buffer] answer {"demand":null,"buffer":"white sedan","requested":2,"remainingShortage":0,"quantity":2,"date":"2026-01-30T05:00:00","plan":"OperationPlan"}
[operation] answer {"demand":"vehicle order 014 SEDAN-WHT","operation":"ship SEDAN-WHT","quantity":2,"start":"2026-01-30T05:00:00","end":"2026-01-30T08:00:00"}
[demand] reply {"demand":"vehicle order 014 SEDAN-WHT","attempt":1,"result":true,"quantity":2,"date":"2026-01-30T08:00:00"}
[demand] attempt {"demand":"vehicle order 024 SUV-RED","attempt":1,"quantity":2,"requestDate":"2026-02-02T16:00:00","lastDate":"2030-12-31T00:00:00"}
[operation] ask {"demand":"vehicle order 024 SUV-RED","operation":"ship SUV-RED","quantity":2,"end":"2026-02-02T16:00:00"}
[buffer] ask {"demand":null,"buffer":"red suv","requested":2,"date":"2026-02-02T13:00:00","onhand":2}
[buffer] shortage {"buffer":"red suv","iteration":0,"date":"2026-02-02T13:00:00","onhand":-2,"shortage":2}
[operation] routing-ask {"demand":null,"operation":"build SUV-RED","quantity":2,"operationPlanQuantity":2,"end":"2026-02-02T13:00:00","steps":["weld SUV-RED","paint SUV-RED","assemble SUV-RED"]}
[operation] ask {"demand":null,"operation":"assemble SUV-RED","quantity":2,"end":"2026-02-02T13:00:00"}
[resource] ask {"demand":null,"operation":"assemble SUV-RED","resource":"assembly team east","start":"2026-02-01T16:02:51","end":"2026-02-02T13:00:00"}
[resource] candidate {"demand":null,"start":"2026-02-01T16:02:51","end":"2026-02-02T13:00:00","feasible":true}
[resource] ask {"demand":null,"operation":"assemble SUV-RED","resource":"assembly team west","start":"2026-02-01T13:50:32","end":"2026-02-02T13:00:00"}
[resource] candidate {"demand":null,"start":"2026-02-01T13:50:32","end":"2026-02-02T13:00:00","feasible":true}
[resource] ask {"demand":null,"operation":"assemble SUV-RED","resource":"assembly team flex","start":"2026-02-01T11:07:04","end":"2026-02-02T13:00:00"}
[resource] candidate {"demand":null,"start":"2026-02-01T11:07:04","end":"2026-02-02T13:00:00","feasible":true}
[resource] ask {"demand":null,"operation":"assemble SUV-RED","resource":"assembly team east","start":"2026-02-01T16:02:51","end":"2026-02-02T13:00:00"}
[resource] candidate {"demand":null,"start":"2026-02-01T16:02:51","end":"2026-02-02T13:00:00","feasible":true}
[buffer] ask {"demand":null,"buffer":"powertrain","requested":2,"date":"2026-02-01T16:02:51","onhand":81}
[buffer] answer {"demand":null,"buffer":"powertrain","requested":2,"remainingShortage":0,"quantity":2,"date":"2026-02-01T16:02:51","plan":null}
[buffer] ask {"demand":null,"buffer":"electronics kit","requested":2,"date":"2026-02-01T16:02:51","onhand":96}
[buffer] answer {"demand":null,"buffer":"electronics kit","requested":2,"remainingShortage":0,"quantity":2,"date":"2026-02-01T16:02:51","plan":null}
[operation] answer {"demand":null,"operation":"assemble SUV-RED","quantity":2,"start":"2026-02-01T16:02:51","end":"2026-02-02T13:00:00"}
[operation] ask {"demand":null,"operation":"paint SUV-RED","quantity":2,"end":"2026-02-01T16:02:51"}
[resource] ask {"demand":null,"operation":"paint SUV-RED","resource":"paint booth","start":"2026-02-01T01:21:48","end":"2026-02-01T16:02:51"}
[resource] candidate {"demand":null,"start":"2026-02-01T01:21:48","end":"2026-02-01T16:02:51","feasible":true}
[operation] answer {"demand":null,"operation":"paint SUV-RED","quantity":2,"start":"2026-02-01T01:21:48","end":"2026-02-01T16:02:51"}
[operation] ask {"demand":null,"operation":"weld SUV-RED","quantity":2,"end":"2026-02-01T01:21:48"}
[resource] ask {"demand":null,"operation":"weld SUV-RED","resource":"body line A","start":"2026-01-31T07:21:48","end":"2026-02-01T01:21:48"}
[resource] candidate {"demand":null,"start":"2026-01-31T07:21:48","end":"2026-02-01T01:21:48","feasible":true}
[buffer] ask {"demand":null,"buffer":"automotive steel","requested":6,"date":"2026-01-31T07:21:48","onhand":118}
[buffer] answer {"demand":null,"buffer":"automotive steel","requested":6,"remainingShortage":0,"quantity":6,"date":"2026-01-31T07:21:48","plan":null}
[operation] answer {"demand":null,"operation":"weld SUV-RED","quantity":2,"start":"2026-01-31T07:21:48","end":"2026-02-01T01:21:48"}
[operation] routing-answer {"demand":null,"operation":"build SUV-RED","quantity":2,"start":"2026-01-31T07:21:48","end":"2026-02-02T13:00:00"}
[buffer] replenish {"buffer":"red suv","iteration":0,"requested":2,"replenished":2,"producerDate":"2026-02-02T13:00:00","eventCountBefore":7,"eventCountAfter":8,"remaining":0}
[buffer] answer {"demand":null,"buffer":"red suv","requested":2,"remainingShortage":0,"quantity":2,"date":"2026-02-02T13:00:00","plan":"OperationPlan"}
[operation] answer {"demand":"vehicle order 024 SUV-RED","operation":"ship SUV-RED","quantity":2,"start":"2026-02-02T13:00:00","end":"2026-02-02T16:00:00"}
[demand] reply {"demand":"vehicle order 024 SUV-RED","attempt":1,"result":true,"quantity":2,"date":"2026-02-02T16:00:00"}
[demand] attempt {"demand":"vehicle order 034 SEDAN-WHT","attempt":1,"quantity":1,"requestDate":"2026-02-06T00:00:00","lastDate":"2030-12-31T00:00:00"}
[operation] ask {"demand":"vehicle order 034 SEDAN-WHT","operation":"ship SEDAN-WHT","quantity":1,"end":"2026-02-06T00:00:00"}
[buffer] ask {"demand":null,"buffer":"white sedan","requested":1,"date":"2026-02-05T21:00:00","onhand":1}
[buffer] shortage {"buffer":"white sedan","iteration":0,"date":"2026-02-05T21:00:00","onhand":-1,"shortage":1}
[operation] routing-ask {"demand":null,"operation":"build SEDAN-WHT","quantity":1,"operationPlanQuantity":1,"end":"2026-02-05T21:00:00","steps":["weld SEDAN-WHT","paint SEDAN-WHT","assemble SEDAN-WHT"]}
[operation] ask {"demand":null,"operation":"assemble SEDAN-WHT","quantity":1,"end":"2026-02-05T21:00:00"}
[resource] ask {"demand":null,"operation":"assemble SEDAN-WHT","resource":"assembly team east","start":"2026-02-05T03:51:26","end":"2026-02-05T21:00:00"}
[resource] candidate {"demand":null,"start":"2026-02-05T03:51:26","end":"2026-02-05T21:00:00","feasible":true}
[resource] ask {"demand":null,"operation":"assemble SEDAN-WHT","resource":"assembly team west","start":"2026-02-05T02:03:09","end":"2026-02-05T21:00:00"}
[resource] candidate {"demand":null,"start":"2026-02-05T02:03:09","end":"2026-02-05T21:00:00","feasible":true}
[resource] ask {"demand":null,"operation":"assemble SEDAN-WHT","resource":"assembly team flex","start":"2026-02-04T23:49:25","end":"2026-02-05T21:00:00"}
[resource] candidate {"demand":null,"start":"2026-02-04T23:49:25","end":"2026-02-05T21:00:00","feasible":true}
[resource] ask {"demand":null,"operation":"assemble SEDAN-WHT","resource":"assembly team east","start":"2026-02-05T03:51:26","end":"2026-02-05T21:00:00"}
[resource] candidate {"demand":null,"start":"2026-02-05T03:51:26","end":"2026-02-05T21:00:00","feasible":true}
[buffer] ask {"demand":null,"buffer":"powertrain","requested":1,"date":"2026-02-05T03:51:26","onhand":73}
[buffer] answer {"demand":null,"buffer":"powertrain","requested":1,"remainingShortage":0,"quantity":1,"date":"2026-02-05T03:51:26","plan":null}
[buffer] ask {"demand":null,"buffer":"electronics kit","requested":1,"date":"2026-02-05T03:51:26","onhand":88}
[buffer] answer {"demand":null,"buffer":"electronics kit","requested":1,"remainingShortage":0,"quantity":1,"date":"2026-02-05T03:51:26","plan":null}
[operation] answer {"demand":null,"operation":"assemble SEDAN-WHT","quantity":1,"start":"2026-02-05T03:51:26","end":"2026-02-05T21:00:00"}
[operation] ask {"demand":null,"operation":"paint SEDAN-WHT","quantity":1,"end":"2026-02-05T03:51:26"}
[resource] ask {"demand":null,"operation":"paint SEDAN-WHT","resource":"paint booth","start":"2026-02-04T14:23:01","end":"2026-02-05T03:51:26"}
[resource] candidate {"demand":null,"start":"2026-02-04T14:23:01","end":"2026-02-05T03:51:26","feasible":true}
[operation] answer {"demand":null,"operation":"paint SEDAN-WHT","quantity":1,"start":"2026-02-04T14:23:01","end":"2026-02-05T03:51:26"}
[operation] ask {"demand":null,"operation":"weld SEDAN-WHT","quantity":1,"end":"2026-02-04T14:23:01"}
[resource] ask {"demand":null,"operation":"weld SEDAN-WHT","resource":"body line A","start":"2026-02-04T00:23:01","end":"2026-02-04T14:23:01"}
[resource] candidate {"demand":null,"start":"2026-02-04T00:23:01","end":"2026-02-04T14:23:01","feasible":true}
[buffer] ask {"demand":null,"buffer":"automotive steel","requested":2,"date":"2026-02-04T00:23:01","onhand":97}
[buffer] answer {"demand":null,"buffer":"automotive steel","requested":2,"remainingShortage":0,"quantity":2,"date":"2026-02-04T00:23:01","plan":null}
[operation] answer {"demand":null,"operation":"weld SEDAN-WHT","quantity":1,"start":"2026-02-04T00:23:01","end":"2026-02-04T14:23:01"}
[operation] routing-answer {"demand":null,"operation":"build SEDAN-WHT","quantity":1,"start":"2026-02-04T00:23:01","end":"2026-02-05T21:00:00"}
[buffer] replenish {"buffer":"white sedan","iteration":0,"requested":1,"replenished":1,"producerDate":"2026-02-05T21:00:00","eventCountBefore":9,"eventCountAfter":10,"remaining":0}
[buffer] answer {"demand":null,"buffer":"white sedan","requested":1,"remainingShortage":0,"quantity":1,"date":"2026-02-05T21:00:00","plan":"OperationPlan"}
[operation] answer {"demand":"vehicle order 034 SEDAN-WHT","operation":"ship SEDAN-WHT","quantity":1,"start":"2026-02-05T21:00:00","end":"2026-02-06T00:00:00"}
[demand] reply {"demand":"vehicle order 034 SEDAN-WHT","attempt":1,"result":true,"quantity":1,"date":"2026-02-06T00:00:00"}
[demand] attempt {"demand":"vehicle order 044 SUV-RED","attempt":1,"quantity":2,"requestDate":"2026-02-09T08:00:00","lastDate":"2030-12-31T00:00:00"}
[operation] ask {"demand":"vehicle order 044 SUV-RED","operation":"ship SUV-RED","quantity":2,"end":"2026-02-09T08:00:00"}
[buffer] ask {"demand":null,"buffer":"red suv","requested":2,"date":"2026-02-09T05:00:00","onhand":2}
[buffer] shortage {"buffer":"red suv","iteration":0,"date":"2026-02-09T05:00:00","onhand":-2,"shortage":2}
[operation] routing-ask {"demand":null,"operation":"build SUV-RED","quantity":2,"operationPlanQuantity":2,"end":"2026-02-09T05:00:00","steps":["weld SUV-RED","paint SUV-RED","assemble SUV-RED"]}
[operation] ask {"demand":null,"operation":"assemble SUV-RED","quantity":2,"end":"2026-02-09T05:00:00"}
[resource] ask {"demand":null,"operation":"assemble SUV-RED","resource":"assembly team east","start":"2026-02-08T08:02:51","end":"2026-02-09T05:00:00"}
[resource] candidate {"demand":null,"start":"2026-02-08T08:02:51","end":"2026-02-09T05:00:00","feasible":true}
[resource] ask {"demand":null,"operation":"assemble SUV-RED","resource":"assembly team west","start":"2026-02-08T05:50:32","end":"2026-02-09T05:00:00"}
[resource] candidate {"demand":null,"start":"2026-02-08T05:50:32","end":"2026-02-09T05:00:00","feasible":true}
[resource] ask {"demand":null,"operation":"assemble SUV-RED","resource":"assembly team flex","start":"2026-02-08T03:07:04","end":"2026-02-09T05:00:00"}
[resource] candidate {"demand":null,"start":"2026-02-08T03:07:04","end":"2026-02-09T05:00:00","feasible":true}
[resource] ask {"demand":null,"operation":"assemble SUV-RED","resource":"assembly team east","start":"2026-02-08T08:02:51","end":"2026-02-09T05:00:00"}
[resource] candidate {"demand":null,"start":"2026-02-08T08:02:51","end":"2026-02-09T05:00:00","feasible":true}
[buffer] ask {"demand":null,"buffer":"powertrain","requested":2,"date":"2026-02-08T08:02:51","onhand":65}
[buffer] answer {"demand":null,"buffer":"powertrain","requested":2,"remainingShortage":0,"quantity":2,"date":"2026-02-08T08:02:51","plan":null}
[buffer] ask {"demand":null,"buffer":"electronics kit","requested":2,"date":"2026-02-08T08:02:51","onhand":80}
[buffer] answer {"demand":null,"buffer":"electronics kit","requested":2,"remainingShortage":0,"quantity":2,"date":"2026-02-08T08:02:51","plan":null}
[operation] answer {"demand":null,"operation":"assemble SUV-RED","quantity":2,"start":"2026-02-08T08:02:51","end":"2026-02-09T05:00:00"}
[operation] ask {"demand":null,"operation":"paint SUV-RED","quantity":2,"end":"2026-02-08T08:02:51"}
[resource] ask {"demand":null,"operation":"paint SUV-RED","resource":"paint booth","start":"2026-02-07T17:21:48","end":"2026-02-08T08:02:51"}
[resource] candidate {"demand":null,"start":"2026-02-07T17:21:48","end":"2026-02-08T08:02:51","feasible":true}
[operation] answer {"demand":null,"operation":"paint SUV-RED","quantity":2,"start":"2026-02-07T17:21:48","end":"2026-02-08T08:02:51"}
[operation] ask {"demand":null,"operation":"weld SUV-RED","quantity":2,"end":"2026-02-07T17:21:48"}
[resource] ask {"demand":null,"operation":"weld SUV-RED","resource":"body line A","start":"2026-02-06T23:21:48","end":"2026-02-07T17:21:48"}
[resource] candidate {"demand":null,"start":"2026-02-06T23:21:48","end":"2026-02-07T17:21:48","feasible":true}
[buffer] ask {"demand":null,"buffer":"automotive steel","requested":6,"date":"2026-02-06T23:21:48","onhand":80}
[buffer] answer {"demand":null,"buffer":"automotive steel","requested":6,"remainingShortage":0,"quantity":6,"date":"2026-02-06T23:21:48","plan":null}
[operation] answer {"demand":null,"operation":"weld SUV-RED","quantity":2,"start":"2026-02-06T23:21:48","end":"2026-02-07T17:21:48"}
[operation] routing-answer {"demand":null,"operation":"build SUV-RED","quantity":2,"start":"2026-02-06T23:21:48","end":"2026-02-09T05:00:00"}
[buffer] replenish {"buffer":"red suv","iteration":0,"requested":2,"replenished":2,"producerDate":"2026-02-09T05:00:00","eventCountBefore":9,"eventCountAfter":10,"remaining":0}
[buffer] answer {"demand":null,"buffer":"red suv","requested":2,"remainingShortage":0,"quantity":2,"date":"2026-02-09T05:00:00","plan":"OperationPlan"}
[operation] answer {"demand":"vehicle order 044 SUV-RED","operation":"ship SUV-RED","quantity":2,"start":"2026-02-09T05:00:00","end":"2026-02-09T08:00:00"}
[demand] reply {"demand":"vehicle order 044 SUV-RED","attempt":1,"result":true,"quantity":2,"date":"2026-02-09T08:00:00"}
[demand] attempt {"demand":"vehicle order 005 SEDAN-BLK","attempt":1,"quantity":4,"requestDate":"2026-01-27T08:00:00","lastDate":"2030-12-31T00:00:00"}
[operation] ask {"demand":"vehicle order 005 SEDAN-BLK","operation":"ship SEDAN-BLK","quantity":4,"end":"2026-01-27T08:00:00"}
[buffer] ask {"demand":null,"buffer":"black sedan","requested":4,"date":"2026-01-27T05:00:00","onhand":1}
[buffer] shortage {"buffer":"black sedan","iteration":0,"date":"2026-01-27T05:00:00","onhand":-4,"shortage":4}
[operation] routing-ask {"demand":null,"operation":"build SEDAN-BLK","quantity":4,"operationPlanQuantity":4,"end":"2026-01-27T05:00:00","steps":["weld SEDAN-BLK","paint SEDAN-BLK","assemble SEDAN-BLK"]}
[operation] ask {"demand":null,"operation":"assemble SEDAN-BLK","quantity":4,"end":"2026-01-27T05:00:00"}
[resource] ask {"demand":null,"operation":"assemble SEDAN-BLK","resource":"assembly team east","start":"2026-01-26T11:51:26","end":"2026-01-27T05:00:00"}
[resource] candidate {"demand":null,"start":"2026-01-26T11:51:26","end":"2026-01-27T05:00:00","feasible":true}
[resource] ask {"demand":null,"operation":"assemble SEDAN-BLK","resource":"assembly team west","start":"2026-01-26T10:03:09","end":"2026-01-27T05:00:00"}
[resource] candidate {"demand":null,"start":"2026-01-26T10:03:09","end":"2026-01-27T05:00:00","feasible":true}
[resource] ask {"demand":null,"operation":"assemble SEDAN-BLK","resource":"assembly team flex","start":"2026-01-26T07:49:25","end":"2026-01-27T05:00:00"}
[resource] candidate {"demand":null,"start":"2026-01-26T07:49:25","end":"2026-01-27T05:00:00","feasible":true}
[resource] ask {"demand":null,"operation":"assemble SEDAN-BLK","resource":"assembly team east","start":"2026-01-26T11:51:26","end":"2026-01-27T05:00:00"}
[resource] candidate {"demand":null,"start":"2026-01-26T11:51:26","end":"2026-01-27T05:00:00","feasible":true}
[buffer] ask {"demand":null,"buffer":"powertrain","requested":4,"date":"2026-01-26T11:51:26","onhand":98}
[buffer] answer {"demand":null,"buffer":"powertrain","requested":4,"remainingShortage":0,"quantity":4,"date":"2026-01-26T11:51:26","plan":null}
[buffer] ask {"demand":null,"buffer":"electronics kit","requested":4,"date":"2026-01-26T11:51:26","onhand":113}
[buffer] answer {"demand":null,"buffer":"electronics kit","requested":4,"remainingShortage":0,"quantity":4,"date":"2026-01-26T11:51:26","plan":null}
[operation] answer {"demand":null,"operation":"assemble SEDAN-BLK","quantity":4,"start":"2026-01-26T11:51:26","end":"2026-01-27T05:00:00"}
[operation] ask {"demand":null,"operation":"paint SEDAN-BLK","quantity":4,"end":"2026-01-26T11:51:26"}
[resource] ask {"demand":null,"operation":"paint SEDAN-BLK","resource":"paint booth","start":"2026-01-26T00:19:51","end":"2026-01-26T11:51:26"}
[resource] candidate {"demand":null,"start":"2026-01-26T00:19:51","end":"2026-01-26T11:51:26","feasible":true}
[operation] answer {"demand":null,"operation":"paint SEDAN-BLK","quantity":4,"start":"2026-01-26T00:19:51","end":"2026-01-26T11:51:26"}
[operation] ask {"demand":null,"operation":"weld SEDAN-BLK","quantity":4,"end":"2026-01-26T00:19:51"}
[resource] ask {"demand":null,"operation":"weld SEDAN-BLK","resource":"body line A","start":"2026-01-25T07:19:51","end":"2026-01-26T00:19:51"}
[resource] candidate {"demand":null,"start":"2026-01-25T07:19:51","end":"2026-01-26T00:19:51","feasible":true}
[buffer] ask {"demand":null,"buffer":"automotive steel","requested":8,"date":"2026-01-25T10:19:51","onhand":162}
[buffer] answer {"demand":null,"buffer":"automotive steel","requested":8,"remainingShortage":0,"quantity":8,"date":"2026-01-25T10:19:51","plan":null}
[operation] answer {"demand":null,"operation":"weld SEDAN-BLK","quantity":4,"start":"2026-01-25T07:19:51","end":"2026-01-26T00:19:51"}
[operation] routing-answer {"demand":null,"operation":"build SEDAN-BLK","quantity":4,"start":"2026-01-25T07:19:51","end":"2026-01-27T05:00:00"}
[buffer] replenish {"buffer":"black sedan","iteration":0,"requested":4,"replenished":4,"producerDate":"2026-01-27T05:00:00","eventCountBefore":11,"eventCountAfter":12,"remaining":0}
[buffer] answer {"demand":null,"buffer":"black sedan","requested":4,"remainingShortage":0,"quantity":4,"date":"2026-01-27T05:00:00","plan":"OperationPlan"}
[operation] answer {"demand":"vehicle order 005 SEDAN-BLK","operation":"ship SEDAN-BLK","quantity":4,"start":"2026-01-27T05:00:00","end":"2026-01-27T08:00:00"}
[demand] reply {"demand":"vehicle order 005 SEDAN-BLK","attempt":1,"result":true,"quantity":4,"date":"2026-01-27T08:00:00"}
[demand] attempt {"demand":"vehicle order 015 SUV-BLK","attempt":1,"quantity":3,"requestDate":"2026-01-30T16:00:00","lastDate":"2030-12-31T00:00:00"}
[operation] ask {"demand":"vehicle order 015 SUV-BLK","operation":"ship SUV-BLK","quantity":3,"end":"2026-01-30T16:00:00"}
[buffer] ask {"demand":null,"buffer":"black suv","requested":3,"date":"2026-01-30T13:00:00","onhand":4}
[buffer] shortage {"buffer":"black suv","iteration":0,"date":"2026-01-30T13:00:00","onhand":-3,"shortage":3}
[operation] routing-ask {"demand":null,"operation":"build SUV-BLK","quantity":3,"operationPlanQuantity":3,"end":"2026-01-30T13:00:00","steps":["weld SUV-BLK","paint SUV-BLK","assemble SUV-BLK"]}
[operation] ask {"demand":null,"operation":"assemble SUV-BLK","quantity":3,"end":"2026-01-30T13:00:00"}
[resource] ask {"demand":null,"operation":"assemble SUV-BLK","resource":"assembly team east","start":"2026-01-29T16:02:51","end":"2026-01-30T13:00:00"}
[resource] candidate {"demand":null,"start":"2026-01-29T16:02:51","end":"2026-01-30T13:00:00","feasible":true}
[resource] ask {"demand":null,"operation":"assemble SUV-BLK","resource":"assembly team west","start":"2026-01-29T13:50:32","end":"2026-01-30T13:00:00"}
[resource] candidate {"demand":null,"start":"2026-01-29T13:50:32","end":"2026-01-30T13:00:00","feasible":true}
[resource] ask {"demand":null,"operation":"assemble SUV-BLK","resource":"assembly team flex","start":"2026-01-29T11:07:04","end":"2026-01-30T13:00:00"}
[resource] candidate {"demand":null,"start":"2026-01-29T11:07:04","end":"2026-01-30T13:00:00","feasible":true}
[resource] ask {"demand":null,"operation":"assemble SUV-BLK","resource":"assembly team east","start":"2026-01-29T16:02:51","end":"2026-01-30T13:00:00"}
[resource] candidate {"demand":null,"start":"2026-01-29T16:02:51","end":"2026-01-30T13:00:00","feasible":true}
[buffer] ask {"demand":null,"buffer":"powertrain","requested":3,"date":"2026-01-29T16:02:51","onhand":85}
[buffer] answer {"demand":null,"buffer":"powertrain","requested":3,"remainingShortage":0,"quantity":3,"date":"2026-01-29T16:02:51","plan":null}
[buffer] ask {"demand":null,"buffer":"electronics kit","requested":3,"date":"2026-01-29T16:02:51","onhand":100}
[buffer] answer {"demand":null,"buffer":"electronics kit","requested":3,"remainingShortage":0,"quantity":3,"date":"2026-01-29T16:02:51","plan":null}
[operation] answer {"demand":null,"operation":"assemble SUV-BLK","quantity":3,"start":"2026-01-29T16:02:51","end":"2026-01-30T13:00:00"}
[operation] ask {"demand":null,"operation":"paint SUV-BLK","quantity":3,"end":"2026-01-29T16:02:51"}
[resource] ask {"demand":null,"operation":"paint SUV-BLK","resource":"paint booth","start":"2026-01-29T02:24:57","end":"2026-01-29T16:02:51"}
[resource] candidate {"demand":null,"start":"2026-01-29T02:24:57","end":"2026-01-29T16:02:51","feasible":true}
[operation] answer {"demand":null,"operation":"paint SUV-BLK","quantity":3,"start":"2026-01-29T02:24:57","end":"2026-01-29T16:02:51"}
[operation] ask {"demand":null,"operation":"weld SUV-BLK","quantity":3,"end":"2026-01-29T02:24:57"}
[resource] ask {"demand":null,"operation":"weld SUV-BLK","resource":"body line A","start":"2026-01-28T04:24:57","end":"2026-01-29T02:24:57"}
[resource] candidate {"demand":null,"start":"2026-01-28T04:24:57","end":"2026-01-29T02:24:57","feasible":true}
[buffer] ask {"demand":null,"buffer":"automotive steel","requested":9,"date":"2026-01-28T08:24:57","onhand":130}
[buffer] answer {"demand":null,"buffer":"automotive steel","requested":9,"remainingShortage":0,"quantity":9,"date":"2026-01-28T08:24:57","plan":null}
[operation] answer {"demand":null,"operation":"weld SUV-BLK","quantity":3,"start":"2026-01-28T04:24:57","end":"2026-01-29T02:24:57"}
[operation] routing-answer {"demand":null,"operation":"build SUV-BLK","quantity":3,"start":"2026-01-28T04:24:57","end":"2026-01-30T13:00:00"}
[buffer] replenish {"buffer":"black suv","iteration":0,"requested":3,"replenished":3,"producerDate":"2026-01-30T13:00:00","eventCountBefore":11,"eventCountAfter":12,"remaining":0}
[buffer] answer {"demand":null,"buffer":"black suv","requested":3,"remainingShortage":0,"quantity":3,"date":"2026-01-30T13:00:00","plan":"OperationPlan"}
[operation] answer {"demand":"vehicle order 015 SUV-BLK","operation":"ship SUV-BLK","quantity":3,"start":"2026-01-30T13:00:00","end":"2026-01-30T16:00:00"}
[demand] reply {"demand":"vehicle order 015 SUV-BLK","attempt":1,"result":true,"quantity":3,"date":"2026-01-30T16:00:00"}
[demand] attempt {"demand":"vehicle order 025 SEDAN-BLK","attempt":1,"quantity":1,"requestDate":"2026-02-03T00:00:00","lastDate":"2030-12-31T00:00:00"}
[operation] ask {"demand":"vehicle order 025 SEDAN-BLK","operation":"ship SEDAN-BLK","quantity":1,"end":"2026-02-03T00:00:00"}
[buffer] ask {"demand":null,"buffer":"black sedan","requested":1,"date":"2026-02-02T21:00:00","onhand":3}
[buffer] shortage {"buffer":"black sedan","iteration":0,"date":"2026-02-02T21:00:00","onhand":-1,"shortage":1}
[operation] routing-ask {"demand":null,"operation":"build SEDAN-BLK","quantity":1,"operationPlanQuantity":1,"end":"2026-02-02T21:00:00","steps":["weld SEDAN-BLK","paint SEDAN-BLK","assemble SEDAN-BLK"]}
[operation] ask {"demand":null,"operation":"assemble SEDAN-BLK","quantity":1,"end":"2026-02-02T21:00:00"}
[resource] ask {"demand":null,"operation":"assemble SEDAN-BLK","resource":"assembly team east","start":"2026-02-02T03:51:26","end":"2026-02-02T21:00:00"}
[resource] candidate {"demand":null,"start":"2026-02-02T03:51:26","end":"2026-02-02T21:00:00","feasible":true}
[resource] ask {"demand":null,"operation":"assemble SEDAN-BLK","resource":"assembly team west","start":"2026-02-02T02:03:09","end":"2026-02-02T21:00:00"}
[resource] candidate {"demand":null,"start":"2026-02-02T02:03:09","end":"2026-02-02T21:00:00","feasible":true}
[resource] ask {"demand":null,"operation":"assemble SEDAN-BLK","resource":"assembly team flex","start":"2026-02-01T23:49:25","end":"2026-02-02T21:00:00"}
[resource] candidate {"demand":null,"start":"2026-02-01T23:49:25","end":"2026-02-02T21:00:00","feasible":true}
[resource] ask {"demand":null,"operation":"assemble SEDAN-BLK","resource":"assembly team east","start":"2026-02-02T03:51:26","end":"2026-02-02T21:00:00"}
[resource] candidate {"demand":null,"start":"2026-02-02T03:51:26","end":"2026-02-02T21:00:00","feasible":true}
[buffer] ask {"demand":null,"buffer":"powertrain","requested":1,"date":"2026-02-02T03:51:26","onhand":72}
[buffer] answer {"demand":null,"buffer":"powertrain","requested":1,"remainingShortage":0,"quantity":1,"date":"2026-02-02T03:51:26","plan":null}
[buffer] ask {"demand":null,"buffer":"electronics kit","requested":1,"date":"2026-02-02T03:51:26","onhand":87}
[buffer] answer {"demand":null,"buffer":"electronics kit","requested":1,"remainingShortage":0,"quantity":1,"date":"2026-02-02T03:51:26","plan":null}
[operation] answer {"demand":null,"operation":"assemble SEDAN-BLK","quantity":1,"start":"2026-02-02T03:51:26","end":"2026-02-02T21:00:00"}
[operation] ask {"demand":null,"operation":"paint SEDAN-BLK","quantity":1,"end":"2026-02-02T03:51:26"}
[resource] ask {"demand":null,"operation":"paint SEDAN-BLK","resource":"paint booth","start":"2026-02-01T16:19:51","end":"2026-02-02T03:51:26"}
[resource] candidate {"demand":null,"start":"2026-02-01T16:19:51","end":"2026-02-02T03:51:26","feasible":true}
[operation] answer {"demand":null,"operation":"paint SEDAN-BLK","quantity":1,"start":"2026-02-01T16:19:51","end":"2026-02-02T03:51:26"}
[operation] ask {"demand":null,"operation":"weld SEDAN-BLK","quantity":1,"end":"2026-02-01T16:19:51"}
[resource] ask {"demand":null,"operation":"weld SEDAN-BLK","resource":"body line A","start":"2026-01-31T23:19:51","end":"2026-02-01T16:19:51"}
[resource] candidate {"demand":null,"start":"2026-01-31T23:19:51","end":"2026-02-01T16:19:51","feasible":true}
[buffer] ask {"demand":null,"buffer":"automotive steel","requested":2,"date":"2026-02-01T02:19:51","onhand":95}
[buffer] answer {"demand":null,"buffer":"automotive steel","requested":2,"remainingShortage":0,"quantity":2,"date":"2026-02-01T02:19:51","plan":null}
[operation] answer {"demand":null,"operation":"weld SEDAN-BLK","quantity":1,"start":"2026-01-31T23:19:51","end":"2026-02-01T16:19:51"}
[operation] routing-answer {"demand":null,"operation":"build SEDAN-BLK","quantity":1,"start":"2026-01-31T23:19:51","end":"2026-02-02T21:00:00"}
[buffer] replenish {"buffer":"black sedan","iteration":0,"requested":1,"replenished":1,"producerDate":"2026-02-02T21:00:00","eventCountBefore":13,"eventCountAfter":14,"remaining":0}
[buffer] answer {"demand":null,"buffer":"black sedan","requested":1,"remainingShortage":0,"quantity":1,"date":"2026-02-02T21:00:00","plan":"OperationPlan"}
[operation] answer {"demand":"vehicle order 025 SEDAN-BLK","operation":"ship SEDAN-BLK","quantity":1,"start":"2026-02-02T21:00:00","end":"2026-02-03T00:00:00"}
[demand] reply {"demand":"vehicle order 025 SEDAN-BLK","attempt":1,"result":true,"quantity":1,"date":"2026-02-03T00:00:00"}
[demand] attempt {"demand":"vehicle order 035 SUV-BLK","attempt":1,"quantity":4,"requestDate":"2026-02-06T08:00:00","lastDate":"2030-12-31T00:00:00"}
[operation] ask {"demand":"vehicle order 035 SUV-BLK","operation":"ship SUV-BLK","quantity":4,"end":"2026-02-06T08:00:00"}
[buffer] ask {"demand":null,"buffer":"black suv","requested":4,"date":"2026-02-06T05:00:00","onhand":1}
[buffer] shortage {"buffer":"black suv","iteration":0,"date":"2026-02-06T05:00:00","onhand":-4,"shortage":4}
[operation] routing-ask {"demand":null,"operation":"build SUV-BLK","quantity":4,"operationPlanQuantity":4,"end":"2026-02-06T05:00:00","steps":["weld SUV-BLK","paint SUV-BLK","assemble SUV-BLK"]}
[operation] ask {"demand":null,"operation":"assemble SUV-BLK","quantity":4,"end":"2026-02-06T05:00:00"}
[resource] ask {"demand":null,"operation":"assemble SUV-BLK","resource":"assembly team east","start":"2026-02-05T08:02:51","end":"2026-02-06T05:00:00"}
[resource] candidate {"demand":null,"start":"2026-02-05T08:02:51","end":"2026-02-06T05:00:00","feasible":true}
[resource] ask {"demand":null,"operation":"assemble SUV-BLK","resource":"assembly team west","start":"2026-02-05T05:50:32","end":"2026-02-06T05:00:00"}
[resource] candidate {"demand":null,"start":"2026-02-05T05:50:32","end":"2026-02-06T05:00:00","feasible":true}
[resource] ask {"demand":null,"operation":"assemble SUV-BLK","resource":"assembly team flex","start":"2026-02-05T03:07:04","end":"2026-02-06T05:00:00"}
[resource] candidate {"demand":null,"start":"2026-02-05T03:07:04","end":"2026-02-06T05:00:00","feasible":true}
[resource] ask {"demand":null,"operation":"assemble SUV-BLK","resource":"assembly team east","start":"2026-02-05T08:02:51","end":"2026-02-06T05:00:00"}
[resource] candidate {"demand":null,"start":"2026-02-05T08:02:51","end":"2026-02-06T05:00:00","feasible":true}
[buffer] ask {"demand":null,"buffer":"powertrain","requested":4,"date":"2026-02-05T08:02:51","onhand":64}
[buffer] answer {"demand":null,"buffer":"powertrain","requested":4,"remainingShortage":0,"quantity":4,"date":"2026-02-05T08:02:51","plan":null}
[buffer] ask {"demand":null,"buffer":"electronics kit","requested":4,"date":"2026-02-05T08:02:51","onhand":79}
[buffer] answer {"demand":null,"buffer":"electronics kit","requested":4,"remainingShortage":0,"quantity":4,"date":"2026-02-05T08:02:51","plan":null}
[operation] answer {"demand":null,"operation":"assemble SUV-BLK","quantity":4,"start":"2026-02-05T08:02:51","end":"2026-02-06T05:00:00"}
[operation] ask {"demand":null,"operation":"paint SUV-BLK","quantity":4,"end":"2026-02-05T08:02:51"}
[resource] ask {"demand":null,"operation":"paint SUV-BLK","resource":"paint booth","start":"2026-02-04T18:24:57","end":"2026-02-05T08:02:51"}
[resource] candidate {"demand":null,"start":"2026-02-04T18:24:57","end":"2026-02-05T08:02:51","feasible":true}
[operation] answer {"demand":null,"operation":"paint SUV-BLK","quantity":4,"start":"2026-02-04T18:24:57","end":"2026-02-05T08:02:51"}
[operation] ask {"demand":null,"operation":"weld SUV-BLK","quantity":4,"end":"2026-02-04T18:24:57"}
[resource] ask {"demand":null,"operation":"weld SUV-BLK","resource":"body line A","start":"2026-02-03T20:24:57","end":"2026-02-04T18:24:57"}
[resource] candidate {"demand":null,"start":"2026-02-03T20:24:57","end":"2026-02-04T18:24:57","feasible":true}
[buffer] ask {"demand":null,"buffer":"automotive steel","requested":12,"date":"2026-02-04T00:24:57","onhand":76}
[buffer] answer {"demand":null,"buffer":"automotive steel","requested":12,"remainingShortage":0,"quantity":12,"date":"2026-02-04T00:24:57","plan":null}
[operation] answer {"demand":null,"operation":"weld SUV-BLK","quantity":4,"start":"2026-02-03T20:24:57","end":"2026-02-04T18:24:57"}
[operation] routing-answer {"demand":null,"operation":"build SUV-BLK","quantity":4,"start":"2026-02-03T20:24:57","end":"2026-02-06T05:00:00"}
[buffer] replenish {"buffer":"black suv","iteration":0,"requested":4,"replenished":4,"producerDate":"2026-02-06T05:00:00","eventCountBefore":13,"eventCountAfter":14,"remaining":0}
[buffer] answer {"demand":null,"buffer":"black suv","requested":4,"remainingShortage":0,"quantity":4,"date":"2026-02-06T05:00:00","plan":"OperationPlan"}
[operation] answer {"demand":"vehicle order 035 SUV-BLK","operation":"ship SUV-BLK","quantity":4,"start":"2026-02-06T05:00:00","end":"2026-02-06T08:00:00"}
[demand] reply {"demand":"vehicle order 035 SUV-BLK","attempt":1,"result":true,"quantity":4,"date":"2026-02-06T08:00:00"}
[demand] attempt {"demand":"vehicle order 045 SEDAN-BLK","attempt":1,"quantity":3,"requestDate":"2026-02-09T16:00:00","lastDate":"2030-12-31T00:00:00"}
[operation] ask {"demand":"vehicle order 045 SEDAN-BLK","operation":"ship SEDAN-BLK","quantity":3,"end":"2026-02-09T16:00:00"}
[buffer] ask {"demand":null,"buffer":"black sedan","requested":3,"date":"2026-02-09T13:00:00","onhand":4}
[buffer] shortage {"buffer":"black sedan","iteration":0,"date":"2026-02-09T13:00:00","onhand":-3,"shortage":3}
[operation] routing-ask {"demand":null,"operation":"build SEDAN-BLK","quantity":3,"operationPlanQuantity":3,"end":"2026-02-09T13:00:00","steps":["weld SEDAN-BLK","paint SEDAN-BLK","assemble SEDAN-BLK"]}
[operation] ask {"demand":null,"operation":"assemble SEDAN-BLK","quantity":3,"end":"2026-02-09T13:00:00"}
[resource] ask {"demand":null,"operation":"assemble SEDAN-BLK","resource":"assembly team east","start":"2026-02-08T19:51:26","end":"2026-02-09T13:00:00"}
[resource] candidate {"demand":null,"start":"2026-02-08T19:51:26","end":"2026-02-09T13:00:00","feasible":true}
[resource] ask {"demand":null,"operation":"assemble SEDAN-BLK","resource":"assembly team west","start":"2026-02-08T18:03:09","end":"2026-02-09T13:00:00"}
[resource] candidate {"demand":null,"start":"2026-02-08T18:03:09","end":"2026-02-09T13:00:00","feasible":true}
[resource] ask {"demand":null,"operation":"assemble SEDAN-BLK","resource":"assembly team flex","start":"2026-02-08T15:49:25","end":"2026-02-09T13:00:00"}
[resource] candidate {"demand":null,"start":"2026-02-08T15:49:25","end":"2026-02-09T13:00:00","feasible":true}
[resource] ask {"demand":null,"operation":"assemble SEDAN-BLK","resource":"assembly team east","start":"2026-02-08T19:51:26","end":"2026-02-09T13:00:00"}
[resource] candidate {"demand":null,"start":"2026-02-08T19:51:26","end":"2026-02-09T13:00:00","feasible":true}
[buffer] ask {"demand":null,"buffer":"powertrain","requested":3,"date":"2026-02-08T19:51:26","onhand":51}
[buffer] answer {"demand":null,"buffer":"powertrain","requested":3,"remainingShortage":0,"quantity":3,"date":"2026-02-08T19:51:26","plan":null}
[buffer] ask {"demand":null,"buffer":"electronics kit","requested":3,"date":"2026-02-08T19:51:26","onhand":66}
[buffer] answer {"demand":null,"buffer":"electronics kit","requested":3,"remainingShortage":0,"quantity":3,"date":"2026-02-08T19:51:26","plan":null}
[operation] answer {"demand":null,"operation":"assemble SEDAN-BLK","quantity":3,"start":"2026-02-08T19:51:26","end":"2026-02-09T13:00:00"}
[operation] ask {"demand":null,"operation":"paint SEDAN-BLK","quantity":3,"end":"2026-02-08T19:51:26"}
[resource] ask {"demand":null,"operation":"paint SEDAN-BLK","resource":"paint booth","start":"2026-02-08T08:19:51","end":"2026-02-08T19:51:26"}
[resource] candidate {"demand":null,"start":"2026-02-08T08:19:51","end":"2026-02-08T19:51:26","feasible":true}
[operation] answer {"demand":null,"operation":"paint SEDAN-BLK","quantity":3,"start":"2026-02-08T08:19:51","end":"2026-02-08T19:51:26"}
[operation] ask {"demand":null,"operation":"weld SEDAN-BLK","quantity":3,"end":"2026-02-08T08:19:51"}
[resource] ask {"demand":null,"operation":"weld SEDAN-BLK","resource":"body line A","start":"2026-02-07T15:19:51","end":"2026-02-08T08:19:51"}
[resource] candidate {"demand":null,"start":"2026-02-07T15:19:51","end":"2026-02-08T08:19:51","feasible":true}
[buffer] ask {"demand":null,"buffer":"automotive steel","requested":6,"date":"2026-02-07T18:19:51","onhand":43}
[buffer] answer {"demand":null,"buffer":"automotive steel","requested":6,"remainingShortage":0,"quantity":6,"date":"2026-02-07T18:19:51","plan":null}
[operation] answer {"demand":null,"operation":"weld SEDAN-BLK","quantity":3,"start":"2026-02-07T15:19:51","end":"2026-02-08T08:19:51"}
[operation] routing-answer {"demand":null,"operation":"build SEDAN-BLK","quantity":3,"start":"2026-02-07T15:19:51","end":"2026-02-09T13:00:00"}
[buffer] replenish {"buffer":"black sedan","iteration":0,"requested":3,"replenished":3,"producerDate":"2026-02-09T13:00:00","eventCountBefore":15,"eventCountAfter":16,"remaining":0}
[buffer] answer {"demand":null,"buffer":"black sedan","requested":3,"remainingShortage":0,"quantity":3,"date":"2026-02-09T13:00:00","plan":"OperationPlan"}
[operation] answer {"demand":"vehicle order 045 SEDAN-BLK","operation":"ship SEDAN-BLK","quantity":3,"start":"2026-02-09T13:00:00","end":"2026-02-09T16:00:00"}
[demand] reply {"demand":"vehicle order 045 SEDAN-BLK","attempt":1,"result":true,"quantity":3,"date":"2026-02-09T16:00:00"}
[demand] attempt {"demand":"vehicle order 006 SEDAN-WHT","attempt":1,"quantity":2,"requestDate":"2026-01-27T16:00:00","lastDate":"2030-12-31T00:00:00"}
[operation] ask {"demand":"vehicle order 006 SEDAN-WHT","operation":"ship SEDAN-WHT","quantity":2,"end":"2026-01-27T16:00:00"}
[buffer] ask {"demand":null,"buffer":"white sedan","requested":2,"date":"2026-01-27T13:00:00","onhand":2}
[buffer] shortage {"buffer":"white sedan","iteration":0,"date":"2026-01-27T13:00:00","onhand":-2,"shortage":2}
[operation] routing-ask {"demand":null,"operation":"build SEDAN-WHT","quantity":2,"operationPlanQuantity":2,"end":"2026-01-27T13:00:00","steps":["weld SEDAN-WHT","paint SEDAN-WHT","assemble SEDAN-WHT"]}
[operation] ask {"demand":null,"operation":"assemble SEDAN-WHT","quantity":2,"end":"2026-01-27T13:00:00"}
[resource] ask {"demand":null,"operation":"assemble SEDAN-WHT","resource":"assembly team east","start":"2026-01-26T19:51:26","end":"2026-01-27T13:00:00"}
[resource] candidate {"demand":null,"start":"2026-01-26T19:51:26","end":"2026-01-27T13:00:00","feasible":true}
[resource] ask {"demand":null,"operation":"assemble SEDAN-WHT","resource":"assembly team west","start":"2026-01-26T18:03:09","end":"2026-01-27T13:00:00"}
[resource] candidate {"demand":null,"start":"2026-01-26T18:03:09","end":"2026-01-27T13:00:00","feasible":true}
[resource] ask {"demand":null,"operation":"assemble SEDAN-WHT","resource":"assembly team flex","start":"2026-01-26T15:49:25","end":"2026-01-27T13:00:00"}
[resource] candidate {"demand":null,"start":"2026-01-26T15:49:25","end":"2026-01-27T13:00:00","feasible":true}
[resource] ask {"demand":null,"operation":"assemble SEDAN-WHT","resource":"assembly team east","start":"2026-01-26T19:51:26","end":"2026-01-27T13:00:00"}
[resource] candidate {"demand":null,"start":"2026-01-26T19:51:26","end":"2026-01-27T13:00:00","feasible":true}
[buffer] ask {"demand":null,"buffer":"powertrain","requested":2,"date":"2026-01-26T19:51:26","onhand":94}
[buffer] answer {"demand":null,"buffer":"powertrain","requested":2,"remainingShortage":0,"quantity":2,"date":"2026-01-26T19:51:26","plan":null}
[buffer] ask {"demand":null,"buffer":"electronics kit","requested":2,"date":"2026-01-26T19:51:26","onhand":109}
[buffer] answer {"demand":null,"buffer":"electronics kit","requested":2,"remainingShortage":0,"quantity":2,"date":"2026-01-26T19:51:26","plan":null}
[operation] answer {"demand":null,"operation":"assemble SEDAN-WHT","quantity":2,"start":"2026-01-26T19:51:26","end":"2026-01-27T13:00:00"}
[operation] ask {"demand":null,"operation":"paint SEDAN-WHT","quantity":2,"end":"2026-01-26T19:51:26"}
[resource] ask {"demand":null,"operation":"paint SEDAN-WHT","resource":"paint booth","start":"2026-01-26T06:23:01","end":"2026-01-26T19:51:26"}
[resource] candidate {"demand":null,"start":"2026-01-26T06:23:01","end":"2026-01-26T19:51:26","feasible":true}
[operation] answer {"demand":null,"operation":"paint SEDAN-WHT","quantity":2,"start":"2026-01-26T06:23:01","end":"2026-01-26T19:51:26"}
[operation] ask {"demand":null,"operation":"weld SEDAN-WHT","quantity":2,"end":"2026-01-26T06:23:01"}
[resource] ask {"demand":null,"operation":"weld SEDAN-WHT","resource":"body line A","start":"2026-01-25T16:23:01","end":"2026-01-26T06:23:01"}
[resource] candidate {"demand":null,"start":"2026-01-25T16:23:01","end":"2026-01-26T06:23:01","feasible":true}
[buffer] ask {"demand":null,"buffer":"automotive steel","requested":4,"date":"2026-01-25T16:23:01","onhand":154}
[buffer] answer {"demand":null,"buffer":"automotive steel","requested":4,"remainingShortage":0,"quantity":4,"date":"2026-01-25T16:23:01","plan":null}
[operation] answer {"demand":null,"operation":"weld SEDAN-WHT","quantity":2,"start":"2026-01-25T16:23:01","end":"2026-01-26T06:23:01"}
[operation] routing-answer {"demand":null,"operation":"build SEDAN-WHT","quantity":2,"start":"2026-01-25T16:23:01","end":"2026-01-27T13:00:00"}
[buffer] replenish {"buffer":"white sedan","iteration":0,"requested":2,"replenished":2,"producerDate":"2026-01-27T13:00:00","eventCountBefore":11,"eventCountAfter":12,"remaining":0}
[buffer] answer {"demand":null,"buffer":"white sedan","requested":2,"remainingShortage":0,"quantity":2,"date":"2026-01-27T13:00:00","plan":"OperationPlan"}
[operation] answer {"demand":"vehicle order 006 SEDAN-WHT","operation":"ship SEDAN-WHT","quantity":2,"start":"2026-01-27T13:00:00","end":"2026-01-27T16:00:00"}
[demand] reply {"demand":"vehicle order 006 SEDAN-WHT","attempt":1,"result":true,"quantity":2,"date":"2026-01-27T16:00:00"}
[demand] attempt {"demand":"vehicle order 016 SUV-RED","attempt":1,"quantity":1,"requestDate":"2026-01-31T00:00:00","lastDate":"2030-12-31T00:00:00"}
[operation] ask {"demand":"vehicle order 016 SUV-RED","operation":"ship SUV-RED","quantity":1,"end":"2026-01-31T00:00:00"}
[buffer] ask {"demand":null,"buffer":"red suv","requested":1,"date":"2026-01-30T21:00:00","onhand":2}
[buffer] shortage {"buffer":"red suv","iteration":0,"date":"2026-01-30T21:00:00","onhand":-1,"shortage":1}
[operation] routing-ask {"demand":null,"operation":"build SUV-RED","quantity":1,"operationPlanQuantity":1,"end":"2026-01-30T21:00:00","steps":["weld SUV-RED","paint SUV-RED","assemble SUV-RED"]}
[operation] ask {"demand":null,"operation":"assemble SUV-RED","quantity":1,"end":"2026-01-30T21:00:00"}
[resource] ask {"demand":null,"operation":"assemble SUV-RED","resource":"assembly team east","start":"2026-01-30T00:02:51","end":"2026-01-30T21:00:00"}
[resource] candidate {"demand":null,"start":"2026-01-30T00:02:51","end":"2026-01-30T21:00:00","feasible":true}
[resource] ask {"demand":null,"operation":"assemble SUV-RED","resource":"assembly team west","start":"2026-01-29T21:50:32","end":"2026-01-30T21:00:00"}
[resource] candidate {"demand":null,"start":"2026-01-29T21:50:32","end":"2026-01-30T21:00:00","feasible":true}
[resource] ask {"demand":null,"operation":"assemble SUV-RED","resource":"assembly team flex","start":"2026-01-29T19:07:04","end":"2026-01-30T21:00:00"}
[resource] candidate {"demand":null,"start":"2026-01-29T19:07:04","end":"2026-01-30T21:00:00","feasible":true}
[resource] ask {"demand":null,"operation":"assemble SUV-RED","resource":"assembly team east","start":"2026-01-30T00:02:51","end":"2026-01-30T21:00:00"}
[resource] candidate {"demand":null,"start":"2026-01-30T00:02:51","end":"2026-01-30T21:00:00","feasible":true}
[buffer] ask {"demand":null,"buffer":"powertrain","requested":1,"date":"2026-01-30T00:02:51","onhand":80}
[buffer] answer {"demand":null,"buffer":"powertrain","requested":1,"remainingShortage":0,"quantity":1,"date":"2026-01-30T00:02:51","plan":null}
[buffer] ask {"demand":null,"buffer":"electronics kit","requested":1,"date":"2026-01-30T00:02:51","onhand":95}
[buffer] answer {"demand":null,"buffer":"electronics kit","requested":1,"remainingShortage":0,"quantity":1,"date":"2026-01-30T00:02:51","plan":null}
[operation] answer {"demand":null,"operation":"assemble SUV-RED","quantity":1,"start":"2026-01-30T00:02:51","end":"2026-01-30T21:00:00"}
[operation] ask {"demand":null,"operation":"paint SUV-RED","quantity":1,"end":"2026-01-30T00:02:51"}
[resource] ask {"demand":null,"operation":"paint SUV-RED","resource":"paint booth","start":"2026-01-29T09:21:48","end":"2026-01-30T00:02:51"}
[resource] candidate {"demand":null,"start":"2026-01-29T09:21:48","end":"2026-01-30T00:02:51","feasible":true}
[operation] answer {"demand":null,"operation":"paint SUV-RED","quantity":1,"start":"2026-01-29T09:21:48","end":"2026-01-30T00:02:51"}
[operation] ask {"demand":null,"operation":"weld SUV-RED","quantity":1,"end":"2026-01-29T09:21:48"}
[resource] ask {"demand":null,"operation":"weld SUV-RED","resource":"body line A","start":"2026-01-28T15:21:48","end":"2026-01-29T09:21:48"}
[resource] candidate {"demand":null,"start":"2026-01-28T15:21:48","end":"2026-01-29T09:21:48","feasible":true}
[buffer] ask {"demand":null,"buffer":"automotive steel","requested":3,"date":"2026-01-28T15:21:48","onhand":117}
[buffer] answer {"demand":null,"buffer":"automotive steel","requested":3,"remainingShortage":0,"quantity":3,"date":"2026-01-28T15:21:48","plan":null}
[operation] answer {"demand":null,"operation":"weld SUV-RED","quantity":1,"start":"2026-01-28T15:21:48","end":"2026-01-29T09:21:48"}
[operation] routing-answer {"demand":null,"operation":"build SUV-RED","quantity":1,"start":"2026-01-28T15:21:48","end":"2026-01-30T21:00:00"}
[buffer] replenish {"buffer":"red suv","iteration":0,"requested":1,"replenished":1,"producerDate":"2026-01-30T21:00:00","eventCountBefore":11,"eventCountAfter":12,"remaining":0}
[buffer] answer {"demand":null,"buffer":"red suv","requested":1,"remainingShortage":0,"quantity":1,"date":"2026-01-30T21:00:00","plan":"OperationPlan"}
[operation] answer {"demand":"vehicle order 016 SUV-RED","operation":"ship SUV-RED","quantity":1,"start":"2026-01-30T21:00:00","end":"2026-01-31T00:00:00"}
[demand] reply {"demand":"vehicle order 016 SUV-RED","attempt":1,"result":true,"quantity":1,"date":"2026-01-31T00:00:00"}
[demand] attempt {"demand":"vehicle order 026 SEDAN-WHT","attempt":1,"quantity":2,"requestDate":"2026-02-03T08:00:00","lastDate":"2030-12-31T00:00:00"}
[operation] ask {"demand":"vehicle order 026 SEDAN-WHT","operation":"ship SEDAN-WHT","quantity":2,"end":"2026-02-03T08:00:00"}
[buffer] ask {"demand":null,"buffer":"white sedan","requested":2,"date":"2026-02-03T05:00:00","onhand":1}
[buffer] shortage {"buffer":"white sedan","iteration":0,"date":"2026-02-03T05:00:00","onhand":-2,"shortage":2}
[operation] routing-ask {"demand":null,"operation":"build SEDAN-WHT","quantity":2,"operationPlanQuantity":2,"end":"2026-02-03T05:00:00","steps":["weld SEDAN-WHT","paint SEDAN-WHT","assemble SEDAN-WHT"]}
[operation] ask {"demand":null,"operation":"assemble SEDAN-WHT","quantity":2,"end":"2026-02-03T05:00:00"}
[resource] ask {"demand":null,"operation":"assemble SEDAN-WHT","resource":"assembly team east","start":"2026-02-02T11:51:26","end":"2026-02-03T05:00:00"}
[resource] candidate {"demand":null,"start":"2026-02-02T11:51:26","end":"2026-02-03T05:00:00","feasible":true}
[resource] ask {"demand":null,"operation":"assemble SEDAN-WHT","resource":"assembly team west","start":"2026-02-02T10:03:09","end":"2026-02-03T05:00:00"}
[resource] candidate {"demand":null,"start":"2026-02-02T10:03:09","end":"2026-02-03T05:00:00","feasible":true}
[resource] ask {"demand":null,"operation":"assemble SEDAN-WHT","resource":"assembly team flex","start":"2026-02-02T07:49:25","end":"2026-02-03T05:00:00"}
[resource] candidate {"demand":null,"start":"2026-02-02T07:49:25","end":"2026-02-03T05:00:00","feasible":true}
[resource] ask {"demand":null,"operation":"assemble SEDAN-WHT","resource":"assembly team east","start":"2026-02-02T11:51:26","end":"2026-02-03T05:00:00"}
[resource] candidate {"demand":null,"start":"2026-02-02T11:51:26","end":"2026-02-03T05:00:00","feasible":true}
[buffer] ask {"demand":null,"buffer":"powertrain","requested":2,"date":"2026-02-02T11:51:26","onhand":68}
[buffer] answer {"demand":null,"buffer":"powertrain","requested":2,"remainingShortage":0,"quantity":2,"date":"2026-02-02T11:51:26","plan":null}
[buffer] ask {"demand":null,"buffer":"electronics kit","requested":2,"date":"2026-02-02T11:51:26","onhand":83}
[buffer] answer {"demand":null,"buffer":"electronics kit","requested":2,"remainingShortage":0,"quantity":2,"date":"2026-02-02T11:51:26","plan":null}
[operation] answer {"demand":null,"operation":"assemble SEDAN-WHT","quantity":2,"start":"2026-02-02T11:51:26","end":"2026-02-03T05:00:00"}
[operation] ask {"demand":null,"operation":"paint SEDAN-WHT","quantity":2,"end":"2026-02-02T11:51:26"}
[resource] ask {"demand":null,"operation":"paint SEDAN-WHT","resource":"paint booth","start":"2026-02-01T22:23:01","end":"2026-02-02T11:51:26"}
[resource] candidate {"demand":null,"start":"2026-02-01T22:23:01","end":"2026-02-02T11:51:26","feasible":true}
[operation] answer {"demand":null,"operation":"paint SEDAN-WHT","quantity":2,"start":"2026-02-01T22:23:01","end":"2026-02-02T11:51:26"}
[operation] ask {"demand":null,"operation":"weld SEDAN-WHT","quantity":2,"end":"2026-02-01T22:23:01"}
[resource] ask {"demand":null,"operation":"weld SEDAN-WHT","resource":"body line A","start":"2026-02-01T08:23:01","end":"2026-02-01T22:23:01"}
[resource] candidate {"demand":null,"start":"2026-02-01T08:23:01","end":"2026-02-01T22:23:01","feasible":true}
[buffer] ask {"demand":null,"buffer":"automotive steel","requested":4,"date":"2026-02-01T08:23:01","onhand":86}
[buffer] answer {"demand":null,"buffer":"automotive steel","requested":4,"remainingShortage":0,"quantity":4,"date":"2026-02-01T08:23:01","plan":null}
[operation] answer {"demand":null,"operation":"weld SEDAN-WHT","quantity":2,"start":"2026-02-01T08:23:01","end":"2026-02-01T22:23:01"}
[operation] routing-answer {"demand":null,"operation":"build SEDAN-WHT","quantity":2,"start":"2026-02-01T08:23:01","end":"2026-02-03T05:00:00"}
[buffer] replenish {"buffer":"white sedan","iteration":0,"requested":2,"replenished":2,"producerDate":"2026-02-03T05:00:00","eventCountBefore":13,"eventCountAfter":14,"remaining":0}
[buffer] answer {"demand":null,"buffer":"white sedan","requested":2,"remainingShortage":0,"quantity":2,"date":"2026-02-03T05:00:00","plan":"OperationPlan"}
[operation] answer {"demand":"vehicle order 026 SEDAN-WHT","operation":"ship SEDAN-WHT","quantity":2,"start":"2026-02-03T05:00:00","end":"2026-02-03T08:00:00"}
[demand] reply {"demand":"vehicle order 026 SEDAN-WHT","attempt":1,"result":true,"quantity":2,"date":"2026-02-03T08:00:00"}
[demand] attempt {"demand":"vehicle order 036 SUV-RED","attempt":1,"quantity":2,"requestDate":"2026-02-06T16:00:00","lastDate":"2030-12-31T00:00:00"}
[operation] ask {"demand":"vehicle order 036 SUV-RED","operation":"ship SUV-RED","quantity":2,"end":"2026-02-06T16:00:00"}
[buffer] ask {"demand":null,"buffer":"red suv","requested":2,"date":"2026-02-06T13:00:00","onhand":2}
[buffer] shortage {"buffer":"red suv","iteration":0,"date":"2026-02-06T13:00:00","onhand":-2,"shortage":2}
[operation] routing-ask {"demand":null,"operation":"build SUV-RED","quantity":2,"operationPlanQuantity":2,"end":"2026-02-06T13:00:00","steps":["weld SUV-RED","paint SUV-RED","assemble SUV-RED"]}
[operation] ask {"demand":null,"operation":"assemble SUV-RED","quantity":2,"end":"2026-02-06T13:00:00"}
[resource] ask {"demand":null,"operation":"assemble SUV-RED","resource":"assembly team east","start":"2026-02-05T16:02:51","end":"2026-02-06T13:00:00"}
[resource] candidate {"demand":null,"start":"2026-02-05T16:02:51","end":"2026-02-06T13:00:00","feasible":true}
[resource] ask {"demand":null,"operation":"assemble SUV-RED","resource":"assembly team west","start":"2026-02-05T13:50:32","end":"2026-02-06T13:00:00"}
[resource] candidate {"demand":null,"start":"2026-02-05T13:50:32","end":"2026-02-06T13:00:00","feasible":true}
[resource] ask {"demand":null,"operation":"assemble SUV-RED","resource":"assembly team flex","start":"2026-02-05T11:07:04","end":"2026-02-06T13:00:00"}
[resource] candidate {"demand":null,"start":"2026-02-05T11:07:04","end":"2026-02-06T13:00:00","feasible":true}
[resource] ask {"demand":null,"operation":"assemble SUV-RED","resource":"assembly team east","start":"2026-02-05T16:02:51","end":"2026-02-06T13:00:00"}
[resource] candidate {"demand":null,"start":"2026-02-05T16:02:51","end":"2026-02-06T13:00:00","feasible":true}
[buffer] ask {"demand":null,"buffer":"powertrain","requested":2,"date":"2026-02-05T16:02:51","onhand":55}
[buffer] answer {"demand":null,"buffer":"powertrain","requested":2,"remainingShortage":0,"quantity":2,"date":"2026-02-05T16:02:51","plan":null}
[buffer] ask {"demand":null,"buffer":"electronics kit","requested":2,"date":"2026-02-05T16:02:51","onhand":70}
[buffer] answer {"demand":null,"buffer":"electronics kit","requested":2,"remainingShortage":0,"quantity":2,"date":"2026-02-05T16:02:51","plan":null}
[operation] answer {"demand":null,"operation":"assemble SUV-RED","quantity":2,"start":"2026-02-05T16:02:51","end":"2026-02-06T13:00:00"}
[operation] ask {"demand":null,"operation":"paint SUV-RED","quantity":2,"end":"2026-02-05T16:02:51"}
[resource] ask {"demand":null,"operation":"paint SUV-RED","resource":"paint booth","start":"2026-02-05T01:21:48","end":"2026-02-05T16:02:51"}
[resource] candidate {"demand":null,"start":"2026-02-05T01:21:48","end":"2026-02-05T16:02:51","feasible":true}
[operation] answer {"demand":null,"operation":"paint SUV-RED","quantity":2,"start":"2026-02-05T01:21:48","end":"2026-02-05T16:02:51"}
[operation] ask {"demand":null,"operation":"weld SUV-RED","quantity":2,"end":"2026-02-05T01:21:48"}
[resource] ask {"demand":null,"operation":"weld SUV-RED","resource":"body line A","start":"2026-02-04T07:21:48","end":"2026-02-05T01:21:48"}
[resource] candidate {"demand":null,"start":"2026-02-04T07:21:48","end":"2026-02-05T01:21:48","feasible":true}
[buffer] ask {"demand":null,"buffer":"automotive steel","requested":6,"date":"2026-02-04T07:21:48","onhand":53}
[buffer] answer {"demand":null,"buffer":"automotive steel","requested":6,"remainingShortage":0,"quantity":6,"date":"2026-02-04T07:21:48","plan":null}
[operation] answer {"demand":null,"operation":"weld SUV-RED","quantity":2,"start":"2026-02-04T07:21:48","end":"2026-02-05T01:21:48"}
[operation] routing-answer {"demand":null,"operation":"build SUV-RED","quantity":2,"start":"2026-02-04T07:21:48","end":"2026-02-06T13:00:00"}
[buffer] replenish {"buffer":"red suv","iteration":0,"requested":2,"replenished":2,"producerDate":"2026-02-06T13:00:00","eventCountBefore":13,"eventCountAfter":14,"remaining":0}
[buffer] answer {"demand":null,"buffer":"red suv","requested":2,"remainingShortage":0,"quantity":2,"date":"2026-02-06T13:00:00","plan":"OperationPlan"}
[operation] answer {"demand":"vehicle order 036 SUV-RED","operation":"ship SUV-RED","quantity":2,"start":"2026-02-06T13:00:00","end":"2026-02-06T16:00:00"}
[demand] reply {"demand":"vehicle order 036 SUV-RED","attempt":1,"result":true,"quantity":2,"date":"2026-02-06T16:00:00"}
[demand] attempt {"demand":"vehicle order 046 SEDAN-WHT","attempt":1,"quantity":1,"requestDate":"2026-02-10T00:00:00","lastDate":"2030-12-31T00:00:00"}
[operation] ask {"demand":"vehicle order 046 SEDAN-WHT","operation":"ship SEDAN-WHT","quantity":1,"end":"2026-02-10T00:00:00"}
[buffer] ask {"demand":null,"buffer":"white sedan","requested":1,"date":"2026-02-09T21:00:00","onhand":2}
[buffer] shortage {"buffer":"white sedan","iteration":0,"date":"2026-02-09T21:00:00","onhand":-1,"shortage":1}
[operation] routing-ask {"demand":null,"operation":"build SEDAN-WHT","quantity":1,"operationPlanQuantity":1,"end":"2026-02-09T21:00:00","steps":["weld SEDAN-WHT","paint SEDAN-WHT","assemble SEDAN-WHT"]}
[operation] ask {"demand":null,"operation":"assemble SEDAN-WHT","quantity":1,"end":"2026-02-09T21:00:00"}
[resource] ask {"demand":null,"operation":"assemble SEDAN-WHT","resource":"assembly team east","start":"2026-02-09T03:51:26","end":"2026-02-09T21:00:00"}
[resource] candidate {"demand":null,"start":"2026-02-09T03:51:26","end":"2026-02-09T21:00:00","feasible":true}
[resource] ask {"demand":null,"operation":"assemble SEDAN-WHT","resource":"assembly team west","start":"2026-02-09T02:03:09","end":"2026-02-09T21:00:00"}
[resource] candidate {"demand":null,"start":"2026-02-09T02:03:09","end":"2026-02-09T21:00:00","feasible":true}
[resource] ask {"demand":null,"operation":"assemble SEDAN-WHT","resource":"assembly team flex","start":"2026-02-08T23:49:25","end":"2026-02-09T21:00:00"}
[resource] candidate {"demand":null,"start":"2026-02-08T23:49:25","end":"2026-02-09T21:00:00","feasible":true}
[resource] ask {"demand":null,"operation":"assemble SEDAN-WHT","resource":"assembly team east","start":"2026-02-09T03:51:26","end":"2026-02-09T21:00:00"}
[resource] candidate {"demand":null,"start":"2026-02-09T03:51:26","end":"2026-02-09T21:00:00","feasible":true}
[buffer] ask {"demand":null,"buffer":"powertrain","requested":1,"date":"2026-02-09T03:51:26","onhand":41}
[buffer] answer {"demand":null,"buffer":"powertrain","requested":1,"remainingShortage":0,"quantity":1,"date":"2026-02-09T03:51:26","plan":null}
[buffer] ask {"demand":null,"buffer":"electronics kit","requested":1,"date":"2026-02-09T03:51:26","onhand":56}
[buffer] answer {"demand":null,"buffer":"electronics kit","requested":1,"remainingShortage":0,"quantity":1,"date":"2026-02-09T03:51:26","plan":null}
[operation] answer {"demand":null,"operation":"assemble SEDAN-WHT","quantity":1,"start":"2026-02-09T03:51:26","end":"2026-02-09T21:00:00"}
[operation] ask {"demand":null,"operation":"paint SEDAN-WHT","quantity":1,"end":"2026-02-09T03:51:26"}
[resource] ask {"demand":null,"operation":"paint SEDAN-WHT","resource":"paint booth","start":"2026-02-08T14:23:01","end":"2026-02-09T03:51:26"}
[resource] candidate {"demand":null,"start":"2026-02-08T14:23:01","end":"2026-02-09T03:51:26","feasible":true}
[operation] answer {"demand":null,"operation":"paint SEDAN-WHT","quantity":1,"start":"2026-02-08T14:23:01","end":"2026-02-09T03:51:26"}
[operation] ask {"demand":null,"operation":"weld SEDAN-WHT","quantity":1,"end":"2026-02-08T14:23:01"}
[resource] ask {"demand":null,"operation":"weld SEDAN-WHT","resource":"body line A","start":"2026-02-08T00:23:01","end":"2026-02-08T14:23:01"}
[resource] candidate {"demand":null,"start":"2026-02-08T00:23:01","end":"2026-02-08T14:23:01","feasible":true}
[buffer] ask {"demand":null,"buffer":"automotive steel","requested":2,"date":"2026-02-08T00:23:01","onhand":20}
[buffer] answer {"demand":null,"buffer":"automotive steel","requested":2,"remainingShortage":0,"quantity":2,"date":"2026-02-08T00:23:01","plan":null}
[operation] answer {"demand":null,"operation":"weld SEDAN-WHT","quantity":1,"start":"2026-02-08T00:23:01","end":"2026-02-08T14:23:01"}
[operation] routing-answer {"demand":null,"operation":"build SEDAN-WHT","quantity":1,"start":"2026-02-08T00:23:01","end":"2026-02-09T21:00:00"}
[buffer] replenish {"buffer":"white sedan","iteration":0,"requested":1,"replenished":1,"producerDate":"2026-02-09T21:00:00","eventCountBefore":15,"eventCountAfter":16,"remaining":0}
[buffer] answer {"demand":null,"buffer":"white sedan","requested":1,"remainingShortage":0,"quantity":1,"date":"2026-02-09T21:00:00","plan":"OperationPlan"}
[operation] answer {"demand":"vehicle order 046 SEDAN-WHT","operation":"ship SEDAN-WHT","quantity":1,"start":"2026-02-09T21:00:00","end":"2026-02-10T00:00:00"}
[demand] reply {"demand":"vehicle order 046 SEDAN-WHT","attempt":1,"result":true,"quantity":1,"date":"2026-02-10T00:00:00"}
[demand] attempt {"demand":"vehicle order 007 SUV-BLK","attempt":1,"quantity":1,"requestDate":"2026-01-28T00:00:00","lastDate":"2030-12-31T00:00:00"}
[operation] ask {"demand":"vehicle order 007 SUV-BLK","operation":"ship SUV-BLK","quantity":1,"end":"2026-01-28T00:00:00"}
[buffer] ask {"demand":null,"buffer":"black suv","requested":1,"date":"2026-01-27T21:00:00","onhand":3}
[buffer] shortage {"buffer":"black suv","iteration":0,"date":"2026-01-27T21:00:00","onhand":-1,"shortage":1}
[operation] routing-ask {"demand":null,"operation":"build SUV-BLK","quantity":1,"operationPlanQuantity":1,"end":"2026-01-27T21:00:00","steps":["weld SUV-BLK","paint SUV-BLK","assemble SUV-BLK"]}
[operation] ask {"demand":null,"operation":"assemble SUV-BLK","quantity":1,"end":"2026-01-27T21:00:00"}
[resource] ask {"demand":null,"operation":"assemble SUV-BLK","resource":"assembly team east","start":"2026-01-27T00:02:51","end":"2026-01-27T21:00:00"}
[resource] candidate {"demand":null,"start":"2026-01-27T00:02:51","end":"2026-01-27T21:00:00","feasible":true}
[resource] ask {"demand":null,"operation":"assemble SUV-BLK","resource":"assembly team west","start":"2026-01-26T21:50:32","end":"2026-01-27T21:00:00"}
[resource] candidate {"demand":null,"start":"2026-01-26T21:50:32","end":"2026-01-27T21:00:00","feasible":true}
[resource] ask {"demand":null,"operation":"assemble SUV-BLK","resource":"assembly team flex","start":"2026-01-26T19:07:04","end":"2026-01-27T21:00:00"}
[resource] candidate {"demand":null,"start":"2026-01-26T19:07:04","end":"2026-01-27T21:00:00","feasible":true}
[resource] ask {"demand":null,"operation":"assemble SUV-BLK","resource":"assembly team east","start":"2026-01-27T00:02:51","end":"2026-01-27T21:00:00"}
[resource] candidate {"demand":null,"start":"2026-01-27T00:02:51","end":"2026-01-27T21:00:00","feasible":true}
[buffer] ask {"demand":null,"buffer":"powertrain","requested":1,"date":"2026-01-27T00:02:51","onhand":92}
[buffer] answer {"demand":null,"buffer":"powertrain","requested":1,"remainingShortage":0,"quantity":1,"date":"2026-01-27T00:02:51","plan":null}
[buffer] ask {"demand":null,"buffer":"electronics kit","requested":1,"date":"2026-01-27T00:02:51","onhand":107}
[buffer] answer {"demand":null,"buffer":"electronics kit","requested":1,"remainingShortage":0,"quantity":1,"date":"2026-01-27T00:02:51","plan":null}
[operation] answer {"demand":null,"operation":"assemble SUV-BLK","quantity":1,"start":"2026-01-27T00:02:51","end":"2026-01-27T21:00:00"}
[operation] ask {"demand":null,"operation":"paint SUV-BLK","quantity":1,"end":"2026-01-27T00:02:51"}
[resource] ask {"demand":null,"operation":"paint SUV-BLK","resource":"paint booth","start":"2026-01-26T10:24:57","end":"2026-01-27T00:02:51"}
[resource] candidate {"demand":null,"start":"2026-01-26T10:24:57","end":"2026-01-27T00:02:51","feasible":true}
[operation] answer {"demand":null,"operation":"paint SUV-BLK","quantity":1,"start":"2026-01-26T10:24:57","end":"2026-01-27T00:02:51"}
[operation] ask {"demand":null,"operation":"weld SUV-BLK","quantity":1,"end":"2026-01-26T10:24:57"}
[resource] ask {"demand":null,"operation":"weld SUV-BLK","resource":"body line A","start":"2026-01-25T12:24:57","end":"2026-01-26T10:24:57"}
[resource] candidate {"demand":null,"start":"2026-01-25T12:24:57","end":"2026-01-26T10:24:57","feasible":true}
[buffer] ask {"demand":null,"buffer":"automotive steel","requested":3,"date":"2026-01-25T16:24:57","onhand":150}
[buffer] answer {"demand":null,"buffer":"automotive steel","requested":3,"remainingShortage":0,"quantity":3,"date":"2026-01-25T16:24:57","plan":null}
[operation] answer {"demand":null,"operation":"weld SUV-BLK","quantity":1,"start":"2026-01-25T12:24:57","end":"2026-01-26T10:24:57"}
[operation] routing-answer {"demand":null,"operation":"build SUV-BLK","quantity":1,"start":"2026-01-25T12:24:57","end":"2026-01-27T21:00:00"}
[buffer] replenish {"buffer":"black suv","iteration":0,"requested":1,"replenished":1,"producerDate":"2026-01-27T21:00:00","eventCountBefore":15,"eventCountAfter":16,"remaining":0}
[buffer] answer {"demand":null,"buffer":"black suv","requested":1,"remainingShortage":0,"quantity":1,"date":"2026-01-27T21:00:00","plan":"OperationPlan"}
[operation] answer {"demand":"vehicle order 007 SUV-BLK","operation":"ship SUV-BLK","quantity":1,"start":"2026-01-27T21:00:00","end":"2026-01-28T00:00:00"}
[demand] reply {"demand":"vehicle order 007 SUV-BLK","attempt":1,"result":true,"quantity":1,"date":"2026-01-28T00:00:00"}
[demand] attempt {"demand":"vehicle order 017 SEDAN-BLK","attempt":1,"quantity":4,"requestDate":"2026-01-31T08:00:00","lastDate":"2030-12-31T00:00:00"}
[operation] ask {"demand":"vehicle order 017 SEDAN-BLK","operation":"ship SEDAN-BLK","quantity":4,"end":"2026-01-31T08:00:00"}
[buffer] ask {"demand":null,"buffer":"black sedan","requested":4,"date":"2026-01-31T05:00:00","onhand":1}
[buffer] shortage {"buffer":"black sedan","iteration":0,"date":"2026-01-31T05:00:00","onhand":-4,"shortage":4}
[operation] routing-ask {"demand":null,"operation":"build SEDAN-BLK","quantity":4,"operationPlanQuantity":4,"end":"2026-01-31T05:00:00","steps":["weld SEDAN-BLK","paint SEDAN-BLK","assemble SEDAN-BLK"]}
[operation] ask {"demand":null,"operation":"assemble SEDAN-BLK","quantity":4,"end":"2026-01-31T05:00:00"}
[resource] ask {"demand":null,"operation":"assemble SEDAN-BLK","resource":"assembly team east","start":"2026-01-30T11:51:26","end":"2026-01-31T05:00:00"}
[resource] candidate {"demand":null,"start":"2026-01-30T11:51:26","end":"2026-01-31T05:00:00","feasible":true}
[resource] ask {"demand":null,"operation":"assemble SEDAN-BLK","resource":"assembly team west","start":"2026-01-30T10:03:09","end":"2026-01-31T05:00:00"}
[resource] candidate {"demand":null,"start":"2026-01-30T10:03:09","end":"2026-01-31T05:00:00","feasible":true}
[resource] ask {"demand":null,"operation":"assemble SEDAN-BLK","resource":"assembly team flex","start":"2026-01-30T07:49:25","end":"2026-01-31T05:00:00"}
[resource] candidate {"demand":null,"start":"2026-01-30T07:49:25","end":"2026-01-31T05:00:00","feasible":true}
[resource] ask {"demand":null,"operation":"assemble SEDAN-BLK","resource":"assembly team east","start":"2026-01-30T11:51:26","end":"2026-01-31T05:00:00"}
[resource] candidate {"demand":null,"start":"2026-01-30T11:51:26","end":"2026-01-31T05:00:00","feasible":true}
[buffer] ask {"demand":null,"buffer":"powertrain","requested":4,"date":"2026-01-30T11:51:26","onhand":78}
[buffer] answer {"demand":null,"buffer":"powertrain","requested":4,"remainingShortage":0,"quantity":4,"date":"2026-01-30T11:51:26","plan":null}
[buffer] ask {"demand":null,"buffer":"electronics kit","requested":4,"date":"2026-01-30T11:51:26","onhand":93}
[buffer] answer {"demand":null,"buffer":"electronics kit","requested":4,"remainingShortage":0,"quantity":4,"date":"2026-01-30T11:51:26","plan":null}
[operation] answer {"demand":null,"operation":"assemble SEDAN-BLK","quantity":4,"start":"2026-01-30T11:51:26","end":"2026-01-31T05:00:00"}
[operation] ask {"demand":null,"operation":"paint SEDAN-BLK","quantity":4,"end":"2026-01-30T11:51:26"}
[resource] ask {"demand":null,"operation":"paint SEDAN-BLK","resource":"paint booth","start":"2026-01-30T00:19:51","end":"2026-01-30T11:51:26"}
[resource] candidate {"demand":null,"start":"2026-01-30T00:19:51","end":"2026-01-30T11:51:26","feasible":true}
[operation] answer {"demand":null,"operation":"paint SEDAN-BLK","quantity":4,"start":"2026-01-30T00:19:51","end":"2026-01-30T11:51:26"}
[operation] ask {"demand":null,"operation":"weld SEDAN-BLK","quantity":4,"end":"2026-01-30T00:19:51"}
[resource] ask {"demand":null,"operation":"weld SEDAN-BLK","resource":"body line A","start":"2026-01-29T07:19:51","end":"2026-01-30T00:19:51"}
[resource] candidate {"demand":null,"start":"2026-01-29T07:19:51","end":"2026-01-30T00:19:51","feasible":true}
[buffer] ask {"demand":null,"buffer":"automotive steel","requested":8,"date":"2026-01-29T10:19:51","onhand":111}
[buffer] answer {"demand":null,"buffer":"automotive steel","requested":8,"remainingShortage":0,"quantity":8,"date":"2026-01-29T10:19:51","plan":null}
[operation] answer {"demand":null,"operation":"weld SEDAN-BLK","quantity":4,"start":"2026-01-29T07:19:51","end":"2026-01-30T00:19:51"}
[operation] routing-answer {"demand":null,"operation":"build SEDAN-BLK","quantity":4,"start":"2026-01-29T07:19:51","end":"2026-01-31T05:00:00"}
[buffer] replenish {"buffer":"black sedan","iteration":0,"requested":4,"replenished":4,"producerDate":"2026-01-31T05:00:00","eventCountBefore":17,"eventCountAfter":18,"remaining":0}
[buffer] answer {"demand":null,"buffer":"black sedan","requested":4,"remainingShortage":0,"quantity":4,"date":"2026-01-31T05:00:00","plan":"OperationPlan"}
[operation] answer {"demand":"vehicle order 017 SEDAN-BLK","operation":"ship SEDAN-BLK","quantity":4,"start":"2026-01-31T05:00:00","end":"2026-01-31T08:00:00"}
[demand] reply {"demand":"vehicle order 017 SEDAN-BLK","attempt":1,"result":true,"quantity":4,"date":"2026-01-31T08:00:00"}
[demand] attempt {"demand":"vehicle order 027 SUV-BLK","attempt":1,"quantity":3,"requestDate":"2026-02-03T16:00:00","lastDate":"2030-12-31T00:00:00"}
[operation] ask {"demand":"vehicle order 027 SUV-BLK","operation":"ship SUV-BLK","quantity":3,"end":"2026-02-03T16:00:00"}
[buffer] ask {"demand":null,"buffer":"black suv","requested":3,"date":"2026-02-03T13:00:00","onhand":4}
[buffer] shortage {"buffer":"black suv","iteration":0,"date":"2026-02-03T13:00:00","onhand":-3,"shortage":3}
[operation] routing-ask {"demand":null,"operation":"build SUV-BLK","quantity":3,"operationPlanQuantity":3,"end":"2026-02-03T13:00:00","steps":["weld SUV-BLK","paint SUV-BLK","assemble SUV-BLK"]}
[operation] ask {"demand":null,"operation":"assemble SUV-BLK","quantity":3,"end":"2026-02-03T13:00:00"}
[resource] ask {"demand":null,"operation":"assemble SUV-BLK","resource":"assembly team east","start":"2026-02-02T16:02:51","end":"2026-02-03T13:00:00"}
[resource] candidate {"demand":null,"start":"2026-02-02T16:02:51","end":"2026-02-03T13:00:00","feasible":true}
[resource] ask {"demand":null,"operation":"assemble SUV-BLK","resource":"assembly team west","start":"2026-02-02T13:50:32","end":"2026-02-03T13:00:00"}
[resource] candidate {"demand":null,"start":"2026-02-02T13:50:32","end":"2026-02-03T13:00:00","feasible":true}
[resource] ask {"demand":null,"operation":"assemble SUV-BLK","resource":"assembly team flex","start":"2026-02-02T11:07:04","end":"2026-02-03T13:00:00"}
[resource] candidate {"demand":null,"start":"2026-02-02T11:07:04","end":"2026-02-03T13:00:00","feasible":true}
[resource] ask {"demand":null,"operation":"assemble SUV-BLK","resource":"assembly team east","start":"2026-02-02T16:02:51","end":"2026-02-03T13:00:00"}
[resource] candidate {"demand":null,"start":"2026-02-02T16:02:51","end":"2026-02-03T13:00:00","feasible":true}
[buffer] ask {"demand":null,"buffer":"powertrain","requested":3,"date":"2026-02-02T16:02:51","onhand":61}
[buffer] answer {"demand":null,"buffer":"powertrain","requested":3,"remainingShortage":0,"quantity":3,"date":"2026-02-02T16:02:51","plan":null}
[buffer] ask {"demand":null,"buffer":"electronics kit","requested":3,"date":"2026-02-02T16:02:51","onhand":76}
[buffer] answer {"demand":null,"buffer":"electronics kit","requested":3,"remainingShortage":0,"quantity":3,"date":"2026-02-02T16:02:51","plan":null}
[operation] answer {"demand":null,"operation":"assemble SUV-BLK","quantity":3,"start":"2026-02-02T16:02:51","end":"2026-02-03T13:00:00"}
[operation] ask {"demand":null,"operation":"paint SUV-BLK","quantity":3,"end":"2026-02-02T16:02:51"}
[resource] ask {"demand":null,"operation":"paint SUV-BLK","resource":"paint booth","start":"2026-02-02T02:24:57","end":"2026-02-02T16:02:51"}
[resource] candidate {"demand":null,"start":"2026-02-02T02:24:57","end":"2026-02-02T16:02:51","feasible":true}
[operation] answer {"demand":null,"operation":"paint SUV-BLK","quantity":3,"start":"2026-02-02T02:24:57","end":"2026-02-02T16:02:51"}
[operation] ask {"demand":null,"operation":"weld SUV-BLK","quantity":3,"end":"2026-02-02T02:24:57"}
[resource] ask {"demand":null,"operation":"weld SUV-BLK","resource":"body line A","start":"2026-02-01T04:24:57","end":"2026-02-02T02:24:57"}
[resource] candidate {"demand":null,"start":"2026-02-01T04:24:57","end":"2026-02-02T02:24:57","feasible":true}
[buffer] ask {"demand":null,"buffer":"automotive steel","requested":9,"date":"2026-02-01T08:24:57","onhand":71}
[buffer] shortage {"buffer":"automotive steel","iteration":0,"date":"2026-02-08T00:23:01","onhand":-2,"shortage":2}
[buffer] answer {"demand":null,"buffer":"automotive steel","requested":9,"remainingShortage":2,"quantity":7,"date":"2030-12-31T00:00:00","plan":null}
[operation] answer {"demand":null,"operation":"weld SUV-BLK","quantity":2.3333333333333335,"start":"2026-02-01T04:24:57","end":"2026-02-02T02:24:57"}
[operation] routing-answer {"demand":null,"operation":"build SUV-BLK","quantity":2.3333333333333335,"start":"2026-02-01T04:24:57","end":"2026-02-03T13:00:00"}
[buffer] replenish {"buffer":"black suv","iteration":0,"requested":3,"replenished":2.3333333333333335,"producerDate":"2026-02-03T13:00:00","eventCountBefore":17,"eventCountAfter":18,"remaining":0.6666666666666665}
[buffer] shortage {"buffer":"black suv","iteration":1,"date":"2026-02-03T13:00:00","onhand":-0.6666666666666665,"shortage":0.6666666666666665}
[operation] routing-ask {"demand":null,"operation":"build SUV-BLK","quantity":0.6666666666666665,"operationPlanQuantity":1,"end":"2026-02-03T13:00:00","steps":["weld SUV-BLK","paint SUV-BLK","assemble SUV-BLK"]}
[operation] ask {"demand":null,"operation":"assemble SUV-BLK","quantity":1,"end":"2026-02-03T13:00:00"}
[resource] ask {"demand":null,"operation":"assemble SUV-BLK","resource":"assembly team east","start":"2026-02-02T16:02:51","end":"2026-02-03T13:00:00"}
[resource] candidate {"demand":null,"start":"2026-02-02T16:02:51","end":"2026-02-03T13:00:00","feasible":true}
[resource] ask {"demand":null,"operation":"assemble SUV-BLK","resource":"assembly team west","start":"2026-02-02T13:50:32","end":"2026-02-03T13:00:00"}
[resource] candidate {"demand":null,"start":"2026-02-02T13:50:32","end":"2026-02-03T13:00:00","feasible":true}
[resource] ask {"demand":null,"operation":"assemble SUV-BLK","resource":"assembly team flex","start":"2026-02-02T11:07:04","end":"2026-02-03T13:00:00"}
[resource] candidate {"demand":null,"start":"2026-02-02T11:07:04","end":"2026-02-03T13:00:00","feasible":true}
[resource] ask {"demand":null,"operation":"assemble SUV-BLK","resource":"assembly team east","start":"2026-02-02T16:02:51","end":"2026-02-03T13:00:00"}
[resource] candidate {"demand":null,"start":"2026-02-02T16:02:51","end":"2026-02-03T13:00:00","feasible":true}
[buffer] ask {"demand":null,"buffer":"powertrain","requested":1,"date":"2026-02-02T16:02:51","onhand":61}
[buffer] answer {"demand":null,"buffer":"powertrain","requested":1,"remainingShortage":0,"quantity":1,"date":"2026-02-02T16:02:51","plan":null}
[buffer] ask {"demand":null,"buffer":"electronics kit","requested":1,"date":"2026-02-02T16:02:51","onhand":76}
[buffer] answer {"demand":null,"buffer":"electronics kit","requested":1,"remainingShortage":0,"quantity":1,"date":"2026-02-02T16:02:51","plan":null}
[operation] answer {"demand":null,"operation":"assemble SUV-BLK","quantity":1,"start":"2026-02-02T16:02:51","end":"2026-02-03T13:00:00"}
[operation] ask {"demand":null,"operation":"paint SUV-BLK","quantity":1,"end":"2026-02-02T16:02:51"}
[resource] ask {"demand":null,"operation":"paint SUV-BLK","resource":"paint booth","start":"2026-02-02T02:24:57","end":"2026-02-02T16:02:51"}
[resource] candidate {"demand":null,"start":"2026-02-02T02:24:57","end":"2026-02-02T16:02:51","feasible":false}
[resource] overload {"demand":null,"operation":"paint SUV-BLK","loadPlanIndex":67,"overloadIndex":63,"events":[{"index":55,"date":"2026-02-01T16:02:51","type":1,"quantity":-1,"onhand":0,"maximum":3,"operation":"paint SUV-RED"},{"index":56,"date":"2026-02-01T16:19:51","type":1,"quantity":1,"onhand":1,"maximum":3,"operation":"paint SEDAN-BLK"},{"index":57,"date":"2026-02-01T17:19:51","type":5,"quantity":0,"onhand":1,"maximum":3,"operation":"paint SEDAN-BLK"},{"index":58,"date":"2026-02-01T22:23:01","type":1,"quantity":1,"onhand":2,"maximum":3,"operation":"paint SEDAN-WHT"},{"index":59,"date":"2026-02-02T02:23:01","type":5,"quantity":0,"onhand":2,"maximum":3,"operation":"paint SEDAN-WHT"},{"index":60,"date":"2026-02-02T02:24:57","type":1,"quantity":1,"onhand":3,"maximum":3,"operation":"paint SUV-BLK"},{"index":61,"date":"2026-02-02T03:24:57","type":5,"quantity":0,"onhand":3,"maximum":3,"operation":"paint SUV-BLK"},{"index":62,"date":"2026-02-02T03:24:57","type":5,"quantity":0,"onhand":3,"maximum":3,"operation":"paint SUV-BLK"},{"index":63,"date":"2026-02-02T03:24:57","type":1,"quantity":1,"onhand":4,"maximum":3,"operation":"paint SUV-BLK"},{"index":64,"date":"2026-02-02T03:51:26","type":1,"quantity":-1,"onhand":3,"maximum":3,"operation":"paint SEDAN-BLK"},{"index":65,"date":"2026-02-02T11:51:26","type":1,"quantity":-1,"onhand":2,"maximum":3,"operation":"paint SEDAN-WHT"},{"index":66,"date":"2026-02-02T16:02:51","type":1,"quantity":-1,"onhand":1,"maximum":3,"operation":"paint SUV-BLK"},{"index":67,"date":"2026-02-02T16:02:51","type":1,"quantity":-1,"onhand":0,"maximum":3,"operation":"paint SUV-BLK"},{"index":68,"date":"2026-02-03T11:24:57","type":5,"quantity":0,"onhand":0,"maximum":3,"operation":"paint SUV-BLK"},{"index":69,"date":"2026-02-03T11:24:57","type":1,"quantity":1,"onhand":1,"maximum":3,"operation":"paint SUV-BLK"}]}
[resource] candidate {"demand":null,"iteration":1,"boundary":"2026-02-02T03:24:57","start":"2026-02-01T13:47:03","end":"2026-02-02T03:24:57","feasible":false}
[resource] overload {"demand":null,"operation":"paint SUV-BLK","loadPlanIndex":64,"overloadIndex":62,"events":[{"index":54,"date":"2026-02-01T08:02:51","type":1,"quantity":-1,"onhand":1,"maximum":3,"operation":"paint SUV-BLK"},{"index":55,"date":"2026-02-01T13:47:03","type":1,"quantity":1,"onhand":2,"maximum":3,"operation":"paint SUV-BLK"},{"index":56,"date":"2026-02-01T14:47:03","type":5,"quantity":0,"onhand":2,"maximum":3,"operation":"paint SUV-BLK"},{"index":57,"date":"2026-02-01T16:02:51","type":1,"quantity":-1,"onhand":1,"maximum":3,"operation":"paint SUV-RED"},{"index":58,"date":"2026-02-01T17:19:51","type":5,"quantity":0,"onhand":1,"maximum":3,"operation":"paint SEDAN-BLK"},{"index":59,"date":"2026-02-01T17:19:51","type":1,"quantity":1,"onhand":2,"maximum":3,"operation":"paint SEDAN-BLK"},{"index":60,"date":"2026-02-01T22:23:01","type":1,"quantity":1,"onhand":3,"maximum":3,"operation":"paint SEDAN-WHT"},{"index":61,"date":"2026-02-02T02:23:01","type":5,"quantity":0,"onhand":3,"maximum":3,"operation":"paint SEDAN-WHT"},{"index":62,"date":"2026-02-02T02:24:57","type":1,"quantity":1,"onhand":4,"maximum":3,"operation":"paint SUV-BLK"},{"index":63,"date":"2026-02-02T03:24:57","type":5,"quantity":0,"onhand":4,"maximum":3,"operation":"paint SUV-BLK"},{"index":64,"date":"2026-02-02T03:24:57","type":1,"quantity":-1,"onhand":3,"maximum":3,"operation":"paint SUV-BLK"},{"index":65,"date":"2026-02-02T03:51:26","type":1,"quantity":-1,"onhand":2,"maximum":3,"operation":"paint SEDAN-BLK"},{"index":66,"date":"2026-02-02T11:51:26","type":1,"quantity":-1,"onhand":1,"maximum":3,"operation":"paint SEDAN-WHT"}]}
[resource] candidate {"demand":null,"iteration":2,"boundary":"2026-02-02T02:24:57","start":"2026-02-01T12:47:03","end":"2026-02-02T02:24:57","feasible":false}
[resource] candidate {"demand":null,"iteration":3,"boundary":"2026-02-01T12:47:03","start":"2026-02-01T12:47:03","end":"2026-02-02T02:24:57","feasible":true}
[operation] answer {"demand":null,"operation":"paint SUV-BLK","quantity":1,"start":"2026-02-01T12:47:03","end":"2026-02-02T02:24:57"}
[operation] ask {"demand":null,"operation":"weld SUV-BLK","quantity":1,"end":"2026-02-01T12:47:03"}
[resource] ask {"demand":null,"operation":"weld SUV-BLK","resource":"body line A","start":"2026-01-31T18:47:03","end":"2026-02-01T12:47:03"}
[resource] candidate {"demand":null,"start":"2026-01-31T18:47:03","end":"2026-02-01T12:47:03","feasible":true}
[buffer] ask {"demand":null,"buffer":"automotive steel","requested":3,"date":"2026-01-31T18:47:03","onhand":77}
[buffer] shortage {"buffer":"automotive steel","iteration":0,"date":"2026-02-07T18:19:51","onhand":-1,"shortage":1}
[buffer] answer {"demand":null,"buffer":"automotive steel","requested":3,"remainingShortage":3,"quantity":0,"date":"2030-12-31T00:00:00","plan":null}
[operation] material-reject {"demand":null,"operation":"weld SUV-BLK","start":"2026-01-31T18:47:03","end":"2026-02-01T12:47:03","asked":3,"answerQuantity":0,"answerDate":"2030-12-31T00:00:00"}
[buffer] replenish {"buffer":"black suv","iteration":1,"requested":0.6666666666666665,"replenished":0,"producerDate":"2030-12-31T00:00:00","eventCountBefore":18,"eventCountAfter":18,"remaining":0.6666666666666665}
[buffer] answer {"demand":null,"buffer":"black suv","requested":3,"remainingShortage":0.6666666666666665,"quantity":2.3333333333333335,"date":"2030-12-31T00:00:00","plan":null}
[operation] answer {"demand":"vehicle order 027 SUV-BLK","operation":"ship SUV-BLK","quantity":2.3333333333333335,"start":"2026-02-03T13:00:00","end":"2026-02-03T16:00:00"}
[demand] reply {"demand":"vehicle order 027 SUV-BLK","attempt":1,"result":true,"quantity":2.3333333333333335,"date":"2030-12-31T00:00:00"}
[demand] attempt {"demand":"vehicle order 037 SEDAN-BLK","attempt":1,"quantity":1,"requestDate":"2026-02-07T00:00:00","lastDate":"2030-12-31T00:00:00"}
[operation] ask {"demand":"vehicle order 037 SEDAN-BLK","operation":"ship SEDAN-BLK","quantity":1,"end":"2026-02-07T00:00:00"}
[buffer] ask {"demand":null,"buffer":"black sedan","requested":1,"date":"2026-02-06T21:00:00","onhand":3}
[buffer] shortage {"buffer":"black sedan","iteration":0,"date":"2026-02-06T21:00:00","onhand":-1,"shortage":1}
[operation] routing-ask {"demand":null,"operation":"build SEDAN-BLK","quantity":1,"operationPlanQuantity":1,"end":"2026-02-06T21:00:00","steps":["weld SEDAN-BLK","paint SEDAN-BLK","assemble SEDAN-BLK"]}
[operation] ask {"demand":null,"operation":"assemble SEDAN-BLK","quantity":1,"end":"2026-02-06T21:00:00"}
[resource] ask {"demand":null,"operation":"assemble SEDAN-BLK","resource":"assembly team east","start":"2026-02-06T03:51:26","end":"2026-02-06T21:00:00"}
[resource] candidate {"demand":null,"start":"2026-02-06T03:51:26","end":"2026-02-06T21:00:00","feasible":true}
[resource] ask {"demand":null,"operation":"assemble SEDAN-BLK","resource":"assembly team west","start":"2026-02-06T02:03:09","end":"2026-02-06T21:00:00"}
[resource] candidate {"demand":null,"start":"2026-02-06T02:03:09","end":"2026-02-06T21:00:00","feasible":true}
[resource] ask {"demand":null,"operation":"assemble SEDAN-BLK","resource":"assembly team flex","start":"2026-02-05T23:49:25","end":"2026-02-06T21:00:00"}
[resource] candidate {"demand":null,"start":"2026-02-05T23:49:25","end":"2026-02-06T21:00:00","feasible":true}
[resource] ask {"demand":null,"operation":"assemble SEDAN-BLK","resource":"assembly team east","start":"2026-02-06T03:51:26","end":"2026-02-06T21:00:00"}
[resource] candidate {"demand":null,"start":"2026-02-06T03:51:26","end":"2026-02-06T21:00:00","feasible":true}
[buffer] ask {"demand":null,"buffer":"powertrain","requested":1,"date":"2026-02-06T03:51:26","onhand":45.666666666666664}
[buffer] answer {"demand":null,"buffer":"powertrain","requested":1,"remainingShortage":0,"quantity":1,"date":"2026-02-06T03:51:26","plan":null}
[buffer] ask {"demand":null,"buffer":"electronics kit","requested":1,"date":"2026-02-06T03:51:26","onhand":60.66666666666667}
[buffer] answer {"demand":null,"buffer":"electronics kit","requested":1,"remainingShortage":0,"quantity":1,"date":"2026-02-06T03:51:26","plan":null}
[operation] answer {"demand":null,"operation":"assemble SEDAN-BLK","quantity":1,"start":"2026-02-06T03:51:26","end":"2026-02-06T21:00:00"}
[operation] ask {"demand":null,"operation":"paint SEDAN-BLK","quantity":1,"end":"2026-02-06T03:51:26"}
[resource] ask {"demand":null,"operation":"paint SEDAN-BLK","resource":"paint booth","start":"2026-02-05T16:19:51","end":"2026-02-06T03:51:26"}
[resource] candidate {"demand":null,"start":"2026-02-05T16:19:51","end":"2026-02-06T03:51:26","feasible":true}
[operation] answer {"demand":null,"operation":"paint SEDAN-BLK","quantity":1,"start":"2026-02-05T16:19:51","end":"2026-02-06T03:51:26"}
[operation] ask {"demand":null,"operation":"weld SEDAN-BLK","quantity":1,"end":"2026-02-05T16:19:51"}
[resource] ask {"demand":null,"operation":"weld SEDAN-BLK","resource":"body line A","start":"2026-02-04T23:19:51","end":"2026-02-05T16:19:51"}
[resource] candidate {"demand":null,"start":"2026-02-04T23:19:51","end":"2026-02-05T16:19:51","feasible":true}
[buffer] ask {"demand":null,"buffer":"automotive steel","requested":2,"date":"2026-02-05T02:19:51","onhand":29}
[buffer] shortage {"buffer":"automotive steel","iteration":0,"date":"2026-02-08T00:23:01","onhand":-2,"shortage":2}
[buffer] answer {"demand":null,"buffer":"automotive steel","requested":2,"remainingShortage":2,"quantity":0,"date":"2030-12-31T00:00:00","plan":null}
[operation] material-reject {"demand":null,"operation":"weld SEDAN-BLK","start":"2026-02-04T23:19:51","end":"2026-02-05T16:19:51","asked":2,"answerQuantity":0,"answerDate":"2030-12-31T00:00:00"}
[buffer] replenish {"buffer":"black sedan","iteration":0,"requested":1,"replenished":0,"producerDate":"2030-12-31T00:00:00","eventCountBefore":19,"eventCountAfter":19,"remaining":1}
[buffer] answer {"demand":null,"buffer":"black sedan","requested":1,"remainingShortage":1,"quantity":0,"date":"2030-12-31T00:00:00","plan":null}
[operation] material-reject {"demand":"vehicle order 037 SEDAN-BLK","operation":"ship SEDAN-BLK","start":"2026-02-06T21:00:00","end":"2026-02-07T00:00:00","asked":1,"answerQuantity":0,"answerDate":"2030-12-31T00:00:00"}
[demand] reply {"demand":"vehicle order 037 SEDAN-BLK","attempt":1,"result":false,"quantity":0,"date":"2030-12-31T00:00:00"}
[demand] attempt {"demand":"vehicle order 037 SEDAN-BLK","attempt":2,"quantity":1,"requestDate":"2030-12-31T00:00:00","lastDate":"2030-12-31T00:00:00"}
[operation] ask {"demand":"vehicle order 037 SEDAN-BLK","operation":"ship SEDAN-BLK","quantity":1,"end":"2030-12-31T00:00:00"}
[operation] answer {"demand":"vehicle order 037 SEDAN-BLK","operation":"ship SEDAN-BLK","quantity":1,"start":"2030-12-30T21:00:00","end":"2030-12-31T00:00:00"}
[demand] reply {"demand":"vehicle order 037 SEDAN-BLK","attempt":2,"result":true,"quantity":1,"date":"2030-12-31T00:00:00"}
[demand] attempt {"demand":"vehicle order 047 SUV-BLK","attempt":1,"quantity":4,"requestDate":"2026-02-10T08:00:00","lastDate":"2030-12-31T00:00:00"}
[operation] ask {"demand":"vehicle order 047 SUV-BLK","operation":"ship SUV-BLK","quantity":4,"end":"2026-02-10T08:00:00"}
[buffer] ask {"demand":null,"buffer":"black suv","requested":4,"date":"2026-02-10T05:00:00","onhand":1}
[buffer] shortage {"buffer":"black suv","iteration":0,"date":"2026-02-10T05:00:00","onhand":-4,"shortage":4}
[operation] routing-ask {"demand":null,"operation":"build SUV-BLK","quantity":4,"operationPlanQuantity":4,"end":"2026-02-10T05:00:00","steps":["weld SUV-BLK","paint SUV-BLK","assemble SUV-BLK"]}
[operation] ask {"demand":null,"operation":"assemble SUV-BLK","quantity":4,"end":"2026-02-10T05:00:00"}
[resource] ask {"demand":null,"operation":"assemble SUV-BLK","resource":"assembly team east","start":"2026-02-09T08:02:51","end":"2026-02-10T05:00:00"}
[resource] candidate {"demand":null,"start":"2026-02-09T08:02:51","end":"2026-02-10T05:00:00","feasible":true}
[resource] ask {"demand":null,"operation":"assemble SUV-BLK","resource":"assembly team west","start":"2026-02-09T05:50:32","end":"2026-02-10T05:00:00"}
[resource] candidate {"demand":null,"start":"2026-02-09T05:50:32","end":"2026-02-10T05:00:00","feasible":true}
[resource] ask {"demand":null,"operation":"assemble SUV-BLK","resource":"assembly team flex","start":"2026-02-09T03:07:04","end":"2026-02-10T05:00:00"}
[resource] candidate {"demand":null,"start":"2026-02-09T03:07:04","end":"2026-02-10T05:00:00","feasible":true}
[resource] ask {"demand":null,"operation":"assemble SUV-BLK","resource":"assembly team east","start":"2026-02-09T08:02:51","end":"2026-02-10T05:00:00"}
[resource] candidate {"demand":null,"start":"2026-02-09T08:02:51","end":"2026-02-10T05:00:00","feasible":true}
[buffer] ask {"demand":null,"buffer":"powertrain","requested":4,"date":"2026-02-09T08:02:51","onhand":32.666666666666664}
[buffer] answer {"demand":null,"buffer":"powertrain","requested":4,"remainingShortage":0,"quantity":4,"date":"2026-02-09T08:02:51","plan":null}
[buffer] ask {"demand":null,"buffer":"electronics kit","requested":4,"date":"2026-02-09T08:02:51","onhand":47.66666666666667}
[buffer] answer {"demand":null,"buffer":"electronics kit","requested":4,"remainingShortage":0,"quantity":4,"date":"2026-02-09T08:02:51","plan":null}
[operation] answer {"demand":null,"operation":"assemble SUV-BLK","quantity":4,"start":"2026-02-09T08:02:51","end":"2026-02-10T05:00:00"}
[operation] ask {"demand":null,"operation":"paint SUV-BLK","quantity":4,"end":"2026-02-09T08:02:51"}
[resource] ask {"demand":null,"operation":"paint SUV-BLK","resource":"paint booth","start":"2026-02-08T18:24:57","end":"2026-02-09T08:02:51"}
[resource] candidate {"demand":null,"start":"2026-02-08T18:24:57","end":"2026-02-09T08:02:51","feasible":true}
[operation] answer {"demand":null,"operation":"paint SUV-BLK","quantity":4,"start":"2026-02-08T18:24:57","end":"2026-02-09T08:02:51"}
[operation] ask {"demand":null,"operation":"weld SUV-BLK","quantity":4,"end":"2026-02-08T18:24:57"}
[resource] ask {"demand":null,"operation":"weld SUV-BLK","resource":"body line A","start":"2026-02-07T20:24:57","end":"2026-02-08T18:24:57"}
[resource] candidate {"demand":null,"start":"2026-02-07T20:24:57","end":"2026-02-08T18:24:57","feasible":true}
[buffer] ask {"demand":null,"buffer":"automotive steel","requested":12,"date":"2026-02-08T00:24:57","onhand":0}
[buffer] shortage {"buffer":"automotive steel","iteration":0,"date":"2026-02-08T00:24:57","onhand":-12,"shortage":12}
[buffer] answer {"demand":null,"buffer":"automotive steel","requested":12,"remainingShortage":12,"quantity":0,"date":"2030-12-31T00:00:00","plan":null}
[operation] material-reject {"demand":null,"operation":"weld SUV-BLK","start":"2026-02-07T20:24:57","end":"2026-02-08T18:24:57","asked":12,"answerQuantity":0,"answerDate":"2030-12-31T00:00:00"}
[buffer] replenish {"buffer":"black suv","iteration":0,"requested":4,"replenished":0,"producerDate":"2030-12-31T00:00:00","eventCountBefore":19,"eventCountAfter":19,"remaining":4}
[buffer] answer {"demand":null,"buffer":"black suv","requested":4,"remainingShortage":4,"quantity":0,"date":"2030-12-31T00:00:00","plan":null}
[operation] material-reject {"demand":"vehicle order 047 SUV-BLK","operation":"ship SUV-BLK","start":"2026-02-10T05:00:00","end":"2026-02-10T08:00:00","asked":4,"answerQuantity":0,"answerDate":"2030-12-31T00:00:00"}
[demand] reply {"demand":"vehicle order 047 SUV-BLK","attempt":1,"result":false,"quantity":0,"date":"2030-12-31T00:00:00"}
[demand] attempt {"demand":"vehicle order 047 SUV-BLK","attempt":2,"quantity":4,"requestDate":"2030-12-31T00:00:00","lastDate":"2030-12-31T00:00:00"}
[operation] ask {"demand":"vehicle order 047 SUV-BLK","operation":"ship SUV-BLK","quantity":4,"end":"2030-12-31T00:00:00"}
[operation] answer {"demand":"vehicle order 047 SUV-BLK","operation":"ship SUV-BLK","quantity":4,"start":"2030-12-30T21:00:00","end":"2030-12-31T00:00:00"}
[demand] reply {"demand":"vehicle order 047 SUV-BLK","attempt":2,"result":true,"quantity":4,"date":"2030-12-31T00:00:00"}
[demand] attempt {"demand":"vehicle order 008 SUV-RED","attempt":1,"quantity":2,"requestDate":"2026-01-28T08:00:00","lastDate":"2030-12-31T00:00:00"}
[operation] ask {"demand":"vehicle order 008 SUV-RED","operation":"ship SUV-RED","quantity":2,"end":"2026-01-28T08:00:00"}
[buffer] ask {"demand":null,"buffer":"red suv","requested":2,"date":"2026-01-28T05:00:00","onhand":1}
[buffer] shortage {"buffer":"red suv","iteration":0,"date":"2026-01-28T05:00:00","onhand":-2,"shortage":2}
[operation] routing-ask {"demand":null,"operation":"build SUV-RED","quantity":2,"operationPlanQuantity":2,"end":"2026-01-28T05:00:00","steps":["weld SUV-RED","paint SUV-RED","assemble SUV-RED"]}
[operation] ask {"demand":null,"operation":"assemble SUV-RED","quantity":2,"end":"2026-01-28T05:00:00"}
[resource] ask {"demand":null,"operation":"assemble SUV-RED","resource":"assembly team east","start":"2026-01-27T08:02:51","end":"2026-01-28T05:00:00"}
[resource] candidate {"demand":null,"start":"2026-01-27T08:02:51","end":"2026-01-28T05:00:00","feasible":true}
[resource] ask {"demand":null,"operation":"assemble SUV-RED","resource":"assembly team west","start":"2026-01-27T05:50:32","end":"2026-01-28T05:00:00"}
[resource] candidate {"demand":null,"start":"2026-01-27T05:50:32","end":"2026-01-28T05:00:00","feasible":true}
[resource] ask {"demand":null,"operation":"assemble SUV-RED","resource":"assembly team flex","start":"2026-01-27T03:07:04","end":"2026-01-28T05:00:00"}
[resource] candidate {"demand":null,"start":"2026-01-27T03:07:04","end":"2026-01-28T05:00:00","feasible":true}
[resource] ask {"demand":null,"operation":"assemble SUV-RED","resource":"assembly team east","start":"2026-01-27T08:02:51","end":"2026-01-28T05:00:00"}
[resource] candidate {"demand":null,"start":"2026-01-27T08:02:51","end":"2026-01-28T05:00:00","feasible":true}
[buffer] ask {"demand":null,"buffer":"powertrain","requested":2,"date":"2026-01-27T08:02:51","onhand":91}
[buffer] answer {"demand":null,"buffer":"powertrain","requested":2,"remainingShortage":0,"quantity":2,"date":"2026-01-27T08:02:51","plan":null}
[buffer] ask {"demand":null,"buffer":"electronics kit","requested":2,"date":"2026-01-27T08:02:51","onhand":106}
[buffer] answer {"demand":null,"buffer":"electronics kit","requested":2,"remainingShortage":0,"quantity":2,"date":"2026-01-27T08:02:51","plan":null}
[operation] answer {"demand":null,"operation":"assemble SUV-RED","quantity":2,"start":"2026-01-27T08:02:51","end":"2026-01-28T05:00:00"}
[operation] ask {"demand":null,"operation":"paint SUV-RED","quantity":2,"end":"2026-01-27T08:02:51"}
[resource] ask {"demand":null,"operation":"paint SUV-RED","resource":"paint booth","start":"2026-01-26T17:21:48","end":"2026-01-27T08:02:51"}
[resource] candidate {"demand":null,"start":"2026-01-26T17:21:48","end":"2026-01-27T08:02:51","feasible":true}
[operation] answer {"demand":null,"operation":"paint SUV-RED","quantity":2,"start":"2026-01-26T17:21:48","end":"2026-01-27T08:02:51"}
[operation] ask {"demand":null,"operation":"weld SUV-RED","quantity":2,"end":"2026-01-26T17:21:48"}
[resource] ask {"demand":null,"operation":"weld SUV-RED","resource":"body line A","start":"2026-01-25T23:21:48","end":"2026-01-26T17:21:48"}
[resource] candidate {"demand":null,"start":"2026-01-25T23:21:48","end":"2026-01-26T17:21:48","feasible":true}
[buffer] ask {"demand":null,"buffer":"automotive steel","requested":6,"date":"2026-01-25T23:21:48","onhand":147}
[buffer] shortage {"buffer":"automotive steel","iteration":0,"date":"2026-02-07T18:19:51","onhand":-4,"shortage":4}
[buffer] answer {"demand":null,"buffer":"automotive steel","requested":6,"remainingShortage":6,"quantity":0,"date":"2030-12-31T00:00:00","plan":null}
[operation] material-reject {"demand":null,"operation":"weld SUV-RED","start":"2026-01-25T23:21:48","end":"2026-01-26T17:21:48","asked":6,"answerQuantity":0,"answerDate":"2030-12-31T00:00:00"}
[buffer] replenish {"buffer":"red suv","iteration":0,"requested":2,"replenished":0,"producerDate":"2030-12-31T00:00:00","eventCountBefore":15,"eventCountAfter":15,"remaining":2}
[buffer] answer {"demand":null,"buffer":"red suv","requested":2,"remainingShortage":2,"quantity":0,"date":"2030-12-31T00:00:00","plan":null}
[operation] material-reject {"demand":"vehicle order 008 SUV-RED","operation":"ship SUV-RED","start":"2026-01-28T05:00:00","end":"2026-01-28T08:00:00","asked":2,"answerQuantity":0,"answerDate":"2030-12-31T00:00:00"}
[demand] reply {"demand":"vehicle order 008 SUV-RED","attempt":1,"result":false,"quantity":0,"date":"2030-12-31T00:00:00"}
[demand] attempt {"demand":"vehicle order 008 SUV-RED","attempt":2,"quantity":2,"requestDate":"2030-12-31T00:00:00","lastDate":"2030-12-31T00:00:00"}
[operation] ask {"demand":"vehicle order 008 SUV-RED","operation":"ship SUV-RED","quantity":2,"end":"2030-12-31T00:00:00"}
[operation] answer {"demand":"vehicle order 008 SUV-RED","operation":"ship SUV-RED","quantity":2,"start":"2030-12-30T21:00:00","end":"2030-12-31T00:00:00"}
[demand] reply {"demand":"vehicle order 008 SUV-RED","attempt":2,"result":true,"quantity":2,"date":"2030-12-31T00:00:00"}
[demand] attempt {"demand":"vehicle order 018 SEDAN-WHT","attempt":1,"quantity":2,"requestDate":"2026-01-31T16:00:00","lastDate":"2030-12-31T00:00:00"}
[operation] ask {"demand":"vehicle order 018 SEDAN-WHT","operation":"ship SEDAN-WHT","quantity":2,"end":"2026-01-31T16:00:00"}
[buffer] ask {"demand":null,"buffer":"white sedan","requested":2,"date":"2026-01-31T13:00:00","onhand":2}
[buffer] shortage {"buffer":"white sedan","iteration":0,"date":"2026-01-31T13:00:00","onhand":-2,"shortage":2}
[operation] routing-ask {"demand":null,"operation":"build SEDAN-WHT","quantity":2,"operationPlanQuantity":2,"end":"2026-01-31T13:00:00","steps":["weld SEDAN-WHT","paint SEDAN-WHT","assemble SEDAN-WHT"]}
[operation] ask {"demand":null,"operation":"assemble SEDAN-WHT","quantity":2,"end":"2026-01-31T13:00:00"}
[resource] ask {"demand":null,"operation":"assemble SEDAN-WHT","resource":"assembly team east","start":"2026-01-30T19:51:26","end":"2026-01-31T13:00:00"}
[resource] candidate {"demand":null,"start":"2026-01-30T19:51:26","end":"2026-01-31T13:00:00","feasible":true}
[resource] ask {"demand":null,"operation":"assemble SEDAN-WHT","resource":"assembly team west","start":"2026-01-30T18:03:09","end":"2026-01-31T13:00:00"}
[resource] candidate {"demand":null,"start":"2026-01-30T18:03:09","end":"2026-01-31T13:00:00","feasible":true}
[resource] ask {"demand":null,"operation":"assemble SEDAN-WHT","resource":"assembly team flex","start":"2026-01-30T15:49:25","end":"2026-01-31T13:00:00"}
[resource] candidate {"demand":null,"start":"2026-01-30T15:49:25","end":"2026-01-31T13:00:00","feasible":true}
[resource] ask {"demand":null,"operation":"assemble SEDAN-WHT","resource":"assembly team east","start":"2026-01-30T19:51:26","end":"2026-01-31T13:00:00"}
[resource] candidate {"demand":null,"start":"2026-01-30T19:51:26","end":"2026-01-31T13:00:00","feasible":true}
[buffer] ask {"demand":null,"buffer":"powertrain","requested":2,"date":"2026-01-30T19:51:26","onhand":74}
[buffer] answer {"demand":null,"buffer":"powertrain","requested":2,"remainingShortage":0,"quantity":2,"date":"2026-01-30T19:51:26","plan":null}
[buffer] ask {"demand":null,"buffer":"electronics kit","requested":2,"date":"2026-01-30T19:51:26","onhand":89}
[buffer] answer {"demand":null,"buffer":"electronics kit","requested":2,"remainingShortage":0,"quantity":2,"date":"2026-01-30T19:51:26","plan":null}
[operation] answer {"demand":null,"operation":"assemble SEDAN-WHT","quantity":2,"start":"2026-01-30T19:51:26","end":"2026-01-31T13:00:00"}
[operation] ask {"demand":null,"operation":"paint SEDAN-WHT","quantity":2,"end":"2026-01-30T19:51:26"}
[resource] ask {"demand":null,"operation":"paint SEDAN-WHT","resource":"paint booth","start":"2026-01-30T06:23:01","end":"2026-01-30T19:51:26"}
[resource] candidate {"demand":null,"start":"2026-01-30T06:23:01","end":"2026-01-30T19:51:26","feasible":true}
[operation] answer {"demand":null,"operation":"paint SEDAN-WHT","quantity":2,"start":"2026-01-30T06:23:01","end":"2026-01-30T19:51:26"}
[operation] ask {"demand":null,"operation":"weld SEDAN-WHT","quantity":2,"end":"2026-01-30T06:23:01"}
[resource] ask {"demand":null,"operation":"weld SEDAN-WHT","resource":"body line A","start":"2026-01-29T16:23:01","end":"2026-01-30T06:23:01"}
[resource] candidate {"demand":null,"start":"2026-01-29T16:23:01","end":"2026-01-30T06:23:01","feasible":true}
[buffer] ask {"demand":null,"buffer":"automotive steel","requested":4,"date":"2026-01-29T16:23:01","onhand":103}
[buffer] shortage {"buffer":"automotive steel","iteration":0,"date":"2026-02-07T18:19:51","onhand":-2,"shortage":2}
[buffer] answer {"demand":null,"buffer":"automotive steel","requested":4,"remainingShortage":4,"quantity":0,"date":"2030-12-31T00:00:00","plan":null}
[operation] material-reject {"demand":null,"operation":"weld SEDAN-WHT","start":"2026-01-29T16:23:01","end":"2026-01-30T06:23:01","asked":4,"answerQuantity":0,"answerDate":"2030-12-31T00:00:00"}
[buffer] replenish {"buffer":"white sedan","iteration":0,"requested":2,"replenished":0,"producerDate":"2030-12-31T00:00:00","eventCountBefore":17,"eventCountAfter":17,"remaining":2}
[buffer] answer {"demand":null,"buffer":"white sedan","requested":2,"remainingShortage":2,"quantity":0,"date":"2030-12-31T00:00:00","plan":null}
[operation] material-reject {"demand":"vehicle order 018 SEDAN-WHT","operation":"ship SEDAN-WHT","start":"2026-01-31T13:00:00","end":"2026-01-31T16:00:00","asked":2,"answerQuantity":0,"answerDate":"2030-12-31T00:00:00"}
[demand] reply {"demand":"vehicle order 018 SEDAN-WHT","attempt":1,"result":false,"quantity":0,"date":"2030-12-31T00:00:00"}
[demand] attempt {"demand":"vehicle order 018 SEDAN-WHT","attempt":2,"quantity":2,"requestDate":"2030-12-31T00:00:00","lastDate":"2030-12-31T00:00:00"}
[operation] ask {"demand":"vehicle order 018 SEDAN-WHT","operation":"ship SEDAN-WHT","quantity":2,"end":"2030-12-31T00:00:00"}
[operation] answer {"demand":"vehicle order 018 SEDAN-WHT","operation":"ship SEDAN-WHT","quantity":2,"start":"2030-12-30T21:00:00","end":"2030-12-31T00:00:00"}
[demand] reply {"demand":"vehicle order 018 SEDAN-WHT","attempt":2,"result":true,"quantity":2,"date":"2030-12-31T00:00:00"}
[demand] attempt {"demand":"vehicle order 028 SUV-RED","attempt":1,"quantity":1,"requestDate":"2026-02-04T00:00:00","lastDate":"2030-12-31T00:00:00"}
[operation] ask {"demand":"vehicle order 028 SUV-RED","operation":"ship SUV-RED","quantity":1,"end":"2026-02-04T00:00:00"}
[buffer] ask {"demand":null,"buffer":"red suv","requested":1,"date":"2026-02-03T21:00:00","onhand":2}
[buffer] shortage {"buffer":"red suv","iteration":0,"date":"2026-02-03T21:00:00","onhand":-1,"shortage":1}
[operation] routing-ask {"demand":null,"operation":"build SUV-RED","quantity":1,"operationPlanQuantity":1,"end":"2026-02-03T21:00:00","steps":["weld SUV-RED","paint SUV-RED","assemble SUV-RED"]}
[operation] ask {"demand":null,"operation":"assemble SUV-RED","quantity":1,"end":"2026-02-03T21:00:00"}
[resource] ask {"demand":null,"operation":"assemble SUV-RED","resource":"assembly team east","start":"2026-02-03T00:02:51","end":"2026-02-03T21:00:00"}
[resource] candidate {"demand":null,"start":"2026-02-03T00:02:51","end":"2026-02-03T21:00:00","feasible":true}
[resource] ask {"demand":null,"operation":"assemble SUV-RED","resource":"assembly team west","start":"2026-02-02T21:50:32","end":"2026-02-03T21:00:00"}
[resource] candidate {"demand":null,"start":"2026-02-02T21:50:32","end":"2026-02-03T21:00:00","feasible":true}
[resource] ask {"demand":null,"operation":"assemble SUV-RED","resource":"assembly team flex","start":"2026-02-02T19:07:04","end":"2026-02-03T21:00:00"}
[resource] candidate {"demand":null,"start":"2026-02-02T19:07:04","end":"2026-02-03T21:00:00","feasible":true}
[resource] ask {"demand":null,"operation":"assemble SUV-RED","resource":"assembly team east","start":"2026-02-03T00:02:51","end":"2026-02-03T21:00:00"}
[resource] candidate {"demand":null,"start":"2026-02-03T00:02:51","end":"2026-02-03T21:00:00","feasible":true}
[buffer] ask {"demand":null,"buffer":"powertrain","requested":1,"date":"2026-02-03T00:02:51","onhand":58.666666666666664}
[buffer] answer {"demand":null,"buffer":"powertrain","requested":1,"remainingShortage":0,"quantity":1,"date":"2026-02-03T00:02:51","plan":null}
[buffer] ask {"demand":null,"buffer":"electronics kit","requested":1,"date":"2026-02-03T00:02:51","onhand":73.66666666666667}
[buffer] answer {"demand":null,"buffer":"electronics kit","requested":1,"remainingShortage":0,"quantity":1,"date":"2026-02-03T00:02:51","plan":null}
[operation] answer {"demand":null,"operation":"assemble SUV-RED","quantity":1,"start":"2026-02-03T00:02:51","end":"2026-02-03T21:00:00"}
[operation] ask {"demand":null,"operation":"paint SUV-RED","quantity":1,"end":"2026-02-03T00:02:51"}
[resource] ask {"demand":null,"operation":"paint SUV-RED","resource":"paint booth","start":"2026-02-02T09:21:48","end":"2026-02-03T00:02:51"}
[resource] candidate {"demand":null,"start":"2026-02-02T09:21:48","end":"2026-02-03T00:02:51","feasible":true}
[operation] answer {"demand":null,"operation":"paint SUV-RED","quantity":1,"start":"2026-02-02T09:21:48","end":"2026-02-03T00:02:51"}
[operation] ask {"demand":null,"operation":"weld SUV-RED","quantity":1,"end":"2026-02-02T09:21:48"}
[resource] ask {"demand":null,"operation":"weld SUV-RED","resource":"body line A","start":"2026-02-01T15:21:48","end":"2026-02-02T09:21:48"}
[resource] candidate {"demand":null,"start":"2026-02-01T15:21:48","end":"2026-02-02T09:21:48","feasible":true}
[buffer] ask {"demand":null,"buffer":"automotive steel","requested":3,"date":"2026-02-01T15:21:48","onhand":64}
[buffer] shortage {"buffer":"automotive steel","iteration":0,"date":"2026-02-07T18:19:51","onhand":-1,"shortage":1}
[buffer] answer {"demand":null,"buffer":"automotive steel","requested":3,"remainingShortage":3,"quantity":0,"date":"2030-12-31T00:00:00","plan":null}
[operation] material-reject {"demand":null,"operation":"weld SUV-RED","start":"2026-02-01T15:21:48","end":"2026-02-02T09:21:48","asked":3,"answerQuantity":0,"answerDate":"2030-12-31T00:00:00"}
[buffer] replenish {"buffer":"red suv","iteration":0,"requested":1,"replenished":0,"producerDate":"2030-12-31T00:00:00","eventCountBefore":16,"eventCountAfter":16,"remaining":1}
[buffer] answer {"demand":null,"buffer":"red suv","requested":1,"remainingShortage":1,"quantity":0,"date":"2030-12-31T00:00:00","plan":null}
[operation] material-reject {"demand":"vehicle order 028 SUV-RED","operation":"ship SUV-RED","start":"2026-02-03T21:00:00","end":"2026-02-04T00:00:00","asked":1,"answerQuantity":0,"answerDate":"2030-12-31T00:00:00"}
[demand] reply {"demand":"vehicle order 028 SUV-RED","attempt":1,"result":false,"quantity":0,"date":"2030-12-31T00:00:00"}
[demand] attempt {"demand":"vehicle order 028 SUV-RED","attempt":2,"quantity":1,"requestDate":"2030-12-31T00:00:00","lastDate":"2030-12-31T00:00:00"}
[operation] ask {"demand":"vehicle order 028 SUV-RED","operation":"ship SUV-RED","quantity":1,"end":"2030-12-31T00:00:00"}
[operation] answer {"demand":"vehicle order 028 SUV-RED","operation":"ship SUV-RED","quantity":1,"start":"2030-12-30T21:00:00","end":"2030-12-31T00:00:00"}
[demand] reply {"demand":"vehicle order 028 SUV-RED","attempt":2,"result":true,"quantity":1,"date":"2030-12-31T00:00:00"}
[demand] attempt {"demand":"vehicle order 038 SEDAN-WHT","attempt":1,"quantity":2,"requestDate":"2026-02-07T08:00:00","lastDate":"2030-12-31T00:00:00"}
[operation] ask {"demand":"vehicle order 038 SEDAN-WHT","operation":"ship SEDAN-WHT","quantity":2,"end":"2026-02-07T08:00:00"}
[buffer] ask {"demand":null,"buffer":"white sedan","requested":2,"date":"2026-02-07T05:00:00","onhand":1}
[buffer] shortage {"buffer":"white sedan","iteration":0,"date":"2026-02-07T05:00:00","onhand":-2,"shortage":2}
[operation] routing-ask {"demand":null,"operation":"build SEDAN-WHT","quantity":2,"operationPlanQuantity":2,"end":"2026-02-07T05:00:00","steps":["weld SEDAN-WHT","paint SEDAN-WHT","assemble SEDAN-WHT"]}
[operation] ask {"demand":null,"operation":"assemble SEDAN-WHT","quantity":2,"end":"2026-02-07T05:00:00"}
[resource] ask {"demand":null,"operation":"assemble SEDAN-WHT","resource":"assembly team east","start":"2026-02-06T11:51:26","end":"2026-02-07T05:00:00"}
[resource] candidate {"demand":null,"start":"2026-02-06T11:51:26","end":"2026-02-07T05:00:00","feasible":true}
[resource] ask {"demand":null,"operation":"assemble SEDAN-WHT","resource":"assembly team west","start":"2026-02-06T10:03:09","end":"2026-02-07T05:00:00"}
[resource] candidate {"demand":null,"start":"2026-02-06T10:03:09","end":"2026-02-07T05:00:00","feasible":true}
[resource] ask {"demand":null,"operation":"assemble SEDAN-WHT","resource":"assembly team flex","start":"2026-02-06T07:49:25","end":"2026-02-07T05:00:00"}
[resource] candidate {"demand":null,"start":"2026-02-06T07:49:25","end":"2026-02-07T05:00:00","feasible":true}
[resource] ask {"demand":null,"operation":"assemble SEDAN-WHT","resource":"assembly team east","start":"2026-02-06T11:51:26","end":"2026-02-07T05:00:00"}
[resource] candidate {"demand":null,"start":"2026-02-06T11:51:26","end":"2026-02-07T05:00:00","feasible":true}
[buffer] ask {"demand":null,"buffer":"powertrain","requested":2,"date":"2026-02-06T11:51:26","onhand":45.666666666666664}
[buffer] answer {"demand":null,"buffer":"powertrain","requested":2,"remainingShortage":0,"quantity":2,"date":"2026-02-06T11:51:26","plan":null}
[buffer] ask {"demand":null,"buffer":"electronics kit","requested":2,"date":"2026-02-06T11:51:26","onhand":60.66666666666667}
[buffer] answer {"demand":null,"buffer":"electronics kit","requested":2,"remainingShortage":0,"quantity":2,"date":"2026-02-06T11:51:26","plan":null}
[operation] answer {"demand":null,"operation":"assemble SEDAN-WHT","quantity":2,"start":"2026-02-06T11:51:26","end":"2026-02-07T05:00:00"}
[operation] ask {"demand":null,"operation":"paint SEDAN-WHT","quantity":2,"end":"2026-02-06T11:51:26"}
[resource] ask {"demand":null,"operation":"paint SEDAN-WHT","resource":"paint booth","start":"2026-02-05T21:23:01","end":"2026-02-06T11:51:26"}
[resource] candidate {"demand":null,"start":"2026-02-05T21:23:01","end":"2026-02-06T11:51:26","feasible":true}
[operation] answer {"demand":null,"operation":"paint SEDAN-WHT","quantity":2,"start":"2026-02-05T21:23:01","end":"2026-02-06T11:51:26"}
[operation] ask {"demand":null,"operation":"weld SEDAN-WHT","quantity":2,"end":"2026-02-05T21:23:01"}
[resource] ask {"demand":null,"operation":"weld SEDAN-WHT","resource":"body line A","start":"2026-02-05T04:23:01","end":"2026-02-05T21:23:01"}
[resource] candidate {"demand":null,"start":"2026-02-05T04:23:01","end":"2026-02-05T21:23:01","feasible":true}
[buffer] ask {"demand":null,"buffer":"automotive steel","requested":4,"date":"2026-02-05T07:23:01","onhand":29}
[buffer] shortage {"buffer":"automotive steel","iteration":0,"date":"2026-02-07T18:19:51","onhand":-2,"shortage":2}
[buffer] answer {"demand":null,"buffer":"automotive steel","requested":4,"remainingShortage":4,"quantity":0,"date":"2030-12-31T00:00:00","plan":null}
[operation] material-reject {"demand":null,"operation":"weld SEDAN-WHT","start":"2026-02-05T04:23:01","end":"2026-02-05T21:23:01","asked":4,"answerQuantity":0,"answerDate":"2030-12-31T00:00:00"}
[buffer] replenish {"buffer":"white sedan","iteration":0,"requested":2,"replenished":0,"producerDate":"2030-12-31T00:00:00","eventCountBefore":18,"eventCountAfter":18,"remaining":2}
[buffer] answer {"demand":null,"buffer":"white sedan","requested":2,"remainingShortage":2,"quantity":0,"date":"2030-12-31T00:00:00","plan":null}
[operation] material-reject {"demand":"vehicle order 038 SEDAN-WHT","operation":"ship SEDAN-WHT","start":"2026-02-07T05:00:00","end":"2026-02-07T08:00:00","asked":2,"answerQuantity":0,"answerDate":"2030-12-31T00:00:00"}
[demand] reply {"demand":"vehicle order 038 SEDAN-WHT","attempt":1,"result":false,"quantity":0,"date":"2030-12-31T00:00:00"}
[demand] attempt {"demand":"vehicle order 038 SEDAN-WHT","attempt":2,"quantity":2,"requestDate":"2030-12-31T00:00:00","lastDate":"2030-12-31T00:00:00"}
[operation] ask {"demand":"vehicle order 038 SEDAN-WHT","operation":"ship SEDAN-WHT","quantity":2,"end":"2030-12-31T00:00:00"}
[operation] answer {"demand":"vehicle order 038 SEDAN-WHT","operation":"ship SEDAN-WHT","quantity":2,"start":"2030-12-30T21:00:00","end":"2030-12-31T00:00:00"}
[demand] reply {"demand":"vehicle order 038 SEDAN-WHT","attempt":2,"result":true,"quantity":2,"date":"2030-12-31T00:00:00"}
[demand] attempt {"demand":"vehicle order 048 SUV-RED","attempt":1,"quantity":2,"requestDate":"2026-02-10T16:00:00","lastDate":"2030-12-31T00:00:00"}
[operation] ask {"demand":"vehicle order 048 SUV-RED","operation":"ship SUV-RED","quantity":2,"end":"2026-02-10T16:00:00"}
[buffer] ask {"demand":null,"buffer":"red suv","requested":2,"date":"2026-02-10T13:00:00","onhand":2}
[buffer] shortage {"buffer":"red suv","iteration":0,"date":"2026-02-10T13:00:00","onhand":-2,"shortage":2}
[operation] routing-ask {"demand":null,"operation":"build SUV-RED","quantity":2,"operationPlanQuantity":2,"end":"2026-02-10T13:00:00","steps":["weld SUV-RED","paint SUV-RED","assemble SUV-RED"]}
[operation] ask {"demand":null,"operation":"assemble SUV-RED","quantity":2,"end":"2026-02-10T13:00:00"}
[resource] ask {"demand":null,"operation":"assemble SUV-RED","resource":"assembly team east","start":"2026-02-09T16:02:51","end":"2026-02-10T13:00:00"}
[resource] candidate {"demand":null,"start":"2026-02-09T16:02:51","end":"2026-02-10T13:00:00","feasible":true}
[resource] ask {"demand":null,"operation":"assemble SUV-RED","resource":"assembly team west","start":"2026-02-09T13:50:32","end":"2026-02-10T13:00:00"}
[resource] candidate {"demand":null,"start":"2026-02-09T13:50:32","end":"2026-02-10T13:00:00","feasible":true}
[resource] ask {"demand":null,"operation":"assemble SUV-RED","resource":"assembly team flex","start":"2026-02-09T11:07:04","end":"2026-02-10T13:00:00"}
[resource] candidate {"demand":null,"start":"2026-02-09T11:07:04","end":"2026-02-10T13:00:00","feasible":true}
[resource] ask {"demand":null,"operation":"assemble SUV-RED","resource":"assembly team east","start":"2026-02-09T16:02:51","end":"2026-02-10T13:00:00"}
[resource] candidate {"demand":null,"start":"2026-02-09T16:02:51","end":"2026-02-10T13:00:00","feasible":true}
[buffer] ask {"demand":null,"buffer":"powertrain","requested":2,"date":"2026-02-09T16:02:51","onhand":32.666666666666664}
[buffer] answer {"demand":null,"buffer":"powertrain","requested":2,"remainingShortage":0,"quantity":2,"date":"2026-02-09T16:02:51","plan":null}
[buffer] ask {"demand":null,"buffer":"electronics kit","requested":2,"date":"2026-02-09T16:02:51","onhand":47.66666666666667}
[buffer] answer {"demand":null,"buffer":"electronics kit","requested":2,"remainingShortage":0,"quantity":2,"date":"2026-02-09T16:02:51","plan":null}
[operation] answer {"demand":null,"operation":"assemble SUV-RED","quantity":2,"start":"2026-02-09T16:02:51","end":"2026-02-10T13:00:00"}
[operation] ask {"demand":null,"operation":"paint SUV-RED","quantity":2,"end":"2026-02-09T16:02:51"}
[resource] ask {"demand":null,"operation":"paint SUV-RED","resource":"paint booth","start":"2026-02-09T01:21:48","end":"2026-02-09T16:02:51"}
[resource] candidate {"demand":null,"start":"2026-02-09T01:21:48","end":"2026-02-09T16:02:51","feasible":true}
[operation] answer {"demand":null,"operation":"paint SUV-RED","quantity":2,"start":"2026-02-09T01:21:48","end":"2026-02-09T16:02:51"}
[operation] ask {"demand":null,"operation":"weld SUV-RED","quantity":2,"end":"2026-02-09T01:21:48"}
[resource] ask {"demand":null,"operation":"weld SUV-RED","resource":"body line A","start":"2026-02-08T03:21:48","end":"2026-02-09T01:21:48"}
[resource] candidate {"demand":null,"start":"2026-02-08T03:21:48","end":"2026-02-09T01:21:48","feasible":true}
[buffer] ask {"demand":null,"buffer":"automotive steel","requested":6,"date":"2026-02-08T07:21:48","onhand":0}
[buffer] shortage {"buffer":"automotive steel","iteration":0,"date":"2026-02-08T07:21:48","onhand":-6,"shortage":6}
[buffer] answer {"demand":null,"buffer":"automotive steel","requested":6,"remainingShortage":6,"quantity":0,"date":"2030-12-31T00:00:00","plan":null}
[operation] material-reject {"demand":null,"operation":"weld SUV-RED","start":"2026-02-08T03:21:48","end":"2026-02-09T01:21:48","asked":6,"answerQuantity":0,"answerDate":"2030-12-31T00:00:00"}
[buffer] replenish {"buffer":"red suv","iteration":0,"requested":2,"replenished":0,"producerDate":"2030-12-31T00:00:00","eventCountBefore":17,"eventCountAfter":17,"remaining":2}
[buffer] answer {"demand":null,"buffer":"red suv","requested":2,"remainingShortage":2,"quantity":0,"date":"2030-12-31T00:00:00","plan":null}
[operation] material-reject {"demand":"vehicle order 048 SUV-RED","operation":"ship SUV-RED","start":"2026-02-10T13:00:00","end":"2026-02-10T16:00:00","asked":2,"answerQuantity":0,"answerDate":"2030-12-31T00:00:00"}
[demand] reply {"demand":"vehicle order 048 SUV-RED","attempt":1,"result":false,"quantity":0,"date":"2030-12-31T00:00:00"}
[demand] attempt {"demand":"vehicle order 048 SUV-RED","attempt":2,"quantity":2,"requestDate":"2030-12-31T00:00:00","lastDate":"2030-12-31T00:00:00"}
[operation] ask {"demand":"vehicle order 048 SUV-RED","operation":"ship SUV-RED","quantity":2,"end":"2030-12-31T00:00:00"}
[operation] answer {"demand":"vehicle order 048 SUV-RED","operation":"ship SUV-RED","quantity":2,"start":"2030-12-30T21:00:00","end":"2030-12-31T00:00:00"}
[demand] reply {"demand":"vehicle order 048 SUV-RED","attempt":2,"result":true,"quantity":2,"date":"2030-12-31T00:00:00"}
[demand] attempt {"demand":"vehicle order 009 SEDAN-BLK","attempt":1,"quantity":3,"requestDate":"2026-01-28T16:00:00","lastDate":"2030-12-31T00:00:00"}
[operation] ask {"demand":"vehicle order 009 SEDAN-BLK","operation":"ship SEDAN-BLK","quantity":3,"end":"2026-01-28T16:00:00"}
[buffer] ask {"demand":null,"buffer":"black sedan","requested":3,"date":"2026-01-28T13:00:00","onhand":4}
[buffer] shortage {"buffer":"black sedan","iteration":0,"date":"2026-01-28T13:00:00","onhand":-3,"shortage":3}
[operation] routing-ask {"demand":null,"operation":"build SEDAN-BLK","quantity":3,"operationPlanQuantity":3,"end":"2026-01-28T13:00:00","steps":["weld SEDAN-BLK","paint SEDAN-BLK","assemble SEDAN-BLK"]}
[operation] ask {"demand":null,"operation":"assemble SEDAN-BLK","quantity":3,"end":"2026-01-28T13:00:00"}
[resource] ask {"demand":null,"operation":"assemble SEDAN-BLK","resource":"assembly team east","start":"2026-01-27T19:51:26","end":"2026-01-28T13:00:00"}
[resource] candidate {"demand":null,"start":"2026-01-27T19:51:26","end":"2026-01-28T13:00:00","feasible":true}
[resource] ask {"demand":null,"operation":"assemble SEDAN-BLK","resource":"assembly team west","start":"2026-01-27T18:03:09","end":"2026-01-28T13:00:00"}
[resource] candidate {"demand":null,"start":"2026-01-27T18:03:09","end":"2026-01-28T13:00:00","feasible":true}
[resource] ask {"demand":null,"operation":"assemble SEDAN-BLK","resource":"assembly team flex","start":"2026-01-27T15:49:25","end":"2026-01-28T13:00:00"}
[resource] candidate {"demand":null,"start":"2026-01-27T15:49:25","end":"2026-01-28T13:00:00","feasible":true}
[resource] ask {"demand":null,"operation":"assemble SEDAN-BLK","resource":"assembly team east","start":"2026-01-27T19:51:26","end":"2026-01-28T13:00:00"}
[resource] candidate {"demand":null,"start":"2026-01-27T19:51:26","end":"2026-01-28T13:00:00","feasible":true}
[buffer] ask {"demand":null,"buffer":"powertrain","requested":3,"date":"2026-01-27T19:51:26","onhand":91}
[buffer] answer {"demand":null,"buffer":"powertrain","requested":3,"remainingShortage":0,"quantity":3,"date":"2026-01-27T19:51:26","plan":null}
[buffer] ask {"demand":null,"buffer":"electronics kit","requested":3,"date":"2026-01-27T19:51:26","onhand":106}
[buffer] answer {"demand":null,"buffer":"electronics kit","requested":3,"remainingShortage":0,"quantity":3,"date":"2026-01-27T19:51:26","plan":null}
[operation] answer {"demand":null,"operation":"assemble SEDAN-BLK","quantity":3,"start":"2026-01-27T19:51:26","end":"2026-01-28T13:00:00"}
[operation] ask {"demand":null,"operation":"paint SEDAN-BLK","quantity":3,"end":"2026-01-27T19:51:26"}
[resource] ask {"demand":null,"operation":"paint SEDAN-BLK","resource":"paint booth","start":"2026-01-27T09:19:51","end":"2026-01-27T19:51:26"}
[resource] candidate {"demand":null,"start":"2026-01-27T09:19:51","end":"2026-01-27T19:51:26","feasible":true}
[operation] answer {"demand":null,"operation":"paint SEDAN-BLK","quantity":3,"start":"2026-01-27T09:19:51","end":"2026-01-27T19:51:26"}
[operation] ask {"demand":null,"operation":"weld SEDAN-BLK","quantity":3,"end":"2026-01-27T09:19:51"}
[resource] ask {"demand":null,"operation":"weld SEDAN-BLK","resource":"body line A","start":"2026-01-26T16:19:51","end":"2026-01-27T09:19:51"}
[resource] candidate {"demand":null,"start":"2026-01-26T16:19:51","end":"2026-01-27T09:19:51","feasible":true}
[buffer] ask {"demand":null,"buffer":"automotive steel","requested":6,"date":"2026-01-26T19:19:51","onhand":147}
[buffer] shortage {"buffer":"automotive steel","iteration":0,"date":"2026-02-07T18:19:51","onhand":-4,"shortage":4}
[buffer] answer {"demand":null,"buffer":"automotive steel","requested":6,"remainingShortage":6,"quantity":0,"date":"2030-12-31T00:00:00","plan":null}
[operation] material-reject {"demand":null,"operation":"weld SEDAN-BLK","start":"2026-01-26T16:19:51","end":"2026-01-27T09:19:51","asked":6,"answerQuantity":0,"answerDate":"2030-12-31T00:00:00"}
[buffer] replenish {"buffer":"black sedan","iteration":0,"requested":3,"replenished":0,"producerDate":"2030-12-31T00:00:00","eventCountBefore":20,"eventCountAfter":20,"remaining":3}
[buffer] answer {"demand":null,"buffer":"black sedan","requested":3,"remainingShortage":3,"quantity":0,"date":"2030-12-31T00:00:00","plan":null}
[operation] material-reject {"demand":"vehicle order 009 SEDAN-BLK","operation":"ship SEDAN-BLK","start":"2026-01-28T13:00:00","end":"2026-01-28T16:00:00","asked":3,"answerQuantity":0,"answerDate":"2030-12-31T00:00:00"}
[demand] reply {"demand":"vehicle order 009 SEDAN-BLK","attempt":1,"result":false,"quantity":0,"date":"2030-12-31T00:00:00"}
[demand] attempt {"demand":"vehicle order 009 SEDAN-BLK","attempt":2,"quantity":3,"requestDate":"2030-12-31T00:00:00","lastDate":"2030-12-31T00:00:00"}
[operation] ask {"demand":"vehicle order 009 SEDAN-BLK","operation":"ship SEDAN-BLK","quantity":3,"end":"2030-12-31T00:00:00"}
[operation] answer {"demand":"vehicle order 009 SEDAN-BLK","operation":"ship SEDAN-BLK","quantity":3,"start":"2030-12-30T21:00:00","end":"2030-12-31T00:00:00"}
[demand] reply {"demand":"vehicle order 009 SEDAN-BLK","attempt":2,"result":true,"quantity":3,"date":"2030-12-31T00:00:00"}
[demand] attempt {"demand":"vehicle order 019 SUV-BLK","attempt":1,"quantity":1,"requestDate":"2026-02-01T00:00:00","lastDate":"2030-12-31T00:00:00"}
[operation] ask {"demand":"vehicle order 019 SUV-BLK","operation":"ship SUV-BLK","quantity":1,"end":"2026-02-01T00:00:00"}
[buffer] ask {"demand":null,"buffer":"black suv","requested":1,"date":"2026-01-31T21:00:00","onhand":3}
[buffer] shortage {"buffer":"black suv","iteration":0,"date":"2026-01-31T21:00:00","onhand":-1,"shortage":1}
[operation] routing-ask {"demand":null,"operation":"build SUV-BLK","quantity":1,"operationPlanQuantity":1,"end":"2026-01-31T21:00:00","steps":["weld SUV-BLK","paint SUV-BLK","assemble SUV-BLK"]}
[operation] ask {"demand":null,"operation":"assemble SUV-BLK","quantity":1,"end":"2026-01-31T21:00:00"}
[resource] ask {"demand":null,"operation":"assemble SUV-BLK","resource":"assembly team east","start":"2026-01-31T00:02:51","end":"2026-01-31T21:00:00"}
[resource] candidate {"demand":null,"start":"2026-01-31T00:02:51","end":"2026-01-31T21:00:00","feasible":true}
[resource] ask {"demand":null,"operation":"assemble SUV-BLK","resource":"assembly team west","start":"2026-01-30T21:50:32","end":"2026-01-31T21:00:00"}
[resource] candidate {"demand":null,"start":"2026-01-30T21:50:32","end":"2026-01-31T21:00:00","feasible":true}
[resource] ask {"demand":null,"operation":"assemble SUV-BLK","resource":"assembly team flex","start":"2026-01-30T19:07:04","end":"2026-01-31T21:00:00"}
[resource] candidate {"demand":null,"start":"2026-01-30T19:07:04","end":"2026-01-31T21:00:00","feasible":true}
[resource] ask {"demand":null,"operation":"assemble SUV-BLK","resource":"assembly team east","start":"2026-01-31T00:02:51","end":"2026-01-31T21:00:00"}
[resource] candidate {"demand":null,"start":"2026-01-31T00:02:51","end":"2026-01-31T21:00:00","feasible":true}
[buffer] ask {"demand":null,"buffer":"powertrain","requested":1,"date":"2026-01-31T00:02:51","onhand":74}
[buffer] answer {"demand":null,"buffer":"powertrain","requested":1,"remainingShortage":0,"quantity":1,"date":"2026-01-31T00:02:51","plan":null}
[buffer] ask {"demand":null,"buffer":"electronics kit","requested":1,"date":"2026-01-31T00:02:51","onhand":89}
[buffer] answer {"demand":null,"buffer":"electronics kit","requested":1,"remainingShortage":0,"quantity":1,"date":"2026-01-31T00:02:51","plan":null}
[operation] answer {"demand":null,"operation":"assemble SUV-BLK","quantity":1,"start":"2026-01-31T00:02:51","end":"2026-01-31T21:00:00"}
[operation] ask {"demand":null,"operation":"paint SUV-BLK","quantity":1,"end":"2026-01-31T00:02:51"}
[resource] ask {"demand":null,"operation":"paint SUV-BLK","resource":"paint booth","start":"2026-01-30T11:24:57","end":"2026-01-31T00:02:51"}
[resource] candidate {"demand":null,"start":"2026-01-30T11:24:57","end":"2026-01-31T00:02:51","feasible":true}
[operation] answer {"demand":null,"operation":"paint SUV-BLK","quantity":1,"start":"2026-01-30T11:24:57","end":"2026-01-31T00:02:51"}
[operation] ask {"demand":null,"operation":"weld SUV-BLK","quantity":1,"end":"2026-01-30T11:24:57"}
[resource] ask {"demand":null,"operation":"weld SUV-BLK","resource":"body line A","start":"2026-01-29T13:24:57","end":"2026-01-30T11:24:57"}
[resource] candidate {"demand":null,"start":"2026-01-29T13:24:57","end":"2026-01-30T11:24:57","feasible":true}
[buffer] ask {"demand":null,"buffer":"automotive steel","requested":3,"date":"2026-01-29T17:24:57","onhand":103}
[buffer] shortage {"buffer":"automotive steel","iteration":0,"date":"2026-02-07T18:19:51","onhand":-1,"shortage":1}
[buffer] answer {"demand":null,"buffer":"automotive steel","requested":3,"remainingShortage":3,"quantity":0,"date":"2030-12-31T00:00:00","plan":null}
[operation] material-reject {"demand":null,"operation":"weld SUV-BLK","start":"2026-01-29T13:24:57","end":"2026-01-30T11:24:57","asked":3,"answerQuantity":0,"answerDate":"2030-12-31T00:00:00"}
[buffer] replenish {"buffer":"black suv","iteration":0,"requested":1,"replenished":0,"producerDate":"2030-12-31T00:00:00","eventCountBefore":20,"eventCountAfter":20,"remaining":1}
[buffer] answer {"demand":null,"buffer":"black suv","requested":1,"remainingShortage":1,"quantity":0,"date":"2030-12-31T00:00:00","plan":null}
[operation] material-reject {"demand":"vehicle order 019 SUV-BLK","operation":"ship SUV-BLK","start":"2026-01-31T21:00:00","end":"2026-02-01T00:00:00","asked":1,"answerQuantity":0,"answerDate":"2030-12-31T00:00:00"}
[demand] reply {"demand":"vehicle order 019 SUV-BLK","attempt":1,"result":false,"quantity":0,"date":"2030-12-31T00:00:00"}
[demand] attempt {"demand":"vehicle order 019 SUV-BLK","attempt":2,"quantity":1,"requestDate":"2030-12-31T00:00:00","lastDate":"2030-12-31T00:00:00"}
[operation] ask {"demand":"vehicle order 019 SUV-BLK","operation":"ship SUV-BLK","quantity":1,"end":"2030-12-31T00:00:00"}
[operation] answer {"demand":"vehicle order 019 SUV-BLK","operation":"ship SUV-BLK","quantity":1,"start":"2030-12-30T21:00:00","end":"2030-12-31T00:00:00"}
[demand] reply {"demand":"vehicle order 019 SUV-BLK","attempt":2,"result":true,"quantity":1,"date":"2030-12-31T00:00:00"}
[demand] attempt {"demand":"vehicle order 029 SEDAN-BLK","attempt":1,"quantity":4,"requestDate":"2026-02-04T08:00:00","lastDate":"2030-12-31T00:00:00"}
[operation] ask {"demand":"vehicle order 029 SEDAN-BLK","operation":"ship SEDAN-BLK","quantity":4,"end":"2026-02-04T08:00:00"}
[buffer] ask {"demand":null,"buffer":"black sedan","requested":4,"date":"2026-02-04T05:00:00","onhand":1}
[buffer] shortage {"buffer":"black sedan","iteration":0,"date":"2026-02-04T05:00:00","onhand":-4,"shortage":4}
[operation] routing-ask {"demand":null,"operation":"build SEDAN-BLK","quantity":4,"operationPlanQuantity":4,"end":"2026-02-04T05:00:00","steps":["weld SEDAN-BLK","paint SEDAN-BLK","assemble SEDAN-BLK"]}
[operation] ask {"demand":null,"operation":"assemble SEDAN-BLK","quantity":4,"end":"2026-02-04T05:00:00"}
[resource] ask {"demand":null,"operation":"assemble SEDAN-BLK","resource":"assembly team east","start":"2026-02-03T11:51:26","end":"2026-02-04T05:00:00"}
[resource] candidate {"demand":null,"start":"2026-02-03T11:51:26","end":"2026-02-04T05:00:00","feasible":true}
[resource] ask {"demand":null,"operation":"assemble SEDAN-BLK","resource":"assembly team west","start":"2026-02-03T10:03:09","end":"2026-02-04T05:00:00"}
[resource] candidate {"demand":null,"start":"2026-02-03T10:03:09","end":"2026-02-04T05:00:00","feasible":true}
[resource] ask {"demand":null,"operation":"assemble SEDAN-BLK","resource":"assembly team flex","start":"2026-02-03T07:49:25","end":"2026-02-04T05:00:00"}
[resource] candidate {"demand":null,"start":"2026-02-03T07:49:25","end":"2026-02-04T05:00:00","feasible":true}
[resource] ask {"demand":null,"operation":"assemble SEDAN-BLK","resource":"assembly team east","start":"2026-02-03T11:51:26","end":"2026-02-04T05:00:00"}
[resource] candidate {"demand":null,"start":"2026-02-03T11:51:26","end":"2026-02-04T05:00:00","feasible":true}
[buffer] ask {"demand":null,"buffer":"powertrain","requested":4,"date":"2026-02-03T11:51:26","onhand":58.666666666666664}
[buffer] answer {"demand":null,"buffer":"powertrain","requested":4,"remainingShortage":0,"quantity":4,"date":"2026-02-03T11:51:26","plan":null}
[buffer] ask {"demand":null,"buffer":"electronics kit","requested":4,"date":"2026-02-03T11:51:26","onhand":73.66666666666667}
[buffer] answer {"demand":null,"buffer":"electronics kit","requested":4,"remainingShortage":0,"quantity":4,"date":"2026-02-03T11:51:26","plan":null}
[operation] answer {"demand":null,"operation":"assemble SEDAN-BLK","quantity":4,"start":"2026-02-03T11:51:26","end":"2026-02-04T05:00:00"}
[operation] ask {"demand":null,"operation":"paint SEDAN-BLK","quantity":4,"end":"2026-02-03T11:51:26"}
[resource] ask {"demand":null,"operation":"paint SEDAN-BLK","resource":"paint booth","start":"2026-02-03T01:19:51","end":"2026-02-03T11:51:26"}
[resource] candidate {"demand":null,"start":"2026-02-03T01:19:51","end":"2026-02-03T11:51:26","feasible":true}
[operation] answer {"demand":null,"operation":"paint SEDAN-BLK","quantity":4,"start":"2026-02-03T01:19:51","end":"2026-02-03T11:51:26"}
[operation] ask {"demand":null,"operation":"weld SEDAN-BLK","quantity":4,"end":"2026-02-03T01:19:51"}
[resource] ask {"demand":null,"operation":"weld SEDAN-BLK","resource":"body line A","start":"2026-02-02T08:19:51","end":"2026-02-03T01:19:51"}
[resource] candidate {"demand":null,"start":"2026-02-02T08:19:51","end":"2026-02-03T01:19:51","feasible":true}
[buffer] ask {"demand":null,"buffer":"automotive steel","requested":8,"date":"2026-02-02T11:19:51","onhand":64}
[buffer] shortage {"buffer":"automotive steel","iteration":0,"date":"2026-02-07T18:19:51","onhand":-6,"shortage":6}
[buffer] answer {"demand":null,"buffer":"automotive steel","requested":8,"remainingShortage":8,"quantity":0,"date":"2030-12-31T00:00:00","plan":null}
[operation] material-reject {"demand":null,"operation":"weld SEDAN-BLK","start":"2026-02-02T08:19:51","end":"2026-02-03T01:19:51","asked":8,"answerQuantity":0,"answerDate":"2030-12-31T00:00:00"}
[buffer] replenish {"buffer":"black sedan","iteration":0,"requested":4,"replenished":0,"producerDate":"2030-12-31T00:00:00","eventCountBefore":21,"eventCountAfter":21,"remaining":4}
[buffer] answer {"demand":null,"buffer":"black sedan","requested":4,"remainingShortage":4,"quantity":0,"date":"2030-12-31T00:00:00","plan":null}
[operation] material-reject {"demand":"vehicle order 029 SEDAN-BLK","operation":"ship SEDAN-BLK","start":"2026-02-04T05:00:00","end":"2026-02-04T08:00:00","asked":4,"answerQuantity":0,"answerDate":"2030-12-31T00:00:00"}
[demand] reply {"demand":"vehicle order 029 SEDAN-BLK","attempt":1,"result":false,"quantity":0,"date":"2030-12-31T00:00:00"}
[demand] attempt {"demand":"vehicle order 029 SEDAN-BLK","attempt":2,"quantity":4,"requestDate":"2030-12-31T00:00:00","lastDate":"2030-12-31T00:00:00"}
[operation] ask {"demand":"vehicle order 029 SEDAN-BLK","operation":"ship SEDAN-BLK","quantity":4,"end":"2030-12-31T00:00:00"}
[operation] answer {"demand":"vehicle order 029 SEDAN-BLK","operation":"ship SEDAN-BLK","quantity":4,"start":"2030-12-30T21:00:00","end":"2030-12-31T00:00:00"}
[demand] reply {"demand":"vehicle order 029 SEDAN-BLK","attempt":2,"result":true,"quantity":4,"date":"2030-12-31T00:00:00"}
[demand] attempt {"demand":"vehicle order 039 SUV-BLK","attempt":1,"quantity":3,"requestDate":"2026-02-07T16:00:00","lastDate":"2030-12-31T00:00:00"}
[operation] ask {"demand":"vehicle order 039 SUV-BLK","operation":"ship SUV-BLK","quantity":3,"end":"2026-02-07T16:00:00"}
[buffer] ask {"demand":null,"buffer":"black suv","requested":3,"date":"2026-02-07T13:00:00","onhand":4}
[buffer] shortage {"buffer":"black suv","iteration":0,"date":"2026-02-07T13:00:00","onhand":-3,"shortage":3}
[operation] routing-ask {"demand":null,"operation":"build SUV-BLK","quantity":3,"operationPlanQuantity":3,"end":"2026-02-07T13:00:00","steps":["weld SUV-BLK","paint SUV-BLK","assemble SUV-BLK"]}
[operation] ask {"demand":null,"operation":"assemble SUV-BLK","quantity":3,"end":"2026-02-07T13:00:00"}
[resource] ask {"demand":null,"operation":"assemble SUV-BLK","resource":"assembly team east","start":"2026-02-06T16:02:51","end":"2026-02-07T13:00:00"}
[resource] candidate {"demand":null,"start":"2026-02-06T16:02:51","end":"2026-02-07T13:00:00","feasible":true}
[resource] ask {"demand":null,"operation":"assemble SUV-BLK","resource":"assembly team west","start":"2026-02-06T13:50:32","end":"2026-02-07T13:00:00"}
[resource] candidate {"demand":null,"start":"2026-02-06T13:50:32","end":"2026-02-07T13:00:00","feasible":true}
[resource] ask {"demand":null,"operation":"assemble SUV-BLK","resource":"assembly team flex","start":"2026-02-06T11:07:04","end":"2026-02-07T13:00:00"}
[resource] candidate {"demand":null,"start":"2026-02-06T11:07:04","end":"2026-02-07T13:00:00","feasible":true}
[resource] ask {"demand":null,"operation":"assemble SUV-BLK","resource":"assembly team east","start":"2026-02-06T16:02:51","end":"2026-02-07T13:00:00"}
[resource] candidate {"demand":null,"start":"2026-02-06T16:02:51","end":"2026-02-07T13:00:00","feasible":true}
[buffer] ask {"demand":null,"buffer":"powertrain","requested":3,"date":"2026-02-06T16:02:51","onhand":45.666666666666664}
[buffer] answer {"demand":null,"buffer":"powertrain","requested":3,"remainingShortage":0,"quantity":3,"date":"2026-02-06T16:02:51","plan":null}
[buffer] ask {"demand":null,"buffer":"electronics kit","requested":3,"date":"2026-02-06T16:02:51","onhand":60.66666666666667}
[buffer] answer {"demand":null,"buffer":"electronics kit","requested":3,"remainingShortage":0,"quantity":3,"date":"2026-02-06T16:02:51","plan":null}
[operation] answer {"demand":null,"operation":"assemble SUV-BLK","quantity":3,"start":"2026-02-06T16:02:51","end":"2026-02-07T13:00:00"}
[operation] ask {"demand":null,"operation":"paint SUV-BLK","quantity":3,"end":"2026-02-06T16:02:51"}
[resource] ask {"demand":null,"operation":"paint SUV-BLK","resource":"paint booth","start":"2026-02-06T02:24:57","end":"2026-02-06T16:02:51"}
[resource] candidate {"demand":null,"start":"2026-02-06T02:24:57","end":"2026-02-06T16:02:51","feasible":true}
[operation] answer {"demand":null,"operation":"paint SUV-BLK","quantity":3,"start":"2026-02-06T02:24:57","end":"2026-02-06T16:02:51"}
[operation] ask {"demand":null,"operation":"weld SUV-BLK","quantity":3,"end":"2026-02-06T02:24:57"}
[resource] ask {"demand":null,"operation":"weld SUV-BLK","resource":"body line A","start":"2026-02-05T08:24:57","end":"2026-02-06T02:24:57"}
[resource] candidate {"demand":null,"start":"2026-02-05T08:24:57","end":"2026-02-06T02:24:57","feasible":true}
[buffer] ask {"demand":null,"buffer":"automotive steel","requested":9,"date":"2026-02-05T08:24:57","onhand":29}
[buffer] shortage {"buffer":"automotive steel","iteration":0,"date":"2026-02-06T23:21:48","onhand":-1,"shortage":1}
[buffer] answer {"demand":null,"buffer":"automotive steel","requested":9,"remainingShortage":9,"quantity":0,"date":"2030-12-31T00:00:00","plan":null}
[operation] material-reject {"demand":null,"operation":"weld SUV-BLK","start":"2026-02-05T08:24:57","end":"2026-02-06T02:24:57","asked":9,"answerQuantity":0,"answerDate":"2030-12-31T00:00:00"}
[buffer] replenish {"buffer":"black suv","iteration":0,"requested":3,"replenished":0,"producerDate":"2030-12-31T00:00:00","eventCountBefore":21,"eventCountAfter":21,"remaining":3}
[buffer] answer {"demand":null,"buffer":"black suv","requested":3,"remainingShortage":3,"quantity":0,"date":"2030-12-31T00:00:00","plan":null}
[operation] material-reject {"demand":"vehicle order 039 SUV-BLK","operation":"ship SUV-BLK","start":"2026-02-07T13:00:00","end":"2026-02-07T16:00:00","asked":3,"answerQuantity":0,"answerDate":"2030-12-31T00:00:00"}
[demand] reply {"demand":"vehicle order 039 SUV-BLK","attempt":1,"result":false,"quantity":0,"date":"2030-12-31T00:00:00"}
[demand] attempt {"demand":"vehicle order 039 SUV-BLK","attempt":2,"quantity":3,"requestDate":"2030-12-31T00:00:00","lastDate":"2030-12-31T00:00:00"}
[operation] ask {"demand":"vehicle order 039 SUV-BLK","operation":"ship SUV-BLK","quantity":3,"end":"2030-12-31T00:00:00"}
[operation] answer {"demand":"vehicle order 039 SUV-BLK","operation":"ship SUV-BLK","quantity":3,"start":"2030-12-30T21:00:00","end":"2030-12-31T00:00:00"}
[demand] reply {"demand":"vehicle order 039 SUV-BLK","attempt":2,"result":true,"quantity":3,"date":"2030-12-31T00:00:00"}
[demand] attempt {"demand":"vehicle order 010 SEDAN-WHT","attempt":1,"quantity":1,"requestDate":"2026-01-29T00:00:00","lastDate":"2030-12-31T00:00:00"}
[operation] ask {"demand":"vehicle order 010 SEDAN-WHT","operation":"ship SEDAN-WHT","quantity":1,"end":"2026-01-29T00:00:00"}
[buffer] ask {"demand":null,"buffer":"white sedan","requested":1,"date":"2026-01-28T21:00:00","onhand":2}
[buffer] shortage {"buffer":"white sedan","iteration":0,"date":"2026-01-28T21:00:00","onhand":-1,"shortage":1}
[operation] routing-ask {"demand":null,"operation":"build SEDAN-WHT","quantity":1,"operationPlanQuantity":1,"end":"2026-01-28T21:00:00","steps":["weld SEDAN-WHT","paint SEDAN-WHT","assemble SEDAN-WHT"]}
[operation] ask {"demand":null,"operation":"assemble SEDAN-WHT","quantity":1,"end":"2026-01-28T21:00:00"}
[resource] ask {"demand":null,"operation":"assemble SEDAN-WHT","resource":"assembly team east","start":"2026-01-28T03:51:26","end":"2026-01-28T21:00:00"}
[resource] candidate {"demand":null,"start":"2026-01-28T03:51:26","end":"2026-01-28T21:00:00","feasible":true}
[resource] ask {"demand":null,"operation":"assemble SEDAN-WHT","resource":"assembly team west","start":"2026-01-28T02:03:09","end":"2026-01-28T21:00:00"}
[resource] candidate {"demand":null,"start":"2026-01-28T02:03:09","end":"2026-01-28T21:00:00","feasible":true}
[resource] ask {"demand":null,"operation":"assemble SEDAN-WHT","resource":"assembly team flex","start":"2026-01-27T23:49:25","end":"2026-01-28T21:00:00"}
[resource] candidate {"demand":null,"start":"2026-01-27T23:49:25","end":"2026-01-28T21:00:00","feasible":true}
[resource] ask {"demand":null,"operation":"assemble SEDAN-WHT","resource":"assembly team east","start":"2026-01-28T03:51:26","end":"2026-01-28T21:00:00"}
[resource] candidate {"demand":null,"start":"2026-01-28T03:51:26","end":"2026-01-28T21:00:00","feasible":true}
[buffer] ask {"demand":null,"buffer":"powertrain","requested":1,"date":"2026-01-28T03:51:26","onhand":91}
[buffer] answer {"demand":null,"buffer":"powertrain","requested":1,"remainingShortage":0,"quantity":1,"date":"2026-01-28T03:51:26","plan":null}
[buffer] ask {"demand":null,"buffer":"electronics kit","requested":1,"date":"2026-01-28T03:51:26","onhand":106}
[buffer] answer {"demand":null,"buffer":"electronics kit","requested":1,"remainingShortage":0,"quantity":1,"date":"2026-01-28T03:51:26","plan":null}
[operation] answer {"demand":null,"operation":"assemble SEDAN-WHT","quantity":1,"start":"2026-01-28T03:51:26","end":"2026-01-28T21:00:00"}
[operation] ask {"demand":null,"operation":"paint SEDAN-WHT","quantity":1,"end":"2026-01-28T03:51:26"}
[resource] ask {"demand":null,"operation":"paint SEDAN-WHT","resource":"paint booth","start":"2026-01-27T14:23:01","end":"2026-01-28T03:51:26"}
[resource] candidate {"demand":null,"start":"2026-01-27T14:23:01","end":"2026-01-28T03:51:26","feasible":true}
[operation] answer {"demand":null,"operation":"paint SEDAN-WHT","quantity":1,"start":"2026-01-27T14:23:01","end":"2026-01-28T03:51:26"}
[operation] ask {"demand":null,"operation":"weld SEDAN-WHT","quantity":1,"end":"2026-01-27T14:23:01"}
[resource] ask {"demand":null,"operation":"weld SEDAN-WHT","resource":"body line A","start":"2026-01-26T21:23:01","end":"2026-01-27T14:23:01"}
[resource] candidate {"demand":null,"start":"2026-01-26T21:23:01","end":"2026-01-27T14:23:01","feasible":true}
[buffer] ask {"demand":null,"buffer":"automotive steel","requested":2,"date":"2026-01-27T00:23:01","onhand":147}
[buffer] shortage {"buffer":"automotive steel","iteration":0,"date":"2026-02-08T00:23:01","onhand":-2,"shortage":2}
[buffer] answer {"demand":null,"buffer":"automotive steel","requested":2,"remainingShortage":2,"quantity":0,"date":"2030-12-31T00:00:00","plan":null}
[operation] material-reject {"demand":null,"operation":"weld SEDAN-WHT","start":"2026-01-26T21:23:01","end":"2026-01-27T14:23:01","asked":2,"answerQuantity":0,"answerDate":"2030-12-31T00:00:00"}
[buffer] replenish {"buffer":"white sedan","iteration":0,"requested":1,"replenished":0,"producerDate":"2030-12-31T00:00:00","eventCountBefore":19,"eventCountAfter":19,"remaining":1}
[buffer] answer {"demand":null,"buffer":"white sedan","requested":1,"remainingShortage":1,"quantity":0,"date":"2030-12-31T00:00:00","plan":null}
[operation] material-reject {"demand":"vehicle order 010 SEDAN-WHT","operation":"ship SEDAN-WHT","start":"2026-01-28T21:00:00","end":"2026-01-29T00:00:00","asked":1,"answerQuantity":0,"answerDate":"2030-12-31T00:00:00"}
[demand] reply {"demand":"vehicle order 010 SEDAN-WHT","attempt":1,"result":false,"quantity":0,"date":"2030-12-31T00:00:00"}
[demand] attempt {"demand":"vehicle order 010 SEDAN-WHT","attempt":2,"quantity":1,"requestDate":"2030-12-31T00:00:00","lastDate":"2030-12-31T00:00:00"}
[operation] ask {"demand":"vehicle order 010 SEDAN-WHT","operation":"ship SEDAN-WHT","quantity":1,"end":"2030-12-31T00:00:00"}
[operation] answer {"demand":"vehicle order 010 SEDAN-WHT","operation":"ship SEDAN-WHT","quantity":1,"start":"2030-12-30T21:00:00","end":"2030-12-31T00:00:00"}
[demand] reply {"demand":"vehicle order 010 SEDAN-WHT","attempt":2,"result":true,"quantity":1,"date":"2030-12-31T00:00:00"}
[demand] attempt {"demand":"vehicle order 020 SUV-RED","attempt":1,"quantity":2,"requestDate":"2026-02-01T08:00:00","lastDate":"2030-12-31T00:00:00"}
[operation] ask {"demand":"vehicle order 020 SUV-RED","operation":"ship SUV-RED","quantity":2,"end":"2026-02-01T08:00:00"}
[buffer] ask {"demand":null,"buffer":"red suv","requested":2,"date":"2026-02-01T05:00:00","onhand":1}
[buffer] shortage {"buffer":"red suv","iteration":0,"date":"2026-02-01T05:00:00","onhand":-2,"shortage":2}
[operation] routing-ask {"demand":null,"operation":"build SUV-RED","quantity":2,"operationPlanQuantity":2,"end":"2026-02-01T05:00:00","steps":["weld SUV-RED","paint SUV-RED","assemble SUV-RED"]}
[operation] ask {"demand":null,"operation":"assemble SUV-RED","quantity":2,"end":"2026-02-01T05:00:00"}
[resource] ask {"demand":null,"operation":"assemble SUV-RED","resource":"assembly team east","start":"2026-01-31T08:02:51","end":"2026-02-01T05:00:00"}
[resource] candidate {"demand":null,"start":"2026-01-31T08:02:51","end":"2026-02-01T05:00:00","feasible":true}
[resource] ask {"demand":null,"operation":"assemble SUV-RED","resource":"assembly team west","start":"2026-01-31T05:50:32","end":"2026-02-01T05:00:00"}
[resource] candidate {"demand":null,"start":"2026-01-31T05:50:32","end":"2026-02-01T05:00:00","feasible":true}
[resource] ask {"demand":null,"operation":"assemble SUV-RED","resource":"assembly team flex","start":"2026-01-31T03:07:04","end":"2026-02-01T05:00:00"}
[resource] candidate {"demand":null,"start":"2026-01-31T03:07:04","end":"2026-02-01T05:00:00","feasible":true}
[resource] ask {"demand":null,"operation":"assemble SUV-RED","resource":"assembly team east","start":"2026-01-31T08:02:51","end":"2026-02-01T05:00:00"}
[resource] candidate {"demand":null,"start":"2026-01-31T08:02:51","end":"2026-02-01T05:00:00","feasible":true}
[buffer] ask {"demand":null,"buffer":"powertrain","requested":2,"date":"2026-01-31T08:02:51","onhand":74}
[buffer] answer {"demand":null,"buffer":"powertrain","requested":2,"remainingShortage":0,"quantity":2,"date":"2026-01-31T08:02:51","plan":null}
[buffer] ask {"demand":null,"buffer":"electronics kit","requested":2,"date":"2026-01-31T08:02:51","onhand":89}
[buffer] answer {"demand":null,"buffer":"electronics kit","requested":2,"remainingShortage":0,"quantity":2,"date":"2026-01-31T08:02:51","plan":null}
[operation] answer {"demand":null,"operation":"assemble SUV-RED","quantity":2,"start":"2026-01-31T08:02:51","end":"2026-02-01T05:00:00"}
[operation] ask {"demand":null,"operation":"paint SUV-RED","quantity":2,"end":"2026-01-31T08:02:51"}
[resource] ask {"demand":null,"operation":"paint SUV-RED","resource":"paint booth","start":"2026-01-30T17:21:48","end":"2026-01-31T08:02:51"}
[resource] candidate {"demand":null,"start":"2026-01-30T17:21:48","end":"2026-01-31T08:02:51","feasible":true}
[operation] answer {"demand":null,"operation":"paint SUV-RED","quantity":2,"start":"2026-01-30T17:21:48","end":"2026-01-31T08:02:51"}
[operation] ask {"demand":null,"operation":"weld SUV-RED","quantity":2,"end":"2026-01-30T17:21:48"}
[resource] ask {"demand":null,"operation":"weld SUV-RED","resource":"body line A","start":"2026-01-29T19:21:48","end":"2026-01-30T17:21:48"}
[resource] candidate {"demand":null,"start":"2026-01-29T19:21:48","end":"2026-01-30T17:21:48","feasible":true}
[buffer] ask {"demand":null,"buffer":"automotive steel","requested":6,"date":"2026-01-29T23:21:48","onhand":103}
[buffer] shortage {"buffer":"automotive steel","iteration":0,"date":"2026-02-07T18:19:51","onhand":-4,"shortage":4}
[buffer] answer {"demand":null,"buffer":"automotive steel","requested":6,"remainingShortage":6,"quantity":0,"date":"2030-12-31T00:00:00","plan":null}
[operation] material-reject {"demand":null,"operation":"weld SUV-RED","start":"2026-01-29T19:21:48","end":"2026-01-30T17:21:48","asked":6,"answerQuantity":0,"answerDate":"2030-12-31T00:00:00"}
[buffer] replenish {"buffer":"red suv","iteration":0,"requested":2,"replenished":0,"producerDate":"2030-12-31T00:00:00","eventCountBefore":18,"eventCountAfter":18,"remaining":2}
[buffer] answer {"demand":null,"buffer":"red suv","requested":2,"remainingShortage":2,"quantity":0,"date":"2030-12-31T00:00:00","plan":null}
[operation] material-reject {"demand":"vehicle order 020 SUV-RED","operation":"ship SUV-RED","start":"2026-02-01T05:00:00","end":"2026-02-01T08:00:00","asked":2,"answerQuantity":0,"answerDate":"2030-12-31T00:00:00"}
[demand] reply {"demand":"vehicle order 020 SUV-RED","attempt":1,"result":false,"quantity":0,"date":"2030-12-31T00:00:00"}
[demand] attempt {"demand":"vehicle order 020 SUV-RED","attempt":2,"quantity":2,"requestDate":"2030-12-31T00:00:00","lastDate":"2030-12-31T00:00:00"}
[operation] ask {"demand":"vehicle order 020 SUV-RED","operation":"ship SUV-RED","quantity":2,"end":"2030-12-31T00:00:00"}
[operation] answer {"demand":"vehicle order 020 SUV-RED","operation":"ship SUV-RED","quantity":2,"start":"2030-12-30T21:00:00","end":"2030-12-31T00:00:00"}
[demand] reply {"demand":"vehicle order 020 SUV-RED","attempt":2,"result":true,"quantity":2,"date":"2030-12-31T00:00:00"}
[demand] attempt {"demand":"vehicle order 030 SEDAN-WHT","attempt":1,"quantity":2,"requestDate":"2026-02-04T16:00:00","lastDate":"2030-12-31T00:00:00"}
[operation] ask {"demand":"vehicle order 030 SEDAN-WHT","operation":"ship SEDAN-WHT","quantity":2,"end":"2026-02-04T16:00:00"}
[buffer] ask {"demand":null,"buffer":"white sedan","requested":2,"date":"2026-02-04T13:00:00","onhand":2}
[buffer] shortage {"buffer":"white sedan","iteration":0,"date":"2026-02-04T13:00:00","onhand":-2,"shortage":2}
[operation] routing-ask {"demand":null,"operation":"build SEDAN-WHT","quantity":2,"operationPlanQuantity":2,"end":"2026-02-04T13:00:00","steps":["weld SEDAN-WHT","paint SEDAN-WHT","assemble SEDAN-WHT"]}
[operation] ask {"demand":null,"operation":"assemble SEDAN-WHT","quantity":2,"end":"2026-02-04T13:00:00"}
[resource] ask {"demand":null,"operation":"assemble SEDAN-WHT","resource":"assembly team east","start":"2026-02-03T19:51:26","end":"2026-02-04T13:00:00"}
[resource] candidate {"demand":null,"start":"2026-02-03T19:51:26","end":"2026-02-04T13:00:00","feasible":true}
[resource] ask {"demand":null,"operation":"assemble SEDAN-WHT","resource":"assembly team west","start":"2026-02-03T18:03:09","end":"2026-02-04T13:00:00"}
[resource] candidate {"demand":null,"start":"2026-02-03T18:03:09","end":"2026-02-04T13:00:00","feasible":true}
[resource] ask {"demand":null,"operation":"assemble SEDAN-WHT","resource":"assembly team flex","start":"2026-02-03T15:49:25","end":"2026-02-04T13:00:00"}
[resource] candidate {"demand":null,"start":"2026-02-03T15:49:25","end":"2026-02-04T13:00:00","feasible":true}
[resource] ask {"demand":null,"operation":"assemble SEDAN-WHT","resource":"assembly team east","start":"2026-02-03T19:51:26","end":"2026-02-04T13:00:00"}
[resource] candidate {"demand":null,"start":"2026-02-03T19:51:26","end":"2026-02-04T13:00:00","feasible":true}
[buffer] ask {"demand":null,"buffer":"powertrain","requested":2,"date":"2026-02-03T19:51:26","onhand":58.666666666666664}
[buffer] answer {"demand":null,"buffer":"powertrain","requested":2,"remainingShortage":0,"quantity":2,"date":"2026-02-03T19:51:26","plan":null}
[buffer] ask {"demand":null,"buffer":"electronics kit","requested":2,"date":"2026-02-03T19:51:26","onhand":73.66666666666667}
[buffer] answer {"demand":null,"buffer":"electronics kit","requested":2,"remainingShortage":0,"quantity":2,"date":"2026-02-03T19:51:26","plan":null}
[operation] answer {"demand":null,"operation":"assemble SEDAN-WHT","quantity":2,"start":"2026-02-03T19:51:26","end":"2026-02-04T13:00:00"}
[operation] ask {"demand":null,"operation":"paint SEDAN-WHT","quantity":2,"end":"2026-02-03T19:51:26"}
[resource] ask {"demand":null,"operation":"paint SEDAN-WHT","resource":"paint booth","start":"2026-02-03T06:23:01","end":"2026-02-03T19:51:26"}
[resource] candidate {"demand":null,"start":"2026-02-03T06:23:01","end":"2026-02-03T19:51:26","feasible":true}
[operation] answer {"demand":null,"operation":"paint SEDAN-WHT","quantity":2,"start":"2026-02-03T06:23:01","end":"2026-02-03T19:51:26"}
[operation] ask {"demand":null,"operation":"weld SEDAN-WHT","quantity":2,"end":"2026-02-03T06:23:01"}
[resource] ask {"demand":null,"operation":"weld SEDAN-WHT","resource":"body line A","start":"2026-02-02T13:23:01","end":"2026-02-03T06:23:01"}
[resource] candidate {"demand":null,"start":"2026-02-02T13:23:01","end":"2026-02-03T06:23:01","feasible":true}
[buffer] ask {"demand":null,"buffer":"automotive steel","requested":4,"date":"2026-02-02T16:23:01","onhand":64}
[buffer] shortage {"buffer":"automotive steel","iteration":0,"date":"2026-02-07T18:19:51","onhand":-2,"shortage":2}
[buffer] answer {"demand":null,"buffer":"automotive steel","requested":4,"remainingShortage":4,"quantity":0,"date":"2030-12-31T00:00:00","plan":null}
[operation] material-reject {"demand":null,"operation":"weld SEDAN-WHT","start":"2026-02-02T13:23:01","end":"2026-02-03T06:23:01","asked":4,"answerQuantity":0,"answerDate":"2030-12-31T00:00:00"}
[buffer] replenish {"buffer":"white sedan","iteration":0,"requested":2,"replenished":0,"producerDate":"2030-12-31T00:00:00","eventCountBefore":20,"eventCountAfter":20,"remaining":2}
[buffer] answer {"demand":null,"buffer":"white sedan","requested":2,"remainingShortage":2,"quantity":0,"date":"2030-12-31T00:00:00","plan":null}
[operation] material-reject {"demand":"vehicle order 030 SEDAN-WHT","operation":"ship SEDAN-WHT","start":"2026-02-04T13:00:00","end":"2026-02-04T16:00:00","asked":2,"answerQuantity":0,"answerDate":"2030-12-31T00:00:00"}
[demand] reply {"demand":"vehicle order 030 SEDAN-WHT","attempt":1,"result":false,"quantity":0,"date":"2030-12-31T00:00:00"}
[demand] attempt {"demand":"vehicle order 030 SEDAN-WHT","attempt":2,"quantity":2,"requestDate":"2030-12-31T00:00:00","lastDate":"2030-12-31T00:00:00"}
[operation] ask {"demand":"vehicle order 030 SEDAN-WHT","operation":"ship SEDAN-WHT","quantity":2,"end":"2030-12-31T00:00:00"}
[operation] answer {"demand":"vehicle order 030 SEDAN-WHT","operation":"ship SEDAN-WHT","quantity":2,"start":"2030-12-30T21:00:00","end":"2030-12-31T00:00:00"}
[demand] reply {"demand":"vehicle order 030 SEDAN-WHT","attempt":2,"result":true,"quantity":2,"date":"2030-12-31T00:00:00"}
[demand] attempt {"demand":"vehicle order 040 SUV-RED","attempt":1,"quantity":1,"requestDate":"2026-02-08T00:00:00","lastDate":"2030-12-31T00:00:00"}
[operation] ask {"demand":"vehicle order 040 SUV-RED","operation":"ship SUV-RED","quantity":1,"end":"2026-02-08T00:00:00"}
[buffer] ask {"demand":null,"buffer":"red suv","requested":1,"date":"2026-02-07T21:00:00","onhand":2}
[buffer] shortage {"buffer":"red suv","iteration":0,"date":"2026-02-07T21:00:00","onhand":-1,"shortage":1}
[operation] routing-ask {"demand":null,"operation":"build SUV-RED","quantity":1,"operationPlanQuantity":1,"end":"2026-02-07T21:00:00","steps":["weld SUV-RED","paint SUV-RED","assemble SUV-RED"]}
[operation] ask {"demand":null,"operation":"assemble SUV-RED","quantity":1,"end":"2026-02-07T21:00:00"}
[resource] ask {"demand":null,"operation":"assemble SUV-RED","resource":"assembly team east","start":"2026-02-07T00:02:51","end":"2026-02-07T21:00:00"}
[resource] candidate {"demand":null,"start":"2026-02-07T00:02:51","end":"2026-02-07T21:00:00","feasible":true}
[resource] ask {"demand":null,"operation":"assemble SUV-RED","resource":"assembly team west","start":"2026-02-06T21:50:32","end":"2026-02-07T21:00:00"}
[resource] candidate {"demand":null,"start":"2026-02-06T21:50:32","end":"2026-02-07T21:00:00","feasible":true}
[resource] ask {"demand":null,"operation":"assemble SUV-RED","resource":"assembly team flex","start":"2026-02-06T19:07:04","end":"2026-02-07T21:00:00"}
[resource] candidate {"demand":null,"start":"2026-02-06T19:07:04","end":"2026-02-07T21:00:00","feasible":true}
[resource] ask {"demand":null,"operation":"assemble SUV-RED","resource":"assembly team east","start":"2026-02-07T00:02:51","end":"2026-02-07T21:00:00"}
[resource] candidate {"demand":null,"start":"2026-02-07T00:02:51","end":"2026-02-07T21:00:00","feasible":true}
[buffer] ask {"demand":null,"buffer":"powertrain","requested":1,"date":"2026-02-07T00:02:51","onhand":45.666666666666664}
[buffer] answer {"demand":null,"buffer":"powertrain","requested":1,"remainingShortage":0,"quantity":1,"date":"2026-02-07T00:02:51","plan":null}
[buffer] ask {"demand":null,"buffer":"electronics kit","requested":1,"date":"2026-02-07T00:02:51","onhand":60.66666666666667}
[buffer] answer {"demand":null,"buffer":"electronics kit","requested":1,"remainingShortage":0,"quantity":1,"date":"2026-02-07T00:02:51","plan":null}
[operation] answer {"demand":null,"operation":"assemble SUV-RED","quantity":1,"start":"2026-02-07T00:02:51","end":"2026-02-07T21:00:00"}
[operation] ask {"demand":null,"operation":"paint SUV-RED","quantity":1,"end":"2026-02-07T00:02:51"}
[resource] ask {"demand":null,"operation":"paint SUV-RED","resource":"paint booth","start":"2026-02-06T10:21:48","end":"2026-02-07T00:02:51"}
[resource] candidate {"demand":null,"start":"2026-02-06T10:21:48","end":"2026-02-07T00:02:51","feasible":true}
[operation] answer {"demand":null,"operation":"paint SUV-RED","quantity":1,"start":"2026-02-06T10:21:48","end":"2026-02-07T00:02:51"}
[operation] ask {"demand":null,"operation":"weld SUV-RED","quantity":1,"end":"2026-02-06T10:21:48"}
[resource] ask {"demand":null,"operation":"weld SUV-RED","resource":"body line A","start":"2026-02-05T16:21:48","end":"2026-02-06T10:21:48"}
[resource] candidate {"demand":null,"start":"2026-02-05T16:21:48","end":"2026-02-06T10:21:48","feasible":true}
[buffer] ask {"demand":null,"buffer":"automotive steel","requested":3,"date":"2026-02-05T16:21:48","onhand":29}
[buffer] shortage {"buffer":"automotive steel","iteration":0,"date":"2026-02-07T18:19:51","onhand":-1,"shortage":1}
[buffer] answer {"demand":null,"buffer":"automotive steel","requested":3,"remainingShortage":3,"quantity":0,"date":"2030-12-31T00:00:00","plan":null}
[operation] material-reject {"demand":null,"operation":"weld SUV-RED","start":"2026-02-05T16:21:48","end":"2026-02-06T10:21:48","asked":3,"answerQuantity":0,"answerDate":"2030-12-31T00:00:00"}
[buffer] replenish {"buffer":"red suv","iteration":0,"requested":1,"replenished":0,"producerDate":"2030-12-31T00:00:00","eventCountBefore":19,"eventCountAfter":19,"remaining":1}
[buffer] answer {"demand":null,"buffer":"red suv","requested":1,"remainingShortage":1,"quantity":0,"date":"2030-12-31T00:00:00","plan":null}
[operation] material-reject {"demand":"vehicle order 040 SUV-RED","operation":"ship SUV-RED","start":"2026-02-07T21:00:00","end":"2026-02-08T00:00:00","asked":1,"answerQuantity":0,"answerDate":"2030-12-31T00:00:00"}
[demand] reply {"demand":"vehicle order 040 SUV-RED","attempt":1,"result":false,"quantity":0,"date":"2030-12-31T00:00:00"}
[demand] attempt {"demand":"vehicle order 040 SUV-RED","attempt":2,"quantity":1,"requestDate":"2030-12-31T00:00:00","lastDate":"2030-12-31T00:00:00"}
[operation] ask {"demand":"vehicle order 040 SUV-RED","operation":"ship SUV-RED","quantity":1,"end":"2030-12-31T00:00:00"}
[operation] answer {"demand":"vehicle order 040 SUV-RED","operation":"ship SUV-RED","quantity":1,"start":"2030-12-30T21:00:00","end":"2030-12-31T00:00:00"}
[demand] reply {"demand":"vehicle order 040 SUV-RED","attempt":2,"result":true,"quantity":1,"date":"2030-12-31T00:00:00"}
