[demand] attempt {"demand":"electronics order 001 CTRL-A","attempt":1,"quantity":1,"requestDate":"2026-01-19T02:00:00","lastDate":"2030-12-31T00:00:00"}
[operation] ask {"demand":"electronics order 001 CTRL-A","operation":"ship CTRL-A","quantity":1,"operationQuantity":1,"end":"2026-01-19T02:00:00","operationEnd":"2026-01-19T02:00:00"}
[buffer] ask {"demand":null,"buffer":"controller A","requested":1,"date":"2026-01-19T00:00:00","onhand":0}
[buffer] shortage {"buffer":"controller A","iteration":0,"date":"2026-01-19T00:00:00","onhand":-1,"shortage":1}
[operation] alternate-ask {"demand":null,"operation":"select process CTRL-A","quantity":1,"end":"2026-01-19T00:00:00","alternates":["fast process CTRL-A","standard process CTRL-A"]}
[operation] alternate-try {"operation":"select process CTRL-A","alternate":"fast process CTRL-A","remainingQuantity":1,"childQuantity":1}
[operation] ask {"demand":null,"operation":"fast process CTRL-A","quantity":1,"operationQuantity":1,"end":"2026-01-19T00:00:00","operationEnd":"2026-01-19T00:00:00"}
[operation] fixedtime-incomplete {"operation":"fast process CTRL-A","quantity":1,"q":1,"preferEnd":true,"later":false,"forward":false,"efficiency":1.15,"requestedStart":"1971-01-01T00:00:00","requestedEnd":"2026-01-19T00:00:00","productionWanted":25043,"productionActual":25043,"productionStart":"2026-01-18T17:02:37","productionEnd":"2026-01-19T00:00:00","setupRequired":true,"expectedSetup":3130.434782608696,"setupActual":3130,"setupStart":"2026-01-18T16:10:27","setupEnd":"2026-01-18T17:02:37","setupResource":"smt highspeed","setupRule":true,"resources":[{"resource":"smt highspeed","quantity":1,"start":true},{"resource":"smt highspeed","quantity":-1,"start":false}]}
[resource] ask {"demand":null,"operation":"fast process CTRL-A","resource":"smt highspeed","start":"2026-01-18T15:43:38","end":"2026-01-19T00:00:00"}
[resource] input {"operation":"fast process CTRL-A","resource":"smt highspeed","questionQuantity":-1,"operationQuantity":1,"loadQuantity":-1}
[resource] candidate {"demand":null,"start":"2026-01-18T15:43:38","end":"2026-01-19T00:00:00","feasible":true}
[resource] answer {"operation":"fast process CTRL-A","resource":"smt highspeed","answerQuantity":1,"operationQuantity":1,"loadQuantity":-1}
[load] resource-before-assignment {"operation":"fast process CTRL-A","load":"","resource":"ict senior","originalQuantity":1,"plannedQuantity":1,"loadQuantity":-1}
[load] resource-after-assignment {"operation":"fast process CTRL-A","load":"","resource":"ict senior","plannedQuantity":1,"loadQuantity":-1}
[operation] fixedtime-incomplete {"operation":"fast process CTRL-A","quantity":1,"q":1,"preferEnd":true,"later":false,"forward":false,"efficiency":1.1,"requestedStart":"1971-01-01T00:00:00","requestedEnd":"2026-01-19T00:00:00","productionWanted":26182,"productionActual":26182,"productionStart":"2026-01-18T16:43:38","productionEnd":"2026-01-19T00:00:00","setupRequired":true,"expectedSetup":3272.7272727272725,"setupActual":3273,"setupStart":"2026-01-18T15:49:05","setupEnd":"2026-01-18T16:43:38","setupResource":"smt highspeed","setupRule":true,"resources":[{"resource":"smt highspeed","quantity":1,"start":true},{"resource":"smt highspeed","quantity":-1,"start":false},{"resource":"ict senior","quantity":1,"start":true},{"resource":"ict senior","quantity":-1,"start":false}]}
[resource] ask {"demand":null,"operation":"fast process CTRL-A","resource":"ict senior","start":"2026-01-18T16:43:38","end":"2026-01-19T00:00:00"}
[resource] input {"operation":"fast process CTRL-A","resource":"ict senior","questionQuantity":0,"operationQuantity":0,"loadQuantity":0}
[resource] candidate {"demand":null,"start":"2026-01-18T16:43:38","end":"2026-01-19T00:00:00","feasible":true}
[resource] answer {"operation":"fast process CTRL-A","resource":"ict senior","answerQuantity":0,"operationQuantity":0,"loadQuantity":0}
[load] resource-trial {"operation":"fast process CTRL-A","load":"","resource":"ict senior","answerQuantity":0,"plannedQuantity":0,"skillPriority":1,"answerDate":"2026-01-19T00:00:00"}
[load] resource-before-assignment {"operation":"fast process CTRL-A","load":"","resource":"ict regular","originalQuantity":1,"plannedQuantity":1,"loadQuantity":-1}
[operation] fixedtime-incomplete {"operation":"fast process CTRL-A","quantity":1,"q":1,"preferEnd":true,"later":false,"forward":false,"efficiency":0.95,"requestedStart":"1971-01-01T00:00:00","requestedEnd":"2026-01-19T00:00:00","productionWanted":30316,"productionActual":30316,"productionStart":"2026-01-18T15:34:44","productionEnd":"2026-01-19T00:00:00","setupRequired":true,"expectedSetup":3789.4736842105267,"setupActual":3789,"setupStart":"2026-01-18T14:31:35","setupEnd":"2026-01-18T15:34:44","setupResource":"smt highspeed","setupRule":true,"resources":[{"resource":"smt highspeed","quantity":1,"start":true},{"resource":"smt highspeed","quantity":-1,"start":false},{"resource":"ict regular","quantity":1,"start":true},{"resource":"ict regular","quantity":-1,"start":false}]}
[load] resource-after-assignment {"operation":"fast process CTRL-A","load":"","resource":"ict regular","plannedQuantity":0,"loadQuantity":0}
[resource] ask {"demand":null,"operation":"fast process CTRL-A","resource":"ict regular","start":"2026-01-18T15:34:44","end":"2026-01-19T00:00:00"}
[resource] input {"operation":"fast process CTRL-A","resource":"ict regular","questionQuantity":0,"operationQuantity":0,"loadQuantity":0}
[resource] candidate {"demand":null,"start":"2026-01-18T15:34:44","end":"2026-01-19T00:00:00","feasible":true}
[resource] answer {"operation":"fast process CTRL-A","resource":"ict regular","answerQuantity":0,"operationQuantity":0,"loadQuantity":0}
[load] resource-trial {"operation":"fast process CTRL-A","load":"","resource":"ict regular","answerQuantity":0,"plannedQuantity":0,"skillPriority":2,"answerDate":"2026-01-19T00:00:00"}
[load] resource-rejected {"operation":"fast process CTRL-A","load":"","candidateCount":3,"qualifiedResourceExists":true,"minimumNextDate":"2026-01-19T00:00:00"}
[operation] capacity-reject {"demand":null,"operation":"fast process CTRL-A","start":"2026-01-18T15:34:44","end":"2026-01-19T00:00:00","answerQuantity":0,"answerDate":"2026-01-19T00:00:00"}
[operation] alternate-reject {"operation":"select process CTRL-A","alternate":"fast process CTRL-A","quantity":0,"nextDate":"2026-01-19T06:00:00"}
[operation] alternate-try {"operation":"select process CTRL-A","alternate":"standard process CTRL-A","remainingQuantity":1,"childQuantity":1}
[operation] ask {"demand":null,"operation":"standard process CTRL-A","quantity":1,"operationQuantity":1,"end":"2026-01-19T00:00:00","operationEnd":"2026-01-19T00:00:00"}
[operation] fixedtime-incomplete {"operation":"standard process CTRL-A","quantity":1,"q":1,"preferEnd":true,"later":false,"forward":false,"efficiency":0.85,"requestedStart":"1971-01-01T00:00:00","requestedEnd":"2026-01-19T00:00:00","productionWanted":55059,"productionActual":55059,"productionStart":"2026-01-18T08:42:21","productionEnd":"2026-01-19T00:00:00","setupRequired":true,"expectedSetup":4235.294117647059,"setupActual":4235,"setupStart":"2026-01-18T07:31:46","setupEnd":"2026-01-18T08:42:21","setupResource":"smt standard","setupRule":true,"resources":[{"resource":"smt standard","quantity":1,"start":true},{"resource":"smt standard","quantity":-1,"start":false}]}
[resource] ask {"demand":null,"operation":"standard process CTRL-A","resource":"smt standard","start":"2026-01-18T07:42:21","end":"2026-01-19T00:00:00"}
[resource] input {"operation":"standard process CTRL-A","resource":"smt standard","questionQuantity":-1,"operationQuantity":1,"loadQuantity":-1}
[resource] candidate {"demand":null,"start":"2026-01-18T07:42:21","end":"2026-01-19T00:00:00","feasible":true}
[resource] answer {"operation":"standard process CTRL-A","resource":"smt standard","answerQuantity":1,"operationQuantity":1,"loadQuantity":-1}
[resource] ask {"demand":null,"operation":"standard process CTRL-A","resource":"functional test","start":"2026-01-18T07:42:21","end":"2026-01-19T00:00:00"}
[resource] input {"operation":"standard process CTRL-A","resource":"functional test","questionQuantity":-1,"operationQuantity":1,"loadQuantity":-1}
[resource] candidate {"demand":null,"start":"2026-01-18T07:42:21","end":"2026-01-19T00:00:00","feasible":true}
[resource] answer {"operation":"standard process CTRL-A","resource":"functional test","answerQuantity":1,"operationQuantity":1,"loadQuantity":-1}
[buffer] ask {"demand":null,"buffer":"microcontroller standard","requested":1,"date":"2026-01-18T08:42:21","onhand":180}
[buffer] answer {"demand":null,"buffer":"microcontroller standard","requested":1,"remainingShortage":0,"quantity":1,"date":"2030-12-31T00:00:00","plan":null}
[buffer] ask {"demand":null,"buffer":"pcb panel","requested":1,"date":"2026-01-18T08:42:21","onhand":240}
[buffer] answer {"demand":null,"buffer":"pcb panel","requested":1,"remainingShortage":0,"quantity":1,"date":"2030-12-31T00:00:00","plan":null}
[operation] answer {"demand":null,"operation":"standard process CTRL-A","quantity":1,"start":"2026-01-18T07:42:21","end":"2026-01-19T00:00:00"}
[operation] alternate-segment {"operation":"select process CTRL-A","alternate":"standard process CTRL-A","quantity":1,"remainingQuantity":0,"start":"2026-01-18T07:42:21","end":"2026-01-19T00:00:00"}
[operation] alternate-answer {"operation":"select process CTRL-A","quantity":1,"remainingQuantity":0,"nextDate":"2026-01-19T06:00:00"}
[buffer] replenish {"buffer":"controller A","iteration":0,"requested":1,"replenished":1,"producerDate":"2026-01-19T06:00:00","eventCountBefore":1,"eventCountAfter":2,"remaining":0}
[buffer] answer {"demand":null,"buffer":"controller A","requested":1,"remainingShortage":0,"quantity":1,"date":"2030-12-31T00:00:00","plan":"OperationPlan"}
[operation] answer {"demand":"electronics order 001 CTRL-A","operation":"ship CTRL-A","quantity":1,"start":"2026-01-19T00:00:00","end":"2026-01-19T02:00:00"}
[demand] reply {"demand":"electronics order 001 CTRL-A","attempt":1,"result":true,"quantity":1,"date":"2030-12-31T00:00:00"}
[demand] attempt {"demand":"electronics order 016 SENSOR-D","attempt":1,"quantity":3,"requestDate":"2026-01-22T20:00:00","lastDate":"2030-12-31T00:00:00"}
[operation] ask {"demand":"electronics order 016 SENSOR-D","operation":"ship SENSOR-D","quantity":3,"operationQuantity":3,"end":"2026-01-22T20:00:00","operationEnd":"2026-01-22T20:00:00"}
[buffer] ask {"demand":null,"buffer":"sensor D","requested":3,"date":"2026-01-22T18:00:00","onhand":0}
[buffer] shortage {"buffer":"sensor D","iteration":0,"date":"2026-01-22T18:00:00","onhand":-3,"shortage":3}
[operation] alternate-ask {"demand":null,"operation":"select process SENSOR-D","quantity":3,"end":"2026-01-22T18:00:00","alternates":["fast process SENSOR-D","standard process SENSOR-D"]}
[operation] alternate-try {"operation":"select process SENSOR-D","alternate":"fast process SENSOR-D","remainingQuantity":3,"childQuantity":3}
[operation] ask {"demand":null,"operation":"fast process SENSOR-D","quantity":3,"operationQuantity":3,"end":"2026-01-22T18:00:00","operationEnd":"2026-01-22T18:00:00"}
[operation] fixedtime-incomplete {"operation":"fast process SENSOR-D","quantity":3,"q":3,"preferEnd":true,"later":false,"forward":false,"efficiency":1.15,"requestedStart":"1971-01-01T00:00:00","requestedEnd":"2026-01-22T18:00:00","productionWanted":34435,"productionActual":34435,"productionStart":"2026-01-22T08:26:05","productionEnd":"2026-01-22T18:00:00","setupRequired":true,"expectedSetup":3130.434782608696,"setupActual":3130,"setupStart":"2026-01-22T07:33:55","setupEnd":"2026-01-22T08:26:05","setupResource":"smt highspeed","setupRule":true,"resources":[{"resource":"smt highspeed","quantity":1,"start":true},{"resource":"smt highspeed","quantity":-1,"start":false}]}
[resource] ask {"demand":null,"operation":"fast process SENSOR-D","resource":"smt highspeed","start":"2026-01-22T07:00:00","end":"2026-01-22T18:00:00"}
[resource] input {"operation":"fast process SENSOR-D","resource":"smt highspeed","questionQuantity":-1,"operationQuantity":3,"loadQuantity":-1}
[resource] candidate {"demand":null,"start":"2026-01-22T07:00:00","end":"2026-01-22T18:00:00","feasible":true}
[resource] answer {"operation":"fast process SENSOR-D","resource":"smt highspeed","answerQuantity":1,"operationQuantity":3,"loadQuantity":-1}
[load] resource-before-assignment {"operation":"fast process SENSOR-D","load":"","resource":"ict senior","originalQuantity":3,"plannedQuantity":3,"loadQuantity":-1}
[load] resource-after-assignment {"operation":"fast process SENSOR-D","load":"","resource":"ict senior","plannedQuantity":3,"loadQuantity":-1}
[operation] fixedtime-incomplete {"operation":"fast process SENSOR-D","quantity":3,"q":3,"preferEnd":true,"later":false,"forward":false,"efficiency":1.1,"requestedStart":"1971-01-01T00:00:00","requestedEnd":"2026-01-22T18:00:00","productionWanted":36000,"productionActual":36000,"productionStart":"2026-01-22T08:00:00","productionEnd":"2026-01-22T18:00:00","setupRequired":true,"expectedSetup":3272.7272727272725,"setupActual":3273,"setupStart":"2026-01-22T07:05:27","setupEnd":"2026-01-22T08:00:00","setupResource":"smt highspeed","setupRule":true,"resources":[{"resource":"smt highspeed","quantity":1,"start":true},{"resource":"smt highspeed","quantity":-1,"start":false},{"resource":"ict senior","quantity":1,"start":true},{"resource":"ict senior","quantity":-1,"start":false}]}
[resource] ask {"demand":null,"operation":"fast process SENSOR-D","resource":"ict senior","start":"2026-01-22T08:00:00","end":"2026-01-22T18:00:00"}
[resource] input {"operation":"fast process SENSOR-D","resource":"ict senior","questionQuantity":0,"operationQuantity":0,"loadQuantity":0}
[resource] candidate {"demand":null,"start":"2026-01-22T08:00:00","end":"2026-01-22T18:00:00","feasible":true}
[resource] answer {"operation":"fast process SENSOR-D","resource":"ict senior","answerQuantity":0,"operationQuantity":0,"loadQuantity":0}
[load] resource-trial {"operation":"fast process SENSOR-D","load":"","resource":"ict senior","answerQuantity":0,"plannedQuantity":0,"skillPriority":1,"answerDate":"2026-01-22T18:00:00"}
[load] resource-before-assignment {"operation":"fast process SENSOR-D","load":"","resource":"ict regular","originalQuantity":3,"plannedQuantity":3,"loadQuantity":-1}
[operation] fixedtime-incomplete {"operation":"fast process SENSOR-D","quantity":3,"q":3,"preferEnd":true,"later":false,"forward":false,"efficiency":0.95,"requestedStart":"1971-01-01T00:00:00","requestedEnd":"2026-01-22T18:00:00","productionWanted":41684,"productionActual":41684,"productionStart":"2026-01-22T06:25:16","productionEnd":"2026-01-22T18:00:00","setupRequired":true,"expectedSetup":3789.4736842105267,"setupActual":3789,"setupStart":"2026-01-22T05:22:07","setupEnd":"2026-01-22T06:25:16","setupResource":"smt highspeed","setupRule":true,"resources":[{"resource":"smt highspeed","quantity":1,"start":true},{"resource":"smt highspeed","quantity":-1,"start":false},{"resource":"ict regular","quantity":1,"start":true},{"resource":"ict regular","quantity":-1,"start":false}]}
[load] resource-after-assignment {"operation":"fast process SENSOR-D","load":"","resource":"ict regular","plannedQuantity":0,"loadQuantity":0}
[resource] ask {"demand":null,"operation":"fast process SENSOR-D","resource":"ict regular","start":"2026-01-22T06:25:16","end":"2026-01-22T18:00:00"}
[resource] input {"operation":"fast process SENSOR-D","resource":"ict regular","questionQuantity":0,"operationQuantity":0,"loadQuantity":0}
[resource] candidate {"demand":null,"start":"2026-01-22T06:25:16","end":"2026-01-22T18:00:00","feasible":true}
[resource] answer {"operation":"fast process SENSOR-D","resource":"ict regular","answerQuantity":0,"operationQuantity":0,"loadQuantity":0}
[load] resource-trial {"operation":"fast process SENSOR-D","load":"","resource":"ict regular","answerQuantity":0,"plannedQuantity":0,"skillPriority":2,"answerDate":"2026-01-22T18:00:00"}
[load] resource-rejected {"operation":"fast process SENSOR-D","load":"","candidateCount":3,"qualifiedResourceExists":true,"minimumNextDate":"2026-01-22T18:00:00"}
[operation] capacity-reject {"demand":null,"operation":"fast process SENSOR-D","start":"2026-01-22T06:25:16","end":"2026-01-22T18:00:00","answerQuantity":0,"answerDate":"2026-01-22T18:00:00"}
[operation] alternate-reject {"operation":"select process SENSOR-D","alternate":"fast process SENSOR-D","quantity":0,"nextDate":"2026-01-23T00:00:00"}
[operation] alternate-try {"operation":"select process SENSOR-D","alternate":"standard process SENSOR-D","remainingQuantity":3,"childQuantity":3}
[operation] ask {"demand":null,"operation":"standard process SENSOR-D","quantity":3,"operationQuantity":3,"end":"2026-01-22T18:00:00","operationEnd":"2026-01-22T18:00:00"}
[operation] fixedtime-incomplete {"operation":"standard process SENSOR-D","quantity":3,"q":3,"preferEnd":true,"later":false,"forward":false,"efficiency":0.85,"requestedStart":"1971-01-01T00:00:00","requestedEnd":"2026-01-22T18:00:00","productionWanted":67765,"productionActual":67765,"productionStart":"2026-01-21T23:10:35","productionEnd":"2026-01-22T18:00:00","setupRequired":true,"expectedSetup":12705.882352941177,"setupActual":12706,"setupStart":"2026-01-21T19:38:49","setupEnd":"2026-01-21T23:10:35","setupResource":"smt standard","setupRule":true,"resources":[{"resource":"smt standard","quantity":1,"start":true},{"resource":"smt standard","quantity":-1,"start":false}]}
[resource] ask {"demand":null,"operation":"standard process SENSOR-D","resource":"smt standard","start":"2026-01-21T20:10:35","end":"2026-01-22T18:00:00"}
[resource] input {"operation":"standard process SENSOR-D","resource":"smt standard","questionQuantity":-1,"operationQuantity":3,"loadQuantity":-1}
[resource] candidate {"demand":null,"start":"2026-01-21T20:10:35","end":"2026-01-22T18:00:00","feasible":true}
[resource] answer {"operation":"standard process SENSOR-D","resource":"smt standard","answerQuantity":1,"operationQuantity":3,"loadQuantity":-1}
[resource] ask {"demand":null,"operation":"standard process SENSOR-D","resource":"functional test","start":"2026-01-21T20:10:35","end":"2026-01-22T18:00:00"}
[resource] input {"operation":"standard process SENSOR-D","resource":"functional test","questionQuantity":-1,"operationQuantity":3,"loadQuantity":-1}
[resource] candidate {"demand":null,"start":"2026-01-21T20:10:35","end":"2026-01-22T18:00:00","feasible":true}
[resource] answer {"operation":"standard process SENSOR-D","resource":"functional test","answerQuantity":1,"operationQuantity":3,"loadQuantity":-1}
[buffer] ask {"demand":null,"buffer":"microcontroller standard","requested":3,"date":"2026-01-21T23:10:35","onhand":179}
[buffer] answer {"demand":null,"buffer":"microcontroller standard","requested":3,"remainingShortage":0,"quantity":3,"date":"2030-12-31T00:00:00","plan":null}
[buffer] ask {"demand":null,"buffer":"sensor die","requested":3,"date":"2026-01-21T23:10:35","onhand":140}
[buffer] answer {"demand":null,"buffer":"sensor die","requested":3,"remainingShortage":0,"quantity":3,"date":"2030-12-31T00:00:00","plan":null}
[operation] answer {"demand":null,"operation":"standard process SENSOR-D","quantity":3,"start":"2026-01-21T20:10:35","end":"2026-01-22T18:00:00"}
[operation] alternate-segment {"operation":"select process SENSOR-D","alternate":"standard process SENSOR-D","quantity":3,"remainingQuantity":0,"start":"2026-01-21T20:10:35","end":"2026-01-22T18:00:00"}
[operation] alternate-answer {"operation":"select process SENSOR-D","quantity":3,"remainingQuantity":0,"nextDate":"2026-01-23T00:00:00"}
[buffer] replenish {"buffer":"sensor D","iteration":0,"requested":3,"replenished":3,"producerDate":"2026-01-23T00:00:00","eventCountBefore":1,"eventCountAfter":2,"remaining":0}
[buffer] answer {"demand":null,"buffer":"sensor D","requested":3,"remainingShortage":0,"quantity":3,"date":"2030-12-31T00:00:00","plan":"OperationPlan"}
[operation] answer {"demand":"electronics order 016 SENSOR-D","operation":"ship SENSOR-D","quantity":3,"start":"2026-01-22T18:00:00","end":"2026-01-22T20:00:00"}
[demand] reply {"demand":"electronics order 016 SENSOR-D","attempt":1,"result":true,"quantity":3,"date":"2030-12-31T00:00:00"}
[demand] attempt {"demand":"electronics order 031 SENSOR-C","attempt":1,"quantity":1,"requestDate":"2026-01-26T14:00:00","lastDate":"2030-12-31T00:00:00"}
[operation] ask {"demand":"electronics order 031 SENSOR-C","operation":"ship SENSOR-C","quantity":1,"operationQuantity":1,"end":"2026-01-26T14:00:00","operationEnd":"2026-01-26T14:00:00"}
[buffer] ask {"demand":null,"buffer":"sensor C","requested":1,"date":"2026-01-26T12:00:00","onhand":0}
[buffer] shortage {"buffer":"sensor C","iteration":0,"date":"2026-01-26T12:00:00","onhand":-1,"shortage":1}
[operation] alternate-ask {"demand":null,"operation":"select process SENSOR-C","quantity":1,"end":"2026-01-26T12:00:00","alternates":["fast process SENSOR-C","standard process SENSOR-C"]}
[operation] alternate-try {"operation":"select process SENSOR-C","alternate":"fast process SENSOR-C","remainingQuantity":1,"childQuantity":1}
[operation] ask {"demand":null,"operation":"fast process SENSOR-C","quantity":1,"operationQuantity":1,"end":"2026-01-26T12:00:00","operationEnd":"2026-01-26T12:00:00"}
[operation] fixedtime-incomplete {"operation":"fast process SENSOR-C","quantity":1,"q":1,"preferEnd":true,"later":false,"forward":false,"efficiency":1.15,"requestedStart":"1971-01-01T00:00:00","requestedEnd":"2026-01-26T12:00:00","productionWanted":31304,"productionActual":31304,"productionStart":"2026-01-26T03:18:16","productionEnd":"2026-01-26T12:00:00","setupRequired":true,"expectedSetup":3130.434782608696,"setupActual":3130,"setupStart":"2026-01-26T02:26:06","setupEnd":"2026-01-26T03:18:16","setupResource":"smt highspeed","setupRule":true,"resources":[{"resource":"smt highspeed","quantity":1,"start":true},{"resource":"smt highspeed","quantity":-1,"start":false}]}
[resource] ask {"demand":null,"operation":"fast process SENSOR-C","resource":"smt highspeed","start":"2026-01-26T01:54:33","end":"2026-01-26T12:00:00"}
[resource] input {"operation":"fast process SENSOR-C","resource":"smt highspeed","questionQuantity":-1,"operationQuantity":1,"loadQuantity":-1}
[resource] candidate {"demand":null,"start":"2026-01-26T01:54:33","end":"2026-01-26T12:00:00","feasible":true}
[resource] answer {"operation":"fast process SENSOR-C","resource":"smt highspeed","answerQuantity":1,"operationQuantity":1,"loadQuantity":-1}
[load] resource-before-assignment {"operation":"fast process SENSOR-C","load":"","resource":"ict senior","originalQuantity":1,"plannedQuantity":1,"loadQuantity":-1}
[load] resource-after-assignment {"operation":"fast process SENSOR-C","load":"","resource":"ict senior","plannedQuantity":1,"loadQuantity":-1}
[operation] fixedtime-incomplete {"operation":"fast process SENSOR-C","quantity":1,"q":1,"preferEnd":true,"later":false,"forward":false,"efficiency":1.1,"requestedStart":"1971-01-01T00:00:00","requestedEnd":"2026-01-26T12:00:00","productionWanted":32727,"productionActual":32727,"productionStart":"2026-01-26T02:54:33","productionEnd":"2026-01-26T12:00:00","setupRequired":true,"expectedSetup":3272.7272727272725,"setupActual":3273,"setupStart":"2026-01-26T02:00:00","setupEnd":"2026-01-26T02:54:33","setupResource":"smt highspeed","setupRule":true,"resources":[{"resource":"smt highspeed","quantity":1,"start":true},{"resource":"smt highspeed","quantity":-1,"start":false},{"resource":"ict senior","quantity":1,"start":true},{"resource":"ict senior","quantity":-1,"start":false}]}
[resource] ask {"demand":null,"operation":"fast process SENSOR-C","resource":"ict senior","start":"2026-01-26T02:54:33","end":"2026-01-26T12:00:00"}
[resource] input {"operation":"fast process SENSOR-C","resource":"ict senior","questionQuantity":0,"operationQuantity":0,"loadQuantity":0}
[resource] candidate {"demand":null,"start":"2026-01-26T02:54:33","end":"2026-01-26T12:00:00","feasible":true}
[resource] answer {"operation":"fast process SENSOR-C","resource":"ict senior","answerQuantity":0,"operationQuantity":0,"loadQuantity":0}
[load] resource-trial {"operation":"fast process SENSOR-C","load":"","resource":"ict senior","answerQuantity":0,"plannedQuantity":0,"skillPriority":1,"answerDate":"2026-01-26T12:00:00"}
[load] resource-before-assignment {"operation":"fast process SENSOR-C","load":"","resource":"ict regular","originalQuantity":1,"plannedQuantity":1,"loadQuantity":-1}
[operation] fixedtime-incomplete {"operation":"fast process SENSOR-C","quantity":1,"q":1,"preferEnd":true,"later":false,"forward":false,"efficiency":0.95,"requestedStart":"1971-01-01T00:00:00","requestedEnd":"2026-01-26T12:00:00","productionWanted":37895,"productionActual":37895,"productionStart":"2026-01-26T01:28:25","productionEnd":"2026-01-26T12:00:00","setupRequired":true,"expectedSetup":3789.4736842105267,"setupActual":3789,"setupStart":"2026-01-26T00:25:16","setupEnd":"2026-01-26T01:28:25","setupResource":"smt highspeed","setupRule":true,"resources":[{"resource":"smt highspeed","quantity":1,"start":true},{"resource":"smt highspeed","quantity":-1,"start":false},{"resource":"ict regular","quantity":1,"start":true},{"resource":"ict regular","quantity":-1,"start":false}]}
[load] resource-after-assignment {"operation":"fast process SENSOR-C","load":"","resource":"ict regular","plannedQuantity":0,"loadQuantity":0}
[resource] ask {"demand":null,"operation":"fast process SENSOR-C","resource":"ict regular","start":"2026-01-26T01:28:25","end":"2026-01-26T12:00:00"}
[resource] input {"operation":"fast process SENSOR-C","resource":"ict regular","questionQuantity":0,"operationQuantity":0,"loadQuantity":0}
[resource] candidate {"demand":null,"start":"2026-01-26T01:28:25","end":"2026-01-26T12:00:00","feasible":true}
[resource] answer {"operation":"fast process SENSOR-C","resource":"ict regular","answerQuantity":0,"operationQuantity":0,"loadQuantity":0}
[load] resource-trial {"operation":"fast process SENSOR-C","load":"","resource":"ict regular","answerQuantity":0,"plannedQuantity":0,"skillPriority":2,"answerDate":"2026-01-26T12:00:00"}
[load] resource-rejected {"operation":"fast process SENSOR-C","load":"","candidateCount":3,"qualifiedResourceExists":true,"minimumNextDate":"2026-01-26T12:00:00"}
[operation] capacity-reject {"demand":null,"operation":"fast process SENSOR-C","start":"2026-01-26T01:28:25","end":"2026-01-26T12:00:00","answerQuantity":0,"answerDate":"2026-01-26T12:00:00"}
[operation] alternate-reject {"operation":"select process SENSOR-C","alternate":"fast process SENSOR-C","quantity":0,"nextDate":"2026-01-26T18:00:00"}
[operation] alternate-try {"operation":"select process SENSOR-C","alternate":"standard process SENSOR-C","remainingQuantity":1,"childQuantity":1}
[operation] ask {"demand":null,"operation":"standard process SENSOR-C","quantity":1,"operationQuantity":1,"end":"2026-01-26T12:00:00","operationEnd":"2026-01-26T12:00:00"}
[resource] ask {"demand":null,"operation":"standard process SENSOR-C","resource":"smt standard","start":"2026-01-25T18:21:11","end":"2026-01-26T12:00:00"}
[resource] input {"operation":"standard process SENSOR-C","resource":"smt standard","questionQuantity":-1,"operationQuantity":1,"loadQuantity":-1}
[resource] candidate {"demand":null,"start":"2026-01-25T18:21:11","end":"2026-01-26T12:00:00","feasible":true}
[resource] answer {"operation":"standard process SENSOR-C","resource":"smt standard","answerQuantity":1,"operationQuantity":1,"loadQuantity":-1}
[resource] ask {"demand":null,"operation":"standard process SENSOR-C","resource":"functional test","start":"2026-01-25T18:21:11","end":"2026-01-26T12:00:00"}
[resource] input {"operation":"standard process SENSOR-C","resource":"functional test","questionQuantity":-1,"operationQuantity":1,"loadQuantity":-1}
[resource] candidate {"demand":null,"start":"2026-01-25T18:21:11","end":"2026-01-26T12:00:00","feasible":true}
[resource] answer {"operation":"standard process SENSOR-C","resource":"functional test","answerQuantity":1,"operationQuantity":1,"loadQuantity":-1}
[buffer] ask {"demand":null,"buffer":"microcontroller standard","requested":1,"date":"2026-01-25T18:21:11","onhand":176}
[buffer] answer {"demand":null,"buffer":"microcontroller standard","requested":1,"remainingShortage":0,"quantity":1,"date":"2030-12-31T00:00:00","plan":null}
[buffer] ask {"demand":null,"buffer":"sensor die","requested":1,"date":"2026-01-25T18:21:11","onhand":137}
[buffer] answer {"demand":null,"buffer":"sensor die","requested":1,"remainingShortage":0,"quantity":1,"date":"2030-12-31T00:00:00","plan":null}
[operation] answer {"demand":null,"operation":"standard process SENSOR-C","quantity":1,"start":"2026-01-25T18:21:11","end":"2026-01-26T12:00:00"}
[operation] alternate-segment {"operation":"select process SENSOR-C","alternate":"standard process SENSOR-C","quantity":1,"remainingQuantity":0,"start":"2026-01-25T18:21:11","end":"2026-01-26T12:00:00"}
[operation] alternate-answer {"operation":"select process SENSOR-C","quantity":1,"remainingQuantity":0,"nextDate":"2026-01-26T18:00:00"}
[buffer] replenish {"buffer":"sensor C","iteration":0,"requested":1,"replenished":1,"producerDate":"2026-01-26T18:00:00","eventCountBefore":1,"eventCountAfter":2,"remaining":0}
[buffer] answer {"demand":null,"buffer":"sensor C","requested":1,"remainingShortage":0,"quantity":1,"date":"2030-12-31T00:00:00","plan":"OperationPlan"}
[operation] answer {"demand":"electronics order 031 SENSOR-C","operation":"ship SENSOR-C","quantity":1,"start":"2026-01-26T12:00:00","end":"2026-01-26T14:00:00"}
[demand] reply {"demand":"electronics order 031 SENSOR-C","attempt":1,"result":true,"quantity":1,"date":"2030-12-31T00:00:00"}
[demand] attempt {"demand":"electronics order 046 CTRL-B","attempt":1,"quantity":3,"requestDate":"2026-01-30T08:00:00","lastDate":"2030-12-31T00:00:00"}
[operation] ask {"demand":"electronics order 046 CTRL-B","operation":"ship CTRL-B","quantity":3,"operationQuantity":3,"end":"2026-01-30T08:00:00","operationEnd":"2026-01-30T08:00:00"}
[buffer] ask {"demand":null,"buffer":"controller B","requested":3,"date":"2026-01-30T06:00:00","onhand":0}
[buffer] shortage {"buffer":"controller B","iteration":0,"date":"2026-01-30T06:00:00","onhand":-3,"shortage":3}
[operation] alternate-ask {"demand":null,"operation":"select process CTRL-B","quantity":3,"end":"2026-01-30T06:00:00","alternates":["fast process CTRL-B","standard process CTRL-B"]}
[operation] alternate-try {"operation":"select process CTRL-B","alternate":"fast process CTRL-B","remainingQuantity":3,"childQuantity":3}
[operation] ask {"demand":null,"operation":"fast process CTRL-B","quantity":3,"operationQuantity":3,"end":"2026-01-30T06:00:00","operationEnd":"2026-01-30T06:00:00"}
[operation] fixedtime-incomplete {"operation":"fast process CTRL-B","quantity":3,"q":3,"preferEnd":true,"later":false,"forward":false,"efficiency":1.15,"requestedStart":"1971-01-01T00:00:00","requestedEnd":"2026-01-30T06:00:00","productionWanted":28174,"productionActual":28174,"productionStart":"2026-01-29T22:10:26","productionEnd":"2026-01-30T06:00:00","setupRequired":true,"expectedSetup":3130.434782608696,"setupActual":3130,"setupStart":"2026-01-29T21:18:16","setupEnd":"2026-01-29T22:10:26","setupResource":"smt highspeed","setupRule":true,"resources":[{"resource":"smt highspeed","quantity":1,"start":true},{"resource":"smt highspeed","quantity":-1,"start":false}]}
[resource] ask {"demand":null,"operation":"fast process CTRL-B","resource":"smt highspeed","start":"2026-01-29T20:49:05","end":"2026-01-30T06:00:00"}
[resource] input {"operation":"fast process CTRL-B","resource":"smt highspeed","questionQuantity":-1,"operationQuantity":3,"loadQuantity":-1}
[resource] candidate {"demand":null,"start":"2026-01-29T20:49:05","end":"2026-01-30T06:00:00","feasible":true}
[resource] answer {"operation":"fast process CTRL-B","resource":"smt highspeed","answerQuantity":1,"operationQuantity":3,"loadQuantity":-1}
[load] resource-before-assignment {"operation":"fast process CTRL-B","load":"","resource":"ict senior","originalQuantity":3,"plannedQuantity":3,"loadQuantity":-1}
[load] resource-after-assignment {"operation":"fast process CTRL-B","load":"","resource":"ict senior","plannedQuantity":3,"loadQuantity":-1}
[operation] fixedtime-incomplete {"operation":"fast process CTRL-B","quantity":3,"q":3,"preferEnd":true,"later":false,"forward":false,"efficiency":1.1,"requestedStart":"1971-01-01T00:00:00","requestedEnd":"2026-01-30T06:00:00","productionWanted":29455,"productionActual":29455,"productionStart":"2026-01-29T21:49:05","productionEnd":"2026-01-30T06:00:00","setupRequired":true,"expectedSetup":3272.7272727272725,"setupActual":3273,"setupStart":"2026-01-29T20:54:32","setupEnd":"2026-01-29T21:49:05","setupResource":"smt highspeed","setupRule":true,"resources":[{"resource":"smt highspeed","quantity":1,"start":true},{"resource":"smt highspeed","quantity":-1,"start":false},{"resource":"ict senior","quantity":1,"start":true},{"resource":"ict senior","quantity":-1,"start":false}]}
[resource] ask {"demand":null,"operation":"fast process CTRL-B","resource":"ict senior","start":"2026-01-29T21:49:05","end":"2026-01-30T06:00:00"}
[resource] input {"operation":"fast process CTRL-B","resource":"ict senior","questionQuantity":0,"operationQuantity":0,"loadQuantity":0}
[resource] candidate {"demand":null,"start":"2026-01-29T21:49:05","end":"2026-01-30T06:00:00","feasible":true}
[resource] answer {"operation":"fast process CTRL-B","resource":"ict senior","answerQuantity":0,"operationQuantity":0,"loadQuantity":0}
[load] resource-trial {"operation":"fast process CTRL-B","load":"","resource":"ict senior","answerQuantity":0,"plannedQuantity":0,"skillPriority":1,"answerDate":"2026-01-30T06:00:00"}
[load] resource-before-assignment {"operation":"fast process CTRL-B","load":"","resource":"ict regular","originalQuantity":3,"plannedQuantity":3,"loadQuantity":-1}
[operation] fixedtime-incomplete {"operation":"fast process CTRL-B","quantity":3,"q":3,"preferEnd":true,"later":false,"forward":false,"efficiency":0.95,"requestedStart":"1971-01-01T00:00:00","requestedEnd":"2026-01-30T06:00:00","productionWanted":34105,"productionActual":34105,"productionStart":"2026-01-29T20:31:35","productionEnd":"2026-01-30T06:00:00","setupRequired":true,"expectedSetup":3789.4736842105267,"setupActual":3789,"setupStart":"2026-01-29T19:28:26","setupEnd":"2026-01-29T20:31:35","setupResource":"smt highspeed","setupRule":true,"resources":[{"resource":"smt highspeed","quantity":1,"start":true},{"resource":"smt highspeed","quantity":-1,"start":false},{"resource":"ict regular","quantity":1,"start":true},{"resource":"ict regular","quantity":-1,"start":false}]}
[load] resource-after-assignment {"operation":"fast process CTRL-B","load":"","resource":"ict regular","plannedQuantity":0,"loadQuantity":0}
[resource] ask {"demand":null,"operation":"fast process CTRL-B","resource":"ict regular","start":"2026-01-29T20:31:35","end":"2026-01-30T06:00:00"}
[resource] input {"operation":"fast process CTRL-B","resource":"ict regular","questionQuantity":0,"operationQuantity":0,"loadQuantity":0}
[resource] candidate {"demand":null,"start":"2026-01-29T20:31:35","end":"2026-01-30T06:00:00","feasible":true}
[resource] answer {"operation":"fast process CTRL-B","resource":"ict regular","answerQuantity":0,"operationQuantity":0,"loadQuantity":0}
[load] resource-trial {"operation":"fast process CTRL-B","load":"","resource":"ict regular","answerQuantity":0,"plannedQuantity":0,"skillPriority":2,"answerDate":"2026-01-30T06:00:00"}
[load] resource-rejected {"operation":"fast process CTRL-B","load":"","candidateCount":3,"qualifiedResourceExists":true,"minimumNextDate":"2026-01-30T06:00:00"}
[operation] capacity-reject {"demand":null,"operation":"fast process CTRL-B","start":"2026-01-29T20:31:35","end":"2026-01-30T06:00:00","answerQuantity":0,"answerDate":"2026-01-30T06:00:00"}
[operation] alternate-reject {"operation":"select process CTRL-B","alternate":"fast process CTRL-B","quantity":0,"nextDate":"2026-01-30T12:00:00"}
[operation] alternate-try {"operation":"select process CTRL-B","alternate":"standard process CTRL-B","remainingQuantity":3,"childQuantity":3}
[operation] ask {"demand":null,"operation":"standard process CTRL-B","quantity":3,"operationQuantity":3,"end":"2026-01-30T06:00:00","operationEnd":"2026-01-30T06:00:00"}
[operation] fixedtime-incomplete {"operation":"standard process CTRL-B","quantity":3,"q":3,"preferEnd":true,"later":false,"forward":false,"efficiency":0.85,"requestedStart":"1971-01-01T00:00:00","requestedEnd":"2026-01-30T06:00:00","productionWanted":59294,"productionActual":59294,"productionStart":"2026-01-29T13:31:46","productionEnd":"2026-01-30T06:00:00","setupRequired":true,"expectedSetup":8470.588235294117,"setupActual":8471,"setupStart":"2026-01-29T11:10:35","setupEnd":"2026-01-29T13:31:46","setupResource":"smt standard","setupRule":true,"resources":[{"resource":"smt standard","quantity":1,"start":true},{"resource":"smt standard","quantity":-1,"start":false}]}
[resource] ask {"demand":null,"operation":"standard process CTRL-B","resource":"smt standard","start":"2026-01-29T11:31:46","end":"2026-01-30T06:00:00"}
[resource] input {"operation":"standard process CTRL-B","resource":"smt standard","questionQuantity":-1,"operationQuantity":3,"loadQuantity":-1}
[resource] candidate {"demand":null,"start":"2026-01-29T11:31:46","end":"2026-01-30T06:00:00","feasible":true}
[resource] answer {"operation":"standard process CTRL-B","resource":"smt standard","answerQuantity":1,"operationQuantity":3,"loadQuantity":-1}
[resource] ask {"demand":null,"operation":"standard process CTRL-B","resource":"functional test","start":"2026-01-29T11:31:46","end":"2026-01-30T06:00:00"}
[resource] input {"operation":"standard process CTRL-B","resource":"functional test","questionQuantity":-1,"operationQuantity":3,"loadQuantity":-1}
[resource] candidate {"demand":null,"start":"2026-01-29T11:31:46","end":"2026-01-30T06:00:00","feasible":true}
[resource] answer {"operation":"standard process CTRL-B","resource":"functional test","answerQuantity":1,"operationQuantity":3,"loadQuantity":-1}
[buffer] ask {"demand":null,"buffer":"microcontroller standard","requested":3,"date":"2026-01-29T13:31:46","onhand":175}
[buffer] answer {"demand":null,"buffer":"microcontroller standard","requested":3,"remainingShortage":0,"quantity":3,"date":"2030-12-31T00:00:00","plan":null}
[buffer] ask {"demand":null,"buffer":"pcb panel","requested":3,"date":"2026-01-29T13:31:46","onhand":239}
[buffer] answer {"demand":null,"buffer":"pcb panel","requested":3,"remainingShortage":0,"quantity":3,"date":"2030-12-31T00:00:00","plan":null}
[operation] answer {"demand":null,"operation":"standard process CTRL-B","quantity":3,"start":"2026-01-29T11:31:46","end":"2026-01-30T06:00:00"}
[operation] alternate-segment {"operation":"select process CTRL-B","alternate":"standard process CTRL-B","quantity":3,"remainingQuantity":0,"start":"2026-01-29T11:31:46","end":"2026-01-30T06:00:00"}
[operation] alternate-answer {"operation":"select process CTRL-B","quantity":3,"remainingQuantity":0,"nextDate":"2026-01-30T12:00:00"}
[buffer] replenish {"buffer":"controller B","iteration":0,"requested":3,"replenished":3,"producerDate":"2026-01-30T12:00:00","eventCountBefore":1,"eventCountAfter":2,"remaining":0}
[buffer] answer {"demand":null,"buffer":"controller B","requested":3,"remainingShortage":0,"quantity":3,"date":"2030-12-31T00:00:00","plan":"OperationPlan"}
[operation] answer {"demand":"electronics order 046 CTRL-B","operation":"ship CTRL-B","quantity":3,"start":"2026-01-30T06:00:00","end":"2026-01-30T08:00:00"}
[demand] reply {"demand":"electronics order 046 CTRL-B","attempt":1,"result":true,"quantity":3,"date":"2030-12-31T00:00:00"}
[demand] attempt {"demand":"electronics order 002 CTRL-B","attempt":1,"quantity":2,"requestDate":"2026-01-19T08:00:00","lastDate":"2030-12-31T00:00:00"}
[operation] ask {"demand":"electronics order 002 CTRL-B","operation":"ship CTRL-B","quantity":2,"operationQuantity":2,"end":"2026-01-19T08:00:00","operationEnd":"2026-01-19T08:00:00"}
[buffer] ask {"demand":null,"buffer":"controller B","requested":2,"date":"2026-01-19T06:00:00","onhand":0}
[buffer] shortage {"buffer":"controller B","iteration":0,"date":"2026-01-19T06:00:00","onhand":-2,"shortage":2}
[operation] alternate-ask {"demand":null,"operation":"select process CTRL-B","quantity":2,"end":"2026-01-19T06:00:00","alternates":["fast process CTRL-B","standard process CTRL-B"]}
[operation] alternate-try {"operation":"select process CTRL-B","alternate":"fast process CTRL-B","remainingQuantity":2,"childQuantity":2}
[operation] ask {"demand":null,"operation":"fast process CTRL-B","quantity":2,"operationQuantity":2,"end":"2026-01-19T06:00:00","operationEnd":"2026-01-19T06:00:00"}
[operation] fixedtime-incomplete {"operation":"fast process CTRL-B","quantity":2,"q":2,"preferEnd":true,"later":false,"forward":false,"efficiency":1.15,"requestedStart":"1971-01-01T00:00:00","requestedEnd":"2026-01-19T06:00:00","productionWanted":28174,"productionActual":28174,"productionStart":"2026-01-18T22:10:26","productionEnd":"2026-01-19T06:00:00","setupRequired":true,"expectedSetup":3130.434782608696,"setupActual":3130,"setupStart":"2026-01-18T21:18:16","setupEnd":"2026-01-18T22:10:26","setupResource":"smt highspeed","setupRule":true,"resources":[{"resource":"smt highspeed","quantity":1,"start":true},{"resource":"smt highspeed","quantity":-1,"start":false}]}
[resource] ask {"demand":null,"operation":"fast process CTRL-B","resource":"smt highspeed","start":"2026-01-18T20:49:05","end":"2026-01-19T06:00:00"}
[resource] input {"operation":"fast process CTRL-B","resource":"smt highspeed","questionQuantity":-1,"operationQuantity":2,"loadQuantity":-1}
[resource] candidate {"demand":null,"start":"2026-01-18T20:49:05","end":"2026-01-19T06:00:00","feasible":true}
[resource] answer {"operation":"fast process CTRL-B","resource":"smt highspeed","answerQuantity":1,"operationQuantity":2,"loadQuantity":-1}
[load] resource-before-assignment {"operation":"fast process CTRL-B","load":"","resource":"ict senior","originalQuantity":2,"plannedQuantity":2,"loadQuantity":-1}
[load] resource-after-assignment {"operation":"fast process CTRL-B","load":"","resource":"ict senior","plannedQuantity":2,"loadQuantity":-1}
[operation] fixedtime-incomplete {"operation":"fast process CTRL-B","quantity":2,"q":2,"preferEnd":true,"later":false,"forward":false,"efficiency":1.1,"requestedStart":"1971-01-01T00:00:00","requestedEnd":"2026-01-19T06:00:00","productionWanted":29455,"productionActual":29455,"productionStart":"2026-01-18T21:49:05","productionEnd":"2026-01-19T06:00:00","setupRequired":true,"expectedSetup":3272.7272727272725,"setupActual":3273,"setupStart":"2026-01-18T20:54:32","setupEnd":"2026-01-18T21:49:05","setupResource":"smt highspeed","setupRule":true,"resources":[{"resource":"smt highspeed","quantity":1,"start":true},{"resource":"smt highspeed","quantity":-1,"start":false},{"resource":"ict senior","quantity":1,"start":true},{"resource":"ict senior","quantity":-1,"start":false}]}
[resource] ask {"demand":null,"operation":"fast process CTRL-B","resource":"ict senior","start":"2026-01-18T21:49:05","end":"2026-01-19T06:00:00"}
[resource] input {"operation":"fast process CTRL-B","resource":"ict senior","questionQuantity":0,"operationQuantity":0,"loadQuantity":0}
[resource] candidate {"demand":null,"start":"2026-01-18T21:49:05","end":"2026-01-19T06:00:00","feasible":true}
[resource] answer {"operation":"fast process CTRL-B","resource":"ict senior","answerQuantity":0,"operationQuantity":0,"loadQuantity":0}
[load] resource-trial {"operation":"fast process CTRL-B","load":"","resource":"ict senior","answerQuantity":0,"plannedQuantity":0,"skillPriority":1,"answerDate":"2026-01-19T06:00:00"}
[load] resource-before-assignment {"operation":"fast process CTRL-B","load":"","resource":"ict regular","originalQuantity":2,"plannedQuantity":2,"loadQuantity":-1}
[operation] fixedtime-incomplete {"operation":"fast process CTRL-B","quantity":2,"q":2,"preferEnd":true,"later":false,"forward":false,"efficiency":0.95,"requestedStart":"1971-01-01T00:00:00","requestedEnd":"2026-01-19T06:00:00","productionWanted":34105,"productionActual":34105,"productionStart":"2026-01-18T20:31:35","productionEnd":"2026-01-19T06:00:00","setupRequired":true,"expectedSetup":3789.4736842105267,"setupActual":3789,"setupStart":"2026-01-18T19:28:26","setupEnd":"2026-01-18T20:31:35","setupResource":"smt highspeed","setupRule":true,"resources":[{"resource":"smt highspeed","quantity":1,"start":true},{"resource":"smt highspeed","quantity":-1,"start":false},{"resource":"ict regular","quantity":1,"start":true},{"resource":"ict regular","quantity":-1,"start":false}]}
[load] resource-after-assignment {"operation":"fast process CTRL-B","load":"","resource":"ict regular","plannedQuantity":0,"loadQuantity":0}
[resource] ask {"demand":null,"operation":"fast process CTRL-B","resource":"ict regular","start":"2026-01-18T20:31:35","end":"2026-01-19T06:00:00"}
[resource] input {"operation":"fast process CTRL-B","resource":"ict regular","questionQuantity":0,"operationQuantity":0,"loadQuantity":0}
[resource] candidate {"demand":null,"start":"2026-01-18T20:31:35","end":"2026-01-19T06:00:00","feasible":true}
[resource] answer {"operation":"fast process CTRL-B","resource":"ict regular","answerQuantity":0,"operationQuantity":0,"loadQuantity":0}
[load] resource-trial {"operation":"fast process CTRL-B","load":"","resource":"ict regular","answerQuantity":0,"plannedQuantity":0,"skillPriority":2,"answerDate":"2026-01-19T06:00:00"}
[load] resource-rejected {"operation":"fast process CTRL-B","load":"","candidateCount":3,"qualifiedResourceExists":true,"minimumNextDate":"2026-01-19T06:00:00"}
[operation] capacity-reject {"demand":null,"operation":"fast process CTRL-B","start":"2026-01-18T20:31:35","end":"2026-01-19T06:00:00","answerQuantity":0,"answerDate":"2026-01-19T06:00:00"}
[operation] alternate-reject {"operation":"select process CTRL-B","alternate":"fast process CTRL-B","quantity":0,"nextDate":"2026-01-19T12:00:00"}
[operation] alternate-try {"operation":"select process CTRL-B","alternate":"standard process CTRL-B","remainingQuantity":2,"childQuantity":2}
[operation] ask {"demand":null,"operation":"standard process CTRL-B","quantity":2,"operationQuantity":2,"end":"2026-01-19T06:00:00","operationEnd":"2026-01-19T06:00:00"}
[resource] ask {"demand":null,"operation":"standard process CTRL-B","resource":"smt standard","start":"2026-01-18T13:31:46","end":"2026-01-19T06:00:00"}
[resource] input {"operation":"standard process CTRL-B","resource":"smt standard","questionQuantity":-1,"operationQuantity":2,"loadQuantity":-1}
[resource] candidate {"demand":null,"start":"2026-01-18T13:31:46","end":"2026-01-19T06:00:00","feasible":true}
[resource] answer {"operation":"standard process CTRL-B","resource":"smt standard","answerQuantity":1,"operationQuantity":2,"loadQuantity":-1}
[resource] ask {"demand":null,"operation":"standard process CTRL-B","resource":"functional test","start":"2026-01-18T13:31:46","end":"2026-01-19T06:00:00"}
[resource] input {"operation":"standard process CTRL-B","resource":"functional test","questionQuantity":-1,"operationQuantity":2,"loadQuantity":-1}
[resource] candidate {"demand":null,"start":"2026-01-18T13:31:46","end":"2026-01-19T06:00:00","feasible":true}
[resource] answer {"operation":"standard process CTRL-B","resource":"functional test","answerQuantity":1,"operationQuantity":2,"loadQuantity":-1}
[buffer] ask {"demand":null,"buffer":"microcontroller standard","requested":2,"date":"2026-01-18T13:31:46","onhand":179}
[buffer] answer {"demand":null,"buffer":"microcontroller standard","requested":2,"remainingShortage":0,"quantity":2,"date":"2030-12-31T00:00:00","plan":null}
[buffer] ask {"demand":null,"buffer":"pcb panel","requested":2,"date":"2026-01-18T13:31:46","onhand":239}
[buffer] answer {"demand":null,"buffer":"pcb panel","requested":2,"remainingShortage":0,"quantity":2,"date":"2030-12-31T00:00:00","plan":null}
[operation] answer {"demand":null,"operation":"standard process CTRL-B","quantity":2,"start":"2026-01-18T13:31:46","end":"2026-01-19T06:00:00"}
[operation] alternate-segment {"operation":"select process CTRL-B","alternate":"standard process CTRL-B","quantity":2,"remainingQuantity":0,"start":"2026-01-18T13:31:46","end":"2026-01-19T06:00:00"}
[operation] alternate-answer {"operation":"select process CTRL-B","quantity":2,"remainingQuantity":0,"nextDate":"2026-01-19T12:00:00"}
[buffer] replenish {"buffer":"controller B","iteration":0,"requested":2,"replenished":2,"producerDate":"2026-01-19T12:00:00","eventCountBefore":3,"eventCountAfter":4,"remaining":0}
[buffer] answer {"demand":null,"buffer":"controller B","requested":2,"remainingShortage":0,"quantity":2,"date":"2030-12-31T00:00:00","plan":"OperationPlan"}
[operation] answer {"demand":"electronics order 002 CTRL-B","operation":"ship CTRL-B","quantity":2,"start":"2026-01-19T06:00:00","end":"2026-01-19T08:00:00"}
[demand] reply {"demand":"electronics order 002 CTRL-B","attempt":1,"result":true,"quantity":2,"date":"2030-12-31T00:00:00"}
[demand] attempt {"demand":"electronics order 017 CTRL-A","attempt":1,"quantity":2,"requestDate":"2026-01-23T02:00:00","lastDate":"2030-12-31T00:00:00"}
[operation] ask {"demand":"electronics order 017 CTRL-A","operation":"ship CTRL-A","quantity":2,"operationQuantity":2,"end":"2026-01-23T02:00:00","operationEnd":"2026-01-23T02:00:00"}
[buffer] ask {"demand":null,"buffer":"controller A","requested":2,"date":"2026-01-23T00:00:00","onhand":1}
[buffer] shortage {"buffer":"controller A","iteration":0,"date":"2026-01-23T00:00:00","onhand":-2,"shortage":2}
[operation] alternate-ask {"demand":null,"operation":"select process CTRL-A","quantity":2,"end":"2026-01-23T00:00:00","alternates":["fast process CTRL-A","standard process CTRL-A"]}
[operation] alternate-try {"operation":"select process CTRL-A","alternate":"fast process CTRL-A","remainingQuantity":2,"childQuantity":2}
[operation] ask {"demand":null,"operation":"fast process CTRL-A","quantity":2,"operationQuantity":2,"end":"2026-01-23T00:00:00","operationEnd":"2026-01-23T00:00:00"}
[operation] fixedtime-incomplete {"operation":"fast process CTRL-A","quantity":2,"q":2,"preferEnd":true,"later":false,"forward":false,"efficiency":1.15,"requestedStart":"1971-01-01T00:00:00","requestedEnd":"2026-01-23T00:00:00","productionWanted":25043,"productionActual":25043,"productionStart":"2026-01-22T17:02:37","productionEnd":"2026-01-23T00:00:00","setupRequired":true,"expectedSetup":3130.434782608696,"setupActual":3130,"setupStart":"2026-01-22T16:10:27","setupEnd":"2026-01-22T17:02:37","setupResource":"smt highspeed","setupRule":true,"resources":[{"resource":"smt highspeed","quantity":1,"start":true},{"resource":"smt highspeed","quantity":-1,"start":false}]}
[resource] ask {"demand":null,"operation":"fast process CTRL-A","resource":"smt highspeed","start":"2026-01-22T15:43:38","end":"2026-01-23T00:00:00"}
[resource] input {"operation":"fast process CTRL-A","resource":"smt highspeed","questionQuantity":-1,"operationQuantity":2,"loadQuantity":-1}
[resource] candidate {"demand":null,"start":"2026-01-22T15:43:38","end":"2026-01-23T00:00:00","feasible":true}
[resource] answer {"operation":"fast process CTRL-A","resource":"smt highspeed","answerQuantity":1,"operationQuantity":2,"loadQuantity":-1}
[load] resource-before-assignment {"operation":"fast process CTRL-A","load":"","resource":"ict senior","originalQuantity":2,"plannedQuantity":2,"loadQuantity":-1}
[load] resource-after-assignment {"operation":"fast process CTRL-A","load":"","resource":"ict senior","plannedQuantity":2,"loadQuantity":-1}
[operation] fixedtime-incomplete {"operation":"fast process CTRL-A","quantity":2,"q":2,"preferEnd":true,"later":false,"forward":false,"efficiency":1.1,"requestedStart":"1971-01-01T00:00:00","requestedEnd":"2026-01-23T00:00:00","productionWanted":26182,"productionActual":26182,"productionStart":"2026-01-22T16:43:38","productionEnd":"2026-01-23T00:00:00","setupRequired":true,"expectedSetup":3272.7272727272725,"setupActual":3273,"setupStart":"2026-01-22T15:49:05","setupEnd":"2026-01-22T16:43:38","setupResource":"smt highspeed","setupRule":true,"resources":[{"resource":"smt highspeed","quantity":1,"start":true},{"resource":"smt highspeed","quantity":-1,"start":false},{"resource":"ict senior","quantity":1,"start":true},{"resource":"ict senior","quantity":-1,"start":false}]}
[resource] ask {"demand":null,"operation":"fast process CTRL-A","resource":"ict senior","start":"2026-01-22T16:43:38","end":"2026-01-23T00:00:00"}
[resource] input {"operation":"fast process CTRL-A","resource":"ict senior","questionQuantity":0,"operationQuantity":0,"loadQuantity":0}
[resource] candidate {"demand":null,"start":"2026-01-22T16:43:38","end":"2026-01-23T00:00:00","feasible":true}
[resource] answer {"operation":"fast process CTRL-A","resource":"ict senior","answerQuantity":0,"operationQuantity":0,"loadQuantity":0}
[load] resource-trial {"operation":"fast process CTRL-A","load":"","resource":"ict senior","answerQuantity":0,"plannedQuantity":0,"skillPriority":1,"answerDate":"2026-01-23T00:00:00"}
[load] resource-before-assignment {"operation":"fast process CTRL-A","load":"","resource":"ict regular","originalQuantity":2,"plannedQuantity":2,"loadQuantity":-1}
[operation] fixedtime-incomplete {"operation":"fast process CTRL-A","quantity":2,"q":2,"preferEnd":true,"later":false,"forward":false,"efficiency":0.95,"requestedStart":"1971-01-01T00:00:00","requestedEnd":"2026-01-23T00:00:00","productionWanted":30316,"productionActual":30316,"productionStart":"2026-01-22T15:34:44","productionEnd":"2026-01-23T00:00:00","setupRequired":true,"expectedSetup":3789.4736842105267,"setupActual":3789,"setupStart":"2026-01-22T14:31:35","setupEnd":"2026-01-22T15:34:44","setupResource":"smt highspeed","setupRule":true,"resources":[{"resource":"smt highspeed","quantity":1,"start":true},{"resource":"smt highspeed","quantity":-1,"start":false},{"resource":"ict regular","quantity":1,"start":true},{"resource":"ict regular","quantity":-1,"start":false}]}
[load] resource-after-assignment {"operation":"fast process CTRL-A","load":"","resource":"ict regular","plannedQuantity":0,"loadQuantity":0}
[resource] ask {"demand":null,"operation":"fast process CTRL-A","resource":"ict regular","start":"2026-01-22T15:34:44","end":"2026-01-23T00:00:00"}
[resource] input {"operation":"fast process CTRL-A","resource":"ict regular","questionQuantity":0,"operationQuantity":0,"loadQuantity":0}
[resource] candidate {"demand":null,"start":"2026-01-22T15:34:44","end":"2026-01-23T00:00:00","feasible":true}
[resource] answer {"operation":"fast process CTRL-A","resource":"ict regular","answerQuantity":0,"operationQuantity":0,"loadQuantity":0}
[load] resource-trial {"operation":"fast process CTRL-A","load":"","resource":"ict regular","answerQuantity":0,"plannedQuantity":0,"skillPriority":2,"answerDate":"2026-01-23T00:00:00"}
[load] resource-rejected {"operation":"fast process CTRL-A","load":"","candidateCount":3,"qualifiedResourceExists":true,"minimumNextDate":"2026-01-23T00:00:00"}
[operation] capacity-reject {"demand":null,"operation":"fast process CTRL-A","start":"2026-01-22T15:34:44","end":"2026-01-23T00:00:00","answerQuantity":0,"answerDate":"2026-01-23T00:00:00"}
[operation] alternate-reject {"operation":"select process CTRL-A","alternate":"fast process CTRL-A","quantity":0,"nextDate":"2026-01-23T06:00:00"}
[operation] alternate-try {"operation":"select process CTRL-A","alternate":"standard process CTRL-A","remainingQuantity":2,"childQuantity":2}
[operation] ask {"demand":null,"operation":"standard process CTRL-A","quantity":2,"operationQuantity":2,"end":"2026-01-23T00:00:00","operationEnd":"2026-01-23T00:00:00"}
[operation] fixedtime-incomplete {"operation":"standard process CTRL-A","quantity":2,"q":2,"preferEnd":true,"later":false,"forward":false,"efficiency":0.85,"requestedStart":"1971-01-01T00:00:00","requestedEnd":"2026-01-23T00:00:00","productionWanted":55059,"productionActual":55059,"productionStart":"2026-01-22T08:42:21","productionEnd":"2026-01-23T00:00:00","setupRequired":true,"expectedSetup":8470.588235294117,"setupActual":8471,"setupStart":"2026-01-22T06:21:10","setupEnd":"2026-01-22T08:42:21","setupResource":"smt standard","setupRule":true,"resources":[{"resource":"smt standard","quantity":1,"start":true},{"resource":"smt standard","quantity":-1,"start":false}]}
[resource] ask {"demand":null,"operation":"standard process CTRL-A","resource":"smt standard","start":"2026-01-22T06:42:21","end":"2026-01-23T00:00:00"}
[resource] input {"operation":"standard process CTRL-A","resource":"smt standard","questionQuantity":-1,"operationQuantity":2,"loadQuantity":-1}
[resource] candidate {"demand":null,"start":"2026-01-22T06:42:21","end":"2026-01-23T00:00:00","feasible":true}
[resource] answer {"operation":"standard process CTRL-A","resource":"smt standard","answerQuantity":1,"operationQuantity":2,"loadQuantity":-1}
[resource] ask {"demand":null,"operation":"standard process CTRL-A","resource":"functional test","start":"2026-01-22T06:42:21","end":"2026-01-23T00:00:00"}
[resource] input {"operation":"standard process CTRL-A","resource":"functional test","questionQuantity":-1,"operationQuantity":2,"loadQuantity":-1}
[resource] candidate {"demand":null,"start":"2026-01-22T06:42:21","end":"2026-01-23T00:00:00","feasible":true}
[resource] answer {"operation":"standard process CTRL-A","resource":"functional test","answerQuantity":1,"operationQuantity":2,"loadQuantity":-1}
[buffer] ask {"demand":null,"buffer":"microcontroller standard","requested":2,"date":"2026-01-22T08:42:21","onhand":174}
[buffer] answer {"demand":null,"buffer":"microcontroller standard","requested":2,"remainingShortage":0,"quantity":2,"date":"2030-12-31T00:00:00","plan":null}
[buffer] ask {"demand":null,"buffer":"pcb panel","requested":2,"date":"2026-01-22T08:42:21","onhand":237}
[buffer] answer {"demand":null,"buffer":"pcb panel","requested":2,"remainingShortage":0,"quantity":2,"date":"2030-12-31T00:00:00","plan":null}
[operation] answer {"demand":null,"operation":"standard process CTRL-A","quantity":2,"start":"2026-01-22T06:42:21","end":"2026-01-23T00:00:00"}
[operation] alternate-segment {"operation":"select process CTRL-A","alternate":"standard process CTRL-A","quantity":2,"remainingQuantity":0,"start":"2026-01-22T06:42:21","end":"2026-01-23T00:00:00"}
[operation] alternate-answer {"operation":"select process CTRL-A","quantity":2,"remainingQuantity":0,"nextDate":"2026-01-23T06:00:00"}
[buffer] replenish {"buffer":"controller A","iteration":0,"requested":2,"replenished":2,"producerDate":"2026-01-23T06:00:00","eventCountBefore":3,"eventCountAfter":4,"remaining":0}
[buffer] answer {"demand":null,"buffer":"controller A","requested":2,"remainingShortage":0,"quantity":2,"date":"2030-12-31T00:00:00","plan":"OperationPlan"}
[operation] answer {"demand":"electronics order 017 CTRL-A","operation":"ship CTRL-A","quantity":2,"start":"2026-01-23T00:00:00","end":"2026-01-23T02:00:00"}
[demand] reply {"demand":"electronics order 017 CTRL-A","attempt":1,"result":true,"quantity":2,"date":"2030-12-31T00:00:00"}
[demand] attempt {"demand":"electronics order 032 SENSOR-D","attempt":1,"quantity":2,"requestDate":"2026-01-26T20:00:00","lastDate":"2030-12-31T00:00:00"}
[operation] ask {"demand":"electronics order 032 SENSOR-D","operation":"ship SENSOR-D","quantity":2,"operationQuantity":2,"end":"2026-01-26T20:00:00","operationEnd":"2026-01-26T20:00:00"}
[buffer] ask {"demand":null,"buffer":"sensor D","requested":2,"date":"2026-01-26T18:00:00","onhand":3}
[buffer] shortage {"buffer":"sensor D","iteration":0,"date":"2026-01-26T18:00:00","onhand":-2,"shortage":2}
[operation] alternate-ask {"demand":null,"operation":"select process SENSOR-D","quantity":2,"end":"2026-01-26T18:00:00","alternates":["fast process SENSOR-D","standard process SENSOR-D"]}
[operation] alternate-try {"operation":"select process SENSOR-D","alternate":"fast process SENSOR-D","remainingQuantity":2,"childQuantity":2}
[operation] ask {"demand":null,"operation":"fast process SENSOR-D","quantity":2,"operationQuantity":2,"end":"2026-01-26T18:00:00","operationEnd":"2026-01-26T18:00:00"}
[operation] fixedtime-incomplete {"operation":"fast process SENSOR-D","quantity":2,"q":2,"preferEnd":true,"later":false,"forward":false,"efficiency":1.15,"requestedStart":"1971-01-01T00:00:00","requestedEnd":"2026-01-26T18:00:00","productionWanted":34435,"productionActual":34435,"productionStart":"2026-01-26T08:26:05","productionEnd":"2026-01-26T18:00:00","setupRequired":true,"expectedSetup":3130.434782608696,"setupActual":3130,"setupStart":"2026-01-26T07:33:55","setupEnd":"2026-01-26T08:26:05","setupResource":"smt highspeed","setupRule":true,"resources":[{"resource":"smt highspeed","quantity":1,"start":true},{"resource":"smt highspeed","quantity":-1,"start":false}]}
[resource] ask {"demand":null,"operation":"fast process SENSOR-D","resource":"smt highspeed","start":"2026-01-26T07:00:00","end":"2026-01-26T18:00:00"}
[resource] input {"operation":"fast process SENSOR-D","resource":"smt highspeed","questionQuantity":-1,"operationQuantity":2,"loadQuantity":-1}
[resource] candidate {"demand":null,"start":"2026-01-26T07:00:00","end":"2026-01-26T18:00:00","feasible":true}
[resource] answer {"operation":"fast process SENSOR-D","resource":"smt highspeed","answerQuantity":1,"operationQuantity":2,"loadQuantity":-1}
[load] resource-before-assignment {"operation":"fast process SENSOR-D","load":"","resource":"ict senior","originalQuantity":2,"plannedQuantity":2,"loadQuantity":-1}
[load] resource-after-assignment {"operation":"fast process SENSOR-D","load":"","resource":"ict senior","plannedQuantity":2,"loadQuantity":-1}
[operation] fixedtime-incomplete {"operation":"fast process SENSOR-D","quantity":2,"q":2,"preferEnd":true,"later":false,"forward":false,"efficiency":1.1,"requestedStart":"1971-01-01T00:00:00","requestedEnd":"2026-01-26T18:00:00","productionWanted":36000,"productionActual":36000,"productionStart":"2026-01-26T08:00:00","productionEnd":"2026-01-26T18:00:00","setupRequired":true,"expectedSetup":3272.7272727272725,"setupActual":3273,"setupStart":"2026-01-26T07:05:27","setupEnd":"2026-01-26T08:00:00","setupResource":"smt highspeed","setupRule":true,"resources":[{"resource":"smt highspeed","quantity":1,"start":true},{"resource":"smt highspeed","quantity":-1,"start":false},{"resource":"ict senior","quantity":1,"start":true},{"resource":"ict senior","quantity":-1,"start":false}]}
[resource] ask {"demand":null,"operation":"fast process SENSOR-D","resource":"ict senior","start":"2026-01-26T08:00:00","end":"2026-01-26T18:00:00"}
[resource] input {"operation":"fast process SENSOR-D","resource":"ict senior","questionQuantity":0,"operationQuantity":0,"loadQuantity":0}
[resource] candidate {"demand":null,"start":"2026-01-26T08:00:00","end":"2026-01-26T18:00:00","feasible":true}
[resource] answer {"operation":"fast process SENSOR-D","resource":"ict senior","answerQuantity":0,"operationQuantity":0,"loadQuantity":0}
[load] resource-trial {"operation":"fast process SENSOR-D","load":"","resource":"ict senior","answerQuantity":0,"plannedQuantity":0,"skillPriority":1,"answerDate":"2026-01-26T18:00:00"}
[load] resource-before-assignment {"operation":"fast process SENSOR-D","load":"","resource":"ict regular","originalQuantity":2,"plannedQuantity":2,"loadQuantity":-1}
[operation] fixedtime-incomplete {"operation":"fast process SENSOR-D","quantity":2,"q":2,"preferEnd":true,"later":false,"forward":false,"efficiency":0.95,"requestedStart":"1971-01-01T00:00:00","requestedEnd":"2026-01-26T18:00:00","productionWanted":41684,"productionActual":41684,"productionStart":"2026-01-26T06:25:16","productionEnd":"2026-01-26T18:00:00","setupRequired":true,"expectedSetup":3789.4736842105267,"setupActual":3789,"setupStart":"2026-01-26T05:22:07","setupEnd":"2026-01-26T06:25:16","setupResource":"smt highspeed","setupRule":true,"resources":[{"resource":"smt highspeed","quantity":1,"start":true},{"resource":"smt highspeed","quantity":-1,"start":false},{"resource":"ict regular","quantity":1,"start":true},{"resource":"ict regular","quantity":-1,"start":false}]}
[load] resource-after-assignment {"operation":"fast process SENSOR-D","load":"","resource":"ict regular","plannedQuantity":0,"loadQuantity":0}
[resource] ask {"demand":null,"operation":"fast process SENSOR-D","resource":"ict regular","start":"2026-01-26T06:25:16","end":"2026-01-26T18:00:00"}
[resource] input {"operation":"fast process SENSOR-D","resource":"ict regular","questionQuantity":0,"operationQuantity":0,"loadQuantity":0}
[resource] candidate {"demand":null,"start":"2026-01-26T06:25:16","end":"2026-01-26T18:00:00","feasible":true}
[resource] answer {"operation":"fast process SENSOR-D","resource":"ict regular","answerQuantity":0,"operationQuantity":0,"loadQuantity":0}
[load] resource-trial {"operation":"fast process SENSOR-D","load":"","resource":"ict regular","answerQuantity":0,"plannedQuantity":0,"skillPriority":2,"answerDate":"2026-01-26T18:00:00"}
[load] resource-rejected {"operation":"fast process SENSOR-D","load":"","candidateCount":3,"qualifiedResourceExists":true,"minimumNextDate":"2026-01-26T18:00:00"}
[operation] capacity-reject {"demand":null,"operation":"fast process SENSOR-D","start":"2026-01-26T06:25:16","end":"2026-01-26T18:00:00","answerQuantity":0,"answerDate":"2026-01-26T18:00:00"}
[operation] alternate-reject {"operation":"select process SENSOR-D","alternate":"fast process SENSOR-D","quantity":0,"nextDate":"2026-01-27T00:00:00"}
[operation] alternate-try {"operation":"select process SENSOR-D","alternate":"standard process SENSOR-D","remainingQuantity":2,"childQuantity":2}
[operation] ask {"demand":null,"operation":"standard process SENSOR-D","quantity":2,"operationQuantity":2,"end":"2026-01-26T18:00:00","operationEnd":"2026-01-26T18:00:00"}
[resource] ask {"demand":null,"operation":"standard process SENSOR-D","resource":"smt standard","start":"2026-01-25T23:10:35","end":"2026-01-26T18:00:00"}
[resource] input {"operation":"standard process SENSOR-D","resource":"smt standard","questionQuantity":-1,"operationQuantity":2,"loadQuantity":-1}
[resource] candidate {"demand":null,"start":"2026-01-25T23:10:35","end":"2026-01-26T18:00:00","feasible":true}
[resource] answer {"operation":"standard process SENSOR-D","resource":"smt standard","answerQuantity":1,"operationQuantity":2,"loadQuantity":-1}
[resource] ask {"demand":null,"operation":"standard process SENSOR-D","resource":"functional test","start":"2026-01-25T23:10:35","end":"2026-01-26T18:00:00"}
[resource] input {"operation":"standard process SENSOR-D","resource":"functional test","questionQuantity":-1,"operationQuantity":2,"loadQuantity":-1}
[resource] candidate {"demand":null,"start":"2026-01-25T23:10:35","end":"2026-01-26T18:00:00","feasible":true}
[resource] answer {"operation":"standard process SENSOR-D","resource":"functional test","answerQuantity":1,"operationQuantity":2,"loadQuantity":-1}
[buffer] ask {"demand":null,"buffer":"microcontroller standard","requested":2,"date":"2026-01-25T23:10:35","onhand":171}
[buffer] answer {"demand":null,"buffer":"microcontroller standard","requested":2,"remainingShortage":0,"quantity":2,"date":"2030-12-31T00:00:00","plan":null}
[buffer] ask {"demand":null,"buffer":"sensor die","requested":2,"date":"2026-01-25T23:10:35","onhand":136}
[buffer] answer {"demand":null,"buffer":"sensor die","requested":2,"remainingShortage":0,"quantity":2,"date":"2030-12-31T00:00:00","plan":null}
[operation] answer {"demand":null,"operation":"standard process SENSOR-D","quantity":2,"start":"2026-01-25T23:10:35","end":"2026-01-26T18:00:00"}
[operation] alternate-segment {"operation":"select process SENSOR-D","alternate":"standard process SENSOR-D","quantity":2,"remainingQuantity":0,"start":"2026-01-25T23:10:35","end":"2026-01-26T18:00:00"}
[operation] alternate-answer {"operation":"select process SENSOR-D","quantity":2,"remainingQuantity":0,"nextDate":"2026-01-27T00:00:00"}
[buffer] replenish {"buffer":"sensor D","iteration":0,"requested":2,"replenished":2,"producerDate":"2026-01-27T00:00:00","eventCountBefore":3,"eventCountAfter":4,"remaining":0}
[buffer] answer {"demand":null,"buffer":"sensor D","requested":2,"remainingShortage":0,"quantity":2,"date":"2030-12-31T00:00:00","plan":"OperationPlan"}
[operation] answer {"demand":"electronics order 032 SENSOR-D","operation":"ship SENSOR-D","quantity":2,"start":"2026-01-26T18:00:00","end":"2026-01-26T20:00:00"}
[demand] reply {"demand":"electronics order 032 SENSOR-D","attempt":1,"result":true,"quantity":2,"date":"2030-12-31T00:00:00"}
[demand] attempt {"demand":"electronics order 047 SENSOR-C","attempt":1,"quantity":2,"requestDate":"2026-01-30T14:00:00","lastDate":"2030-12-31T00:00:00"}
[operation] ask {"demand":"electronics order 047 SENSOR-C","operation":"ship SENSOR-C","quantity":2,"operationQuantity":2,"end":"2026-01-30T14:00:00","operationEnd":"2026-01-30T14:00:00"}
[buffer] ask {"demand":null,"buffer":"sensor C","requested":2,"date":"2026-01-30T12:00:00","onhand":1}
[buffer] shortage {"buffer":"sensor C","iteration":0,"date":"2026-01-30T12:00:00","onhand":-2,"shortage":2}
[operation] alternate-ask {"demand":null,"operation":"select process SENSOR-C","quantity":2,"end":"2026-01-30T12:00:00","alternates":["fast process SENSOR-C","standard process SENSOR-C"]}
[operation] alternate-try {"operation":"select process SENSOR-C","alternate":"fast process SENSOR-C","remainingQuantity":2,"childQuantity":2}
[operation] ask {"demand":null,"operation":"fast process SENSOR-C","quantity":2,"operationQuantity":2,"end":"2026-01-30T12:00:00","operationEnd":"2026-01-30T12:00:00"}
[operation] fixedtime-incomplete {"operation":"fast process SENSOR-C","quantity":2,"q":2,"preferEnd":true,"later":false,"forward":false,"efficiency":1.15,"requestedStart":"1971-01-01T00:00:00","requestedEnd":"2026-01-30T12:00:00","productionWanted":31304,"productionActual":31304,"productionStart":"2026-01-30T03:18:16","productionEnd":"2026-01-30T12:00:00","setupRequired":true,"expectedSetup":3130.434782608696,"setupActual":3130,"setupStart":"2026-01-30T02:26:06","setupEnd":"2026-01-30T03:18:16","setupResource":"smt highspeed","setupRule":true,"resources":[{"resource":"smt highspeed","quantity":1,"start":true},{"resource":"smt highspeed","quantity":-1,"start":false}]}
[resource] ask {"demand":null,"operation":"fast process SENSOR-C","resource":"smt highspeed","start":"2026-01-30T01:54:33","end":"2026-01-30T12:00:00"}
[resource] input {"operation":"fast process SENSOR-C","resource":"smt highspeed","questionQuantity":-1,"operationQuantity":2,"loadQuantity":-1}
[resource] candidate {"demand":null,"start":"2026-01-30T01:54:33","end":"2026-01-30T12:00:00","feasible":true}
[resource] answer {"operation":"fast process SENSOR-C","resource":"smt highspeed","answerQuantity":1,"operationQuantity":2,"loadQuantity":-1}
[load] resource-before-assignment {"operation":"fast process SENSOR-C","load":"","resource":"ict senior","originalQuantity":2,"plannedQuantity":2,"loadQuantity":-1}
[load] resource-after-assignment {"operation":"fast process SENSOR-C","load":"","resource":"ict senior","plannedQuantity":2,"loadQuantity":-1}
[operation] fixedtime-incomplete {"operation":"fast process SENSOR-C","quantity":2,"q":2,"preferEnd":true,"later":false,"forward":false,"efficiency":1.1,"requestedStart":"1971-01-01T00:00:00","requestedEnd":"2026-01-30T12:00:00","productionWanted":32727,"productionActual":32727,"productionStart":"2026-01-30T02:54:33","productionEnd":"2026-01-30T12:00:00","setupRequired":true,"expectedSetup":3272.7272727272725,"setupActual":3273,"setupStart":"2026-01-30T02:00:00","setupEnd":"2026-01-30T02:54:33","setupResource":"smt highspeed","setupRule":true,"resources":[{"resource":"smt highspeed","quantity":1,"start":true},{"resource":"smt highspeed","quantity":-1,"start":false},{"resource":"ict senior","quantity":1,"start":true},{"resource":"ict senior","quantity":-1,"start":false}]}
[resource] ask {"demand":null,"operation":"fast process SENSOR-C","resource":"ict senior","start":"2026-01-30T02:54:33","end":"2026-01-30T12:00:00"}
[resource] input {"operation":"fast process SENSOR-C","resource":"ict senior","questionQuantity":0,"operationQuantity":0,"loadQuantity":0}
[resource] candidate {"demand":null,"start":"2026-01-30T02:54:33","end":"2026-01-30T12:00:00","feasible":true}
[resource] answer {"operation":"fast process SENSOR-C","resource":"ict senior","answerQuantity":0,"operationQuantity":0,"loadQuantity":0}
[load] resource-trial {"operation":"fast process SENSOR-C","load":"","resource":"ict senior","answerQuantity":0,"plannedQuantity":0,"skillPriority":1,"answerDate":"2026-01-30T12:00:00"}
[load] resource-before-assignment {"operation":"fast process SENSOR-C","load":"","resource":"ict regular","originalQuantity":2,"plannedQuantity":2,"loadQuantity":-1}
[operation] fixedtime-incomplete {"operation":"fast process SENSOR-C","quantity":2,"q":2,"preferEnd":true,"later":false,"forward":false,"efficiency":0.95,"requestedStart":"1971-01-01T00:00:00","requestedEnd":"2026-01-30T12:00:00","productionWanted":37895,"productionActual":37895,"productionStart":"2026-01-30T01:28:25","productionEnd":"2026-01-30T12:00:00","setupRequired":true,"expectedSetup":3789.4736842105267,"setupActual":3789,"setupStart":"2026-01-30T00:25:16","setupEnd":"2026-01-30T01:28:25","setupResource":"smt highspeed","setupRule":true,"resources":[{"resource":"smt highspeed","quantity":1,"start":true},{"resource":"smt highspeed","quantity":-1,"start":false},{"resource":"ict regular","quantity":1,"start":true},{"resource":"ict regular","quantity":-1,"start":false}]}
[load] resource-after-assignment {"operation":"fast process SENSOR-C","load":"","resource":"ict regular","plannedQuantity":0,"loadQuantity":0}
[resource] ask {"demand":null,"operation":"fast process SENSOR-C","resource":"ict regular","start":"2026-01-30T01:28:25","end":"2026-01-30T12:00:00"}
[resource] input {"operation":"fast process SENSOR-C","resource":"ict regular","questionQuantity":0,"operationQuantity":0,"loadQuantity":0}
[resource] candidate {"demand":null,"start":"2026-01-30T01:28:25","end":"2026-01-30T12:00:00","feasible":true}
[resource] answer {"operation":"fast process SENSOR-C","resource":"ict regular","answerQuantity":0,"operationQuantity":0,"loadQuantity":0}
[load] resource-trial {"operation":"fast process SENSOR-C","load":"","resource":"ict regular","answerQuantity":0,"plannedQuantity":0,"skillPriority":2,"answerDate":"2026-01-30T12:00:00"}
[load] resource-rejected {"operation":"fast process SENSOR-C","load":"","candidateCount":3,"qualifiedResourceExists":true,"minimumNextDate":"2026-01-30T12:00:00"}
[operation] capacity-reject {"demand":null,"operation":"fast process SENSOR-C","start":"2026-01-30T01:28:25","end":"2026-01-30T12:00:00","answerQuantity":0,"answerDate":"2026-01-30T12:00:00"}
[operation] alternate-reject {"operation":"select process SENSOR-C","alternate":"fast process SENSOR-C","quantity":0,"nextDate":"2026-01-30T18:00:00"}
[operation] alternate-try {"operation":"select process SENSOR-C","alternate":"standard process SENSOR-C","remainingQuantity":2,"childQuantity":2}
[operation] ask {"demand":null,"operation":"standard process SENSOR-C","quantity":2,"operationQuantity":2,"end":"2026-01-30T12:00:00","operationEnd":"2026-01-30T12:00:00"}
[operation] fixedtime-incomplete {"operation":"standard process SENSOR-C","quantity":2,"q":2,"preferEnd":true,"later":false,"forward":false,"efficiency":0.85,"requestedStart":"1971-01-01T00:00:00","requestedEnd":"2026-01-30T12:00:00","productionWanted":63529,"productionActual":63529,"productionStart":"2026-01-29T18:21:11","productionEnd":"2026-01-30T12:00:00","setupRequired":true,"expectedSetup":12705.882352941177,"setupActual":12706,"setupStart":"2026-01-29T14:49:25","setupEnd":"2026-01-29T18:21:11","setupResource":"smt standard","setupRule":true,"resources":[{"resource":"smt standard","quantity":1,"start":true},{"resource":"smt standard","quantity":-1,"start":false}]}
[resource] ask {"demand":null,"operation":"standard process SENSOR-C","resource":"smt standard","start":"2026-01-29T15:21:11","end":"2026-01-30T12:00:00"}
[resource] input {"operation":"standard process SENSOR-C","resource":"smt standard","questionQuantity":-1,"operationQuantity":2,"loadQuantity":-1}
[resource] candidate {"demand":null,"start":"2026-01-29T15:21:11","end":"2026-01-30T12:00:00","feasible":true}
[resource] answer {"operation":"standard process SENSOR-C","resource":"smt standard","answerQuantity":1,"operationQuantity":2,"loadQuantity":-1}
[resource] ask {"demand":null,"operation":"standard process SENSOR-C","resource":"functional test","start":"2026-01-29T15:21:11","end":"2026-01-30T12:00:00"}
[resource] input {"operation":"standard process SENSOR-C","resource":"functional test","questionQuantity":-1,"operationQuantity":2,"loadQuantity":-1}
[resource] candidate {"demand":null,"start":"2026-01-29T15:21:11","end":"2026-01-30T12:00:00","feasible":true}
[resource] answer {"operation":"standard process SENSOR-C","resource":"functional test","answerQuantity":1,"operationQuantity":2,"loadQuantity":-1}
[buffer] ask {"demand":null,"buffer":"microcontroller standard","requested":2,"date":"2026-01-29T18:21:11","onhand":166}
[buffer] answer {"demand":null,"buffer":"microcontroller standard","requested":2,"remainingShortage":0,"quantity":2,"date":"2030-12-31T00:00:00","plan":null}
[buffer] ask {"demand":null,"buffer":"sensor die","requested":2,"date":"2026-01-29T18:21:11","onhand":134}
[buffer] answer {"demand":null,"buffer":"sensor die","requested":2,"remainingShortage":0,"quantity":2,"date":"2030-12-31T00:00:00","plan":null}
[operation] answer {"demand":null,"operation":"standard process SENSOR-C","quantity":2,"start":"2026-01-29T15:21:11","end":"2026-01-30T12:00:00"}
[operation] alternate-segment {"operation":"select process SENSOR-C","alternate":"standard process SENSOR-C","quantity":2,"remainingQuantity":0,"start":"2026-01-29T15:21:11","end":"2026-01-30T12:00:00"}
[operation] alternate-answer {"operation":"select process SENSOR-C","quantity":2,"remainingQuantity":0,"nextDate":"2026-01-30T18:00:00"}
[buffer] replenish {"buffer":"sensor C","iteration":0,"requested":2,"replenished":2,"producerDate":"2026-01-30T18:00:00","eventCountBefore":3,"eventCountAfter":4,"remaining":0}
[buffer] answer {"demand":null,"buffer":"sensor C","requested":2,"remainingShortage":0,"quantity":2,"date":"2030-12-31T00:00:00","plan":"OperationPlan"}
[operation] answer {"demand":"electronics order 047 SENSOR-C","operation":"ship SENSOR-C","quantity":2,"start":"2026-01-30T12:00:00","end":"2026-01-30T14:00:00"}
[demand] reply {"demand":"electronics order 047 SENSOR-C","attempt":1,"result":true,"quantity":2,"date":"2030-12-31T00:00:00"}
[demand] attempt {"demand":"electronics order 003 SENSOR-C","attempt":1,"quantity":4,"requestDate":"2026-01-19T14:00:00","lastDate":"2030-12-31T00:00:00"}
[operation] ask {"demand":"electronics order 003 SENSOR-C","operation":"ship SENSOR-C","quantity":4,"operationQuantity":4,"end":"2026-01-19T14:00:00","operationEnd":"2026-01-19T14:00:00"}
[buffer] ask {"demand":null,"buffer":"sensor C","requested":4,"date":"2026-01-19T12:00:00","onhand":0}
[buffer] shortage {"buffer":"sensor C","iteration":0,"date":"2026-01-19T12:00:00","onhand":-4,"shortage":4}
[operation] alternate-ask {"demand":null,"operation":"select process SENSOR-C","quantity":4,"end":"2026-01-19T12:00:00","alternates":["fast process SENSOR-C","standard process SENSOR-C"]}
[operation] alternate-try {"operation":"select process SENSOR-C","alternate":"fast process SENSOR-C","remainingQuantity":4,"childQuantity":4}
[operation] ask {"demand":null,"operation":"fast process SENSOR-C","quantity":4,"operationQuantity":4,"end":"2026-01-19T12:00:00","operationEnd":"2026-01-19T12:00:00"}
[operation] fixedtime-incomplete {"operation":"fast process SENSOR-C","quantity":4,"q":4,"preferEnd":true,"later":false,"forward":false,"efficiency":1.15,"requestedStart":"1971-01-01T00:00:00","requestedEnd":"2026-01-19T12:00:00","productionWanted":31304,"productionActual":31304,"productionStart":"2026-01-19T03:18:16","productionEnd":"2026-01-19T12:00:00","setupRequired":true,"expectedSetup":3130.434782608696,"setupActual":3130,"setupStart":"2026-01-19T02:26:06","setupEnd":"2026-01-19T03:18:16","setupResource":"smt highspeed","setupRule":true,"resources":[{"resource":"smt highspeed","quantity":1,"start":true},{"resource":"smt highspeed","quantity":-1,"start":false}]}
[resource] ask {"demand":null,"operation":"fast process SENSOR-C","resource":"smt highspeed","start":"2026-01-19T01:54:33","end":"2026-01-19T12:00:00"}
[resource] input {"operation":"fast process SENSOR-C","resource":"smt highspeed","questionQuantity":-1,"operationQuantity":4,"loadQuantity":-1}
[resource] candidate {"demand":null,"start":"2026-01-19T01:54:33","end":"2026-01-19T12:00:00","feasible":true}
[resource] answer {"operation":"fast process SENSOR-C","resource":"smt highspeed","answerQuantity":1,"operationQuantity":4,"loadQuantity":-1}
[load] resource-before-assignment {"operation":"fast process SENSOR-C","load":"","resource":"ict senior","originalQuantity":4,"plannedQuantity":4,"loadQuantity":-1}
[load] resource-after-assignment {"operation":"fast process SENSOR-C","load":"","resource":"ict senior","plannedQuantity":4,"loadQuantity":-1}
[operation] fixedtime-incomplete {"operation":"fast process SENSOR-C","quantity":4,"q":4,"preferEnd":true,"later":false,"forward":false,"efficiency":1.1,"requestedStart":"1971-01-01T00:00:00","requestedEnd":"2026-01-19T12:00:00","productionWanted":32727,"productionActual":32727,"productionStart":"2026-01-19T02:54:33","productionEnd":"2026-01-19T12:00:00","setupRequired":true,"expectedSetup":3272.7272727272725,"setupActual":3273,"setupStart":"2026-01-19T02:00:00","setupEnd":"2026-01-19T02:54:33","setupResource":"smt highspeed","setupRule":true,"resources":[{"resource":"smt highspeed","quantity":1,"start":true},{"resource":"smt highspeed","quantity":-1,"start":false},{"resource":"ict senior","quantity":1,"start":true},{"resource":"ict senior","quantity":-1,"start":false}]}
[resource] ask {"demand":null,"operation":"fast process SENSOR-C","resource":"ict senior","start":"2026-01-19T02:54:33","end":"2026-01-19T12:00:00"}
[resource] input {"operation":"fast process SENSOR-C","resource":"ict senior","questionQuantity":0,"operationQuantity":0,"loadQuantity":0}
[resource] candidate {"demand":null,"start":"2026-01-19T02:54:33","end":"2026-01-19T12:00:00","feasible":true}
[resource] answer {"operation":"fast process SENSOR-C","resource":"ict senior","answerQuantity":0,"operationQuantity":0,"loadQuantity":0}
[load] resource-trial {"operation":"fast process SENSOR-C","load":"","resource":"ict senior","answerQuantity":0,"plannedQuantity":0,"skillPriority":1,"answerDate":"2026-01-19T12:00:00"}
[load] resource-before-assignment {"operation":"fast process SENSOR-C","load":"","resource":"ict regular","originalQuantity":4,"plannedQuantity":4,"loadQuantity":-1}
[operation] fixedtime-incomplete {"operation":"fast process SENSOR-C","quantity":4,"q":4,"preferEnd":true,"later":false,"forward":false,"efficiency":0.95,"requestedStart":"1971-01-01T00:00:00","requestedEnd":"2026-01-19T12:00:00","productionWanted":37895,"productionActual":37895,"productionStart":"2026-01-19T01:28:25","productionEnd":"2026-01-19T12:00:00","setupRequired":true,"expectedSetup":3789.4736842105267,"setupActual":3789,"setupStart":"2026-01-19T00:25:16","setupEnd":"2026-01-19T01:28:25","setupResource":"smt highspeed","setupRule":true,"resources":[{"resource":"smt highspeed","quantity":1,"start":true},{"resource":"smt highspeed","quantity":-1,"start":false},{"resource":"ict regular","quantity":1,"start":true},{"resource":"ict regular","quantity":-1,"start":false}]}
[load] resource-after-assignment {"operation":"fast process SENSOR-C","load":"","resource":"ict regular","plannedQuantity":0,"loadQuantity":0}
[resource] ask {"demand":null,"operation":"fast process SENSOR-C","resource":"ict regular","start":"2026-01-19T01:28:25","end":"2026-01-19T12:00:00"}
[resource] input {"operation":"fast process SENSOR-C","resource":"ict regular","questionQuantity":0,"operationQuantity":0,"loadQuantity":0}
[resource] candidate {"demand":null,"start":"2026-01-19T01:28:25","end":"2026-01-19T12:00:00","feasible":true}
[resource] answer {"operation":"fast process SENSOR-C","resource":"ict regular","answerQuantity":0,"operationQuantity":0,"loadQuantity":0}
[load] resource-trial {"operation":"fast process SENSOR-C","load":"","resource":"ict regular","answerQuantity":0,"plannedQuantity":0,"skillPriority":2,"answerDate":"2026-01-19T12:00:00"}
[load] resource-rejected {"operation":"fast process SENSOR-C","load":"","candidateCount":3,"qualifiedResourceExists":true,"minimumNextDate":"2026-01-19T12:00:00"}
[operation] capacity-reject {"demand":null,"operation":"fast process SENSOR-C","start":"2026-01-19T01:28:25","end":"2026-01-19T12:00:00","answerQuantity":0,"answerDate":"2026-01-19T12:00:00"}
[operation] alternate-reject {"operation":"select process SENSOR-C","alternate":"fast process SENSOR-C","quantity":0,"nextDate":"2026-01-19T18:00:00"}
[operation] alternate-try {"operation":"select process SENSOR-C","alternate":"standard process SENSOR-C","remainingQuantity":4,"childQuantity":4}
[operation] ask {"demand":null,"operation":"standard process SENSOR-C","quantity":4,"operationQuantity":4,"end":"2026-01-19T12:00:00","operationEnd":"2026-01-19T12:00:00"}
[operation] fixedtime-incomplete {"operation":"standard process SENSOR-C","quantity":4,"q":4,"preferEnd":true,"later":false,"forward":false,"efficiency":0.85,"requestedStart":"1971-01-01T00:00:00","requestedEnd":"2026-01-19T12:00:00","productionWanted":63529,"productionActual":63529,"productionStart":"2026-01-18T18:21:11","productionEnd":"2026-01-19T12:00:00","setupRequired":true,"expectedSetup":12705.882352941177,"setupActual":12706,"setupStart":"2026-01-18T14:49:25","setupEnd":"2026-01-18T18:21:11","setupResource":"smt standard","setupRule":true,"resources":[{"resource":"smt standard","quantity":1,"start":true},{"resource":"smt standard","quantity":-1,"start":false}]}
[resource] ask {"demand":null,"operation":"standard process SENSOR-C","resource":"smt standard","start":"2026-01-18T15:21:11","end":"2026-01-19T12:00:00"}
[resource] input {"operation":"standard process SENSOR-C","resource":"smt standard","questionQuantity":-1,"operationQuantity":4,"loadQuantity":-1}
[resource] candidate {"demand":null,"start":"2026-01-18T15:21:11","end":"2026-01-19T12:00:00","feasible":true}
[resource] answer {"operation":"standard process SENSOR-C","resource":"smt standard","answerQuantity":1,"operationQuantity":4,"loadQuantity":-1}
[resource] ask {"demand":null,"operation":"standard process SENSOR-C","resource":"functional test","start":"2026-01-18T15:21:11","end":"2026-01-19T12:00:00"}
[resource] input {"operation":"standard process SENSOR-C","resource":"functional test","questionQuantity":-1,"operationQuantity":4,"loadQuantity":-1}
[resource] candidate {"demand":null,"start":"2026-01-18T15:21:11","end":"2026-01-19T12:00:00","feasible":true}
[resource] answer {"operation":"standard process SENSOR-C","resource":"functional test","answerQuantity":1,"operationQuantity":4,"loadQuantity":-1}
[buffer] ask {"demand":null,"buffer":"microcontroller standard","requested":4,"date":"2026-01-18T18:21:11","onhand":177}
[buffer] answer {"demand":null,"buffer":"microcontroller standard","requested":4,"remainingShortage":0,"quantity":4,"date":"2030-12-31T00:00:00","plan":null}
[buffer] ask {"demand":null,"buffer":"sensor die","requested":4,"date":"2026-01-18T18:21:11","onhand":140}
[buffer] answer {"demand":null,"buffer":"sensor die","requested":4,"remainingShortage":0,"quantity":4,"date":"2030-12-31T00:00:00","plan":null}
[operation] answer {"demand":null,"operation":"standard process SENSOR-C","quantity":4,"start":"2026-01-18T15:21:11","end":"2026-01-19T12:00:00"}
[operation] alternate-segment {"operation":"select process SENSOR-C","alternate":"standard process SENSOR-C","quantity":4,"remainingQuantity":0,"start":"2026-01-18T15:21:11","end":"2026-01-19T12:00:00"}
[operation] alternate-answer {"operation":"select process SENSOR-C","quantity":4,"remainingQuantity":0,"nextDate":"2026-01-19T18:00:00"}
[buffer] replenish {"buffer":"sensor C","iteration":0,"requested":4,"replenished":4,"producerDate":"2026-01-19T18:00:00","eventCountBefore":5,"eventCountAfter":6,"remaining":0}
[buffer] answer {"demand":null,"buffer":"sensor C","requested":4,"remainingShortage":0,"quantity":4,"date":"2030-12-31T00:00:00","plan":"OperationPlan"}
[operation] answer {"demand":"electronics order 003 SENSOR-C","operation":"ship SENSOR-C","quantity":4,"start":"2026-01-19T12:00:00","end":"2026-01-19T14:00:00"}
[demand] reply {"demand":"electronics order 003 SENSOR-C","attempt":1,"result":true,"quantity":4,"date":"2030-12-31T00:00:00"}
[demand] attempt {"demand":"electronics order 018 CTRL-B","attempt":1,"quantity":5,"requestDate":"2026-01-23T08:00:00","lastDate":"2030-12-31T00:00:00"}
[operation] ask {"demand":"electronics order 018 CTRL-B","operation":"ship CTRL-B","quantity":5,"operationQuantity":5,"end":"2026-01-23T08:00:00","operationEnd":"2026-01-23T08:00:00"}
[buffer] ask {"demand":null,"buffer":"controller B","requested":5,"date":"2026-01-23T06:00:00","onhand":2}
[buffer] shortage {"buffer":"controller B","iteration":0,"date":"2026-01-23T06:00:00","onhand":-5,"shortage":5}
[operation] alternate-ask {"demand":null,"operation":"select process CTRL-B","quantity":5,"end":"2026-01-23T06:00:00","alternates":["fast process CTRL-B","standard process CTRL-B"]}
[operation] alternate-try {"operation":"select process CTRL-B","alternate":"fast process CTRL-B","remainingQuantity":5,"childQuantity":5}
[operation] ask {"demand":null,"operation":"fast process CTRL-B","quantity":5,"operationQuantity":5,"end":"2026-01-23T06:00:00","operationEnd":"2026-01-23T06:00:00"}
[operation] fixedtime-incomplete {"operation":"fast process CTRL-B","quantity":5,"q":5,"preferEnd":true,"later":false,"forward":false,"efficiency":1.15,"requestedStart":"1971-01-01T00:00:00","requestedEnd":"2026-01-23T06:00:00","productionWanted":28174,"productionActual":28174,"productionStart":"2026-01-22T22:10:26","productionEnd":"2026-01-23T06:00:00","setupRequired":true,"expectedSetup":3130.434782608696,"setupActual":3130,"setupStart":"2026-01-22T21:18:16","setupEnd":"2026-01-22T22:10:26","setupResource":"smt highspeed","setupRule":true,"resources":[{"resource":"smt highspeed","quantity":1,"start":true},{"resource":"smt highspeed","quantity":-1,"start":false}]}
[resource] ask {"demand":null,"operation":"fast process CTRL-B","resource":"smt highspeed","start":"2026-01-22T20:49:05","end":"2026-01-23T06:00:00"}
[resource] input {"operation":"fast process CTRL-B","resource":"smt highspeed","questionQuantity":-1,"operationQuantity":5,"loadQuantity":-1}
[resource] candidate {"demand":null,"start":"2026-01-22T20:49:05","end":"2026-01-23T06:00:00","feasible":true}
[resource] answer {"operation":"fast process CTRL-B","resource":"smt highspeed","answerQuantity":1,"operationQuantity":5,"loadQuantity":-1}
[load] resource-before-assignment {"operation":"fast process CTRL-B","load":"","resource":"ict senior","originalQuantity":5,"plannedQuantity":5,"loadQuantity":-1}
[load] resource-after-assignment {"operation":"fast process CTRL-B","load":"","resource":"ict senior","plannedQuantity":5,"loadQuantity":-1}
[operation] fixedtime-incomplete {"operation":"fast process CTRL-B","quantity":5,"q":5,"preferEnd":true,"later":false,"forward":false,"efficiency":1.1,"requestedStart":"1971-01-01T00:00:00","requestedEnd":"2026-01-23T06:00:00","productionWanted":29455,"productionActual":29455,"productionStart":"2026-01-22T21:49:05","productionEnd":"2026-01-23T06:00:00","setupRequired":true,"expectedSetup":3272.7272727272725,"setupActual":3273,"setupStart":"2026-01-22T20:54:32","setupEnd":"2026-01-22T21:49:05","setupResource":"smt highspeed","setupRule":true,"resources":[{"resource":"smt highspeed","quantity":1,"start":true},{"resource":"smt highspeed","quantity":-1,"start":false},{"resource":"ict senior","quantity":1,"start":true},{"resource":"ict senior","quantity":-1,"start":false}]}
[resource] ask {"demand":null,"operation":"fast process CTRL-B","resource":"ict senior","start":"2026-01-22T21:49:05","end":"2026-01-23T06:00:00"}
[resource] input {"operation":"fast process CTRL-B","resource":"ict senior","questionQuantity":0,"operationQuantity":0,"loadQuantity":0}
[resource] candidate {"demand":null,"start":"2026-01-22T21:49:05","end":"2026-01-23T06:00:00","feasible":true}
[resource] answer {"operation":"fast process CTRL-B","resource":"ict senior","answerQuantity":0,"operationQuantity":0,"loadQuantity":0}
[load] resource-trial {"operation":"fast process CTRL-B","load":"","resource":"ict senior","answerQuantity":0,"plannedQuantity":0,"skillPriority":1,"answerDate":"2026-01-23T06:00:00"}
[load] resource-before-assignment {"operation":"fast process CTRL-B","load":"","resource":"ict regular","originalQuantity":5,"plannedQuantity":5,"loadQuantity":-1}
[operation] fixedtime-incomplete {"operation":"fast process CTRL-B","quantity":5,"q":5,"preferEnd":true,"later":false,"forward":false,"efficiency":0.95,"requestedStart":"1971-01-01T00:00:00","requestedEnd":"2026-01-23T06:00:00","productionWanted":34105,"productionActual":34105,"productionStart":"2026-01-22T20:31:35","productionEnd":"2026-01-23T06:00:00","setupRequired":true,"expectedSetup":3789.4736842105267,"setupActual":3789,"setupStart":"2026-01-22T19:28:26","setupEnd":"2026-01-22T20:31:35","setupResource":"smt highspeed","setupRule":true,"resources":[{"resource":"smt highspeed","quantity":1,"start":true},{"resource":"smt highspeed","quantity":-1,"start":false},{"resource":"ict regular","quantity":1,"start":true},{"resource":"ict regular","quantity":-1,"start":false}]}
[load] resource-after-assignment {"operation":"fast process CTRL-B","load":"","resource":"ict regular","plannedQuantity":0,"loadQuantity":0}
[resource] ask {"demand":null,"operation":"fast process CTRL-B","resource":"ict regular","start":"2026-01-22T20:31:35","end":"2026-01-23T06:00:00"}
[resource] input {"operation":"fast process CTRL-B","resource":"ict regular","questionQuantity":0,"operationQuantity":0,"loadQuantity":0}
[resource] candidate {"demand":null,"start":"2026-01-22T20:31:35","end":"2026-01-23T06:00:00","feasible":true}
[resource] answer {"operation":"fast process CTRL-B","resource":"ict regular","answerQuantity":0,"operationQuantity":0,"loadQuantity":0}
[load] resource-trial {"operation":"fast process CTRL-B","load":"","resource":"ict regular","answerQuantity":0,"plannedQuantity":0,"skillPriority":2,"answerDate":"2026-01-23T06:00:00"}
[load] resource-rejected {"operation":"fast process CTRL-B","load":"","candidateCount":3,"qualifiedResourceExists":true,"minimumNextDate":"2026-01-23T06:00:00"}
[operation] capacity-reject {"demand":null,"operation":"fast process CTRL-B","start":"2026-01-22T20:31:35","end":"2026-01-23T06:00:00","answerQuantity":0,"answerDate":"2026-01-23T06:00:00"}
[operation] alternate-reject {"operation":"select process CTRL-B","alternate":"fast process CTRL-B","quantity":0,"nextDate":"2026-01-23T12:00:00"}
[operation] alternate-try {"operation":"select process CTRL-B","alternate":"standard process CTRL-B","remainingQuantity":5,"childQuantity":5}
[operation] ask {"demand":null,"operation":"standard process CTRL-B","quantity":5,"operationQuantity":5,"end":"2026-01-23T06:00:00","operationEnd":"2026-01-23T06:00:00"}
[resource] ask {"demand":null,"operation":"standard process CTRL-B","resource":"smt standard","start":"2026-01-22T13:31:46","end":"2026-01-23T06:00:00"}
[resource] input {"operation":"standard process CTRL-B","resource":"smt standard","questionQuantity":-1,"operationQuantity":5,"loadQuantity":-1}
[resource] candidate {"demand":null,"start":"2026-01-22T13:31:46","end":"2026-01-23T06:00:00","feasible":true}
[resource] answer {"operation":"standard process CTRL-B","resource":"smt standard","answerQuantity":1,"operationQuantity":5,"loadQuantity":-1}
[resource] ask {"demand":null,"operation":"standard process CTRL-B","resource":"functional test","start":"2026-01-22T13:31:46","end":"2026-01-23T06:00:00"}
[resource] input {"operation":"standard process CTRL-B","resource":"functional test","questionQuantity":-1,"operationQuantity":5,"loadQuantity":-1}
[resource] candidate {"demand":null,"start":"2026-01-22T13:31:46","end":"2026-01-23T06:00:00","feasible":true}
[resource] answer {"operation":"standard process CTRL-B","resource":"functional test","answerQuantity":1,"operationQuantity":5,"loadQuantity":-1}
[buffer] ask {"demand":null,"buffer":"microcontroller standard","requested":5,"date":"2026-01-22T13:31:46","onhand":168}
[buffer] answer {"demand":null,"buffer":"microcontroller standard","requested":5,"remainingShortage":0,"quantity":5,"date":"2030-12-31T00:00:00","plan":null}
[buffer] ask {"demand":null,"buffer":"pcb panel","requested":5,"date":"2026-01-22T13:31:46","onhand":235}
[buffer] answer {"demand":null,"buffer":"pcb panel","requested":5,"remainingShortage":0,"quantity":5,"date":"2030-12-31T00:00:00","plan":null}
[operation] answer {"demand":null,"operation":"standard process CTRL-B","quantity":5,"start":"2026-01-22T13:31:46","end":"2026-01-23T06:00:00"}
[operation] alternate-segment {"operation":"select process CTRL-B","alternate":"standard process CTRL-B","quantity":5,"remainingQuantity":0,"start":"2026-01-22T13:31:46","end":"2026-01-23T06:00:00"}
[operation] alternate-answer {"operation":"select process CTRL-B","quantity":5,"remainingQuantity":0,"nextDate":"2026-01-23T12:00:00"}
[buffer] replenish {"buffer":"controller B","iteration":0,"requested":5,"replenished":5,"producerDate":"2026-01-23T12:00:00","eventCountBefore":5,"eventCountAfter":6,"remaining":0}
[buffer] answer {"demand":null,"buffer":"controller B","requested":5,"remainingShortage":0,"quantity":5,"date":"2030-12-31T00:00:00","plan":"OperationPlan"}
[operation] answer {"demand":"electronics order 018 CTRL-B","operation":"ship CTRL-B","quantity":5,"start":"2026-01-23T06:00:00","end":"2026-01-23T08:00:00"}
[demand] reply {"demand":"electronics order 018 CTRL-B","attempt":1,"result":true,"quantity":5,"date":"2030-12-31T00:00:00"}
[demand] attempt {"demand":"electronics order 033 CTRL-A","attempt":1,"quantity":4,"requestDate":"2026-01-27T02:00:00","lastDate":"2030-12-31T00:00:00"}
[operation] ask {"demand":"electronics order 033 CTRL-A","operation":"ship CTRL-A","quantity":4,"operationQuantity":4,"end":"2026-01-27T02:00:00","operationEnd":"2026-01-27T02:00:00"}
[buffer] ask {"demand":null,"buffer":"controller A","requested":4,"date":"2026-01-27T00:00:00","onhand":2}
[buffer] shortage {"buffer":"controller A","iteration":0,"date":"2026-01-27T00:00:00","onhand":-4,"shortage":4}
[operation] alternate-ask {"demand":null,"operation":"select process CTRL-A","quantity":4,"end":"2026-01-27T00:00:00","alternates":["fast process CTRL-A","standard process CTRL-A"]}
[operation] alternate-try {"operation":"select process CTRL-A","alternate":"fast process CTRL-A","remainingQuantity":4,"childQuantity":4}
[operation] ask {"demand":null,"operation":"fast process CTRL-A","quantity":4,"operationQuantity":4,"end":"2026-01-27T00:00:00","operationEnd":"2026-01-27T00:00:00"}
[operation] fixedtime-incomplete {"operation":"fast process CTRL-A","quantity":4,"q":4,"preferEnd":true,"later":false,"forward":false,"efficiency":1.15,"requestedStart":"1971-01-01T00:00:00","requestedEnd":"2026-01-27T00:00:00","productionWanted":25043,"productionActual":25043,"productionStart":"2026-01-26T17:02:37","productionEnd":"2026-01-27T00:00:00","setupRequired":true,"expectedSetup":3130.434782608696,"setupActual":3130,"setupStart":"2026-01-26T16:10:27","setupEnd":"2026-01-26T17:02:37","setupResource":"smt highspeed","setupRule":true,"resources":[{"resource":"smt highspeed","quantity":1,"start":true},{"resource":"smt highspeed","quantity":-1,"start":false}]}
[resource] ask {"demand":null,"operation":"fast process CTRL-A","resource":"smt highspeed","start":"2026-01-26T15:43:38","end":"2026-01-27T00:00:00"}
[resource] input {"operation":"fast process CTRL-A","resource":"smt highspeed","questionQuantity":-1,"operationQuantity":4,"loadQuantity":-1}
[resource] candidate {"demand":null,"start":"2026-01-26T15:43:38","end":"2026-01-27T00:00:00","feasible":true}
[resource] answer {"operation":"fast process CTRL-A","resource":"smt highspeed","answerQuantity":1,"operationQuantity":4,"loadQuantity":-1}
[load] resource-before-assignment {"operation":"fast process CTRL-A","load":"","resource":"ict senior","originalQuantity":4,"plannedQuantity":4,"loadQuantity":-1}
[load] resource-after-assignment {"operation":"fast process CTRL-A","load":"","resource":"ict senior","plannedQuantity":4,"loadQuantity":-1}
[operation] fixedtime-incomplete {"operation":"fast process CTRL-A","quantity":4,"q":4,"preferEnd":true,"later":false,"forward":false,"efficiency":1.1,"requestedStart":"1971-01-01T00:00:00","requestedEnd":"2026-01-27T00:00:00","productionWanted":26182,"productionActual":26182,"productionStart":"2026-01-26T16:43:38","productionEnd":"2026-01-27T00:00:00","setupRequired":true,"expectedSetup":3272.7272727272725,"setupActual":3273,"setupStart":"2026-01-26T15:49:05","setupEnd":"2026-01-26T16:43:38","setupResource":"smt highspeed","setupRule":true,"resources":[{"resource":"smt highspeed","quantity":1,"start":true},{"resource":"smt highspeed","quantity":-1,"start":false},{"resource":"ict senior","quantity":1,"start":true},{"resource":"ict senior","quantity":-1,"start":false}]}
[resource] ask {"demand":null,"operation":"fast process CTRL-A","resource":"ict senior","start":"2026-01-26T16:43:38","end":"2026-01-27T00:00:00"}
[resource] input {"operation":"fast process CTRL-A","resource":"ict senior","questionQuantity":0,"operationQuantity":0,"loadQuantity":0}
[resource] candidate {"demand":null,"start":"2026-01-26T16:43:38","end":"2026-01-27T00:00:00","feasible":true}
[resource] answer {"operation":"fast process CTRL-A","resource":"ict senior","answerQuantity":0,"operationQuantity":0,"loadQuantity":0}
[load] resource-trial {"operation":"fast process CTRL-A","load":"","resource":"ict senior","answerQuantity":0,"plannedQuantity":0,"skillPriority":1,"answerDate":"2026-01-27T00:00:00"}
[load] resource-before-assignment {"operation":"fast process CTRL-A","load":"","resource":"ict regular","originalQuantity":4,"plannedQuantity":4,"loadQuantity":-1}
[operation] fixedtime-incomplete {"operation":"fast process CTRL-A","quantity":4,"q":4,"preferEnd":true,"later":false,"forward":false,"efficiency":0.95,"requestedStart":"1971-01-01T00:00:00","requestedEnd":"2026-01-27T00:00:00","productionWanted":30316,"productionActual":30316,"productionStart":"2026-01-26T15:34:44","productionEnd":"2026-01-27T00:00:00","setupRequired":true,"expectedSetup":3789.4736842105267,"setupActual":3789,"setupStart":"2026-01-26T14:31:35","setupEnd":"2026-01-26T15:34:44","setupResource":"smt highspeed","setupRule":true,"resources":[{"resource":"smt highspeed","quantity":1,"start":true},{"resource":"smt highspeed","quantity":-1,"start":false},{"resource":"ict regular","quantity":1,"start":true},{"resource":"ict regular","quantity":-1,"start":false}]}
[load] resource-after-assignment {"operation":"fast process CTRL-A","load":"","resource":"ict regular","plannedQuantity":0,"loadQuantity":0}
[resource] ask {"demand":null,"operation":"fast process CTRL-A","resource":"ict regular","start":"2026-01-26T15:34:44","end":"2026-01-27T00:00:00"}
[resource] input {"operation":"fast process CTRL-A","resource":"ict regular","questionQuantity":0,"operationQuantity":0,"loadQuantity":0}
[resource] candidate {"demand":null,"start":"2026-01-26T15:34:44","end":"2026-01-27T00:00:00","feasible":true}
[resource] answer {"operation":"fast process CTRL-A","resource":"ict regular","answerQuantity":0,"operationQuantity":0,"loadQuantity":0}
[load] resource-trial {"operation":"fast process CTRL-A","load":"","resource":"ict regular","answerQuantity":0,"plannedQuantity":0,"skillPriority":2,"answerDate":"2026-01-27T00:00:00"}
[load] resource-rejected {"operation":"fast process CTRL-A","load":"","candidateCount":3,"qualifiedResourceExists":true,"minimumNextDate":"2026-01-27T00:00:00"}
[operation] capacity-reject {"demand":null,"operation":"fast process CTRL-A","start":"2026-01-26T15:34:44","end":"2026-01-27T00:00:00","answerQuantity":0,"answerDate":"2026-01-27T00:00:00"}
[operation] alternate-reject {"operation":"select process CTRL-A","alternate":"fast process CTRL-A","quantity":0,"nextDate":"2026-01-27T06:00:00"}
[operation] alternate-try {"operation":"select process CTRL-A","alternate":"standard process CTRL-A","remainingQuantity":4,"childQuantity":4}
[operation] ask {"demand":null,"operation":"standard process CTRL-A","quantity":4,"operationQuantity":4,"end":"2026-01-27T00:00:00","operationEnd":"2026-01-27T00:00:00"}
[operation] fixedtime-incomplete {"operation":"standard process CTRL-A","quantity":4,"q":4,"preferEnd":true,"later":false,"forward":false,"efficiency":0.85,"requestedStart":"1971-01-01T00:00:00","requestedEnd":"2026-01-27T00:00:00","productionWanted":55059,"productionActual":55059,"productionStart":"2026-01-26T08:42:21","productionEnd":"2026-01-27T00:00:00","setupRequired":true,"expectedSetup":8470.588235294117,"setupActual":8471,"setupStart":"2026-01-26T06:21:10","setupEnd":"2026-01-26T08:42:21","setupResource":"smt standard","setupRule":true,"resources":[{"resource":"smt standard","quantity":1,"start":true},{"resource":"smt standard","quantity":-1,"start":false}]}
[resource] ask {"demand":null,"operation":"standard process CTRL-A","resource":"smt standard","start":"2026-01-26T06:42:21","end":"2026-01-27T00:00:00"}
[resource] input {"operation":"standard process CTRL-A","resource":"smt standard","questionQuantity":-1,"operationQuantity":4,"loadQuantity":-1}
[resource] candidate {"demand":null,"start":"2026-01-26T06:42:21","end":"2026-01-27T00:00:00","feasible":true}
[resource] answer {"operation":"standard process CTRL-A","resource":"smt standard","answerQuantity":1,"operationQuantity":4,"loadQuantity":-1}
[resource] ask {"demand":null,"operation":"standard process CTRL-A","resource":"functional test","start":"2026-01-26T06:42:21","end":"2026-01-27T00:00:00"}
[resource] input {"operation":"standard process CTRL-A","resource":"functional test","questionQuantity":-1,"operationQuantity":4,"loadQuantity":-1}
[resource] candidate {"demand":null,"start":"2026-01-26T06:42:21","end":"2026-01-27T00:00:00","feasible":true}
[resource] answer {"operation":"standard process CTRL-A","resource":"functional test","answerQuantity":1,"operationQuantity":4,"loadQuantity":-1}
[buffer] ask {"demand":null,"buffer":"microcontroller standard","requested":4,"date":"2026-01-26T08:42:21","onhand":160}
[buffer] answer {"demand":null,"buffer":"microcontroller standard","requested":4,"remainingShortage":0,"quantity":4,"date":"2030-12-31T00:00:00","plan":null}
[buffer] ask {"demand":null,"buffer":"pcb panel","requested":4,"date":"2026-01-26T08:42:21","onhand":230}
[buffer] answer {"demand":null,"buffer":"pcb panel","requested":4,"remainingShortage":0,"quantity":4,"date":"2030-12-31T00:00:00","plan":null}
[operation] answer {"demand":null,"operation":"standard process CTRL-A","quantity":4,"start":"2026-01-26T06:42:21","end":"2026-01-27T00:00:00"}
[operation] alternate-segment {"operation":"select process CTRL-A","alternate":"standard process CTRL-A","quantity":4,"remainingQuantity":0,"start":"2026-01-26T06:42:21","end":"2026-01-27T00:00:00"}
[operation] alternate-answer {"operation":"select process CTRL-A","quantity":4,"remainingQuantity":0,"nextDate":"2026-01-27T06:00:00"}
[buffer] replenish {"buffer":"controller A","iteration":0,"requested":4,"replenished":4,"producerDate":"2026-01-27T06:00:00","eventCountBefore":5,"eventCountAfter":6,"remaining":0}
[buffer] answer {"demand":null,"buffer":"controller A","requested":4,"remainingShortage":0,"quantity":4,"date":"2030-12-31T00:00:00","plan":"OperationPlan"}
[operation] answer {"demand":"electronics order 033 CTRL-A","operation":"ship CTRL-A","quantity":4,"start":"2026-01-27T00:00:00","end":"2026-01-27T02:00:00"}
[demand] reply {"demand":"electronics order 033 CTRL-A","attempt":1,"result":true,"quantity":4,"date":"2030-12-31T00:00:00"}
[demand] attempt {"demand":"electronics order 048 SENSOR-D","attempt":1,"quantity":5,"requestDate":"2026-01-30T20:00:00","lastDate":"2030-12-31T00:00:00"}
[operation] ask {"demand":"electronics order 048 SENSOR-D","operation":"ship SENSOR-D","quantity":5,"operationQuantity":5,"end":"2026-01-30T20:00:00","operationEnd":"2026-01-30T20:00:00"}
[buffer] ask {"demand":null,"buffer":"sensor D","requested":5,"date":"2026-01-30T18:00:00","onhand":2}
[buffer] shortage {"buffer":"sensor D","iteration":0,"date":"2026-01-30T18:00:00","onhand":-5,"shortage":5}
[operation] alternate-ask {"demand":null,"operation":"select process SENSOR-D","quantity":5,"end":"2026-01-30T18:00:00","alternates":["fast process SENSOR-D","standard process SENSOR-D"]}
[operation] alternate-try {"operation":"select process SENSOR-D","alternate":"fast process SENSOR-D","remainingQuantity":5,"childQuantity":5}
[operation] ask {"demand":null,"operation":"fast process SENSOR-D","quantity":5,"operationQuantity":5,"end":"2026-01-30T18:00:00","operationEnd":"2026-01-30T18:00:00"}
[operation] fixedtime-incomplete {"operation":"fast process SENSOR-D","quantity":5,"q":5,"preferEnd":true,"later":false,"forward":false,"efficiency":1.15,"requestedStart":"1971-01-01T00:00:00","requestedEnd":"2026-01-30T18:00:00","productionWanted":34435,"productionActual":34435,"productionStart":"2026-01-30T08:26:05","productionEnd":"2026-01-30T18:00:00","setupRequired":true,"expectedSetup":3130.434782608696,"setupActual":3130,"setupStart":"2026-01-30T07:33:55","setupEnd":"2026-01-30T08:26:05","setupResource":"smt highspeed","setupRule":true,"resources":[{"resource":"smt highspeed","quantity":1,"start":true},{"resource":"smt highspeed","quantity":-1,"start":false}]}
[resource] ask {"demand":null,"operation":"fast process SENSOR-D","resource":"smt highspeed","start":"2026-01-30T07:00:00","end":"2026-01-30T18:00:00"}
[resource] input {"operation":"fast process SENSOR-D","resource":"smt highspeed","questionQuantity":-1,"operationQuantity":5,"loadQuantity":-1}
[resource] candidate {"demand":null,"start":"2026-01-30T07:00:00","end":"2026-01-30T18:00:00","feasible":true}
[resource] answer {"operation":"fast process SENSOR-D","resource":"smt highspeed","answerQuantity":1,"operationQuantity":5,"loadQuantity":-1}
[load] resource-before-assignment {"operation":"fast process SENSOR-D","load":"","resource":"ict senior","originalQuantity":5,"plannedQuantity":5,"loadQuantity":-1}
[load] resource-after-assignment {"operation":"fast process SENSOR-D","load":"","resource":"ict senior","plannedQuantity":5,"loadQuantity":-1}
[operation] fixedtime-incomplete {"operation":"fast process SENSOR-D","quantity":5,"q":5,"preferEnd":true,"later":false,"forward":false,"efficiency":1.1,"requestedStart":"1971-01-01T00:00:00","requestedEnd":"2026-01-30T18:00:00","productionWanted":36000,"productionActual":36000,"productionStart":"2026-01-30T08:00:00","productionEnd":"2026-01-30T18:00:00","setupRequired":true,"expectedSetup":3272.7272727272725,"setupActual":3273,"setupStart":"2026-01-30T07:05:27","setupEnd":"2026-01-30T08:00:00","setupResource":"smt highspeed","setupRule":true,"resources":[{"resource":"smt highspeed","quantity":1,"start":true},{"resource":"smt highspeed","quantity":-1,"start":false},{"resource":"ict senior","quantity":1,"start":true},{"resource":"ict senior","quantity":-1,"start":false}]}
[resource] ask {"demand":null,"operation":"fast process SENSOR-D","resource":"ict senior","start":"2026-01-30T08:00:00","end":"2026-01-30T18:00:00"}
[resource] input {"operation":"fast process SENSOR-D","resource":"ict senior","questionQuantity":0,"operationQuantity":0,"loadQuantity":0}
[resource] candidate {"demand":null,"start":"2026-01-30T08:00:00","end":"2026-01-30T18:00:00","feasible":true}
[resource] answer {"operation":"fast process SENSOR-D","resource":"ict senior","answerQuantity":0,"operationQuantity":0,"loadQuantity":0}
[load] resource-trial {"operation":"fast process SENSOR-D","load":"","resource":"ict senior","answerQuantity":0,"plannedQuantity":0,"skillPriority":1,"answerDate":"2026-01-30T18:00:00"}
[load] resource-before-assignment {"operation":"fast process SENSOR-D","load":"","resource":"ict regular","originalQuantity":5,"plannedQuantity":5,"loadQuantity":-1}
[operation] fixedtime-incomplete {"operation":"fast process SENSOR-D","quantity":5,"q":5,"preferEnd":true,"later":false,"forward":false,"efficiency":0.95,"requestedStart":"1971-01-01T00:00:00","requestedEnd":"2026-01-30T18:00:00","productionWanted":41684,"productionActual":41684,"productionStart":"2026-01-30T06:25:16","productionEnd":"2026-01-30T18:00:00","setupRequired":true,"expectedSetup":3789.4736842105267,"setupActual":3789,"setupStart":"2026-01-30T05:22:07","setupEnd":"2026-01-30T06:25:16","setupResource":"smt highspeed","setupRule":true,"resources":[{"resource":"smt highspeed","quantity":1,"start":true},{"resource":"smt highspeed","quantity":-1,"start":false},{"resource":"ict regular","quantity":1,"start":true},{"resource":"ict regular","quantity":-1,"start":false}]}
[load] resource-after-assignment {"operation":"fast process SENSOR-D","load":"","resource":"ict regular","plannedQuantity":0,"loadQuantity":0}
[resource] ask {"demand":null,"operation":"fast process SENSOR-D","resource":"ict regular","start":"2026-01-30T06:25:16","end":"2026-01-30T18:00:00"}
[resource] input {"operation":"fast process SENSOR-D","resource":"ict regular","questionQuantity":0,"operationQuantity":0,"loadQuantity":0}
[resource] candidate {"demand":null,"start":"2026-01-30T06:25:16","end":"2026-01-30T18:00:00","feasible":true}
[resource] answer {"operation":"fast process SENSOR-D","resource":"ict regular","answerQuantity":0,"operationQuantity":0,"loadQuantity":0}
[load] resource-trial {"operation":"fast process SENSOR-D","load":"","resource":"ict regular","answerQuantity":0,"plannedQuantity":0,"skillPriority":2,"answerDate":"2026-01-30T18:00:00"}
[load] resource-rejected {"operation":"fast process SENSOR-D","load":"","candidateCount":3,"qualifiedResourceExists":true,"minimumNextDate":"2026-01-30T18:00:00"}
[operation] capacity-reject {"demand":null,"operation":"fast process SENSOR-D","start":"2026-01-30T06:25:16","end":"2026-01-30T18:00:00","answerQuantity":0,"answerDate":"2026-01-30T18:00:00"}
[operation] alternate-reject {"operation":"select process SENSOR-D","alternate":"fast process SENSOR-D","quantity":0,"nextDate":"2026-01-31T00:00:00"}
[operation] alternate-try {"operation":"select process SENSOR-D","alternate":"standard process SENSOR-D","remainingQuantity":5,"childQuantity":5}
[operation] ask {"demand":null,"operation":"standard process SENSOR-D","quantity":5,"operationQuantity":5,"end":"2026-01-30T18:00:00","operationEnd":"2026-01-30T18:00:00"}
[resource] ask {"demand":null,"operation":"standard process SENSOR-D","resource":"smt standard","start":"2026-01-29T23:10:35","end":"2026-01-30T18:00:00"}
[resource] input {"operation":"standard process SENSOR-D","resource":"smt standard","questionQuantity":-1,"operationQuantity":5,"loadQuantity":-1}
[resource] candidate {"demand":null,"start":"2026-01-29T23:10:35","end":"2026-01-30T18:00:00","feasible":true}
[resource] answer {"operation":"standard process SENSOR-D","resource":"smt standard","answerQuantity":1,"operationQuantity":5,"loadQuantity":-1}
[resource] ask {"demand":null,"operation":"standard process SENSOR-D","resource":"functional test","start":"2026-01-29T23:10:35","end":"2026-01-30T18:00:00"}
[resource] input {"operation":"standard process SENSOR-D","resource":"functional test","questionQuantity":-1,"operationQuantity":5,"loadQuantity":-1}
[resource] candidate {"demand":null,"start":"2026-01-29T23:10:35","end":"2026-01-30T18:00:00","feasible":true}
[resource] answer {"operation":"standard process SENSOR-D","resource":"functional test","answerQuantity":1,"operationQuantity":5,"loadQuantity":-1}
[buffer] ask {"demand":null,"buffer":"microcontroller standard","requested":5,"date":"2026-01-29T23:10:35","onhand":151}
[buffer] answer {"demand":null,"buffer":"microcontroller standard","requested":5,"remainingShortage":0,"quantity":5,"date":"2030-12-31T00:00:00","plan":null}
[buffer] ask {"demand":null,"buffer":"sensor die","requested":5,"date":"2026-01-29T23:10:35","onhand":128}
[buffer] answer {"demand":null,"buffer":"sensor die","requested":5,"remainingShortage":0,"quantity":5,"date":"2030-12-31T00:00:00","plan":null}
[operation] answer {"demand":null,"operation":"standard process SENSOR-D","quantity":5,"start":"2026-01-29T23:10:35","end":"2026-01-30T18:00:00"}
[operation] alternate-segment {"operation":"select process SENSOR-D","alternate":"standard process SENSOR-D","quantity":5,"remainingQuantity":0,"start":"2026-01-29T23:10:35","end":"2026-01-30T18:00:00"}
[operation] alternate-answer {"operation":"select process SENSOR-D","quantity":5,"remainingQuantity":0,"nextDate":"2026-01-31T00:00:00"}
[buffer] replenish {"buffer":"sensor D","iteration":0,"requested":5,"replenished":5,"producerDate":"2026-01-31T00:00:00","eventCountBefore":5,"eventCountAfter":6,"remaining":0}
[buffer] answer {"demand":null,"buffer":"sensor D","requested":5,"remainingShortage":0,"quantity":5,"date":"2030-12-31T00:00:00","plan":"OperationPlan"}
[operation] answer {"demand":"electronics order 048 SENSOR-D","operation":"ship SENSOR-D","quantity":5,"start":"2026-01-30T18:00:00","end":"2026-01-30T20:00:00"}
[demand] reply {"demand":"electronics order 048 SENSOR-D","attempt":1,"result":true,"quantity":5,"date":"2030-12-31T00:00:00"}
[demand] attempt {"demand":"electronics order 004 SENSOR-D","attempt":1,"quantity":3,"requestDate":"2026-01-19T20:00:00","lastDate":"2030-12-31T00:00:00"}
[operation] ask {"demand":"electronics order 004 SENSOR-D","operation":"ship SENSOR-D","quantity":3,"operationQuantity":3,"end":"2026-01-19T20:00:00","operationEnd":"2026-01-19T20:00:00"}
[buffer] ask {"demand":null,"buffer":"sensor D","requested":3,"date":"2026-01-19T18:00:00","onhand":0}
[buffer] shortage {"buffer":"sensor D","iteration":0,"date":"2026-01-19T18:00:00","onhand":-3,"shortage":3}
[operation] alternate-ask {"demand":null,"operation":"select process SENSOR-D","quantity":3,"end":"2026-01-19T18:00:00","alternates":["fast process SENSOR-D","standard process SENSOR-D"]}
[operation] alternate-try {"operation":"select process SENSOR-D","alternate":"fast process SENSOR-D","remainingQuantity":3,"childQuantity":3}
[operation] ask {"demand":null,"operation":"fast process SENSOR-D","quantity":3,"operationQuantity":3,"end":"2026-01-19T18:00:00","operationEnd":"2026-01-19T18:00:00"}
[operation] fixedtime-incomplete {"operation":"fast process SENSOR-D","quantity":3,"q":3,"preferEnd":true,"later":false,"forward":false,"efficiency":1.15,"requestedStart":"1971-01-01T00:00:00","requestedEnd":"2026-01-19T18:00:00","productionWanted":34435,"productionActual":34435,"productionStart":"2026-01-19T08:26:05","productionEnd":"2026-01-19T18:00:00","setupRequired":true,"expectedSetup":3130.434782608696,"setupActual":3130,"setupStart":"2026-01-19T07:33:55","setupEnd":"2026-01-19T08:26:05","setupResource":"smt highspeed","setupRule":true,"resources":[{"resource":"smt highspeed","quantity":1,"start":true},{"resource":"smt highspeed","quantity":-1,"start":false}]}
[resource] ask {"demand":null,"operation":"fast process SENSOR-D","resource":"smt highspeed","start":"2026-01-19T07:00:00","end":"2026-01-19T18:00:00"}
[resource] input {"operation":"fast process SENSOR-D","resource":"smt highspeed","questionQuantity":-1,"operationQuantity":3,"loadQuantity":-1}
[resource] candidate {"demand":null,"start":"2026-01-19T07:00:00","end":"2026-01-19T18:00:00","feasible":true}
[resource] answer {"operation":"fast process SENSOR-D","resource":"smt highspeed","answerQuantity":1,"operationQuantity":3,"loadQuantity":-1}
[load] resource-before-assignment {"operation":"fast process SENSOR-D","load":"","resource":"ict senior","originalQuantity":3,"plannedQuantity":3,"loadQuantity":-1}
[load] resource-after-assignment {"operation":"fast process SENSOR-D","load":"","resource":"ict senior","plannedQuantity":3,"loadQuantity":-1}
[operation] fixedtime-incomplete {"operation":"fast process SENSOR-D","quantity":3,"q":3,"preferEnd":true,"later":false,"forward":false,"efficiency":1.1,"requestedStart":"1971-01-01T00:00:00","requestedEnd":"2026-01-19T18:00:00","productionWanted":36000,"productionActual":36000,"productionStart":"2026-01-19T08:00:00","productionEnd":"2026-01-19T18:00:00","setupRequired":true,"expectedSetup":3272.7272727272725,"setupActual":3273,"setupStart":"2026-01-19T07:05:27","setupEnd":"2026-01-19T08:00:00","setupResource":"smt highspeed","setupRule":true,"resources":[{"resource":"smt highspeed","quantity":1,"start":true},{"resource":"smt highspeed","quantity":-1,"start":false},{"resource":"ict senior","quantity":1,"start":true},{"resource":"ict senior","quantity":-1,"start":false}]}
[resource] ask {"demand":null,"operation":"fast process SENSOR-D","resource":"ict senior","start":"2026-01-19T08:00:00","end":"2026-01-19T18:00:00"}
[resource] input {"operation":"fast process SENSOR-D","resource":"ict senior","questionQuantity":0,"operationQuantity":0,"loadQuantity":0}
[resource] candidate {"demand":null,"start":"2026-01-19T08:00:00","end":"2026-01-19T18:00:00","feasible":true}
[resource] answer {"operation":"fast process SENSOR-D","resource":"ict senior","answerQuantity":0,"operationQuantity":0,"loadQuantity":0}
[load] resource-trial {"operation":"fast process SENSOR-D","load":"","resource":"ict senior","answerQuantity":0,"plannedQuantity":0,"skillPriority":1,"answerDate":"2026-01-19T18:00:00"}
[load] resource-before-assignment {"operation":"fast process SENSOR-D","load":"","resource":"ict regular","originalQuantity":3,"plannedQuantity":3,"loadQuantity":-1}
[operation] fixedtime-incomplete {"operation":"fast process SENSOR-D","quantity":3,"q":3,"preferEnd":true,"later":false,"forward":false,"efficiency":0.95,"requestedStart":"1971-01-01T00:00:00","requestedEnd":"2026-01-19T18:00:00","productionWanted":41684,"productionActual":41684,"productionStart":"2026-01-19T06:25:16","productionEnd":"2026-01-19T18:00:00","setupRequired":true,"expectedSetup":3789.4736842105267,"setupActual":3789,"setupStart":"2026-01-19T05:22:07","setupEnd":"2026-01-19T06:25:16","setupResource":"smt highspeed","setupRule":true,"resources":[{"resource":"smt highspeed","quantity":1,"start":true},{"resource":"smt highspeed","quantity":-1,"start":false},{"resource":"ict regular","quantity":1,"start":true},{"resource":"ict regular","quantity":-1,"start":false}]}
[load] resource-after-assignment {"operation":"fast process SENSOR-D","load":"","resource":"ict regular","plannedQuantity":0,"loadQuantity":0}
[resource] ask {"demand":null,"operation":"fast process SENSOR-D","resource":"ict regular","start":"2026-01-19T06:25:16","end":"2026-01-19T18:00:00"}
[resource] input {"operation":"fast process SENSOR-D","resource":"ict regular","questionQuantity":0,"operationQuantity":0,"loadQuantity":0}
[resource] candidate {"demand":null,"start":"2026-01-19T06:25:16","end":"2026-01-19T18:00:00","feasible":true}
[resource] answer {"operation":"fast process SENSOR-D","resource":"ict regular","answerQuantity":0,"operationQuantity":0,"loadQuantity":0}
[load] resource-trial {"operation":"fast process SENSOR-D","load":"","resource":"ict regular","answerQuantity":0,"plannedQuantity":0,"skillPriority":2,"answerDate":"2026-01-19T18:00:00"}
[load] resource-rejected {"operation":"fast process SENSOR-D","load":"","candidateCount":3,"qualifiedResourceExists":true,"minimumNextDate":"2026-01-19T18:00:00"}
[operation] capacity-reject {"demand":null,"operation":"fast process SENSOR-D","start":"2026-01-19T06:25:16","end":"2026-01-19T18:00:00","answerQuantity":0,"answerDate":"2026-01-19T18:00:00"}
[operation] alternate-reject {"operation":"select process SENSOR-D","alternate":"fast process SENSOR-D","quantity":0,"nextDate":"2026-01-20T00:00:00"}
[operation] alternate-try {"operation":"select process SENSOR-D","alternate":"standard process SENSOR-D","remainingQuantity":3,"childQuantity":3}
[operation] ask {"demand":null,"operation":"standard process SENSOR-D","quantity":3,"operationQuantity":3,"end":"2026-01-19T18:00:00","operationEnd":"2026-01-19T18:00:00"}
[resource] ask {"demand":null,"operation":"standard process SENSOR-D","resource":"smt standard","start":"2026-01-18T23:10:35","end":"2026-01-19T18:00:00"}
[resource] input {"operation":"standard process SENSOR-D","resource":"smt standard","questionQuantity":-1,"operationQuantity":3,"loadQuantity":-1}
[resource] candidate {"demand":null,"start":"2026-01-18T23:10:35","end":"2026-01-19T18:00:00","feasible":true}
[resource] answer {"operation":"standard process SENSOR-D","resource":"smt standard","answerQuantity":1,"operationQuantity":3,"loadQuantity":-1}
[resource] ask {"demand":null,"operation":"standard process SENSOR-D","resource":"functional test","start":"2026-01-18T23:10:35","end":"2026-01-19T18:00:00"}
[resource] input {"operation":"standard process SENSOR-D","resource":"functional test","questionQuantity":-1,"operationQuantity":3,"loadQuantity":-1}
[resource] candidate {"demand":null,"start":"2026-01-18T23:10:35","end":"2026-01-19T18:00:00","feasible":true}
[resource] answer {"operation":"standard process SENSOR-D","resource":"functional test","answerQuantity":1,"operationQuantity":3,"loadQuantity":-1}
[buffer] ask {"demand":null,"buffer":"microcontroller standard","requested":3,"date":"2026-01-18T23:10:35","onhand":173}
[buffer] answer {"demand":null,"buffer":"microcontroller standard","requested":3,"remainingShortage":0,"quantity":3,"date":"2030-12-31T00:00:00","plan":null}
[buffer] ask {"demand":null,"buffer":"sensor die","requested":3,"date":"2026-01-18T23:10:35","onhand":136}
[buffer] answer {"demand":null,"buffer":"sensor die","requested":3,"remainingShortage":0,"quantity":3,"date":"2030-12-31T00:00:00","plan":null}
[operation] answer {"demand":null,"operation":"standard process SENSOR-D","quantity":3,"start":"2026-01-18T23:10:35","end":"2026-01-19T18:00:00"}
[operation] alternate-segment {"operation":"select process SENSOR-D","alternate":"standard process SENSOR-D","quantity":3,"remainingQuantity":0,"start":"2026-01-18T23:10:35","end":"2026-01-19T18:00:00"}
[operation] alternate-answer {"operation":"select process SENSOR-D","quantity":3,"remainingQuantity":0,"nextDate":"2026-01-20T00:00:00"}
[buffer] replenish {"buffer":"sensor D","iteration":0,"requested":3,"replenished":3,"producerDate":"2026-01-20T00:00:00","eventCountBefore":7,"eventCountAfter":8,"remaining":0}
[buffer] answer {"demand":null,"buffer":"sensor D","requested":3,"remainingShortage":0,"quantity":3,"date":"2030-12-31T00:00:00","plan":"OperationPlan"}
[operation] answer {"demand":"electronics order 004 SENSOR-D","operation":"ship SENSOR-D","quantity":3,"start":"2026-01-19T18:00:00","end":"2026-01-19T20:00:00"}
[demand] reply {"demand":"electronics order 004 SENSOR-D","attempt":1,"result":true,"quantity":3,"date":"2030-12-31T00:00:00"}
[demand] attempt {"demand":"electronics order 019 SENSOR-C","attempt":1,"quantity":1,"requestDate":"2026-01-23T14:00:00","lastDate":"2030-12-31T00:00:00"}
[operation] ask {"demand":"electronics order 019 SENSOR-C","operation":"ship SENSOR-C","quantity":1,"operationQuantity":1,"end":"2026-01-23T14:00:00","operationEnd":"2026-01-23T14:00:00"}
[buffer] ask {"demand":null,"buffer":"sensor C","requested":1,"date":"2026-01-23T12:00:00","onhand":4}
[buffer] shortage {"buffer":"sensor C","iteration":0,"date":"2026-01-23T12:00:00","onhand":-1,"shortage":1}
[operation] alternate-ask {"demand":null,"operation":"select process SENSOR-C","quantity":1,"end":"2026-01-23T12:00:00","alternates":["fast process SENSOR-C","standard process SENSOR-C"]}
[operation] alternate-try {"operation":"select process SENSOR-C","alternate":"fast process SENSOR-C","remainingQuantity":1,"childQuantity":1}
[operation] ask {"demand":null,"operation":"fast process SENSOR-C","quantity":1,"operationQuantity":1,"end":"2026-01-23T12:00:00","operationEnd":"2026-01-23T12:00:00"}
[operation] fixedtime-incomplete {"operation":"fast process SENSOR-C","quantity":1,"q":1,"preferEnd":true,"later":false,"forward":false,"efficiency":1.15,"requestedStart":"1971-01-01T00:00:00","requestedEnd":"2026-01-23T12:00:00","productionWanted":31304,"productionActual":31304,"productionStart":"2026-01-23T03:18:16","productionEnd":"2026-01-23T12:00:00","setupRequired":true,"expectedSetup":3130.434782608696,"setupActual":3130,"setupStart":"2026-01-23T02:26:06","setupEnd":"2026-01-23T03:18:16","setupResource":"smt highspeed","setupRule":true,"resources":[{"resource":"smt highspeed","quantity":1,"start":true},{"resource":"smt highspeed","quantity":-1,"start":false}]}
[resource] ask {"demand":null,"operation":"fast process SENSOR-C","resource":"smt highspeed","start":"2026-01-23T01:54:33","end":"2026-01-23T12:00:00"}
[resource] input {"operation":"fast process SENSOR-C","resource":"smt highspeed","questionQuantity":-1,"operationQuantity":1,"loadQuantity":-1}
[resource] candidate {"demand":null,"start":"2026-01-23T01:54:33","end":"2026-01-23T12:00:00","feasible":true}
[resource] answer {"operation":"fast process SENSOR-C","resource":"smt highspeed","answerQuantity":1,"operationQuantity":1,"loadQuantity":-1}
[load] resource-before-assignment {"operation":"fast process SENSOR-C","load":"","resource":"ict senior","originalQuantity":1,"plannedQuantity":1,"loadQuantity":-1}
[load] resource-after-assignment {"operation":"fast process SENSOR-C","load":"","resource":"ict senior","plannedQuantity":1,"loadQuantity":-1}
[operation] fixedtime-incomplete {"operation":"fast process SENSOR-C","quantity":1,"q":1,"preferEnd":true,"later":false,"forward":false,"efficiency":1.1,"requestedStart":"1971-01-01T00:00:00","requestedEnd":"2026-01-23T12:00:00","productionWanted":32727,"productionActual":32727,"productionStart":"2026-01-23T02:54:33","productionEnd":"2026-01-23T12:00:00","setupRequired":true,"expectedSetup":3272.7272727272725,"setupActual":3273,"setupStart":"2026-01-23T02:00:00","setupEnd":"2026-01-23T02:54:33","setupResource":"smt highspeed","setupRule":true,"resources":[{"resource":"smt highspeed","quantity":1,"start":true},{"resource":"smt highspeed","quantity":-1,"start":false},{"resource":"ict senior","quantity":1,"start":true},{"resource":"ict senior","quantity":-1,"start":false}]}
[resource] ask {"demand":null,"operation":"fast process SENSOR-C","resource":"ict senior","start":"2026-01-23T02:54:33","end":"2026-01-23T12:00:00"}
[resource] input {"operation":"fast process SENSOR-C","resource":"ict senior","questionQuantity":0,"operationQuantity":0,"loadQuantity":0}
[resource] candidate {"demand":null,"start":"2026-01-23T02:54:33","end":"2026-01-23T12:00:00","feasible":true}
[resource] answer {"operation":"fast process SENSOR-C","resource":"ict senior","answerQuantity":0,"operationQuantity":0,"loadQuantity":0}
[load] resource-trial {"operation":"fast process SENSOR-C","load":"","resource":"ict senior","answerQuantity":0,"plannedQuantity":0,"skillPriority":1,"answerDate":"2026-01-23T12:00:00"}
[load] resource-before-assignment {"operation":"fast process SENSOR-C","load":"","resource":"ict regular","originalQuantity":1,"plannedQuantity":1,"loadQuantity":-1}
[operation] fixedtime-incomplete {"operation":"fast process SENSOR-C","quantity":1,"q":1,"preferEnd":true,"later":false,"forward":false,"efficiency":0.95,"requestedStart":"1971-01-01T00:00:00","requestedEnd":"2026-01-23T12:00:00","productionWanted":37895,"productionActual":37895,"productionStart":"2026-01-23T01:28:25","productionEnd":"2026-01-23T12:00:00","setupRequired":true,"expectedSetup":3789.4736842105267,"setupActual":3789,"setupStart":"2026-01-23T00:25:16","setupEnd":"2026-01-23T01:28:25","setupResource":"smt highspeed","setupRule":true,"resources":[{"resource":"smt highspeed","quantity":1,"start":true},{"resource":"smt highspeed","quantity":-1,"start":false},{"resource":"ict regular","quantity":1,"start":true},{"resource":"ict regular","quantity":-1,"start":false}]}
[load] resource-after-assignment {"operation":"fast process SENSOR-C","load":"","resource":"ict regular","plannedQuantity":0,"loadQuantity":0}
[resource] ask {"demand":null,"operation":"fast process SENSOR-C","resource":"ict regular","start":"2026-01-23T01:28:25","end":"2026-01-23T12:00:00"}
[resource] input {"operation":"fast process SENSOR-C","resource":"ict regular","questionQuantity":0,"operationQuantity":0,"loadQuantity":0}
[resource] candidate {"demand":null,"start":"2026-01-23T01:28:25","end":"2026-01-23T12:00:00","feasible":true}
[resource] answer {"operation":"fast process SENSOR-C","resource":"ict regular","answerQuantity":0,"operationQuantity":0,"loadQuantity":0}
[load] resource-trial {"operation":"fast process SENSOR-C","load":"","resource":"ict regular","answerQuantity":0,"plannedQuantity":0,"skillPriority":2,"answerDate":"2026-01-23T12:00:00"}
[load] resource-rejected {"operation":"fast process SENSOR-C","load":"","candidateCount":3,"qualifiedResourceExists":true,"minimumNextDate":"2026-01-23T12:00:00"}
[operation] capacity-reject {"demand":null,"operation":"fast process SENSOR-C","start":"2026-01-23T01:28:25","end":"2026-01-23T12:00:00","answerQuantity":0,"answerDate":"2026-01-23T12:00:00"}
[operation] alternate-reject {"operation":"select process SENSOR-C","alternate":"fast process SENSOR-C","quantity":0,"nextDate":"2026-01-23T18:00:00"}
[operation] alternate-try {"operation":"select process SENSOR-C","alternate":"standard process SENSOR-C","remainingQuantity":1,"childQuantity":1}
[operation] ask {"demand":null,"operation":"standard process SENSOR-C","quantity":1,"operationQuantity":1,"end":"2026-01-23T12:00:00","operationEnd":"2026-01-23T12:00:00"}
[operation] fixedtime-incomplete {"operation":"standard process SENSOR-C","quantity":1,"q":1,"preferEnd":true,"later":false,"forward":false,"efficiency":0.85,"requestedStart":"1971-01-01T00:00:00","requestedEnd":"2026-01-23T12:00:00","productionWanted":63529,"productionActual":63529,"productionStart":"2026-01-22T18:21:11","productionEnd":"2026-01-23T12:00:00","setupRequired":true,"expectedSetup":12705.882352941177,"setupActual":12706,"setupStart":"2026-01-22T14:49:25","setupEnd":"2026-01-22T18:21:11","setupResource":"smt standard","setupRule":true,"resources":[{"resource":"smt standard","quantity":1,"start":true},{"resource":"smt standard","quantity":-1,"start":false}]}
[resource] ask {"demand":null,"operation":"standard process SENSOR-C","resource":"smt standard","start":"2026-01-22T15:21:11","end":"2026-01-23T12:00:00"}
[resource] input {"operation":"standard process SENSOR-C","resource":"smt standard","questionQuantity":-1,"operationQuantity":1,"loadQuantity":-1}
[resource] candidate {"demand":null,"start":"2026-01-22T15:21:11","end":"2026-01-23T12:00:00","feasible":true}
[resource] answer {"operation":"standard process SENSOR-C","resource":"smt standard","answerQuantity":1,"operationQuantity":1,"loadQuantity":-1}
[resource] ask {"demand":null,"operation":"standard process SENSOR-C","resource":"functional test","start":"2026-01-22T15:21:11","end":"2026-01-23T12:00:00"}
[resource] input {"operation":"standard process SENSOR-C","resource":"functional test","questionQuantity":-1,"operationQuantity":1,"loadQuantity":-1}
[resource] candidate {"demand":null,"start":"2026-01-22T15:21:11","end":"2026-01-23T12:00:00","feasible":true}
[resource] answer {"operation":"standard process SENSOR-C","resource":"functional test","answerQuantity":1,"operationQuantity":1,"loadQuantity":-1}
[buffer] ask {"demand":null,"buffer":"microcontroller standard","requested":1,"date":"2026-01-22T18:21:11","onhand":160}
[buffer] answer {"demand":null,"buffer":"microcontroller standard","requested":1,"remainingShortage":0,"quantity":1,"date":"2030-12-31T00:00:00","plan":null}
[buffer] ask {"demand":null,"buffer":"sensor die","requested":1,"date":"2026-01-22T18:21:11","onhand":130}
[buffer] answer {"demand":null,"buffer":"sensor die","requested":1,"remainingShortage":0,"quantity":1,"date":"2030-12-31T00:00:00","plan":null}
[operation] answer {"demand":null,"operation":"standard process SENSOR-C","quantity":1,"start":"2026-01-22T15:21:11","end":"2026-01-23T12:00:00"}
[operation] alternate-segment {"operation":"select process SENSOR-C","alternate":"standard process SENSOR-C","quantity":1,"remainingQuantity":0,"start":"2026-01-22T15:21:11","end":"2026-01-23T12:00:00"}
[operation] alternate-answer {"operation":"select process SENSOR-C","quantity":1,"remainingQuantity":0,"nextDate":"2026-01-23T18:00:00"}
[buffer] replenish {"buffer":"sensor C","iteration":0,"requested":1,"replenished":1,"producerDate":"2026-01-23T18:00:00","eventCountBefore":7,"eventCountAfter":8,"remaining":0}
[buffer] answer {"demand":null,"buffer":"sensor C","requested":1,"remainingShortage":0,"quantity":1,"date":"2030-12-31T00:00:00","plan":"OperationPlan"}
[operation] answer {"demand":"electronics order 019 SENSOR-C","operation":"ship SENSOR-C","quantity":1,"start":"2026-01-23T12:00:00","end":"2026-01-23T14:00:00"}
[demand] reply {"demand":"electronics order 019 SENSOR-C","attempt":1,"result":true,"quantity":1,"date":"2030-12-31T00:00:00"}
[demand] attempt {"demand":"electronics order 034 CTRL-B","attempt":1,"quantity":3,"requestDate":"2026-01-27T08:00:00","lastDate":"2030-12-31T00:00:00"}
[operation] ask {"demand":"electronics order 034 CTRL-B","operation":"ship CTRL-B","quantity":3,"operationQuantity":3,"end":"2026-01-27T08:00:00","operationEnd":"2026-01-27T08:00:00"}
[buffer] ask {"demand":null,"buffer":"controller B","requested":3,"date":"2026-01-27T06:00:00","onhand":5}
[buffer] shortage {"buffer":"controller B","iteration":0,"date":"2026-01-27T06:00:00","onhand":-3,"shortage":3}
[operation] alternate-ask {"demand":null,"operation":"select process CTRL-B","quantity":3,"end":"2026-01-27T06:00:00","alternates":["fast process CTRL-B","standard process CTRL-B"]}
[operation] alternate-try {"operation":"select process CTRL-B","alternate":"fast process CTRL-B","remainingQuantity":3,"childQuantity":3}
[operation] ask {"demand":null,"operation":"fast process CTRL-B","quantity":3,"operationQuantity":3,"end":"2026-01-27T06:00:00","operationEnd":"2026-01-27T06:00:00"}
[operation] fixedtime-incomplete {"operation":"fast process CTRL-B","quantity":3,"q":3,"preferEnd":true,"later":false,"forward":false,"efficiency":1.15,"requestedStart":"1971-01-01T00:00:00","requestedEnd":"2026-01-27T06:00:00","productionWanted":28174,"productionActual":28174,"productionStart":"2026-01-26T22:10:26","productionEnd":"2026-01-27T06:00:00","setupRequired":true,"expectedSetup":3130.434782608696,"setupActual":3130,"setupStart":"2026-01-26T21:18:16","setupEnd":"2026-01-26T22:10:26","setupResource":"smt highspeed","setupRule":true,"resources":[{"resource":"smt highspeed","quantity":1,"start":true},{"resource":"smt highspeed","quantity":-1,"start":false}]}
[resource] ask {"demand":null,"operation":"fast process CTRL-B","resource":"smt highspeed","start":"2026-01-26T20:49:05","end":"2026-01-27T06:00:00"}
[resource] input {"operation":"fast process CTRL-B","resource":"smt highspeed","questionQuantity":-1,"operationQuantity":3,"loadQuantity":-1}
[resource] candidate {"demand":null,"start":"2026-01-26T20:49:05","end":"2026-01-27T06:00:00","feasible":true}
[resource] answer {"operation":"fast process CTRL-B","resource":"smt highspeed","answerQuantity":1,"operationQuantity":3,"loadQuantity":-1}
[load] resource-before-assignment {"operation":"fast process CTRL-B","load":"","resource":"ict senior","originalQuantity":3,"plannedQuantity":3,"loadQuantity":-1}
[load] resource-after-assignment {"operation":"fast process CTRL-B","load":"","resource":"ict senior","plannedQuantity":3,"loadQuantity":-1}
[operation] fixedtime-incomplete {"operation":"fast process CTRL-B","quantity":3,"q":3,"preferEnd":true,"later":false,"forward":false,"efficiency":1.1,"requestedStart":"1971-01-01T00:00:00","requestedEnd":"2026-01-27T06:00:00","productionWanted":29455,"productionActual":29455,"productionStart":"2026-01-26T21:49:05","productionEnd":"2026-01-27T06:00:00","setupRequired":true,"expectedSetup":3272.7272727272725,"setupActual":3273,"setupStart":"2026-01-26T20:54:32","setupEnd":"2026-01-26T21:49:05","setupResource":"smt highspeed","setupRule":true,"resources":[{"resource":"smt highspeed","quantity":1,"start":true},{"resource":"smt highspeed","quantity":-1,"start":false},{"resource":"ict senior","quantity":1,"start":true},{"resource":"ict senior","quantity":-1,"start":false}]}
[resource] ask {"demand":null,"operation":"fast process CTRL-B","resource":"ict senior","start":"2026-01-26T21:49:05","end":"2026-01-27T06:00:00"}
[resource] input {"operation":"fast process CTRL-B","resource":"ict senior","questionQuantity":0,"operationQuantity":0,"loadQuantity":0}
[resource] candidate {"demand":null,"start":"2026-01-26T21:49:05","end":"2026-01-27T06:00:00","feasible":true}
[resource] answer {"operation":"fast process CTRL-B","resource":"ict senior","answerQuantity":0,"operationQuantity":0,"loadQuantity":0}
[load] resource-trial {"operation":"fast process CTRL-B","load":"","resource":"ict senior","answerQuantity":0,"plannedQuantity":0,"skillPriority":1,"answerDate":"2026-01-27T06:00:00"}
[load] resource-before-assignment {"operation":"fast process CTRL-B","load":"","resource":"ict regular","originalQuantity":3,"plannedQuantity":3,"loadQuantity":-1}
[operation] fixedtime-incomplete {"operation":"fast process CTRL-B","quantity":3,"q":3,"preferEnd":true,"later":false,"forward":false,"efficiency":0.95,"requestedStart":"1971-01-01T00:00:00","requestedEnd":"2026-01-27T06:00:00","productionWanted":34105,"productionActual":34105,"productionStart":"2026-01-26T20:31:35","productionEnd":"2026-01-27T06:00:00","setupRequired":true,"expectedSetup":3789.4736842105267,"setupActual":3789,"setupStart":"2026-01-26T19:28:26","setupEnd":"2026-01-26T20:31:35","setupResource":"smt highspeed","setupRule":true,"resources":[{"resource":"smt highspeed","quantity":1,"start":true},{"resource":"smt highspeed","quantity":-1,"start":false},{"resource":"ict regular","quantity":1,"start":true},{"resource":"ict regular","quantity":-1,"start":false}]}
[load] resource-after-assignment {"operation":"fast process CTRL-B","load":"","resource":"ict regular","plannedQuantity":0,"loadQuantity":0}
[resource] ask {"demand":null,"operation":"fast process CTRL-B","resource":"ict regular","start":"2026-01-26T20:31:35","end":"2026-01-27T06:00:00"}
[resource] input {"operation":"fast process CTRL-B","resource":"ict regular","questionQuantity":0,"operationQuantity":0,"loadQuantity":0}
[resource] candidate {"demand":null,"start":"2026-01-26T20:31:35","end":"2026-01-27T06:00:00","feasible":true}
[resource] answer {"operation":"fast process CTRL-B","resource":"ict regular","answerQuantity":0,"operationQuantity":0,"loadQuantity":0}
[load] resource-trial {"operation":"fast process CTRL-B","load":"","resource":"ict regular","answerQuantity":0,"plannedQuantity":0,"skillPriority":2,"answerDate":"2026-01-27T06:00:00"}
[load] resource-rejected {"operation":"fast process CTRL-B","load":"","candidateCount":3,"qualifiedResourceExists":true,"minimumNextDate":"2026-01-27T06:00:00"}
[operation] capacity-reject {"demand":null,"operation":"fast process CTRL-B","start":"2026-01-26T20:31:35","end":"2026-01-27T06:00:00","answerQuantity":0,"answerDate":"2026-01-27T06:00:00"}
[operation] alternate-reject {"operation":"select process CTRL-B","alternate":"fast process CTRL-B","quantity":0,"nextDate":"2026-01-27T12:00:00"}
[operation] alternate-try {"operation":"select process CTRL-B","alternate":"standard process CTRL-B","remainingQuantity":3,"childQuantity":3}
[operation] ask {"demand":null,"operation":"standard process CTRL-B","quantity":3,"operationQuantity":3,"end":"2026-01-27T06:00:00","operationEnd":"2026-01-27T06:00:00"}
[resource] ask {"demand":null,"operation":"standard process CTRL-B","resource":"smt standard","start":"2026-01-26T13:31:46","end":"2026-01-27T06:00:00"}
[resource] input {"operation":"standard process CTRL-B","resource":"smt standard","questionQuantity":-1,"operationQuantity":3,"loadQuantity":-1}
[resource] candidate {"demand":null,"start":"2026-01-26T13:31:46","end":"2026-01-27T06:00:00","feasible":true}
[resource] answer {"operation":"standard process CTRL-B","resource":"smt standard","answerQuantity":1,"operationQuantity":3,"loadQuantity":-1}
[resource] ask {"demand":null,"operation":"standard process CTRL-B","resource":"functional test","start":"2026-01-26T13:31:46","end":"2026-01-27T06:00:00"}
[resource] input {"operation":"standard process CTRL-B","resource":"functional test","questionQuantity":-1,"operationQuantity":3,"loadQuantity":-1}
[resource] candidate {"demand":null,"start":"2026-01-26T13:31:46","end":"2026-01-27T06:00:00","feasible":true}
[resource] answer {"operation":"standard process CTRL-B","resource":"functional test","answerQuantity":1,"operationQuantity":3,"loadQuantity":-1}
[buffer] ask {"demand":null,"buffer":"microcontroller standard","requested":3,"date":"2026-01-26T13:31:46","onhand":152}
[buffer] answer {"demand":null,"buffer":"microcontroller standard","requested":3,"remainingShortage":0,"quantity":3,"date":"2030-12-31T00:00:00","plan":null}
[buffer] ask {"demand":null,"buffer":"pcb panel","requested":3,"date":"2026-01-26T13:31:46","onhand":226}
[buffer] answer {"demand":null,"buffer":"pcb panel","requested":3,"remainingShortage":0,"quantity":3,"date":"2030-12-31T00:00:00","plan":null}
[operation] answer {"demand":null,"operation":"standard process CTRL-B","quantity":3,"start":"2026-01-26T13:31:46","end":"2026-01-27T06:00:00"}
[operation] alternate-segment {"operation":"select process CTRL-B","alternate":"standard process CTRL-B","quantity":3,"remainingQuantity":0,"start":"2026-01-26T13:31:46","end":"2026-01-27T06:00:00"}
[operation] alternate-answer {"operation":"select process CTRL-B","quantity":3,"remainingQuantity":0,"nextDate":"2026-01-27T12:00:00"}
[buffer] replenish {"buffer":"controller B","iteration":0,"requested":3,"replenished":3,"producerDate":"2026-01-27T12:00:00","eventCountBefore":7,"eventCountAfter":8,"remaining":0}
[buffer] answer {"demand":null,"buffer":"controller B","requested":3,"remainingShortage":0,"quantity":3,"date":"2030-12-31T00:00:00","plan":"OperationPlan"}
[operation] answer {"demand":"electronics order 034 CTRL-B","operation":"ship CTRL-B","quantity":3,"start":"2026-01-27T06:00:00","end":"2026-01-27T08:00:00"}
[demand] reply {"demand":"electronics order 034 CTRL-B","attempt":1,"result":true,"quantity":3,"date":"2030-12-31T00:00:00"}
[demand] attempt {"demand":"electronics order 049 CTRL-A","attempt":1,"quantity":1,"requestDate":"2026-01-31T02:00:00","lastDate":"2030-12-31T00:00:00"}
[operation] ask {"demand":"electronics order 049 CTRL-A","operation":"ship CTRL-A","quantity":1,"operationQuantity":1,"end":"2026-01-31T02:00:00","operationEnd":"2026-01-31T02:00:00"}
[buffer] ask {"demand":null,"buffer":"controller A","requested":1,"date":"2026-01-31T00:00:00","onhand":4}
[buffer] shortage {"buffer":"controller A","iteration":0,"date":"2026-01-31T00:00:00","onhand":-1,"shortage":1}
[operation] alternate-ask {"demand":null,"operation":"select process CTRL-A","quantity":1,"end":"2026-01-31T00:00:00","alternates":["fast process CTRL-A","standard process CTRL-A"]}
[operation] alternate-try {"operation":"select process CTRL-A","alternate":"fast process CTRL-A","remainingQuantity":1,"childQuantity":1}
[operation] ask {"demand":null,"operation":"fast process CTRL-A","quantity":1,"operationQuantity":1,"end":"2026-01-31T00:00:00","operationEnd":"2026-01-31T00:00:00"}
[operation] fixedtime-incomplete {"operation":"fast process CTRL-A","quantity":1,"q":1,"preferEnd":true,"later":false,"forward":false,"efficiency":1.15,"requestedStart":"1971-01-01T00:00:00","requestedEnd":"2026-01-31T00:00:00","productionWanted":25043,"productionActual":25043,"productionStart":"2026-01-30T17:02:37","productionEnd":"2026-01-31T00:00:00","setupRequired":true,"expectedSetup":3130.434782608696,"setupActual":3130,"setupStart":"2026-01-30T16:10:27","setupEnd":"2026-01-30T17:02:37","setupResource":"smt highspeed","setupRule":true,"resources":[{"resource":"smt highspeed","quantity":1,"start":true},{"resource":"smt highspeed","quantity":-1,"start":false}]}
[resource] ask {"demand":null,"operation":"fast process CTRL-A","resource":"smt highspeed","start":"2026-01-30T15:43:38","end":"2026-01-31T00:00:00"}
[resource] input {"operation":"fast process CTRL-A","resource":"smt highspeed","questionQuantity":-1,"operationQuantity":1,"loadQuantity":-1}
[resource] candidate {"demand":null,"start":"2026-01-30T15:43:38","end":"2026-01-31T00:00:00","feasible":true}
[resource] answer {"operation":"fast process CTRL-A","resource":"smt highspeed","answerQuantity":1,"operationQuantity":1,"loadQuantity":-1}
[load] resource-before-assignment {"operation":"fast process CTRL-A","load":"","resource":"ict senior","originalQuantity":1,"plannedQuantity":1,"loadQuantity":-1}
[load] resource-after-assignment {"operation":"fast process CTRL-A","load":"","resource":"ict senior","plannedQuantity":1,"loadQuantity":-1}
[operation] fixedtime-incomplete {"operation":"fast process CTRL-A","quantity":1,"q":1,"preferEnd":true,"later":false,"forward":false,"efficiency":1.1,"requestedStart":"1971-01-01T00:00:00","requestedEnd":"2026-01-31T00:00:00","productionWanted":26182,"productionActual":26182,"productionStart":"2026-01-30T16:43:38","productionEnd":"2026-01-31T00:00:00","setupRequired":true,"expectedSetup":3272.7272727272725,"setupActual":3273,"setupStart":"2026-01-30T15:49:05","setupEnd":"2026-01-30T16:43:38","setupResource":"smt highspeed","setupRule":true,"resources":[{"resource":"smt highspeed","quantity":1,"start":true},{"resource":"smt highspeed","quantity":-1,"start":false},{"resource":"ict senior","quantity":1,"start":true},{"resource":"ict senior","quantity":-1,"start":false}]}
[resource] ask {"demand":null,"operation":"fast process CTRL-A","resource":"ict senior","start":"2026-01-30T16:43:38","end":"2026-01-31T00:00:00"}
[resource] input {"operation":"fast process CTRL-A","resource":"ict senior","questionQuantity":0,"operationQuantity":0,"loadQuantity":0}
[resource] candidate {"demand":null,"start":"2026-01-30T16:43:38","end":"2026-01-31T00:00:00","feasible":true}
[resource] answer {"operation":"fast process CTRL-A","resource":"ict senior","answerQuantity":0,"operationQuantity":0,"loadQuantity":0}
[load] resource-trial {"operation":"fast process CTRL-A","load":"","resource":"ict senior","answerQuantity":0,"plannedQuantity":0,"skillPriority":1,"answerDate":"2026-01-31T00:00:00"}
[load] resource-before-assignment {"operation":"fast process CTRL-A","load":"","resource":"ict regular","originalQuantity":1,"plannedQuantity":1,"loadQuantity":-1}
[operation] fixedtime-incomplete {"operation":"fast process CTRL-A","quantity":1,"q":1,"preferEnd":true,"later":false,"forward":false,"efficiency":0.95,"requestedStart":"1971-01-01T00:00:00","requestedEnd":"2026-01-31T00:00:00","productionWanted":30316,"productionActual":30316,"productionStart":"2026-01-30T15:34:44","productionEnd":"2026-01-31T00:00:00","setupRequired":true,"expectedSetup":3789.4736842105267,"setupActual":3789,"setupStart":"2026-01-30T14:31:35","setupEnd":"2026-01-30T15:34:44","setupResource":"smt highspeed","setupRule":true,"resources":[{"resource":"smt highspeed","quantity":1,"start":true},{"resource":"smt highspeed","quantity":-1,"start":false},{"resource":"ict regular","quantity":1,"start":true},{"resource":"ict regular","quantity":-1,"start":false}]}
[load] resource-after-assignment {"operation":"fast process CTRL-A","load":"","resource":"ict regular","plannedQuantity":0,"loadQuantity":0}
[resource] ask {"demand":null,"operation":"fast process CTRL-A","resource":"ict regular","start":"2026-01-30T15:34:44","end":"2026-01-31T00:00:00"}
[resource] input {"operation":"fast process CTRL-A","resource":"ict regular","questionQuantity":0,"operationQuantity":0,"loadQuantity":0}
[resource] candidate {"demand":null,"start":"2026-01-30T15:34:44","end":"2026-01-31T00:00:00","feasible":true}
[resource] answer {"operation":"fast process CTRL-A","resource":"ict regular","answerQuantity":0,"operationQuantity":0,"loadQuantity":0}
[load] resource-trial {"operation":"fast process CTRL-A","load":"","resource":"ict regular","answerQuantity":0,"plannedQuantity":0,"skillPriority":2,"answerDate":"2026-01-31T00:00:00"}
[load] resource-rejected {"operation":"fast process CTRL-A","load":"","candidateCount":3,"qualifiedResourceExists":true,"minimumNextDate":"2026-01-31T00:00:00"}
[operation] capacity-reject {"demand":null,"operation":"fast process CTRL-A","start":"2026-01-30T15:34:44","end":"2026-01-31T00:00:00","answerQuantity":0,"answerDate":"2026-01-31T00:00:00"}
[operation] alternate-reject {"operation":"select process CTRL-A","alternate":"fast process CTRL-A","quantity":0,"nextDate":"2026-01-31T06:00:00"}
[operation] alternate-try {"operation":"select process CTRL-A","alternate":"standard process CTRL-A","remainingQuantity":1,"childQuantity":1}
[operation] ask {"demand":null,"operation":"standard process CTRL-A","quantity":1,"operationQuantity":1,"end":"2026-01-31T00:00:00","operationEnd":"2026-01-31T00:00:00"}
[operation] fixedtime-incomplete {"operation":"standard process CTRL-A","quantity":1,"q":1,"preferEnd":true,"later":false,"forward":false,"efficiency":0.85,"requestedStart":"1971-01-01T00:00:00","requestedEnd":"2026-01-31T00:00:00","productionWanted":55059,"productionActual":55059,"productionStart":"2026-01-30T08:42:21","productionEnd":"2026-01-31T00:00:00","setupRequired":true,"expectedSetup":8470.588235294117,"setupActual":8471,"setupStart":"2026-01-30T06:21:10","setupEnd":"2026-01-30T08:42:21","setupResource":"smt standard","setupRule":true,"resources":[{"resource":"smt standard","quantity":1,"start":true},{"resource":"smt standard","quantity":-1,"start":false}]}
[resource] ask {"demand":null,"operation":"standard process CTRL-A","resource":"smt standard","start":"2026-01-30T06:42:21","end":"2026-01-31T00:00:00"}
[resource] input {"operation":"standard process CTRL-A","resource":"smt standard","questionQuantity":-1,"operationQuantity":1,"loadQuantity":-1}
[resource] candidate {"demand":null,"start":"2026-01-30T06:42:21","end":"2026-01-31T00:00:00","feasible":true}
[resource] answer {"operation":"standard process CTRL-A","resource":"smt standard","answerQuantity":1,"operationQuantity":1,"loadQuantity":-1}
[resource] ask {"demand":null,"operation":"standard process CTRL-A","resource":"functional test","start":"2026-01-30T06:42:21","end":"2026-01-31T00:00:00"}
[resource] input {"operation":"standard process CTRL-A","resource":"functional test","questionQuantity":-1,"operationQuantity":1,"loadQuantity":-1}
[resource] candidate {"demand":null,"start":"2026-01-30T06:42:21","end":"2026-01-31T00:00:00","feasible":true}
[resource] answer {"operation":"standard process CTRL-A","resource":"functional test","answerQuantity":1,"operationQuantity":1,"loadQuantity":-1}
[buffer] ask {"demand":null,"buffer":"microcontroller standard","requested":1,"date":"2026-01-30T08:42:21","onhand":139}
[buffer] answer {"demand":null,"buffer":"microcontroller standard","requested":1,"remainingShortage":0,"quantity":1,"date":"2030-12-31T00:00:00","plan":null}
[buffer] ask {"demand":null,"buffer":"pcb panel","requested":1,"date":"2026-01-30T08:42:21","onhand":220}
[buffer] answer {"demand":null,"buffer":"pcb panel","requested":1,"remainingShortage":0,"quantity":1,"date":"2030-12-31T00:00:00","plan":null}
[operation] answer {"demand":null,"operation":"standard process CTRL-A","quantity":1,"start":"2026-01-30T06:42:21","end":"2026-01-31T00:00:00"}
[operation] alternate-segment {"operation":"select process CTRL-A","alternate":"standard process CTRL-A","quantity":1,"remainingQuantity":0,"start":"2026-01-30T06:42:21","end":"2026-01-31T00:00:00"}
[operation] alternate-answer {"operation":"select process CTRL-A","quantity":1,"remainingQuantity":0,"nextDate":"2026-01-31T06:00:00"}
[buffer] replenish {"buffer":"controller A","iteration":0,"requested":1,"replenished":1,"producerDate":"2026-01-31T06:00:00","eventCountBefore":7,"eventCountAfter":8,"remaining":0}
[buffer] answer {"demand":null,"buffer":"controller A","requested":1,"remainingShortage":0,"quantity":1,"date":"2030-12-31T00:00:00","plan":"OperationPlan"}
[operation] answer {"demand":"electronics order 049 CTRL-A","operation":"ship CTRL-A","quantity":1,"start":"2026-01-31T00:00:00","end":"2026-01-31T02:00:00"}
[demand] reply {"demand":"electronics order 049 CTRL-A","attempt":1,"result":true,"quantity":1,"date":"2030-12-31T00:00:00"}
[demand] attempt {"demand":"electronics order 005 CTRL-A","attempt":1,"quantity":2,"requestDate":"2026-01-20T02:00:00","lastDate":"2030-12-31T00:00:00"}
[operation] ask {"demand":"electronics order 005 CTRL-A","operation":"ship CTRL-A","quantity":2,"operationQuantity":2,"end":"2026-01-20T02:00:00","operationEnd":"2026-01-20T02:00:00"}
[buffer] ask {"demand":null,"buffer":"controller A","requested":2,"date":"2026-01-20T00:00:00","onhand":1}
[buffer] shortage {"buffer":"controller A","iteration":0,"date":"2026-01-20T00:00:00","onhand":-2,"shortage":2}
[operation] alternate-ask {"demand":null,"operation":"select process CTRL-A","quantity":2,"end":"2026-01-20T00:00:00","alternates":["fast process CTRL-A","standard process CTRL-A"]}
[operation] alternate-try {"operation":"select process CTRL-A","alternate":"fast process CTRL-A","remainingQuantity":2,"childQuantity":2}
[operation] ask {"demand":null,"operation":"fast process CTRL-A","quantity":2,"operationQuantity":2,"end":"2026-01-20T00:00:00","operationEnd":"2026-01-20T00:00:00"}
[operation] fixedtime-incomplete {"operation":"fast process CTRL-A","quantity":2,"q":2,"preferEnd":true,"later":false,"forward":false,"efficiency":1.15,"requestedStart":"1971-01-01T00:00:00","requestedEnd":"2026-01-20T00:00:00","productionWanted":25043,"productionActual":25043,"productionStart":"2026-01-19T17:02:37","productionEnd":"2026-01-20T00:00:00","setupRequired":true,"expectedSetup":3130.434782608696,"setupActual":3130,"setupStart":"2026-01-19T16:10:27","setupEnd":"2026-01-19T17:02:37","setupResource":"smt highspeed","setupRule":true,"resources":[{"resource":"smt highspeed","quantity":1,"start":true},{"resource":"smt highspeed","quantity":-1,"start":false}]}
[resource] ask {"demand":null,"operation":"fast process CTRL-A","resource":"smt highspeed","start":"2026-01-19T15:43:38","end":"2026-01-20T00:00:00"}
[resource] input {"operation":"fast process CTRL-A","resource":"smt highspeed","questionQuantity":-1,"operationQuantity":2,"loadQuantity":-1}
[resource] candidate {"demand":null,"start":"2026-01-19T15:43:38","end":"2026-01-20T00:00:00","feasible":true}
[resource] answer {"operation":"fast process CTRL-A","resource":"smt highspeed","answerQuantity":1,"operationQuantity":2,"loadQuantity":-1}
[load] resource-before-assignment {"operation":"fast process CTRL-A","load":"","resource":"ict senior","originalQuantity":2,"plannedQuantity":2,"loadQuantity":-1}
[load] resource-after-assignment {"operation":"fast process CTRL-A","load":"","resource":"ict senior","plannedQuantity":2,"loadQuantity":-1}
[operation] fixedtime-incomplete {"operation":"fast process CTRL-A","quantity":2,"q":2,"preferEnd":true,"later":false,"forward":false,"efficiency":1.1,"requestedStart":"1971-01-01T00:00:00","requestedEnd":"2026-01-20T00:00:00","productionWanted":26182,"productionActual":26182,"productionStart":"2026-01-19T16:43:38","productionEnd":"2026-01-20T00:00:00","setupRequired":true,"expectedSetup":3272.7272727272725,"setupActual":3273,"setupStart":"2026-01-19T15:49:05","setupEnd":"2026-01-19T16:43:38","setupResource":"smt highspeed","setupRule":true,"resources":[{"resource":"smt highspeed","quantity":1,"start":true},{"resource":"smt highspeed","quantity":-1,"start":false},{"resource":"ict senior","quantity":1,"start":true},{"resource":"ict senior","quantity":-1,"start":false}]}
[resource] ask {"demand":null,"operation":"fast process CTRL-A","resource":"ict senior","start":"2026-01-19T16:43:38","end":"2026-01-20T00:00:00"}
[resource] input {"operation":"fast process CTRL-A","resource":"ict senior","questionQuantity":0,"operationQuantity":0,"loadQuantity":0}
[resource] candidate {"demand":null,"start":"2026-01-19T16:43:38","end":"2026-01-20T00:00:00","feasible":true}
[resource] answer {"operation":"fast process CTRL-A","resource":"ict senior","answerQuantity":0,"operationQuantity":0,"loadQuantity":0}
[load] resource-trial {"operation":"fast process CTRL-A","load":"","resource":"ict senior","answerQuantity":0,"plannedQuantity":0,"skillPriority":1,"answerDate":"2026-01-20T00:00:00"}
[load] resource-before-assignment {"operation":"fast process CTRL-A","load":"","resource":"ict regular","originalQuantity":2,"plannedQuantity":2,"loadQuantity":-1}
[operation] fixedtime-incomplete {"operation":"fast process CTRL-A","quantity":2,"q":2,"preferEnd":true,"later":false,"forward":false,"efficiency":0.95,"requestedStart":"1971-01-01T00:00:00","requestedEnd":"2026-01-20T00:00:00","productionWanted":30316,"productionActual":30316,"productionStart":"2026-01-19T15:34:44","productionEnd":"2026-01-20T00:00:00","setupRequired":true,"expectedSetup":3789.4736842105267,"setupActual":3789,"setupStart":"2026-01-19T14:31:35","setupEnd":"2026-01-19T15:34:44","setupResource":"smt highspeed","setupRule":true,"resources":[{"resource":"smt highspeed","quantity":1,"start":true},{"resource":"smt highspeed","quantity":-1,"start":false},{"resource":"ict regular","quantity":1,"start":true},{"resource":"ict regular","quantity":-1,"start":false}]}
[load] resource-after-assignment {"operation":"fast process CTRL-A","load":"","resource":"ict regular","plannedQuantity":0,"loadQuantity":0}
[resource] ask {"demand":null,"operation":"fast process CTRL-A","resource":"ict regular","start":"2026-01-19T15:34:44","end":"2026-01-20T00:00:00"}
[resource] input {"operation":"fast process CTRL-A","resource":"ict regular","questionQuantity":0,"operationQuantity":0,"loadQuantity":0}
[resource] candidate {"demand":null,"start":"2026-01-19T15:34:44","end":"2026-01-20T00:00:00","feasible":true}
[resource] answer {"operation":"fast process CTRL-A","resource":"ict regular","answerQuantity":0,"operationQuantity":0,"loadQuantity":0}
[load] resource-trial {"operation":"fast process CTRL-A","load":"","resource":"ict regular","answerQuantity":0,"plannedQuantity":0,"skillPriority":2,"answerDate":"2026-01-20T00:00:00"}
[load] resource-rejected {"operation":"fast process CTRL-A","load":"","candidateCount":3,"qualifiedResourceExists":true,"minimumNextDate":"2026-01-20T00:00:00"}
[operation] capacity-reject {"demand":null,"operation":"fast process CTRL-A","start":"2026-01-19T15:34:44","end":"2026-01-20T00:00:00","answerQuantity":0,"answerDate":"2026-01-20T00:00:00"}
[operation] alternate-reject {"operation":"select process CTRL-A","alternate":"fast process CTRL-A","quantity":0,"nextDate":"2026-01-20T06:00:00"}
[operation] alternate-try {"operation":"select process CTRL-A","alternate":"standard process CTRL-A","remainingQuantity":2,"childQuantity":2}
[operation] ask {"demand":null,"operation":"standard process CTRL-A","quantity":2,"operationQuantity":2,"end":"2026-01-20T00:00:00","operationEnd":"2026-01-20T00:00:00"}
[operation] fixedtime-incomplete {"operation":"standard process CTRL-A","quantity":2,"q":2,"preferEnd":true,"later":false,"forward":false,"efficiency":0.85,"requestedStart":"1971-01-01T00:00:00","requestedEnd":"2026-01-20T00:00:00","productionWanted":55059,"productionActual":55059,"productionStart":"2026-01-19T08:42:21","productionEnd":"2026-01-20T00:00:00","setupRequired":true,"expectedSetup":8470.588235294117,"setupActual":8471,"setupStart":"2026-01-19T06:21:10","setupEnd":"2026-01-19T08:42:21","setupResource":"smt standard","setupRule":true,"resources":[{"resource":"smt standard","quantity":1,"start":true},{"resource":"smt standard","quantity":-1,"start":false}]}
[resource] ask {"demand":null,"operation":"standard process CTRL-A","resource":"smt standard","start":"2026-01-19T06:42:21","end":"2026-01-20T00:00:00"}
[resource] input {"operation":"standard process CTRL-A","resource":"smt standard","questionQuantity":-1,"operationQuantity":2,"loadQuantity":-1}
[resource] candidate {"demand":null,"start":"2026-01-19T06:42:21","end":"2026-01-20T00:00:00","feasible":true}
[resource] answer {"operation":"standard process CTRL-A","resource":"smt standard","answerQuantity":1,"operationQuantity":2,"loadQuantity":-1}
[resource] ask {"demand":null,"operation":"standard process CTRL-A","resource":"functional test","start":"2026-01-19T06:42:21","end":"2026-01-20T00:00:00"}
[resource] input {"operation":"standard process CTRL-A","resource":"functional test","questionQuantity":-1,"operationQuantity":2,"loadQuantity":-1}
[resource] candidate {"demand":null,"start":"2026-01-19T06:42:21","end":"2026-01-20T00:00:00","feasible":true}
[resource] answer {"operation":"standard process CTRL-A","resource":"functional test","answerQuantity":1,"operationQuantity":2,"loadQuantity":-1}
[buffer] ask {"demand":null,"buffer":"microcontroller standard","requested":2,"date":"2026-01-19T08:42:21","onhand":170}
[buffer] answer {"demand":null,"buffer":"microcontroller standard","requested":2,"remainingShortage":0,"quantity":2,"date":"2030-12-31T00:00:00","plan":null}
[buffer] ask {"demand":null,"buffer":"pcb panel","requested":2,"date":"2026-01-19T08:42:21","onhand":237}
[buffer] answer {"demand":null,"buffer":"pcb panel","requested":2,"remainingShortage":0,"quantity":2,"date":"2030-12-31T00:00:00","plan":null}
[operation] answer {"demand":null,"operation":"standard process CTRL-A","quantity":2,"start":"2026-01-19T06:42:21","end":"2026-01-20T00:00:00"}
[operation] alternate-segment {"operation":"select process CTRL-A","alternate":"standard process CTRL-A","quantity":2,"remainingQuantity":0,"start":"2026-01-19T06:42:21","end":"2026-01-20T00:00:00"}
[operation] alternate-answer {"operation":"select process CTRL-A","quantity":2,"remainingQuantity":0,"nextDate":"2026-01-20T06:00:00"}
[buffer] replenish {"buffer":"controller A","iteration":0,"requested":2,"replenished":2,"producerDate":"2026-01-20T06:00:00","eventCountBefore":9,"eventCountAfter":10,"remaining":0}
[buffer] answer {"demand":null,"buffer":"controller A","requested":2,"remainingShortage":0,"quantity":2,"date":"2030-12-31T00:00:00","plan":"OperationPlan"}
[operation] answer {"demand":"electronics order 005 CTRL-A","operation":"ship CTRL-A","quantity":2,"start":"2026-01-20T00:00:00","end":"2026-01-20T02:00:00"}
[demand] reply {"demand":"electronics order 005 CTRL-A","attempt":1,"result":true,"quantity":2,"date":"2030-12-31T00:00:00"}
[demand] attempt {"demand":"electronics order 020 SENSOR-D","attempt":1,"quantity":2,"requestDate":"2026-01-23T20:00:00","lastDate":"2030-12-31T00:00:00"}
[operation] ask {"demand":"electronics order 020 SENSOR-D","operation":"ship SENSOR-D","quantity":2,"operationQuantity":2,"end":"2026-01-23T20:00:00","operationEnd":"2026-01-23T20:00:00"}
[buffer] ask {"demand":null,"buffer":"sensor D","requested":2,"date":"2026-01-23T18:00:00","onhand":3}
[buffer] shortage {"buffer":"sensor D","iteration":0,"date":"2026-01-23T18:00:00","onhand":-2,"shortage":2}
[operation] alternate-ask {"demand":null,"operation":"select process SENSOR-D","quantity":2,"end":"2026-01-23T18:00:00","alternates":["fast process SENSOR-D","standard process SENSOR-D"]}
[operation] alternate-try {"operation":"select process SENSOR-D","alternate":"fast process SENSOR-D","remainingQuantity":2,"childQuantity":2}
[operation] ask {"demand":null,"operation":"fast process SENSOR-D","quantity":2,"operationQuantity":2,"end":"2026-01-23T18:00:00","operationEnd":"2026-01-23T18:00:00"}
[operation] fixedtime-incomplete {"operation":"fast process SENSOR-D","quantity":2,"q":2,"preferEnd":true,"later":false,"forward":false,"efficiency":1.15,"requestedStart":"1971-01-01T00:00:00","requestedEnd":"2026-01-23T18:00:00","productionWanted":34435,"productionActual":34435,"productionStart":"2026-01-23T08:26:05","productionEnd":"2026-01-23T18:00:00","setupRequired":true,"expectedSetup":3130.434782608696,"setupActual":3130,"setupStart":"2026-01-23T07:33:55","setupEnd":"2026-01-23T08:26:05","setupResource":"smt highspeed","setupRule":true,"resources":[{"resource":"smt highspeed","quantity":1,"start":true},{"resource":"smt highspeed","quantity":-1,"start":false}]}
[resource] ask {"demand":null,"operation":"fast process SENSOR-D","resource":"smt highspeed","start":"2026-01-23T07:00:00","end":"2026-01-23T18:00:00"}
[resource] input {"operation":"fast process SENSOR-D","resource":"smt highspeed","questionQuantity":-1,"operationQuantity":2,"loadQuantity":-1}
[resource] candidate {"demand":null,"start":"2026-01-23T07:00:00","end":"2026-01-23T18:00:00","feasible":true}
[resource] answer {"operation":"fast process SENSOR-D","resource":"smt highspeed","answerQuantity":1,"operationQuantity":2,"loadQuantity":-1}
[load] resource-before-assignment {"operation":"fast process SENSOR-D","load":"","resource":"ict senior","originalQuantity":2,"plannedQuantity":2,"loadQuantity":-1}
[load] resource-after-assignment {"operation":"fast process SENSOR-D","load":"","resource":"ict senior","plannedQuantity":2,"loadQuantity":-1}
[operation] fixedtime-incomplete {"operation":"fast process SENSOR-D","quantity":2,"q":2,"preferEnd":true,"later":false,"forward":false,"efficiency":1.1,"requestedStart":"1971-01-01T00:00:00","requestedEnd":"2026-01-23T18:00:00","productionWanted":36000,"productionActual":36000,"productionStart":"2026-01-23T08:00:00","productionEnd":"2026-01-23T18:00:00","setupRequired":true,"expectedSetup":3272.7272727272725,"setupActual":3273,"setupStart":"2026-01-23T07:05:27","setupEnd":"2026-01-23T08:00:00","setupResource":"smt highspeed","setupRule":true,"resources":[{"resource":"smt highspeed","quantity":1,"start":true},{"resource":"smt highspeed","quantity":-1,"start":false},{"resource":"ict senior","quantity":1,"start":true},{"resource":"ict senior","quantity":-1,"start":false}]}
[resource] ask {"demand":null,"operation":"fast process SENSOR-D","resource":"ict senior","start":"2026-01-23T08:00:00","end":"2026-01-23T18:00:00"}
[resource] input {"operation":"fast process SENSOR-D","resource":"ict senior","questionQuantity":0,"operationQuantity":0,"loadQuantity":0}
[resource] candidate {"demand":null,"start":"2026-01-23T08:00:00","end":"2026-01-23T18:00:00","feasible":true}
[resource] answer {"operation":"fast process SENSOR-D","resource":"ict senior","answerQuantity":0,"operationQuantity":0,"loadQuantity":0}
[load] resource-trial {"operation":"fast process SENSOR-D","load":"","resource":"ict senior","answerQuantity":0,"plannedQuantity":0,"skillPriority":1,"answerDate":"2026-01-23T18:00:00"}
[load] resource-before-assignment {"operation":"fast process SENSOR-D","load":"","resource":"ict regular","originalQuantity":2,"plannedQuantity":2,"loadQuantity":-1}
[operation] fixedtime-incomplete {"operation":"fast process SENSOR-D","quantity":2,"q":2,"preferEnd":true,"later":false,"forward":false,"efficiency":0.95,"requestedStart":"1971-01-01T00:00:00","requestedEnd":"2026-01-23T18:00:00","productionWanted":41684,"productionActual":41684,"productionStart":"2026-01-23T06:25:16","productionEnd":"2026-01-23T18:00:00","setupRequired":true,"expectedSetup":3789.4736842105267,"setupActual":3789,"setupStart":"2026-01-23T05:22:07","setupEnd":"2026-01-23T06:25:16","setupResource":"smt highspeed","setupRule":true,"resources":[{"resource":"smt highspeed","quantity":1,"start":true},{"resource":"smt highspeed","quantity":-1,"start":false},{"resource":"ict regular","quantity":1,"start":true},{"resource":"ict regular","quantity":-1,"start":false}]}
[load] resource-after-assignment {"operation":"fast process SENSOR-D","load":"","resource":"ict regular","plannedQuantity":0,"loadQuantity":0}
[resource] ask {"demand":null,"operation":"fast process SENSOR-D","resource":"ict regular","start":"2026-01-23T06:25:16","end":"2026-01-23T18:00:00"}
[resource] input {"operation":"fast process SENSOR-D","resource":"ict regular","questionQuantity":0,"operationQuantity":0,"loadQuantity":0}
[resource] candidate {"demand":null,"start":"2026-01-23T06:25:16","end":"2026-01-23T18:00:00","feasible":true}
[resource] answer {"operation":"fast process SENSOR-D","resource":"ict regular","answerQuantity":0,"operationQuantity":0,"loadQuantity":0}
[load] resource-trial {"operation":"fast process SENSOR-D","load":"","resource":"ict regular","answerQuantity":0,"plannedQuantity":0,"skillPriority":2,"answerDate":"2026-01-23T18:00:00"}
[load] resource-rejected {"operation":"fast process SENSOR-D","load":"","candidateCount":3,"qualifiedResourceExists":true,"minimumNextDate":"2026-01-23T18:00:00"}
[operation] capacity-reject {"demand":null,"operation":"fast process SENSOR-D","start":"2026-01-23T06:25:16","end":"2026-01-23T18:00:00","answerQuantity":0,"answerDate":"2026-01-23T18:00:00"}
[operation] alternate-reject {"operation":"select process SENSOR-D","alternate":"fast process SENSOR-D","quantity":0,"nextDate":"2026-01-24T00:00:00"}
[operation] alternate-try {"operation":"select process SENSOR-D","alternate":"standard process SENSOR-D","remainingQuantity":2,"childQuantity":2}
[operation] ask {"demand":null,"operation":"standard process SENSOR-D","quantity":2,"operationQuantity":2,"end":"2026-01-23T18:00:00","operationEnd":"2026-01-23T18:00:00"}
[resource] ask {"demand":null,"operation":"standard process SENSOR-D","resource":"smt standard","start":"2026-01-22T23:10:35","end":"2026-01-23T18:00:00"}
[resource] input {"operation":"standard process SENSOR-D","resource":"smt standard","questionQuantity":-1,"operationQuantity":2,"loadQuantity":-1}
[resource] candidate {"demand":null,"start":"2026-01-22T23:10:35","end":"2026-01-23T18:00:00","feasible":true}
[resource] answer {"operation":"standard process SENSOR-D","resource":"smt standard","answerQuantity":1,"operationQuantity":2,"loadQuantity":-1}
[resource] ask {"demand":null,"operation":"standard process SENSOR-D","resource":"functional test","start":"2026-01-22T23:10:35","end":"2026-01-23T18:00:00"}
[resource] input {"operation":"standard process SENSOR-D","resource":"functional test","questionQuantity":-1,"operationQuantity":2,"loadQuantity":-1}
[resource] candidate {"demand":null,"start":"2026-01-22T23:10:35","end":"2026-01-23T18:00:00","feasible":true}
[resource] answer {"operation":"standard process SENSOR-D","resource":"functional test","answerQuantity":1,"operationQuantity":2,"loadQuantity":-1}
[buffer] ask {"demand":null,"buffer":"microcontroller standard","requested":2,"date":"2026-01-22T23:10:35","onhand":157}
[buffer] answer {"demand":null,"buffer":"microcontroller standard","requested":2,"remainingShortage":0,"quantity":2,"date":"2030-12-31T00:00:00","plan":null}
[buffer] ask {"demand":null,"buffer":"sensor die","requested":2,"date":"2026-01-22T23:10:35","onhand":129}
[buffer] answer {"demand":null,"buffer":"sensor die","requested":2,"remainingShortage":0,"quantity":2,"date":"2030-12-31T00:00:00","plan":null}
[operation] answer {"demand":null,"operation":"standard process SENSOR-D","quantity":2,"start":"2026-01-22T23:10:35","end":"2026-01-23T18:00:00"}
[operation] alternate-segment {"operation":"select process SENSOR-D","alternate":"standard process SENSOR-D","quantity":2,"remainingQuantity":0,"start":"2026-01-22T23:10:35","end":"2026-01-23T18:00:00"}
[operation] alternate-answer {"operation":"select process SENSOR-D","quantity":2,"remainingQuantity":0,"nextDate":"2026-01-24T00:00:00"}
[buffer] replenish {"buffer":"sensor D","iteration":0,"requested":2,"replenished":2,"producerDate":"2026-01-24T00:00:00","eventCountBefore":9,"eventCountAfter":10,"remaining":0}
[buffer] answer {"demand":null,"buffer":"sensor D","requested":2,"remainingShortage":0,"quantity":2,"date":"2030-12-31T00:00:00","plan":"OperationPlan"}
[operation] answer {"demand":"electronics order 020 SENSOR-D","operation":"ship SENSOR-D","quantity":2,"start":"2026-01-23T18:00:00","end":"2026-01-23T20:00:00"}
[demand] reply {"demand":"electronics order 020 SENSOR-D","attempt":1,"result":true,"quantity":2,"date":"2030-12-31T00:00:00"}
[demand] attempt {"demand":"electronics order 035 SENSOR-C","attempt":1,"quantity":2,"requestDate":"2026-01-27T14:00:00","lastDate":"2030-12-31T00:00:00"}
[operation] ask {"demand":"electronics order 035 SENSOR-C","operation":"ship SENSOR-C","quantity":2,"operationQuantity":2,"end":"2026-01-27T14:00:00","operationEnd":"2026-01-27T14:00:00"}
[buffer] ask {"demand":null,"buffer":"sensor C","requested":2,"date":"2026-01-27T12:00:00","onhand":1}
[buffer] shortage {"buffer":"sensor C","iteration":0,"date":"2026-01-27T12:00:00","onhand":-2,"shortage":2}
[operation] alternate-ask {"demand":null,"operation":"select process SENSOR-C","quantity":2,"end":"2026-01-27T12:00:00","alternates":["fast process SENSOR-C","standard process SENSOR-C"]}
[operation] alternate-try {"operation":"select process SENSOR-C","alternate":"fast process SENSOR-C","remainingQuantity":2,"childQuantity":2}
[operation] ask {"demand":null,"operation":"fast process SENSOR-C","quantity":2,"operationQuantity":2,"end":"2026-01-27T12:00:00","operationEnd":"2026-01-27T12:00:00"}
[operation] fixedtime-incomplete {"operation":"fast process SENSOR-C","quantity":2,"q":2,"preferEnd":true,"later":false,"forward":false,"efficiency":1.15,"requestedStart":"1971-01-01T00:00:00","requestedEnd":"2026-01-27T12:00:00","productionWanted":31304,"productionActual":31304,"productionStart":"2026-01-27T03:18:16","productionEnd":"2026-01-27T12:00:00","setupRequired":true,"expectedSetup":3130.434782608696,"setupActual":3130,"setupStart":"2026-01-27T02:26:06","setupEnd":"2026-01-27T03:18:16","setupResource":"smt highspeed","setupRule":true,"resources":[{"resource":"smt highspeed","quantity":1,"start":true},{"resource":"smt highspeed","quantity":-1,"start":false}]}
[resource] ask {"demand":null,"operation":"fast process SENSOR-C","resource":"smt highspeed","start":"2026-01-27T01:54:33","end":"2026-01-27T12:00:00"}
[resource] input {"operation":"fast process SENSOR-C","resource":"smt highspeed","questionQuantity":-1,"operationQuantity":2,"loadQuantity":-1}
[resource] candidate {"demand":null,"start":"2026-01-27T01:54:33","end":"2026-01-27T12:00:00","feasible":true}
[resource] answer {"operation":"fast process SENSOR-C","resource":"smt highspeed","answerQuantity":1,"operationQuantity":2,"loadQuantity":-1}
[load] resource-before-assignment {"operation":"fast process SENSOR-C","load":"","resource":"ict senior","originalQuantity":2,"plannedQuantity":2,"loadQuantity":-1}
[load] resource-after-assignment {"operation":"fast process SENSOR-C","load":"","resource":"ict senior","plannedQuantity":2,"loadQuantity":-1}
[operation] fixedtime-incomplete {"operation":"fast process SENSOR-C","quantity":2,"q":2,"preferEnd":true,"later":false,"forward":false,"efficiency":1.1,"requestedStart":"1971-01-01T00:00:00","requestedEnd":"2026-01-27T12:00:00","productionWanted":32727,"productionActual":32727,"productionStart":"2026-01-27T02:54:33","productionEnd":"2026-01-27T12:00:00","setupRequired":true,"expectedSetup":3272.7272727272725,"setupActual":3273,"setupStart":"2026-01-27T02:00:00","setupEnd":"2026-01-27T02:54:33","setupResource":"smt highspeed","setupRule":true,"resources":[{"resource":"smt highspeed","quantity":1,"start":true},{"resource":"smt highspeed","quantity":-1,"start":false},{"resource":"ict senior","quantity":1,"start":true},{"resource":"ict senior","quantity":-1,"start":false}]}
[resource] ask {"demand":null,"operation":"fast process SENSOR-C","resource":"ict senior","start":"2026-01-27T02:54:33","end":"2026-01-27T12:00:00"}
[resource] input {"operation":"fast process SENSOR-C","resource":"ict senior","questionQuantity":0,"operationQuantity":0,"loadQuantity":0}
[resource] candidate {"demand":null,"start":"2026-01-27T02:54:33","end":"2026-01-27T12:00:00","feasible":true}
[resource] answer {"operation":"fast process SENSOR-C","resource":"ict senior","answerQuantity":0,"operationQuantity":0,"loadQuantity":0}
[load] resource-trial {"operation":"fast process SENSOR-C","load":"","resource":"ict senior","answerQuantity":0,"plannedQuantity":0,"skillPriority":1,"answerDate":"2026-01-27T12:00:00"}
[load] resource-before-assignment {"operation":"fast process SENSOR-C","load":"","resource":"ict regular","originalQuantity":2,"plannedQuantity":2,"loadQuantity":-1}
[operation] fixedtime-incomplete {"operation":"fast process SENSOR-C","quantity":2,"q":2,"preferEnd":true,"later":false,"forward":false,"efficiency":0.95,"requestedStart":"1971-01-01T00:00:00","requestedEnd":"2026-01-27T12:00:00","productionWanted":37895,"productionActual":37895,"productionStart":"2026-01-27T01:28:25","productionEnd":"2026-01-27T12:00:00","setupRequired":true,"expectedSetup":3789.4736842105267,"setupActual":3789,"setupStart":"2026-01-27T00:25:16","setupEnd":"2026-01-27T01:28:25","setupResource":"smt highspeed","setupRule":true,"resources":[{"resource":"smt highspeed","quantity":1,"start":true},{"resource":"smt highspeed","quantity":-1,"start":false},{"resource":"ict regular","quantity":1,"start":true},{"resource":"ict regular","quantity":-1,"start":false}]}
[load] resource-after-assignment {"operation":"fast process SENSOR-C","load":"","resource":"ict regular","plannedQuantity":0,"loadQuantity":0}
[resource] ask {"demand":null,"operation":"fast process SENSOR-C","resource":"ict regular","start":"2026-01-27T01:28:25","end":"2026-01-27T12:00:00"}
[resource] input {"operation":"fast process SENSOR-C","resource":"ict regular","questionQuantity":0,"operationQuantity":0,"loadQuantity":0}
[resource] candidate {"demand":null,"start":"2026-01-27T01:28:25","end":"2026-01-27T12:00:00","feasible":true}
[resource] answer {"operation":"fast process SENSOR-C","resource":"ict regular","answerQuantity":0,"operationQuantity":0,"loadQuantity":0}
[load] resource-trial {"operation":"fast process SENSOR-C","load":"","resource":"ict regular","answerQuantity":0,"plannedQuantity":0,"skillPriority":2,"answerDate":"2026-01-27T12:00:00"}
[load] resource-rejected {"operation":"fast process SENSOR-C","load":"","candidateCount":3,"qualifiedResourceExists":true,"minimumNextDate":"2026-01-27T12:00:00"}
[operation] capacity-reject {"demand":null,"operation":"fast process SENSOR-C","start":"2026-01-27T01:28:25","end":"2026-01-27T12:00:00","answerQuantity":0,"answerDate":"2026-01-27T12:00:00"}
[operation] alternate-reject {"operation":"select process SENSOR-C","alternate":"fast process SENSOR-C","quantity":0,"nextDate":"2026-01-27T18:00:00"}
[operation] alternate-try {"operation":"select process SENSOR-C","alternate":"standard process SENSOR-C","remainingQuantity":2,"childQuantity":2}
[operation] ask {"demand":null,"operation":"standard process SENSOR-C","quantity":2,"operationQuantity":2,"end":"2026-01-27T12:00:00","operationEnd":"2026-01-27T12:00:00"}
[operation] fixedtime-incomplete {"operation":"standard process SENSOR-C","quantity":2,"q":2,"preferEnd":true,"later":false,"forward":false,"efficiency":0.85,"requestedStart":"1971-01-01T00:00:00","requestedEnd":"2026-01-27T12:00:00","productionWanted":63529,"productionActual":63529,"productionStart":"2026-01-26T18:21:11","productionEnd":"2026-01-27T12:00:00","setupRequired":true,"expectedSetup":12705.882352941177,"setupActual":12706,"setupStart":"2026-01-26T14:49:25","setupEnd":"2026-01-26T18:21:11","setupResource":"smt standard","setupRule":true,"resources":[{"resource":"smt standard","quantity":1,"start":true},{"resource":"smt standard","quantity":-1,"start":false}]}
[resource] ask {"demand":null,"operation":"standard process SENSOR-C","resource":"smt standard","start":"2026-01-26T15:21:11","end":"2026-01-27T12:00:00"}
[resource] input {"operation":"standard process SENSOR-C","resource":"smt standard","questionQuantity":-1,"operationQuantity":2,"loadQuantity":-1}
[resource] candidate {"demand":null,"start":"2026-01-26T15:21:11","end":"2026-01-27T12:00:00","feasible":true}
[resource] answer {"operation":"standard process SENSOR-C","resource":"smt standard","answerQuantity":1,"operationQuantity":2,"loadQuantity":-1}
[resource] ask {"demand":null,"operation":"standard process SENSOR-C","resource":"functional test","start":"2026-01-26T15:21:11","end":"2026-01-27T12:00:00"}
[resource] input {"operation":"standard process SENSOR-C","resource":"functional test","questionQuantity":-1,"operationQuantity":2,"loadQuantity":-1}
[resource] candidate {"demand":null,"start":"2026-01-26T15:21:11","end":"2026-01-27T12:00:00","feasible":true}
[resource] answer {"operation":"standard process SENSOR-C","resource":"functional test","answerQuantity":1,"operationQuantity":2,"loadQuantity":-1}
[buffer] ask {"demand":null,"buffer":"microcontroller standard","requested":2,"date":"2026-01-26T18:21:11","onhand":145}
[buffer] answer {"demand":null,"buffer":"microcontroller standard","requested":2,"remainingShortage":0,"quantity":2,"date":"2030-12-31T00:00:00","plan":null}
[buffer] ask {"demand":null,"buffer":"sensor die","requested":2,"date":"2026-01-26T18:21:11","onhand":124}
[buffer] answer {"demand":null,"buffer":"sensor die","requested":2,"remainingShortage":0,"quantity":2,"date":"2030-12-31T00:00:00","plan":null}
[operation] answer {"demand":null,"operation":"standard process SENSOR-C","quantity":2,"start":"2026-01-26T15:21:11","end":"2026-01-27T12:00:00"}
[operation] alternate-segment {"operation":"select process SENSOR-C","alternate":"standard process SENSOR-C","quantity":2,"remainingQuantity":0,"start":"2026-01-26T15:21:11","end":"2026-01-27T12:00:00"}
[operation] alternate-answer {"operation":"select process SENSOR-C","quantity":2,"remainingQuantity":0,"nextDate":"2026-01-27T18:00:00"}
[buffer] replenish {"buffer":"sensor C","iteration":0,"requested":2,"replenished":2,"producerDate":"2026-01-27T18:00:00","eventCountBefore":9,"eventCountAfter":10,"remaining":0}
[buffer] answer {"demand":null,"buffer":"sensor C","requested":2,"remainingShortage":0,"quantity":2,"date":"2030-12-31T00:00:00","plan":"OperationPlan"}
[operation] answer {"demand":"electronics order 035 SENSOR-C","operation":"ship SENSOR-C","quantity":2,"start":"2026-01-27T12:00:00","end":"2026-01-27T14:00:00"}
[demand] reply {"demand":"electronics order 035 SENSOR-C","attempt":1,"result":true,"quantity":2,"date":"2030-12-31T00:00:00"}
[demand] attempt {"demand":"electronics order 050 CTRL-B","attempt":1,"quantity":2,"requestDate":"2026-01-31T08:00:00","lastDate":"2030-12-31T00:00:00"}
[operation] ask {"demand":"electronics order 050 CTRL-B","operation":"ship CTRL-B","quantity":2,"operationQuantity":2,"end":"2026-01-31T08:00:00","operationEnd":"2026-01-31T08:00:00"}
[buffer] ask {"demand":null,"buffer":"controller B","requested":2,"date":"2026-01-31T06:00:00","onhand":3}
[buffer] shortage {"buffer":"controller B","iteration":0,"date":"2026-01-31T06:00:00","onhand":-2,"shortage":2}
[operation] alternate-ask {"demand":null,"operation":"select process CTRL-B","quantity":2,"end":"2026-01-31T06:00:00","alternates":["fast process CTRL-B","standard process CTRL-B"]}
[operation] alternate-try {"operation":"select process CTRL-B","alternate":"fast process CTRL-B","remainingQuantity":2,"childQuantity":2}
[operation] ask {"demand":null,"operation":"fast process CTRL-B","quantity":2,"operationQuantity":2,"end":"2026-01-31T06:00:00","operationEnd":"2026-01-31T06:00:00"}
[operation] fixedtime-incomplete {"operation":"fast process CTRL-B","quantity":2,"q":2,"preferEnd":true,"later":false,"forward":false,"efficiency":1.15,"requestedStart":"1971-01-01T00:00:00","requestedEnd":"2026-01-31T06:00:00","productionWanted":28174,"productionActual":28174,"productionStart":"2026-01-30T22:10:26","productionEnd":"2026-01-31T06:00:00","setupRequired":true,"expectedSetup":3130.434782608696,"setupActual":3130,"setupStart":"2026-01-30T21:18:16","setupEnd":"2026-01-30T22:10:26","setupResource":"smt highspeed","setupRule":true,"resources":[{"resource":"smt highspeed","quantity":1,"start":true},{"resource":"smt highspeed","quantity":-1,"start":false}]}
[resource] ask {"demand":null,"operation":"fast process CTRL-B","resource":"smt highspeed","start":"2026-01-30T20:49:05","end":"2026-01-31T06:00:00"}
[resource] input {"operation":"fast process CTRL-B","resource":"smt highspeed","questionQuantity":-1,"operationQuantity":2,"loadQuantity":-1}
[resource] candidate {"demand":null,"start":"2026-01-30T20:49:05","end":"2026-01-31T06:00:00","feasible":true}
[resource] answer {"operation":"fast process CTRL-B","resource":"smt highspeed","answerQuantity":1,"operationQuantity":2,"loadQuantity":-1}
[load] resource-before-assignment {"operation":"fast process CTRL-B","load":"","resource":"ict senior","originalQuantity":2,"plannedQuantity":2,"loadQuantity":-1}
[load] resource-after-assignment {"operation":"fast process CTRL-B","load":"","resource":"ict senior","plannedQuantity":2,"loadQuantity":-1}
[operation] fixedtime-incomplete {"operation":"fast process CTRL-B","quantity":2,"q":2,"preferEnd":true,"later":false,"forward":false,"efficiency":1.1,"requestedStart":"1971-01-01T00:00:00","requestedEnd":"2026-01-31T06:00:00","productionWanted":29455,"productionActual":29455,"productionStart":"2026-01-30T21:49:05","productionEnd":"2026-01-31T06:00:00","setupRequired":true,"expectedSetup":3272.7272727272725,"setupActual":3273,"setupStart":"2026-01-30T20:54:32","setupEnd":"2026-01-30T21:49:05","setupResource":"smt highspeed","setupRule":true,"resources":[{"resource":"smt highspeed","quantity":1,"start":true},{"resource":"smt highspeed","quantity":-1,"start":false},{"resource":"ict senior","quantity":1,"start":true},{"resource":"ict senior","quantity":-1,"start":false}]}
[resource] ask {"demand":null,"operation":"fast process CTRL-B","resource":"ict senior","start":"2026-01-30T21:49:05","end":"2026-01-31T06:00:00"}
[resource] input {"operation":"fast process CTRL-B","resource":"ict senior","questionQuantity":0,"operationQuantity":0,"loadQuantity":0}
[resource] candidate {"demand":null,"start":"2026-01-30T21:49:05","end":"2026-01-31T06:00:00","feasible":true}
[resource] answer {"operation":"fast process CTRL-B","resource":"ict senior","answerQuantity":0,"operationQuantity":0,"loadQuantity":0}
[load] resource-trial {"operation":"fast process CTRL-B","load":"","resource":"ict senior","answerQuantity":0,"plannedQuantity":0,"skillPriority":1,"answerDate":"2026-01-31T06:00:00"}
[load] resource-before-assignment {"operation":"fast process CTRL-B","load":"","resource":"ict regular","originalQuantity":2,"plannedQuantity":2,"loadQuantity":-1}
[operation] fixedtime-incomplete {"operation":"fast process CTRL-B","quantity":2,"q":2,"preferEnd":true,"later":false,"forward":false,"efficiency":0.95,"requestedStart":"1971-01-01T00:00:00","requestedEnd":"2026-01-31T06:00:00","productionWanted":34105,"productionActual":34105,"productionStart":"2026-01-30T20:31:35","productionEnd":"2026-01-31T06:00:00","setupRequired":true,"expectedSetup":3789.4736842105267,"setupActual":3789,"setupStart":"2026-01-30T19:28:26","setupEnd":"2026-01-30T20:31:35","setupResource":"smt highspeed","setupRule":true,"resources":[{"resource":"smt highspeed","quantity":1,"start":true},{"resource":"smt highspeed","quantity":-1,"start":false},{"resource":"ict regular","quantity":1,"start":true},{"resource":"ict regular","quantity":-1,"start":false}]}
[load] resource-after-assignment {"operation":"fast process CTRL-B","load":"","resource":"ict regular","plannedQuantity":0,"loadQuantity":0}
[resource] ask {"demand":null,"operation":"fast process CTRL-B","resource":"ict regular","start":"2026-01-30T20:31:35","end":"2026-01-31T06:00:00"}
[resource] input {"operation":"fast process CTRL-B","resource":"ict regular","questionQuantity":0,"operationQuantity":0,"loadQuantity":0}
[resource] candidate {"demand":null,"start":"2026-01-30T20:31:35","end":"2026-01-31T06:00:00","feasible":true}
[resource] answer {"operation":"fast process CTRL-B","resource":"ict regular","answerQuantity":0,"operationQuantity":0,"loadQuantity":0}
[load] resource-trial {"operation":"fast process CTRL-B","load":"","resource":"ict regular","answerQuantity":0,"plannedQuantity":0,"skillPriority":2,"answerDate":"2026-01-31T06:00:00"}
[load] resource-rejected {"operation":"fast process CTRL-B","load":"","candidateCount":3,"qualifiedResourceExists":true,"minimumNextDate":"2026-01-31T06:00:00"}
[operation] capacity-reject {"demand":null,"operation":"fast process CTRL-B","start":"2026-01-30T20:31:35","end":"2026-01-31T06:00:00","answerQuantity":0,"answerDate":"2026-01-31T06:00:00"}
[operation] alternate-reject {"operation":"select process CTRL-B","alternate":"fast process CTRL-B","quantity":0,"nextDate":"2026-01-31T12:00:00"}
[operation] alternate-try {"operation":"select process CTRL-B","alternate":"standard process CTRL-B","remainingQuantity":2,"childQuantity":2}
[operation] ask {"demand":null,"operation":"standard process CTRL-B","quantity":2,"operationQuantity":2,"end":"2026-01-31T06:00:00","operationEnd":"2026-01-31T06:00:00"}
[resource] ask {"demand":null,"operation":"standard process CTRL-B","resource":"smt standard","start":"2026-01-30T13:31:46","end":"2026-01-31T06:00:00"}
[resource] input {"operation":"standard process CTRL-B","resource":"smt standard","questionQuantity":-1,"operationQuantity":2,"loadQuantity":-1}
[resource] candidate {"demand":null,"start":"2026-01-30T13:31:46","end":"2026-01-31T06:00:00","feasible":true}
[resource] answer {"operation":"standard process CTRL-B","resource":"smt standard","answerQuantity":1,"operationQuantity":2,"loadQuantity":-1}
[resource] ask {"demand":null,"operation":"standard process CTRL-B","resource":"functional test","start":"2026-01-30T13:31:46","end":"2026-01-31T06:00:00"}
[resource] input {"operation":"standard process CTRL-B","resource":"functional test","questionQuantity":-1,"operationQuantity":2,"loadQuantity":-1}
[resource] candidate {"demand":null,"start":"2026-01-30T13:31:46","end":"2026-01-31T06:00:00","feasible":true}
[resource] answer {"operation":"standard process CTRL-B","resource":"functional test","answerQuantity":1,"operationQuantity":2,"loadQuantity":-1}
[buffer] ask {"demand":null,"buffer":"microcontroller standard","requested":2,"date":"2026-01-30T13:31:46","onhand":132}
[buffer] answer {"demand":null,"buffer":"microcontroller standard","requested":2,"remainingShortage":0,"quantity":2,"date":"2030-12-31T00:00:00","plan":null}
[buffer] ask {"demand":null,"buffer":"pcb panel","requested":2,"date":"2026-01-30T13:31:46","onhand":217}
[buffer] answer {"demand":null,"buffer":"pcb panel","requested":2,"remainingShortage":0,"quantity":2,"date":"2030-12-31T00:00:00","plan":null}
[operation] answer {"demand":null,"operation":"standard process CTRL-B","quantity":2,"start":"2026-01-30T13:31:46","end":"2026-01-31T06:00:00"}
[operation] alternate-segment {"operation":"select process CTRL-B","alternate":"standard process CTRL-B","quantity":2,"remainingQuantity":0,"start":"2026-01-30T13:31:46","end":"2026-01-31T06:00:00"}
[operation] alternate-answer {"operation":"select process CTRL-B","quantity":2,"remainingQuantity":0,"nextDate":"2026-01-31T12:00:00"}
[buffer] replenish {"buffer":"controller B","iteration":0,"requested":2,"replenished":2,"producerDate":"2026-01-31T12:00:00","eventCountBefore":9,"eventCountAfter":10,"remaining":0}
[buffer] answer {"demand":null,"buffer":"controller B","requested":2,"remainingShortage":0,"quantity":2,"date":"2030-12-31T00:00:00","plan":"OperationPlan"}
[operation] answer {"demand":"electronics order 050 CTRL-B","operation":"ship CTRL-B","quantity":2,"start":"2026-01-31T06:00:00","end":"2026-01-31T08:00:00"}
[demand] reply {"demand":"electronics order 050 CTRL-B","attempt":1,"result":true,"quantity":2,"date":"2030-12-31T00:00:00"}
[demand] attempt {"demand":"electronics order 006 CTRL-B","attempt":1,"quantity":5,"requestDate":"2026-01-20T08:00:00","lastDate":"2030-12-31T00:00:00"}
[operation] ask {"demand":"electronics order 006 CTRL-B","operation":"ship CTRL-B","quantity":5,"operationQuantity":5,"end":"2026-01-20T08:00:00","operationEnd":"2026-01-20T08:00:00"}
[buffer] ask {"demand":null,"buffer":"controller B","requested":5,"date":"2026-01-20T06:00:00","onhand":2}
[buffer] shortage {"buffer":"controller B","iteration":0,"date":"2026-01-20T06:00:00","onhand":-5,"shortage":5}
[operation] alternate-ask {"demand":null,"operation":"select process CTRL-B","quantity":5,"end":"2026-01-20T06:00:00","alternates":["fast process CTRL-B","standard process CTRL-B"]}
[operation] alternate-try {"operation":"select process CTRL-B","alternate":"fast process CTRL-B","remainingQuantity":5,"childQuantity":5}
[operation] ask {"demand":null,"operation":"fast process CTRL-B","quantity":5,"operationQuantity":5,"end":"2026-01-20T06:00:00","operationEnd":"2026-01-20T06:00:00"}
[operation] fixedtime-incomplete {"operation":"fast process CTRL-B","quantity":5,"q":5,"preferEnd":true,"later":false,"forward":false,"efficiency":1.15,"requestedStart":"1971-01-01T00:00:00","requestedEnd":"2026-01-20T06:00:00","productionWanted":28174,"productionActual":28174,"productionStart":"2026-01-19T22:10:26","productionEnd":"2026-01-20T06:00:00","setupRequired":true,"expectedSetup":3130.434782608696,"setupActual":3130,"setupStart":"2026-01-19T21:18:16","setupEnd":"2026-01-19T22:10:26","setupResource":"smt highspeed","setupRule":true,"resources":[{"resource":"smt highspeed","quantity":1,"start":true},{"resource":"smt highspeed","quantity":-1,"start":false}]}
[resource] ask {"demand":null,"operation":"fast process CTRL-B","resource":"smt highspeed","start":"2026-01-19T20:49:05","end":"2026-01-20T06:00:00"}
[resource] input {"operation":"fast process CTRL-B","resource":"smt highspeed","questionQuantity":-1,"operationQuantity":5,"loadQuantity":-1}
[resource] candidate {"demand":null,"start":"2026-01-19T20:49:05","end":"2026-01-20T06:00:00","feasible":true}
[resource] answer {"operation":"fast process CTRL-B","resource":"smt highspeed","answerQuantity":1,"operationQuantity":5,"loadQuantity":-1}
[load] resource-before-assignment {"operation":"fast process CTRL-B","load":"","resource":"ict senior","originalQuantity":5,"plannedQuantity":5,"loadQuantity":-1}
[load] resource-after-assignment {"operation":"fast process CTRL-B","load":"","resource":"ict senior","plannedQuantity":5,"loadQuantity":-1}
[operation] fixedtime-incomplete {"operation":"fast process CTRL-B","quantity":5,"q":5,"preferEnd":true,"later":false,"forward":false,"efficiency":1.1,"requestedStart":"1971-01-01T00:00:00","requestedEnd":"2026-01-20T06:00:00","productionWanted":29455,"productionActual":29455,"productionStart":"2026-01-19T21:49:05","productionEnd":"2026-01-20T06:00:00","setupRequired":true,"expectedSetup":3272.7272727272725,"setupActual":3273,"setupStart":"2026-01-19T20:54:32","setupEnd":"2026-01-19T21:49:05","setupResource":"smt highspeed","setupRule":true,"resources":[{"resource":"smt highspeed","quantity":1,"start":true},{"resource":"smt highspeed","quantity":-1,"start":false},{"resource":"ict senior","quantity":1,"start":true},{"resource":"ict senior","quantity":-1,"start":false}]}
[resource] ask {"demand":null,"operation":"fast process CTRL-B","resource":"ict senior","start":"2026-01-19T21:49:05","end":"2026-01-20T06:00:00"}
[resource] input {"operation":"fast process CTRL-B","resource":"ict senior","questionQuantity":0,"operationQuantity":0,"loadQuantity":0}
[resource] candidate {"demand":null,"start":"2026-01-19T21:49:05","end":"2026-01-20T06:00:00","feasible":true}
[resource] answer {"operation":"fast process CTRL-B","resource":"ict senior","answerQuantity":0,"operationQuantity":0,"loadQuantity":0}
[load] resource-trial {"operation":"fast process CTRL-B","load":"","resource":"ict senior","answerQuantity":0,"plannedQuantity":0,"skillPriority":1,"answerDate":"2026-01-20T06:00:00"}
[load] resource-before-assignment {"operation":"fast process CTRL-B","load":"","resource":"ict regular","originalQuantity":5,"plannedQuantity":5,"loadQuantity":-1}
[operation] fixedtime-incomplete {"operation":"fast process CTRL-B","quantity":5,"q":5,"preferEnd":true,"later":false,"forward":false,"efficiency":0.95,"requestedStart":"1971-01-01T00:00:00","requestedEnd":"2026-01-20T06:00:00","productionWanted":34105,"productionActual":34105,"productionStart":"2026-01-19T20:31:35","productionEnd":"2026-01-20T06:00:00","setupRequired":true,"expectedSetup":3789.4736842105267,"setupActual":3789,"setupStart":"2026-01-19T19:28:26","setupEnd":"2026-01-19T20:31:35","setupResource":"smt highspeed","setupRule":true,"resources":[{"resource":"smt highspeed","quantity":1,"start":true},{"resource":"smt highspeed","quantity":-1,"start":false},{"resource":"ict regular","quantity":1,"start":true},{"resource":"ict regular","quantity":-1,"start":false}]}
[load] resource-after-assignment {"operation":"fast process CTRL-B","load":"","resource":"ict regular","plannedQuantity":0,"loadQuantity":0}
[resource] ask {"demand":null,"operation":"fast process CTRL-B","resource":"ict regular","start":"2026-01-19T20:31:35","end":"2026-01-20T06:00:00"}
[resource] input {"operation":"fast process CTRL-B","resource":"ict regular","questionQuantity":0,"operationQuantity":0,"loadQuantity":0}
[resource] candidate {"demand":null,"start":"2026-01-19T20:31:35","end":"2026-01-20T06:00:00","feasible":true}
[resource] answer {"operation":"fast process CTRL-B","resource":"ict regular","answerQuantity":0,"operationQuantity":0,"loadQuantity":0}
[load] resource-trial {"operation":"fast process CTRL-B","load":"","resource":"ict regular","answerQuantity":0,"plannedQuantity":0,"skillPriority":2,"answerDate":"2026-01-20T06:00:00"}
[load] resource-rejected {"operation":"fast process CTRL-B","load":"","candidateCount":3,"qualifiedResourceExists":true,"minimumNextDate":"2026-01-20T06:00:00"}
[operation] capacity-reject {"demand":null,"operation":"fast process CTRL-B","start":"2026-01-19T20:31:35","end":"2026-01-20T06:00:00","answerQuantity":0,"answerDate":"2026-01-20T06:00:00"}
[operation] alternate-reject {"operation":"select process CTRL-B","alternate":"fast process CTRL-B","quantity":0,"nextDate":"2026-01-20T12:00:00"}
[operation] alternate-try {"operation":"select process CTRL-B","alternate":"standard process CTRL-B","remainingQuantity":5,"childQuantity":5}
[operation] ask {"demand":null,"operation":"standard process CTRL-B","quantity":5,"operationQuantity":5,"end":"2026-01-20T06:00:00","operationEnd":"2026-01-20T06:00:00"}
[resource] ask {"demand":null,"operation":"standard process CTRL-B","resource":"smt standard","start":"2026-01-19T13:31:46","end":"2026-01-20T06:00:00"}
[resource] input {"operation":"standard process CTRL-B","resource":"smt standard","questionQuantity":-1,"operationQuantity":5,"loadQuantity":-1}
[resource] candidate {"demand":null,"start":"2026-01-19T13:31:46","end":"2026-01-20T06:00:00","feasible":true}
[resource] answer {"operation":"standard process CTRL-B","resource":"smt standard","answerQuantity":1,"operationQuantity":5,"loadQuantity":-1}
[resource] ask {"demand":null,"operation":"standard process CTRL-B","resource":"functional test","start":"2026-01-19T13:31:46","end":"2026-01-20T06:00:00"}
[resource] input {"operation":"standard process CTRL-B","resource":"functional test","questionQuantity":-1,"operationQuantity":5,"loadQuantity":-1}
[resource] candidate {"demand":null,"start":"2026-01-19T13:31:46","end":"2026-01-20T06:00:00","feasible":true}
[resource] answer {"operation":"standard process CTRL-B","resource":"functional test","answerQuantity":1,"operationQuantity":5,"loadQuantity":-1}
[buffer] ask {"demand":null,"buffer":"microcontroller standard","requested":5,"date":"2026-01-19T13:31:46","onhand":168}
[buffer] answer {"demand":null,"buffer":"microcontroller standard","requested":5,"remainingShortage":0,"quantity":5,"date":"2030-12-31T00:00:00","plan":null}
[buffer] ask {"demand":null,"buffer":"pcb panel","requested":5,"date":"2026-01-19T13:31:46","onhand":235}
[buffer] answer {"demand":null,"buffer":"pcb panel","requested":5,"remainingShortage":0,"quantity":5,"date":"2030-12-31T00:00:00","plan":null}
[operation] answer {"demand":null,"operation":"standard process CTRL-B","quantity":5,"start":"2026-01-19T13:31:46","end":"2026-01-20T06:00:00"}
[operation] alternate-segment {"operation":"select process CTRL-B","alternate":"standard process CTRL-B","quantity":5,"remainingQuantity":0,"start":"2026-01-19T13:31:46","end":"2026-01-20T06:00:00"}
[operation] alternate-answer {"operation":"select process CTRL-B","quantity":5,"remainingQuantity":0,"nextDate":"2026-01-20T12:00:00"}
[buffer] replenish {"buffer":"controller B","iteration":0,"requested":5,"replenished":5,"producerDate":"2026-01-20T12:00:00","eventCountBefore":11,"eventCountAfter":12,"remaining":0}
[buffer] answer {"demand":null,"buffer":"controller B","requested":5,"remainingShortage":0,"quantity":5,"date":"2030-12-31T00:00:00","plan":"OperationPlan"}
[operation] answer {"demand":"electronics order 006 CTRL-B","operation":"ship CTRL-B","quantity":5,"start":"2026-01-20T06:00:00","end":"2026-01-20T08:00:00"}
[demand] reply {"demand":"electronics order 006 CTRL-B","attempt":1,"result":true,"quantity":5,"date":"2030-12-31T00:00:00"}
[demand] attempt {"demand":"electronics order 021 CTRL-A","attempt":1,"quantity":4,"requestDate":"2026-01-24T02:00:00","lastDate":"2030-12-31T00:00:00"}
[operation] ask {"demand":"electronics order 021 CTRL-A","operation":"ship CTRL-A","quantity":4,"operationQuantity":4,"end":"2026-01-24T02:00:00","operationEnd":"2026-01-24T02:00:00"}
[buffer] ask {"demand":null,"buffer":"controller A","requested":4,"date":"2026-01-24T00:00:00","onhand":2}
[buffer] shortage {"buffer":"controller A","iteration":0,"date":"2026-01-24T00:00:00","onhand":-4,"shortage":4}
[operation] alternate-ask {"demand":null,"operation":"select process CTRL-A","quantity":4,"end":"2026-01-24T00:00:00","alternates":["fast process CTRL-A","standard process CTRL-A"]}
[operation] alternate-try {"operation":"select process CTRL-A","alternate":"fast process CTRL-A","remainingQuantity":4,"childQuantity":4}
[operation] ask {"demand":null,"operation":"fast process CTRL-A","quantity":4,"operationQuantity":4,"end":"2026-01-24T00:00:00","operationEnd":"2026-01-24T00:00:00"}
[operation] fixedtime-incomplete {"operation":"fast process CTRL-A","quantity":4,"q":4,"preferEnd":true,"later":false,"forward":false,"efficiency":1.15,"requestedStart":"1971-01-01T00:00:00","requestedEnd":"2026-01-24T00:00:00","productionWanted":25043,"productionActual":25043,"productionStart":"2026-01-23T17:02:37","productionEnd":"2026-01-24T00:00:00","setupRequired":true,"expectedSetup":3130.434782608696,"setupActual":3130,"setupStart":"2026-01-23T16:10:27","setupEnd":"2026-01-23T17:02:37","setupResource":"smt highspeed","setupRule":true,"resources":[{"resource":"smt highspeed","quantity":1,"start":true},{"resource":"smt highspeed","quantity":-1,"start":false}]}
[resource] ask {"demand":null,"operation":"fast process CTRL-A","resource":"smt highspeed","start":"2026-01-23T15:43:38","end":"2026-01-24T00:00:00"}
[resource] input {"operation":"fast process CTRL-A","resource":"smt highspeed","questionQuantity":-1,"operationQuantity":4,"loadQuantity":-1}
[resource] candidate {"demand":null,"start":"2026-01-23T15:43:38","end":"2026-01-24T00:00:00","feasible":true}
[resource] answer {"operation":"fast process CTRL-A","resource":"smt highspeed","answerQuantity":1,"operationQuantity":4,"loadQuantity":-1}
[load] resource-before-assignment {"operation":"fast process CTRL-A","load":"","resource":"ict senior","originalQuantity":4,"plannedQuantity":4,"loadQuantity":-1}
[load] resource-after-assignment {"operation":"fast process CTRL-A","load":"","resource":"ict senior","plannedQuantity":4,"loadQuantity":-1}
[operation] fixedtime-incomplete {"operation":"fast process CTRL-A","quantity":4,"q":4,"preferEnd":true,"later":false,"forward":false,"efficiency":1.1,"requestedStart":"1971-01-01T00:00:00","requestedEnd":"2026-01-24T00:00:00","productionWanted":26182,"productionActual":26182,"productionStart":"2026-01-23T16:43:38","productionEnd":"2026-01-24T00:00:00","setupRequired":true,"expectedSetup":3272.7272727272725,"setupActual":3273,"setupStart":"2026-01-23T15:49:05","setupEnd":"2026-01-23T16:43:38","setupResource":"smt highspeed","setupRule":true,"resources":[{"resource":"smt highspeed","quantity":1,"start":true},{"resource":"smt highspeed","quantity":-1,"start":false},{"resource":"ict senior","quantity":1,"start":true},{"resource":"ict senior","quantity":-1,"start":false}]}
[resource] ask {"demand":null,"operation":"fast process CTRL-A","resource":"ict senior","start":"2026-01-23T16:43:38","end":"2026-01-24T00:00:00"}
[resource] input {"operation":"fast process CTRL-A","resource":"ict senior","questionQuantity":0,"operationQuantity":0,"loadQuantity":0}
[resource] candidate {"demand":null,"start":"2026-01-23T16:43:38","end":"2026-01-24T00:00:00","feasible":true}
[resource] answer {"operation":"fast process CTRL-A","resource":"ict senior","answerQuantity":0,"operationQuantity":0,"loadQuantity":0}
[load] resource-trial {"operation":"fast process CTRL-A","load":"","resource":"ict senior","answerQuantity":0,"plannedQuantity":0,"skillPriority":1,"answerDate":"2026-01-24T00:00:00"}
[load] resource-before-assignment {"operation":"fast process CTRL-A","load":"","resource":"ict regular","originalQuantity":4,"plannedQuantity":4,"loadQuantity":-1}
[operation] fixedtime-incomplete {"operation":"fast process CTRL-A","quantity":4,"q":4,"preferEnd":true,"later":false,"forward":false,"efficiency":0.95,"requestedStart":"1971-01-01T00:00:00","requestedEnd":"2026-01-24T00:00:00","productionWanted":30316,"productionActual":30316,"productionStart":"2026-01-23T15:34:44","productionEnd":"2026-01-24T00:00:00","setupRequired":true,"expectedSetup":3789.4736842105267,"setupActual":3789,"setupStart":"2026-01-23T14:31:35","setupEnd":"2026-01-23T15:34:44","setupResource":"smt highspeed","setupRule":true,"resources":[{"resource":"smt highspeed","quantity":1,"start":true},{"resource":"smt highspeed","quantity":-1,"start":false},{"resource":"ict regular","quantity":1,"start":true},{"resource":"ict regular","quantity":-1,"start":false}]}
[load] resource-after-assignment {"operation":"fast process CTRL-A","load":"","resource":"ict regular","plannedQuantity":0,"loadQuantity":0}
[resource] ask {"demand":null,"operation":"fast process CTRL-A","resource":"ict regular","start":"2026-01-23T15:34:44","end":"2026-01-24T00:00:00"}
[resource] input {"operation":"fast process CTRL-A","resource":"ict regular","questionQuantity":0,"operationQuantity":0,"loadQuantity":0}
[resource] candidate {"demand":null,"start":"2026-01-23T15:34:44","end":"2026-01-24T00:00:00","feasible":true}
[resource] answer {"operation":"fast process CTRL-A","resource":"ict regular","answerQuantity":0,"operationQuantity":0,"loadQuantity":0}
[load] resource-trial {"operation":"fast process CTRL-A","load":"","resource":"ict regular","answerQuantity":0,"plannedQuantity":0,"skillPriority":2,"answerDate":"2026-01-24T00:00:00"}
[load] resource-rejected {"operation":"fast process CTRL-A","load":"","candidateCount":3,"qualifiedResourceExists":true,"minimumNextDate":"2026-01-24T00:00:00"}
[operation] capacity-reject {"demand":null,"operation":"fast process CTRL-A","start":"2026-01-23T15:34:44","end":"2026-01-24T00:00:00","answerQuantity":0,"answerDate":"2026-01-24T00:00:00"}
[operation] alternate-reject {"operation":"select process CTRL-A","alternate":"fast process CTRL-A","quantity":0,"nextDate":"2026-01-24T06:00:00"}
[operation] alternate-try {"operation":"select process CTRL-A","alternate":"standard process CTRL-A","remainingQuantity":4,"childQuantity":4}
[operation] ask {"demand":null,"operation":"standard process CTRL-A","quantity":4,"operationQuantity":4,"end":"2026-01-24T00:00:00","operationEnd":"2026-01-24T00:00:00"}
[operation] fixedtime-incomplete {"operation":"standard process CTRL-A","quantity":4,"q":4,"preferEnd":true,"later":false,"forward":false,"efficiency":0.85,"requestedStart":"1971-01-01T00:00:00","requestedEnd":"2026-01-24T00:00:00","productionWanted":55059,"productionActual":55059,"productionStart":"2026-01-23T08:42:21","productionEnd":"2026-01-24T00:00:00","setupRequired":true,"expectedSetup":8470.588235294117,"setupActual":8471,"setupStart":"2026-01-23T06:21:10","setupEnd":"2026-01-23T08:42:21","setupResource":"smt standard","setupRule":true,"resources":[{"resource":"smt standard","quantity":1,"start":true},{"resource":"smt standard","quantity":-1,"start":false}]}
[resource] ask {"demand":null,"operation":"standard process CTRL-A","resource":"smt standard","start":"2026-01-23T06:42:21","end":"2026-01-24T00:00:00"}
[resource] input {"operation":"standard process CTRL-A","resource":"smt standard","questionQuantity":-1,"operationQuantity":4,"loadQuantity":-1}
[resource] candidate {"demand":null,"start":"2026-01-23T06:42:21","end":"2026-01-24T00:00:00","feasible":true}
[resource] answer {"operation":"standard process CTRL-A","resource":"smt standard","answerQuantity":1,"operationQuantity":4,"loadQuantity":-1}
[resource] ask {"demand":null,"operation":"standard process CTRL-A","resource":"functional test","start":"2026-01-23T06:42:21","end":"2026-01-24T00:00:00"}
[resource] input {"operation":"standard process CTRL-A","resource":"functional test","questionQuantity":-1,"operationQuantity":4,"loadQuantity":-1}
[resource] candidate {"demand":null,"start":"2026-01-23T06:42:21","end":"2026-01-24T00:00:00","feasible":true}
[resource] answer {"operation":"standard process CTRL-A","resource":"functional test","answerQuantity":1,"operationQuantity":4,"loadQuantity":-1}
[buffer] ask {"demand":null,"buffer":"microcontroller standard","requested":4,"date":"2026-01-23T08:42:21","onhand":150}
[buffer] answer {"demand":null,"buffer":"microcontroller standard","requested":4,"remainingShortage":0,"quantity":4,"date":"2030-12-31T00:00:00","plan":null}
[buffer] ask {"demand":null,"buffer":"pcb panel","requested":4,"date":"2026-01-23T08:42:21","onhand":223}
[buffer] answer {"demand":null,"buffer":"pcb panel","requested":4,"remainingShortage":0,"quantity":4,"date":"2030-12-31T00:00:00","plan":null}
[operation] answer {"demand":null,"operation":"standard process CTRL-A","quantity":4,"start":"2026-01-23T06:42:21","end":"2026-01-24T00:00:00"}
[operation] alternate-segment {"operation":"select process CTRL-A","alternate":"standard process CTRL-A","quantity":4,"remainingQuantity":0,"start":"2026-01-23T06:42:21","end":"2026-01-24T00:00:00"}
[operation] alternate-answer {"operation":"select process CTRL-A","quantity":4,"remainingQuantity":0,"nextDate":"2026-01-24T06:00:00"}
[buffer] replenish {"buffer":"controller A","iteration":0,"requested":4,"replenished":4,"producerDate":"2026-01-24T06:00:00","eventCountBefore":11,"eventCountAfter":12,"remaining":0}
[buffer] answer {"demand":null,"buffer":"controller A","requested":4,"remainingShortage":0,"quantity":4,"date":"2030-12-31T00:00:00","plan":"OperationPlan"}
[operation] answer {"demand":"electronics order 021 CTRL-A","operation":"ship CTRL-A","quantity":4,"start":"2026-01-24T00:00:00","end":"2026-01-24T02:00:00"}
[demand] reply {"demand":"electronics order 021 CTRL-A","attempt":1,"result":true,"quantity":4,"date":"2030-12-31T00:00:00"}
[demand] attempt {"demand":"electronics order 036 SENSOR-D","attempt":1,"quantity":5,"requestDate":"2026-01-27T20:00:00","lastDate":"2030-12-31T00:00:00"}
[operation] ask {"demand":"electronics order 036 SENSOR-D","operation":"ship SENSOR-D","quantity":5,"operationQuantity":5,"end":"2026-01-27T20:00:00","operationEnd":"2026-01-27T20:00:00"}
[buffer] ask {"demand":null,"buffer":"sensor D","requested":5,"date":"2026-01-27T18:00:00","onhand":2}
[buffer] shortage {"buffer":"sensor D","iteration":0,"date":"2026-01-27T18:00:00","onhand":-5,"shortage":5}
[operation] alternate-ask {"demand":null,"operation":"select process SENSOR-D","quantity":5,"end":"2026-01-27T18:00:00","alternates":["fast process SENSOR-D","standard process SENSOR-D"]}
[operation] alternate-try {"operation":"select process SENSOR-D","alternate":"fast process SENSOR-D","remainingQuantity":5,"childQuantity":5}
[operation] ask {"demand":null,"operation":"fast process SENSOR-D","quantity":5,"operationQuantity":5,"end":"2026-01-27T18:00:00","operationEnd":"2026-01-27T18:00:00"}
[operation] fixedtime-incomplete {"operation":"fast process SENSOR-D","quantity":5,"q":5,"preferEnd":true,"later":false,"forward":false,"efficiency":1.15,"requestedStart":"1971-01-01T00:00:00","requestedEnd":"2026-01-27T18:00:00","productionWanted":34435,"productionActual":34435,"productionStart":"2026-01-27T08:26:05","productionEnd":"2026-01-27T18:00:00","setupRequired":true,"expectedSetup":3130.434782608696,"setupActual":3130,"setupStart":"2026-01-27T07:33:55","setupEnd":"2026-01-27T08:26:05","setupResource":"smt highspeed","setupRule":true,"resources":[{"resource":"smt highspeed","quantity":1,"start":true},{"resource":"smt highspeed","quantity":-1,"start":false}]}
[resource] ask {"demand":null,"operation":"fast process SENSOR-D","resource":"smt highspeed","start":"2026-01-27T07:00:00","end":"2026-01-27T18:00:00"}
[resource] input {"operation":"fast process SENSOR-D","resource":"smt highspeed","questionQuantity":-1,"operationQuantity":5,"loadQuantity":-1}
[resource] candidate {"demand":null,"start":"2026-01-27T07:00:00","end":"2026-01-27T18:00:00","feasible":true}
[resource] answer {"operation":"fast process SENSOR-D","resource":"smt highspeed","answerQuantity":1,"operationQuantity":5,"loadQuantity":-1}
[load] resource-before-assignment {"operation":"fast process SENSOR-D","load":"","resource":"ict senior","originalQuantity":5,"plannedQuantity":5,"loadQuantity":-1}
[load] resource-after-assignment {"operation":"fast process SENSOR-D","load":"","resource":"ict senior","plannedQuantity":5,"loadQuantity":-1}
[operation] fixedtime-incomplete {"operation":"fast process SENSOR-D","quantity":5,"q":5,"preferEnd":true,"later":false,"forward":false,"efficiency":1.1,"requestedStart":"1971-01-01T00:00:00","requestedEnd":"2026-01-27T18:00:00","productionWanted":36000,"productionActual":36000,"productionStart":"2026-01-27T08:00:00","productionEnd":"2026-01-27T18:00:00","setupRequired":true,"expectedSetup":3272.7272727272725,"setupActual":3273,"setupStart":"2026-01-27T07:05:27","setupEnd":"2026-01-27T08:00:00","setupResource":"smt highspeed","setupRule":true,"resources":[{"resource":"smt highspeed","quantity":1,"start":true},{"resource":"smt highspeed","quantity":-1,"start":false},{"resource":"ict senior","quantity":1,"start":true},{"resource":"ict senior","quantity":-1,"start":false}]}
[resource] ask {"demand":null,"operation":"fast process SENSOR-D","resource":"ict senior","start":"2026-01-27T08:00:00","end":"2026-01-27T18:00:00"}
[resource] input {"operation":"fast process SENSOR-D","resource":"ict senior","questionQuantity":0,"operationQuantity":0,"loadQuantity":0}
[resource] candidate {"demand":null,"start":"2026-01-27T08:00:00","end":"2026-01-27T18:00:00","feasible":true}
[resource] answer {"operation":"fast process SENSOR-D","resource":"ict senior","answerQuantity":0,"operationQuantity":0,"loadQuantity":0}
[load] resource-trial {"operation":"fast process SENSOR-D","load":"","resource":"ict senior","answerQuantity":0,"plannedQuantity":0,"skillPriority":1,"answerDate":"2026-01-27T18:00:00"}
[load] resource-before-assignment {"operation":"fast process SENSOR-D","load":"","resource":"ict regular","originalQuantity":5,"plannedQuantity":5,"loadQuantity":-1}
[operation] fixedtime-incomplete {"operation":"fast process SENSOR-D","quantity":5,"q":5,"preferEnd":true,"later":false,"forward":false,"efficiency":0.95,"requestedStart":"1971-01-01T00:00:00","requestedEnd":"2026-01-27T18:00:00","productionWanted":41684,"productionActual":41684,"productionStart":"2026-01-27T06:25:16","productionEnd":"2026-01-27T18:00:00","setupRequired":true,"expectedSetup":3789.4736842105267,"setupActual":3789,"setupStart":"2026-01-27T05:22:07","setupEnd":"2026-01-27T06:25:16","setupResource":"smt highspeed","setupRule":true,"resources":[{"resource":"smt highspeed","quantity":1,"start":true},{"resource":"smt highspeed","quantity":-1,"start":false},{"resource":"ict regular","quantity":1,"start":true},{"resource":"ict regular","quantity":-1,"start":false}]}
[load] resource-after-assignment {"operation":"fast process SENSOR-D","load":"","resource":"ict regular","plannedQuantity":0,"loadQuantity":0}
[resource] ask {"demand":null,"operation":"fast process SENSOR-D","resource":"ict regular","start":"2026-01-27T06:25:16","end":"2026-01-27T18:00:00"}
[resource] input {"operation":"fast process SENSOR-D","resource":"ict regular","questionQuantity":0,"operationQuantity":0,"loadQuantity":0}
[resource] candidate {"demand":null,"start":"2026-01-27T06:25:16","end":"2026-01-27T18:00:00","feasible":true}
[resource] answer {"operation":"fast process SENSOR-D","resource":"ict regular","answerQuantity":0,"operationQuantity":0,"loadQuantity":0}
[load] resource-trial {"operation":"fast process SENSOR-D","load":"","resource":"ict regular","answerQuantity":0,"plannedQuantity":0,"skillPriority":2,"answerDate":"2026-01-27T18:00:00"}
[load] resource-rejected {"operation":"fast process SENSOR-D","load":"","candidateCount":3,"qualifiedResourceExists":true,"minimumNextDate":"2026-01-27T18:00:00"}
[operation] capacity-reject {"demand":null,"operation":"fast process SENSOR-D","start":"2026-01-27T06:25:16","end":"2026-01-27T18:00:00","answerQuantity":0,"answerDate":"2026-01-27T18:00:00"}
[operation] alternate-reject {"operation":"select process SENSOR-D","alternate":"fast process SENSOR-D","quantity":0,"nextDate":"2026-01-28T00:00:00"}
[operation] alternate-try {"operation":"select process SENSOR-D","alternate":"standard process SENSOR-D","remainingQuantity":5,"childQuantity":5}
[operation] ask {"demand":null,"operation":"standard process SENSOR-D","quantity":5,"operationQuantity":5,"end":"2026-01-27T18:00:00","operationEnd":"2026-01-27T18:00:00"}
[resource] ask {"demand":null,"operation":"standard process SENSOR-D","resource":"smt standard","start":"2026-01-26T23:10:35","end":"2026-01-27T18:00:00"}
[resource] input {"operation":"standard process SENSOR-D","resource":"smt standard","questionQuantity":-1,"operationQuantity":5,"loadQuantity":-1}
[resource] candidate {"demand":null,"start":"2026-01-26T23:10:35","end":"2026-01-27T18:00:00","feasible":true}
[resource] answer {"operation":"standard process SENSOR-D","resource":"smt standard","answerQuantity":1,"operationQuantity":5,"loadQuantity":-1}
[resource] ask {"demand":null,"operation":"standard process SENSOR-D","resource":"functional test","start":"2026-01-26T23:10:35","end":"2026-01-27T18:00:00"}
[resource] input {"operation":"standard process SENSOR-D","resource":"functional test","questionQuantity":-1,"operationQuantity":5,"loadQuantity":-1}
[resource] candidate {"demand":null,"start":"2026-01-26T23:10:35","end":"2026-01-27T18:00:00","feasible":true}
[resource] answer {"operation":"standard process SENSOR-D","resource":"functional test","answerQuantity":1,"operationQuantity":5,"loadQuantity":-1}
[buffer] ask {"demand":null,"buffer":"microcontroller standard","requested":5,"date":"2026-01-26T23:10:35","onhand":134}
[buffer] answer {"demand":null,"buffer":"microcontroller standard","requested":5,"remainingShortage":0,"quantity":5,"date":"2030-12-31T00:00:00","plan":null}
[buffer] ask {"demand":null,"buffer":"sensor die","requested":5,"date":"2026-01-26T23:10:35","onhand":122}
[buffer] answer {"demand":null,"buffer":"sensor die","requested":5,"remainingShortage":0,"quantity":5,"date":"2030-12-31T00:00:00","plan":null}
[operation] answer {"demand":null,"operation":"standard process SENSOR-D","quantity":5,"start":"2026-01-26T23:10:35","end":"2026-01-27T18:00:00"}
[operation] alternate-segment {"operation":"select process SENSOR-D","alternate":"standard process SENSOR-D","quantity":5,"remainingQuantity":0,"start":"2026-01-26T23:10:35","end":"2026-01-27T18:00:00"}
[operation] alternate-answer {"operation":"select process SENSOR-D","quantity":5,"remainingQuantity":0,"nextDate":"2026-01-28T00:00:00"}
[buffer] replenish {"buffer":"sensor D","iteration":0,"requested":5,"replenished":5,"producerDate":"2026-01-28T00:00:00","eventCountBefore":11,"eventCountAfter":12,"remaining":0}
[buffer] answer {"demand":null,"buffer":"sensor D","requested":5,"remainingShortage":0,"quantity":5,"date":"2030-12-31T00:00:00","plan":"OperationPlan"}
[operation] answer {"demand":"electronics order 036 SENSOR-D","operation":"ship SENSOR-D","quantity":5,"start":"2026-01-27T18:00:00","end":"2026-01-27T20:00:00"}
[demand] reply {"demand":"electronics order 036 SENSOR-D","attempt":1,"result":true,"quantity":5,"date":"2030-12-31T00:00:00"}
[demand] attempt {"demand":"electronics order 051 SENSOR-C","attempt":1,"quantity":4,"requestDate":"2026-01-31T14:00:00","lastDate":"2030-12-31T00:00:00"}
[operation] ask {"demand":"electronics order 051 SENSOR-C","operation":"ship SENSOR-C","quantity":4,"operationQuantity":4,"end":"2026-01-31T14:00:00","operationEnd":"2026-01-31T14:00:00"}
[buffer] ask {"demand":null,"buffer":"sensor C","requested":4,"date":"2026-01-31T12:00:00","onhand":2}
[buffer] shortage {"buffer":"sensor C","iteration":0,"date":"2026-01-31T12:00:00","onhand":-4,"shortage":4}
[operation] alternate-ask {"demand":null,"operation":"select process SENSOR-C","quantity":4,"end":"2026-01-31T12:00:00","alternates":["fast process SENSOR-C","standard process SENSOR-C"]}
[operation] alternate-try {"operation":"select process SENSOR-C","alternate":"fast process SENSOR-C","remainingQuantity":4,"childQuantity":4}
[operation] ask {"demand":null,"operation":"fast process SENSOR-C","quantity":4,"operationQuantity":4,"end":"2026-01-31T12:00:00","operationEnd":"2026-01-31T12:00:00"}
[operation] fixedtime-incomplete {"operation":"fast process SENSOR-C","quantity":4,"q":4,"preferEnd":true,"later":false,"forward":false,"efficiency":1.15,"requestedStart":"1971-01-01T00:00:00","requestedEnd":"2026-01-31T12:00:00","productionWanted":31304,"productionActual":31304,"productionStart":"2026-01-31T03:18:16","productionEnd":"2026-01-31T12:00:00","setupRequired":true,"expectedSetup":3130.434782608696,"setupActual":3130,"setupStart":"2026-01-31T02:26:06","setupEnd":"2026-01-31T03:18:16","setupResource":"smt highspeed","setupRule":true,"resources":[{"resource":"smt highspeed","quantity":1,"start":true},{"resource":"smt highspeed","quantity":-1,"start":false}]}
[resource] ask {"demand":null,"operation":"fast process SENSOR-C","resource":"smt highspeed","start":"2026-01-31T01:54:33","end":"2026-01-31T12:00:00"}
[resource] input {"operation":"fast process SENSOR-C","resource":"smt highspeed","questionQuantity":-1,"operationQuantity":4,"loadQuantity":-1}
[resource] candidate {"demand":null,"start":"2026-01-31T01:54:33","end":"2026-01-31T12:00:00","feasible":true}
[resource] answer {"operation":"fast process SENSOR-C","resource":"smt highspeed","answerQuantity":1,"operationQuantity":4,"loadQuantity":-1}
[load] resource-before-assignment {"operation":"fast process SENSOR-C","load":"","resource":"ict senior","originalQuantity":4,"plannedQuantity":4,"loadQuantity":-1}
[load] resource-after-assignment {"operation":"fast process SENSOR-C","load":"","resource":"ict senior","plannedQuantity":4,"loadQuantity":-1}
[operation] fixedtime-incomplete {"operation":"fast process SENSOR-C","quantity":4,"q":4,"preferEnd":true,"later":false,"forward":false,"efficiency":1.1,"requestedStart":"1971-01-01T00:00:00","requestedEnd":"2026-01-31T12:00:00","productionWanted":32727,"productionActual":32727,"productionStart":"2026-01-31T02:54:33","productionEnd":"2026-01-31T12:00:00","setupRequired":true,"expectedSetup":3272.7272727272725,"setupActual":3273,"setupStart":"2026-01-31T02:00:00","setupEnd":"2026-01-31T02:54:33","setupResource":"smt highspeed","setupRule":true,"resources":[{"resource":"smt highspeed","quantity":1,"start":true},{"resource":"smt highspeed","quantity":-1,"start":false},{"resource":"ict senior","quantity":1,"start":true},{"resource":"ict senior","quantity":-1,"start":false}]}
[resource] ask {"demand":null,"operation":"fast process SENSOR-C","resource":"ict senior","start":"2026-01-31T02:54:33","end":"2026-01-31T12:00:00"}
[resource] input {"operation":"fast process SENSOR-C","resource":"ict senior","questionQuantity":0,"operationQuantity":0,"loadQuantity":0}
[resource] candidate {"demand":null,"start":"2026-01-31T02:54:33","end":"2026-01-31T12:00:00","feasible":true}
[resource] answer {"operation":"fast process SENSOR-C","resource":"ict senior","answerQuantity":0,"operationQuantity":0,"loadQuantity":0}
[load] resource-trial {"operation":"fast process SENSOR-C","load":"","resource":"ict senior","answerQuantity":0,"plannedQuantity":0,"skillPriority":1,"answerDate":"2026-01-31T12:00:00"}
[load] resource-before-assignment {"operation":"fast process SENSOR-C","load":"","resource":"ict regular","originalQuantity":4,"plannedQuantity":4,"loadQuantity":-1}
[operation] fixedtime-incomplete {"operation":"fast process SENSOR-C","quantity":4,"q":4,"preferEnd":true,"later":false,"forward":false,"efficiency":0.95,"requestedStart":"1971-01-01T00:00:00","requestedEnd":"2026-01-31T12:00:00","productionWanted":37895,"productionActual":37895,"productionStart":"2026-01-31T01:28:25","productionEnd":"2026-01-31T12:00:00","setupRequired":true,"expectedSetup":3789.4736842105267,"setupActual":3789,"setupStart":"2026-01-31T00:25:16","setupEnd":"2026-01-31T01:28:25","setupResource":"smt highspeed","setupRule":true,"resources":[{"resource":"smt highspeed","quantity":1,"start":true},{"resource":"smt highspeed","quantity":-1,"start":false},{"resource":"ict regular","quantity":1,"start":true},{"resource":"ict regular","quantity":-1,"start":false}]}
[load] resource-after-assignment {"operation":"fast process SENSOR-C","load":"","resource":"ict regular","plannedQuantity":0,"loadQuantity":0}
[resource] ask {"demand":null,"operation":"fast process SENSOR-C","resource":"ict regular","start":"2026-01-31T01:28:25","end":"2026-01-31T12:00:00"}
[resource] input {"operation":"fast process SENSOR-C","resource":"ict regular","questionQuantity":0,"operationQuantity":0,"loadQuantity":0}
[resource] candidate {"demand":null,"start":"2026-01-31T01:28:25","end":"2026-01-31T12:00:00","feasible":true}
[resource] answer {"operation":"fast process SENSOR-C","resource":"ict regular","answerQuantity":0,"operationQuantity":0,"loadQuantity":0}
[load] resource-trial {"operation":"fast process SENSOR-C","load":"","resource":"ict regular","answerQuantity":0,"plannedQuantity":0,"skillPriority":2,"answerDate":"2026-01-31T12:00:00"}
[load] resource-rejected {"operation":"fast process SENSOR-C","load":"","candidateCount":3,"qualifiedResourceExists":true,"minimumNextDate":"2026-01-31T12:00:00"}
[operation] capacity-reject {"demand":null,"operation":"fast process SENSOR-C","start":"2026-01-31T01:28:25","end":"2026-01-31T12:00:00","answerQuantity":0,"answerDate":"2026-01-31T12:00:00"}
[operation] alternate-reject {"operation":"select process SENSOR-C","alternate":"fast process SENSOR-C","quantity":0,"nextDate":"2026-01-31T18:00:00"}
[operation] alternate-try {"operation":"select process SENSOR-C","alternate":"standard process SENSOR-C","remainingQuantity":4,"childQuantity":4}
[operation] ask {"demand":null,"operation":"standard process SENSOR-C","quantity":4,"operationQuantity":4,"end":"2026-01-31T12:00:00","operationEnd":"2026-01-31T12:00:00"}
[operation] fixedtime-incomplete {"operation":"standard process SENSOR-C","quantity":4,"q":4,"preferEnd":true,"later":false,"forward":false,"efficiency":0.85,"requestedStart":"1971-01-01T00:00:00","requestedEnd":"2026-01-31T12:00:00","productionWanted":63529,"productionActual":63529,"productionStart":"2026-01-30T18:21:11","productionEnd":"2026-01-31T12:00:00","setupRequired":true,"expectedSetup":12705.882352941177,"setupActual":12706,"setupStart":"2026-01-30T14:49:25","setupEnd":"2026-01-30T18:21:11","setupResource":"smt standard","setupRule":true,"resources":[{"resource":"smt standard","quantity":1,"start":true},{"resource":"smt standard","quantity":-1,"start":false}]}
[resource] ask {"demand":null,"operation":"standard process SENSOR-C","resource":"smt standard","start":"2026-01-30T15:21:11","end":"2026-01-31T12:00:00"}
[resource] input {"operation":"standard process SENSOR-C","resource":"smt standard","questionQuantity":-1,"operationQuantity":4,"loadQuantity":-1}
[resource] candidate {"demand":null,"start":"2026-01-30T15:21:11","end":"2026-01-31T12:00:00","feasible":true}
[resource] answer {"operation":"standard process SENSOR-C","resource":"smt standard","answerQuantity":1,"operationQuantity":4,"loadQuantity":-1}
[resource] ask {"demand":null,"operation":"standard process SENSOR-C","resource":"functional test","start":"2026-01-30T15:21:11","end":"2026-01-31T12:00:00"}
[resource] input {"operation":"standard process SENSOR-C","resource":"functional test","questionQuantity":-1,"operationQuantity":4,"loadQuantity":-1}
[resource] candidate {"demand":null,"start":"2026-01-30T15:21:11","end":"2026-01-31T12:00:00","feasible":true}
[resource] answer {"operation":"standard process SENSOR-C","resource":"functional test","answerQuantity":1,"operationQuantity":4,"loadQuantity":-1}
[buffer] ask {"demand":null,"buffer":"microcontroller standard","requested":4,"date":"2026-01-30T18:21:11","onhand":116}
[buffer] answer {"demand":null,"buffer":"microcontroller standard","requested":4,"remainingShortage":0,"quantity":4,"date":"2030-12-31T00:00:00","plan":null}
[buffer] ask {"demand":null,"buffer":"sensor die","requested":4,"date":"2026-01-30T18:21:11","onhand":110}
[buffer] answer {"demand":null,"buffer":"sensor die","requested":4,"remainingShortage":0,"quantity":4,"date":"2030-12-31T00:00:00","plan":null}
[operation] answer {"demand":null,"operation":"standard process SENSOR-C","quantity":4,"start":"2026-01-30T15:21:11","end":"2026-01-31T12:00:00"}
[operation] alternate-segment {"operation":"select process SENSOR-C","alternate":"standard process SENSOR-C","quantity":4,"remainingQuantity":0,"start":"2026-01-30T15:21:11","end":"2026-01-31T12:00:00"}
[operation] alternate-answer {"operation":"select process SENSOR-C","quantity":4,"remainingQuantity":0,"nextDate":"2026-01-31T18:00:00"}
[buffer] replenish {"buffer":"sensor C","iteration":0,"requested":4,"replenished":4,"producerDate":"2026-01-31T18:00:00","eventCountBefore":11,"eventCountAfter":12,"remaining":0}
[buffer] answer {"demand":null,"buffer":"sensor C","requested":4,"remainingShortage":0,"quantity":4,"date":"2030-12-31T00:00:00","plan":"OperationPlan"}
[operation] answer {"demand":"electronics order 051 SENSOR-C","operation":"ship SENSOR-C","quantity":4,"start":"2026-01-31T12:00:00","end":"2026-01-31T14:00:00"}
[demand] reply {"demand":"electronics order 051 SENSOR-C","attempt":1,"result":true,"quantity":4,"date":"2030-12-31T00:00:00"}
[demand] attempt {"demand":"electronics order 007 SENSOR-C","attempt":1,"quantity":1,"requestDate":"2026-01-20T14:00:00","lastDate":"2030-12-31T00:00:00"}
[operation] ask {"demand":"electronics order 007 SENSOR-C","operation":"ship SENSOR-C","quantity":1,"operationQuantity":1,"end":"2026-01-20T14:00:00","operationEnd":"2026-01-20T14:00:00"}
[buffer] ask {"demand":null,"buffer":"sensor C","requested":1,"date":"2026-01-20T12:00:00","onhand":4}
[buffer] shortage {"buffer":"sensor C","iteration":0,"date":"2026-01-20T12:00:00","onhand":-1,"shortage":1}
[operation] alternate-ask {"demand":null,"operation":"select process SENSOR-C","quantity":1,"end":"2026-01-20T12:00:00","alternates":["fast process SENSOR-C","standard process SENSOR-C"]}
[operation] alternate-try {"operation":"select process SENSOR-C","alternate":"fast process SENSOR-C","remainingQuantity":1,"childQuantity":1}
[operation] ask {"demand":null,"operation":"fast process SENSOR-C","quantity":1,"operationQuantity":1,"end":"2026-01-20T12:00:00","operationEnd":"2026-01-20T12:00:00"}
[operation] fixedtime-incomplete {"operation":"fast process SENSOR-C","quantity":1,"q":1,"preferEnd":true,"later":false,"forward":false,"efficiency":1.15,"requestedStart":"1971-01-01T00:00:00","requestedEnd":"2026-01-20T12:00:00","productionWanted":31304,"productionActual":31304,"productionStart":"2026-01-20T03:18:16","productionEnd":"2026-01-20T12:00:00","setupRequired":true,"expectedSetup":3130.434782608696,"setupActual":3130,"setupStart":"2026-01-20T02:26:06","setupEnd":"2026-01-20T03:18:16","setupResource":"smt highspeed","setupRule":true,"resources":[{"resource":"smt highspeed","quantity":1,"start":true},{"resource":"smt highspeed","quantity":-1,"start":false}]}
[resource] ask {"demand":null,"operation":"fast process SENSOR-C","resource":"smt highspeed","start":"2026-01-20T01:54:33","end":"2026-01-20T12:00:00"}
[resource] input {"operation":"fast process SENSOR-C","resource":"smt highspeed","questionQuantity":-1,"operationQuantity":1,"loadQuantity":-1}
[resource] candidate {"demand":null,"start":"2026-01-20T01:54:33","end":"2026-01-20T12:00:00","feasible":true}
[resource] answer {"operation":"fast process SENSOR-C","resource":"smt highspeed","answerQuantity":1,"operationQuantity":1,"loadQuantity":-1}
[load] resource-before-assignment {"operation":"fast process SENSOR-C","load":"","resource":"ict senior","originalQuantity":1,"plannedQuantity":1,"loadQuantity":-1}
[load] resource-after-assignment {"operation":"fast process SENSOR-C","load":"","resource":"ict senior","plannedQuantity":1,"loadQuantity":-1}
[operation] fixedtime-incomplete {"operation":"fast process SENSOR-C","quantity":1,"q":1,"preferEnd":true,"later":false,"forward":false,"efficiency":1.1,"requestedStart":"1971-01-01T00:00:00","requestedEnd":"2026-01-20T12:00:00","productionWanted":32727,"productionActual":32727,"productionStart":"2026-01-20T02:54:33","productionEnd":"2026-01-20T12:00:00","setupRequired":true,"expectedSetup":3272.7272727272725,"setupActual":3273,"setupStart":"2026-01-20T02:00:00","setupEnd":"2026-01-20T02:54:33","setupResource":"smt highspeed","setupRule":true,"resources":[{"resource":"smt highspeed","quantity":1,"start":true},{"resource":"smt highspeed","quantity":-1,"start":false},{"resource":"ict senior","quantity":1,"start":true},{"resource":"ict senior","quantity":-1,"start":false}]}
[resource] ask {"demand":null,"operation":"fast process SENSOR-C","resource":"ict senior","start":"2026-01-20T02:54:33","end":"2026-01-20T12:00:00"}
[resource] input {"operation":"fast process SENSOR-C","resource":"ict senior","questionQuantity":0,"operationQuantity":0,"loadQuantity":0}
[resource] candidate {"demand":null,"start":"2026-01-20T02:54:33","end":"2026-01-20T12:00:00","feasible":true}
[resource] answer {"operation":"fast process SENSOR-C","resource":"ict senior","answerQuantity":0,"operationQuantity":0,"loadQuantity":0}
[load] resource-trial {"operation":"fast process SENSOR-C","load":"","resource":"ict senior","answerQuantity":0,"plannedQuantity":0,"skillPriority":1,"answerDate":"2026-01-20T12:00:00"}
[load] resource-before-assignment {"operation":"fast process SENSOR-C","load":"","resource":"ict regular","originalQuantity":1,"plannedQuantity":1,"loadQuantity":-1}
[operation] fixedtime-incomplete {"operation":"fast process SENSOR-C","quantity":1,"q":1,"preferEnd":true,"later":false,"forward":false,"efficiency":0.95,"requestedStart":"1971-01-01T00:00:00","requestedEnd":"2026-01-20T12:00:00","productionWanted":37895,"productionActual":37895,"productionStart":"2026-01-20T01:28:25","productionEnd":"2026-01-20T12:00:00","setupRequired":true,"expectedSetup":3789.4736842105267,"setupActual":3789,"setupStart":"2026-01-20T00:25:16","setupEnd":"2026-01-20T01:28:25","setupResource":"smt highspeed","setupRule":true,"resources":[{"resource":"smt highspeed","quantity":1,"start":true},{"resource":"smt highspeed","quantity":-1,"start":false},{"resource":"ict regular","quantity":1,"start":true},{"resource":"ict regular","quantity":-1,"start":false}]}
[load] resource-after-assignment {"operation":"fast process SENSOR-C","load":"","resource":"ict regular","plannedQuantity":0,"loadQuantity":0}
[resource] ask {"demand":null,"operation":"fast process SENSOR-C","resource":"ict regular","start":"2026-01-20T01:28:25","end":"2026-01-20T12:00:00"}
[resource] input {"operation":"fast process SENSOR-C","resource":"ict regular","questionQuantity":0,"operationQuantity":0,"loadQuantity":0}
[resource] candidate {"demand":null,"start":"2026-01-20T01:28:25","end":"2026-01-20T12:00:00","feasible":true}
[resource] answer {"operation":"fast process SENSOR-C","resource":"ict regular","answerQuantity":0,"operationQuantity":0,"loadQuantity":0}
[load] resource-trial {"operation":"fast process SENSOR-C","load":"","resource":"ict regular","answerQuantity":0,"plannedQuantity":0,"skillPriority":2,"answerDate":"2026-01-20T12:00:00"}
[load] resource-rejected {"operation":"fast process SENSOR-C","load":"","candidateCount":3,"qualifiedResourceExists":true,"minimumNextDate":"2026-01-20T12:00:00"}
[operation] capacity-reject {"demand":null,"operation":"fast process SENSOR-C","start":"2026-01-20T01:28:25","end":"2026-01-20T12:00:00","answerQuantity":0,"answerDate":"2026-01-20T12:00:00"}
[operation] alternate-reject {"operation":"select process SENSOR-C","alternate":"fast process SENSOR-C","quantity":0,"nextDate":"2026-01-20T18:00:00"}
[operation] alternate-try {"operation":"select process SENSOR-C","alternate":"standard process SENSOR-C","remainingQuantity":1,"childQuantity":1}
[operation] ask {"demand":null,"operation":"standard process SENSOR-C","quantity":1,"operationQuantity":1,"end":"2026-01-20T12:00:00","operationEnd":"2026-01-20T12:00:00"}
[operation] fixedtime-incomplete {"operation":"standard process SENSOR-C","quantity":1,"q":1,"preferEnd":true,"later":false,"forward":false,"efficiency":0.85,"requestedStart":"1971-01-01T00:00:00","requestedEnd":"2026-01-20T12:00:00","productionWanted":63529,"productionActual":63529,"productionStart":"2026-01-19T18:21:11","productionEnd":"2026-01-20T12:00:00","setupRequired":true,"expectedSetup":12705.882352941177,"setupActual":12706,"setupStart":"2026-01-19T14:49:25","setupEnd":"2026-01-19T18:21:11","setupResource":"smt standard","setupRule":true,"resources":[{"resource":"smt standard","quantity":1,"start":true},{"resource":"smt standard","quantity":-1,"start":false}]}
[resource] ask {"demand":null,"operation":"standard process SENSOR-C","resource":"smt standard","start":"2026-01-19T15:21:11","end":"2026-01-20T12:00:00"}
[resource] input {"operation":"standard process SENSOR-C","resource":"smt standard","questionQuantity":-1,"operationQuantity":1,"loadQuantity":-1}
[resource] candidate {"demand":null,"start":"2026-01-19T15:21:11","end":"2026-01-20T12:00:00","feasible":true}
[resource] answer {"operation":"standard process SENSOR-C","resource":"smt standard","answerQuantity":1,"operationQuantity":1,"loadQuantity":-1}
[resource] ask {"demand":null,"operation":"standard process SENSOR-C","resource":"functional test","start":"2026-01-19T15:21:11","end":"2026-01-20T12:00:00"}
[resource] input {"operation":"standard process SENSOR-C","resource":"functional test","questionQuantity":-1,"operationQuantity":1,"loadQuantity":-1}
[resource] candidate {"demand":null,"start":"2026-01-19T15:21:11","end":"2026-01-20T12:00:00","feasible":true}
[resource] answer {"operation":"standard process SENSOR-C","resource":"functional test","answerQuantity":1,"operationQuantity":1,"loadQuantity":-1}
[buffer] ask {"demand":null,"buffer":"microcontroller standard","requested":1,"date":"2026-01-19T18:21:11","onhand":163}
[buffer] answer {"demand":null,"buffer":"microcontroller standard","requested":1,"remainingShortage":0,"quantity":1,"date":"2030-12-31T00:00:00","plan":null}
[buffer] ask {"demand":null,"buffer":"sensor die","requested":1,"date":"2026-01-19T18:21:11","onhand":133}
[buffer] answer {"demand":null,"buffer":"sensor die","requested":1,"remainingShortage":0,"quantity":1,"date":"2030-12-31T00:00:00","plan":null}
[operation] answer {"demand":null,"operation":"standard process SENSOR-C","quantity":1,"start":"2026-01-19T15:21:11","end":"2026-01-20T12:00:00"}
[operation] alternate-segment {"operation":"select process SENSOR-C","alternate":"standard process SENSOR-C","quantity":1,"remainingQuantity":0,"start":"2026-01-19T15:21:11","end":"2026-01-20T12:00:00"}
[operation] alternate-answer {"operation":"select process SENSOR-C","quantity":1,"remainingQuantity":0,"nextDate":"2026-01-20T18:00:00"}
[buffer] replenish {"buffer":"sensor C","iteration":0,"requested":1,"replenished":1,"producerDate":"2026-01-20T18:00:00","eventCountBefore":13,"eventCountAfter":14,"remaining":0}
[buffer] answer {"demand":null,"buffer":"sensor C","requested":1,"remainingShortage":0,"quantity":1,"date":"2030-12-31T00:00:00","plan":"OperationPlan"}
[operation] answer {"demand":"electronics order 007 SENSOR-C","operation":"ship SENSOR-C","quantity":1,"start":"2026-01-20T12:00:00","end":"2026-01-20T14:00:00"}
[demand] reply {"demand":"electronics order 007 SENSOR-C","attempt":1,"result":true,"quantity":1,"date":"2030-12-31T00:00:00"}
[demand] attempt {"demand":"electronics order 022 CTRL-B","attempt":1,"quantity":3,"requestDate":"2026-01-24T08:00:00","lastDate":"2030-12-31T00:00:00"}
[operation] ask {"demand":"electronics order 022 CTRL-B","operation":"ship CTRL-B","quantity":3,"operationQuantity":3,"end":"2026-01-24T08:00:00","operationEnd":"2026-01-24T08:00:00"}
[buffer] ask {"demand":null,"buffer":"controller B","requested":3,"date":"2026-01-24T06:00:00","onhand":5}
[buffer] shortage {"buffer":"controller B","iteration":0,"date":"2026-01-24T06:00:00","onhand":-3,"shortage":3}
[operation] alternate-ask {"demand":null,"operation":"select process CTRL-B","quantity":3,"end":"2026-01-24T06:00:00","alternates":["fast process CTRL-B","standard process CTRL-B"]}
[operation] alternate-try {"operation":"select process CTRL-B","alternate":"fast process CTRL-B","remainingQuantity":3,"childQuantity":3}
[operation] ask {"demand":null,"operation":"fast process CTRL-B","quantity":3,"operationQuantity":3,"end":"2026-01-24T06:00:00","operationEnd":"2026-01-24T06:00:00"}
[operation] fixedtime-incomplete {"operation":"fast process CTRL-B","quantity":3,"q":3,"preferEnd":true,"later":false,"forward":false,"efficiency":1.15,"requestedStart":"1971-01-01T00:00:00","requestedEnd":"2026-01-24T06:00:00","productionWanted":28174,"productionActual":28174,"productionStart":"2026-01-23T22:10:26","productionEnd":"2026-01-24T06:00:00","setupRequired":true,"expectedSetup":3130.434782608696,"setupActual":3130,"setupStart":"2026-01-23T21:18:16","setupEnd":"2026-01-23T22:10:26","setupResource":"smt highspeed","setupRule":true,"resources":[{"resource":"smt highspeed","quantity":1,"start":true},{"resource":"smt highspeed","quantity":-1,"start":false}]}
[resource] ask {"demand":null,"operation":"fast process CTRL-B","resource":"smt highspeed","start":"2026-01-23T20:49:05","end":"2026-01-24T06:00:00"}
[resource] input {"operation":"fast process CTRL-B","resource":"smt highspeed","questionQuantity":-1,"operationQuantity":3,"loadQuantity":-1}
[resource] candidate {"demand":null,"start":"2026-01-23T20:49:05","end":"2026-01-24T06:00:00","feasible":true}
[resource] answer {"operation":"fast process CTRL-B","resource":"smt highspeed","answerQuantity":1,"operationQuantity":3,"loadQuantity":-1}
[load] resource-before-assignment {"operation":"fast process CTRL-B","load":"","resource":"ict senior","originalQuantity":3,"plannedQuantity":3,"loadQuantity":-1}
[load] resource-after-assignment {"operation":"fast process CTRL-B","load":"","resource":"ict senior","plannedQuantity":3,"loadQuantity":-1}
[operation] fixedtime-incomplete {"operation":"fast process CTRL-B","quantity":3,"q":3,"preferEnd":true,"later":false,"forward":false,"efficiency":1.1,"requestedStart":"1971-01-01T00:00:00","requestedEnd":"2026-01-24T06:00:00","productionWanted":29455,"productionActual":29455,"productionStart":"2026-01-23T21:49:05","productionEnd":"2026-01-24T06:00:00","setupRequired":true,"expectedSetup":3272.7272727272725,"setupActual":3273,"setupStart":"2026-01-23T20:54:32","setupEnd":"2026-01-23T21:49:05","setupResource":"smt highspeed","setupRule":true,"resources":[{"resource":"smt highspeed","quantity":1,"start":true},{"resource":"smt highspeed","quantity":-1,"start":false},{"resource":"ict senior","quantity":1,"start":true},{"resource":"ict senior","quantity":-1,"start":false}]}
[resource] ask {"demand":null,"operation":"fast process CTRL-B","resource":"ict senior","start":"2026-01-23T21:49:05","end":"2026-01-24T06:00:00"}
[resource] input {"operation":"fast process CTRL-B","resource":"ict senior","questionQuantity":0,"operationQuantity":0,"loadQuantity":0}
[resource] candidate {"demand":null,"start":"2026-01-23T21:49:05","end":"2026-01-24T06:00:00","feasible":true}
[resource] answer {"operation":"fast process CTRL-B","resource":"ict senior","answerQuantity":0,"operationQuantity":0,"loadQuantity":0}
[load] resource-trial {"operation":"fast process CTRL-B","load":"","resource":"ict senior","answerQuantity":0,"plannedQuantity":0,"skillPriority":1,"answerDate":"2026-01-24T06:00:00"}
[load] resource-before-assignment {"operation":"fast process CTRL-B","load":"","resource":"ict regular","originalQuantity":3,"plannedQuantity":3,"loadQuantity":-1}
[operation] fixedtime-incomplete {"operation":"fast process CTRL-B","quantity":3,"q":3,"preferEnd":true,"later":false,"forward":false,"efficiency":0.95,"requestedStart":"1971-01-01T00:00:00","requestedEnd":"2026-01-24T06:00:00","productionWanted":34105,"productionActual":34105,"productionStart":"2026-01-23T20:31:35","productionEnd":"2026-01-24T06:00:00","setupRequired":true,"expectedSetup":3789.4736842105267,"setupActual":3789,"setupStart":"2026-01-23T19:28:26","setupEnd":"2026-01-23T20:31:35","setupResource":"smt highspeed","setupRule":true,"resources":[{"resource":"smt highspeed","quantity":1,"start":true},{"resource":"smt highspeed","quantity":-1,"start":false},{"resource":"ict regular","quantity":1,"start":true},{"resource":"ict regular","quantity":-1,"start":false}]}
[load] resource-after-assignment {"operation":"fast process CTRL-B","load":"","resource":"ict regular","plannedQuantity":0,"loadQuantity":0}
[resource] ask {"demand":null,"operation":"fast process CTRL-B","resource":"ict regular","start":"2026-01-23T20:31:35","end":"2026-01-24T06:00:00"}
[resource] input {"operation":"fast process CTRL-B","resource":"ict regular","questionQuantity":0,"operationQuantity":0,"loadQuantity":0}
[resource] candidate {"demand":null,"start":"2026-01-23T20:31:35","end":"2026-01-24T06:00:00","feasible":true}
[resource] answer {"operation":"fast process CTRL-B","resource":"ict regular","answerQuantity":0,"operationQuantity":0,"loadQuantity":0}
[load] resource-trial {"operation":"fast process CTRL-B","load":"","resource":"ict regular","answerQuantity":0,"plannedQuantity":0,"skillPriority":2,"answerDate":"2026-01-24T06:00:00"}
[load] resource-rejected {"operation":"fast process CTRL-B","load":"","candidateCount":3,"qualifiedResourceExists":true,"minimumNextDate":"2026-01-24T06:00:00"}
[operation] capacity-reject {"demand":null,"operation":"fast process CTRL-B","start":"2026-01-23T20:31:35","end":"2026-01-24T06:00:00","answerQuantity":0,"answerDate":"2026-01-24T06:00:00"}
[operation] alternate-reject {"operation":"select process CTRL-B","alternate":"fast process CTRL-B","quantity":0,"nextDate":"2026-01-24T12:00:00"}
[operation] alternate-try {"operation":"select process CTRL-B","alternate":"standard process CTRL-B","remainingQuantity":3,"childQuantity":3}
[operation] ask {"demand":null,"operation":"standard process CTRL-B","quantity":3,"operationQuantity":3,"end":"2026-01-24T06:00:00","operationEnd":"2026-01-24T06:00:00"}
[resource] ask {"demand":null,"operation":"standard process CTRL-B","resource":"smt standard","start":"2026-01-23T13:31:46","end":"2026-01-24T06:00:00"}
[resource] input {"operation":"standard process CTRL-B","resource":"smt standard","questionQuantity":-1,"operationQuantity":3,"loadQuantity":-1}
[resource] candidate {"demand":null,"start":"2026-01-23T13:31:46","end":"2026-01-24T06:00:00","feasible":true}
[resource] answer {"operation":"standard process CTRL-B","resource":"smt standard","answerQuantity":1,"operationQuantity":3,"loadQuantity":-1}
[resource] ask {"demand":null,"operation":"standard process CTRL-B","resource":"functional test","start":"2026-01-23T13:31:46","end":"2026-01-24T06:00:00"}
[resource] input {"operation":"standard process CTRL-B","resource":"functional test","questionQuantity":-1,"operationQuantity":3,"loadQuantity":-1}
[resource] candidate {"demand":null,"start":"2026-01-23T13:31:46","end":"2026-01-24T06:00:00","feasible":true}
[resource] answer {"operation":"standard process CTRL-B","resource":"functional test","answerQuantity":1,"operationQuantity":3,"loadQuantity":-1}
[buffer] ask {"demand":null,"buffer":"microcontroller standard","requested":3,"date":"2026-01-23T13:31:46","onhand":145}
[buffer] answer {"demand":null,"buffer":"microcontroller standard","requested":3,"remainingShortage":0,"quantity":3,"date":"2030-12-31T00:00:00","plan":null}
[buffer] ask {"demand":null,"buffer":"pcb panel","requested":3,"date":"2026-01-23T13:31:46","onhand":219}
[buffer] answer {"demand":null,"buffer":"pcb panel","requested":3,"remainingShortage":0,"quantity":3,"date":"2030-12-31T00:00:00","plan":null}
[operation] answer {"demand":null,"operation":"standard process CTRL-B","quantity":3,"start":"2026-01-23T13:31:46","end":"2026-01-24T06:00:00"}
[operation] alternate-segment {"operation":"select process CTRL-B","alternate":"standard process CTRL-B","quantity":3,"remainingQuantity":0,"start":"2026-01-23T13:31:46","end":"2026-01-24T06:00:00"}
[operation] alternate-answer {"operation":"select process CTRL-B","quantity":3,"remainingQuantity":0,"nextDate":"2026-01-24T12:00:00"}
[buffer] replenish {"buffer":"controller B","iteration":0,"requested":3,"replenished":3,"producerDate":"2026-01-24T12:00:00","eventCountBefore":13,"eventCountAfter":14,"remaining":0}
[buffer] answer {"demand":null,"buffer":"controller B","requested":3,"remainingShortage":0,"quantity":3,"date":"2030-12-31T00:00:00","plan":"OperationPlan"}
[operation] answer {"demand":"electronics order 022 CTRL-B","operation":"ship CTRL-B","quantity":3,"start":"2026-01-24T06:00:00","end":"2026-01-24T08:00:00"}
[demand] reply {"demand":"electronics order 022 CTRL-B","attempt":1,"result":true,"quantity":3,"date":"2030-12-31T00:00:00"}
[demand] attempt {"demand":"electronics order 037 CTRL-A","attempt":1,"quantity":1,"requestDate":"2026-01-28T02:00:00","lastDate":"2030-12-31T00:00:00"}
[operation] ask {"demand":"electronics order 037 CTRL-A","operation":"ship CTRL-A","quantity":1,"operationQuantity":1,"end":"2026-01-28T02:00:00","operationEnd":"2026-01-28T02:00:00"}
[buffer] ask {"demand":null,"buffer":"controller A","requested":1,"date":"2026-01-28T00:00:00","onhand":4}
[buffer] shortage {"buffer":"controller A","iteration":0,"date":"2026-01-28T00:00:00","onhand":-1,"shortage":1}
[operation] alternate-ask {"demand":null,"operation":"select process CTRL-A","quantity":1,"end":"2026-01-28T00:00:00","alternates":["fast process CTRL-A","standard process CTRL-A"]}
[operation] alternate-try {"operation":"select process CTRL-A","alternate":"fast process CTRL-A","remainingQuantity":1,"childQuantity":1}
[operation] ask {"demand":null,"operation":"fast process CTRL-A","quantity":1,"operationQuantity":1,"end":"2026-01-28T00:00:00","operationEnd":"2026-01-28T00:00:00"}
[operation] fixedtime-incomplete {"operation":"fast process CTRL-A","quantity":1,"q":1,"preferEnd":true,"later":false,"forward":false,"efficiency":1.15,"requestedStart":"1971-01-01T00:00:00","requestedEnd":"2026-01-28T00:00:00","productionWanted":25043,"productionActual":25043,"productionStart":"2026-01-27T17:02:37","productionEnd":"2026-01-28T00:00:00","setupRequired":true,"expectedSetup":3130.434782608696,"setupActual":3130,"setupStart":"2026-01-27T16:10:27","setupEnd":"2026-01-27T17:02:37","setupResource":"smt highspeed","setupRule":true,"resources":[{"resource":"smt highspeed","quantity":1,"start":true},{"resource":"smt highspeed","quantity":-1,"start":false}]}
[resource] ask {"demand":null,"operation":"fast process CTRL-A","resource":"smt highspeed","start":"2026-01-27T15:43:38","end":"2026-01-28T00:00:00"}
[resource] input {"operation":"fast process CTRL-A","resource":"smt highspeed","questionQuantity":-1,"operationQuantity":1,"loadQuantity":-1}
[resource] candidate {"demand":null,"start":"2026-01-27T15:43:38","end":"2026-01-28T00:00:00","feasible":true}
[resource] answer {"operation":"fast process CTRL-A","resource":"smt highspeed","answerQuantity":1,"operationQuantity":1,"loadQuantity":-1}
[load] resource-before-assignment {"operation":"fast process CTRL-A","load":"","resource":"ict senior","originalQuantity":1,"plannedQuantity":1,"loadQuantity":-1}
[load] resource-after-assignment {"operation":"fast process CTRL-A","load":"","resource":"ict senior","plannedQuantity":1,"loadQuantity":-1}
[operation] fixedtime-incomplete {"operation":"fast process CTRL-A","quantity":1,"q":1,"preferEnd":true,"later":false,"forward":false,"efficiency":1.1,"requestedStart":"1971-01-01T00:00:00","requestedEnd":"2026-01-28T00:00:00","productionWanted":26182,"productionActual":26182,"productionStart":"2026-01-27T16:43:38","productionEnd":"2026-01-28T00:00:00","setupRequired":true,"expectedSetup":3272.7272727272725,"setupActual":3273,"setupStart":"2026-01-27T15:49:05","setupEnd":"2026-01-27T16:43:38","setupResource":"smt highspeed","setupRule":true,"resources":[{"resource":"smt highspeed","quantity":1,"start":true},{"resource":"smt highspeed","quantity":-1,"start":false},{"resource":"ict senior","quantity":1,"start":true},{"resource":"ict senior","quantity":-1,"start":false}]}
[resource] ask {"demand":null,"operation":"fast process CTRL-A","resource":"ict senior","start":"2026-01-27T16:43:38","end":"2026-01-28T00:00:00"}
[resource] input {"operation":"fast process CTRL-A","resource":"ict senior","questionQuantity":0,"operationQuantity":0,"loadQuantity":0}
[resource] candidate {"demand":null,"start":"2026-01-27T16:43:38","end":"2026-01-28T00:00:00","feasible":true}
[resource] answer {"operation":"fast process CTRL-A","resource":"ict senior","answerQuantity":0,"operationQuantity":0,"loadQuantity":0}
[load] resource-trial {"operation":"fast process CTRL-A","load":"","resource":"ict senior","answerQuantity":0,"plannedQuantity":0,"skillPriority":1,"answerDate":"2026-01-28T00:00:00"}
[load] resource-before-assignment {"operation":"fast process CTRL-A","load":"","resource":"ict regular","originalQuantity":1,"plannedQuantity":1,"loadQuantity":-1}
[operation] fixedtime-incomplete {"operation":"fast process CTRL-A","quantity":1,"q":1,"preferEnd":true,"later":false,"forward":false,"efficiency":0.95,"requestedStart":"1971-01-01T00:00:00","requestedEnd":"2026-01-28T00:00:00","productionWanted":30316,"productionActual":30316,"productionStart":"2026-01-27T15:34:44","productionEnd":"2026-01-28T00:00:00","setupRequired":true,"expectedSetup":3789.4736842105267,"setupActual":3789,"setupStart":"2026-01-27T14:31:35","setupEnd":"2026-01-27T15:34:44","setupResource":"smt highspeed","setupRule":true,"resources":[{"resource":"smt highspeed","quantity":1,"start":true},{"resource":"smt highspeed","quantity":-1,"start":false},{"resource":"ict regular","quantity":1,"start":true},{"resource":"ict regular","quantity":-1,"start":false}]}
[load] resource-after-assignment {"operation":"fast process CTRL-A","load":"","resource":"ict regular","plannedQuantity":0,"loadQuantity":0}
[resource] ask {"demand":null,"operation":"fast process CTRL-A","resource":"ict regular","start":"2026-01-27T15:34:44","end":"2026-01-28T00:00:00"}
[resource] input {"operation":"fast process CTRL-A","resource":"ict regular","questionQuantity":0,"operationQuantity":0,"loadQuantity":0}
[resource] candidate {"demand":null,"start":"2026-01-27T15:34:44","end":"2026-01-28T00:00:00","feasible":true}
[resource] answer {"operation":"fast process CTRL-A","resource":"ict regular","answerQuantity":0,"operationQuantity":0,"loadQuantity":0}
[load] resource-trial {"operation":"fast process CTRL-A","load":"","resource":"ict regular","answerQuantity":0,"plannedQuantity":0,"skillPriority":2,"answerDate":"2026-01-28T00:00:00"}
[load] resource-rejected {"operation":"fast process CTRL-A","load":"","candidateCount":3,"qualifiedResourceExists":true,"minimumNextDate":"2026-01-28T00:00:00"}
[operation] capacity-reject {"demand":null,"operation":"fast process CTRL-A","start":"2026-01-27T15:34:44","end":"2026-01-28T00:00:00","answerQuantity":0,"answerDate":"2026-01-28T00:00:00"}
[operation] alternate-reject {"operation":"select process CTRL-A","alternate":"fast process CTRL-A","quantity":0,"nextDate":"2026-01-28T06:00:00"}
[operation] alternate-try {"operation":"select process CTRL-A","alternate":"standard process CTRL-A","remainingQuantity":1,"childQuantity":1}
[operation] ask {"demand":null,"operation":"standard process CTRL-A","quantity":1,"operationQuantity":1,"end":"2026-01-28T00:00:00","operationEnd":"2026-01-28T00:00:00"}
[operation] fixedtime-incomplete {"operation":"standard process CTRL-A","quantity":1,"q":1,"preferEnd":true,"later":false,"forward":false,"efficiency":0.85,"requestedStart":"1971-01-01T00:00:00","requestedEnd":"2026-01-28T00:00:00","productionWanted":55059,"productionActual":55059,"productionStart":"2026-01-27T08:42:21","productionEnd":"2026-01-28T00:00:00","setupRequired":true,"expectedSetup":8470.588235294117,"setupActual":8471,"setupStart":"2026-01-27T06:21:10","setupEnd":"2026-01-27T08:42:21","setupResource":"smt standard","setupRule":true,"resources":[{"resource":"smt standard","quantity":1,"start":true},{"resource":"smt standard","quantity":-1,"start":false}]}
[resource] ask {"demand":null,"operation":"standard process CTRL-A","resource":"smt standard","start":"2026-01-27T06:42:21","end":"2026-01-28T00:00:00"}
[resource] input {"operation":"standard process CTRL-A","resource":"smt standard","questionQuantity":-1,"operationQuantity":1,"loadQuantity":-1}
[resource] candidate {"demand":null,"start":"2026-01-27T06:42:21","end":"2026-01-28T00:00:00","feasible":true}
[resource] answer {"operation":"standard process CTRL-A","resource":"smt standard","answerQuantity":1,"operationQuantity":1,"loadQuantity":-1}
[resource] ask {"demand":null,"operation":"standard process CTRL-A","resource":"functional test","start":"2026-01-27T06:42:21","end":"2026-01-28T00:00:00"}
[resource] input {"operation":"standard process CTRL-A","resource":"functional test","questionQuantity":-1,"operationQuantity":1,"loadQuantity":-1}
[resource] candidate {"demand":null,"start":"2026-01-27T06:42:21","end":"2026-01-28T00:00:00","feasible":true}
[resource] answer {"operation":"standard process CTRL-A","resource":"functional test","answerQuantity":1,"operationQuantity":1,"loadQuantity":-1}
[buffer] ask {"demand":null,"buffer":"microcontroller standard","requested":1,"date":"2026-01-27T08:42:21","onhand":125}
[buffer] answer {"demand":null,"buffer":"microcontroller standard","requested":1,"remainingShortage":0,"quantity":1,"date":"2030-12-31T00:00:00","plan":null}
[buffer] ask {"demand":null,"buffer":"pcb panel","requested":1,"date":"2026-01-27T08:42:21","onhand":209}
[buffer] answer {"demand":null,"buffer":"pcb panel","requested":1,"remainingShortage":0,"quantity":1,"date":"2030-12-31T00:00:00","plan":null}
[operation] answer {"demand":null,"operation":"standard process CTRL-A","quantity":1,"start":"2026-01-27T06:42:21","end":"2026-01-28T00:00:00"}
[operation] alternate-segment {"operation":"select process CTRL-A","alternate":"standard process CTRL-A","quantity":1,"remainingQuantity":0,"start":"2026-01-27T06:42:21","end":"2026-01-28T00:00:00"}
[operation] alternate-answer {"operation":"select process CTRL-A","quantity":1,"remainingQuantity":0,"nextDate":"2026-01-28T06:00:00"}
[buffer] replenish {"buffer":"controller A","iteration":0,"requested":1,"replenished":1,"producerDate":"2026-01-28T06:00:00","eventCountBefore":13,"eventCountAfter":14,"remaining":0}
[buffer] answer {"demand":null,"buffer":"controller A","requested":1,"remainingShortage":0,"quantity":1,"date":"2030-12-31T00:00:00","plan":"OperationPlan"}
[operation] answer {"demand":"electronics order 037 CTRL-A","operation":"ship CTRL-A","quantity":1,"start":"2026-01-28T00:00:00","end":"2026-01-28T02:00:00"}
[demand] reply {"demand":"electronics order 037 CTRL-A","attempt":1,"result":true,"quantity":1,"date":"2030-12-31T00:00:00"}
[demand] attempt {"demand":"electronics order 052 SENSOR-D","attempt":1,"quantity":3,"requestDate":"2026-01-31T20:00:00","lastDate":"2030-12-31T00:00:00"}
[operation] ask {"demand":"electronics order 052 SENSOR-D","operation":"ship SENSOR-D","quantity":3,"operationQuantity":3,"end":"2026-01-31T20:00:00","operationEnd":"2026-01-31T20:00:00"}
[buffer] ask {"demand":null,"buffer":"sensor D","requested":3,"date":"2026-01-31T18:00:00","onhand":5}
[buffer] shortage {"buffer":"sensor D","iteration":0,"date":"2026-01-31T18:00:00","onhand":-3,"shortage":3}
[operation] alternate-ask {"demand":null,"operation":"select process SENSOR-D","quantity":3,"end":"2026-01-31T18:00:00","alternates":["fast process SENSOR-D","standard process SENSOR-D"]}
[operation] alternate-try {"operation":"select process SENSOR-D","alternate":"fast process SENSOR-D","remainingQuantity":3,"childQuantity":3}
[operation] ask {"demand":null,"operation":"fast process SENSOR-D","quantity":3,"operationQuantity":3,"end":"2026-01-31T18:00:00","operationEnd":"2026-01-31T18:00:00"}
[operation] fixedtime-incomplete {"operation":"fast process SENSOR-D","quantity":3,"q":3,"preferEnd":true,"later":false,"forward":false,"efficiency":1.15,"requestedStart":"1971-01-01T00:00:00","requestedEnd":"2026-01-31T18:00:00","productionWanted":34435,"productionActual":34435,"productionStart":"2026-01-31T08:26:05","productionEnd":"2026-01-31T18:00:00","setupRequired":true,"expectedSetup":3130.434782608696,"setupActual":3130,"setupStart":"2026-01-31T07:33:55","setupEnd":"2026-01-31T08:26:05","setupResource":"smt highspeed","setupRule":true,"resources":[{"resource":"smt highspeed","quantity":1,"start":true},{"resource":"smt highspeed","quantity":-1,"start":false}]}
[resource] ask {"demand":null,"operation":"fast process SENSOR-D","resource":"smt highspeed","start":"2026-01-31T07:00:00","end":"2026-01-31T18:00:00"}
[resource] input {"operation":"fast process SENSOR-D","resource":"smt highspeed","questionQuantity":-1,"operationQuantity":3,"loadQuantity":-1}
[resource] candidate {"demand":null,"start":"2026-01-31T07:00:00","end":"2026-01-31T18:00:00","feasible":true}
[resource] answer {"operation":"fast process SENSOR-D","resource":"smt highspeed","answerQuantity":1,"operationQuantity":3,"loadQuantity":-1}
[load] resource-before-assignment {"operation":"fast process SENSOR-D","load":"","resource":"ict senior","originalQuantity":3,"plannedQuantity":3,"loadQuantity":-1}
[load] resource-after-assignment {"operation":"fast process SENSOR-D","load":"","resource":"ict senior","plannedQuantity":3,"loadQuantity":-1}
[operation] fixedtime-incomplete {"operation":"fast process SENSOR-D","quantity":3,"q":3,"preferEnd":true,"later":false,"forward":false,"efficiency":1.1,"requestedStart":"1971-01-01T00:00:00","requestedEnd":"2026-01-31T18:00:00","productionWanted":36000,"productionActual":36000,"productionStart":"2026-01-31T08:00:00","productionEnd":"2026-01-31T18:00:00","setupRequired":true,"expectedSetup":3272.7272727272725,"setupActual":3273,"setupStart":"2026-01-31T07:05:27","setupEnd":"2026-01-31T08:00:00","setupResource":"smt highspeed","setupRule":true,"resources":[{"resource":"smt highspeed","quantity":1,"start":true},{"resource":"smt highspeed","quantity":-1,"start":false},{"resource":"ict senior","quantity":1,"start":true},{"resource":"ict senior","quantity":-1,"start":false}]}
[resource] ask {"demand":null,"operation":"fast process SENSOR-D","resource":"ict senior","start":"2026-01-31T08:00:00","end":"2026-01-31T18:00:00"}
[resource] input {"operation":"fast process SENSOR-D","resource":"ict senior","questionQuantity":0,"operationQuantity":0,"loadQuantity":0}
[resource] candidate {"demand":null,"start":"2026-01-31T08:00:00","end":"2026-01-31T18:00:00","feasible":true}
[resource] answer {"operation":"fast process SENSOR-D","resource":"ict senior","answerQuantity":0,"operationQuantity":0,"loadQuantity":0}
[load] resource-trial {"operation":"fast process SENSOR-D","load":"","resource":"ict senior","answerQuantity":0,"plannedQuantity":0,"skillPriority":1,"answerDate":"2026-01-31T18:00:00"}
[load] resource-before-assignment {"operation":"fast process SENSOR-D","load":"","resource":"ict regular","originalQuantity":3,"plannedQuantity":3,"loadQuantity":-1}
[operation] fixedtime-incomplete {"operation":"fast process SENSOR-D","quantity":3,"q":3,"preferEnd":true,"later":false,"forward":false,"efficiency":0.95,"requestedStart":"1971-01-01T00:00:00","requestedEnd":"2026-01-31T18:00:00","productionWanted":41684,"productionActual":41684,"productionStart":"2026-01-31T06:25:16","productionEnd":"2026-01-31T18:00:00","setupRequired":true,"expectedSetup":3789.4736842105267,"setupActual":3789,"setupStart":"2026-01-31T05:22:07","setupEnd":"2026-01-31T06:25:16","setupResource":"smt highspeed","setupRule":true,"resources":[{"resource":"smt highspeed","quantity":1,"start":true},{"resource":"smt highspeed","quantity":-1,"start":false},{"resource":"ict regular","quantity":1,"start":true},{"resource":"ict regular","quantity":-1,"start":false}]}
[load] resource-after-assignment {"operation":"fast process SENSOR-D","load":"","resource":"ict regular","plannedQuantity":0,"loadQuantity":0}
[resource] ask {"demand":null,"operation":"fast process SENSOR-D","resource":"ict regular","start":"2026-01-31T06:25:16","end":"2026-01-31T18:00:00"}
[resource] input {"operation":"fast process SENSOR-D","resource":"ict regular","questionQuantity":0,"operationQuantity":0,"loadQuantity":0}
[resource] candidate {"demand":null,"start":"2026-01-31T06:25:16","end":"2026-01-31T18:00:00","feasible":true}
[resource] answer {"operation":"fast process SENSOR-D","resource":"ict regular","answerQuantity":0,"operationQuantity":0,"loadQuantity":0}
[load] resource-trial {"operation":"fast process SENSOR-D","load":"","resource":"ict regular","answerQuantity":0,"plannedQuantity":0,"skillPriority":2,"answerDate":"2026-01-31T18:00:00"}
[load] resource-rejected {"operation":"fast process SENSOR-D","load":"","candidateCount":3,"qualifiedResourceExists":true,"minimumNextDate":"2026-01-31T18:00:00"}
[operation] capacity-reject {"demand":null,"operation":"fast process SENSOR-D","start":"2026-01-31T06:25:16","end":"2026-01-31T18:00:00","answerQuantity":0,"answerDate":"2026-01-31T18:00:00"}
[operation] alternate-reject {"operation":"select process SENSOR-D","alternate":"fast process SENSOR-D","quantity":0,"nextDate":"2026-02-01T00:00:00"}
[operation] alternate-try {"operation":"select process SENSOR-D","alternate":"standard process SENSOR-D","remainingQuantity":3,"childQuantity":3}
[operation] ask {"demand":null,"operation":"standard process SENSOR-D","quantity":3,"operationQuantity":3,"end":"2026-01-31T18:00:00","operationEnd":"2026-01-31T18:00:00"}
[resource] ask {"demand":null,"operation":"standard process SENSOR-D","resource":"smt standard","start":"2026-01-30T23:10:35","end":"2026-01-31T18:00:00"}
[resource] input {"operation":"standard process SENSOR-D","resource":"smt standard","questionQuantity":-1,"operationQuantity":3,"loadQuantity":-1}
[resource] candidate {"demand":null,"start":"2026-01-30T23:10:35","end":"2026-01-31T18:00:00","feasible":true}
[resource] answer {"operation":"standard process SENSOR-D","resource":"smt standard","answerQuantity":1,"operationQuantity":3,"loadQuantity":-1}
[resource] ask {"demand":null,"operation":"standard process SENSOR-D","resource":"functional test","start":"2026-01-30T23:10:35","end":"2026-01-31T18:00:00"}
[resource] input {"operation":"standard process SENSOR-D","resource":"functional test","questionQuantity":-1,"operationQuantity":3,"loadQuantity":-1}
[resource] candidate {"demand":null,"start":"2026-01-30T23:10:35","end":"2026-01-31T18:00:00","feasible":true}
[resource] answer {"operation":"standard process SENSOR-D","resource":"functional test","answerQuantity":1,"operationQuantity":3,"loadQuantity":-1}
[buffer] ask {"demand":null,"buffer":"microcontroller standard","requested":3,"date":"2026-01-30T23:10:35","onhand":107}
[buffer] answer {"demand":null,"buffer":"microcontroller standard","requested":3,"remainingShortage":0,"quantity":3,"date":"2030-12-31T00:00:00","plan":null}
[buffer] ask {"demand":null,"buffer":"sensor die","requested":3,"date":"2026-01-30T23:10:35","onhand":105}
[buffer] answer {"demand":null,"buffer":"sensor die","requested":3,"remainingShortage":0,"quantity":3,"date":"2030-12-31T00:00:00","plan":null}
[operation] answer {"demand":null,"operation":"standard process SENSOR-D","quantity":3,"start":"2026-01-30T23:10:35","end":"2026-01-31T18:00:00"}
[operation] alternate-segment {"operation":"select process SENSOR-D","alternate":"standard process SENSOR-D","quantity":3,"remainingQuantity":0,"start":"2026-01-30T23:10:35","end":"2026-01-31T18:00:00"}
[operation] alternate-answer {"operation":"select process SENSOR-D","quantity":3,"remainingQuantity":0,"nextDate":"2026-02-01T00:00:00"}
[buffer] replenish {"buffer":"sensor D","iteration":0,"requested":3,"replenished":3,"producerDate":"2026-02-01T00:00:00","eventCountBefore":13,"eventCountAfter":14,"remaining":0}
[buffer] answer {"demand":null,"buffer":"sensor D","requested":3,"remainingShortage":0,"quantity":3,"date":"2030-12-31T00:00:00","plan":"OperationPlan"}
[operation] answer {"demand":"electronics order 052 SENSOR-D","operation":"ship SENSOR-D","quantity":3,"start":"2026-01-31T18:00:00","end":"2026-01-31T20:00:00"}
[demand] reply {"demand":"electronics order 052 SENSOR-D","attempt":1,"result":true,"quantity":3,"date":"2030-12-31T00:00:00"}
[demand] attempt {"demand":"electronics order 008 SENSOR-D","attempt":1,"quantity":2,"requestDate":"2026-01-20T20:00:00","lastDate":"2030-12-31T00:00:00"}
[operation] ask {"demand":"electronics order 008 SENSOR-D","operation":"ship SENSOR-D","quantity":2,"operationQuantity":2,"end":"2026-01-20T20:00:00","operationEnd":"2026-01-20T20:00:00"}
[buffer] ask {"demand":null,"buffer":"sensor D","requested":2,"date":"2026-01-20T18:00:00","onhand":3}
[buffer] shortage {"buffer":"sensor D","iteration":0,"date":"2026-01-20T18:00:00","onhand":-2,"shortage":2}
[operation] alternate-ask {"demand":null,"operation":"select process SENSOR-D","quantity":2,"end":"2026-01-20T18:00:00","alternates":["fast process SENSOR-D","standard process SENSOR-D"]}
[operation] alternate-try {"operation":"select process SENSOR-D","alternate":"fast process SENSOR-D","remainingQuantity":2,"childQuantity":2}
[operation] ask {"demand":null,"operation":"fast process SENSOR-D","quantity":2,"operationQuantity":2,"end":"2026-01-20T18:00:00","operationEnd":"2026-01-20T18:00:00"}
[operation] fixedtime-incomplete {"operation":"fast process SENSOR-D","quantity":2,"q":2,"preferEnd":true,"later":false,"forward":false,"efficiency":1.15,"requestedStart":"1971-01-01T00:00:00","requestedEnd":"2026-01-20T18:00:00","productionWanted":34435,"productionActual":34435,"productionStart":"2026-01-20T08:26:05","productionEnd":"2026-01-20T18:00:00","setupRequired":true,"expectedSetup":3130.434782608696,"setupActual":3130,"setupStart":"2026-01-20T07:33:55","setupEnd":"2026-01-20T08:26:05","setupResource":"smt highspeed","setupRule":true,"resources":[{"resource":"smt highspeed","quantity":1,"start":true},{"resource":"smt highspeed","quantity":-1,"start":false}]}
[resource] ask {"demand":null,"operation":"fast process SENSOR-D","resource":"smt highspeed","start":"2026-01-20T07:00:00","end":"2026-01-20T18:00:00"}
[resource] input {"operation":"fast process SENSOR-D","resource":"smt highspeed","questionQuantity":-1,"operationQuantity":2,"loadQuantity":-1}
[resource] candidate {"demand":null,"start":"2026-01-20T07:00:00","end":"2026-01-20T18:00:00","feasible":true}
[resource] answer {"operation":"fast process SENSOR-D","resource":"smt highspeed","answerQuantity":1,"operationQuantity":2,"loadQuantity":-1}
[load] resource-before-assignment {"operation":"fast process SENSOR-D","load":"","resource":"ict senior","originalQuantity":2,"plannedQuantity":2,"loadQuantity":-1}
[load] resource-after-assignment {"operation":"fast process SENSOR-D","load":"","resource":"ict senior","plannedQuantity":2,"loadQuantity":-1}
[operation] fixedtime-incomplete {"operation":"fast process SENSOR-D","quantity":2,"q":2,"preferEnd":true,"later":false,"forward":false,"efficiency":1.1,"requestedStart":"1971-01-01T00:00:00","requestedEnd":"2026-01-20T18:00:00","productionWanted":36000,"productionActual":36000,"productionStart":"2026-01-20T08:00:00","productionEnd":"2026-01-20T18:00:00","setupRequired":true,"expectedSetup":3272.7272727272725,"setupActual":3273,"setupStart":"2026-01-20T07:05:27","setupEnd":"2026-01-20T08:00:00","setupResource":"smt highspeed","setupRule":true,"resources":[{"resource":"smt highspeed","quantity":1,"start":true},{"resource":"smt highspeed","quantity":-1,"start":false},{"resource":"ict senior","quantity":1,"start":true},{"resource":"ict senior","quantity":-1,"start":false}]}
[resource] ask {"demand":null,"operation":"fast process SENSOR-D","resource":"ict senior","start":"2026-01-20T08:00:00","end":"2026-01-20T18:00:00"}
[resource] input {"operation":"fast process SENSOR-D","resource":"ict senior","questionQuantity":0,"operationQuantity":0,"loadQuantity":0}
[resource] candidate {"demand":null,"start":"2026-01-20T08:00:00","end":"2026-01-20T18:00:00","feasible":true}
[resource] answer {"operation":"fast process SENSOR-D","resource":"ict senior","answerQuantity":0,"operationQuantity":0,"loadQuantity":0}
[load] resource-trial {"operation":"fast process SENSOR-D","load":"","resource":"ict senior","answerQuantity":0,"plannedQuantity":0,"skillPriority":1,"answerDate":"2026-01-20T18:00:00"}
[load] resource-before-assignment {"operation":"fast process SENSOR-D","load":"","resource":"ict regular","originalQuantity":2,"plannedQuantity":2,"loadQuantity":-1}
[operation] fixedtime-incomplete {"operation":"fast process SENSOR-D","quantity":2,"q":2,"preferEnd":true,"later":false,"forward":false,"efficiency":0.95,"requestedStart":"1971-01-01T00:00:00","requestedEnd":"2026-01-20T18:00:00","productionWanted":41684,"productionActual":41684,"productionStart":"2026-01-20T06:25:16","productionEnd":"2026-01-20T18:00:00","setupRequired":true,"expectedSetup":3789.4736842105267,"setupActual":3789,"setupStart":"2026-01-20T05:22:07","setupEnd":"2026-01-20T06:25:16","setupResource":"smt highspeed","setupRule":true,"resources":[{"resource":"smt highspeed","quantity":1,"start":true},{"resource":"smt highspeed","quantity":-1,"start":false},{"resource":"ict regular","quantity":1,"start":true},{"resource":"ict regular","quantity":-1,"start":false}]}
[load] resource-after-assignment {"operation":"fast process SENSOR-D","load":"","resource":"ict regular","plannedQuantity":0,"loadQuantity":0}
[resource] ask {"demand":null,"operation":"fast process SENSOR-D","resource":"ict regular","start":"2026-01-20T06:25:16","end":"2026-01-20T18:00:00"}
[resource] input {"operation":"fast process SENSOR-D","resource":"ict regular","questionQuantity":0,"operationQuantity":0,"loadQuantity":0}
[resource] candidate {"demand":null,"start":"2026-01-20T06:25:16","end":"2026-01-20T18:00:00","feasible":true}
[resource] answer {"operation":"fast process SENSOR-D","resource":"ict regular","answerQuantity":0,"operationQuantity":0,"loadQuantity":0}
[load] resource-trial {"operation":"fast process SENSOR-D","load":"","resource":"ict regular","answerQuantity":0,"plannedQuantity":0,"skillPriority":2,"answerDate":"2026-01-20T18:00:00"}
[load] resource-rejected {"operation":"fast process SENSOR-D","load":"","candidateCount":3,"qualifiedResourceExists":true,"minimumNextDate":"2026-01-20T18:00:00"}
[operation] capacity-reject {"demand":null,"operation":"fast process SENSOR-D","start":"2026-01-20T06:25:16","end":"2026-01-20T18:00:00","answerQuantity":0,"answerDate":"2026-01-20T18:00:00"}
[operation] alternate-reject {"operation":"select process SENSOR-D","alternate":"fast process SENSOR-D","quantity":0,"nextDate":"2026-01-21T00:00:00"}
[operation] alternate-try {"operation":"select process SENSOR-D","alternate":"standard process SENSOR-D","remainingQuantity":2,"childQuantity":2}
[operation] ask {"demand":null,"operation":"standard process SENSOR-D","quantity":2,"operationQuantity":2,"end":"2026-01-20T18:00:00","operationEnd":"2026-01-20T18:00:00"}
[resource] ask {"demand":null,"operation":"standard process SENSOR-D","resource":"smt standard","start":"2026-01-19T23:10:35","end":"2026-01-20T18:00:00"}
[resource] input {"operation":"standard process SENSOR-D","resource":"smt standard","questionQuantity":-1,"operationQuantity":2,"loadQuantity":-1}
[resource] candidate {"demand":null,"start":"2026-01-19T23:10:35","end":"2026-01-20T18:00:00","feasible":true}
[resource] answer {"operation":"standard process SENSOR-D","resource":"smt standard","answerQuantity":1,"operationQuantity":2,"loadQuantity":-1}
[resource] ask {"demand":null,"operation":"standard process SENSOR-D","resource":"functional test","start":"2026-01-19T23:10:35","end":"2026-01-20T18:00:00"}
[resource] input {"operation":"standard process SENSOR-D","resource":"functional test","questionQuantity":-1,"operationQuantity":2,"loadQuantity":-1}
[resource] candidate {"demand":null,"start":"2026-01-19T23:10:35","end":"2026-01-20T18:00:00","feasible":true}
[resource] answer {"operation":"standard process SENSOR-D","resource":"functional test","answerQuantity":1,"operationQuantity":2,"loadQuantity":-1}
[buffer] ask {"demand":null,"buffer":"microcontroller standard","requested":2,"date":"2026-01-19T23:10:35","onhand":162}
[buffer] answer {"demand":null,"buffer":"microcontroller standard","requested":2,"remainingShortage":0,"quantity":2,"date":"2030-12-31T00:00:00","plan":null}
[buffer] ask {"demand":null,"buffer":"sensor die","requested":2,"date":"2026-01-19T23:10:35","onhand":132}
[buffer] answer {"demand":null,"buffer":"sensor die","requested":2,"remainingShortage":0,"quantity":2,"date":"2030-12-31T00:00:00","plan":null}
[operation] answer {"demand":null,"operation":"standard process SENSOR-D","quantity":2,"start":"2026-01-19T23:10:35","end":"2026-01-20T18:00:00"}
[operation] alternate-segment {"operation":"select process SENSOR-D","alternate":"standard process SENSOR-D","quantity":2,"remainingQuantity":0,"start":"2026-01-19T23:10:35","end":"2026-01-20T18:00:00"}
[operation] alternate-answer {"operation":"select process SENSOR-D","quantity":2,"remainingQuantity":0,"nextDate":"2026-01-21T00:00:00"}
[buffer] replenish {"buffer":"sensor D","iteration":0,"requested":2,"replenished":2,"producerDate":"2026-01-21T00:00:00","eventCountBefore":15,"eventCountAfter":16,"remaining":0}
[buffer] answer {"demand":null,"buffer":"sensor D","requested":2,"remainingShortage":0,"quantity":2,"date":"2030-12-31T00:00:00","plan":"OperationPlan"}
[operation] answer {"demand":"electronics order 008 SENSOR-D","operation":"ship SENSOR-D","quantity":2,"start":"2026-01-20T18:00:00","end":"2026-01-20T20:00:00"}
[demand] reply {"demand":"electronics order 008 SENSOR-D","attempt":1,"result":true,"quantity":2,"date":"2030-12-31T00:00:00"}
[demand] attempt {"demand":"electronics order 023 SENSOR-C","attempt":1,"quantity":2,"requestDate":"2026-01-24T14:00:00","lastDate":"2030-12-31T00:00:00"}
[operation] ask {"demand":"electronics order 023 SENSOR-C","operation":"ship SENSOR-C","quantity":2,"operationQuantity":2,"end":"2026-01-24T14:00:00","operationEnd":"2026-01-24T14:00:00"}
[buffer] ask {"demand":null,"buffer":"sensor C","requested":2,"date":"2026-01-24T12:00:00","onhand":1}
[buffer] shortage {"buffer":"sensor C","iteration":0,"date":"2026-01-24T12:00:00","onhand":-2,"shortage":2}
[operation] alternate-ask {"demand":null,"operation":"select process SENSOR-C","quantity":2,"end":"2026-01-24T12:00:00","alternates":["fast process SENSOR-C","standard process SENSOR-C"]}
[operation] alternate-try {"operation":"select process SENSOR-C","alternate":"fast process SENSOR-C","remainingQuantity":2,"childQuantity":2}
[operation] ask {"demand":null,"operation":"fast process SENSOR-C","quantity":2,"operationQuantity":2,"end":"2026-01-24T12:00:00","operationEnd":"2026-01-24T12:00:00"}
[operation] fixedtime-incomplete {"operation":"fast process SENSOR-C","quantity":2,"q":2,"preferEnd":true,"later":false,"forward":false,"efficiency":1.15,"requestedStart":"1971-01-01T00:00:00","requestedEnd":"2026-01-24T12:00:00","productionWanted":31304,"productionActual":31304,"productionStart":"2026-01-24T03:18:16","productionEnd":"2026-01-24T12:00:00","setupRequired":true,"expectedSetup":3130.434782608696,"setupActual":3130,"setupStart":"2026-01-24T02:26:06","setupEnd":"2026-01-24T03:18:16","setupResource":"smt highspeed","setupRule":true,"resources":[{"resource":"smt highspeed","quantity":1,"start":true},{"resource":"smt highspeed","quantity":-1,"start":false}]}
[resource] ask {"demand":null,"operation":"fast process SENSOR-C","resource":"smt highspeed","start":"2026-01-24T01:54:33","end":"2026-01-24T12:00:00"}
[resource] input {"operation":"fast process SENSOR-C","resource":"smt highspeed","questionQuantity":-1,"operationQuantity":2,"loadQuantity":-1}
[resource] candidate {"demand":null,"start":"2026-01-24T01:54:33","end":"2026-01-24T12:00:00","feasible":true}
[resource] answer {"operation":"fast process SENSOR-C","resource":"smt highspeed","answerQuantity":1,"operationQuantity":2,"loadQuantity":-1}
[load] resource-before-assignment {"operation":"fast process SENSOR-C","load":"","resource":"ict senior","originalQuantity":2,"plannedQuantity":2,"loadQuantity":-1}
[load] resource-after-assignment {"operation":"fast process SENSOR-C","load":"","resource":"ict senior","plannedQuantity":2,"loadQuantity":-1}
[operation] fixedtime-incomplete {"operation":"fast process SENSOR-C","quantity":2,"q":2,"preferEnd":true,"later":false,"forward":false,"efficiency":1.1,"requestedStart":"1971-01-01T00:00:00","requestedEnd":"2026-01-24T12:00:00","productionWanted":32727,"productionActual":32727,"productionStart":"2026-01-24T02:54:33","productionEnd":"2026-01-24T12:00:00","setupRequired":true,"expectedSetup":3272.7272727272725,"setupActual":3273,"setupStart":"2026-01-24T02:00:00","setupEnd":"2026-01-24T02:54:33","setupResource":"smt highspeed","setupRule":true,"resources":[{"resource":"smt highspeed","quantity":1,"start":true},{"resource":"smt highspeed","quantity":-1,"start":false},{"resource":"ict senior","quantity":1,"start":true},{"resource":"ict senior","quantity":-1,"start":false}]}
[resource] ask {"demand":null,"operation":"fast process SENSOR-C","resource":"ict senior","start":"2026-01-24T02:54:33","end":"2026-01-24T12:00:00"}
[resource] input {"operation":"fast process SENSOR-C","resource":"ict senior","questionQuantity":0,"operationQuantity":0,"loadQuantity":0}
[resource] candidate {"demand":null,"start":"2026-01-24T02:54:33","end":"2026-01-24T12:00:00","feasible":true}
[resource] answer {"operation":"fast process SENSOR-C","resource":"ict senior","answerQuantity":0,"operationQuantity":0,"loadQuantity":0}
[load] resource-trial {"operation":"fast process SENSOR-C","load":"","resource":"ict senior","answerQuantity":0,"plannedQuantity":0,"skillPriority":1,"answerDate":"2026-01-24T12:00:00"}
[load] resource-before-assignment {"operation":"fast process SENSOR-C","load":"","resource":"ict regular","originalQuantity":2,"plannedQuantity":2,"loadQuantity":-1}
[operation] fixedtime-incomplete {"operation":"fast process SENSOR-C","quantity":2,"q":2,"preferEnd":true,"later":false,"forward":false,"efficiency":0.95,"requestedStart":"1971-01-01T00:00:00","requestedEnd":"2026-01-24T12:00:00","productionWanted":37895,"productionActual":37895,"productionStart":"2026-01-24T01:28:25","productionEnd":"2026-01-24T12:00:00","setupRequired":true,"expectedSetup":3789.4736842105267,"setupActual":3789,"setupStart":"2026-01-24T00:25:16","setupEnd":"2026-01-24T01:28:25","setupResource":"smt highspeed","setupRule":true,"resources":[{"resource":"smt highspeed","quantity":1,"start":true},{"resource":"smt highspeed","quantity":-1,"start":false},{"resource":"ict regular","quantity":1,"start":true},{"resource":"ict regular","quantity":-1,"start":false}]}
[load] resource-after-assignment {"operation":"fast process SENSOR-C","load":"","resource":"ict regular","plannedQuantity":0,"loadQuantity":0}
[resource] ask {"demand":null,"operation":"fast process SENSOR-C","resource":"ict regular","start":"2026-01-24T01:28:25","end":"2026-01-24T12:00:00"}
[resource] input {"operation":"fast process SENSOR-C","resource":"ict regular","questionQuantity":0,"operationQuantity":0,"loadQuantity":0}
[resource] candidate {"demand":null,"start":"2026-01-24T01:28:25","end":"2026-01-24T12:00:00","feasible":true}
[resource] answer {"operation":"fast process SENSOR-C","resource":"ict regular","answerQuantity":0,"operationQuantity":0,"loadQuantity":0}
[load] resource-trial {"operation":"fast process SENSOR-C","load":"","resource":"ict regular","answerQuantity":0,"plannedQuantity":0,"skillPriority":2,"answerDate":"2026-01-24T12:00:00"}
[load] resource-rejected {"operation":"fast process SENSOR-C","load":"","candidateCount":3,"qualifiedResourceExists":true,"minimumNextDate":"2026-01-24T12:00:00"}
[operation] capacity-reject {"demand":null,"operation":"fast process SENSOR-C","start":"2026-01-24T01:28:25","end":"2026-01-24T12:00:00","answerQuantity":0,"answerDate":"2026-01-24T12:00:00"}
[operation] alternate-reject {"operation":"select process SENSOR-C","alternate":"fast process SENSOR-C","quantity":0,"nextDate":"2026-01-24T18:00:00"}
[operation] alternate-try {"operation":"select process SENSOR-C","alternate":"standard process SENSOR-C","remainingQuantity":2,"childQuantity":2}
[operation] ask {"demand":null,"operation":"standard process SENSOR-C","quantity":2,"operationQuantity":2,"end":"2026-01-24T12:00:00","operationEnd":"2026-01-24T12:00:00"}
[operation] fixedtime-incomplete {"operation":"standard process SENSOR-C","quantity":2,"q":2,"preferEnd":true,"later":false,"forward":false,"efficiency":0.85,"requestedStart":"1971-01-01T00:00:00","requestedEnd":"2026-01-24T12:00:00","productionWanted":63529,"productionActual":63529,"productionStart":"2026-01-23T18:21:11","productionEnd":"2026-01-24T12:00:00","setupRequired":true,"expectedSetup":12705.882352941177,"setupActual":12706,"setupStart":"2026-01-23T14:49:25","setupEnd":"2026-01-23T18:21:11","setupResource":"smt standard","setupRule":true,"resources":[{"resource":"smt standard","quantity":1,"start":true},{"resource":"smt standard","quantity":-1,"start":false}]}
[resource] ask {"demand":null,"operation":"standard process SENSOR-C","resource":"smt standard","start":"2026-01-23T15:21:11","end":"2026-01-24T12:00:00"}
[resource] input {"operation":"standard process SENSOR-C","resource":"smt standard","questionQuantity":-1,"operationQuantity":2,"loadQuantity":-1}
[resource] candidate {"demand":null,"start":"2026-01-23T15:21:11","end":"2026-01-24T12:00:00","feasible":true}
[resource] answer {"operation":"standard process SENSOR-C","resource":"smt standard","answerQuantity":1,"operationQuantity":2,"loadQuantity":-1}
[resource] ask {"demand":null,"operation":"standard process SENSOR-C","resource":"functional test","start":"2026-01-23T15:21:11","end":"2026-01-24T12:00:00"}
[resource] input {"operation":"standard process SENSOR-C","resource":"functional test","questionQuantity":-1,"operationQuantity":2,"loadQuantity":-1}
[resource] candidate {"demand":null,"start":"2026-01-23T15:21:11","end":"2026-01-24T12:00:00","feasible":true}
[resource] answer {"operation":"standard process SENSOR-C","resource":"functional test","answerQuantity":1,"operationQuantity":2,"loadQuantity":-1}
[buffer] ask {"demand":null,"buffer":"microcontroller standard","requested":2,"date":"2026-01-23T18:21:11","onhand":140}
[buffer] answer {"demand":null,"buffer":"microcontroller standard","requested":2,"remainingShortage":0,"quantity":2,"date":"2030-12-31T00:00:00","plan":null}
[buffer] ask {"demand":null,"buffer":"sensor die","requested":2,"date":"2026-01-23T18:21:11","onhand":124}
[buffer] answer {"demand":null,"buffer":"sensor die","requested":2,"remainingShortage":0,"quantity":2,"date":"2030-12-31T00:00:00","plan":null}
[operation] answer {"demand":null,"operation":"standard process SENSOR-C","quantity":2,"start":"2026-01-23T15:21:11","end":"2026-01-24T12:00:00"}
[operation] alternate-segment {"operation":"select process SENSOR-C","alternate":"standard process SENSOR-C","quantity":2,"remainingQuantity":0,"start":"2026-01-23T15:21:11","end":"2026-01-24T12:00:00"}
[operation] alternate-answer {"operation":"select process SENSOR-C","quantity":2,"remainingQuantity":0,"nextDate":"2026-01-24T18:00:00"}
[buffer] replenish {"buffer":"sensor C","iteration":0,"requested":2,"replenished":2,"producerDate":"2026-01-24T18:00:00","eventCountBefore":15,"eventCountAfter":16,"remaining":0}
[buffer] answer {"demand":null,"buffer":"sensor C","requested":2,"remainingShortage":0,"quantity":2,"date":"2030-12-31T00:00:00","plan":"OperationPlan"}
[operation] answer {"demand":"electronics order 023 SENSOR-C","operation":"ship SENSOR-C","quantity":2,"start":"2026-01-24T12:00:00","end":"2026-01-24T14:00:00"}
[demand] reply {"demand":"electronics order 023 SENSOR-C","attempt":1,"result":true,"quantity":2,"date":"2030-12-31T00:00:00"}
[demand] attempt {"demand":"electronics order 038 CTRL-B","attempt":1,"quantity":2,"requestDate":"2026-01-28T08:00:00","lastDate":"2030-12-31T00:00:00"}
[operation] ask {"demand":"electronics order 038 CTRL-B","operation":"ship CTRL-B","quantity":2,"operationQuantity":2,"end":"2026-01-28T08:00:00","operationEnd":"2026-01-28T08:00:00"}
[buffer] ask {"demand":null,"buffer":"controller B","requested":2,"date":"2026-01-28T06:00:00","onhand":3}
[buffer] shortage {"buffer":"controller B","iteration":0,"date":"2026-01-28T06:00:00","onhand":-2,"shortage":2}
[operation] alternate-ask {"demand":null,"operation":"select process CTRL-B","quantity":2,"end":"2026-01-28T06:00:00","alternates":["fast process CTRL-B","standard process CTRL-B"]}
[operation] alternate-try {"operation":"select process CTRL-B","alternate":"fast process CTRL-B","remainingQuantity":2,"childQuantity":2}
[operation] ask {"demand":null,"operation":"fast process CTRL-B","quantity":2,"operationQuantity":2,"end":"2026-01-28T06:00:00","operationEnd":"2026-01-28T06:00:00"}
[operation] fixedtime-incomplete {"operation":"fast process CTRL-B","quantity":2,"q":2,"preferEnd":true,"later":false,"forward":false,"efficiency":1.15,"requestedStart":"1971-01-01T00:00:00","requestedEnd":"2026-01-28T06:00:00","productionWanted":28174,"productionActual":28174,"productionStart":"2026-01-27T22:10:26","productionEnd":"2026-01-28T06:00:00","setupRequired":true,"expectedSetup":3130.434782608696,"setupActual":3130,"setupStart":"2026-01-27T21:18:16","setupEnd":"2026-01-27T22:10:26","setupResource":"smt highspeed","setupRule":true,"resources":[{"resource":"smt highspeed","quantity":1,"start":true},{"resource":"smt highspeed","quantity":-1,"start":false}]}
[resource] ask {"demand":null,"operation":"fast process CTRL-B","resource":"smt highspeed","start":"2026-01-27T20:49:05","end":"2026-01-28T06:00:00"}
[resource] input {"operation":"fast process CTRL-B","resource":"smt highspeed","questionQuantity":-1,"operationQuantity":2,"loadQuantity":-1}
[resource] candidate {"demand":null,"start":"2026-01-27T20:49:05","end":"2026-01-28T06:00:00","feasible":true}
[resource] answer {"operation":"fast process CTRL-B","resource":"smt highspeed","answerQuantity":1,"operationQuantity":2,"loadQuantity":-1}
[load] resource-before-assignment {"operation":"fast process CTRL-B","load":"","resource":"ict senior","originalQuantity":2,"plannedQuantity":2,"loadQuantity":-1}
[load] resource-after-assignment {"operation":"fast process CTRL-B","load":"","resource":"ict senior","plannedQuantity":2,"loadQuantity":-1}
[operation] fixedtime-incomplete {"operation":"fast process CTRL-B","quantity":2,"q":2,"preferEnd":true,"later":false,"forward":false,"efficiency":1.1,"requestedStart":"1971-01-01T00:00:00","requestedEnd":"2026-01-28T06:00:00","productionWanted":29455,"productionActual":29455,"productionStart":"2026-01-27T21:49:05","productionEnd":"2026-01-28T06:00:00","setupRequired":true,"expectedSetup":3272.7272727272725,"setupActual":3273,"setupStart":"2026-01-27T20:54:32","setupEnd":"2026-01-27T21:49:05","setupResource":"smt highspeed","setupRule":true,"resources":[{"resource":"smt highspeed","quantity":1,"start":true},{"resource":"smt highspeed","quantity":-1,"start":false},{"resource":"ict senior","quantity":1,"start":true},{"resource":"ict senior","quantity":-1,"start":false}]}
[resource] ask {"demand":null,"operation":"fast process CTRL-B","resource":"ict senior","start":"2026-01-27T21:49:05","end":"2026-01-28T06:00:00"}
[resource] input {"operation":"fast process CTRL-B","resource":"ict senior","questionQuantity":0,"operationQuantity":0,"loadQuantity":0}
[resource] candidate {"demand":null,"start":"2026-01-27T21:49:05","end":"2026-01-28T06:00:00","feasible":true}
[resource] answer {"operation":"fast process CTRL-B","resource":"ict senior","answerQuantity":0,"operationQuantity":0,"loadQuantity":0}
[load] resource-trial {"operation":"fast process CTRL-B","load":"","resource":"ict senior","answerQuantity":0,"plannedQuantity":0,"skillPriority":1,"answerDate":"2026-01-28T06:00:00"}
[load] resource-before-assignment {"operation":"fast process CTRL-B","load":"","resource":"ict regular","originalQuantity":2,"plannedQuantity":2,"loadQuantity":-1}
[operation] fixedtime-incomplete {"operation":"fast process CTRL-B","quantity":2,"q":2,"preferEnd":true,"later":false,"forward":false,"efficiency":0.95,"requestedStart":"1971-01-01T00:00:00","requestedEnd":"2026-01-28T06:00:00","productionWanted":34105,"productionActual":34105,"productionStart":"2026-01-27T20:31:35","productionEnd":"2026-01-28T06:00:00","setupRequired":true,"expectedSetup":3789.4736842105267,"setupActual":3789,"setupStart":"2026-01-27T19:28:26","setupEnd":"2026-01-27T20:31:35","setupResource":"smt highspeed","setupRule":true,"resources":[{"resource":"smt highspeed","quantity":1,"start":true},{"resource":"smt highspeed","quantity":-1,"start":false},{"resource":"ict regular","quantity":1,"start":true},{"resource":"ict regular","quantity":-1,"start":false}]}
[load] resource-after-assignment {"operation":"fast process CTRL-B","load":"","resource":"ict regular","plannedQuantity":0,"loadQuantity":0}
[resource] ask {"demand":null,"operation":"fast process CTRL-B","resource":"ict regular","start":"2026-01-27T20:31:35","end":"2026-01-28T06:00:00"}
[resource] input {"operation":"fast process CTRL-B","resource":"ict regular","questionQuantity":0,"operationQuantity":0,"loadQuantity":0}
[resource] candidate {"demand":null,"start":"2026-01-27T20:31:35","end":"2026-01-28T06:00:00","feasible":true}
[resource] answer {"operation":"fast process CTRL-B","resource":"ict regular","answerQuantity":0,"operationQuantity":0,"loadQuantity":0}
[load] resource-trial {"operation":"fast process CTRL-B","load":"","resource":"ict regular","answerQuantity":0,"plannedQuantity":0,"skillPriority":2,"answerDate":"2026-01-28T06:00:00"}
[load] resource-rejected {"operation":"fast process CTRL-B","load":"","candidateCount":3,"qualifiedResourceExists":true,"minimumNextDate":"2026-01-28T06:00:00"}
[operation] capacity-reject {"demand":null,"operation":"fast process CTRL-B","start":"2026-01-27T20:31:35","end":"2026-01-28T06:00:00","answerQuantity":0,"answerDate":"2026-01-28T06:00:00"}
[operation] alternate-reject {"operation":"select process CTRL-B","alternate":"fast process CTRL-B","quantity":0,"nextDate":"2026-01-28T12:00:00"}
[operation] alternate-try {"operation":"select process CTRL-B","alternate":"standard process CTRL-B","remainingQuantity":2,"childQuantity":2}
[operation] ask {"demand":null,"operation":"standard process CTRL-B","quantity":2,"operationQuantity":2,"end":"2026-01-28T06:00:00","operationEnd":"2026-01-28T06:00:00"}
[resource] ask {"demand":null,"operation":"standard process CTRL-B","resource":"smt standard","start":"2026-01-27T13:31:46","end":"2026-01-28T06:00:00"}
[resource] input {"operation":"standard process CTRL-B","resource":"smt standard","questionQuantity":-1,"operationQuantity":2,"loadQuantity":-1}
[resource] candidate {"demand":null,"start":"2026-01-27T13:31:46","end":"2026-01-28T06:00:00","feasible":true}
[resource] answer {"operation":"standard process CTRL-B","resource":"smt standard","answerQuantity":1,"operationQuantity":2,"loadQuantity":-1}
[resource] ask {"demand":null,"operation":"standard process CTRL-B","resource":"functional test","start":"2026-01-27T13:31:46","end":"2026-01-28T06:00:00"}
[resource] input {"operation":"standard process CTRL-B","resource":"functional test","questionQuantity":-1,"operationQuantity":2,"loadQuantity":-1}
[resource] candidate {"demand":null,"start":"2026-01-27T13:31:46","end":"2026-01-28T06:00:00","feasible":true}
[resource] answer {"operation":"standard process CTRL-B","resource":"functional test","answerQuantity":1,"operationQuantity":2,"loadQuantity":-1}
[buffer] ask {"demand":null,"buffer":"microcontroller standard","requested":2,"date":"2026-01-27T13:31:46","onhand":120}
[buffer] answer {"demand":null,"buffer":"microcontroller standard","requested":2,"remainingShortage":0,"quantity":2,"date":"2030-12-31T00:00:00","plan":null}
[buffer] ask {"demand":null,"buffer":"pcb panel","requested":2,"date":"2026-01-27T13:31:46","onhand":208}
[buffer] answer {"demand":null,"buffer":"pcb panel","requested":2,"remainingShortage":0,"quantity":2,"date":"2030-12-31T00:00:00","plan":null}
[operation] answer {"demand":null,"operation":"standard process CTRL-B","quantity":2,"start":"2026-01-27T13:31:46","end":"2026-01-28T06:00:00"}
[operation] alternate-segment {"operation":"select process CTRL-B","alternate":"standard process CTRL-B","quantity":2,"remainingQuantity":0,"start":"2026-01-27T13:31:46","end":"2026-01-28T06:00:00"}
[operation] alternate-answer {"operation":"select process CTRL-B","quantity":2,"remainingQuantity":0,"nextDate":"2026-01-28T12:00:00"}
[buffer] replenish {"buffer":"controller B","iteration":0,"requested":2,"replenished":2,"producerDate":"2026-01-28T12:00:00","eventCountBefore":15,"eventCountAfter":16,"remaining":0}
[buffer] answer {"demand":null,"buffer":"controller B","requested":2,"remainingShortage":0,"quantity":2,"date":"2030-12-31T00:00:00","plan":"OperationPlan"}
[operation] answer {"demand":"electronics order 038 CTRL-B","operation":"ship CTRL-B","quantity":2,"start":"2026-01-28T06:00:00","end":"2026-01-28T08:00:00"}
[demand] reply {"demand":"electronics order 038 CTRL-B","attempt":1,"result":true,"quantity":2,"date":"2030-12-31T00:00:00"}
[demand] attempt {"demand":"electronics order 053 CTRL-A","attempt":1,"quantity":2,"requestDate":"2026-02-01T02:00:00","lastDate":"2030-12-31T00:00:00"}
[operation] ask {"demand":"electronics order 053 CTRL-A","operation":"ship CTRL-A","quantity":2,"operationQuantity":2,"end":"2026-02-01T02:00:00","operationEnd":"2026-02-01T02:00:00"}
[buffer] ask {"demand":null,"buffer":"controller A","requested":2,"date":"2026-02-01T00:00:00","onhand":1}
[buffer] shortage {"buffer":"controller A","iteration":0,"date":"2026-02-01T00:00:00","onhand":-2,"shortage":2}
[operation] alternate-ask {"demand":null,"operation":"select process CTRL-A","quantity":2,"end":"2026-02-01T00:00:00","alternates":["fast process CTRL-A","standard process CTRL-A"]}
[operation] alternate-try {"operation":"select process CTRL-A","alternate":"fast process CTRL-A","remainingQuantity":2,"childQuantity":2}
[operation] ask {"demand":null,"operation":"fast process CTRL-A","quantity":2,"operationQuantity":2,"end":"2026-02-01T00:00:00","operationEnd":"2026-02-01T00:00:00"}
[operation] fixedtime-incomplete {"operation":"fast process CTRL-A","quantity":2,"q":2,"preferEnd":true,"later":false,"forward":false,"efficiency":1.15,"requestedStart":"1971-01-01T00:00:00","requestedEnd":"2026-02-01T00:00:00","productionWanted":25043,"productionActual":25043,"productionStart":"2026-01-31T17:02:37","productionEnd":"2026-02-01T00:00:00","setupRequired":true,"expectedSetup":3130.434782608696,"setupActual":3130,"setupStart":"2026-01-31T16:10:27","setupEnd":"2026-01-31T17:02:37","setupResource":"smt highspeed","setupRule":true,"resources":[{"resource":"smt highspeed","quantity":1,"start":true},{"resource":"smt highspeed","quantity":-1,"start":false}]}
[resource] ask {"demand":null,"operation":"fast process CTRL-A","resource":"smt highspeed","start":"2026-01-31T15:43:38","end":"2026-02-01T00:00:00"}
[resource] input {"operation":"fast process CTRL-A","resource":"smt highspeed","questionQuantity":-1,"operationQuantity":2,"loadQuantity":-1}
[resource] candidate {"demand":null,"start":"2026-01-31T15:43:38","end":"2026-02-01T00:00:00","feasible":true}
[resource] answer {"operation":"fast process CTRL-A","resource":"smt highspeed","answerQuantity":1,"operationQuantity":2,"loadQuantity":-1}
[load] resource-before-assignment {"operation":"fast process CTRL-A","load":"","resource":"ict senior","originalQuantity":2,"plannedQuantity":2,"loadQuantity":-1}
[load] resource-after-assignment {"operation":"fast process CTRL-A","load":"","resource":"ict senior","plannedQuantity":2,"loadQuantity":-1}
[operation] fixedtime-incomplete {"operation":"fast process CTRL-A","quantity":2,"q":2,"preferEnd":true,"later":false,"forward":false,"efficiency":1.1,"requestedStart":"1971-01-01T00:00:00","requestedEnd":"2026-02-01T00:00:00","productionWanted":26182,"productionActual":26182,"productionStart":"2026-01-31T16:43:38","productionEnd":"2026-02-01T00:00:00","setupRequired":true,"expectedSetup":3272.7272727272725,"setupActual":3273,"setupStart":"2026-01-31T15:49:05","setupEnd":"2026-01-31T16:43:38","setupResource":"smt highspeed","setupRule":true,"resources":[{"resource":"smt highspeed","quantity":1,"start":true},{"resource":"smt highspeed","quantity":-1,"start":false},{"resource":"ict senior","quantity":1,"start":true},{"resource":"ict senior","quantity":-1,"start":false}]}
[resource] ask {"demand":null,"operation":"fast process CTRL-A","resource":"ict senior","start":"2026-01-31T16:43:38","end":"2026-02-01T00:00:00"}
[resource] input {"operation":"fast process CTRL-A","resource":"ict senior","questionQuantity":0,"operationQuantity":0,"loadQuantity":0}
[resource] candidate {"demand":null,"start":"2026-01-31T16:43:38","end":"2026-02-01T00:00:00","feasible":true}
[resource] answer {"operation":"fast process CTRL-A","resource":"ict senior","answerQuantity":0,"operationQuantity":0,"loadQuantity":0}
[load] resource-trial {"operation":"fast process CTRL-A","load":"","resource":"ict senior","answerQuantity":0,"plannedQuantity":0,"skillPriority":1,"answerDate":"2026-02-01T00:00:00"}
[load] resource-before-assignment {"operation":"fast process CTRL-A","load":"","resource":"ict regular","originalQuantity":2,"plannedQuantity":2,"loadQuantity":-1}
[operation] fixedtime-incomplete {"operation":"fast process CTRL-A","quantity":2,"q":2,"preferEnd":true,"later":false,"forward":false,"efficiency":0.95,"requestedStart":"1971-01-01T00:00:00","requestedEnd":"2026-02-01T00:00:00","productionWanted":30316,"productionActual":30316,"productionStart":"2026-01-31T15:34:44","productionEnd":"2026-02-01T00:00:00","setupRequired":true,"expectedSetup":3789.4736842105267,"setupActual":3789,"setupStart":"2026-01-31T14:31:35","setupEnd":"2026-01-31T15:34:44","setupResource":"smt highspeed","setupRule":true,"resources":[{"resource":"smt highspeed","quantity":1,"start":true},{"resource":"smt highspeed","quantity":-1,"start":false},{"resource":"ict regular","quantity":1,"start":true},{"resource":"ict regular","quantity":-1,"start":false}]}
[load] resource-after-assignment {"operation":"fast process CTRL-A","load":"","resource":"ict regular","plannedQuantity":0,"loadQuantity":0}
[resource] ask {"demand":null,"operation":"fast process CTRL-A","resource":"ict regular","start":"2026-01-31T15:34:44","end":"2026-02-01T00:00:00"}
[resource] input {"operation":"fast process CTRL-A","resource":"ict regular","questionQuantity":0,"operationQuantity":0,"loadQuantity":0}
[resource] candidate {"demand":null,"start":"2026-01-31T15:34:44","end":"2026-02-01T00:00:00","feasible":true}
[resource] answer {"operation":"fast process CTRL-A","resource":"ict regular","answerQuantity":0,"operationQuantity":0,"loadQuantity":0}
[load] resource-trial {"operation":"fast process CTRL-A","load":"","resource":"ict regular","answerQuantity":0,"plannedQuantity":0,"skillPriority":2,"answerDate":"2026-02-01T00:00:00"}
[load] resource-rejected {"operation":"fast process CTRL-A","load":"","candidateCount":3,"qualifiedResourceExists":true,"minimumNextDate":"2026-02-01T00:00:00"}
[operation] capacity-reject {"demand":null,"operation":"fast process CTRL-A","start":"2026-01-31T15:34:44","end":"2026-02-01T00:00:00","answerQuantity":0,"answerDate":"2026-02-01T00:00:00"}
[operation] alternate-reject {"operation":"select process CTRL-A","alternate":"fast process CTRL-A","quantity":0,"nextDate":"2026-02-01T06:00:00"}
[operation] alternate-try {"operation":"select process CTRL-A","alternate":"standard process CTRL-A","remainingQuantity":2,"childQuantity":2}
[operation] ask {"demand":null,"operation":"standard process CTRL-A","quantity":2,"operationQuantity":2,"end":"2026-02-01T00:00:00","operationEnd":"2026-02-01T00:00:00"}
[operation] fixedtime-incomplete {"operation":"standard process CTRL-A","quantity":2,"q":2,"preferEnd":true,"later":false,"forward":false,"efficiency":0.85,"requestedStart":"1971-01-01T00:00:00","requestedEnd":"2026-02-01T00:00:00","productionWanted":55059,"productionActual":55059,"productionStart":"2026-01-31T08:42:21","productionEnd":"2026-02-01T00:00:00","setupRequired":true,"expectedSetup":8470.588235294117,"setupActual":8471,"setupStart":"2026-01-31T06:21:10","setupEnd":"2026-01-31T08:42:21","setupResource":"smt standard","setupRule":true,"resources":[{"resource":"smt standard","quantity":1,"start":true},{"resource":"smt standard","quantity":-1,"start":false}]}
[resource] ask {"demand":null,"operation":"standard process CTRL-A","resource":"smt standard","start":"2026-01-31T06:42:21","end":"2026-02-01T00:00:00"}
[resource] input {"operation":"standard process CTRL-A","resource":"smt standard","questionQuantity":-1,"operationQuantity":2,"loadQuantity":-1}
[resource] candidate {"demand":null,"start":"2026-01-31T06:42:21","end":"2026-02-01T00:00:00","feasible":true}
[resource] answer {"operation":"standard process CTRL-A","resource":"smt standard","answerQuantity":1,"operationQuantity":2,"loadQuantity":-1}
[resource] ask {"demand":null,"operation":"standard process CTRL-A","resource":"functional test","start":"2026-01-31T06:42:21","end":"2026-02-01T00:00:00"}
[resource] input {"operation":"standard process CTRL-A","resource":"functional test","questionQuantity":-1,"operationQuantity":2,"loadQuantity":-1}
[resource] candidate {"demand":null,"start":"2026-01-31T06:42:21","end":"2026-02-01T00:00:00","feasible":true}
[resource] answer {"operation":"standard process CTRL-A","resource":"functional test","answerQuantity":1,"operationQuantity":2,"loadQuantity":-1}
[buffer] ask {"demand":null,"buffer":"microcontroller standard","requested":2,"date":"2026-01-31T08:42:21","onhand":98}
[buffer] answer {"demand":null,"buffer":"microcontroller standard","requested":2,"remainingShortage":0,"quantity":2,"date":"2030-12-31T00:00:00","plan":null}
[buffer] ask {"demand":null,"buffer":"pcb panel","requested":2,"date":"2026-01-31T08:42:21","onhand":200}
[buffer] answer {"demand":null,"buffer":"pcb panel","requested":2,"remainingShortage":0,"quantity":2,"date":"2030-12-31T00:00:00","plan":null}
[operation] answer {"demand":null,"operation":"standard process CTRL-A","quantity":2,"start":"2026-01-31T06:42:21","end":"2026-02-01T00:00:00"}
[operation] alternate-segment {"operation":"select process CTRL-A","alternate":"standard process CTRL-A","quantity":2,"remainingQuantity":0,"start":"2026-01-31T06:42:21","end":"2026-02-01T00:00:00"}
[operation] alternate-answer {"operation":"select process CTRL-A","quantity":2,"remainingQuantity":0,"nextDate":"2026-02-01T06:00:00"}
[buffer] replenish {"buffer":"controller A","iteration":0,"requested":2,"replenished":2,"producerDate":"2026-02-01T06:00:00","eventCountBefore":15,"eventCountAfter":16,"remaining":0}
[buffer] answer {"demand":null,"buffer":"controller A","requested":2,"remainingShortage":0,"quantity":2,"date":"2030-12-31T00:00:00","plan":"OperationPlan"}
[operation] answer {"demand":"electronics order 053 CTRL-A","operation":"ship CTRL-A","quantity":2,"start":"2026-02-01T00:00:00","end":"2026-02-01T02:00:00"}
[demand] reply {"demand":"electronics order 053 CTRL-A","attempt":1,"result":true,"quantity":2,"date":"2030-12-31T00:00:00"}
[demand] attempt {"demand":"electronics order 009 CTRL-A","attempt":1,"quantity":4,"requestDate":"2026-01-21T02:00:00","lastDate":"2030-12-31T00:00:00"}
[operation] ask {"demand":"electronics order 009 CTRL-A","operation":"ship CTRL-A","quantity":4,"operationQuantity":4,"end":"2026-01-21T02:00:00","operationEnd":"2026-01-21T02:00:00"}
[buffer] ask {"demand":null,"buffer":"controller A","requested":4,"date":"2026-01-21T00:00:00","onhand":2}
[buffer] shortage {"buffer":"controller A","iteration":0,"date":"2026-01-21T00:00:00","onhand":-4,"shortage":4}
[operation] alternate-ask {"demand":null,"operation":"select process CTRL-A","quantity":4,"end":"2026-01-21T00:00:00","alternates":["fast process CTRL-A","standard process CTRL-A"]}
[operation] alternate-try {"operation":"select process CTRL-A","alternate":"fast process CTRL-A","remainingQuantity":4,"childQuantity":4}
[operation] ask {"demand":null,"operation":"fast process CTRL-A","quantity":4,"operationQuantity":4,"end":"2026-01-21T00:00:00","operationEnd":"2026-01-21T00:00:00"}
[operation] fixedtime-incomplete {"operation":"fast process CTRL-A","quantity":4,"q":4,"preferEnd":true,"later":false,"forward":false,"efficiency":1.15,"requestedStart":"1971-01-01T00:00:00","requestedEnd":"2026-01-21T00:00:00","productionWanted":25043,"productionActual":25043,"productionStart":"2026-01-20T17:02:37","productionEnd":"2026-01-21T00:00:00","setupRequired":true,"expectedSetup":3130.434782608696,"setupActual":3130,"setupStart":"2026-01-20T16:10:27","setupEnd":"2026-01-20T17:02:37","setupResource":"smt highspeed","setupRule":true,"resources":[{"resource":"smt highspeed","quantity":1,"start":true},{"resource":"smt highspeed","quantity":-1,"start":false}]}
[resource] ask {"demand":null,"operation":"fast process CTRL-A","resource":"smt highspeed","start":"2026-01-20T15:43:38","end":"2026-01-21T00:00:00"}
[resource] input {"operation":"fast process CTRL-A","resource":"smt highspeed","questionQuantity":-1,"operationQuantity":4,"loadQuantity":-1}
[resource] candidate {"demand":null,"start":"2026-01-20T15:43:38","end":"2026-01-21T00:00:00","feasible":true}
[resource] answer {"operation":"fast process CTRL-A","resource":"smt highspeed","answerQuantity":1,"operationQuantity":4,"loadQuantity":-1}
[load] resource-before-assignment {"operation":"fast process CTRL-A","load":"","resource":"ict senior","originalQuantity":4,"plannedQuantity":4,"loadQuantity":-1}
[load] resource-after-assignment {"operation":"fast process CTRL-A","load":"","resource":"ict senior","plannedQuantity":4,"loadQuantity":-1}
[operation] fixedtime-incomplete {"operation":"fast process CTRL-A","quantity":4,"q":4,"preferEnd":true,"later":false,"forward":false,"efficiency":1.1,"requestedStart":"1971-01-01T00:00:00","requestedEnd":"2026-01-21T00:00:00","productionWanted":26182,"productionActual":26182,"productionStart":"2026-01-20T16:43:38","productionEnd":"2026-01-21T00:00:00","setupRequired":true,"expectedSetup":3272.7272727272725,"setupActual":3273,"setupStart":"2026-01-20T15:49:05","setupEnd":"2026-01-20T16:43:38","setupResource":"smt highspeed","setupRule":true,"resources":[{"resource":"smt highspeed","quantity":1,"start":true},{"resource":"smt highspeed","quantity":-1,"start":false},{"resource":"ict senior","quantity":1,"start":true},{"resource":"ict senior","quantity":-1,"start":false}]}
[resource] ask {"demand":null,"operation":"fast process CTRL-A","resource":"ict senior","start":"2026-01-20T16:43:38","end":"2026-01-21T00:00:00"}
[resource] input {"operation":"fast process CTRL-A","resource":"ict senior","questionQuantity":0,"operationQuantity":0,"loadQuantity":0}
[resource] candidate {"demand":null,"start":"2026-01-20T16:43:38","end":"2026-01-21T00:00:00","feasible":true}
[resource] answer {"operation":"fast process CTRL-A","resource":"ict senior","answerQuantity":0,"operationQuantity":0,"loadQuantity":0}
[load] resource-trial {"operation":"fast process CTRL-A","load":"","resource":"ict senior","answerQuantity":0,"plannedQuantity":0,"skillPriority":1,"answerDate":"2026-01-21T00:00:00"}
[load] resource-before-assignment {"operation":"fast process CTRL-A","load":"","resource":"ict regular","originalQuantity":4,"plannedQuantity":4,"loadQuantity":-1}
[operation] fixedtime-incomplete {"operation":"fast process CTRL-A","quantity":4,"q":4,"preferEnd":true,"later":false,"forward":false,"efficiency":0.95,"requestedStart":"1971-01-01T00:00:00","requestedEnd":"2026-01-21T00:00:00","productionWanted":30316,"productionActual":30316,"productionStart":"2026-01-20T15:34:44","productionEnd":"2026-01-21T00:00:00","setupRequired":true,"expectedSetup":3789.4736842105267,"setupActual":3789,"setupStart":"2026-01-20T14:31:35","setupEnd":"2026-01-20T15:34:44","setupResource":"smt highspeed","setupRule":true,"resources":[{"resource":"smt highspeed","quantity":1,"start":true},{"resource":"smt highspeed","quantity":-1,"start":false},{"resource":"ict regular","quantity":1,"start":true},{"resource":"ict regular","quantity":-1,"start":false}]}
[load] resource-after-assignment {"operation":"fast process CTRL-A","load":"","resource":"ict regular","plannedQuantity":0,"loadQuantity":0}
[resource] ask {"demand":null,"operation":"fast process CTRL-A","resource":"ict regular","start":"2026-01-20T15:34:44","end":"2026-01-21T00:00:00"}
[resource] input {"operation":"fast process CTRL-A","resource":"ict regular","questionQuantity":0,"operationQuantity":0,"loadQuantity":0}
[resource] candidate {"demand":null,"start":"2026-01-20T15:34:44","end":"2026-01-21T00:00:00","feasible":true}
[resource] answer {"operation":"fast process CTRL-A","resource":"ict regular","answerQuantity":0,"operationQuantity":0,"loadQuantity":0}
[load] resource-trial {"operation":"fast process CTRL-A","load":"","resource":"ict regular","answerQuantity":0,"plannedQuantity":0,"skillPriority":2,"answerDate":"2026-01-21T00:00:00"}
[load] resource-rejected {"operation":"fast process CTRL-A","load":"","candidateCount":3,"qualifiedResourceExists":true,"minimumNextDate":"2026-01-21T00:00:00"}
[operation] capacity-reject {"demand":null,"operation":"fast process CTRL-A","start":"2026-01-20T15:34:44","end":"2026-01-21T00:00:00","answerQuantity":0,"answerDate":"2026-01-21T00:00:00"}
[operation] alternate-reject {"operation":"select process CTRL-A","alternate":"fast process CTRL-A","quantity":0,"nextDate":"2026-01-21T06:00:00"}
[operation] alternate-try {"operation":"select process CTRL-A","alternate":"standard process CTRL-A","remainingQuantity":4,"childQuantity":4}
[operation] ask {"demand":null,"operation":"standard process CTRL-A","quantity":4,"operationQuantity":4,"end":"2026-01-21T00:00:00","operationEnd":"2026-01-21T00:00:00"}
[operation] fixedtime-incomplete {"operation":"standard process CTRL-A","quantity":4,"q":4,"preferEnd":true,"later":false,"forward":false,"efficiency":0.85,"requestedStart":"1971-01-01T00:00:00","requestedEnd":"2026-01-21T00:00:00","productionWanted":55059,"productionActual":55059,"productionStart":"2026-01-20T08:42:21","productionEnd":"2026-01-21T00:00:00","setupRequired":true,"expectedSetup":8470.588235294117,"setupActual":8471,"setupStart":"2026-01-20T06:21:10","setupEnd":"2026-01-20T08:42:21","setupResource":"smt standard","setupRule":true,"resources":[{"resource":"smt standard","quantity":1,"start":true},{"resource":"smt standard","quantity":-1,"start":false}]}
[resource] ask {"demand":null,"operation":"standard process CTRL-A","resource":"smt standard","start":"2026-01-20T06:42:21","end":"2026-01-21T00:00:00"}
[resource] input {"operation":"standard process CTRL-A","resource":"smt standard","questionQuantity":-1,"operationQuantity":4,"loadQuantity":-1}
[resource] candidate {"demand":null,"start":"2026-01-20T06:42:21","end":"2026-01-21T00:00:00","feasible":true}
[resource] answer {"operation":"standard process CTRL-A","resource":"smt standard","answerQuantity":1,"operationQuantity":4,"loadQuantity":-1}
[resource] ask {"demand":null,"operation":"standard process CTRL-A","resource":"functional test","start":"2026-01-20T06:42:21","end":"2026-01-21T00:00:00"}
[resource] input {"operation":"standard process CTRL-A","resource":"functional test","questionQuantity":-1,"operationQuantity":4,"loadQuantity":-1}
[resource] candidate {"demand":null,"start":"2026-01-20T06:42:21","end":"2026-01-21T00:00:00","feasible":true}
[resource] answer {"operation":"standard process CTRL-A","resource":"functional test","answerQuantity":1,"operationQuantity":4,"loadQuantity":-1}
[buffer] ask {"demand":null,"buffer":"microcontroller standard","requested":4,"date":"2026-01-20T08:42:21","onhand":160}
[buffer] answer {"demand":null,"buffer":"microcontroller standard","requested":4,"remainingShortage":0,"quantity":4,"date":"2030-12-31T00:00:00","plan":null}
[buffer] ask {"demand":null,"buffer":"pcb panel","requested":4,"date":"2026-01-20T08:42:21","onhand":230}
[buffer] answer {"demand":null,"buffer":"pcb panel","requested":4,"remainingShortage":0,"quantity":4,"date":"2030-12-31T00:00:00","plan":null}
[operation] answer {"demand":null,"operation":"standard process CTRL-A","quantity":4,"start":"2026-01-20T06:42:21","end":"2026-01-21T00:00:00"}
[operation] alternate-segment {"operation":"select process CTRL-A","alternate":"standard process CTRL-A","quantity":4,"remainingQuantity":0,"start":"2026-01-20T06:42:21","end":"2026-01-21T00:00:00"}
[operation] alternate-answer {"operation":"select process CTRL-A","quantity":4,"remainingQuantity":0,"nextDate":"2026-01-21T06:00:00"}
[buffer] replenish {"buffer":"controller A","iteration":0,"requested":4,"replenished":4,"producerDate":"2026-01-21T06:00:00","eventCountBefore":17,"eventCountAfter":18,"remaining":0}
[buffer] answer {"demand":null,"buffer":"controller A","requested":4,"remainingShortage":0,"quantity":4,"date":"2030-12-31T00:00:00","plan":"OperationPlan"}
[operation] answer {"demand":"electronics order 009 CTRL-A","operation":"ship CTRL-A","quantity":4,"start":"2026-01-21T00:00:00","end":"2026-01-21T02:00:00"}
[demand] reply {"demand":"electronics order 009 CTRL-A","attempt":1,"result":true,"quantity":4,"date":"2030-12-31T00:00:00"}
[demand] attempt {"demand":"electronics order 024 SENSOR-D","attempt":1,"quantity":5,"requestDate":"2026-01-24T20:00:00","lastDate":"2030-12-31T00:00:00"}
[operation] ask {"demand":"electronics order 024 SENSOR-D","operation":"ship SENSOR-D","quantity":5,"operationQuantity":5,"end":"2026-01-24T20:00:00","operationEnd":"2026-01-24T20:00:00"}
[buffer] ask {"demand":null,"buffer":"sensor D","requested":5,"date":"2026-01-24T18:00:00","onhand":2}
[buffer] shortage {"buffer":"sensor D","iteration":0,"date":"2026-01-24T18:00:00","onhand":-5,"shortage":5}
[operation] alternate-ask {"demand":null,"operation":"select process SENSOR-D","quantity":5,"end":"2026-01-24T18:00:00","alternates":["fast process SENSOR-D","standard process SENSOR-D"]}
[operation] alternate-try {"operation":"select process SENSOR-D","alternate":"fast process SENSOR-D","remainingQuantity":5,"childQuantity":5}
[operation] ask {"demand":null,"operation":"fast process SENSOR-D","quantity":5,"operationQuantity":5,"end":"2026-01-24T18:00:00","operationEnd":"2026-01-24T18:00:00"}
[operation] fixedtime-incomplete {"operation":"fast process SENSOR-D","quantity":5,"q":5,"preferEnd":true,"later":false,"forward":false,"efficiency":1.15,"requestedStart":"1971-01-01T00:00:00","requestedEnd":"2026-01-24T18:00:00","productionWanted":34435,"productionActual":34435,"productionStart":"2026-01-24T08:26:05","productionEnd":"2026-01-24T18:00:00","setupRequired":true,"expectedSetup":3130.434782608696,"setupActual":3130,"setupStart":"2026-01-24T07:33:55","setupEnd":"2026-01-24T08:26:05","setupResource":"smt highspeed","setupRule":true,"resources":[{"resource":"smt highspeed","quantity":1,"start":true},{"resource":"smt highspeed","quantity":-1,"start":false}]}
[resource] ask {"demand":null,"operation":"fast process SENSOR-D","resource":"smt highspeed","start":"2026-01-24T07:00:00","end":"2026-01-24T18:00:00"}
[resource] input {"operation":"fast process SENSOR-D","resource":"smt highspeed","questionQuantity":-1,"operationQuantity":5,"loadQuantity":-1}
[resource] candidate {"demand":null,"start":"2026-01-24T07:00:00","end":"2026-01-24T18:00:00","feasible":true}
[resource] answer {"operation":"fast process SENSOR-D","resource":"smt highspeed","answerQuantity":1,"operationQuantity":5,"loadQuantity":-1}
[load] resource-before-assignment {"operation":"fast process SENSOR-D","load":"","resource":"ict senior","originalQuantity":5,"plannedQuantity":5,"loadQuantity":-1}
[load] resource-after-assignment {"operation":"fast process SENSOR-D","load":"","resource":"ict senior","plannedQuantity":5,"loadQuantity":-1}
[operation] fixedtime-incomplete {"operation":"fast process SENSOR-D","quantity":5,"q":5,"preferEnd":true,"later":false,"forward":false,"efficiency":1.1,"requestedStart":"1971-01-01T00:00:00","requestedEnd":"2026-01-24T18:00:00","productionWanted":36000,"productionActual":36000,"productionStart":"2026-01-24T08:00:00","productionEnd":"2026-01-24T18:00:00","setupRequired":true,"expectedSetup":3272.7272727272725,"setupActual":3273,"setupStart":"2026-01-24T07:05:27","setupEnd":"2026-01-24T08:00:00","setupResource":"smt highspeed","setupRule":true,"resources":[{"resource":"smt highspeed","quantity":1,"start":true},{"resource":"smt highspeed","quantity":-1,"start":false},{"resource":"ict senior","quantity":1,"start":true},{"resource":"ict senior","quantity":-1,"start":false}]}
[resource] ask {"demand":null,"operation":"fast process SENSOR-D","resource":"ict senior","start":"2026-01-24T08:00:00","end":"2026-01-24T18:00:00"}
[resource] input {"operation":"fast process SENSOR-D","resource":"ict senior","questionQuantity":0,"operationQuantity":0,"loadQuantity":0}
[resource] candidate {"demand":null,"start":"2026-01-24T08:00:00","end":"2026-01-24T18:00:00","feasible":true}
[resource] answer {"operation":"fast process SENSOR-D","resource":"ict senior","answerQuantity":0,"operationQuantity":0,"loadQuantity":0}
[load] resource-trial {"operation":"fast process SENSOR-D","load":"","resource":"ict senior","answerQuantity":0,"plannedQuantity":0,"skillPriority":1,"answerDate":"2026-01-24T18:00:00"}
[load] resource-before-assignment {"operation":"fast process SENSOR-D","load":"","resource":"ict regular","originalQuantity":5,"plannedQuantity":5,"loadQuantity":-1}
[operation] fixedtime-incomplete {"operation":"fast process SENSOR-D","quantity":5,"q":5,"preferEnd":true,"later":false,"forward":false,"efficiency":0.95,"requestedStart":"1971-01-01T00:00:00","requestedEnd":"2026-01-24T18:00:00","productionWanted":41684,"productionActual":41684,"productionStart":"2026-01-24T06:25:16","productionEnd":"2026-01-24T18:00:00","setupRequired":true,"expectedSetup":3789.4736842105267,"setupActual":3789,"setupStart":"2026-01-24T05:22:07","setupEnd":"2026-01-24T06:25:16","setupResource":"smt highspeed","setupRule":true,"resources":[{"resource":"smt highspeed","quantity":1,"start":true},{"resource":"smt highspeed","quantity":-1,"start":false},{"resource":"ict regular","quantity":1,"start":true},{"resource":"ict regular","quantity":-1,"start":false}]}
[load] resource-after-assignment {"operation":"fast process SENSOR-D","load":"","resource":"ict regular","plannedQuantity":0,"loadQuantity":0}
[resource] ask {"demand":null,"operation":"fast process SENSOR-D","resource":"ict regular","start":"2026-01-24T06:25:16","end":"2026-01-24T18:00:00"}
[resource] input {"operation":"fast process SENSOR-D","resource":"ict regular","questionQuantity":0,"operationQuantity":0,"loadQuantity":0}
[resource] candidate {"demand":null,"start":"2026-01-24T06:25:16","end":"2026-01-24T18:00:00","feasible":true}
[resource] answer {"operation":"fast process SENSOR-D","resource":"ict regular","answerQuantity":0,"operationQuantity":0,"loadQuantity":0}
[load] resource-trial {"operation":"fast process SENSOR-D","load":"","resource":"ict regular","answerQuantity":0,"plannedQuantity":0,"skillPriority":2,"answerDate":"2026-01-24T18:00:00"}
[load] resource-rejected {"operation":"fast process SENSOR-D","load":"","candidateCount":3,"qualifiedResourceExists":true,"minimumNextDate":"2026-01-24T18:00:00"}
[operation] capacity-reject {"demand":null,"operation":"fast process SENSOR-D","start":"2026-01-24T06:25:16","end":"2026-01-24T18:00:00","answerQuantity":0,"answerDate":"2026-01-24T18:00:00"}
[operation] alternate-reject {"operation":"select process SENSOR-D","alternate":"fast process SENSOR-D","quantity":0,"nextDate":"2026-01-25T00:00:00"}
[operation] alternate-try {"operation":"select process SENSOR-D","alternate":"standard process SENSOR-D","remainingQuantity":5,"childQuantity":5}
[operation] ask {"demand":null,"operation":"standard process SENSOR-D","quantity":5,"operationQuantity":5,"end":"2026-01-24T18:00:00","operationEnd":"2026-01-24T18:00:00"}
[resource] ask {"demand":null,"operation":"standard process SENSOR-D","resource":"smt standard","start":"2026-01-23T23:10:35","end":"2026-01-24T18:00:00"}
[resource] input {"operation":"standard process SENSOR-D","resource":"smt standard","questionQuantity":-1,"operationQuantity":5,"loadQuantity":-1}
[resource] candidate {"demand":null,"start":"2026-01-23T23:10:35","end":"2026-01-24T18:00:00","feasible":true}
[resource] answer {"operation":"standard process SENSOR-D","resource":"smt standard","answerQuantity":1,"operationQuantity":5,"loadQuantity":-1}
[resource] ask {"demand":null,"operation":"standard process SENSOR-D","resource":"functional test","start":"2026-01-23T23:10:35","end":"2026-01-24T18:00:00"}
[resource] input {"operation":"standard process SENSOR-D","resource":"functional test","questionQuantity":-1,"operationQuantity":5,"loadQuantity":-1}
[resource] candidate {"demand":null,"start":"2026-01-23T23:10:35","end":"2026-01-24T18:00:00","feasible":true}
[resource] answer {"operation":"standard process SENSOR-D","resource":"functional test","answerQuantity":1,"operationQuantity":5,"loadQuantity":-1}
[buffer] ask {"demand":null,"buffer":"microcontroller standard","requested":5,"date":"2026-01-23T23:10:35","onhand":134}
[buffer] answer {"demand":null,"buffer":"microcontroller standard","requested":5,"remainingShortage":0,"quantity":5,"date":"2030-12-31T00:00:00","plan":null}
[buffer] ask {"demand":null,"buffer":"sensor die","requested":5,"date":"2026-01-23T23:10:35","onhand":122}
[buffer] answer {"demand":null,"buffer":"sensor die","requested":5,"remainingShortage":0,"quantity":5,"date":"2030-12-31T00:00:00","plan":null}
[operation] answer {"demand":null,"operation":"standard process SENSOR-D","quantity":5,"start":"2026-01-23T23:10:35","end":"2026-01-24T18:00:00"}
[operation] alternate-segment {"operation":"select process SENSOR-D","alternate":"standard process SENSOR-D","quantity":5,"remainingQuantity":0,"start":"2026-01-23T23:10:35","end":"2026-01-24T18:00:00"}
[operation] alternate-answer {"operation":"select process SENSOR-D","quantity":5,"remainingQuantity":0,"nextDate":"2026-01-25T00:00:00"}
[buffer] replenish {"buffer":"sensor D","iteration":0,"requested":5,"replenished":5,"producerDate":"2026-01-25T00:00:00","eventCountBefore":17,"eventCountAfter":18,"remaining":0}
[buffer] answer {"demand":null,"buffer":"sensor D","requested":5,"remainingShortage":0,"quantity":5,"date":"2030-12-31T00:00:00","plan":"OperationPlan"}
[operation] answer {"demand":"electronics order 024 SENSOR-D","operation":"ship SENSOR-D","quantity":5,"start":"2026-01-24T18:00:00","end":"2026-01-24T20:00:00"}
[demand] reply {"demand":"electronics order 024 SENSOR-D","attempt":1,"result":true,"quantity":5,"date":"2030-12-31T00:00:00"}
[demand] attempt {"demand":"electronics order 039 SENSOR-C","attempt":1,"quantity":4,"requestDate":"2026-01-28T14:00:00","lastDate":"2030-12-31T00:00:00"}
[operation] ask {"demand":"electronics order 039 SENSOR-C","operation":"ship SENSOR-C","quantity":4,"operationQuantity":4,"end":"2026-01-28T14:00:00","operationEnd":"2026-01-28T14:00:00"}
[buffer] ask {"demand":null,"buffer":"sensor C","requested":4,"date":"2026-01-28T12:00:00","onhand":2}
[buffer] shortage {"buffer":"sensor C","iteration":0,"date":"2026-01-28T12:00:00","onhand":-4,"shortage":4}
[operation] alternate-ask {"demand":null,"operation":"select process SENSOR-C","quantity":4,"end":"2026-01-28T12:00:00","alternates":["fast process SENSOR-C","standard process SENSOR-C"]}
[operation] alternate-try {"operation":"select process SENSOR-C","alternate":"fast process SENSOR-C","remainingQuantity":4,"childQuantity":4}
[operation] ask {"demand":null,"operation":"fast process SENSOR-C","quantity":4,"operationQuantity":4,"end":"2026-01-28T12:00:00","operationEnd":"2026-01-28T12:00:00"}
[operation] fixedtime-incomplete {"operation":"fast process SENSOR-C","quantity":4,"q":4,"preferEnd":true,"later":false,"forward":false,"efficiency":1.15,"requestedStart":"1971-01-01T00:00:00","requestedEnd":"2026-01-28T12:00:00","productionWanted":31304,"productionActual":31304,"productionStart":"2026-01-28T03:18:16","productionEnd":"2026-01-28T12:00:00","setupRequired":true,"expectedSetup":3130.434782608696,"setupActual":3130,"setupStart":"2026-01-28T02:26:06","setupEnd":"2026-01-28T03:18:16","setupResource":"smt highspeed","setupRule":true,"resources":[{"resource":"smt highspeed","quantity":1,"start":true},{"resource":"smt highspeed","quantity":-1,"start":false}]}
[resource] ask {"demand":null,"operation":"fast process SENSOR-C","resource":"smt highspeed","start":"2026-01-28T01:54:33","end":"2026-01-28T12:00:00"}
[resource] input {"operation":"fast process SENSOR-C","resource":"smt highspeed","questionQuantity":-1,"operationQuantity":4,"loadQuantity":-1}
[resource] candidate {"demand":null,"start":"2026-01-28T01:54:33","end":"2026-01-28T12:00:00","feasible":true}
[resource] answer {"operation":"fast process SENSOR-C","resource":"smt highspeed","answerQuantity":1,"operationQuantity":4,"loadQuantity":-1}
[load] resource-before-assignment {"operation":"fast process SENSOR-C","load":"","resource":"ict senior","originalQuantity":4,"plannedQuantity":4,"loadQuantity":-1}
[load] resource-after-assignment {"operation":"fast process SENSOR-C","load":"","resource":"ict senior","plannedQuantity":4,"loadQuantity":-1}
[operation] fixedtime-incomplete {"operation":"fast process SENSOR-C","quantity":4,"q":4,"preferEnd":true,"later":false,"forward":false,"efficiency":1.1,"requestedStart":"1971-01-01T00:00:00","requestedEnd":"2026-01-28T12:00:00","productionWanted":32727,"productionActual":32727,"productionStart":"2026-01-28T02:54:33","productionEnd":"2026-01-28T12:00:00","setupRequired":true,"expectedSetup":3272.7272727272725,"setupActual":3273,"setupStart":"2026-01-28T02:00:00","setupEnd":"2026-01-28T02:54:33","setupResource":"smt highspeed","setupRule":true,"resources":[{"resource":"smt highspeed","quantity":1,"start":true},{"resource":"smt highspeed","quantity":-1,"start":false},{"resource":"ict senior","quantity":1,"start":true},{"resource":"ict senior","quantity":-1,"start":false}]}
[resource] ask {"demand":null,"operation":"fast process SENSOR-C","resource":"ict senior","start":"2026-01-28T02:54:33","end":"2026-01-28T12:00:00"}
[resource] input {"operation":"fast process SENSOR-C","resource":"ict senior","questionQuantity":0,"operationQuantity":0,"loadQuantity":0}
[resource] candidate {"demand":null,"start":"2026-01-28T02:54:33","end":"2026-01-28T12:00:00","feasible":true}
[resource] answer {"operation":"fast process SENSOR-C","resource":"ict senior","answerQuantity":0,"operationQuantity":0,"loadQuantity":0}
[load] resource-trial {"operation":"fast process SENSOR-C","load":"","resource":"ict senior","answerQuantity":0,"plannedQuantity":0,"skillPriority":1,"answerDate":"2026-01-28T12:00:00"}
[load] resource-before-assignment {"operation":"fast process SENSOR-C","load":"","resource":"ict regular","originalQuantity":4,"plannedQuantity":4,"loadQuantity":-1}
[operation] fixedtime-incomplete {"operation":"fast process SENSOR-C","quantity":4,"q":4,"preferEnd":true,"later":false,"forward":false,"efficiency":0.95,"requestedStart":"1971-01-01T00:00:00","requestedEnd":"2026-01-28T12:00:00","productionWanted":37895,"productionActual":37895,"productionStart":"2026-01-28T01:28:25","productionEnd":"2026-01-28T12:00:00","setupRequired":true,"expectedSetup":3789.4736842105267,"setupActual":3789,"setupStart":"2026-01-28T00:25:16","setupEnd":"2026-01-28T01:28:25","setupResource":"smt highspeed","setupRule":true,"resources":[{"resource":"smt highspeed","quantity":1,"start":true},{"resource":"smt highspeed","quantity":-1,"start":false},{"resource":"ict regular","quantity":1,"start":true},{"resource":"ict regular","quantity":-1,"start":false}]}
[load] resource-after-assignment {"operation":"fast process SENSOR-C","load":"","resource":"ict regular","plannedQuantity":0,"loadQuantity":0}
[resource] ask {"demand":null,"operation":"fast process SENSOR-C","resource":"ict regular","start":"2026-01-28T01:28:25","end":"2026-01-28T12:00:00"}
[resource] input {"operation":"fast process SENSOR-C","resource":"ict regular","questionQuantity":0,"operationQuantity":0,"loadQuantity":0}
[resource] candidate {"demand":null,"start":"2026-01-28T01:28:25","end":"2026-01-28T12:00:00","feasible":true}
[resource] answer {"operation":"fast process SENSOR-C","resource":"ict regular","answerQuantity":0,"operationQuantity":0,"loadQuantity":0}
[load] resource-trial {"operation":"fast process SENSOR-C","load":"","resource":"ict regular","answerQuantity":0,"plannedQuantity":0,"skillPriority":2,"answerDate":"2026-01-28T12:00:00"}
[load] resource-rejected {"operation":"fast process SENSOR-C","load":"","candidateCount":3,"qualifiedResourceExists":true,"minimumNextDate":"2026-01-28T12:00:00"}
[operation] capacity-reject {"demand":null,"operation":"fast process SENSOR-C","start":"2026-01-28T01:28:25","end":"2026-01-28T12:00:00","answerQuantity":0,"answerDate":"2026-01-28T12:00:00"}
[operation] alternate-reject {"operation":"select process SENSOR-C","alternate":"fast process SENSOR-C","quantity":0,"nextDate":"2026-01-28T18:00:00"}
[operation] alternate-try {"operation":"select process SENSOR-C","alternate":"standard process SENSOR-C","remainingQuantity":4,"childQuantity":4}
[operation] ask {"demand":null,"operation":"standard process SENSOR-C","quantity":4,"operationQuantity":4,"end":"2026-01-28T12:00:00","operationEnd":"2026-01-28T12:00:00"}
[operation] fixedtime-incomplete {"operation":"standard process SENSOR-C","quantity":4,"q":4,"preferEnd":true,"later":false,"forward":false,"efficiency":0.85,"requestedStart":"1971-01-01T00:00:00","requestedEnd":"2026-01-28T12:00:00","productionWanted":63529,"productionActual":63529,"productionStart":"2026-01-27T18:21:11","productionEnd":"2026-01-28T12:00:00","setupRequired":true,"expectedSetup":12705.882352941177,"setupActual":12706,"setupStart":"2026-01-27T14:49:25","setupEnd":"2026-01-27T18:21:11","setupResource":"smt standard","setupRule":true,"resources":[{"resource":"smt standard","quantity":1,"start":true},{"resource":"smt standard","quantity":-1,"start":false}]}
[resource] ask {"demand":null,"operation":"standard process SENSOR-C","resource":"smt standard","start":"2026-01-27T15:21:11","end":"2026-01-28T12:00:00"}
[resource] input {"operation":"standard process SENSOR-C","resource":"smt standard","questionQuantity":-1,"operationQuantity":4,"loadQuantity":-1}
[resource] candidate {"demand":null,"start":"2026-01-27T15:21:11","end":"2026-01-28T12:00:00","feasible":true}
[resource] answer {"operation":"standard process SENSOR-C","resource":"smt standard","answerQuantity":1,"operationQuantity":4,"loadQuantity":-1}
[resource] ask {"demand":null,"operation":"standard process SENSOR-C","resource":"functional test","start":"2026-01-27T15:21:11","end":"2026-01-28T12:00:00"}
[resource] input {"operation":"standard process SENSOR-C","resource":"functional test","questionQuantity":-1,"operationQuantity":4,"loadQuantity":-1}
[resource] candidate {"demand":null,"start":"2026-01-27T15:21:11","end":"2026-01-28T12:00:00","feasible":true}
[resource] answer {"operation":"standard process SENSOR-C","resource":"functional test","answerQuantity":1,"operationQuantity":4,"loadQuantity":-1}
[buffer] ask {"demand":null,"buffer":"microcontroller standard","requested":4,"date":"2026-01-27T18:21:11","onhand":109}
[buffer] answer {"demand":null,"buffer":"microcontroller standard","requested":4,"remainingShortage":0,"quantity":4,"date":"2030-12-31T00:00:00","plan":null}
[buffer] ask {"demand":null,"buffer":"sensor die","requested":4,"date":"2026-01-27T18:21:11","onhand":107}
[buffer] answer {"demand":null,"buffer":"sensor die","requested":4,"remainingShortage":0,"quantity":4,"date":"2030-12-31T00:00:00","plan":null}
[operation] answer {"demand":null,"operation":"standard process SENSOR-C","quantity":4,"start":"2026-01-27T15:21:11","end":"2026-01-28T12:00:00"}
[operation] alternate-segment {"operation":"select process SENSOR-C","alternate":"standard process SENSOR-C","quantity":4,"remainingQuantity":0,"start":"2026-01-27T15:21:11","end":"2026-01-28T12:00:00"}
[operation] alternate-answer {"operation":"select process SENSOR-C","quantity":4,"remainingQuantity":0,"nextDate":"2026-01-28T18:00:00"}
[buffer] replenish {"buffer":"sensor C","iteration":0,"requested":4,"replenished":4,"producerDate":"2026-01-28T18:00:00","eventCountBefore":17,"eventCountAfter":18,"remaining":0}
[buffer] answer {"demand":null,"buffer":"sensor C","requested":4,"remainingShortage":0,"quantity":4,"date":"2030-12-31T00:00:00","plan":"OperationPlan"}
[operation] answer {"demand":"electronics order 039 SENSOR-C","operation":"ship SENSOR-C","quantity":4,"start":"2026-01-28T12:00:00","end":"2026-01-28T14:00:00"}
[demand] reply {"demand":"electronics order 039 SENSOR-C","attempt":1,"result":true,"quantity":4,"date":"2030-12-31T00:00:00"}
[demand] attempt {"demand":"electronics order 054 CTRL-B","attempt":1,"quantity":5,"requestDate":"2026-02-01T08:00:00","lastDate":"2030-12-31T00:00:00"}
[operation] ask {"demand":"electronics order 054 CTRL-B","operation":"ship CTRL-B","quantity":5,"operationQuantity":5,"end":"2026-02-01T08:00:00","operationEnd":"2026-02-01T08:00:00"}
[buffer] ask {"demand":null,"buffer":"controller B","requested":5,"date":"2026-02-01T06:00:00","onhand":2}
[buffer] shortage {"buffer":"controller B","iteration":0,"date":"2026-02-01T06:00:00","onhand":-5,"shortage":5}
[operation] alternate-ask {"demand":null,"operation":"select process CTRL-B","quantity":5,"end":"2026-02-01T06:00:00","alternates":["fast process CTRL-B","standard process CTRL-B"]}
[operation] alternate-try {"operation":"select process CTRL-B","alternate":"fast process CTRL-B","remainingQuantity":5,"childQuantity":5}
[operation] ask {"demand":null,"operation":"fast process CTRL-B","quantity":5,"operationQuantity":5,"end":"2026-02-01T06:00:00","operationEnd":"2026-02-01T06:00:00"}
[operation] fixedtime-incomplete {"operation":"fast process CTRL-B","quantity":5,"q":5,"preferEnd":true,"later":false,"forward":false,"efficiency":1.15,"requestedStart":"1971-01-01T00:00:00","requestedEnd":"2026-02-01T06:00:00","productionWanted":28174,"productionActual":28174,"productionStart":"2026-01-31T22:10:26","productionEnd":"2026-02-01T06:00:00","setupRequired":true,"expectedSetup":3130.434782608696,"setupActual":3130,"setupStart":"2026-01-31T21:18:16","setupEnd":"2026-01-31T22:10:26","setupResource":"smt highspeed","setupRule":true,"resources":[{"resource":"smt highspeed","quantity":1,"start":true},{"resource":"smt highspeed","quantity":-1,"start":false}]}
[resource] ask {"demand":null,"operation":"fast process CTRL-B","resource":"smt highspeed","start":"2026-01-31T20:49:05","end":"2026-02-01T06:00:00"}
[resource] input {"operation":"fast process CTRL-B","resource":"smt highspeed","questionQuantity":-1,"operationQuantity":5,"loadQuantity":-1}
[resource] candidate {"demand":null,"start":"2026-01-31T20:49:05","end":"2026-02-01T06:00:00","feasible":true}
[resource] answer {"operation":"fast process CTRL-B","resource":"smt highspeed","answerQuantity":1,"operationQuantity":5,"loadQuantity":-1}
[load] resource-before-assignment {"operation":"fast process CTRL-B","load":"","resource":"ict senior","originalQuantity":5,"plannedQuantity":5,"loadQuantity":-1}
[load] resource-after-assignment {"operation":"fast process CTRL-B","load":"","resource":"ict senior","plannedQuantity":5,"loadQuantity":-1}
[operation] fixedtime-incomplete {"operation":"fast process CTRL-B","quantity":5,"q":5,"preferEnd":true,"later":false,"forward":false,"efficiency":1.1,"requestedStart":"1971-01-01T00:00:00","requestedEnd":"2026-02-01T06:00:00","productionWanted":29455,"productionActual":29455,"productionStart":"2026-01-31T21:49:05","productionEnd":"2026-02-01T06:00:00","setupRequired":true,"expectedSetup":3272.7272727272725,"setupActual":3273,"setupStart":"2026-01-31T20:54:32","setupEnd":"2026-01-31T21:49:05","setupResource":"smt highspeed","setupRule":true,"resources":[{"resource":"smt highspeed","quantity":1,"start":true},{"resource":"smt highspeed","quantity":-1,"start":false},{"resource":"ict senior","quantity":1,"start":true},{"resource":"ict senior","quantity":-1,"start":false}]}
[resource] ask {"demand":null,"operation":"fast process CTRL-B","resource":"ict senior","start":"2026-01-31T21:49:05","end":"2026-02-01T06:00:00"}
[resource] input {"operation":"fast process CTRL-B","resource":"ict senior","questionQuantity":0,"operationQuantity":0,"loadQuantity":0}
[resource] candidate {"demand":null,"start":"2026-01-31T21:49:05","end":"2026-02-01T06:00:00","feasible":true}
[resource] answer {"operation":"fast process CTRL-B","resource":"ict senior","answerQuantity":0,"operationQuantity":0,"loadQuantity":0}
[load] resource-trial {"operation":"fast process CTRL-B","load":"","resource":"ict senior","answerQuantity":0,"plannedQuantity":0,"skillPriority":1,"answerDate":"2026-02-01T06:00:00"}
[load] resource-before-assignment {"operation":"fast process CTRL-B","load":"","resource":"ict regular","originalQuantity":5,"plannedQuantity":5,"loadQuantity":-1}
[operation] fixedtime-incomplete {"operation":"fast process CTRL-B","quantity":5,"q":5,"preferEnd":true,"later":false,"forward":false,"efficiency":0.95,"requestedStart":"1971-01-01T00:00:00","requestedEnd":"2026-02-01T06:00:00","productionWanted":34105,"productionActual":34105,"productionStart":"2026-01-31T20:31:35","productionEnd":"2026-02-01T06:00:00","setupRequired":true,"expectedSetup":3789.4736842105267,"setupActual":3789,"setupStart":"2026-01-31T19:28:26","setupEnd":"2026-01-31T20:31:35","setupResource":"smt highspeed","setupRule":true,"resources":[{"resource":"smt highspeed","quantity":1,"start":true},{"resource":"smt highspeed","quantity":-1,"start":false},{"resource":"ict regular","quantity":1,"start":true},{"resource":"ict regular","quantity":-1,"start":false}]}
[load] resource-after-assignment {"operation":"fast process CTRL-B","load":"","resource":"ict regular","plannedQuantity":0,"loadQuantity":0}
[resource] ask {"demand":null,"operation":"fast process CTRL-B","resource":"ict regular","start":"2026-01-31T20:31:35","end":"2026-02-01T06:00:00"}
[resource] input {"operation":"fast process CTRL-B","resource":"ict regular","questionQuantity":0,"operationQuantity":0,"loadQuantity":0}
[resource] candidate {"demand":null,"start":"2026-01-31T20:31:35","end":"2026-02-01T06:00:00","feasible":true}
[resource] answer {"operation":"fast process CTRL-B","resource":"ict regular","answerQuantity":0,"operationQuantity":0,"loadQuantity":0}
[load] resource-trial {"operation":"fast process CTRL-B","load":"","resource":"ict regular","answerQuantity":0,"plannedQuantity":0,"skillPriority":2,"answerDate":"2026-02-01T06:00:00"}
[load] resource-rejected {"operation":"fast process CTRL-B","load":"","candidateCount":3,"qualifiedResourceExists":true,"minimumNextDate":"2026-02-01T06:00:00"}
[operation] capacity-reject {"demand":null,"operation":"fast process CTRL-B","start":"2026-01-31T20:31:35","end":"2026-02-01T06:00:00","answerQuantity":0,"answerDate":"2026-02-01T06:00:00"}
[operation] alternate-reject {"operation":"select process CTRL-B","alternate":"fast process CTRL-B","quantity":0,"nextDate":"2026-02-01T12:00:00"}
[operation] alternate-try {"operation":"select process CTRL-B","alternate":"standard process CTRL-B","remainingQuantity":5,"childQuantity":5}
[operation] ask {"demand":null,"operation":"standard process CTRL-B","quantity":5,"operationQuantity":5,"end":"2026-02-01T06:00:00","operationEnd":"2026-02-01T06:00:00"}
[resource] ask {"demand":null,"operation":"standard process CTRL-B","resource":"smt standard","start":"2026-01-31T13:31:46","end":"2026-02-01T06:00:00"}
[resource] input {"operation":"standard process CTRL-B","resource":"smt standard","questionQuantity":-1,"operationQuantity":5,"loadQuantity":-1}
[resource] candidate {"demand":null,"start":"2026-01-31T13:31:46","end":"2026-02-01T06:00:00","feasible":true}
[resource] answer {"operation":"standard process CTRL-B","resource":"smt standard","answerQuantity":1,"operationQuantity":5,"loadQuantity":-1}
[resource] ask {"demand":null,"operation":"standard process CTRL-B","resource":"functional test","start":"2026-01-31T13:31:46","end":"2026-02-01T06:00:00"}
[resource] input {"operation":"standard process CTRL-B","resource":"functional test","questionQuantity":-1,"operationQuantity":5,"loadQuantity":-1}
[resource] candidate {"demand":null,"start":"2026-01-31T13:31:46","end":"2026-02-01T06:00:00","feasible":true}
[resource] answer {"operation":"standard process CTRL-B","resource":"functional test","answerQuantity":1,"operationQuantity":5,"loadQuantity":-1}
[buffer] ask {"demand":null,"buffer":"microcontroller standard","requested":5,"date":"2026-01-31T13:31:46","onhand":83}
[buffer] answer {"demand":null,"buffer":"microcontroller standard","requested":5,"remainingShortage":0,"quantity":5,"date":"2030-12-31T00:00:00","plan":null}
[buffer] ask {"demand":null,"buffer":"pcb panel","requested":5,"date":"2026-01-31T13:31:46","onhand":194}
[buffer] answer {"demand":null,"buffer":"pcb panel","requested":5,"remainingShortage":0,"quantity":5,"date":"2030-12-31T00:00:00","plan":null}
[operation] answer {"demand":null,"operation":"standard process CTRL-B","quantity":5,"start":"2026-01-31T13:31:46","end":"2026-02-01T06:00:00"}
[operation] alternate-segment {"operation":"select process CTRL-B","alternate":"standard process CTRL-B","quantity":5,"remainingQuantity":0,"start":"2026-01-31T13:31:46","end":"2026-02-01T06:00:00"}
[operation] alternate-answer {"operation":"select process CTRL-B","quantity":5,"remainingQuantity":0,"nextDate":"2026-02-01T12:00:00"}
[buffer] replenish {"buffer":"controller B","iteration":0,"requested":5,"replenished":5,"producerDate":"2026-02-01T12:00:00","eventCountBefore":17,"eventCountAfter":18,"remaining":0}
[buffer] answer {"demand":null,"buffer":"controller B","requested":5,"remainingShortage":0,"quantity":5,"date":"2030-12-31T00:00:00","plan":"OperationPlan"}
[operation] answer {"demand":"electronics order 054 CTRL-B","operation":"ship CTRL-B","quantity":5,"start":"2026-02-01T06:00:00","end":"2026-02-01T08:00:00"}
[demand] reply {"demand":"electronics order 054 CTRL-B","attempt":1,"result":true,"quantity":5,"date":"2030-12-31T00:00:00"}
[demand] attempt {"demand":"electronics order 010 CTRL-B","attempt":1,"quantity":3,"requestDate":"2026-01-21T08:00:00","lastDate":"2030-12-31T00:00:00"}
[operation] ask {"demand":"electronics order 010 CTRL-B","operation":"ship CTRL-B","quantity":3,"operationQuantity":3,"end":"2026-01-21T08:00:00","operationEnd":"2026-01-21T08:00:00"}
[buffer] ask {"demand":null,"buffer":"controller B","requested":3,"date":"2026-01-21T06:00:00","onhand":5}
[buffer] shortage {"buffer":"controller B","iteration":0,"date":"2026-01-21T06:00:00","onhand":-3,"shortage":3}
[operation] alternate-ask {"demand":null,"operation":"select process CTRL-B","quantity":3,"end":"2026-01-21T06:00:00","alternates":["fast process CTRL-B","standard process CTRL-B"]}
[operation] alternate-try {"operation":"select process CTRL-B","alternate":"fast process CTRL-B","remainingQuantity":3,"childQuantity":3}
[operation] ask {"demand":null,"operation":"fast process CTRL-B","quantity":3,"operationQuantity":3,"end":"2026-01-21T06:00:00","operationEnd":"2026-01-21T06:00:00"}
[operation] fixedtime-incomplete {"operation":"fast process CTRL-B","quantity":3,"q":3,"preferEnd":true,"later":false,"forward":false,"efficiency":1.15,"requestedStart":"1971-01-01T00:00:00","requestedEnd":"2026-01-21T06:00:00","productionWanted":28174,"productionActual":28174,"productionStart":"2026-01-20T22:10:26","productionEnd":"2026-01-21T06:00:00","setupRequired":true,"expectedSetup":3130.434782608696,"setupActual":3130,"setupStart":"2026-01-20T21:18:16","setupEnd":"2026-01-20T22:10:26","setupResource":"smt highspeed","setupRule":true,"resources":[{"resource":"smt highspeed","quantity":1,"start":true},{"resource":"smt highspeed","quantity":-1,"start":false}]}
[resource] ask {"demand":null,"operation":"fast process CTRL-B","resource":"smt highspeed","start":"2026-01-20T20:49:05","end":"2026-01-21T06:00:00"}
[resource] input {"operation":"fast process CTRL-B","resource":"smt highspeed","questionQuantity":-1,"operationQuantity":3,"loadQuantity":-1}
[resource] candidate {"demand":null,"start":"2026-01-20T20:49:05","end":"2026-01-21T06:00:00","feasible":true}
[resource] answer {"operation":"fast process CTRL-B","resource":"smt highspeed","answerQuantity":1,"operationQuantity":3,"loadQuantity":-1}
[load] resource-before-assignment {"operation":"fast process CTRL-B","load":"","resource":"ict senior","originalQuantity":3,"plannedQuantity":3,"loadQuantity":-1}
[load] resource-after-assignment {"operation":"fast process CTRL-B","load":"","resource":"ict senior","plannedQuantity":3,"loadQuantity":-1}
[operation] fixedtime-incomplete {"operation":"fast process CTRL-B","quantity":3,"q":3,"preferEnd":true,"later":false,"forward":false,"efficiency":1.1,"requestedStart":"1971-01-01T00:00:00","requestedEnd":"2026-01-21T06:00:00","productionWanted":29455,"productionActual":29455,"productionStart":"2026-01-20T21:49:05","productionEnd":"2026-01-21T06:00:00","setupRequired":true,"expectedSetup":3272.7272727272725,"setupActual":3273,"setupStart":"2026-01-20T20:54:32","setupEnd":"2026-01-20T21:49:05","setupResource":"smt highspeed","setupRule":true,"resources":[{"resource":"smt highspeed","quantity":1,"start":true},{"resource":"smt highspeed","quantity":-1,"start":false},{"resource":"ict senior","quantity":1,"start":true},{"resource":"ict senior","quantity":-1,"start":false}]}
[resource] ask {"demand":null,"operation":"fast process CTRL-B","resource":"ict senior","start":"2026-01-20T21:49:05","end":"2026-01-21T06:00:00"}
[resource] input {"operation":"fast process CTRL-B","resource":"ict senior","questionQuantity":0,"operationQuantity":0,"loadQuantity":0}
[resource] candidate {"demand":null,"start":"2026-01-20T21:49:05","end":"2026-01-21T06:00:00","feasible":true}
[resource] answer {"operation":"fast process CTRL-B","resource":"ict senior","answerQuantity":0,"operationQuantity":0,"loadQuantity":0}
[load] resource-trial {"operation":"fast process CTRL-B","load":"","resource":"ict senior","answerQuantity":0,"plannedQuantity":0,"skillPriority":1,"answerDate":"2026-01-21T06:00:00"}
[load] resource-before-assignment {"operation":"fast process CTRL-B","load":"","resource":"ict regular","originalQuantity":3,"plannedQuantity":3,"loadQuantity":-1}
[operation] fixedtime-incomplete {"operation":"fast process CTRL-B","quantity":3,"q":3,"preferEnd":true,"later":false,"forward":false,"efficiency":0.95,"requestedStart":"1971-01-01T00:00:00","requestedEnd":"2026-01-21T06:00:00","productionWanted":34105,"productionActual":34105,"productionStart":"2026-01-20T20:31:35","productionEnd":"2026-01-21T06:00:00","setupRequired":true,"expectedSetup":3789.4736842105267,"setupActual":3789,"setupStart":"2026-01-20T19:28:26","setupEnd":"2026-01-20T20:31:35","setupResource":"smt highspeed","setupRule":true,"resources":[{"resource":"smt highspeed","quantity":1,"start":true},{"resource":"smt highspeed","quantity":-1,"start":false},{"resource":"ict regular","quantity":1,"start":true},{"resource":"ict regular","quantity":-1,"start":false}]}
[load] resource-after-assignment {"operation":"fast process CTRL-B","load":"","resource":"ict regular","plannedQuantity":0,"loadQuantity":0}
[resource] ask {"demand":null,"operation":"fast process CTRL-B","resource":"ict regular","start":"2026-01-20T20:31:35","end":"2026-01-21T06:00:00"}
[resource] input {"operation":"fast process CTRL-B","resource":"ict regular","questionQuantity":0,"operationQuantity":0,"loadQuantity":0}
[resource] candidate {"demand":null,"start":"2026-01-20T20:31:35","end":"2026-01-21T06:00:00","feasible":true}
[resource] answer {"operation":"fast process CTRL-B","resource":"ict regular","answerQuantity":0,"operationQuantity":0,"loadQuantity":0}
[load] resource-trial {"operation":"fast process CTRL-B","load":"","resource":"ict regular","answerQuantity":0,"plannedQuantity":0,"skillPriority":2,"answerDate":"2026-01-21T06:00:00"}
[load] resource-rejected {"operation":"fast process CTRL-B","load":"","candidateCount":3,"qualifiedResourceExists":true,"minimumNextDate":"2026-01-21T06:00:00"}
[operation] capacity-reject {"demand":null,"operation":"fast process CTRL-B","start":"2026-01-20T20:31:35","end":"2026-01-21T06:00:00","answerQuantity":0,"answerDate":"2026-01-21T06:00:00"}
[operation] alternate-reject {"operation":"select process CTRL-B","alternate":"fast process CTRL-B","quantity":0,"nextDate":"2026-01-21T12:00:00"}
[operation] alternate-try {"operation":"select process CTRL-B","alternate":"standard process CTRL-B","remainingQuantity":3,"childQuantity":3}
[operation] ask {"demand":null,"operation":"standard process CTRL-B","quantity":3,"operationQuantity":3,"end":"2026-01-21T06:00:00","operationEnd":"2026-01-21T06:00:00"}
[resource] ask {"demand":null,"operation":"standard process CTRL-B","resource":"smt standard","start":"2026-01-20T13:31:46","end":"2026-01-21T06:00:00"}
[resource] input {"operation":"standard process CTRL-B","resource":"smt standard","questionQuantity":-1,"operationQuantity":3,"loadQuantity":-1}
[resource] candidate {"demand":null,"start":"2026-01-20T13:31:46","end":"2026-01-21T06:00:00","feasible":true}
[resource] answer {"operation":"standard process CTRL-B","resource":"smt standard","answerQuantity":1,"operationQuantity":3,"loadQuantity":-1}
[resource] ask {"demand":null,"operation":"standard process CTRL-B","resource":"functional test","start":"2026-01-20T13:31:46","end":"2026-01-21T06:00:00"}
[resource] input {"operation":"standard process CTRL-B","resource":"functional test","questionQuantity":-1,"operationQuantity":3,"loadQuantity":-1}
[resource] candidate {"demand":null,"start":"2026-01-20T13:31:46","end":"2026-01-21T06:00:00","feasible":true}
[resource] answer {"operation":"standard process CTRL-B","resource":"functional test","answerQuantity":1,"operationQuantity":3,"loadQuantity":-1}
[buffer] ask {"demand":null,"buffer":"microcontroller standard","requested":3,"date":"2026-01-20T13:31:46","onhand":156}
[buffer] answer {"demand":null,"buffer":"microcontroller standard","requested":3,"remainingShortage":0,"quantity":3,"date":"2030-12-31T00:00:00","plan":null}
[buffer] ask {"demand":null,"buffer":"pcb panel","requested":3,"date":"2026-01-20T13:31:46","onhand":226}
[buffer] answer {"demand":null,"buffer":"pcb panel","requested":3,"remainingShortage":0,"quantity":3,"date":"2030-12-31T00:00:00","plan":null}
[operation] answer {"demand":null,"operation":"standard process CTRL-B","quantity":3,"start":"2026-01-20T13:31:46","end":"2026-01-21T06:00:00"}
[operation] alternate-segment {"operation":"select process CTRL-B","alternate":"standard process CTRL-B","quantity":3,"remainingQuantity":0,"start":"2026-01-20T13:31:46","end":"2026-01-21T06:00:00"}
[operation] alternate-answer {"operation":"select process CTRL-B","quantity":3,"remainingQuantity":0,"nextDate":"2026-01-21T12:00:00"}
[buffer] replenish {"buffer":"controller B","iteration":0,"requested":3,"replenished":3,"producerDate":"2026-01-21T12:00:00","eventCountBefore":19,"eventCountAfter":20,"remaining":0}
[buffer] answer {"demand":null,"buffer":"controller B","requested":3,"remainingShortage":0,"quantity":3,"date":"2030-12-31T00:00:00","plan":"OperationPlan"}
[operation] answer {"demand":"electronics order 010 CTRL-B","operation":"ship CTRL-B","quantity":3,"start":"2026-01-21T06:00:00","end":"2026-01-21T08:00:00"}
[demand] reply {"demand":"electronics order 010 CTRL-B","attempt":1,"result":true,"quantity":3,"date":"2030-12-31T00:00:00"}
[demand] attempt {"demand":"electronics order 025 CTRL-A","attempt":1,"quantity":1,"requestDate":"2026-01-25T02:00:00","lastDate":"2030-12-31T00:00:00"}
[operation] ask {"demand":"electronics order 025 CTRL-A","operation":"ship CTRL-A","quantity":1,"operationQuantity":1,"end":"2026-01-25T02:00:00","operationEnd":"2026-01-25T02:00:00"}
[buffer] ask {"demand":null,"buffer":"controller A","requested":1,"date":"2026-01-25T00:00:00","onhand":4}
[buffer] shortage {"buffer":"controller A","iteration":0,"date":"2026-01-25T00:00:00","onhand":-1,"shortage":1}
[operation] alternate-ask {"demand":null,"operation":"select process CTRL-A","quantity":1,"end":"2026-01-25T00:00:00","alternates":["fast process CTRL-A","standard process CTRL-A"]}
[operation] alternate-try {"operation":"select process CTRL-A","alternate":"fast process CTRL-A","remainingQuantity":1,"childQuantity":1}
[operation] ask {"demand":null,"operation":"fast process CTRL-A","quantity":1,"operationQuantity":1,"end":"2026-01-25T00:00:00","operationEnd":"2026-01-25T00:00:00"}
[operation] fixedtime-incomplete {"operation":"fast process CTRL-A","quantity":1,"q":1,"preferEnd":true,"later":false,"forward":false,"efficiency":1.15,"requestedStart":"1971-01-01T00:00:00","requestedEnd":"2026-01-25T00:00:00","productionWanted":25043,"productionActual":25043,"productionStart":"2026-01-24T17:02:37","productionEnd":"2026-01-25T00:00:00","setupRequired":true,"expectedSetup":3130.434782608696,"setupActual":3130,"setupStart":"2026-01-24T16:10:27","setupEnd":"2026-01-24T17:02:37","setupResource":"smt highspeed","setupRule":true,"resources":[{"resource":"smt highspeed","quantity":1,"start":true},{"resource":"smt highspeed","quantity":-1,"start":false}]}
[resource] ask {"demand":null,"operation":"fast process CTRL-A","resource":"smt highspeed","start":"2026-01-24T15:43:38","end":"2026-01-25T00:00:00"}
[resource] input {"operation":"fast process CTRL-A","resource":"smt highspeed","questionQuantity":-1,"operationQuantity":1,"loadQuantity":-1}
[resource] candidate {"demand":null,"start":"2026-01-24T15:43:38","end":"2026-01-25T00:00:00","feasible":true}
[resource] answer {"operation":"fast process CTRL-A","resource":"smt highspeed","answerQuantity":1,"operationQuantity":1,"loadQuantity":-1}
[load] resource-before-assignment {"operation":"fast process CTRL-A","load":"","resource":"ict senior","originalQuantity":1,"plannedQuantity":1,"loadQuantity":-1}
[load] resource-after-assignment {"operation":"fast process CTRL-A","load":"","resource":"ict senior","plannedQuantity":1,"loadQuantity":-1}
[operation] fixedtime-incomplete {"operation":"fast process CTRL-A","quantity":1,"q":1,"preferEnd":true,"later":false,"forward":false,"efficiency":1.1,"requestedStart":"1971-01-01T00:00:00","requestedEnd":"2026-01-25T00:00:00","productionWanted":26182,"productionActual":26182,"productionStart":"2026-01-24T16:43:38","productionEnd":"2026-01-25T00:00:00","setupRequired":true,"expectedSetup":3272.7272727272725,"setupActual":3273,"setupStart":"2026-01-24T15:49:05","setupEnd":"2026-01-24T16:43:38","setupResource":"smt highspeed","setupRule":true,"resources":[{"resource":"smt highspeed","quantity":1,"start":true},{"resource":"smt highspeed","quantity":-1,"start":false},{"resource":"ict senior","quantity":1,"start":true},{"resource":"ict senior","quantity":-1,"start":false}]}
[resource] ask {"demand":null,"operation":"fast process CTRL-A","resource":"ict senior","start":"2026-01-24T16:43:38","end":"2026-01-25T00:00:00"}
[resource] input {"operation":"fast process CTRL-A","resource":"ict senior","questionQuantity":0,"operationQuantity":0,"loadQuantity":0}
[resource] candidate {"demand":null,"start":"2026-01-24T16:43:38","end":"2026-01-25T00:00:00","feasible":true}
[resource] answer {"operation":"fast process CTRL-A","resource":"ict senior","answerQuantity":0,"operationQuantity":0,"loadQuantity":0}
[load] resource-trial {"operation":"fast process CTRL-A","load":"","resource":"ict senior","answerQuantity":0,"plannedQuantity":0,"skillPriority":1,"answerDate":"2026-01-25T00:00:00"}
[load] resource-before-assignment {"operation":"fast process CTRL-A","load":"","resource":"ict regular","originalQuantity":1,"plannedQuantity":1,"loadQuantity":-1}
[operation] fixedtime-incomplete {"operation":"fast process CTRL-A","quantity":1,"q":1,"preferEnd":true,"later":false,"forward":false,"efficiency":0.95,"requestedStart":"1971-01-01T00:00:00","requestedEnd":"2026-01-25T00:00:00","productionWanted":30316,"productionActual":30316,"productionStart":"2026-01-24T15:34:44","productionEnd":"2026-01-25T00:00:00","setupRequired":true,"expectedSetup":3789.4736842105267,"setupActual":3789,"setupStart":"2026-01-24T14:31:35","setupEnd":"2026-01-24T15:34:44","setupResource":"smt highspeed","setupRule":true,"resources":[{"resource":"smt highspeed","quantity":1,"start":true},{"resource":"smt highspeed","quantity":-1,"start":false},{"resource":"ict regular","quantity":1,"start":true},{"resource":"ict regular","quantity":-1,"start":false}]}
[load] resource-after-assignment {"operation":"fast process CTRL-A","load":"","resource":"ict regular","plannedQuantity":0,"loadQuantity":0}
[resource] ask {"demand":null,"operation":"fast process CTRL-A","resource":"ict regular","start":"2026-01-24T15:34:44","end":"2026-01-25T00:00:00"}
[resource] input {"operation":"fast process CTRL-A","resource":"ict regular","questionQuantity":0,"operationQuantity":0,"loadQuantity":0}
[resource] candidate {"demand":null,"start":"2026-01-24T15:34:44","end":"2026-01-25T00:00:00","feasible":true}
[resource] answer {"operation":"fast process CTRL-A","resource":"ict regular","answerQuantity":0,"operationQuantity":0,"loadQuantity":0}
[load] resource-trial {"operation":"fast process CTRL-A","load":"","resource":"ict regular","answerQuantity":0,"plannedQuantity":0,"skillPriority":2,"answerDate":"2026-01-25T00:00:00"}
[load] resource-rejected {"operation":"fast process CTRL-A","load":"","candidateCount":3,"qualifiedResourceExists":true,"minimumNextDate":"2026-01-25T00:00:00"}
[operation] capacity-reject {"demand":null,"operation":"fast process CTRL-A","start":"2026-01-24T15:34:44","end":"2026-01-25T00:00:00","answerQuantity":0,"answerDate":"2026-01-25T00:00:00"}
[operation] alternate-reject {"operation":"select process CTRL-A","alternate":"fast process CTRL-A","quantity":0,"nextDate":"2026-01-25T06:00:00"}
[operation] alternate-try {"operation":"select process CTRL-A","alternate":"standard process CTRL-A","remainingQuantity":1,"childQuantity":1}
[operation] ask {"demand":null,"operation":"standard process CTRL-A","quantity":1,"operationQuantity":1,"end":"2026-01-25T00:00:00","operationEnd":"2026-01-25T00:00:00"}
[operation] fixedtime-incomplete {"operation":"standard process CTRL-A","quantity":1,"q":1,"preferEnd":true,"later":false,"forward":false,"efficiency":0.85,"requestedStart":"1971-01-01T00:00:00","requestedEnd":"2026-01-25T00:00:00","productionWanted":55059,"productionActual":55059,"productionStart":"2026-01-24T08:42:21","productionEnd":"2026-01-25T00:00:00","setupRequired":true,"expectedSetup":8470.588235294117,"setupActual":8471,"setupStart":"2026-01-24T06:21:10","setupEnd":"2026-01-24T08:42:21","setupResource":"smt standard","setupRule":true,"resources":[{"resource":"smt standard","quantity":1,"start":true},{"resource":"smt standard","quantity":-1,"start":false}]}
[resource] ask {"demand":null,"operation":"standard process CTRL-A","resource":"smt standard","start":"2026-01-24T06:42:21","end":"2026-01-25T00:00:00"}
[resource] input {"operation":"standard process CTRL-A","resource":"smt standard","questionQuantity":-1,"operationQuantity":1,"loadQuantity":-1}
[resource] candidate {"demand":null,"start":"2026-01-24T06:42:21","end":"2026-01-25T00:00:00","feasible":true}
[resource] answer {"operation":"standard process CTRL-A","resource":"smt standard","answerQuantity":1,"operationQuantity":1,"loadQuantity":-1}
[resource] ask {"demand":null,"operation":"standard process CTRL-A","resource":"functional test","start":"2026-01-24T06:42:21","end":"2026-01-25T00:00:00"}
[resource] input {"operation":"standard process CTRL-A","resource":"functional test","questionQuantity":-1,"operationQuantity":1,"loadQuantity":-1}
[resource] candidate {"demand":null,"start":"2026-01-24T06:42:21","end":"2026-01-25T00:00:00","feasible":true}
[resource] answer {"operation":"standard process CTRL-A","resource":"functional test","answerQuantity":1,"operationQuantity":1,"loadQuantity":-1}
[buffer] ask {"demand":null,"buffer":"microcontroller standard","requested":1,"date":"2026-01-24T08:42:21","onhand":126}
[buffer] answer {"demand":null,"buffer":"microcontroller standard","requested":1,"remainingShortage":0,"quantity":1,"date":"2030-12-31T00:00:00","plan":null}
[buffer] ask {"demand":null,"buffer":"pcb panel","requested":1,"date":"2026-01-24T08:42:21","onhand":209}
[buffer] answer {"demand":null,"buffer":"pcb panel","requested":1,"remainingShortage":0,"quantity":1,"date":"2030-12-31T00:00:00","plan":null}
[operation] answer {"demand":null,"operation":"standard process CTRL-A","quantity":1,"start":"2026-01-24T06:42:21","end":"2026-01-25T00:00:00"}
[operation] alternate-segment {"operation":"select process CTRL-A","alternate":"standard process CTRL-A","quantity":1,"remainingQuantity":0,"start":"2026-01-24T06:42:21","end":"2026-01-25T00:00:00"}
[operation] alternate-answer {"operation":"select process CTRL-A","quantity":1,"remainingQuantity":0,"nextDate":"2026-01-25T06:00:00"}
[buffer] replenish {"buffer":"controller A","iteration":0,"requested":1,"replenished":1,"producerDate":"2026-01-25T06:00:00","eventCountBefore":19,"eventCountAfter":20,"remaining":0}
[buffer] answer {"demand":null,"buffer":"controller A","requested":1,"remainingShortage":0,"quantity":1,"date":"2030-12-31T00:00:00","plan":"OperationPlan"}
[operation] answer {"demand":"electronics order 025 CTRL-A","operation":"ship CTRL-A","quantity":1,"start":"2026-01-25T00:00:00","end":"2026-01-25T02:00:00"}
[demand] reply {"demand":"electronics order 025 CTRL-A","attempt":1,"result":true,"quantity":1,"date":"2030-12-31T00:00:00"}
[demand] attempt {"demand":"electronics order 040 SENSOR-D","attempt":1,"quantity":3,"requestDate":"2026-01-28T20:00:00","lastDate":"2030-12-31T00:00:00"}
[operation] ask {"demand":"electronics order 040 SENSOR-D","operation":"ship SENSOR-D","quantity":3,"operationQuantity":3,"end":"2026-01-28T20:00:00","operationEnd":"2026-01-28T20:00:00"}
[buffer] ask {"demand":null,"buffer":"sensor D","requested":3,"date":"2026-01-28T18:00:00","onhand":5}
[buffer] shortage {"buffer":"sensor D","iteration":0,"date":"2026-01-28T18:00:00","onhand":-3,"shortage":3}
[operation] alternate-ask {"demand":null,"operation":"select process SENSOR-D","quantity":3,"end":"2026-01-28T18:00:00","alternates":["fast process SENSOR-D","standard process SENSOR-D"]}
[operation] alternate-try {"operation":"select process SENSOR-D","alternate":"fast process SENSOR-D","remainingQuantity":3,"childQuantity":3}
[operation] ask {"demand":null,"operation":"fast process SENSOR-D","quantity":3,"operationQuantity":3,"end":"2026-01-28T18:00:00","operationEnd":"2026-01-28T18:00:00"}
[operation] fixedtime-incomplete {"operation":"fast process SENSOR-D","quantity":3,"q":3,"preferEnd":true,"later":false,"forward":false,"efficiency":1.15,"requestedStart":"1971-01-01T00:00:00","requestedEnd":"2026-01-28T18:00:00","productionWanted":34435,"productionActual":34435,"productionStart":"2026-01-28T08:26:05","productionEnd":"2026-01-28T18:00:00","setupRequired":true,"expectedSetup":3130.434782608696,"setupActual":3130,"setupStart":"2026-01-28T07:33:55","setupEnd":"2026-01-28T08:26:05","setupResource":"smt highspeed","setupRule":true,"resources":[{"resource":"smt highspeed","quantity":1,"start":true},{"resource":"smt highspeed","quantity":-1,"start":false}]}
[resource] ask {"demand":null,"operation":"fast process SENSOR-D","resource":"smt highspeed","start":"2026-01-28T07:00:00","end":"2026-01-28T18:00:00"}
[resource] input {"operation":"fast process SENSOR-D","resource":"smt highspeed","questionQuantity":-1,"operationQuantity":3,"loadQuantity":-1}
[resource] candidate {"demand":null,"start":"2026-01-28T07:00:00","end":"2026-01-28T18:00:00","feasible":true}
[resource] answer {"operation":"fast process SENSOR-D","resource":"smt highspeed","answerQuantity":1,"operationQuantity":3,"loadQuantity":-1}
[load] resource-before-assignment {"operation":"fast process SENSOR-D","load":"","resource":"ict senior","originalQuantity":3,"plannedQuantity":3,"loadQuantity":-1}
[load] resource-after-assignment {"operation":"fast process SENSOR-D","load":"","resource":"ict senior","plannedQuantity":3,"loadQuantity":-1}
[operation] fixedtime-incomplete {"operation":"fast process SENSOR-D","quantity":3,"q":3,"preferEnd":true,"later":false,"forward":false,"efficiency":1.1,"requestedStart":"1971-01-01T00:00:00","requestedEnd":"2026-01-28T18:00:00","productionWanted":36000,"productionActual":36000,"productionStart":"2026-01-28T08:00:00","productionEnd":"2026-01-28T18:00:00","setupRequired":true,"expectedSetup":3272.7272727272725,"setupActual":3273,"setupStart":"2026-01-28T07:05:27","setupEnd":"2026-01-28T08:00:00","setupResource":"smt highspeed","setupRule":true,"resources":[{"resource":"smt highspeed","quantity":1,"start":true},{"resource":"smt highspeed","quantity":-1,"start":false},{"resource":"ict senior","quantity":1,"start":true},{"resource":"ict senior","quantity":-1,"start":false}]}
[resource] ask {"demand":null,"operation":"fast process SENSOR-D","resource":"ict senior","start":"2026-01-28T08:00:00","end":"2026-01-28T18:00:00"}
[resource] input {"operation":"fast process SENSOR-D","resource":"ict senior","questionQuantity":0,"operationQuantity":0,"loadQuantity":0}
[resource] candidate {"demand":null,"start":"2026-01-28T08:00:00","end":"2026-01-28T18:00:00","feasible":true}
[resource] answer {"operation":"fast process SENSOR-D","resource":"ict senior","answerQuantity":0,"operationQuantity":0,"loadQuantity":0}
[load] resource-trial {"operation":"fast process SENSOR-D","load":"","resource":"ict senior","answerQuantity":0,"plannedQuantity":0,"skillPriority":1,"answerDate":"2026-01-28T18:00:00"}
[load] resource-before-assignment {"operation":"fast process SENSOR-D","load":"","resource":"ict regular","originalQuantity":3,"plannedQuantity":3,"loadQuantity":-1}
[operation] fixedtime-incomplete {"operation":"fast process SENSOR-D","quantity":3,"q":3,"preferEnd":true,"later":false,"forward":false,"efficiency":0.95,"requestedStart":"1971-01-01T00:00:00","requestedEnd":"2026-01-28T18:00:00","productionWanted":41684,"productionActual":41684,"productionStart":"2026-01-28T06:25:16","productionEnd":"2026-01-28T18:00:00","setupRequired":true,"expectedSetup":3789.4736842105267,"setupActual":3789,"setupStart":"2026-01-28T05:22:07","setupEnd":"2026-01-28T06:25:16","setupResource":"smt highspeed","setupRule":true,"resources":[{"resource":"smt highspeed","quantity":1,"start":true},{"resource":"smt highspeed","quantity":-1,"start":false},{"resource":"ict regular","quantity":1,"start":true},{"resource":"ict regular","quantity":-1,"start":false}]}
[load] resource-after-assignment {"operation":"fast process SENSOR-D","load":"","resource":"ict regular","plannedQuantity":0,"loadQuantity":0}
[resource] ask {"demand":null,"operation":"fast process SENSOR-D","resource":"ict regular","start":"2026-01-28T06:25:16","end":"2026-01-28T18:00:00"}
[resource] input {"operation":"fast process SENSOR-D","resource":"ict regular","questionQuantity":0,"operationQuantity":0,"loadQuantity":0}
[resource] candidate {"demand":null,"start":"2026-01-28T06:25:16","end":"2026-01-28T18:00:00","feasible":true}
[resource] answer {"operation":"fast process SENSOR-D","resource":"ict regular","answerQuantity":0,"operationQuantity":0,"loadQuantity":0}
[load] resource-trial {"operation":"fast process SENSOR-D","load":"","resource":"ict regular","answerQuantity":0,"plannedQuantity":0,"skillPriority":2,"answerDate":"2026-01-28T18:00:00"}
[load] resource-rejected {"operation":"fast process SENSOR-D","load":"","candidateCount":3,"qualifiedResourceExists":true,"minimumNextDate":"2026-01-28T18:00:00"}
[operation] capacity-reject {"demand":null,"operation":"fast process SENSOR-D","start":"2026-01-28T06:25:16","end":"2026-01-28T18:00:00","answerQuantity":0,"answerDate":"2026-01-28T18:00:00"}
[operation] alternate-reject {"operation":"select process SENSOR-D","alternate":"fast process SENSOR-D","quantity":0,"nextDate":"2026-01-29T00:00:00"}
[operation] alternate-try {"operation":"select process SENSOR-D","alternate":"standard process SENSOR-D","remainingQuantity":3,"childQuantity":3}
[operation] ask {"demand":null,"operation":"standard process SENSOR-D","quantity":3,"operationQuantity":3,"end":"2026-01-28T18:00:00","operationEnd":"2026-01-28T18:00:00"}
[resource] ask {"demand":null,"operation":"standard process SENSOR-D","resource":"smt standard","start":"2026-01-27T23:10:35","end":"2026-01-28T18:00:00"}
[resource] input {"operation":"standard process SENSOR-D","resource":"smt standard","questionQuantity":-1,"operationQuantity":3,"loadQuantity":-1}
[resource] candidate {"demand":null,"start":"2026-01-27T23:10:35","end":"2026-01-28T18:00:00","feasible":true}
[resource] answer {"operation":"standard process SENSOR-D","resource":"smt standard","answerQuantity":1,"operationQuantity":3,"loadQuantity":-1}
[resource] ask {"demand":null,"operation":"standard process SENSOR-D","resource":"functional test","start":"2026-01-27T23:10:35","end":"2026-01-28T18:00:00"}
[resource] input {"operation":"standard process SENSOR-D","resource":"functional test","questionQuantity":-1,"operationQuantity":3,"loadQuantity":-1}
[resource] candidate {"demand":null,"start":"2026-01-27T23:10:35","end":"2026-01-28T18:00:00","feasible":true}
[resource] answer {"operation":"standard process SENSOR-D","resource":"functional test","answerQuantity":1,"operationQuantity":3,"loadQuantity":-1}
[buffer] ask {"demand":null,"buffer":"microcontroller standard","requested":3,"date":"2026-01-27T23:10:35","onhand":101}
[buffer] answer {"demand":null,"buffer":"microcontroller standard","requested":3,"remainingShortage":0,"quantity":3,"date":"2030-12-31T00:00:00","plan":null}
[buffer] ask {"demand":null,"buffer":"sensor die","requested":3,"date":"2026-01-27T23:10:35","onhand":103}
[buffer] answer {"demand":null,"buffer":"sensor die","requested":3,"remainingShortage":0,"quantity":3,"date":"2030-12-31T00:00:00","plan":null}
[operation] answer {"demand":null,"operation":"standard process SENSOR-D","quantity":3,"start":"2026-01-27T23:10:35","end":"2026-01-28T18:00:00"}
[operation] alternate-segment {"operation":"select process SENSOR-D","alternate":"standard process SENSOR-D","quantity":3,"remainingQuantity":0,"start":"2026-01-27T23:10:35","end":"2026-01-28T18:00:00"}
[operation] alternate-answer {"operation":"select process SENSOR-D","quantity":3,"remainingQuantity":0,"nextDate":"2026-01-29T00:00:00"}
[buffer] replenish {"buffer":"sensor D","iteration":0,"requested":3,"replenished":3,"producerDate":"2026-01-29T00:00:00","eventCountBefore":19,"eventCountAfter":20,"remaining":0}
[buffer] answer {"demand":null,"buffer":"sensor D","requested":3,"remainingShortage":0,"quantity":3,"date":"2030-12-31T00:00:00","plan":"OperationPlan"}
[operation] answer {"demand":"electronics order 040 SENSOR-D","operation":"ship SENSOR-D","quantity":3,"start":"2026-01-28T18:00:00","end":"2026-01-28T20:00:00"}
[demand] reply {"demand":"electronics order 040 SENSOR-D","attempt":1,"result":true,"quantity":3,"date":"2030-12-31T00:00:00"}
[demand] attempt {"demand":"electronics order 055 SENSOR-C","attempt":1,"quantity":1,"requestDate":"2026-02-01T14:00:00","lastDate":"2030-12-31T00:00:00"}
[operation] ask {"demand":"electronics order 055 SENSOR-C","operation":"ship SENSOR-C","quantity":1,"operationQuantity":1,"end":"2026-02-01T14:00:00","operationEnd":"2026-02-01T14:00:00"}
[buffer] ask {"demand":null,"buffer":"sensor C","requested":1,"date":"2026-02-01T12:00:00","onhand":4}
[buffer] shortage {"buffer":"sensor C","iteration":0,"date":"2026-02-01T12:00:00","onhand":-1,"shortage":1}
[operation] alternate-ask {"demand":null,"operation":"select process SENSOR-C","quantity":1,"end":"2026-02-01T12:00:00","alternates":["fast process SENSOR-C","standard process SENSOR-C"]}
[operation] alternate-try {"operation":"select process SENSOR-C","alternate":"fast process SENSOR-C","remainingQuantity":1,"childQuantity":1}
[operation] ask {"demand":null,"operation":"fast process SENSOR-C","quantity":1,"operationQuantity":1,"end":"2026-02-01T12:00:00","operationEnd":"2026-02-01T12:00:00"}
[operation] fixedtime-incomplete {"operation":"fast process SENSOR-C","quantity":1,"q":1,"preferEnd":true,"later":false,"forward":false,"efficiency":1.15,"requestedStart":"1971-01-01T00:00:00","requestedEnd":"2026-02-01T12:00:00","productionWanted":31304,"productionActual":31304,"productionStart":"2026-02-01T03:18:16","productionEnd":"2026-02-01T12:00:00","setupRequired":true,"expectedSetup":3130.434782608696,"setupActual":3130,"setupStart":"2026-02-01T02:26:06","setupEnd":"2026-02-01T03:18:16","setupResource":"smt highspeed","setupRule":true,"resources":[{"resource":"smt highspeed","quantity":1,"start":true},{"resource":"smt highspeed","quantity":-1,"start":false}]}
[resource] ask {"demand":null,"operation":"fast process SENSOR-C","resource":"smt highspeed","start":"2026-02-01T01:54:33","end":"2026-02-01T12:00:00"}
[resource] input {"operation":"fast process SENSOR-C","resource":"smt highspeed","questionQuantity":-1,"operationQuantity":1,"loadQuantity":-1}
[resource] candidate {"demand":null,"start":"2026-02-01T01:54:33","end":"2026-02-01T12:00:00","feasible":true}
[resource] answer {"operation":"fast process SENSOR-C","resource":"smt highspeed","answerQuantity":1,"operationQuantity":1,"loadQuantity":-1}
[load] resource-before-assignment {"operation":"fast process SENSOR-C","load":"","resource":"ict senior","originalQuantity":1,"plannedQuantity":1,"loadQuantity":-1}
[load] resource-after-assignment {"operation":"fast process SENSOR-C","load":"","resource":"ict senior","plannedQuantity":1,"loadQuantity":-1}
[operation] fixedtime-incomplete {"operation":"fast process SENSOR-C","quantity":1,"q":1,"preferEnd":true,"later":false,"forward":false,"efficiency":1.1,"requestedStart":"1971-01-01T00:00:00","requestedEnd":"2026-02-01T12:00:00","productionWanted":32727,"productionActual":32727,"productionStart":"2026-02-01T02:54:33","productionEnd":"2026-02-01T12:00:00","setupRequired":true,"expectedSetup":3272.7272727272725,"setupActual":3273,"setupStart":"2026-02-01T02:00:00","setupEnd":"2026-02-01T02:54:33","setupResource":"smt highspeed","setupRule":true,"resources":[{"resource":"smt highspeed","quantity":1,"start":true},{"resource":"smt highspeed","quantity":-1,"start":false},{"resource":"ict senior","quantity":1,"start":true},{"resource":"ict senior","quantity":-1,"start":false}]}
[resource] ask {"demand":null,"operation":"fast process SENSOR-C","resource":"ict senior","start":"2026-02-01T02:54:33","end":"2026-02-01T12:00:00"}
[resource] input {"operation":"fast process SENSOR-C","resource":"ict senior","questionQuantity":0,"operationQuantity":0,"loadQuantity":0}
[resource] candidate {"demand":null,"start":"2026-02-01T02:54:33","end":"2026-02-01T12:00:00","feasible":true}
[resource] answer {"operation":"fast process SENSOR-C","resource":"ict senior","answerQuantity":0,"operationQuantity":0,"loadQuantity":0}
[load] resource-trial {"operation":"fast process SENSOR-C","load":"","resource":"ict senior","answerQuantity":0,"plannedQuantity":0,"skillPriority":1,"answerDate":"2026-02-01T12:00:00"}
[load] resource-before-assignment {"operation":"fast process SENSOR-C","load":"","resource":"ict regular","originalQuantity":1,"plannedQuantity":1,"loadQuantity":-1}
[operation] fixedtime-incomplete {"operation":"fast process SENSOR-C","quantity":1,"q":1,"preferEnd":true,"later":false,"forward":false,"efficiency":0.95,"requestedStart":"1971-01-01T00:00:00","requestedEnd":"2026-02-01T12:00:00","productionWanted":37895,"productionActual":37895,"productionStart":"2026-02-01T01:28:25","productionEnd":"2026-02-01T12:00:00","setupRequired":true,"expectedSetup":3789.4736842105267,"setupActual":3789,"setupStart":"2026-02-01T00:25:16","setupEnd":"2026-02-01T01:28:25","setupResource":"smt highspeed","setupRule":true,"resources":[{"resource":"smt highspeed","quantity":1,"start":true},{"resource":"smt highspeed","quantity":-1,"start":false},{"resource":"ict regular","quantity":1,"start":true},{"resource":"ict regular","quantity":-1,"start":false}]}
[load] resource-after-assignment {"operation":"fast process SENSOR-C","load":"","resource":"ict regular","plannedQuantity":0,"loadQuantity":0}
[resource] ask {"demand":null,"operation":"fast process SENSOR-C","resource":"ict regular","start":"2026-02-01T01:28:25","end":"2026-02-01T12:00:00"}
[resource] input {"operation":"fast process SENSOR-C","resource":"ict regular","questionQuantity":0,"operationQuantity":0,"loadQuantity":0}
[resource] candidate {"demand":null,"start":"2026-02-01T01:28:25","end":"2026-02-01T12:00:00","feasible":true}
[resource] answer {"operation":"fast process SENSOR-C","resource":"ict regular","answerQuantity":0,"operationQuantity":0,"loadQuantity":0}
[load] resource-trial {"operation":"fast process SENSOR-C","load":"","resource":"ict regular","answerQuantity":0,"plannedQuantity":0,"skillPriority":2,"answerDate":"2026-02-01T12:00:00"}
[load] resource-rejected {"operation":"fast process SENSOR-C","load":"","candidateCount":3,"qualifiedResourceExists":true,"minimumNextDate":"2026-02-01T12:00:00"}
[operation] capacity-reject {"demand":null,"operation":"fast process SENSOR-C","start":"2026-02-01T01:28:25","end":"2026-02-01T12:00:00","answerQuantity":0,"answerDate":"2026-02-01T12:00:00"}
[operation] alternate-reject {"operation":"select process SENSOR-C","alternate":"fast process SENSOR-C","quantity":0,"nextDate":"2026-02-01T18:00:00"}
[operation] alternate-try {"operation":"select process SENSOR-C","alternate":"standard process SENSOR-C","remainingQuantity":1,"childQuantity":1}
[operation] ask {"demand":null,"operation":"standard process SENSOR-C","quantity":1,"operationQuantity":1,"end":"2026-02-01T12:00:00","operationEnd":"2026-02-01T12:00:00"}
[operation] fixedtime-incomplete {"operation":"standard process SENSOR-C","quantity":1,"q":1,"preferEnd":true,"later":false,"forward":false,"efficiency":0.85,"requestedStart":"1971-01-01T00:00:00","requestedEnd":"2026-02-01T12:00:00","productionWanted":63529,"productionActual":63529,"productionStart":"2026-01-31T18:21:11","productionEnd":"2026-02-01T12:00:00","setupRequired":true,"expectedSetup":12705.882352941177,"setupActual":12706,"setupStart":"2026-01-31T14:49:25","setupEnd":"2026-01-31T18:21:11","setupResource":"smt standard","setupRule":true,"resources":[{"resource":"smt standard","quantity":1,"start":true},{"resource":"smt standard","quantity":-1,"start":false}]}
[resource] ask {"demand":null,"operation":"standard process SENSOR-C","resource":"smt standard","start":"2026-01-31T15:21:11","end":"2026-02-01T12:00:00"}
[resource] input {"operation":"standard process SENSOR-C","resource":"smt standard","questionQuantity":-1,"operationQuantity":1,"loadQuantity":-1}
[resource] candidate {"demand":null,"start":"2026-01-31T15:21:11","end":"2026-02-01T12:00:00","feasible":true}
[resource] answer {"operation":"standard process SENSOR-C","resource":"smt standard","answerQuantity":1,"operationQuantity":1,"loadQuantity":-1}
[resource] ask {"demand":null,"operation":"standard process SENSOR-C","resource":"functional test","start":"2026-01-31T15:21:11","end":"2026-02-01T12:00:00"}
[resource] input {"operation":"standard process SENSOR-C","resource":"functional test","questionQuantity":-1,"operationQuantity":1,"loadQuantity":-1}
[resource] candidate {"demand":null,"start":"2026-01-31T15:21:11","end":"2026-02-01T12:00:00","feasible":true}
[resource] answer {"operation":"standard process SENSOR-C","resource":"functional test","answerQuantity":1,"operationQuantity":1,"loadQuantity":-1}
[buffer] ask {"demand":null,"buffer":"microcontroller standard","requested":1,"date":"2026-01-31T18:21:11","onhand":71}
[buffer] answer {"demand":null,"buffer":"microcontroller standard","requested":1,"remainingShortage":0,"quantity":1,"date":"2030-12-31T00:00:00","plan":null}
[buffer] ask {"demand":null,"buffer":"sensor die","requested":1,"date":"2026-01-31T18:21:11","onhand":86}
[buffer] answer {"demand":null,"buffer":"sensor die","requested":1,"remainingShortage":0,"quantity":1,"date":"2030-12-31T00:00:00","plan":null}
[operation] answer {"demand":null,"operation":"standard process SENSOR-C","quantity":1,"start":"2026-01-31T15:21:11","end":"2026-02-01T12:00:00"}
[operation] alternate-segment {"operation":"select process SENSOR-C","alternate":"standard process SENSOR-C","quantity":1,"remainingQuantity":0,"start":"2026-01-31T15:21:11","end":"2026-02-01T12:00:00"}
[operation] alternate-answer {"operation":"select process SENSOR-C","quantity":1,"remainingQuantity":0,"nextDate":"2026-02-01T18:00:00"}
[buffer] replenish {"buffer":"sensor C","iteration":0,"requested":1,"replenished":1,"producerDate":"2026-02-01T18:00:00","eventCountBefore":19,"eventCountAfter":20,"remaining":0}
[buffer] answer {"demand":null,"buffer":"sensor C","requested":1,"remainingShortage":0,"quantity":1,"date":"2030-12-31T00:00:00","plan":"OperationPlan"}
[operation] answer {"demand":"electronics order 055 SENSOR-C","operation":"ship SENSOR-C","quantity":1,"start":"2026-02-01T12:00:00","end":"2026-02-01T14:00:00"}
[demand] reply {"demand":"electronics order 055 SENSOR-C","attempt":1,"result":true,"quantity":1,"date":"2030-12-31T00:00:00"}
[demand] attempt {"demand":"electronics order 011 SENSOR-C","attempt":1,"quantity":2,"requestDate":"2026-01-21T14:00:00","lastDate":"2030-12-31T00:00:00"}
[operation] ask {"demand":"electronics order 011 SENSOR-C","operation":"ship SENSOR-C","quantity":2,"operationQuantity":2,"end":"2026-01-21T14:00:00","operationEnd":"2026-01-21T14:00:00"}
[buffer] ask {"demand":null,"buffer":"sensor C","requested":2,"date":"2026-01-21T12:00:00","onhand":1}
[buffer] shortage {"buffer":"sensor C","iteration":0,"date":"2026-01-21T12:00:00","onhand":-2,"shortage":2}
[operation] alternate-ask {"demand":null,"operation":"select process SENSOR-C","quantity":2,"end":"2026-01-21T12:00:00","alternates":["fast process SENSOR-C","standard process SENSOR-C"]}
[operation] alternate-try {"operation":"select process SENSOR-C","alternate":"fast process SENSOR-C","remainingQuantity":2,"childQuantity":2}
[operation] ask {"demand":null,"operation":"fast process SENSOR-C","quantity":2,"operationQuantity":2,"end":"2026-01-21T12:00:00","operationEnd":"2026-01-21T12:00:00"}
[operation] fixedtime-incomplete {"operation":"fast process SENSOR-C","quantity":2,"q":2,"preferEnd":true,"later":false,"forward":false,"efficiency":1.15,"requestedStart":"1971-01-01T00:00:00","requestedEnd":"2026-01-21T12:00:00","productionWanted":31304,"productionActual":31304,"productionStart":"2026-01-21T03:18:16","productionEnd":"2026-01-21T12:00:00","setupRequired":true,"expectedSetup":3130.434782608696,"setupActual":3130,"setupStart":"2026-01-21T02:26:06","setupEnd":"2026-01-21T03:18:16","setupResource":"smt highspeed","setupRule":true,"resources":[{"resource":"smt highspeed","quantity":1,"start":true},{"resource":"smt highspeed","quantity":-1,"start":false}]}
[resource] ask {"demand":null,"operation":"fast process SENSOR-C","resource":"smt highspeed","start":"2026-01-21T01:54:33","end":"2026-01-21T12:00:00"}
[resource] input {"operation":"fast process SENSOR-C","resource":"smt highspeed","questionQuantity":-1,"operationQuantity":2,"loadQuantity":-1}
[resource] candidate {"demand":null,"start":"2026-01-21T01:54:33","end":"2026-01-21T12:00:00","feasible":true}
[resource] answer {"operation":"fast process SENSOR-C","resource":"smt highspeed","answerQuantity":1,"operationQuantity":2,"loadQuantity":-1}
[load] resource-before-assignment {"operation":"fast process SENSOR-C","load":"","resource":"ict senior","originalQuantity":2,"plannedQuantity":2,"loadQuantity":-1}
[load] resource-after-assignment {"operation":"fast process SENSOR-C","load":"","resource":"ict senior","plannedQuantity":2,"loadQuantity":-1}
[operation] fixedtime-incomplete {"operation":"fast process SENSOR-C","quantity":2,"q":2,"preferEnd":true,"later":false,"forward":false,"efficiency":1.1,"requestedStart":"1971-01-01T00:00:00","requestedEnd":"2026-01-21T12:00:00","productionWanted":32727,"productionActual":32727,"productionStart":"2026-01-21T02:54:33","productionEnd":"2026-01-21T12:00:00","setupRequired":true,"expectedSetup":3272.7272727272725,"setupActual":3273,"setupStart":"2026-01-21T02:00:00","setupEnd":"2026-01-21T02:54:33","setupResource":"smt highspeed","setupRule":true,"resources":[{"resource":"smt highspeed","quantity":1,"start":true},{"resource":"smt highspeed","quantity":-1,"start":false},{"resource":"ict senior","quantity":1,"start":true},{"resource":"ict senior","quantity":-1,"start":false}]}
[resource] ask {"demand":null,"operation":"fast process SENSOR-C","resource":"ict senior","start":"2026-01-21T02:54:33","end":"2026-01-21T12:00:00"}
[resource] input {"operation":"fast process SENSOR-C","resource":"ict senior","questionQuantity":0,"operationQuantity":0,"loadQuantity":0}
[resource] candidate {"demand":null,"start":"2026-01-21T02:54:33","end":"2026-01-21T12:00:00","feasible":true}
[resource] answer {"operation":"fast process SENSOR-C","resource":"ict senior","answerQuantity":0,"operationQuantity":0,"loadQuantity":0}
[load] resource-trial {"operation":"fast process SENSOR-C","load":"","resource":"ict senior","answerQuantity":0,"plannedQuantity":0,"skillPriority":1,"answerDate":"2026-01-21T12:00:00"}
[load] resource-before-assignment {"operation":"fast process SENSOR-C","load":"","resource":"ict regular","originalQuantity":2,"plannedQuantity":2,"loadQuantity":-1}
[operation] fixedtime-incomplete {"operation":"fast process SENSOR-C","quantity":2,"q":2,"preferEnd":true,"later":false,"forward":false,"efficiency":0.95,"requestedStart":"1971-01-01T00:00:00","requestedEnd":"2026-01-21T12:00:00","productionWanted":37895,"productionActual":37895,"productionStart":"2026-01-21T01:28:25","productionEnd":"2026-01-21T12:00:00","setupRequired":true,"expectedSetup":3789.4736842105267,"setupActual":3789,"setupStart":"2026-01-21T00:25:16","setupEnd":"2026-01-21T01:28:25","setupResource":"smt highspeed","setupRule":true,"resources":[{"resource":"smt highspeed","quantity":1,"start":true},{"resource":"smt highspeed","quantity":-1,"start":false},{"resource":"ict regular","quantity":1,"start":true},{"resource":"ict regular","quantity":-1,"start":false}]}
[load] resource-after-assignment {"operation":"fast process SENSOR-C","load":"","resource":"ict regular","plannedQuantity":0,"loadQuantity":0}
[resource] ask {"demand":null,"operation":"fast process SENSOR-C","resource":"ict regular","start":"2026-01-21T01:28:25","end":"2026-01-21T12:00:00"}
[resource] input {"operation":"fast process SENSOR-C","resource":"ict regular","questionQuantity":0,"operationQuantity":0,"loadQuantity":0}
[resource] candidate {"demand":null,"start":"2026-01-21T01:28:25","end":"2026-01-21T12:00:00","feasible":true}
[resource] answer {"operation":"fast process SENSOR-C","resource":"ict regular","answerQuantity":0,"operationQuantity":0,"loadQuantity":0}
[load] resource-trial {"operation":"fast process SENSOR-C","load":"","resource":"ict regular","answerQuantity":0,"plannedQuantity":0,"skillPriority":2,"answerDate":"2026-01-21T12:00:00"}
[load] resource-rejected {"operation":"fast process SENSOR-C","load":"","candidateCount":3,"qualifiedResourceExists":true,"minimumNextDate":"2026-01-21T12:00:00"}
[operation] capacity-reject {"demand":null,"operation":"fast process SENSOR-C","start":"2026-01-21T01:28:25","end":"2026-01-21T12:00:00","answerQuantity":0,"answerDate":"2026-01-21T12:00:00"}
[operation] alternate-reject {"operation":"select process SENSOR-C","alternate":"fast process SENSOR-C","quantity":0,"nextDate":"2026-01-21T18:00:00"}
[operation] alternate-try {"operation":"select process SENSOR-C","alternate":"standard process SENSOR-C","remainingQuantity":2,"childQuantity":2}
[operation] ask {"demand":null,"operation":"standard process SENSOR-C","quantity":2,"operationQuantity":2,"end":"2026-01-21T12:00:00","operationEnd":"2026-01-21T12:00:00"}
[operation] fixedtime-incomplete {"operation":"standard process SENSOR-C","quantity":2,"q":2,"preferEnd":true,"later":false,"forward":false,"efficiency":0.85,"requestedStart":"1971-01-01T00:00:00","requestedEnd":"2026-01-21T12:00:00","productionWanted":63529,"productionActual":63529,"productionStart":"2026-01-20T18:21:11","productionEnd":"2026-01-21T12:00:00","setupRequired":true,"expectedSetup":12705.882352941177,"setupActual":12706,"setupStart":"2026-01-20T14:49:25","setupEnd":"2026-01-20T18:21:11","setupResource":"smt standard","setupRule":true,"resources":[{"resource":"smt standard","quantity":1,"start":true},{"resource":"smt standard","quantity":-1,"start":false}]}
[resource] ask {"demand":null,"operation":"standard process SENSOR-C","resource":"smt standard","start":"2026-01-20T15:21:11","end":"2026-01-21T12:00:00"}
[resource] input {"operation":"standard process SENSOR-C","resource":"smt standard","questionQuantity":-1,"operationQuantity":2,"loadQuantity":-1}
[resource] candidate {"demand":null,"start":"2026-01-20T15:21:11","end":"2026-01-21T12:00:00","feasible":true}
[resource] answer {"operation":"standard process SENSOR-C","resource":"smt standard","answerQuantity":1,"operationQuantity":2,"loadQuantity":-1}
[resource] ask {"demand":null,"operation":"standard process SENSOR-C","resource":"functional test","start":"2026-01-20T15:21:11","end":"2026-01-21T12:00:00"}
[resource] input {"operation":"standard process SENSOR-C","resource":"functional test","questionQuantity":-1,"operationQuantity":2,"loadQuantity":-1}
[resource] candidate {"demand":null,"start":"2026-01-20T15:21:11","end":"2026-01-21T12:00:00","feasible":true}
[resource] answer {"operation":"standard process SENSOR-C","resource":"functional test","answerQuantity":1,"operationQuantity":2,"loadQuantity":-1}
[buffer] ask {"demand":null,"buffer":"microcontroller standard","requested":2,"date":"2026-01-20T18:21:11","onhand":153}
[buffer] answer {"demand":null,"buffer":"microcontroller standard","requested":2,"remainingShortage":0,"quantity":2,"date":"2030-12-31T00:00:00","plan":null}
[buffer] ask {"demand":null,"buffer":"sensor die","requested":2,"date":"2026-01-20T18:21:11","onhand":130}
[buffer] answer {"demand":null,"buffer":"sensor die","requested":2,"remainingShortage":0,"quantity":2,"date":"2030-12-31T00:00:00","plan":null}
[operation] answer {"demand":null,"operation":"standard process SENSOR-C","quantity":2,"start":"2026-01-20T15:21:11","end":"2026-01-21T12:00:00"}
[operation] alternate-segment {"operation":"select process SENSOR-C","alternate":"standard process SENSOR-C","quantity":2,"remainingQuantity":0,"start":"2026-01-20T15:21:11","end":"2026-01-21T12:00:00"}
[operation] alternate-answer {"operation":"select process SENSOR-C","quantity":2,"remainingQuantity":0,"nextDate":"2026-01-21T18:00:00"}
[buffer] replenish {"buffer":"sensor C","iteration":0,"requested":2,"replenished":2,"producerDate":"2026-01-21T18:00:00","eventCountBefore":21,"eventCountAfter":22,"remaining":0}
[buffer] answer {"demand":null,"buffer":"sensor C","requested":2,"remainingShortage":0,"quantity":2,"date":"2030-12-31T00:00:00","plan":"OperationPlan"}
[operation] answer {"demand":"electronics order 011 SENSOR-C","operation":"ship SENSOR-C","quantity":2,"start":"2026-01-21T12:00:00","end":"2026-01-21T14:00:00"}
[demand] reply {"demand":"electronics order 011 SENSOR-C","attempt":1,"result":true,"quantity":2,"date":"2030-12-31T00:00:00"}
[demand] attempt {"demand":"electronics order 026 CTRL-B","attempt":1,"quantity":2,"requestDate":"2026-01-25T08:00:00","lastDate":"2030-12-31T00:00:00"}
[operation] ask {"demand":"electronics order 026 CTRL-B","operation":"ship CTRL-B","quantity":2,"operationQuantity":2,"end":"2026-01-25T08:00:00","operationEnd":"2026-01-25T08:00:00"}
[buffer] ask {"demand":null,"buffer":"controller B","requested":2,"date":"2026-01-25T06:00:00","onhand":3}
[buffer] shortage {"buffer":"controller B","iteration":0,"date":"2026-01-25T06:00:00","onhand":-2,"shortage":2}
[operation] alternate-ask {"demand":null,"operation":"select process CTRL-B","quantity":2,"end":"2026-01-25T06:00:00","alternates":["fast process CTRL-B","standard process CTRL-B"]}
[operation] alternate-try {"operation":"select process CTRL-B","alternate":"fast process CTRL-B","remainingQuantity":2,"childQuantity":2}
[operation] ask {"demand":null,"operation":"fast process CTRL-B","quantity":2,"operationQuantity":2,"end":"2026-01-25T06:00:00","operationEnd":"2026-01-25T06:00:00"}
[operation] fixedtime-incomplete {"operation":"fast process CTRL-B","quantity":2,"q":2,"preferEnd":true,"later":false,"forward":false,"efficiency":1.15,"requestedStart":"1971-01-01T00:00:00","requestedEnd":"2026-01-25T06:00:00","productionWanted":28174,"productionActual":28174,"productionStart":"2026-01-24T22:10:26","productionEnd":"2026-01-25T06:00:00","setupRequired":true,"expectedSetup":3130.434782608696,"setupActual":3130,"setupStart":"2026-01-24T21:18:16","setupEnd":"2026-01-24T22:10:26","setupResource":"smt highspeed","setupRule":true,"resources":[{"resource":"smt highspeed","quantity":1,"start":true},{"resource":"smt highspeed","quantity":-1,"start":false}]}
[resource] ask {"demand":null,"operation":"fast process CTRL-B","resource":"smt highspeed","start":"2026-01-24T20:49:05","end":"2026-01-25T06:00:00"}
[resource] input {"operation":"fast process CTRL-B","resource":"smt highspeed","questionQuantity":-1,"operationQuantity":2,"loadQuantity":-1}
[resource] candidate {"demand":null,"start":"2026-01-24T20:49:05","end":"2026-01-25T06:00:00","feasible":true}
[resource] answer {"operation":"fast process CTRL-B","resource":"smt highspeed","answerQuantity":1,"operationQuantity":2,"loadQuantity":-1}
[load] resource-before-assignment {"operation":"fast process CTRL-B","load":"","resource":"ict senior","originalQuantity":2,"plannedQuantity":2,"loadQuantity":-1}
[load] resource-after-assignment {"operation":"fast process CTRL-B","load":"","resource":"ict senior","plannedQuantity":2,"loadQuantity":-1}
[operation] fixedtime-incomplete {"operation":"fast process CTRL-B","quantity":2,"q":2,"preferEnd":true,"later":false,"forward":false,"efficiency":1.1,"requestedStart":"1971-01-01T00:00:00","requestedEnd":"2026-01-25T06:00:00","productionWanted":29455,"productionActual":29455,"productionStart":"2026-01-24T21:49:05","productionEnd":"2026-01-25T06:00:00","setupRequired":true,"expectedSetup":3272.7272727272725,"setupActual":3273,"setupStart":"2026-01-24T20:54:32","setupEnd":"2026-01-24T21:49:05","setupResource":"smt highspeed","setupRule":true,"resources":[{"resource":"smt highspeed","quantity":1,"start":true},{"resource":"smt highspeed","quantity":-1,"start":false},{"resource":"ict senior","quantity":1,"start":true},{"resource":"ict senior","quantity":-1,"start":false}]}
[resource] ask {"demand":null,"operation":"fast process CTRL-B","resource":"ict senior","start":"2026-01-24T21:49:05","end":"2026-01-25T06:00:00"}
[resource] input {"operation":"fast process CTRL-B","resource":"ict senior","questionQuantity":0,"operationQuantity":0,"loadQuantity":0}
[resource] candidate {"demand":null,"start":"2026-01-24T21:49:05","end":"2026-01-25T06:00:00","feasible":true}
[resource] answer {"operation":"fast process CTRL-B","resource":"ict senior","answerQuantity":0,"operationQuantity":0,"loadQuantity":0}
[load] resource-trial {"operation":"fast process CTRL-B","load":"","resource":"ict senior","answerQuantity":0,"plannedQuantity":0,"skillPriority":1,"answerDate":"2026-01-25T06:00:00"}
[load] resource-before-assignment {"operation":"fast process CTRL-B","load":"","resource":"ict regular","originalQuantity":2,"plannedQuantity":2,"loadQuantity":-1}
[operation] fixedtime-incomplete {"operation":"fast process CTRL-B","quantity":2,"q":2,"preferEnd":true,"later":false,"forward":false,"efficiency":0.95,"requestedStart":"1971-01-01T00:00:00","requestedEnd":"2026-01-25T06:00:00","productionWanted":34105,"productionActual":34105,"productionStart":"2026-01-24T20:31:35","productionEnd":"2026-01-25T06:00:00","setupRequired":true,"expectedSetup":3789.4736842105267,"setupActual":3789,"setupStart":"2026-01-24T19:28:26","setupEnd":"2026-01-24T20:31:35","setupResource":"smt highspeed","setupRule":true,"resources":[{"resource":"smt highspeed","quantity":1,"start":true},{"resource":"smt highspeed","quantity":-1,"start":false},{"resource":"ict regular","quantity":1,"start":true},{"resource":"ict regular","quantity":-1,"start":false}]}
[load] resource-after-assignment {"operation":"fast process CTRL-B","load":"","resource":"ict regular","plannedQuantity":0,"loadQuantity":0}
[resource] ask {"demand":null,"operation":"fast process CTRL-B","resource":"ict regular","start":"2026-01-24T20:31:35","end":"2026-01-25T06:00:00"}
[resource] input {"operation":"fast process CTRL-B","resource":"ict regular","questionQuantity":0,"operationQuantity":0,"loadQuantity":0}
[resource] candidate {"demand":null,"start":"2026-01-24T20:31:35","end":"2026-01-25T06:00:00","feasible":true}
[resource] answer {"operation":"fast process CTRL-B","resource":"ict regular","answerQuantity":0,"operationQuantity":0,"loadQuantity":0}
[load] resource-trial {"operation":"fast process CTRL-B","load":"","resource":"ict regular","answerQuantity":0,"plannedQuantity":0,"skillPriority":2,"answerDate":"2026-01-25T06:00:00"}
[load] resource-rejected {"operation":"fast process CTRL-B","load":"","candidateCount":3,"qualifiedResourceExists":true,"minimumNextDate":"2026-01-25T06:00:00"}
[operation] capacity-reject {"demand":null,"operation":"fast process CTRL-B","start":"2026-01-24T20:31:35","end":"2026-01-25T06:00:00","answerQuantity":0,"answerDate":"2026-01-25T06:00:00"}
[operation] alternate-reject {"operation":"select process CTRL-B","alternate":"fast process CTRL-B","quantity":0,"nextDate":"2026-01-25T12:00:00"}
[operation] alternate-try {"operation":"select process CTRL-B","alternate":"standard process CTRL-B","remainingQuantity":2,"childQuantity":2}
[operation] ask {"demand":null,"operation":"standard process CTRL-B","quantity":2,"operationQuantity":2,"end":"2026-01-25T06:00:00","operationEnd":"2026-01-25T06:00:00"}
[resource] ask {"demand":null,"operation":"standard process CTRL-B","resource":"smt standard","start":"2026-01-24T13:31:46","end":"2026-01-25T06:00:00"}
[resource] input {"operation":"standard process CTRL-B","resource":"smt standard","questionQuantity":-1,"operationQuantity":2,"loadQuantity":-1}
[resource] candidate {"demand":null,"start":"2026-01-24T13:31:46","end":"2026-01-25T06:00:00","feasible":true}
[resource] answer {"operation":"standard process CTRL-B","resource":"smt standard","answerQuantity":1,"operationQuantity":2,"loadQuantity":-1}
[resource] ask {"demand":null,"operation":"standard process CTRL-B","resource":"functional test","start":"2026-01-24T13:31:46","end":"2026-01-25T06:00:00"}
[resource] input {"operation":"standard process CTRL-B","resource":"functional test","questionQuantity":-1,"operationQuantity":2,"loadQuantity":-1}
[resource] candidate {"demand":null,"start":"2026-01-24T13:31:46","end":"2026-01-25T06:00:00","feasible":true}
[resource] answer {"operation":"standard process CTRL-B","resource":"functional test","answerQuantity":1,"operationQuantity":2,"loadQuantity":-1}
[buffer] ask {"demand":null,"buffer":"microcontroller standard","requested":2,"date":"2026-01-24T13:31:46","onhand":123}
[buffer] answer {"demand":null,"buffer":"microcontroller standard","requested":2,"remainingShortage":0,"quantity":2,"date":"2030-12-31T00:00:00","plan":null}
[buffer] ask {"demand":null,"buffer":"pcb panel","requested":2,"date":"2026-01-24T13:31:46","onhand":208}
[buffer] answer {"demand":null,"buffer":"pcb panel","requested":2,"remainingShortage":0,"quantity":2,"date":"2030-12-31T00:00:00","plan":null}
[operation] answer {"demand":null,"operation":"standard process CTRL-B","quantity":2,"start":"2026-01-24T13:31:46","end":"2026-01-25T06:00:00"}
[operation] alternate-segment {"operation":"select process CTRL-B","alternate":"standard process CTRL-B","quantity":2,"remainingQuantity":0,"start":"2026-01-24T13:31:46","end":"2026-01-25T06:00:00"}
[operation] alternate-answer {"operation":"select process CTRL-B","quantity":2,"remainingQuantity":0,"nextDate":"2026-01-25T12:00:00"}
[buffer] replenish {"buffer":"controller B","iteration":0,"requested":2,"replenished":2,"producerDate":"2026-01-25T12:00:00","eventCountBefore":21,"eventCountAfter":22,"remaining":0}
[buffer] answer {"demand":null,"buffer":"controller B","requested":2,"remainingShortage":0,"quantity":2,"date":"2030-12-31T00:00:00","plan":"OperationPlan"}
[operation] answer {"demand":"electronics order 026 CTRL-B","operation":"ship CTRL-B","quantity":2,"start":"2026-01-25T06:00:00","end":"2026-01-25T08:00:00"}
[demand] reply {"demand":"electronics order 026 CTRL-B","attempt":1,"result":true,"quantity":2,"date":"2030-12-31T00:00:00"}
[demand] attempt {"demand":"electronics order 041 CTRL-A","attempt":1,"quantity":2,"requestDate":"2026-01-29T02:00:00","lastDate":"2030-12-31T00:00:00"}
[operation] ask {"demand":"electronics order 041 CTRL-A","operation":"ship CTRL-A","quantity":2,"operationQuantity":2,"end":"2026-01-29T02:00:00","operationEnd":"2026-01-29T02:00:00"}
[buffer] ask {"demand":null,"buffer":"controller A","requested":2,"date":"2026-01-29T00:00:00","onhand":1}
[buffer] shortage {"buffer":"controller A","iteration":0,"date":"2026-01-29T00:00:00","onhand":-2,"shortage":2}
[operation] alternate-ask {"demand":null,"operation":"select process CTRL-A","quantity":2,"end":"2026-01-29T00:00:00","alternates":["fast process CTRL-A","standard process CTRL-A"]}
[operation] alternate-try {"operation":"select process CTRL-A","alternate":"fast process CTRL-A","remainingQuantity":2,"childQuantity":2}
[operation] ask {"demand":null,"operation":"fast process CTRL-A","quantity":2,"operationQuantity":2,"end":"2026-01-29T00:00:00","operationEnd":"2026-01-29T00:00:00"}
[operation] fixedtime-incomplete {"operation":"fast process CTRL-A","quantity":2,"q":2,"preferEnd":true,"later":false,"forward":false,"efficiency":1.15,"requestedStart":"1971-01-01T00:00:00","requestedEnd":"2026-01-29T00:00:00","productionWanted":25043,"productionActual":25043,"productionStart":"2026-01-28T17:02:37","productionEnd":"2026-01-29T00:00:00","setupRequired":true,"expectedSetup":3130.434782608696,"setupActual":3130,"setupStart":"2026-01-28T16:10:27","setupEnd":"2026-01-28T17:02:37","setupResource":"smt highspeed","setupRule":true,"resources":[{"resource":"smt highspeed","quantity":1,"start":true},{"resource":"smt highspeed","quantity":-1,"start":false}]}
[resource] ask {"demand":null,"operation":"fast process CTRL-A","resource":"smt highspeed","start":"2026-01-28T15:43:38","end":"2026-01-29T00:00:00"}
[resource] input {"operation":"fast process CTRL-A","resource":"smt highspeed","questionQuantity":-1,"operationQuantity":2,"loadQuantity":-1}
[resource] candidate {"demand":null,"start":"2026-01-28T15:43:38","end":"2026-01-29T00:00:00","feasible":true}
[resource] answer {"operation":"fast process CTRL-A","resource":"smt highspeed","answerQuantity":1,"operationQuantity":2,"loadQuantity":-1}
[load] resource-before-assignment {"operation":"fast process CTRL-A","load":"","resource":"ict senior","originalQuantity":2,"plannedQuantity":2,"loadQuantity":-1}
[load] resource-after-assignment {"operation":"fast process CTRL-A","load":"","resource":"ict senior","plannedQuantity":2,"loadQuantity":-1}
[operation] fixedtime-incomplete {"operation":"fast process CTRL-A","quantity":2,"q":2,"preferEnd":true,"later":false,"forward":false,"efficiency":1.1,"requestedStart":"1971-01-01T00:00:00","requestedEnd":"2026-01-29T00:00:00","productionWanted":26182,"productionActual":26182,"productionStart":"2026-01-28T16:43:38","productionEnd":"2026-01-29T00:00:00","setupRequired":true,"expectedSetup":3272.7272727272725,"setupActual":3273,"setupStart":"2026-01-28T15:49:05","setupEnd":"2026-01-28T16:43:38","setupResource":"smt highspeed","setupRule":true,"resources":[{"resource":"smt highspeed","quantity":1,"start":true},{"resource":"smt highspeed","quantity":-1,"start":false},{"resource":"ict senior","quantity":1,"start":true},{"resource":"ict senior","quantity":-1,"start":false}]}
[resource] ask {"demand":null,"operation":"fast process CTRL-A","resource":"ict senior","start":"2026-01-28T16:43:38","end":"2026-01-29T00:00:00"}
[resource] input {"operation":"fast process CTRL-A","resource":"ict senior","questionQuantity":0,"operationQuantity":0,"loadQuantity":0}
[resource] candidate {"demand":null,"start":"2026-01-28T16:43:38","end":"2026-01-29T00:00:00","feasible":true}
[resource] answer {"operation":"fast process CTRL-A","resource":"ict senior","answerQuantity":0,"operationQuantity":0,"loadQuantity":0}
[load] resource-trial {"operation":"fast process CTRL-A","load":"","resource":"ict senior","answerQuantity":0,"plannedQuantity":0,"skillPriority":1,"answerDate":"2026-01-29T00:00:00"}
[load] resource-before-assignment {"operation":"fast process CTRL-A","load":"","resource":"ict regular","originalQuantity":2,"plannedQuantity":2,"loadQuantity":-1}
[operation] fixedtime-incomplete {"operation":"fast process CTRL-A","quantity":2,"q":2,"preferEnd":true,"later":false,"forward":false,"efficiency":0.95,"requestedStart":"1971-01-01T00:00:00","requestedEnd":"2026-01-29T00:00:00","productionWanted":30316,"productionActual":30316,"productionStart":"2026-01-28T15:34:44","productionEnd":"2026-01-29T00:00:00","setupRequired":true,"expectedSetup":3789.4736842105267,"setupActual":3789,"setupStart":"2026-01-28T14:31:35","setupEnd":"2026-01-28T15:34:44","setupResource":"smt highspeed","setupRule":true,"resources":[{"resource":"smt highspeed","quantity":1,"start":true},{"resource":"smt highspeed","quantity":-1,"start":false},{"resource":"ict regular","quantity":1,"start":true},{"resource":"ict regular","quantity":-1,"start":false}]}
[load] resource-after-assignment {"operation":"fast process CTRL-A","load":"","resource":"ict regular","plannedQuantity":0,"loadQuantity":0}
[resource] ask {"demand":null,"operation":"fast process CTRL-A","resource":"ict regular","start":"2026-01-28T15:34:44","end":"2026-01-29T00:00:00"}
[resource] input {"operation":"fast process CTRL-A","resource":"ict regular","questionQuantity":0,"operationQuantity":0,"loadQuantity":0}
[resource] candidate {"demand":null,"start":"2026-01-28T15:34:44","end":"2026-01-29T00:00:00","feasible":true}
[resource] answer {"operation":"fast process CTRL-A","resource":"ict regular","answerQuantity":0,"operationQuantity":0,"loadQuantity":0}
[load] resource-trial {"operation":"fast process CTRL-A","load":"","resource":"ict regular","answerQuantity":0,"plannedQuantity":0,"skillPriority":2,"answerDate":"2026-01-29T00:00:00"}
[load] resource-rejected {"operation":"fast process CTRL-A","load":"","candidateCount":3,"qualifiedResourceExists":true,"minimumNextDate":"2026-01-29T00:00:00"}
[operation] capacity-reject {"demand":null,"operation":"fast process CTRL-A","start":"2026-01-28T15:34:44","end":"2026-01-29T00:00:00","answerQuantity":0,"answerDate":"2026-01-29T00:00:00"}
[operation] alternate-reject {"operation":"select process CTRL-A","alternate":"fast process CTRL-A","quantity":0,"nextDate":"2026-01-29T06:00:00"}
[operation] alternate-try {"operation":"select process CTRL-A","alternate":"standard process CTRL-A","remainingQuantity":2,"childQuantity":2}
[operation] ask {"demand":null,"operation":"standard process CTRL-A","quantity":2,"operationQuantity":2,"end":"2026-01-29T00:00:00","operationEnd":"2026-01-29T00:00:00"}
[operation] fixedtime-incomplete {"operation":"standard process CTRL-A","quantity":2,"q":2,"preferEnd":true,"later":false,"forward":false,"efficiency":0.85,"requestedStart":"1971-01-01T00:00:00","requestedEnd":"2026-01-29T00:00:00","productionWanted":55059,"productionActual":55059,"productionStart":"2026-01-28T08:42:21","productionEnd":"2026-01-29T00:00:00","setupRequired":true,"expectedSetup":8470.588235294117,"setupActual":8471,"setupStart":"2026-01-28T06:21:10","setupEnd":"2026-01-28T08:42:21","setupResource":"smt standard","setupRule":true,"resources":[{"resource":"smt standard","quantity":1,"start":true},{"resource":"smt standard","quantity":-1,"start":false}]}
[resource] ask {"demand":null,"operation":"standard process CTRL-A","resource":"smt standard","start":"2026-01-28T06:42:21","end":"2026-01-29T00:00:00"}
[resource] input {"operation":"standard process CTRL-A","resource":"smt standard","questionQuantity":-1,"operationQuantity":2,"loadQuantity":-1}
[resource] candidate {"demand":null,"start":"2026-01-28T06:42:21","end":"2026-01-29T00:00:00","feasible":true}
[resource] answer {"operation":"standard process CTRL-A","resource":"smt standard","answerQuantity":1,"operationQuantity":2,"loadQuantity":-1}
[resource] ask {"demand":null,"operation":"standard process CTRL-A","resource":"functional test","start":"2026-01-28T06:42:21","end":"2026-01-29T00:00:00"}
[resource] input {"operation":"standard process CTRL-A","resource":"functional test","questionQuantity":-1,"operationQuantity":2,"loadQuantity":-1}
[resource] candidate {"demand":null,"start":"2026-01-28T06:42:21","end":"2026-01-29T00:00:00","feasible":true}
[resource] answer {"operation":"standard process CTRL-A","resource":"functional test","answerQuantity":1,"operationQuantity":2,"loadQuantity":-1}
[buffer] ask {"demand":null,"buffer":"microcontroller standard","requested":2,"date":"2026-01-28T08:42:21","onhand":94}
[buffer] answer {"demand":null,"buffer":"microcontroller standard","requested":2,"remainingShortage":0,"quantity":2,"date":"2030-12-31T00:00:00","plan":null}
[buffer] ask {"demand":null,"buffer":"pcb panel","requested":2,"date":"2026-01-28T08:42:21","onhand":196}
[buffer] answer {"demand":null,"buffer":"pcb panel","requested":2,"remainingShortage":0,"quantity":2,"date":"2030-12-31T00:00:00","plan":null}
[operation] answer {"demand":null,"operation":"standard process CTRL-A","quantity":2,"start":"2026-01-28T06:42:21","end":"2026-01-29T00:00:00"}
[operation] alternate-segment {"operation":"select process CTRL-A","alternate":"standard process CTRL-A","quantity":2,"remainingQuantity":0,"start":"2026-01-28T06:42:21","end":"2026-01-29T00:00:00"}
[operation] alternate-answer {"operation":"select process CTRL-A","quantity":2,"remainingQuantity":0,"nextDate":"2026-01-29T06:00:00"}
[buffer] replenish {"buffer":"controller A","iteration":0,"requested":2,"replenished":2,"producerDate":"2026-01-29T06:00:00","eventCountBefore":21,"eventCountAfter":22,"remaining":0}
[buffer] answer {"demand":null,"buffer":"controller A","requested":2,"remainingShortage":0,"quantity":2,"date":"2030-12-31T00:00:00","plan":"OperationPlan"}
[operation] answer {"demand":"electronics order 041 CTRL-A","operation":"ship CTRL-A","quantity":2,"start":"2026-01-29T00:00:00","end":"2026-01-29T02:00:00"}
[demand] reply {"demand":"electronics order 041 CTRL-A","attempt":1,"result":true,"quantity":2,"date":"2030-12-31T00:00:00"}
[demand] attempt {"demand":"electronics order 056 SENSOR-D","attempt":1,"quantity":2,"requestDate":"2026-02-01T20:00:00","lastDate":"2030-12-31T00:00:00"}
[operation] ask {"demand":"electronics order 056 SENSOR-D","operation":"ship SENSOR-D","quantity":2,"operationQuantity":2,"end":"2026-02-01T20:00:00","operationEnd":"2026-02-01T20:00:00"}
[buffer] ask {"demand":null,"buffer":"sensor D","requested":2,"date":"2026-02-01T18:00:00","onhand":3}
[buffer] shortage {"buffer":"sensor D","iteration":0,"date":"2026-02-01T18:00:00","onhand":-2,"shortage":2}
[operation] alternate-ask {"demand":null,"operation":"select process SENSOR-D","quantity":2,"end":"2026-02-01T18:00:00","alternates":["fast process SENSOR-D","standard process SENSOR-D"]}
[operation] alternate-try {"operation":"select process SENSOR-D","alternate":"fast process SENSOR-D","remainingQuantity":2,"childQuantity":2}
[operation] ask {"demand":null,"operation":"fast process SENSOR-D","quantity":2,"operationQuantity":2,"end":"2026-02-01T18:00:00","operationEnd":"2026-02-01T18:00:00"}
[operation] fixedtime-incomplete {"operation":"fast process SENSOR-D","quantity":2,"q":2,"preferEnd":true,"later":false,"forward":false,"efficiency":1.15,"requestedStart":"1971-01-01T00:00:00","requestedEnd":"2026-02-01T18:00:00","productionWanted":34435,"productionActual":34435,"productionStart":"2026-02-01T08:26:05","productionEnd":"2026-02-01T18:00:00","setupRequired":true,"expectedSetup":3130.434782608696,"setupActual":3130,"setupStart":"2026-02-01T07:33:55","setupEnd":"2026-02-01T08:26:05","setupResource":"smt highspeed","setupRule":true,"resources":[{"resource":"smt highspeed","quantity":1,"start":true},{"resource":"smt highspeed","quantity":-1,"start":false}]}
[resource] ask {"demand":null,"operation":"fast process SENSOR-D","resource":"smt highspeed","start":"2026-02-01T07:00:00","end":"2026-02-01T18:00:00"}
[resource] input {"operation":"fast process SENSOR-D","resource":"smt highspeed","questionQuantity":-1,"operationQuantity":2,"loadQuantity":-1}
[resource] candidate {"demand":null,"start":"2026-02-01T07:00:00","end":"2026-02-01T18:00:00","feasible":true}
[resource] answer {"operation":"fast process SENSOR-D","resource":"smt highspeed","answerQuantity":1,"operationQuantity":2,"loadQuantity":-1}
[load] resource-before-assignment {"operation":"fast process SENSOR-D","load":"","resource":"ict senior","originalQuantity":2,"plannedQuantity":2,"loadQuantity":-1}
[load] resource-after-assignment {"operation":"fast process SENSOR-D","load":"","resource":"ict senior","plannedQuantity":2,"loadQuantity":-1}
[operation] fixedtime-incomplete {"operation":"fast process SENSOR-D","quantity":2,"q":2,"preferEnd":true,"later":false,"forward":false,"efficiency":1.1,"requestedStart":"1971-01-01T00:00:00","requestedEnd":"2026-02-01T18:00:00","productionWanted":36000,"productionActual":36000,"productionStart":"2026-02-01T08:00:00","productionEnd":"2026-02-01T18:00:00","setupRequired":true,"expectedSetup":3272.7272727272725,"setupActual":3273,"setupStart":"2026-02-01T07:05:27","setupEnd":"2026-02-01T08:00:00","setupResource":"smt highspeed","setupRule":true,"resources":[{"resource":"smt highspeed","quantity":1,"start":true},{"resource":"smt highspeed","quantity":-1,"start":false},{"resource":"ict senior","quantity":1,"start":true},{"resource":"ict senior","quantity":-1,"start":false}]}
[resource] ask {"demand":null,"operation":"fast process SENSOR-D","resource":"ict senior","start":"2026-02-01T08:00:00","end":"2026-02-01T18:00:00"}
[resource] input {"operation":"fast process SENSOR-D","resource":"ict senior","questionQuantity":0,"operationQuantity":0,"loadQuantity":0}
[resource] candidate {"demand":null,"start":"2026-02-01T08:00:00","end":"2026-02-01T18:00:00","feasible":true}
[resource] answer {"operation":"fast process SENSOR-D","resource":"ict senior","answerQuantity":0,"operationQuantity":0,"loadQuantity":0}
[load] resource-trial {"operation":"fast process SENSOR-D","load":"","resource":"ict senior","answerQuantity":0,"plannedQuantity":0,"skillPriority":1,"answerDate":"2026-02-01T18:00:00"}
[load] resource-before-assignment {"operation":"fast process SENSOR-D","load":"","resource":"ict regular","originalQuantity":2,"plannedQuantity":2,"loadQuantity":-1}
[operation] fixedtime-incomplete {"operation":"fast process SENSOR-D","quantity":2,"q":2,"preferEnd":true,"later":false,"forward":false,"efficiency":0.95,"requestedStart":"1971-01-01T00:00:00","requestedEnd":"2026-02-01T18:00:00","productionWanted":41684,"productionActual":41684,"productionStart":"2026-02-01T06:25:16","productionEnd":"2026-02-01T18:00:00","setupRequired":true,"expectedSetup":3789.4736842105267,"setupActual":3789,"setupStart":"2026-02-01T05:22:07","setupEnd":"2026-02-01T06:25:16","setupResource":"smt highspeed","setupRule":true,"resources":[{"resource":"smt highspeed","quantity":1,"start":true},{"resource":"smt highspeed","quantity":-1,"start":false},{"resource":"ict regular","quantity":1,"start":true},{"resource":"ict regular","quantity":-1,"start":false}]}
[load] resource-after-assignment {"operation":"fast process SENSOR-D","load":"","resource":"ict regular","plannedQuantity":0,"loadQuantity":0}
[resource] ask {"demand":null,"operation":"fast process SENSOR-D","resource":"ict regular","start":"2026-02-01T06:25:16","end":"2026-02-01T18:00:00"}
[resource] input {"operation":"fast process SENSOR-D","resource":"ict regular","questionQuantity":0,"operationQuantity":0,"loadQuantity":0}
[resource] candidate {"demand":null,"start":"2026-02-01T06:25:16","end":"2026-02-01T18:00:00","feasible":true}
[resource] answer {"operation":"fast process SENSOR-D","resource":"ict regular","answerQuantity":0,"operationQuantity":0,"loadQuantity":0}
[load] resource-trial {"operation":"fast process SENSOR-D","load":"","resource":"ict regular","answerQuantity":0,"plannedQuantity":0,"skillPriority":2,"answerDate":"2026-02-01T18:00:00"}
[load] resource-rejected {"operation":"fast process SENSOR-D","load":"","candidateCount":3,"qualifiedResourceExists":true,"minimumNextDate":"2026-02-01T18:00:00"}
[operation] capacity-reject {"demand":null,"operation":"fast process SENSOR-D","start":"2026-02-01T06:25:16","end":"2026-02-01T18:00:00","answerQuantity":0,"answerDate":"2026-02-01T18:00:00"}
[operation] alternate-reject {"operation":"select process SENSOR-D","alternate":"fast process SENSOR-D","quantity":0,"nextDate":"2026-02-02T00:00:00"}
[operation] alternate-try {"operation":"select process SENSOR-D","alternate":"standard process SENSOR-D","remainingQuantity":2,"childQuantity":2}
[operation] ask {"demand":null,"operation":"standard process SENSOR-D","quantity":2,"operationQuantity":2,"end":"2026-02-01T18:00:00","operationEnd":"2026-02-01T18:00:00"}
[resource] ask {"demand":null,"operation":"standard process SENSOR-D","resource":"smt standard","start":"2026-01-31T23:10:35","end":"2026-02-01T18:00:00"}
[resource] input {"operation":"standard process SENSOR-D","resource":"smt standard","questionQuantity":-1,"operationQuantity":2,"loadQuantity":-1}
[resource] candidate {"demand":null,"start":"2026-01-31T23:10:35","end":"2026-02-01T18:00:00","feasible":true}
[resource] answer {"operation":"standard process SENSOR-D","resource":"smt standard","answerQuantity":1,"operationQuantity":2,"loadQuantity":-1}
[resource] ask {"demand":null,"operation":"standard process SENSOR-D","resource":"functional test","start":"2026-01-31T23:10:35","end":"2026-02-01T18:00:00"}
[resource] input {"operation":"standard process SENSOR-D","resource":"functional test","questionQuantity":-1,"operationQuantity":2,"loadQuantity":-1}
[resource] candidate {"demand":null,"start":"2026-01-31T23:10:35","end":"2026-02-01T18:00:00","feasible":true}
[resource] answer {"operation":"standard process SENSOR-D","resource":"functional test","answerQuantity":1,"operationQuantity":2,"loadQuantity":-1}
[buffer] ask {"demand":null,"buffer":"microcontroller standard","requested":2,"date":"2026-01-31T23:10:35","onhand":64}
[buffer] answer {"demand":null,"buffer":"microcontroller standard","requested":2,"remainingShortage":0,"quantity":2,"date":"2030-12-31T00:00:00","plan":null}
[buffer] ask {"demand":null,"buffer":"sensor die","requested":2,"date":"2026-01-31T23:10:35","onhand":83}
[buffer] answer {"demand":null,"buffer":"sensor die","requested":2,"remainingShortage":0,"quantity":2,"date":"2030-12-31T00:00:00","plan":null}
[operation] answer {"demand":null,"operation":"standard process SENSOR-D","quantity":2,"start":"2026-01-31T23:10:35","end":"2026-02-01T18:00:00"}
[operation] alternate-segment {"operation":"select process SENSOR-D","alternate":"standard process SENSOR-D","quantity":2,"remainingQuantity":0,"start":"2026-01-31T23:10:35","end":"2026-02-01T18:00:00"}
[operation] alternate-answer {"operation":"select process SENSOR-D","quantity":2,"remainingQuantity":0,"nextDate":"2026-02-02T00:00:00"}
[buffer] replenish {"buffer":"sensor D","iteration":0,"requested":2,"replenished":2,"producerDate":"2026-02-02T00:00:00","eventCountBefore":21,"eventCountAfter":22,"remaining":0}
[buffer] answer {"demand":null,"buffer":"sensor D","requested":2,"remainingShortage":0,"quantity":2,"date":"2030-12-31T00:00:00","plan":"OperationPlan"}
[operation] answer {"demand":"electronics order 056 SENSOR-D","operation":"ship SENSOR-D","quantity":2,"start":"2026-02-01T18:00:00","end":"2026-02-01T20:00:00"}
[demand] reply {"demand":"electronics order 056 SENSOR-D","attempt":1,"result":true,"quantity":2,"date":"2030-12-31T00:00:00"}
[demand] attempt {"demand":"electronics order 012 SENSOR-D","attempt":1,"quantity":5,"requestDate":"2026-01-21T20:00:00","lastDate":"2030-12-31T00:00:00"}
[operation] ask {"demand":"electronics order 012 SENSOR-D","operation":"ship SENSOR-D","quantity":5,"operationQuantity":5,"end":"2026-01-21T20:00:00","operationEnd":"2026-01-21T20:00:00"}
[buffer] ask {"demand":null,"buffer":"sensor D","requested":5,"date":"2026-01-21T18:00:00","onhand":2}
[buffer] shortage {"buffer":"sensor D","iteration":0,"date":"2026-01-21T18:00:00","onhand":-5,"shortage":5}
[operation] alternate-ask {"demand":null,"operation":"select process SENSOR-D","quantity":5,"end":"2026-01-21T18:00:00","alternates":["fast process SENSOR-D","standard process SENSOR-D"]}
[operation] alternate-try {"operation":"select process SENSOR-D","alternate":"fast process SENSOR-D","remainingQuantity":5,"childQuantity":5}
[operation] ask {"demand":null,"operation":"fast process SENSOR-D","quantity":5,"operationQuantity":5,"end":"2026-01-21T18:00:00","operationEnd":"2026-01-21T18:00:00"}
[operation] fixedtime-incomplete {"operation":"fast process SENSOR-D","quantity":5,"q":5,"preferEnd":true,"later":false,"forward":false,"efficiency":1.15,"requestedStart":"1971-01-01T00:00:00","requestedEnd":"2026-01-21T18:00:00","productionWanted":34435,"productionActual":34435,"productionStart":"2026-01-21T08:26:05","productionEnd":"2026-01-21T18:00:00","setupRequired":true,"expectedSetup":3130.434782608696,"setupActual":3130,"setupStart":"2026-01-21T07:33:55","setupEnd":"2026-01-21T08:26:05","setupResource":"smt highspeed","setupRule":true,"resources":[{"resource":"smt highspeed","quantity":1,"start":true},{"resource":"smt highspeed","quantity":-1,"start":false}]}
[resource] ask {"demand":null,"operation":"fast process SENSOR-D","resource":"smt highspeed","start":"2026-01-21T07:00:00","end":"2026-01-21T18:00:00"}
[resource] input {"operation":"fast process SENSOR-D","resource":"smt highspeed","questionQuantity":-1,"operationQuantity":5,"loadQuantity":-1}
[resource] candidate {"demand":null,"start":"2026-01-21T07:00:00","end":"2026-01-21T18:00:00","feasible":true}
[resource] answer {"operation":"fast process SENSOR-D","resource":"smt highspeed","answerQuantity":1,"operationQuantity":5,"loadQuantity":-1}
[load] resource-before-assignment {"operation":"fast process SENSOR-D","load":"","resource":"ict senior","originalQuantity":5,"plannedQuantity":5,"loadQuantity":-1}
[load] resource-after-assignment {"operation":"fast process SENSOR-D","load":"","resource":"ict senior","plannedQuantity":5,"loadQuantity":-1}
[operation] fixedtime-incomplete {"operation":"fast process SENSOR-D","quantity":5,"q":5,"preferEnd":true,"later":false,"forward":false,"efficiency":1.1,"requestedStart":"1971-01-01T00:00:00","requestedEnd":"2026-01-21T18:00:00","productionWanted":36000,"productionActual":36000,"productionStart":"2026-01-21T08:00:00","productionEnd":"2026-01-21T18:00:00","setupRequired":true,"expectedSetup":3272.7272727272725,"setupActual":3273,"setupStart":"2026-01-21T07:05:27","setupEnd":"2026-01-21T08:00:00","setupResource":"smt highspeed","setupRule":true,"resources":[{"resource":"smt highspeed","quantity":1,"start":true},{"resource":"smt highspeed","quantity":-1,"start":false},{"resource":"ict senior","quantity":1,"start":true},{"resource":"ict senior","quantity":-1,"start":false}]}
[resource] ask {"demand":null,"operation":"fast process SENSOR-D","resource":"ict senior","start":"2026-01-21T08:00:00","end":"2026-01-21T18:00:00"}
[resource] input {"operation":"fast process SENSOR-D","resource":"ict senior","questionQuantity":0,"operationQuantity":0,"loadQuantity":0}
[resource] candidate {"demand":null,"start":"2026-01-21T08:00:00","end":"2026-01-21T18:00:00","feasible":true}
[resource] answer {"operation":"fast process SENSOR-D","resource":"ict senior","answerQuantity":0,"operationQuantity":0,"loadQuantity":0}
[load] resource-trial {"operation":"fast process SENSOR-D","load":"","resource":"ict senior","answerQuantity":0,"plannedQuantity":0,"skillPriority":1,"answerDate":"2026-01-21T18:00:00"}
[load] resource-before-assignment {"operation":"fast process SENSOR-D","load":"","resource":"ict regular","originalQuantity":5,"plannedQuantity":5,"loadQuantity":-1}
[operation] fixedtime-incomplete {"operation":"fast process SENSOR-D","quantity":5,"q":5,"preferEnd":true,"later":false,"forward":false,"efficiency":0.95,"requestedStart":"1971-01-01T00:00:00","requestedEnd":"2026-01-21T18:00:00","productionWanted":41684,"productionActual":41684,"productionStart":"2026-01-21T06:25:16","productionEnd":"2026-01-21T18:00:00","setupRequired":true,"expectedSetup":3789.4736842105267,"setupActual":3789,"setupStart":"2026-01-21T05:22:07","setupEnd":"2026-01-21T06:25:16","setupResource":"smt highspeed","setupRule":true,"resources":[{"resource":"smt highspeed","quantity":1,"start":true},{"resource":"smt highspeed","quantity":-1,"start":false},{"resource":"ict regular","quantity":1,"start":true},{"resource":"ict regular","quantity":-1,"start":false}]}
[load] resource-after-assignment {"operation":"fast process SENSOR-D","load":"","resource":"ict regular","plannedQuantity":0,"loadQuantity":0}
[resource] ask {"demand":null,"operation":"fast process SENSOR-D","resource":"ict regular","start":"2026-01-21T06:25:16","end":"2026-01-21T18:00:00"}
[resource] input {"operation":"fast process SENSOR-D","resource":"ict regular","questionQuantity":0,"operationQuantity":0,"loadQuantity":0}
[resource] candidate {"demand":null,"start":"2026-01-21T06:25:16","end":"2026-01-21T18:00:00","feasible":true}
[resource] answer {"operation":"fast process SENSOR-D","resource":"ict regular","answerQuantity":0,"operationQuantity":0,"loadQuantity":0}
[load] resource-trial {"operation":"fast process SENSOR-D","load":"","resource":"ict regular","answerQuantity":0,"plannedQuantity":0,"skillPriority":2,"answerDate":"2026-01-21T18:00:00"}
[load] resource-rejected {"operation":"fast process SENSOR-D","load":"","candidateCount":3,"qualifiedResourceExists":true,"minimumNextDate":"2026-01-21T18:00:00"}
[operation] capacity-reject {"demand":null,"operation":"fast process SENSOR-D","start":"2026-01-21T06:25:16","end":"2026-01-21T18:00:00","answerQuantity":0,"answerDate":"2026-01-21T18:00:00"}
[operation] alternate-reject {"operation":"select process SENSOR-D","alternate":"fast process SENSOR-D","quantity":0,"nextDate":"2026-01-22T00:00:00"}
[operation] alternate-try {"operation":"select process SENSOR-D","alternate":"standard process SENSOR-D","remainingQuantity":5,"childQuantity":5}
[operation] ask {"demand":null,"operation":"standard process SENSOR-D","quantity":5,"operationQuantity":5,"end":"2026-01-21T18:00:00","operationEnd":"2026-01-21T18:00:00"}
[resource] ask {"demand":null,"operation":"standard process SENSOR-D","resource":"smt standard","start":"2026-01-20T23:10:35","end":"2026-01-21T18:00:00"}
[resource] input {"operation":"standard process SENSOR-D","resource":"smt standard","questionQuantity":-1,"operationQuantity":5,"loadQuantity":-1}
[resource] candidate {"demand":null,"start":"2026-01-20T23:10:35","end":"2026-01-21T18:00:00","feasible":true}
[resource] answer {"operation":"standard process SENSOR-D","resource":"smt standard","answerQuantity":1,"operationQuantity":5,"loadQuantity":-1}
[resource] ask {"demand":null,"operation":"standard process SENSOR-D","resource":"functional test","start":"2026-01-20T23:10:35","end":"2026-01-21T18:00:00"}
[resource] input {"operation":"standard process SENSOR-D","resource":"functional test","questionQuantity":-1,"operationQuantity":5,"loadQuantity":-1}
[resource] candidate {"demand":null,"start":"2026-01-20T23:10:35","end":"2026-01-21T18:00:00","feasible":true}
[resource] answer {"operation":"standard process SENSOR-D","resource":"functional test","answerQuantity":1,"operationQuantity":5,"loadQuantity":-1}
[buffer] ask {"demand":null,"buffer":"microcontroller standard","requested":5,"date":"2026-01-20T23:10:35","onhand":151}
[buffer] answer {"demand":null,"buffer":"microcontroller standard","requested":5,"remainingShortage":0,"quantity":5,"date":"2030-12-31T00:00:00","plan":null}
[buffer] ask {"demand":null,"buffer":"sensor die","requested":5,"date":"2026-01-20T23:10:35","onhand":128}
[buffer] answer {"demand":null,"buffer":"sensor die","requested":5,"remainingShortage":0,"quantity":5,"date":"2030-12-31T00:00:00","plan":null}
[operation] answer {"demand":null,"operation":"standard process SENSOR-D","quantity":5,"start":"2026-01-20T23:10:35","end":"2026-01-21T18:00:00"}
[operation] alternate-segment {"operation":"select process SENSOR-D","alternate":"standard process SENSOR-D","quantity":5,"remainingQuantity":0,"start":"2026-01-20T23:10:35","end":"2026-01-21T18:00:00"}
[operation] alternate-answer {"operation":"select process SENSOR-D","quantity":5,"remainingQuantity":0,"nextDate":"2026-01-22T00:00:00"}
[buffer] replenish {"buffer":"sensor D","iteration":0,"requested":5,"replenished":5,"producerDate":"2026-01-22T00:00:00","eventCountBefore":23,"eventCountAfter":24,"remaining":0}
[buffer] answer {"demand":null,"buffer":"sensor D","requested":5,"remainingShortage":0,"quantity":5,"date":"2030-12-31T00:00:00","plan":"OperationPlan"}
[operation] answer {"demand":"electronics order 012 SENSOR-D","operation":"ship SENSOR-D","quantity":5,"start":"2026-01-21T18:00:00","end":"2026-01-21T20:00:00"}
[demand] reply {"demand":"electronics order 012 SENSOR-D","attempt":1,"result":true,"quantity":5,"date":"2030-12-31T00:00:00"}
[demand] attempt {"demand":"electronics order 027 SENSOR-C","attempt":1,"quantity":4,"requestDate":"2026-01-25T14:00:00","lastDate":"2030-12-31T00:00:00"}
[operation] ask {"demand":"electronics order 027 SENSOR-C","operation":"ship SENSOR-C","quantity":4,"operationQuantity":4,"end":"2026-01-25T14:00:00","operationEnd":"2026-01-25T14:00:00"}
[buffer] ask {"demand":null,"buffer":"sensor C","requested":4,"date":"2026-01-25T12:00:00","onhand":2}
[buffer] shortage {"buffer":"sensor C","iteration":0,"date":"2026-01-25T12:00:00","onhand":-4,"shortage":4}
[operation] alternate-ask {"demand":null,"operation":"select process SENSOR-C","quantity":4,"end":"2026-01-25T12:00:00","alternates":["fast process SENSOR-C","standard process SENSOR-C"]}
[operation] alternate-try {"operation":"select process SENSOR-C","alternate":"fast process SENSOR-C","remainingQuantity":4,"childQuantity":4}
[operation] ask {"demand":null,"operation":"fast process SENSOR-C","quantity":4,"operationQuantity":4,"end":"2026-01-25T12:00:00","operationEnd":"2026-01-25T12:00:00"}
[operation] fixedtime-incomplete {"operation":"fast process SENSOR-C","quantity":4,"q":4,"preferEnd":true,"later":false,"forward":false,"efficiency":1.15,"requestedStart":"1971-01-01T00:00:00","requestedEnd":"2026-01-25T12:00:00","productionWanted":31304,"productionActual":31304,"productionStart":"2026-01-25T03:18:16","productionEnd":"2026-01-25T12:00:00","setupRequired":true,"expectedSetup":3130.434782608696,"setupActual":3130,"setupStart":"2026-01-25T02:26:06","setupEnd":"2026-01-25T03:18:16","setupResource":"smt highspeed","setupRule":true,"resources":[{"resource":"smt highspeed","quantity":1,"start":true},{"resource":"smt highspeed","quantity":-1,"start":false}]}
[resource] ask {"demand":null,"operation":"fast process SENSOR-C","resource":"smt highspeed","start":"2026-01-25T01:54:33","end":"2026-01-25T12:00:00"}
[resource] input {"operation":"fast process SENSOR-C","resource":"smt highspeed","questionQuantity":-1,"operationQuantity":4,"loadQuantity":-1}
[resource] candidate {"demand":null,"start":"2026-01-25T01:54:33","end":"2026-01-25T12:00:00","feasible":true}
[resource] answer {"operation":"fast process SENSOR-C","resource":"smt highspeed","answerQuantity":1,"operationQuantity":4,"loadQuantity":-1}
[load] resource-before-assignment {"operation":"fast process SENSOR-C","load":"","resource":"ict senior","originalQuantity":4,"plannedQuantity":4,"loadQuantity":-1}
[load] resource-after-assignment {"operation":"fast process SENSOR-C","load":"","resource":"ict senior","plannedQuantity":4,"loadQuantity":-1}
[operation] fixedtime-incomplete {"operation":"fast process SENSOR-C","quantity":4,"q":4,"preferEnd":true,"later":false,"forward":false,"efficiency":1.1,"requestedStart":"1971-01-01T00:00:00","requestedEnd":"2026-01-25T12:00:00","productionWanted":32727,"productionActual":32727,"productionStart":"2026-01-25T02:54:33","productionEnd":"2026-01-25T12:00:00","setupRequired":true,"expectedSetup":3272.7272727272725,"setupActual":3273,"setupStart":"2026-01-25T02:00:00","setupEnd":"2026-01-25T02:54:33","setupResource":"smt highspeed","setupRule":true,"resources":[{"resource":"smt highspeed","quantity":1,"start":true},{"resource":"smt highspeed","quantity":-1,"start":false},{"resource":"ict senior","quantity":1,"start":true},{"resource":"ict senior","quantity":-1,"start":false}]}
[resource] ask {"demand":null,"operation":"fast process SENSOR-C","resource":"ict senior","start":"2026-01-25T02:54:33","end":"2026-01-25T12:00:00"}
[resource] input {"operation":"fast process SENSOR-C","resource":"ict senior","questionQuantity":0,"operationQuantity":0,"loadQuantity":0}
[resource] candidate {"demand":null,"start":"2026-01-25T02:54:33","end":"2026-01-25T12:00:00","feasible":true}
[resource] answer {"operation":"fast process SENSOR-C","resource":"ict senior","answerQuantity":0,"operationQuantity":0,"loadQuantity":0}
[load] resource-trial {"operation":"fast process SENSOR-C","load":"","resource":"ict senior","answerQuantity":0,"plannedQuantity":0,"skillPriority":1,"answerDate":"2026-01-25T12:00:00"}
[load] resource-before-assignment {"operation":"fast process SENSOR-C","load":"","resource":"ict regular","originalQuantity":4,"plannedQuantity":4,"loadQuantity":-1}
[operation] fixedtime-incomplete {"operation":"fast process SENSOR-C","quantity":4,"q":4,"preferEnd":true,"later":false,"forward":false,"efficiency":0.95,"requestedStart":"1971-01-01T00:00:00","requestedEnd":"2026-01-25T12:00:00","productionWanted":37895,"productionActual":37895,"productionStart":"2026-01-25T01:28:25","productionEnd":"2026-01-25T12:00:00","setupRequired":true,"expectedSetup":3789.4736842105267,"setupActual":3789,"setupStart":"2026-01-25T00:25:16","setupEnd":"2026-01-25T01:28:25","setupResource":"smt highspeed","setupRule":true,"resources":[{"resource":"smt highspeed","quantity":1,"start":true},{"resource":"smt highspeed","quantity":-1,"start":false},{"resource":"ict regular","quantity":1,"start":true},{"resource":"ict regular","quantity":-1,"start":false}]}
[load] resource-after-assignment {"operation":"fast process SENSOR-C","load":"","resource":"ict regular","plannedQuantity":0,"loadQuantity":0}
[resource] ask {"demand":null,"operation":"fast process SENSOR-C","resource":"ict regular","start":"2026-01-25T01:28:25","end":"2026-01-25T12:00:00"}
[resource] input {"operation":"fast process SENSOR-C","resource":"ict regular","questionQuantity":0,"operationQuantity":0,"loadQuantity":0}
[resource] candidate {"demand":null,"start":"2026-01-25T01:28:25","end":"2026-01-25T12:00:00","feasible":true}
[resource] answer {"operation":"fast process SENSOR-C","resource":"ict regular","answerQuantity":0,"operationQuantity":0,"loadQuantity":0}
[load] resource-trial {"operation":"fast process SENSOR-C","load":"","resource":"ict regular","answerQuantity":0,"plannedQuantity":0,"skillPriority":2,"answerDate":"2026-01-25T12:00:00"}
[load] resource-rejected {"operation":"fast process SENSOR-C","load":"","candidateCount":3,"qualifiedResourceExists":true,"minimumNextDate":"2026-01-25T12:00:00"}
[operation] capacity-reject {"demand":null,"operation":"fast process SENSOR-C","start":"2026-01-25T01:28:25","end":"2026-01-25T12:00:00","answerQuantity":0,"answerDate":"2026-01-25T12:00:00"}
[operation] alternate-reject {"operation":"select process SENSOR-C","alternate":"fast process SENSOR-C","quantity":0,"nextDate":"2026-01-25T18:00:00"}
[operation] alternate-try {"operation":"select process SENSOR-C","alternate":"standard process SENSOR-C","remainingQuantity":4,"childQuantity":4}
[operation] ask {"demand":null,"operation":"standard process SENSOR-C","quantity":4,"operationQuantity":4,"end":"2026-01-25T12:00:00","operationEnd":"2026-01-25T12:00:00"}
[operation] fixedtime-incomplete {"operation":"standard process SENSOR-C","quantity":4,"q":4,"preferEnd":true,"later":false,"forward":false,"efficiency":0.85,"requestedStart":"1971-01-01T00:00:00","requestedEnd":"2026-01-25T12:00:00","productionWanted":63529,"productionActual":63529,"productionStart":"2026-01-24T18:21:11","productionEnd":"2026-01-25T12:00:00","setupRequired":true,"expectedSetup":12705.882352941177,"setupActual":12706,"setupStart":"2026-01-24T14:49:25","setupEnd":"2026-01-24T18:21:11","setupResource":"smt standard","setupRule":true,"resources":[{"resource":"smt standard","quantity":1,"start":true},{"resource":"smt standard","quantity":-1,"start":false}]}
[resource] ask {"demand":null,"operation":"standard process SENSOR-C","resource":"smt standard","start":"2026-01-24T15:21:11","end":"2026-01-25T12:00:00"}
[resource] input {"operation":"standard process SENSOR-C","resource":"smt standard","questionQuantity":-1,"operationQuantity":4,"loadQuantity":-1}
[resource] candidate {"demand":null,"start":"2026-01-24T15:21:11","end":"2026-01-25T12:00:00","feasible":true}
[resource] answer {"operation":"standard process SENSOR-C","resource":"smt standard","answerQuantity":1,"operationQuantity":4,"loadQuantity":-1}
[resource] ask {"demand":null,"operation":"standard process SENSOR-C","resource":"functional test","start":"2026-01-24T15:21:11","end":"2026-01-25T12:00:00"}
[resource] input {"operation":"standard process SENSOR-C","resource":"functional test","questionQuantity":-1,"operationQuantity":4,"loadQuantity":-1}
[resource] candidate {"demand":null,"start":"2026-01-24T15:21:11","end":"2026-01-25T12:00:00","feasible":true}
[resource] answer {"operation":"standard process SENSOR-C","resource":"functional test","answerQuantity":1,"operationQuantity":4,"loadQuantity":-1}
[buffer] ask {"demand":null,"buffer":"microcontroller standard","requested":4,"date":"2026-01-24T18:21:11","onhand":116}
[buffer] answer {"demand":null,"buffer":"microcontroller standard","requested":4,"remainingShortage":0,"quantity":4,"date":"2030-12-31T00:00:00","plan":null}
[buffer] ask {"demand":null,"buffer":"sensor die","requested":4,"date":"2026-01-24T18:21:11","onhand":110}
[buffer] answer {"demand":null,"buffer":"sensor die","requested":4,"remainingShortage":0,"quantity":4,"date":"2030-12-31T00:00:00","plan":null}
[operation] answer {"demand":null,"operation":"standard process SENSOR-C","quantity":4,"start":"2026-01-24T15:21:11","end":"2026-01-25T12:00:00"}
[operation] alternate-segment {"operation":"select process SENSOR-C","alternate":"standard process SENSOR-C","quantity":4,"remainingQuantity":0,"start":"2026-01-24T15:21:11","end":"2026-01-25T12:00:00"}
[operation] alternate-answer {"operation":"select process SENSOR-C","quantity":4,"remainingQuantity":0,"nextDate":"2026-01-25T18:00:00"}
[buffer] replenish {"buffer":"sensor C","iteration":0,"requested":4,"replenished":4,"producerDate":"2026-01-25T18:00:00","eventCountBefore":23,"eventCountAfter":24,"remaining":0}
[buffer] answer {"demand":null,"buffer":"sensor C","requested":4,"remainingShortage":0,"quantity":4,"date":"2030-12-31T00:00:00","plan":"OperationPlan"}
[operation] answer {"demand":"electronics order 027 SENSOR-C","operation":"ship SENSOR-C","quantity":4,"start":"2026-01-25T12:00:00","end":"2026-01-25T14:00:00"}
[demand] reply {"demand":"electronics order 027 SENSOR-C","attempt":1,"result":true,"quantity":4,"date":"2030-12-31T00:00:00"}
[demand] attempt {"demand":"electronics order 042 CTRL-B","attempt":1,"quantity":5,"requestDate":"2026-01-29T08:00:00","lastDate":"2030-12-31T00:00:00"}
[operation] ask {"demand":"electronics order 042 CTRL-B","operation":"ship CTRL-B","quantity":5,"operationQuantity":5,"end":"2026-01-29T08:00:00","operationEnd":"2026-01-29T08:00:00"}
[buffer] ask {"demand":null,"buffer":"controller B","requested":5,"date":"2026-01-29T06:00:00","onhand":2}
[buffer] shortage {"buffer":"controller B","iteration":0,"date":"2026-01-29T06:00:00","onhand":-5,"shortage":5}
[operation] alternate-ask {"demand":null,"operation":"select process CTRL-B","quantity":5,"end":"2026-01-29T06:00:00","alternates":["fast process CTRL-B","standard process CTRL-B"]}
[operation] alternate-try {"operation":"select process CTRL-B","alternate":"fast process CTRL-B","remainingQuantity":5,"childQuantity":5}
[operation] ask {"demand":null,"operation":"fast process CTRL-B","quantity":5,"operationQuantity":5,"end":"2026-01-29T06:00:00","operationEnd":"2026-01-29T06:00:00"}
[operation] fixedtime-incomplete {"operation":"fast process CTRL-B","quantity":5,"q":5,"preferEnd":true,"later":false,"forward":false,"efficiency":1.15,"requestedStart":"1971-01-01T00:00:00","requestedEnd":"2026-01-29T06:00:00","productionWanted":28174,"productionActual":28174,"productionStart":"2026-01-28T22:10:26","productionEnd":"2026-01-29T06:00:00","setupRequired":true,"expectedSetup":3130.434782608696,"setupActual":3130,"setupStart":"2026-01-28T21:18:16","setupEnd":"2026-01-28T22:10:26","setupResource":"smt highspeed","setupRule":true,"resources":[{"resource":"smt highspeed","quantity":1,"start":true},{"resource":"smt highspeed","quantity":-1,"start":false}]}
[resource] ask {"demand":null,"operation":"fast process CTRL-B","resource":"smt highspeed","start":"2026-01-28T20:49:05","end":"2026-01-29T06:00:00"}
[resource] input {"operation":"fast process CTRL-B","resource":"smt highspeed","questionQuantity":-1,"operationQuantity":5,"loadQuantity":-1}
[resource] candidate {"demand":null,"start":"2026-01-28T20:49:05","end":"2026-01-29T06:00:00","feasible":true}
[resource] answer {"operation":"fast process CTRL-B","resource":"smt highspeed","answerQuantity":1,"operationQuantity":5,"loadQuantity":-1}
[load] resource-before-assignment {"operation":"fast process CTRL-B","load":"","resource":"ict senior","originalQuantity":5,"plannedQuantity":5,"loadQuantity":-1}
[load] resource-after-assignment {"operation":"fast process CTRL-B","load":"","resource":"ict senior","plannedQuantity":5,"loadQuantity":-1}
[operation] fixedtime-incomplete {"operation":"fast process CTRL-B","quantity":5,"q":5,"preferEnd":true,"later":false,"forward":false,"efficiency":1.1,"requestedStart":"1971-01-01T00:00:00","requestedEnd":"2026-01-29T06:00:00","productionWanted":29455,"productionActual":29455,"productionStart":"2026-01-28T21:49:05","productionEnd":"2026-01-29T06:00:00","setupRequired":true,"expectedSetup":3272.7272727272725,"setupActual":3273,"setupStart":"2026-01-28T20:54:32","setupEnd":"2026-01-28T21:49:05","setupResource":"smt highspeed","setupRule":true,"resources":[{"resource":"smt highspeed","quantity":1,"start":true},{"resource":"smt highspeed","quantity":-1,"start":false},{"resource":"ict senior","quantity":1,"start":true},{"resource":"ict senior","quantity":-1,"start":false}]}
[resource] ask {"demand":null,"operation":"fast process CTRL-B","resource":"ict senior","start":"2026-01-28T21:49:05","end":"2026-01-29T06:00:00"}
[resource] input {"operation":"fast process CTRL-B","resource":"ict senior","questionQuantity":0,"operationQuantity":0,"loadQuantity":0}
[resource] candidate {"demand":null,"start":"2026-01-28T21:49:05","end":"2026-01-29T06:00:00","feasible":true}
[resource] answer {"operation":"fast process CTRL-B","resource":"ict senior","answerQuantity":0,"operationQuantity":0,"loadQuantity":0}
[load] resource-trial {"operation":"fast process CTRL-B","load":"","resource":"ict senior","answerQuantity":0,"plannedQuantity":0,"skillPriority":1,"answerDate":"2026-01-29T06:00:00"}
[load] resource-before-assignment {"operation":"fast process CTRL-B","load":"","resource":"ict regular","originalQuantity":5,"plannedQuantity":5,"loadQuantity":-1}
[operation] fixedtime-incomplete {"operation":"fast process CTRL-B","quantity":5,"q":5,"preferEnd":true,"later":false,"forward":false,"efficiency":0.95,"requestedStart":"1971-01-01T00:00:00","requestedEnd":"2026-01-29T06:00:00","productionWanted":34105,"productionActual":34105,"productionStart":"2026-01-28T20:31:35","productionEnd":"2026-01-29T06:00:00","setupRequired":true,"expectedSetup":3789.4736842105267,"setupActual":3789,"setupStart":"2026-01-28T19:28:26","setupEnd":"2026-01-28T20:31:35","setupResource":"smt highspeed","setupRule":true,"resources":[{"resource":"smt highspeed","quantity":1,"start":true},{"resource":"smt highspeed","quantity":-1,"start":false},{"resource":"ict regular","quantity":1,"start":true},{"resource":"ict regular","quantity":-1,"start":false}]}
[load] resource-after-assignment {"operation":"fast process CTRL-B","load":"","resource":"ict regular","plannedQuantity":0,"loadQuantity":0}
[resource] ask {"demand":null,"operation":"fast process CTRL-B","resource":"ict regular","start":"2026-01-28T20:31:35","end":"2026-01-29T06:00:00"}
[resource] input {"operation":"fast process CTRL-B","resource":"ict regular","questionQuantity":0,"operationQuantity":0,"loadQuantity":0}
[resource] candidate {"demand":null,"start":"2026-01-28T20:31:35","end":"2026-01-29T06:00:00","feasible":true}
[resource] answer {"operation":"fast process CTRL-B","resource":"ict regular","answerQuantity":0,"operationQuantity":0,"loadQuantity":0}
[load] resource-trial {"operation":"fast process CTRL-B","load":"","resource":"ict regular","answerQuantity":0,"plannedQuantity":0,"skillPriority":2,"answerDate":"2026-01-29T06:00:00"}
[load] resource-rejected {"operation":"fast process CTRL-B","load":"","candidateCount":3,"qualifiedResourceExists":true,"minimumNextDate":"2026-01-29T06:00:00"}
[operation] capacity-reject {"demand":null,"operation":"fast process CTRL-B","start":"2026-01-28T20:31:35","end":"2026-01-29T06:00:00","answerQuantity":0,"answerDate":"2026-01-29T06:00:00"}
[operation] alternate-reject {"operation":"select process CTRL-B","alternate":"fast process CTRL-B","quantity":0,"nextDate":"2026-01-29T12:00:00"}
[operation] alternate-try {"operation":"select process CTRL-B","alternate":"standard process CTRL-B","remainingQuantity":5,"childQuantity":5}
[operation] ask {"demand":null,"operation":"standard process CTRL-B","quantity":5,"operationQuantity":5,"end":"2026-01-29T06:00:00","operationEnd":"2026-01-29T06:00:00"}
[resource] ask {"demand":null,"operation":"standard process CTRL-B","resource":"smt standard","start":"2026-01-28T13:31:46","end":"2026-01-29T06:00:00"}
[resource] input {"operation":"standard process CTRL-B","resource":"smt standard","questionQuantity":-1,"operationQuantity":5,"loadQuantity":-1}
[resource] candidate {"demand":null,"start":"2026-01-28T13:31:46","end":"2026-01-29T06:00:00","feasible":true}
[resource] answer {"operation":"standard process CTRL-B","resource":"smt standard","answerQuantity":1,"operationQuantity":5,"loadQuantity":-1}
[resource] ask {"demand":null,"operation":"standard process CTRL-B","resource":"functional test","start":"2026-01-28T13:31:46","end":"2026-01-29T06:00:00"}
[resource] input {"operation":"standard process CTRL-B","resource":"functional test","questionQuantity":-1,"operationQuantity":5,"loadQuantity":-1}
[resource] candidate {"demand":null,"start":"2026-01-28T13:31:46","end":"2026-01-29T06:00:00","feasible":true}
[resource] answer {"operation":"standard process CTRL-B","resource":"functional test","answerQuantity":1,"operationQuantity":5,"loadQuantity":-1}
[buffer] ask {"demand":null,"buffer":"microcontroller standard","requested":5,"date":"2026-01-28T13:31:46","onhand":83}
[buffer] answer {"demand":null,"buffer":"microcontroller standard","requested":5,"remainingShortage":0,"quantity":5,"date":"2030-12-31T00:00:00","plan":null}
[buffer] ask {"demand":null,"buffer":"pcb panel","requested":5,"date":"2026-01-28T13:31:46","onhand":194}
[buffer] answer {"demand":null,"buffer":"pcb panel","requested":5,"remainingShortage":0,"quantity":5,"date":"2030-12-31T00:00:00","plan":null}
[operation] answer {"demand":null,"operation":"standard process CTRL-B","quantity":5,"start":"2026-01-28T13:31:46","end":"2026-01-29T06:00:00"}
[operation] alternate-segment {"operation":"select process CTRL-B","alternate":"standard process CTRL-B","quantity":5,"remainingQuantity":0,"start":"2026-01-28T13:31:46","end":"2026-01-29T06:00:00"}
[operation] alternate-answer {"operation":"select process CTRL-B","quantity":5,"remainingQuantity":0,"nextDate":"2026-01-29T12:00:00"}
[buffer] replenish {"buffer":"controller B","iteration":0,"requested":5,"replenished":5,"producerDate":"2026-01-29T12:00:00","eventCountBefore":23,"eventCountAfter":24,"remaining":0}
[buffer] answer {"demand":null,"buffer":"controller B","requested":5,"remainingShortage":0,"quantity":5,"date":"2030-12-31T00:00:00","plan":"OperationPlan"}
[operation] answer {"demand":"electronics order 042 CTRL-B","operation":"ship CTRL-B","quantity":5,"start":"2026-01-29T06:00:00","end":"2026-01-29T08:00:00"}
[demand] reply {"demand":"electronics order 042 CTRL-B","attempt":1,"result":true,"quantity":5,"date":"2030-12-31T00:00:00"}
[demand] attempt {"demand":"electronics order 057 CTRL-A","attempt":1,"quantity":4,"requestDate":"2026-02-02T02:00:00","lastDate":"2030-12-31T00:00:00"}
[operation] ask {"demand":"electronics order 057 CTRL-A","operation":"ship CTRL-A","quantity":4,"operationQuantity":4,"end":"2026-02-02T02:00:00","operationEnd":"2026-02-02T02:00:00"}
[buffer] ask {"demand":null,"buffer":"controller A","requested":4,"date":"2026-02-02T00:00:00","onhand":2}
[buffer] shortage {"buffer":"controller A","iteration":0,"date":"2026-02-02T00:00:00","onhand":-4,"shortage":4}
[operation] alternate-ask {"demand":null,"operation":"select process CTRL-A","quantity":4,"end":"2026-02-02T00:00:00","alternates":["fast process CTRL-A","standard process CTRL-A"]}
[operation] alternate-try {"operation":"select process CTRL-A","alternate":"fast process CTRL-A","remainingQuantity":4,"childQuantity":4}
[operation] ask {"demand":null,"operation":"fast process CTRL-A","quantity":4,"operationQuantity":4,"end":"2026-02-02T00:00:00","operationEnd":"2026-02-02T00:00:00"}
[operation] fixedtime-incomplete {"operation":"fast process CTRL-A","quantity":4,"q":4,"preferEnd":true,"later":false,"forward":false,"efficiency":1.15,"requestedStart":"1971-01-01T00:00:00","requestedEnd":"2026-02-02T00:00:00","productionWanted":25043,"productionActual":25043,"productionStart":"2026-02-01T17:02:37","productionEnd":"2026-02-02T00:00:00","setupRequired":true,"expectedSetup":3130.434782608696,"setupActual":3130,"setupStart":"2026-02-01T16:10:27","setupEnd":"2026-02-01T17:02:37","setupResource":"smt highspeed","setupRule":true,"resources":[{"resource":"smt highspeed","quantity":1,"start":true},{"resource":"smt highspeed","quantity":-1,"start":false}]}
[resource] ask {"demand":null,"operation":"fast process CTRL-A","resource":"smt highspeed","start":"2026-02-01T15:43:38","end":"2026-02-02T00:00:00"}
[resource] input {"operation":"fast process CTRL-A","resource":"smt highspeed","questionQuantity":-1,"operationQuantity":4,"loadQuantity":-1}
[resource] candidate {"demand":null,"start":"2026-02-01T15:43:38","end":"2026-02-02T00:00:00","feasible":true}
[resource] answer {"operation":"fast process CTRL-A","resource":"smt highspeed","answerQuantity":1,"operationQuantity":4,"loadQuantity":-1}
[load] resource-before-assignment {"operation":"fast process CTRL-A","load":"","resource":"ict senior","originalQuantity":4,"plannedQuantity":4,"loadQuantity":-1}
[load] resource-after-assignment {"operation":"fast process CTRL-A","load":"","resource":"ict senior","plannedQuantity":4,"loadQuantity":-1}
[operation] fixedtime-incomplete {"operation":"fast process CTRL-A","quantity":4,"q":4,"preferEnd":true,"later":false,"forward":false,"efficiency":1.1,"requestedStart":"1971-01-01T00:00:00","requestedEnd":"2026-02-02T00:00:00","productionWanted":26182,"productionActual":26182,"productionStart":"2026-02-01T16:43:38","productionEnd":"2026-02-02T00:00:00","setupRequired":true,"expectedSetup":3272.7272727272725,"setupActual":3273,"setupStart":"2026-02-01T15:49:05","setupEnd":"2026-02-01T16:43:38","setupResource":"smt highspeed","setupRule":true,"resources":[{"resource":"smt highspeed","quantity":1,"start":true},{"resource":"smt highspeed","quantity":-1,"start":false},{"resource":"ict senior","quantity":1,"start":true},{"resource":"ict senior","quantity":-1,"start":false}]}
[resource] ask {"demand":null,"operation":"fast process CTRL-A","resource":"ict senior","start":"2026-02-01T16:43:38","end":"2026-02-02T00:00:00"}
[resource] input {"operation":"fast process CTRL-A","resource":"ict senior","questionQuantity":0,"operationQuantity":0,"loadQuantity":0}
[resource] candidate {"demand":null,"start":"2026-02-01T16:43:38","end":"2026-02-02T00:00:00","feasible":true}
[resource] answer {"operation":"fast process CTRL-A","resource":"ict senior","answerQuantity":0,"operationQuantity":0,"loadQuantity":0}
[load] resource-trial {"operation":"fast process CTRL-A","load":"","resource":"ict senior","answerQuantity":0,"plannedQuantity":0,"skillPriority":1,"answerDate":"2026-02-02T00:00:00"}
[load] resource-before-assignment {"operation":"fast process CTRL-A","load":"","resource":"ict regular","originalQuantity":4,"plannedQuantity":4,"loadQuantity":-1}
[operation] fixedtime-incomplete {"operation":"fast process CTRL-A","quantity":4,"q":4,"preferEnd":true,"later":false,"forward":false,"efficiency":0.95,"requestedStart":"1971-01-01T00:00:00","requestedEnd":"2026-02-02T00:00:00","productionWanted":30316,"productionActual":30316,"productionStart":"2026-02-01T15:34:44","productionEnd":"2026-02-02T00:00:00","setupRequired":true,"expectedSetup":3789.4736842105267,"setupActual":3789,"setupStart":"2026-02-01T14:31:35","setupEnd":"2026-02-01T15:34:44","setupResource":"smt highspeed","setupRule":true,"resources":[{"resource":"smt highspeed","quantity":1,"start":true},{"resource":"smt highspeed","quantity":-1,"start":false},{"resource":"ict regular","quantity":1,"start":true},{"resource":"ict regular","quantity":-1,"start":false}]}
[load] resource-after-assignment {"operation":"fast process CTRL-A","load":"","resource":"ict regular","plannedQuantity":0,"loadQuantity":0}
[resource] ask {"demand":null,"operation":"fast process CTRL-A","resource":"ict regular","start":"2026-02-01T15:34:44","end":"2026-02-02T00:00:00"}
[resource] input {"operation":"fast process CTRL-A","resource":"ict regular","questionQuantity":0,"operationQuantity":0,"loadQuantity":0}
[resource] candidate {"demand":null,"start":"2026-02-01T15:34:44","end":"2026-02-02T00:00:00","feasible":true}
[resource] answer {"operation":"fast process CTRL-A","resource":"ict regular","answerQuantity":0,"operationQuantity":0,"loadQuantity":0}
[load] resource-trial {"operation":"fast process CTRL-A","load":"","resource":"ict regular","answerQuantity":0,"plannedQuantity":0,"skillPriority":2,"answerDate":"2026-02-02T00:00:00"}
[load] resource-rejected {"operation":"fast process CTRL-A","load":"","candidateCount":3,"qualifiedResourceExists":true,"minimumNextDate":"2026-02-02T00:00:00"}
[operation] capacity-reject {"demand":null,"operation":"fast process CTRL-A","start":"2026-02-01T15:34:44","end":"2026-02-02T00:00:00","answerQuantity":0,"answerDate":"2026-02-02T00:00:00"}
[operation] alternate-reject {"operation":"select process CTRL-A","alternate":"fast process CTRL-A","quantity":0,"nextDate":"2026-02-02T06:00:00"}
[operation] alternate-try {"operation":"select process CTRL-A","alternate":"standard process CTRL-A","remainingQuantity":4,"childQuantity":4}
[operation] ask {"demand":null,"operation":"standard process CTRL-A","quantity":4,"operationQuantity":4,"end":"2026-02-02T00:00:00","operationEnd":"2026-02-02T00:00:00"}
[operation] fixedtime-incomplete {"operation":"standard process CTRL-A","quantity":4,"q":4,"preferEnd":true,"later":false,"forward":false,"efficiency":0.85,"requestedStart":"1971-01-01T00:00:00","requestedEnd":"2026-02-02T00:00:00","productionWanted":55059,"productionActual":55059,"productionStart":"2026-02-01T08:42:21","productionEnd":"2026-02-02T00:00:00","setupRequired":true,"expectedSetup":8470.588235294117,"setupActual":8471,"setupStart":"2026-02-01T06:21:10","setupEnd":"2026-02-01T08:42:21","setupResource":"smt standard","setupRule":true,"resources":[{"resource":"smt standard","quantity":1,"start":true},{"resource":"smt standard","quantity":-1,"start":false}]}
[resource] ask {"demand":null,"operation":"standard process CTRL-A","resource":"smt standard","start":"2026-02-01T06:42:21","end":"2026-02-02T00:00:00"}
[resource] input {"operation":"standard process CTRL-A","resource":"smt standard","questionQuantity":-1,"operationQuantity":4,"loadQuantity":-1}
[resource] candidate {"demand":null,"start":"2026-02-01T06:42:21","end":"2026-02-02T00:00:00","feasible":true}
[resource] answer {"operation":"standard process CTRL-A","resource":"smt standard","answerQuantity":1,"operationQuantity":4,"loadQuantity":-1}
[resource] ask {"demand":null,"operation":"standard process CTRL-A","resource":"functional test","start":"2026-02-01T06:42:21","end":"2026-02-02T00:00:00"}
[resource] input {"operation":"standard process CTRL-A","resource":"functional test","questionQuantity":-1,"operationQuantity":4,"loadQuantity":-1}
[resource] candidate {"demand":null,"start":"2026-02-01T06:42:21","end":"2026-02-02T00:00:00","feasible":true}
[resource] answer {"operation":"standard process CTRL-A","resource":"functional test","answerQuantity":1,"operationQuantity":4,"loadQuantity":-1}
[buffer] ask {"demand":null,"buffer":"microcontroller standard","requested":4,"date":"2026-02-01T08:42:21","onhand":48}
[buffer] answer {"demand":null,"buffer":"microcontroller standard","requested":4,"remainingShortage":0,"quantity":4,"date":"2030-12-31T00:00:00","plan":null}
[buffer] ask {"demand":null,"buffer":"pcb panel","requested":4,"date":"2026-02-01T08:42:21","onhand":176}
[buffer] answer {"demand":null,"buffer":"pcb panel","requested":4,"remainingShortage":0,"quantity":4,"date":"2030-12-31T00:00:00","plan":null}
[operation] answer {"demand":null,"operation":"standard process CTRL-A","quantity":4,"start":"2026-02-01T06:42:21","end":"2026-02-02T00:00:00"}
[operation] alternate-segment {"operation":"select process CTRL-A","alternate":"standard process CTRL-A","quantity":4,"remainingQuantity":0,"start":"2026-02-01T06:42:21","end":"2026-02-02T00:00:00"}
[operation] alternate-answer {"operation":"select process CTRL-A","quantity":4,"remainingQuantity":0,"nextDate":"2026-02-02T06:00:00"}
[buffer] replenish {"buffer":"controller A","iteration":0,"requested":4,"replenished":4,"producerDate":"2026-02-02T06:00:00","eventCountBefore":23,"eventCountAfter":24,"remaining":0}
[buffer] answer {"demand":null,"buffer":"controller A","requested":4,"remainingShortage":0,"quantity":4,"date":"2030-12-31T00:00:00","plan":"OperationPlan"}
[operation] answer {"demand":"electronics order 057 CTRL-A","operation":"ship CTRL-A","quantity":4,"start":"2026-02-02T00:00:00","end":"2026-02-02T02:00:00"}
[demand] reply {"demand":"electronics order 057 CTRL-A","attempt":1,"result":true,"quantity":4,"date":"2030-12-31T00:00:00"}
[demand] attempt {"demand":"electronics order 013 CTRL-A","attempt":1,"quantity":1,"requestDate":"2026-01-22T02:00:00","lastDate":"2030-12-31T00:00:00"}
[operation] ask {"demand":"electronics order 013 CTRL-A","operation":"ship CTRL-A","quantity":1,"operationQuantity":1,"end":"2026-01-22T02:00:00","operationEnd":"2026-01-22T02:00:00"}
[buffer] ask {"demand":null,"buffer":"controller A","requested":1,"date":"2026-01-22T00:00:00","onhand":4}
[buffer] shortage {"buffer":"controller A","iteration":0,"date":"2026-01-22T00:00:00","onhand":-1,"shortage":1}
[operation] alternate-ask {"demand":null,"operation":"select process CTRL-A","quantity":1,"end":"2026-01-22T00:00:00","alternates":["fast process CTRL-A","standard process CTRL-A"]}
[operation] alternate-try {"operation":"select process CTRL-A","alternate":"fast process CTRL-A","remainingQuantity":1,"childQuantity":1}
[operation] ask {"demand":null,"operation":"fast process CTRL-A","quantity":1,"operationQuantity":1,"end":"2026-01-22T00:00:00","operationEnd":"2026-01-22T00:00:00"}
[operation] fixedtime-incomplete {"operation":"fast process CTRL-A","quantity":1,"q":1,"preferEnd":true,"later":false,"forward":false,"efficiency":1.15,"requestedStart":"1971-01-01T00:00:00","requestedEnd":"2026-01-22T00:00:00","productionWanted":25043,"productionActual":25043,"productionStart":"2026-01-21T17:02:37","productionEnd":"2026-01-22T00:00:00","setupRequired":true,"expectedSetup":3130.434782608696,"setupActual":3130,"setupStart":"2026-01-21T16:10:27","setupEnd":"2026-01-21T17:02:37","setupResource":"smt highspeed","setupRule":true,"resources":[{"resource":"smt highspeed","quantity":1,"start":true},{"resource":"smt highspeed","quantity":-1,"start":false}]}
[resource] ask {"demand":null,"operation":"fast process CTRL-A","resource":"smt highspeed","start":"2026-01-21T15:43:38","end":"2026-01-22T00:00:00"}
[resource] input {"operation":"fast process CTRL-A","resource":"smt highspeed","questionQuantity":-1,"operationQuantity":1,"loadQuantity":-1}
[resource] candidate {"demand":null,"start":"2026-01-21T15:43:38","end":"2026-01-22T00:00:00","feasible":true}
[resource] answer {"operation":"fast process CTRL-A","resource":"smt highspeed","answerQuantity":1,"operationQuantity":1,"loadQuantity":-1}
[load] resource-before-assignment {"operation":"fast process CTRL-A","load":"","resource":"ict senior","originalQuantity":1,"plannedQuantity":1,"loadQuantity":-1}
[load] resource-after-assignment {"operation":"fast process CTRL-A","load":"","resource":"ict senior","plannedQuantity":1,"loadQuantity":-1}
[operation] fixedtime-incomplete {"operation":"fast process CTRL-A","quantity":1,"q":1,"preferEnd":true,"later":false,"forward":false,"efficiency":1.1,"requestedStart":"1971-01-01T00:00:00","requestedEnd":"2026-01-22T00:00:00","productionWanted":26182,"productionActual":26182,"productionStart":"2026-01-21T16:43:38","productionEnd":"2026-01-22T00:00:00","setupRequired":true,"expectedSetup":3272.7272727272725,"setupActual":3273,"setupStart":"2026-01-21T15:49:05","setupEnd":"2026-01-21T16:43:38","setupResource":"smt highspeed","setupRule":true,"resources":[{"resource":"smt highspeed","quantity":1,"start":true},{"resource":"smt highspeed","quantity":-1,"start":false},{"resource":"ict senior","quantity":1,"start":true},{"resource":"ict senior","quantity":-1,"start":false}]}
[resource] ask {"demand":null,"operation":"fast process CTRL-A","resource":"ict senior","start":"2026-01-21T16:43:38","end":"2026-01-22T00:00:00"}
[resource] input {"operation":"fast process CTRL-A","resource":"ict senior","questionQuantity":0,"operationQuantity":0,"loadQuantity":0}
[resource] candidate {"demand":null,"start":"2026-01-21T16:43:38","end":"2026-01-22T00:00:00","feasible":true}
[resource] answer {"operation":"fast process CTRL-A","resource":"ict senior","answerQuantity":0,"operationQuantity":0,"loadQuantity":0}
[load] resource-trial {"operation":"fast process CTRL-A","load":"","resource":"ict senior","answerQuantity":0,"plannedQuantity":0,"skillPriority":1,"answerDate":"2026-01-22T00:00:00"}
[load] resource-before-assignment {"operation":"fast process CTRL-A","load":"","resource":"ict regular","originalQuantity":1,"plannedQuantity":1,"loadQuantity":-1}
[operation] fixedtime-incomplete {"operation":"fast process CTRL-A","quantity":1,"q":1,"preferEnd":true,"later":false,"forward":false,"efficiency":0.95,"requestedStart":"1971-01-01T00:00:00","requestedEnd":"2026-01-22T00:00:00","productionWanted":30316,"productionActual":30316,"productionStart":"2026-01-21T15:34:44","productionEnd":"2026-01-22T00:00:00","setupRequired":true,"expectedSetup":3789.4736842105267,"setupActual":3789,"setupStart":"2026-01-21T14:31:35","setupEnd":"2026-01-21T15:34:44","setupResource":"smt highspeed","setupRule":true,"resources":[{"resource":"smt highspeed","quantity":1,"start":true},{"resource":"smt highspeed","quantity":-1,"start":false},{"resource":"ict regular","quantity":1,"start":true},{"resource":"ict regular","quantity":-1,"start":false}]}
[load] resource-after-assignment {"operation":"fast process CTRL-A","load":"","resource":"ict regular","plannedQuantity":0,"loadQuantity":0}
[resource] ask {"demand":null,"operation":"fast process CTRL-A","resource":"ict regular","start":"2026-01-21T15:34:44","end":"2026-01-22T00:00:00"}
[resource] input {"operation":"fast process CTRL-A","resource":"ict regular","questionQuantity":0,"operationQuantity":0,"loadQuantity":0}
[resource] candidate {"demand":null,"start":"2026-01-21T15:34:44","end":"2026-01-22T00:00:00","feasible":true}
[resource] answer {"operation":"fast process CTRL-A","resource":"ict regular","answerQuantity":0,"operationQuantity":0,"loadQuantity":0}
[load] resource-trial {"operation":"fast process CTRL-A","load":"","resource":"ict regular","answerQuantity":0,"plannedQuantity":0,"skillPriority":2,"answerDate":"2026-01-22T00:00:00"}
[load] resource-rejected {"operation":"fast process CTRL-A","load":"","candidateCount":3,"qualifiedResourceExists":true,"minimumNextDate":"2026-01-22T00:00:00"}
[operation] capacity-reject {"demand":null,"operation":"fast process CTRL-A","start":"2026-01-21T15:34:44","end":"2026-01-22T00:00:00","answerQuantity":0,"answerDate":"2026-01-22T00:00:00"}
[operation] alternate-reject {"operation":"select process CTRL-A","alternate":"fast process CTRL-A","quantity":0,"nextDate":"2026-01-22T06:00:00"}
[operation] alternate-try {"operation":"select process CTRL-A","alternate":"standard process CTRL-A","remainingQuantity":1,"childQuantity":1}
[operation] ask {"demand":null,"operation":"standard process CTRL-A","quantity":1,"operationQuantity":1,"end":"2026-01-22T00:00:00","operationEnd":"2026-01-22T00:00:00"}
[operation] fixedtime-incomplete {"operation":"standard process CTRL-A","quantity":1,"q":1,"preferEnd":true,"later":false,"forward":false,"efficiency":0.85,"requestedStart":"1971-01-01T00:00:00","requestedEnd":"2026-01-22T00:00:00","productionWanted":55059,"productionActual":55059,"productionStart":"2026-01-21T08:42:21","productionEnd":"2026-01-22T00:00:00","setupRequired":true,"expectedSetup":8470.588235294117,"setupActual":8471,"setupStart":"2026-01-21T06:21:10","setupEnd":"2026-01-21T08:42:21","setupResource":"smt standard","setupRule":true,"resources":[{"resource":"smt standard","quantity":1,"start":true},{"resource":"smt standard","quantity":-1,"start":false}]}
[resource] ask {"demand":null,"operation":"standard process CTRL-A","resource":"smt standard","start":"2026-01-21T06:42:21","end":"2026-01-22T00:00:00"}
[resource] input {"operation":"standard process CTRL-A","resource":"smt standard","questionQuantity":-1,"operationQuantity":1,"loadQuantity":-1}
[resource] candidate {"demand":null,"start":"2026-01-21T06:42:21","end":"2026-01-22T00:00:00","feasible":true}
[resource] answer {"operation":"standard process CTRL-A","resource":"smt standard","answerQuantity":1,"operationQuantity":1,"loadQuantity":-1}
[resource] ask {"demand":null,"operation":"standard process CTRL-A","resource":"functional test","start":"2026-01-21T06:42:21","end":"2026-01-22T00:00:00"}
[resource] input {"operation":"standard process CTRL-A","resource":"functional test","questionQuantity":-1,"operationQuantity":1,"loadQuantity":-1}
[resource] candidate {"demand":null,"start":"2026-01-21T06:42:21","end":"2026-01-22T00:00:00","feasible":true}
[resource] answer {"operation":"standard process CTRL-A","resource":"functional test","answerQuantity":1,"operationQuantity":1,"loadQuantity":-1}
[buffer] ask {"demand":null,"buffer":"microcontroller standard","requested":1,"date":"2026-01-21T08:42:21","onhand":146}
[buffer] answer {"demand":null,"buffer":"microcontroller standard","requested":1,"remainingShortage":0,"quantity":1,"date":"2030-12-31T00:00:00","plan":null}
[buffer] ask {"demand":null,"buffer":"pcb panel","requested":1,"date":"2026-01-21T08:42:21","onhand":223}
[buffer] answer {"demand":null,"buffer":"pcb panel","requested":1,"remainingShortage":0,"quantity":1,"date":"2030-12-31T00:00:00","plan":null}
[operation] answer {"demand":null,"operation":"standard process CTRL-A","quantity":1,"start":"2026-01-21T06:42:21","end":"2026-01-22T00:00:00"}
[operation] alternate-segment {"operation":"select process CTRL-A","alternate":"standard process CTRL-A","quantity":1,"remainingQuantity":0,"start":"2026-01-21T06:42:21","end":"2026-01-22T00:00:00"}
[operation] alternate-answer {"operation":"select process CTRL-A","quantity":1,"remainingQuantity":0,"nextDate":"2026-01-22T06:00:00"}
[buffer] replenish {"buffer":"controller A","iteration":0,"requested":1,"replenished":1,"producerDate":"2026-01-22T06:00:00","eventCountBefore":25,"eventCountAfter":26,"remaining":0}
[buffer] answer {"demand":null,"buffer":"controller A","requested":1,"remainingShortage":0,"quantity":1,"date":"2030-12-31T00:00:00","plan":"OperationPlan"}
[operation] answer {"demand":"electronics order 013 CTRL-A","operation":"ship CTRL-A","quantity":1,"start":"2026-01-22T00:00:00","end":"2026-01-22T02:00:00"}
[demand] reply {"demand":"electronics order 013 CTRL-A","attempt":1,"result":true,"quantity":1,"date":"2030-12-31T00:00:00"}
[demand] attempt {"demand":"electronics order 028 SENSOR-D","attempt":1,"quantity":3,"requestDate":"2026-01-25T20:00:00","lastDate":"2030-12-31T00:00:00"}
[operation] ask {"demand":"electronics order 028 SENSOR-D","operation":"ship SENSOR-D","quantity":3,"operationQuantity":3,"end":"2026-01-25T20:00:00","operationEnd":"2026-01-25T20:00:00"}
[buffer] ask {"demand":null,"buffer":"sensor D","requested":3,"date":"2026-01-25T18:00:00","onhand":5}
[buffer] shortage {"buffer":"sensor D","iteration":0,"date":"2026-01-25T18:00:00","onhand":-3,"shortage":3}
[operation] alternate-ask {"demand":null,"operation":"select process SENSOR-D","quantity":3,"end":"2026-01-25T18:00:00","alternates":["fast process SENSOR-D","standard process SENSOR-D"]}
[operation] alternate-try {"operation":"select process SENSOR-D","alternate":"fast process SENSOR-D","remainingQuantity":3,"childQuantity":3}
[operation] ask {"demand":null,"operation":"fast process SENSOR-D","quantity":3,"operationQuantity":3,"end":"2026-01-25T18:00:00","operationEnd":"2026-01-25T18:00:00"}
[operation] fixedtime-incomplete {"operation":"fast process SENSOR-D","quantity":3,"q":3,"preferEnd":true,"later":false,"forward":false,"efficiency":1.15,"requestedStart":"1971-01-01T00:00:00","requestedEnd":"2026-01-25T18:00:00","productionWanted":34435,"productionActual":34435,"productionStart":"2026-01-25T08:26:05","productionEnd":"2026-01-25T18:00:00","setupRequired":true,"expectedSetup":3130.434782608696,"setupActual":3130,"setupStart":"2026-01-25T07:33:55","setupEnd":"2026-01-25T08:26:05","setupResource":"smt highspeed","setupRule":true,"resources":[{"resource":"smt highspeed","quantity":1,"start":true},{"resource":"smt highspeed","quantity":-1,"start":false}]}
[resource] ask {"demand":null,"operation":"fast process SENSOR-D","resource":"smt highspeed","start":"2026-01-25T07:00:00","end":"2026-01-25T18:00:00"}
[resource] input {"operation":"fast process SENSOR-D","resource":"smt highspeed","questionQuantity":-1,"operationQuantity":3,"loadQuantity":-1}
[resource] candidate {"demand":null,"start":"2026-01-25T07:00:00","end":"2026-01-25T18:00:00","feasible":true}
[resource] answer {"operation":"fast process SENSOR-D","resource":"smt highspeed","answerQuantity":1,"operationQuantity":3,"loadQuantity":-1}
[load] resource-before-assignment {"operation":"fast process SENSOR-D","load":"","resource":"ict senior","originalQuantity":3,"plannedQuantity":3,"loadQuantity":-1}
[load] resource-after-assignment {"operation":"fast process SENSOR-D","load":"","resource":"ict senior","plannedQuantity":3,"loadQuantity":-1}
[operation] fixedtime-incomplete {"operation":"fast process SENSOR-D","quantity":3,"q":3,"preferEnd":true,"later":false,"forward":false,"efficiency":1.1,"requestedStart":"1971-01-01T00:00:00","requestedEnd":"2026-01-25T18:00:00","productionWanted":36000,"productionActual":36000,"productionStart":"2026-01-25T08:00:00","productionEnd":"2026-01-25T18:00:00","setupRequired":true,"expectedSetup":3272.7272727272725,"setupActual":3273,"setupStart":"2026-01-25T07:05:27","setupEnd":"2026-01-25T08:00:00","setupResource":"smt highspeed","setupRule":true,"resources":[{"resource":"smt highspeed","quantity":1,"start":true},{"resource":"smt highspeed","quantity":-1,"start":false},{"resource":"ict senior","quantity":1,"start":true},{"resource":"ict senior","quantity":-1,"start":false}]}
[resource] ask {"demand":null,"operation":"fast process SENSOR-D","resource":"ict senior","start":"2026-01-25T08:00:00","end":"2026-01-25T18:00:00"}
[resource] input {"operation":"fast process SENSOR-D","resource":"ict senior","questionQuantity":0,"operationQuantity":0,"loadQuantity":0}
[resource] candidate {"demand":null,"start":"2026-01-25T08:00:00","end":"2026-01-25T18:00:00","feasible":true}
[resource] answer {"operation":"fast process SENSOR-D","resource":"ict senior","answerQuantity":0,"operationQuantity":0,"loadQuantity":0}
[load] resource-trial {"operation":"fast process SENSOR-D","load":"","resource":"ict senior","answerQuantity":0,"plannedQuantity":0,"skillPriority":1,"answerDate":"2026-01-25T18:00:00"}
[load] resource-before-assignment {"operation":"fast process SENSOR-D","load":"","resource":"ict regular","originalQuantity":3,"plannedQuantity":3,"loadQuantity":-1}
[operation] fixedtime-incomplete {"operation":"fast process SENSOR-D","quantity":3,"q":3,"preferEnd":true,"later":false,"forward":false,"efficiency":0.95,"requestedStart":"1971-01-01T00:00:00","requestedEnd":"2026-01-25T18:00:00","productionWanted":41684,"productionActual":41684,"productionStart":"2026-01-25T06:25:16","productionEnd":"2026-01-25T18:00:00","setupRequired":true,"expectedSetup":3789.4736842105267,"setupActual":3789,"setupStart":"2026-01-25T05:22:07","setupEnd":"2026-01-25T06:25:16","setupResource":"smt highspeed","setupRule":true,"resources":[{"resource":"smt highspeed","quantity":1,"start":true},{"resource":"smt highspeed","quantity":-1,"start":false},{"resource":"ict regular","quantity":1,"start":true},{"resource":"ict regular","quantity":-1,"start":false}]}
[load] resource-after-assignment {"operation":"fast process SENSOR-D","load":"","resource":"ict regular","plannedQuantity":0,"loadQuantity":0}
[resource] ask {"demand":null,"operation":"fast process SENSOR-D","resource":"ict regular","start":"2026-01-25T06:25:16","end":"2026-01-25T18:00:00"}
[resource] input {"operation":"fast process SENSOR-D","resource":"ict regular","questionQuantity":0,"operationQuantity":0,"loadQuantity":0}
[resource] candidate {"demand":null,"start":"2026-01-25T06:25:16","end":"2026-01-25T18:00:00","feasible":true}
[resource] answer {"operation":"fast process SENSOR-D","resource":"ict regular","answerQuantity":0,"operationQuantity":0,"loadQuantity":0}
[load] resource-trial {"operation":"fast process SENSOR-D","load":"","resource":"ict regular","answerQuantity":0,"plannedQuantity":0,"skillPriority":2,"answerDate":"2026-01-25T18:00:00"}
[load] resource-rejected {"operation":"fast process SENSOR-D","load":"","candidateCount":3,"qualifiedResourceExists":true,"minimumNextDate":"2026-01-25T18:00:00"}
[operation] capacity-reject {"demand":null,"operation":"fast process SENSOR-D","start":"2026-01-25T06:25:16","end":"2026-01-25T18:00:00","answerQuantity":0,"answerDate":"2026-01-25T18:00:00"}
[operation] alternate-reject {"operation":"select process SENSOR-D","alternate":"fast process SENSOR-D","quantity":0,"nextDate":"2026-01-26T00:00:00"}
[operation] alternate-try {"operation":"select process SENSOR-D","alternate":"standard process SENSOR-D","remainingQuantity":3,"childQuantity":3}
[operation] ask {"demand":null,"operation":"standard process SENSOR-D","quantity":3,"operationQuantity":3,"end":"2026-01-25T18:00:00","operationEnd":"2026-01-25T18:00:00"}
[resource] ask {"demand":null,"operation":"standard process SENSOR-D","resource":"smt standard","start":"2026-01-24T23:10:35","end":"2026-01-25T18:00:00"}
[resource] input {"operation":"standard process SENSOR-D","resource":"smt standard","questionQuantity":-1,"operationQuantity":3,"loadQuantity":-1}
[resource] candidate {"demand":null,"start":"2026-01-24T23:10:35","end":"2026-01-25T18:00:00","feasible":true}
[resource] answer {"operation":"standard process SENSOR-D","resource":"smt standard","answerQuantity":1,"operationQuantity":3,"loadQuantity":-1}
[resource] ask {"demand":null,"operation":"standard process SENSOR-D","resource":"functional test","start":"2026-01-24T23:10:35","end":"2026-01-25T18:00:00"}
[resource] input {"operation":"standard process SENSOR-D","resource":"functional test","questionQuantity":-1,"operationQuantity":3,"loadQuantity":-1}
[resource] candidate {"demand":null,"start":"2026-01-24T23:10:35","end":"2026-01-25T18:00:00","feasible":true}
[resource] answer {"operation":"standard process SENSOR-D","resource":"functional test","answerQuantity":1,"operationQuantity":3,"loadQuantity":-1}
[buffer] ask {"demand":null,"buffer":"microcontroller standard","requested":3,"date":"2026-01-24T23:10:35","onhand":111}
[buffer] answer {"demand":null,"buffer":"microcontroller standard","requested":3,"remainingShortage":0,"quantity":3,"date":"2030-12-31T00:00:00","plan":null}
[buffer] ask {"demand":null,"buffer":"sensor die","requested":3,"date":"2026-01-24T23:10:35","onhand":106}
[buffer] answer {"demand":null,"buffer":"sensor die","requested":3,"remainingShortage":0,"quantity":3,"date":"2030-12-31T00:00:00","plan":null}
[operation] answer {"demand":null,"operation":"standard process SENSOR-D","quantity":3,"start":"2026-01-24T23:10:35","end":"2026-01-25T18:00:00"}
[operation] alternate-segment {"operation":"select process SENSOR-D","alternate":"standard process SENSOR-D","quantity":3,"remainingQuantity":0,"start":"2026-01-24T23:10:35","end":"2026-01-25T18:00:00"}
[operation] alternate-answer {"operation":"select process SENSOR-D","quantity":3,"remainingQuantity":0,"nextDate":"2026-01-26T00:00:00"}
[buffer] replenish {"buffer":"sensor D","iteration":0,"requested":3,"replenished":3,"producerDate":"2026-01-26T00:00:00","eventCountBefore":25,"eventCountAfter":26,"remaining":0}
[buffer] answer {"demand":null,"buffer":"sensor D","requested":3,"remainingShortage":0,"quantity":3,"date":"2030-12-31T00:00:00","plan":"OperationPlan"}
[operation] answer {"demand":"electronics order 028 SENSOR-D","operation":"ship SENSOR-D","quantity":3,"start":"2026-01-25T18:00:00","end":"2026-01-25T20:00:00"}
[demand] reply {"demand":"electronics order 028 SENSOR-D","attempt":1,"result":true,"quantity":3,"date":"2030-12-31T00:00:00"}
[demand] attempt {"demand":"electronics order 043 SENSOR-C","attempt":1,"quantity":1,"requestDate":"2026-01-29T14:00:00","lastDate":"2030-12-31T00:00:00"}
[operation] ask {"demand":"electronics order 043 SENSOR-C","operation":"ship SENSOR-C","quantity":1,"operationQuantity":1,"end":"2026-01-29T14:00:00","operationEnd":"2026-01-29T14:00:00"}
[buffer] ask {"demand":null,"buffer":"sensor C","requested":1,"date":"2026-01-29T12:00:00","onhand":4}
[buffer] shortage {"buffer":"sensor C","iteration":0,"date":"2026-01-29T12:00:00","onhand":-1,"shortage":1}
[operation] alternate-ask {"demand":null,"operation":"select process SENSOR-C","quantity":1,"end":"2026-01-29T12:00:00","alternates":["fast process SENSOR-C","standard process SENSOR-C"]}
[operation] alternate-try {"operation":"select process SENSOR-C","alternate":"fast process SENSOR-C","remainingQuantity":1,"childQuantity":1}
[operation] ask {"demand":null,"operation":"fast process SENSOR-C","quantity":1,"operationQuantity":1,"end":"2026-01-29T12:00:00","operationEnd":"2026-01-29T12:00:00"}
[operation] fixedtime-incomplete {"operation":"fast process SENSOR-C","quantity":1,"q":1,"preferEnd":true,"later":false,"forward":false,"efficiency":1.15,"requestedStart":"1971-01-01T00:00:00","requestedEnd":"2026-01-29T12:00:00","productionWanted":31304,"productionActual":31304,"productionStart":"2026-01-29T03:18:16","productionEnd":"2026-01-29T12:00:00","setupRequired":true,"expectedSetup":3130.434782608696,"setupActual":3130,"setupStart":"2026-01-29T02:26:06","setupEnd":"2026-01-29T03:18:16","setupResource":"smt highspeed","setupRule":true,"resources":[{"resource":"smt highspeed","quantity":1,"start":true},{"resource":"smt highspeed","quantity":-1,"start":false}]}
[resource] ask {"demand":null,"operation":"fast process SENSOR-C","resource":"smt highspeed","start":"2026-01-29T01:54:33","end":"2026-01-29T12:00:00"}
[resource] input {"operation":"fast process SENSOR-C","resource":"smt highspeed","questionQuantity":-1,"operationQuantity":1,"loadQuantity":-1}
[resource] candidate {"demand":null,"start":"2026-01-29T01:54:33","end":"2026-01-29T12:00:00","feasible":true}
[resource] answer {"operation":"fast process SENSOR-C","resource":"smt highspeed","answerQuantity":1,"operationQuantity":1,"loadQuantity":-1}
[load] resource-before-assignment {"operation":"fast process SENSOR-C","load":"","resource":"ict senior","originalQuantity":1,"plannedQuantity":1,"loadQuantity":-1}
[load] resource-after-assignment {"operation":"fast process SENSOR-C","load":"","resource":"ict senior","plannedQuantity":1,"loadQuantity":-1}
[operation] fixedtime-incomplete {"operation":"fast process SENSOR-C","quantity":1,"q":1,"preferEnd":true,"later":false,"forward":false,"efficiency":1.1,"requestedStart":"1971-01-01T00:00:00","requestedEnd":"2026-01-29T12:00:00","productionWanted":32727,"productionActual":32727,"productionStart":"2026-01-29T02:54:33","productionEnd":"2026-01-29T12:00:00","setupRequired":true,"expectedSetup":3272.7272727272725,"setupActual":3273,"setupStart":"2026-01-29T02:00:00","setupEnd":"2026-01-29T02:54:33","setupResource":"smt highspeed","setupRule":true,"resources":[{"resource":"smt highspeed","quantity":1,"start":true},{"resource":"smt highspeed","quantity":-1,"start":false},{"resource":"ict senior","quantity":1,"start":true},{"resource":"ict senior","quantity":-1,"start":false}]}
[resource] ask {"demand":null,"operation":"fast process SENSOR-C","resource":"ict senior","start":"2026-01-29T02:54:33","end":"2026-01-29T12:00:00"}
[resource] input {"operation":"fast process SENSOR-C","resource":"ict senior","questionQuantity":0,"operationQuantity":0,"loadQuantity":0}
[resource] candidate {"demand":null,"start":"2026-01-29T02:54:33","end":"2026-01-29T12:00:00","feasible":true}
[resource] answer {"operation":"fast process SENSOR-C","resource":"ict senior","answerQuantity":0,"operationQuantity":0,"loadQuantity":0}
[load] resource-trial {"operation":"fast process SENSOR-C","load":"","resource":"ict senior","answerQuantity":0,"plannedQuantity":0,"skillPriority":1,"answerDate":"2026-01-29T12:00:00"}
[load] resource-before-assignment {"operation":"fast process SENSOR-C","load":"","resource":"ict regular","originalQuantity":1,"plannedQuantity":1,"loadQuantity":-1}
[operation] fixedtime-incomplete {"operation":"fast process SENSOR-C","quantity":1,"q":1,"preferEnd":true,"later":false,"forward":false,"efficiency":0.95,"requestedStart":"1971-01-01T00:00:00","requestedEnd":"2026-01-29T12:00:00","productionWanted":37895,"productionActual":37895,"productionStart":"2026-01-29T01:28:25","productionEnd":"2026-01-29T12:00:00","setupRequired":true,"expectedSetup":3789.4736842105267,"setupActual":3789,"setupStart":"2026-01-29T00:25:16","setupEnd":"2026-01-29T01:28:25","setupResource":"smt highspeed","setupRule":true,"resources":[{"resource":"smt highspeed","quantity":1,"start":true},{"resource":"smt highspeed","quantity":-1,"start":false},{"resource":"ict regular","quantity":1,"start":true},{"resource":"ict regular","quantity":-1,"start":false}]}
[load] resource-after-assignment {"operation":"fast process SENSOR-C","load":"","resource":"ict regular","plannedQuantity":0,"loadQuantity":0}
[resource] ask {"demand":null,"operation":"fast process SENSOR-C","resource":"ict regular","start":"2026-01-29T01:28:25","end":"2026-01-29T12:00:00"}
[resource] input {"operation":"fast process SENSOR-C","resource":"ict regular","questionQuantity":0,"operationQuantity":0,"loadQuantity":0}
[resource] candidate {"demand":null,"start":"2026-01-29T01:28:25","end":"2026-01-29T12:00:00","feasible":true}
[resource] answer {"operation":"fast process SENSOR-C","resource":"ict regular","answerQuantity":0,"operationQuantity":0,"loadQuantity":0}
[load] resource-trial {"operation":"fast process SENSOR-C","load":"","resource":"ict regular","answerQuantity":0,"plannedQuantity":0,"skillPriority":2,"answerDate":"2026-01-29T12:00:00"}
[load] resource-rejected {"operation":"fast process SENSOR-C","load":"","candidateCount":3,"qualifiedResourceExists":true,"minimumNextDate":"2026-01-29T12:00:00"}
[operation] capacity-reject {"demand":null,"operation":"fast process SENSOR-C","start":"2026-01-29T01:28:25","end":"2026-01-29T12:00:00","answerQuantity":0,"answerDate":"2026-01-29T12:00:00"}
[operation] alternate-reject {"operation":"select process SENSOR-C","alternate":"fast process SENSOR-C","quantity":0,"nextDate":"2026-01-29T18:00:00"}
[operation] alternate-try {"operation":"select process SENSOR-C","alternate":"standard process SENSOR-C","remainingQuantity":1,"childQuantity":1}
[operation] ask {"demand":null,"operation":"standard process SENSOR-C","quantity":1,"operationQuantity":1,"end":"2026-01-29T12:00:00","operationEnd":"2026-01-29T12:00:00"}
[operation] fixedtime-incomplete {"operation":"standard process SENSOR-C","quantity":1,"q":1,"preferEnd":true,"later":false,"forward":false,"efficiency":0.85,"requestedStart":"1971-01-01T00:00:00","requestedEnd":"2026-01-29T12:00:00","productionWanted":63529,"productionActual":63529,"productionStart":"2026-01-28T18:21:11","productionEnd":"2026-01-29T12:00:00","setupRequired":true,"expectedSetup":12705.882352941177,"setupActual":12706,"setupStart":"2026-01-28T14:49:25","setupEnd":"2026-01-28T18:21:11","setupResource":"smt standard","setupRule":true,"resources":[{"resource":"smt standard","quantity":1,"start":true},{"resource":"smt standard","quantity":-1,"start":false}]}
[resource] ask {"demand":null,"operation":"standard process SENSOR-C","resource":"smt standard","start":"2026-01-28T15:21:11","end":"2026-01-29T12:00:00"}
[resource] input {"operation":"standard process SENSOR-C","resource":"smt standard","questionQuantity":-1,"operationQuantity":1,"loadQuantity":-1}
[resource] candidate {"demand":null,"start":"2026-01-28T15:21:11","end":"2026-01-29T12:00:00","feasible":true}
[resource] answer {"operation":"standard process SENSOR-C","resource":"smt standard","answerQuantity":1,"operationQuantity":1,"loadQuantity":-1}
[resource] ask {"demand":null,"operation":"standard process SENSOR-C","resource":"functional test","start":"2026-01-28T15:21:11","end":"2026-01-29T12:00:00"}
[resource] input {"operation":"standard process SENSOR-C","resource":"functional test","questionQuantity":-1,"operationQuantity":1,"loadQuantity":-1}
[resource] candidate {"demand":null,"start":"2026-01-28T15:21:11","end":"2026-01-29T12:00:00","feasible":true}
[resource] answer {"operation":"standard process SENSOR-C","resource":"functional test","answerQuantity":1,"operationQuantity":1,"loadQuantity":-1}
[buffer] ask {"demand":null,"buffer":"microcontroller standard","requested":1,"date":"2026-01-28T18:21:11","onhand":74}
[buffer] answer {"demand":null,"buffer":"microcontroller standard","requested":1,"remainingShortage":0,"quantity":1,"date":"2030-12-31T00:00:00","plan":null}
[buffer] ask {"demand":null,"buffer":"sensor die","requested":1,"date":"2026-01-28T18:21:11","onhand":86}
[buffer] answer {"demand":null,"buffer":"sensor die","requested":1,"remainingShortage":0,"quantity":1,"date":"2030-12-31T00:00:00","plan":null}
[operation] answer {"demand":null,"operation":"standard process SENSOR-C","quantity":1,"start":"2026-01-28T15:21:11","end":"2026-01-29T12:00:00"}
[operation] alternate-segment {"operation":"select process SENSOR-C","alternate":"standard process SENSOR-C","quantity":1,"remainingQuantity":0,"start":"2026-01-28T15:21:11","end":"2026-01-29T12:00:00"}
[operation] alternate-answer {"operation":"select process SENSOR-C","quantity":1,"remainingQuantity":0,"nextDate":"2026-01-29T18:00:00"}
[buffer] replenish {"buffer":"sensor C","iteration":0,"requested":1,"replenished":1,"producerDate":"2026-01-29T18:00:00","eventCountBefore":25,"eventCountAfter":26,"remaining":0}
[buffer] answer {"demand":null,"buffer":"sensor C","requested":1,"remainingShortage":0,"quantity":1,"date":"2030-12-31T00:00:00","plan":"OperationPlan"}
[operation] answer {"demand":"electronics order 043 SENSOR-C","operation":"ship SENSOR-C","quantity":1,"start":"2026-01-29T12:00:00","end":"2026-01-29T14:00:00"}
[demand] reply {"demand":"electronics order 043 SENSOR-C","attempt":1,"result":true,"quantity":1,"date":"2030-12-31T00:00:00"}
[demand] attempt {"demand":"electronics order 058 CTRL-B","attempt":1,"quantity":3,"requestDate":"2026-02-02T08:00:00","lastDate":"2030-12-31T00:00:00"}
[operation] ask {"demand":"electronics order 058 CTRL-B","operation":"ship CTRL-B","quantity":3,"operationQuantity":3,"end":"2026-02-02T08:00:00","operationEnd":"2026-02-02T08:00:00"}
[buffer] ask {"demand":null,"buffer":"controller B","requested":3,"date":"2026-02-02T06:00:00","onhand":5}
[buffer] shortage {"buffer":"controller B","iteration":0,"date":"2026-02-02T06:00:00","onhand":-3,"shortage":3}
[operation] alternate-ask {"demand":null,"operation":"select process CTRL-B","quantity":3,"end":"2026-02-02T06:00:00","alternates":["fast process CTRL-B","standard process CTRL-B"]}
[operation] alternate-try {"operation":"select process CTRL-B","alternate":"fast process CTRL-B","remainingQuantity":3,"childQuantity":3}
[operation] ask {"demand":null,"operation":"fast process CTRL-B","quantity":3,"operationQuantity":3,"end":"2026-02-02T06:00:00","operationEnd":"2026-02-02T06:00:00"}
[operation] fixedtime-incomplete {"operation":"fast process CTRL-B","quantity":3,"q":3,"preferEnd":true,"later":false,"forward":false,"efficiency":1.15,"requestedStart":"1971-01-01T00:00:00","requestedEnd":"2026-02-02T06:00:00","productionWanted":28174,"productionActual":28174,"productionStart":"2026-02-01T22:10:26","productionEnd":"2026-02-02T06:00:00","setupRequired":true,"expectedSetup":3130.434782608696,"setupActual":3130,"setupStart":"2026-02-01T21:18:16","setupEnd":"2026-02-01T22:10:26","setupResource":"smt highspeed","setupRule":true,"resources":[{"resource":"smt highspeed","quantity":1,"start":true},{"resource":"smt highspeed","quantity":-1,"start":false}]}
[resource] ask {"demand":null,"operation":"fast process CTRL-B","resource":"smt highspeed","start":"2026-02-01T20:49:05","end":"2026-02-02T06:00:00"}
[resource] input {"operation":"fast process CTRL-B","resource":"smt highspeed","questionQuantity":-1,"operationQuantity":3,"loadQuantity":-1}
[resource] candidate {"demand":null,"start":"2026-02-01T20:49:05","end":"2026-02-02T06:00:00","feasible":true}
[resource] answer {"operation":"fast process CTRL-B","resource":"smt highspeed","answerQuantity":1,"operationQuantity":3,"loadQuantity":-1}
[load] resource-before-assignment {"operation":"fast process CTRL-B","load":"","resource":"ict senior","originalQuantity":3,"plannedQuantity":3,"loadQuantity":-1}
[load] resource-after-assignment {"operation":"fast process CTRL-B","load":"","resource":"ict senior","plannedQuantity":3,"loadQuantity":-1}
[operation] fixedtime-incomplete {"operation":"fast process CTRL-B","quantity":3,"q":3,"preferEnd":true,"later":false,"forward":false,"efficiency":1.1,"requestedStart":"1971-01-01T00:00:00","requestedEnd":"2026-02-02T06:00:00","productionWanted":29455,"productionActual":29455,"productionStart":"2026-02-01T21:49:05","productionEnd":"2026-02-02T06:00:00","setupRequired":true,"expectedSetup":3272.7272727272725,"setupActual":3273,"setupStart":"2026-02-01T20:54:32","setupEnd":"2026-02-01T21:49:05","setupResource":"smt highspeed","setupRule":true,"resources":[{"resource":"smt highspeed","quantity":1,"start":true},{"resource":"smt highspeed","quantity":-1,"start":false},{"resource":"ict senior","quantity":1,"start":true},{"resource":"ict senior","quantity":-1,"start":false}]}
[resource] ask {"demand":null,"operation":"fast process CTRL-B","resource":"ict senior","start":"2026-02-01T21:49:05","end":"2026-02-02T06:00:00"}
[resource] input {"operation":"fast process CTRL-B","resource":"ict senior","questionQuantity":0,"operationQuantity":0,"loadQuantity":0}
[resource] candidate {"demand":null,"start":"2026-02-01T21:49:05","end":"2026-02-02T06:00:00","feasible":true}
[resource] answer {"operation":"fast process CTRL-B","resource":"ict senior","answerQuantity":0,"operationQuantity":0,"loadQuantity":0}
[load] resource-trial {"operation":"fast process CTRL-B","load":"","resource":"ict senior","answerQuantity":0,"plannedQuantity":0,"skillPriority":1,"answerDate":"2026-02-02T06:00:00"}
[load] resource-before-assignment {"operation":"fast process CTRL-B","load":"","resource":"ict regular","originalQuantity":3,"plannedQuantity":3,"loadQuantity":-1}
[operation] fixedtime-incomplete {"operation":"fast process CTRL-B","quantity":3,"q":3,"preferEnd":true,"later":false,"forward":false,"efficiency":0.95,"requestedStart":"1971-01-01T00:00:00","requestedEnd":"2026-02-02T06:00:00","productionWanted":34105,"productionActual":34105,"productionStart":"2026-02-01T20:31:35","productionEnd":"2026-02-02T06:00:00","setupRequired":true,"expectedSetup":3789.4736842105267,"setupActual":3789,"setupStart":"2026-02-01T19:28:26","setupEnd":"2026-02-01T20:31:35","setupResource":"smt highspeed","setupRule":true,"resources":[{"resource":"smt highspeed","quantity":1,"start":true},{"resource":"smt highspeed","quantity":-1,"start":false},{"resource":"ict regular","quantity":1,"start":true},{"resource":"ict regular","quantity":-1,"start":false}]}
[load] resource-after-assignment {"operation":"fast process CTRL-B","load":"","resource":"ict regular","plannedQuantity":0,"loadQuantity":0}
[resource] ask {"demand":null,"operation":"fast process CTRL-B","resource":"ict regular","start":"2026-02-01T20:31:35","end":"2026-02-02T06:00:00"}
[resource] input {"operation":"fast process CTRL-B","resource":"ict regular","questionQuantity":0,"operationQuantity":0,"loadQuantity":0}
[resource] candidate {"demand":null,"start":"2026-02-01T20:31:35","end":"2026-02-02T06:00:00","feasible":true}
[resource] answer {"operation":"fast process CTRL-B","resource":"ict regular","answerQuantity":0,"operationQuantity":0,"loadQuantity":0}
[load] resource-trial {"operation":"fast process CTRL-B","load":"","resource":"ict regular","answerQuantity":0,"plannedQuantity":0,"skillPriority":2,"answerDate":"2026-02-02T06:00:00"}
[load] resource-rejected {"operation":"fast process CTRL-B","load":"","candidateCount":3,"qualifiedResourceExists":true,"minimumNextDate":"2026-02-02T06:00:00"}
[operation] capacity-reject {"demand":null,"operation":"fast process CTRL-B","start":"2026-02-01T20:31:35","end":"2026-02-02T06:00:00","answerQuantity":0,"answerDate":"2026-02-02T06:00:00"}
[operation] alternate-reject {"operation":"select process CTRL-B","alternate":"fast process CTRL-B","quantity":0,"nextDate":"2026-02-02T12:00:00"}
[operation] alternate-try {"operation":"select process CTRL-B","alternate":"standard process CTRL-B","remainingQuantity":3,"childQuantity":3}
[operation] ask {"demand":null,"operation":"standard process CTRL-B","quantity":3,"operationQuantity":3,"end":"2026-02-02T06:00:00","operationEnd":"2026-02-02T06:00:00"}
[resource] ask {"demand":null,"operation":"standard process CTRL-B","resource":"smt standard","start":"2026-02-01T13:31:46","end":"2026-02-02T06:00:00"}
[resource] input {"operation":"standard process CTRL-B","resource":"smt standard","questionQuantity":-1,"operationQuantity":3,"loadQuantity":-1}
[resource] candidate {"demand":null,"start":"2026-02-01T13:31:46","end":"2026-02-02T06:00:00","feasible":true}
[resource] answer {"operation":"standard process CTRL-B","resource":"smt standard","answerQuantity":1,"operationQuantity":3,"loadQuantity":-1}
[resource] ask {"demand":null,"operation":"standard process CTRL-B","resource":"functional test","start":"2026-02-01T13:31:46","end":"2026-02-02T06:00:00"}
[resource] input {"operation":"standard process CTRL-B","resource":"functional test","questionQuantity":-1,"operationQuantity":3,"loadQuantity":-1}
[resource] candidate {"demand":null,"start":"2026-02-01T13:31:46","end":"2026-02-02T06:00:00","feasible":true}
[resource] answer {"operation":"standard process CTRL-B","resource":"functional test","answerQuantity":1,"operationQuantity":3,"loadQuantity":-1}
[buffer] ask {"demand":null,"buffer":"microcontroller standard","requested":3,"date":"2026-02-01T13:31:46","onhand":39}
[buffer] answer {"demand":null,"buffer":"microcontroller standard","requested":3,"remainingShortage":0,"quantity":3,"date":"2030-12-31T00:00:00","plan":null}
[buffer] ask {"demand":null,"buffer":"pcb panel","requested":3,"date":"2026-02-01T13:31:46","onhand":171}
[buffer] answer {"demand":null,"buffer":"pcb panel","requested":3,"remainingShortage":0,"quantity":3,"date":"2030-12-31T00:00:00","plan":null}
[operation] answer {"demand":null,"operation":"standard process CTRL-B","quantity":3,"start":"2026-02-01T13:31:46","end":"2026-02-02T06:00:00"}
[operation] alternate-segment {"operation":"select process CTRL-B","alternate":"standard process CTRL-B","quantity":3,"remainingQuantity":0,"start":"2026-02-01T13:31:46","end":"2026-02-02T06:00:00"}
[operation] alternate-answer {"operation":"select process CTRL-B","quantity":3,"remainingQuantity":0,"nextDate":"2026-02-02T12:00:00"}
[buffer] replenish {"buffer":"controller B","iteration":0,"requested":3,"replenished":3,"producerDate":"2026-02-02T12:00:00","eventCountBefore":25,"eventCountAfter":26,"remaining":0}
[buffer] answer {"demand":null,"buffer":"controller B","requested":3,"remainingShortage":0,"quantity":3,"date":"2030-12-31T00:00:00","plan":"OperationPlan"}
[operation] answer {"demand":"electronics order 058 CTRL-B","operation":"ship CTRL-B","quantity":3,"start":"2026-02-02T06:00:00","end":"2026-02-02T08:00:00"}
[demand] reply {"demand":"electronics order 058 CTRL-B","attempt":1,"result":true,"quantity":3,"date":"2030-12-31T00:00:00"}
[demand] attempt {"demand":"electronics order 014 CTRL-B","attempt":1,"quantity":2,"requestDate":"2026-01-22T08:00:00","lastDate":"2030-12-31T00:00:00"}
[operation] ask {"demand":"electronics order 014 CTRL-B","operation":"ship CTRL-B","quantity":2,"operationQuantity":2,"end":"2026-01-22T08:00:00","operationEnd":"2026-01-22T08:00:00"}
[buffer] ask {"demand":null,"buffer":"controller B","requested":2,"date":"2026-01-22T06:00:00","onhand":3}
[buffer] shortage {"buffer":"controller B","iteration":0,"date":"2026-01-22T06:00:00","onhand":-2,"shortage":2}
[operation] alternate-ask {"demand":null,"operation":"select process CTRL-B","quantity":2,"end":"2026-01-22T06:00:00","alternates":["fast process CTRL-B","standard process CTRL-B"]}
[operation] alternate-try {"operation":"select process CTRL-B","alternate":"fast process CTRL-B","remainingQuantity":2,"childQuantity":2}
[operation] ask {"demand":null,"operation":"fast process CTRL-B","quantity":2,"operationQuantity":2,"end":"2026-01-22T06:00:00","operationEnd":"2026-01-22T06:00:00"}
[operation] fixedtime-incomplete {"operation":"fast process CTRL-B","quantity":2,"q":2,"preferEnd":true,"later":false,"forward":false,"efficiency":1.15,"requestedStart":"1971-01-01T00:00:00","requestedEnd":"2026-01-22T06:00:00","productionWanted":28174,"productionActual":28174,"productionStart":"2026-01-21T22:10:26","productionEnd":"2026-01-22T06:00:00","setupRequired":true,"expectedSetup":3130.434782608696,"setupActual":3130,"setupStart":"2026-01-21T21:18:16","setupEnd":"2026-01-21T22:10:26","setupResource":"smt highspeed","setupRule":true,"resources":[{"resource":"smt highspeed","quantity":1,"start":true},{"resource":"smt highspeed","quantity":-1,"start":false}]}
[resource] ask {"demand":null,"operation":"fast process CTRL-B","resource":"smt highspeed","start":"2026-01-21T20:49:05","end":"2026-01-22T06:00:00"}
[resource] input {"operation":"fast process CTRL-B","resource":"smt highspeed","questionQuantity":-1,"operationQuantity":2,"loadQuantity":-1}
[resource] candidate {"demand":null,"start":"2026-01-21T20:49:05","end":"2026-01-22T06:00:00","feasible":true}
[resource] answer {"operation":"fast process CTRL-B","resource":"smt highspeed","answerQuantity":1,"operationQuantity":2,"loadQuantity":-1}
[load] resource-before-assignment {"operation":"fast process CTRL-B","load":"","resource":"ict senior","originalQuantity":2,"plannedQuantity":2,"loadQuantity":-1}
[load] resource-after-assignment {"operation":"fast process CTRL-B","load":"","resource":"ict senior","plannedQuantity":2,"loadQuantity":-1}
[operation] fixedtime-incomplete {"operation":"fast process CTRL-B","quantity":2,"q":2,"preferEnd":true,"later":false,"forward":false,"efficiency":1.1,"requestedStart":"1971-01-01T00:00:00","requestedEnd":"2026-01-22T06:00:00","productionWanted":29455,"productionActual":29455,"productionStart":"2026-01-21T21:49:05","productionEnd":"2026-01-22T06:00:00","setupRequired":true,"expectedSetup":3272.7272727272725,"setupActual":3273,"setupStart":"2026-01-21T20:54:32","setupEnd":"2026-01-21T21:49:05","setupResource":"smt highspeed","setupRule":true,"resources":[{"resource":"smt highspeed","quantity":1,"start":true},{"resource":"smt highspeed","quantity":-1,"start":false},{"resource":"ict senior","quantity":1,"start":true},{"resource":"ict senior","quantity":-1,"start":false}]}
[resource] ask {"demand":null,"operation":"fast process CTRL-B","resource":"ict senior","start":"2026-01-21T21:49:05","end":"2026-01-22T06:00:00"}
[resource] input {"operation":"fast process CTRL-B","resource":"ict senior","questionQuantity":0,"operationQuantity":0,"loadQuantity":0}
[resource] candidate {"demand":null,"start":"2026-01-21T21:49:05","end":"2026-01-22T06:00:00","feasible":true}
[resource] answer {"operation":"fast process CTRL-B","resource":"ict senior","answerQuantity":0,"operationQuantity":0,"loadQuantity":0}
[load] resource-trial {"operation":"fast process CTRL-B","load":"","resource":"ict senior","answerQuantity":0,"plannedQuantity":0,"skillPriority":1,"answerDate":"2026-01-22T06:00:00"}
[load] resource-before-assignment {"operation":"fast process CTRL-B","load":"","resource":"ict regular","originalQuantity":2,"plannedQuantity":2,"loadQuantity":-1}
[operation] fixedtime-incomplete {"operation":"fast process CTRL-B","quantity":2,"q":2,"preferEnd":true,"later":false,"forward":false,"efficiency":0.95,"requestedStart":"1971-01-01T00:00:00","requestedEnd":"2026-01-22T06:00:00","productionWanted":34105,"productionActual":34105,"productionStart":"2026-01-21T20:31:35","productionEnd":"2026-01-22T06:00:00","setupRequired":true,"expectedSetup":3789.4736842105267,"setupActual":3789,"setupStart":"2026-01-21T19:28:26","setupEnd":"2026-01-21T20:31:35","setupResource":"smt highspeed","setupRule":true,"resources":[{"resource":"smt highspeed","quantity":1,"start":true},{"resource":"smt highspeed","quantity":-1,"start":false},{"resource":"ict regular","quantity":1,"start":true},{"resource":"ict regular","quantity":-1,"start":false}]}
[load] resource-after-assignment {"operation":"fast process CTRL-B","load":"","resource":"ict regular","plannedQuantity":0,"loadQuantity":0}
[resource] ask {"demand":null,"operation":"fast process CTRL-B","resource":"ict regular","start":"2026-01-21T20:31:35","end":"2026-01-22T06:00:00"}
[resource] input {"operation":"fast process CTRL-B","resource":"ict regular","questionQuantity":0,"operationQuantity":0,"loadQuantity":0}
[resource] candidate {"demand":null,"start":"2026-01-21T20:31:35","end":"2026-01-22T06:00:00","feasible":true}
[resource] answer {"operation":"fast process CTRL-B","resource":"ict regular","answerQuantity":0,"operationQuantity":0,"loadQuantity":0}
[load] resource-trial {"operation":"fast process CTRL-B","load":"","resource":"ict regular","answerQuantity":0,"plannedQuantity":0,"skillPriority":2,"answerDate":"2026-01-22T06:00:00"}
[load] resource-rejected {"operation":"fast process CTRL-B","load":"","candidateCount":3,"qualifiedResourceExists":true,"minimumNextDate":"2026-01-22T06:00:00"}
[operation] capacity-reject {"demand":null,"operation":"fast process CTRL-B","start":"2026-01-21T20:31:35","end":"2026-01-22T06:00:00","answerQuantity":0,"answerDate":"2026-01-22T06:00:00"}
[operation] alternate-reject {"operation":"select process CTRL-B","alternate":"fast process CTRL-B","quantity":0,"nextDate":"2026-01-22T12:00:00"}
[operation] alternate-try {"operation":"select process CTRL-B","alternate":"standard process CTRL-B","remainingQuantity":2,"childQuantity":2}
[operation] ask {"demand":null,"operation":"standard process CTRL-B","quantity":2,"operationQuantity":2,"end":"2026-01-22T06:00:00","operationEnd":"2026-01-22T06:00:00"}
[resource] ask {"demand":null,"operation":"standard process CTRL-B","resource":"smt standard","start":"2026-01-21T13:31:46","end":"2026-01-22T06:00:00"}
[resource] input {"operation":"standard process CTRL-B","resource":"smt standard","questionQuantity":-1,"operationQuantity":2,"loadQuantity":-1}
[resource] candidate {"demand":null,"start":"2026-01-21T13:31:46","end":"2026-01-22T06:00:00","feasible":true}
[resource] answer {"operation":"standard process CTRL-B","resource":"smt standard","answerQuantity":1,"operationQuantity":2,"loadQuantity":-1}
[resource] ask {"demand":null,"operation":"standard process CTRL-B","resource":"functional test","start":"2026-01-21T13:31:46","end":"2026-01-22T06:00:00"}
[resource] input {"operation":"standard process CTRL-B","resource":"functional test","questionQuantity":-1,"operationQuantity":2,"loadQuantity":-1}
[resource] candidate {"demand":null,"start":"2026-01-21T13:31:46","end":"2026-01-22T06:00:00","feasible":true}
[resource] answer {"operation":"standard process CTRL-B","resource":"functional test","answerQuantity":1,"operationQuantity":2,"loadQuantity":-1}
[buffer] ask {"demand":null,"buffer":"microcontroller standard","requested":2,"date":"2026-01-21T13:31:46","onhand":145}
[buffer] answer {"demand":null,"buffer":"microcontroller standard","requested":2,"remainingShortage":0,"quantity":2,"date":"2030-12-31T00:00:00","plan":null}
[buffer] ask {"demand":null,"buffer":"pcb panel","requested":2,"date":"2026-01-21T13:31:46","onhand":222}
[buffer] answer {"demand":null,"buffer":"pcb panel","requested":2,"remainingShortage":0,"quantity":2,"date":"2030-12-31T00:00:00","plan":null}
[operation] answer {"demand":null,"operation":"standard process CTRL-B","quantity":2,"start":"2026-01-21T13:31:46","end":"2026-01-22T06:00:00"}
[operation] alternate-segment {"operation":"select process CTRL-B","alternate":"standard process CTRL-B","quantity":2,"remainingQuantity":0,"start":"2026-01-21T13:31:46","end":"2026-01-22T06:00:00"}
[operation] alternate-answer {"operation":"select process CTRL-B","quantity":2,"remainingQuantity":0,"nextDate":"2026-01-22T12:00:00"}
[buffer] replenish {"buffer":"controller B","iteration":0,"requested":2,"replenished":2,"producerDate":"2026-01-22T12:00:00","eventCountBefore":27,"eventCountAfter":28,"remaining":0}
[buffer] answer {"demand":null,"buffer":"controller B","requested":2,"remainingShortage":0,"quantity":2,"date":"2030-12-31T00:00:00","plan":"OperationPlan"}
[operation] answer {"demand":"electronics order 014 CTRL-B","operation":"ship CTRL-B","quantity":2,"start":"2026-01-22T06:00:00","end":"2026-01-22T08:00:00"}
[demand] reply {"demand":"electronics order 014 CTRL-B","attempt":1,"result":true,"quantity":2,"date":"2030-12-31T00:00:00"}
[demand] attempt {"demand":"electronics order 029 CTRL-A","attempt":1,"quantity":2,"requestDate":"2026-01-26T02:00:00","lastDate":"2030-12-31T00:00:00"}
[operation] ask {"demand":"electronics order 029 CTRL-A","operation":"ship CTRL-A","quantity":2,"operationQuantity":2,"end":"2026-01-26T02:00:00","operationEnd":"2026-01-26T02:00:00"}
[buffer] ask {"demand":null,"buffer":"controller A","requested":2,"date":"2026-01-26T00:00:00","onhand":1}
[buffer] shortage {"buffer":"controller A","iteration":0,"date":"2026-01-26T00:00:00","onhand":-2,"shortage":2}
[operation] alternate-ask {"demand":null,"operation":"select process CTRL-A","quantity":2,"end":"2026-01-26T00:00:00","alternates":["fast process CTRL-A","standard process CTRL-A"]}
[operation] alternate-try {"operation":"select process CTRL-A","alternate":"fast process CTRL-A","remainingQuantity":2,"childQuantity":2}
[operation] ask {"demand":null,"operation":"fast process CTRL-A","quantity":2,"operationQuantity":2,"end":"2026-01-26T00:00:00","operationEnd":"2026-01-26T00:00:00"}
[operation] fixedtime-incomplete {"operation":"fast process CTRL-A","quantity":2,"q":2,"preferEnd":true,"later":false,"forward":false,"efficiency":1.15,"requestedStart":"1971-01-01T00:00:00","requestedEnd":"2026-01-26T00:00:00","productionWanted":25043,"productionActual":25043,"productionStart":"2026-01-25T17:02:37","productionEnd":"2026-01-26T00:00:00","setupRequired":true,"expectedSetup":3130.434782608696,"setupActual":3130,"setupStart":"2026-01-25T16:10:27","setupEnd":"2026-01-25T17:02:37","setupResource":"smt highspeed","setupRule":true,"resources":[{"resource":"smt highspeed","quantity":1,"start":true},{"resource":"smt highspeed","quantity":-1,"start":false}]}
[resource] ask {"demand":null,"operation":"fast process CTRL-A","resource":"smt highspeed","start":"2026-01-25T15:43:38","end":"2026-01-26T00:00:00"}
[resource] input {"operation":"fast process CTRL-A","resource":"smt highspeed","questionQuantity":-1,"operationQuantity":2,"loadQuantity":-1}
[resource] candidate {"demand":null,"start":"2026-01-25T15:43:38","end":"2026-01-26T00:00:00","feasible":true}
[resource] answer {"operation":"fast process CTRL-A","resource":"smt highspeed","answerQuantity":1,"operationQuantity":2,"loadQuantity":-1}
[load] resource-before-assignment {"operation":"fast process CTRL-A","load":"","resource":"ict senior","originalQuantity":2,"plannedQuantity":2,"loadQuantity":-1}
[load] resource-after-assignment {"operation":"fast process CTRL-A","load":"","resource":"ict senior","plannedQuantity":2,"loadQuantity":-1}
[operation] fixedtime-incomplete {"operation":"fast process CTRL-A","quantity":2,"q":2,"preferEnd":true,"later":false,"forward":false,"efficiency":1.1,"requestedStart":"1971-01-01T00:00:00","requestedEnd":"2026-01-26T00:00:00","productionWanted":26182,"productionActual":26182,"productionStart":"2026-01-25T16:43:38","productionEnd":"2026-01-26T00:00:00","setupRequired":true,"expectedSetup":3272.7272727272725,"setupActual":3273,"setupStart":"2026-01-25T15:49:05","setupEnd":"2026-01-25T16:43:38","setupResource":"smt highspeed","setupRule":true,"resources":[{"resource":"smt highspeed","quantity":1,"start":true},{"resource":"smt highspeed","quantity":-1,"start":false},{"resource":"ict senior","quantity":1,"start":true},{"resource":"ict senior","quantity":-1,"start":false}]}
[resource] ask {"demand":null,"operation":"fast process CTRL-A","resource":"ict senior","start":"2026-01-25T16:43:38","end":"2026-01-26T00:00:00"}
[resource] input {"operation":"fast process CTRL-A","resource":"ict senior","questionQuantity":0,"operationQuantity":0,"loadQuantity":0}
[resource] candidate {"demand":null,"start":"2026-01-25T16:43:38","end":"2026-01-26T00:00:00","feasible":true}
[resource] answer {"operation":"fast process CTRL-A","resource":"ict senior","answerQuantity":0,"operationQuantity":0,"loadQuantity":0}
[load] resource-trial {"operation":"fast process CTRL-A","load":"","resource":"ict senior","answerQuantity":0,"plannedQuantity":0,"skillPriority":1,"answerDate":"2026-01-26T00:00:00"}
[load] resource-before-assignment {"operation":"fast process CTRL-A","load":"","resource":"ict regular","originalQuantity":2,"plannedQuantity":2,"loadQuantity":-1}
[operation] fixedtime-incomplete {"operation":"fast process CTRL-A","quantity":2,"q":2,"preferEnd":true,"later":false,"forward":false,"efficiency":0.95,"requestedStart":"1971-01-01T00:00:00","requestedEnd":"2026-01-26T00:00:00","productionWanted":30316,"productionActual":30316,"productionStart":"2026-01-25T15:34:44","productionEnd":"2026-01-26T00:00:00","setupRequired":true,"expectedSetup":3789.4736842105267,"setupActual":3789,"setupStart":"2026-01-25T14:31:35","setupEnd":"2026-01-25T15:34:44","setupResource":"smt highspeed","setupRule":true,"resources":[{"resource":"smt highspeed","quantity":1,"start":true},{"resource":"smt highspeed","quantity":-1,"start":false},{"resource":"ict regular","quantity":1,"start":true},{"resource":"ict regular","quantity":-1,"start":false}]}
[load] resource-after-assignment {"operation":"fast process CTRL-A","load":"","resource":"ict regular","plannedQuantity":0,"loadQuantity":0}
[resource] ask {"demand":null,"operation":"fast process CTRL-A","resource":"ict regular","start":"2026-01-25T15:34:44","end":"2026-01-26T00:00:00"}
[resource] input {"operation":"fast process CTRL-A","resource":"ict regular","questionQuantity":0,"operationQuantity":0,"loadQuantity":0}
[resource] candidate {"demand":null,"start":"2026-01-25T15:34:44","end":"2026-01-26T00:00:00","feasible":true}
[resource] answer {"operation":"fast process CTRL-A","resource":"ict regular","answerQuantity":0,"operationQuantity":0,"loadQuantity":0}
[load] resource-trial {"operation":"fast process CTRL-A","load":"","resource":"ict regular","answerQuantity":0,"plannedQuantity":0,"skillPriority":2,"answerDate":"2026-01-26T00:00:00"}
[load] resource-rejected {"operation":"fast process CTRL-A","load":"","candidateCount":3,"qualifiedResourceExists":true,"minimumNextDate":"2026-01-26T00:00:00"}
[operation] capacity-reject {"demand":null,"operation":"fast process CTRL-A","start":"2026-01-25T15:34:44","end":"2026-01-26T00:00:00","answerQuantity":0,"answerDate":"2026-01-26T00:00:00"}
[operation] alternate-reject {"operation":"select process CTRL-A","alternate":"fast process CTRL-A","quantity":0,"nextDate":"2026-01-26T06:00:00"}
[operation] alternate-try {"operation":"select process CTRL-A","alternate":"standard process CTRL-A","remainingQuantity":2,"childQuantity":2}
[operation] ask {"demand":null,"operation":"standard process CTRL-A","quantity":2,"operationQuantity":2,"end":"2026-01-26T00:00:00","operationEnd":"2026-01-26T00:00:00"}
[operation] fixedtime-incomplete {"operation":"standard process CTRL-A","quantity":2,"q":2,"preferEnd":true,"later":false,"forward":false,"efficiency":0.85,"requestedStart":"1971-01-01T00:00:00","requestedEnd":"2026-01-26T00:00:00","productionWanted":55059,"productionActual":55059,"productionStart":"2026-01-25T08:42:21","productionEnd":"2026-01-26T00:00:00","setupRequired":true,"expectedSetup":8470.588235294117,"setupActual":8471,"setupStart":"2026-01-25T06:21:10","setupEnd":"2026-01-25T08:42:21","setupResource":"smt standard","setupRule":true,"resources":[{"resource":"smt standard","quantity":1,"start":true},{"resource":"smt standard","quantity":-1,"start":false}]}
[resource] ask {"demand":null,"operation":"standard process CTRL-A","resource":"smt standard","start":"2026-01-25T06:42:21","end":"2026-01-26T00:00:00"}
[resource] input {"operation":"standard process CTRL-A","resource":"smt standard","questionQuantity":-1,"operationQuantity":2,"loadQuantity":-1}
[resource] candidate {"demand":null,"start":"2026-01-25T06:42:21","end":"2026-01-26T00:00:00","feasible":true}
[resource] answer {"operation":"standard process CTRL-A","resource":"smt standard","answerQuantity":1,"operationQuantity":2,"loadQuantity":-1}
[resource] ask {"demand":null,"operation":"standard process CTRL-A","resource":"functional test","start":"2026-01-25T06:42:21","end":"2026-01-26T00:00:00"}
[resource] input {"operation":"standard process CTRL-A","resource":"functional test","questionQuantity":-1,"operationQuantity":2,"loadQuantity":-1}
[resource] candidate {"demand":null,"start":"2026-01-25T06:42:21","end":"2026-01-26T00:00:00","feasible":true}
[resource] answer {"operation":"standard process CTRL-A","resource":"functional test","answerQuantity":1,"operationQuantity":2,"loadQuantity":-1}
[buffer] ask {"demand":null,"buffer":"microcontroller standard","requested":2,"date":"2026-01-25T08:42:21","onhand":106}
[buffer] answer {"demand":null,"buffer":"microcontroller standard","requested":2,"remainingShortage":0,"quantity":2,"date":"2030-12-31T00:00:00","plan":null}
[buffer] ask {"demand":null,"buffer":"pcb panel","requested":2,"date":"2026-01-25T08:42:21","onhand":203}
[buffer] answer {"demand":null,"buffer":"pcb panel","requested":2,"remainingShortage":0,"quantity":2,"date":"2030-12-31T00:00:00","plan":null}
[operation] answer {"demand":null,"operation":"standard process CTRL-A","quantity":2,"start":"2026-01-25T06:42:21","end":"2026-01-26T00:00:00"}
[operation] alternate-segment {"operation":"select process CTRL-A","alternate":"standard process CTRL-A","quantity":2,"remainingQuantity":0,"start":"2026-01-25T06:42:21","end":"2026-01-26T00:00:00"}
[operation] alternate-answer {"operation":"select process CTRL-A","quantity":2,"remainingQuantity":0,"nextDate":"2026-01-26T06:00:00"}
[buffer] replenish {"buffer":"controller A","iteration":0,"requested":2,"replenished":2,"producerDate":"2026-01-26T06:00:00","eventCountBefore":27,"eventCountAfter":28,"remaining":0}
[buffer] answer {"demand":null,"buffer":"controller A","requested":2,"remainingShortage":0,"quantity":2,"date":"2030-12-31T00:00:00","plan":"OperationPlan"}
[operation] answer {"demand":"electronics order 029 CTRL-A","operation":"ship CTRL-A","quantity":2,"start":"2026-01-26T00:00:00","end":"2026-01-26T02:00:00"}
[demand] reply {"demand":"electronics order 029 CTRL-A","attempt":1,"result":true,"quantity":2,"date":"2030-12-31T00:00:00"}
[demand] attempt {"demand":"electronics order 044 SENSOR-D","attempt":1,"quantity":2,"requestDate":"2026-01-29T20:00:00","lastDate":"2030-12-31T00:00:00"}
[operation] ask {"demand":"electronics order 044 SENSOR-D","operation":"ship SENSOR-D","quantity":2,"operationQuantity":2,"end":"2026-01-29T20:00:00","operationEnd":"2026-01-29T20:00:00"}
[buffer] ask {"demand":null,"buffer":"sensor D","requested":2,"date":"2026-01-29T18:00:00","onhand":3}
[buffer] shortage {"buffer":"sensor D","iteration":0,"date":"2026-01-29T18:00:00","onhand":-2,"shortage":2}
[operation] alternate-ask {"demand":null,"operation":"select process SENSOR-D","quantity":2,"end":"2026-01-29T18:00:00","alternates":["fast process SENSOR-D","standard process SENSOR-D"]}
[operation] alternate-try {"operation":"select process SENSOR-D","alternate":"fast process SENSOR-D","remainingQuantity":2,"childQuantity":2}
[operation] ask {"demand":null,"operation":"fast process SENSOR-D","quantity":2,"operationQuantity":2,"end":"2026-01-29T18:00:00","operationEnd":"2026-01-29T18:00:00"}
[operation] fixedtime-incomplete {"operation":"fast process SENSOR-D","quantity":2,"q":2,"preferEnd":true,"later":false,"forward":false,"efficiency":1.15,"requestedStart":"1971-01-01T00:00:00","requestedEnd":"2026-01-29T18:00:00","productionWanted":34435,"productionActual":34435,"productionStart":"2026-01-29T08:26:05","productionEnd":"2026-01-29T18:00:00","setupRequired":true,"expectedSetup":3130.434782608696,"setupActual":3130,"setupStart":"2026-01-29T07:33:55","setupEnd":"2026-01-29T08:26:05","setupResource":"smt highspeed","setupRule":true,"resources":[{"resource":"smt highspeed","quantity":1,"start":true},{"resource":"smt highspeed","quantity":-1,"start":false}]}
[resource] ask {"demand":null,"operation":"fast process SENSOR-D","resource":"smt highspeed","start":"2026-01-29T07:00:00","end":"2026-01-29T18:00:00"}
[resource] input {"operation":"fast process SENSOR-D","resource":"smt highspeed","questionQuantity":-1,"operationQuantity":2,"loadQuantity":-1}
[resource] candidate {"demand":null,"start":"2026-01-29T07:00:00","end":"2026-01-29T18:00:00","feasible":true}
[resource] answer {"operation":"fast process SENSOR-D","resource":"smt highspeed","answerQuantity":1,"operationQuantity":2,"loadQuantity":-1}
[load] resource-before-assignment {"operation":"fast process SENSOR-D","load":"","resource":"ict senior","originalQuantity":2,"plannedQuantity":2,"loadQuantity":-1}
[load] resource-after-assignment {"operation":"fast process SENSOR-D","load":"","resource":"ict senior","plannedQuantity":2,"loadQuantity":-1}
[operation] fixedtime-incomplete {"operation":"fast process SENSOR-D","quantity":2,"q":2,"preferEnd":true,"later":false,"forward":false,"efficiency":1.1,"requestedStart":"1971-01-01T00:00:00","requestedEnd":"2026-01-29T18:00:00","productionWanted":36000,"productionActual":36000,"productionStart":"2026-01-29T08:00:00","productionEnd":"2026-01-29T18:00:00","setupRequired":true,"expectedSetup":3272.7272727272725,"setupActual":3273,"setupStart":"2026-01-29T07:05:27","setupEnd":"2026-01-29T08:00:00","setupResource":"smt highspeed","setupRule":true,"resources":[{"resource":"smt highspeed","quantity":1,"start":true},{"resource":"smt highspeed","quantity":-1,"start":false},{"resource":"ict senior","quantity":1,"start":true},{"resource":"ict senior","quantity":-1,"start":false}]}
[resource] ask {"demand":null,"operation":"fast process SENSOR-D","resource":"ict senior","start":"2026-01-29T08:00:00","end":"2026-01-29T18:00:00"}
[resource] input {"operation":"fast process SENSOR-D","resource":"ict senior","questionQuantity":0,"operationQuantity":0,"loadQuantity":0}
[resource] candidate {"demand":null,"start":"2026-01-29T08:00:00","end":"2026-01-29T18:00:00","feasible":true}
[resource] answer {"operation":"fast process SENSOR-D","resource":"ict senior","answerQuantity":0,"operationQuantity":0,"loadQuantity":0}
[load] resource-trial {"operation":"fast process SENSOR-D","load":"","resource":"ict senior","answerQuantity":0,"plannedQuantity":0,"skillPriority":1,"answerDate":"2026-01-29T18:00:00"}
[load] resource-before-assignment {"operation":"fast process SENSOR-D","load":"","resource":"ict regular","originalQuantity":2,"plannedQuantity":2,"loadQuantity":-1}
[operation] fixedtime-incomplete {"operation":"fast process SENSOR-D","quantity":2,"q":2,"preferEnd":true,"later":false,"forward":false,"efficiency":0.95,"requestedStart":"1971-01-01T00:00:00","requestedEnd":"2026-01-29T18:00:00","productionWanted":41684,"productionActual":41684,"productionStart":"2026-01-29T06:25:16","productionEnd":"2026-01-29T18:00:00","setupRequired":true,"expectedSetup":3789.4736842105267,"setupActual":3789,"setupStart":"2026-01-29T05:22:07","setupEnd":"2026-01-29T06:25:16","setupResource":"smt highspeed","setupRule":true,"resources":[{"resource":"smt highspeed","quantity":1,"start":true},{"resource":"smt highspeed","quantity":-1,"start":false},{"resource":"ict regular","quantity":1,"start":true},{"resource":"ict regular","quantity":-1,"start":false}]}
[load] resource-after-assignment {"operation":"fast process SENSOR-D","load":"","resource":"ict regular","plannedQuantity":0,"loadQuantity":0}
[resource] ask {"demand":null,"operation":"fast process SENSOR-D","resource":"ict regular","start":"2026-01-29T06:25:16","end":"2026-01-29T18:00:00"}
[resource] input {"operation":"fast process SENSOR-D","resource":"ict regular","questionQuantity":0,"operationQuantity":0,"loadQuantity":0}
[resource] candidate {"demand":null,"start":"2026-01-29T06:25:16","end":"2026-01-29T18:00:00","feasible":true}
[resource] answer {"operation":"fast process SENSOR-D","resource":"ict regular","answerQuantity":0,"operationQuantity":0,"loadQuantity":0}
[load] resource-trial {"operation":"fast process SENSOR-D","load":"","resource":"ict regular","answerQuantity":0,"plannedQuantity":0,"skillPriority":2,"answerDate":"2026-01-29T18:00:00"}
[load] resource-rejected {"operation":"fast process SENSOR-D","load":"","candidateCount":3,"qualifiedResourceExists":true,"minimumNextDate":"2026-01-29T18:00:00"}
[operation] capacity-reject {"demand":null,"operation":"fast process SENSOR-D","start":"2026-01-29T06:25:16","end":"2026-01-29T18:00:00","answerQuantity":0,"answerDate":"2026-01-29T18:00:00"}
[operation] alternate-reject {"operation":"select process SENSOR-D","alternate":"fast process SENSOR-D","quantity":0,"nextDate":"2026-01-30T00:00:00"}
[operation] alternate-try {"operation":"select process SENSOR-D","alternate":"standard process SENSOR-D","remainingQuantity":2,"childQuantity":2}
[operation] ask {"demand":null,"operation":"standard process SENSOR-D","quantity":2,"operationQuantity":2,"end":"2026-01-29T18:00:00","operationEnd":"2026-01-29T18:00:00"}
[resource] ask {"demand":null,"operation":"standard process SENSOR-D","resource":"smt standard","start":"2026-01-28T23:10:35","end":"2026-01-29T18:00:00"}
[resource] input {"operation":"standard process SENSOR-D","resource":"smt standard","questionQuantity":-1,"operationQuantity":2,"loadQuantity":-1}
[resource] candidate {"demand":null,"start":"2026-01-28T23:10:35","end":"2026-01-29T18:00:00","feasible":true}
[resource] answer {"operation":"standard process SENSOR-D","resource":"smt standard","answerQuantity":1,"operationQuantity":2,"loadQuantity":-1}
[resource] ask {"demand":null,"operation":"standard process SENSOR-D","resource":"functional test","start":"2026-01-28T23:10:35","end":"2026-01-29T18:00:00"}
[resource] input {"operation":"standard process SENSOR-D","resource":"functional test","questionQuantity":-1,"operationQuantity":2,"loadQuantity":-1}
[resource] candidate {"demand":null,"start":"2026-01-28T23:10:35","end":"2026-01-29T18:00:00","feasible":true}
[resource] answer {"operation":"standard process SENSOR-D","resource":"functional test","answerQuantity":1,"operationQuantity":2,"loadQuantity":-1}
[buffer] ask {"demand":null,"buffer":"microcontroller standard","requested":2,"date":"2026-01-28T23:10:35","onhand":69}
[buffer] answer {"demand":null,"buffer":"microcontroller standard","requested":2,"remainingShortage":0,"quantity":2,"date":"2030-12-31T00:00:00","plan":null}
[buffer] ask {"demand":null,"buffer":"sensor die","requested":2,"date":"2026-01-28T23:10:35","onhand":85}
[buffer] answer {"demand":null,"buffer":"sensor die","requested":2,"remainingShortage":0,"quantity":2,"date":"2030-12-31T00:00:00","plan":null}
[operation] answer {"demand":null,"operation":"standard process SENSOR-D","quantity":2,"start":"2026-01-28T23:10:35","end":"2026-01-29T18:00:00"}
[operation] alternate-segment {"operation":"select process SENSOR-D","alternate":"standard process SENSOR-D","quantity":2,"remainingQuantity":0,"start":"2026-01-28T23:10:35","end":"2026-01-29T18:00:00"}
[operation] alternate-answer {"operation":"select process SENSOR-D","quantity":2,"remainingQuantity":0,"nextDate":"2026-01-30T00:00:00"}
[buffer] replenish {"buffer":"sensor D","iteration":0,"requested":2,"replenished":2,"producerDate":"2026-01-30T00:00:00","eventCountBefore":27,"eventCountAfter":28,"remaining":0}
[buffer] answer {"demand":null,"buffer":"sensor D","requested":2,"remainingShortage":0,"quantity":2,"date":"2030-12-31T00:00:00","plan":"OperationPlan"}
[operation] answer {"demand":"electronics order 044 SENSOR-D","operation":"ship SENSOR-D","quantity":2,"start":"2026-01-29T18:00:00","end":"2026-01-29T20:00:00"}
[demand] reply {"demand":"electronics order 044 SENSOR-D","attempt":1,"result":true,"quantity":2,"date":"2030-12-31T00:00:00"}
[demand] attempt {"demand":"electronics order 059 SENSOR-C","attempt":1,"quantity":2,"requestDate":"2026-02-02T14:00:00","lastDate":"2030-12-31T00:00:00"}
[operation] ask {"demand":"electronics order 059 SENSOR-C","operation":"ship SENSOR-C","quantity":2,"operationQuantity":2,"end":"2026-02-02T14:00:00","operationEnd":"2026-02-02T14:00:00"}
[buffer] ask {"demand":null,"buffer":"sensor C","requested":2,"date":"2026-02-02T12:00:00","onhand":1}
[buffer] shortage {"buffer":"sensor C","iteration":0,"date":"2026-02-02T12:00:00","onhand":-2,"shortage":2}
[operation] alternate-ask {"demand":null,"operation":"select process SENSOR-C","quantity":2,"end":"2026-02-02T12:00:00","alternates":["fast process SENSOR-C","standard process SENSOR-C"]}
[operation] alternate-try {"operation":"select process SENSOR-C","alternate":"fast process SENSOR-C","remainingQuantity":2,"childQuantity":2}
[operation] ask {"demand":null,"operation":"fast process SENSOR-C","quantity":2,"operationQuantity":2,"end":"2026-02-02T12:00:00","operationEnd":"2026-02-02T12:00:00"}
[operation] fixedtime-incomplete {"operation":"fast process SENSOR-C","quantity":2,"q":2,"preferEnd":true,"later":false,"forward":false,"efficiency":1.15,"requestedStart":"1971-01-01T00:00:00","requestedEnd":"2026-02-02T12:00:00","productionWanted":31304,"productionActual":31304,"productionStart":"2026-02-02T03:18:16","productionEnd":"2026-02-02T12:00:00","setupRequired":true,"expectedSetup":3130.434782608696,"setupActual":3130,"setupStart":"2026-02-02T02:26:06","setupEnd":"2026-02-02T03:18:16","setupResource":"smt highspeed","setupRule":true,"resources":[{"resource":"smt highspeed","quantity":1,"start":true},{"resource":"smt highspeed","quantity":-1,"start":false}]}
[resource] ask {"demand":null,"operation":"fast process SENSOR-C","resource":"smt highspeed","start":"2026-02-02T01:54:33","end":"2026-02-02T12:00:00"}
[resource] input {"operation":"fast process SENSOR-C","resource":"smt highspeed","questionQuantity":-1,"operationQuantity":2,"loadQuantity":-1}
[resource] candidate {"demand":null,"start":"2026-02-02T01:54:33","end":"2026-02-02T12:00:00","feasible":true}
[resource] answer {"operation":"fast process SENSOR-C","resource":"smt highspeed","answerQuantity":1,"operationQuantity":2,"loadQuantity":-1}
[load] resource-before-assignment {"operation":"fast process SENSOR-C","load":"","resource":"ict senior","originalQuantity":2,"plannedQuantity":2,"loadQuantity":-1}
[load] resource-after-assignment {"operation":"fast process SENSOR-C","load":"","resource":"ict senior","plannedQuantity":2,"loadQuantity":-1}
[operation] fixedtime-incomplete {"operation":"fast process SENSOR-C","quantity":2,"q":2,"preferEnd":true,"later":false,"forward":false,"efficiency":1.1,"requestedStart":"1971-01-01T00:00:00","requestedEnd":"2026-02-02T12:00:00","productionWanted":32727,"productionActual":32727,"productionStart":"2026-02-02T02:54:33","productionEnd":"2026-02-02T12:00:00","setupRequired":true,"expectedSetup":3272.7272727272725,"setupActual":3273,"setupStart":"2026-02-02T02:00:00","setupEnd":"2026-02-02T02:54:33","setupResource":"smt highspeed","setupRule":true,"resources":[{"resource":"smt highspeed","quantity":1,"start":true},{"resource":"smt highspeed","quantity":-1,"start":false},{"resource":"ict senior","quantity":1,"start":true},{"resource":"ict senior","quantity":-1,"start":false}]}
[resource] ask {"demand":null,"operation":"fast process SENSOR-C","resource":"ict senior","start":"2026-02-02T02:54:33","end":"2026-02-02T12:00:00"}
[resource] input {"operation":"fast process SENSOR-C","resource":"ict senior","questionQuantity":0,"operationQuantity":0,"loadQuantity":0}
[resource] candidate {"demand":null,"start":"2026-02-02T02:54:33","end":"2026-02-02T12:00:00","feasible":true}
[resource] answer {"operation":"fast process SENSOR-C","resource":"ict senior","answerQuantity":0,"operationQuantity":0,"loadQuantity":0}
[load] resource-trial {"operation":"fast process SENSOR-C","load":"","resource":"ict senior","answerQuantity":0,"plannedQuantity":0,"skillPriority":1,"answerDate":"2026-02-02T12:00:00"}
[load] resource-before-assignment {"operation":"fast process SENSOR-C","load":"","resource":"ict regular","originalQuantity":2,"plannedQuantity":2,"loadQuantity":-1}
[operation] fixedtime-incomplete {"operation":"fast process SENSOR-C","quantity":2,"q":2,"preferEnd":true,"later":false,"forward":false,"efficiency":0.95,"requestedStart":"1971-01-01T00:00:00","requestedEnd":"2026-02-02T12:00:00","productionWanted":37895,"productionActual":37895,"productionStart":"2026-02-02T01:28:25","productionEnd":"2026-02-02T12:00:00","setupRequired":true,"expectedSetup":3789.4736842105267,"setupActual":3789,"setupStart":"2026-02-02T00:25:16","setupEnd":"2026-02-02T01:28:25","setupResource":"smt highspeed","setupRule":true,"resources":[{"resource":"smt highspeed","quantity":1,"start":true},{"resource":"smt highspeed","quantity":-1,"start":false},{"resource":"ict regular","quantity":1,"start":true},{"resource":"ict regular","quantity":-1,"start":false}]}
[load] resource-after-assignment {"operation":"fast process SENSOR-C","load":"","resource":"ict regular","plannedQuantity":0,"loadQuantity":0}
[resource] ask {"demand":null,"operation":"fast process SENSOR-C","resource":"ict regular","start":"2026-02-02T01:28:25","end":"2026-02-02T12:00:00"}
[resource] input {"operation":"fast process SENSOR-C","resource":"ict regular","questionQuantity":0,"operationQuantity":0,"loadQuantity":0}
[resource] candidate {"demand":null,"start":"2026-02-02T01:28:25","end":"2026-02-02T12:00:00","feasible":true}
[resource] answer {"operation":"fast process SENSOR-C","resource":"ict regular","answerQuantity":0,"operationQuantity":0,"loadQuantity":0}
[load] resource-trial {"operation":"fast process SENSOR-C","load":"","resource":"ict regular","answerQuantity":0,"plannedQuantity":0,"skillPriority":2,"answerDate":"2026-02-02T12:00:00"}
[load] resource-rejected {"operation":"fast process SENSOR-C","load":"","candidateCount":3,"qualifiedResourceExists":true,"minimumNextDate":"2026-02-02T12:00:00"}
[operation] capacity-reject {"demand":null,"operation":"fast process SENSOR-C","start":"2026-02-02T01:28:25","end":"2026-02-02T12:00:00","answerQuantity":0,"answerDate":"2026-02-02T12:00:00"}
[operation] alternate-reject {"operation":"select process SENSOR-C","alternate":"fast process SENSOR-C","quantity":0,"nextDate":"2026-02-02T18:00:00"}
[operation] alternate-try {"operation":"select process SENSOR-C","alternate":"standard process SENSOR-C","remainingQuantity":2,"childQuantity":2}
[operation] ask {"demand":null,"operation":"standard process SENSOR-C","quantity":2,"operationQuantity":2,"end":"2026-02-02T12:00:00","operationEnd":"2026-02-02T12:00:00"}
[operation] fixedtime-incomplete {"operation":"standard process SENSOR-C","quantity":2,"q":2,"preferEnd":true,"later":false,"forward":false,"efficiency":0.85,"requestedStart":"1971-01-01T00:00:00","requestedEnd":"2026-02-02T12:00:00","productionWanted":63529,"productionActual":63529,"productionStart":"2026-02-01T18:21:11","productionEnd":"2026-02-02T12:00:00","setupRequired":true,"expectedSetup":12705.882352941177,"setupActual":12706,"setupStart":"2026-02-01T14:49:25","setupEnd":"2026-02-01T18:21:11","setupResource":"smt standard","setupRule":true,"resources":[{"resource":"smt standard","quantity":1,"start":true},{"resource":"smt standard","quantity":-1,"start":false}]}
[resource] ask {"demand":null,"operation":"standard process SENSOR-C","resource":"smt standard","start":"2026-02-01T15:21:11","end":"2026-02-02T12:00:00"}
[resource] input {"operation":"standard process SENSOR-C","resource":"smt standard","questionQuantity":-1,"operationQuantity":2,"loadQuantity":-1}
[resource] candidate {"demand":null,"start":"2026-02-01T15:21:11","end":"2026-02-02T12:00:00","feasible":true}
[resource] answer {"operation":"standard process SENSOR-C","resource":"smt standard","answerQuantity":1,"operationQuantity":2,"loadQuantity":-1}
[resource] ask {"demand":null,"operation":"standard process SENSOR-C","resource":"functional test","start":"2026-02-01T15:21:11","end":"2026-02-02T12:00:00"}
[resource] input {"operation":"standard process SENSOR-C","resource":"functional test","questionQuantity":-1,"operationQuantity":2,"loadQuantity":-1}
[resource] candidate {"demand":null,"start":"2026-02-01T15:21:11","end":"2026-02-02T12:00:00","feasible":true}
[resource] answer {"operation":"standard process SENSOR-C","resource":"functional test","answerQuantity":1,"operationQuantity":2,"loadQuantity":-1}
[buffer] ask {"demand":null,"buffer":"microcontroller standard","requested":2,"date":"2026-02-01T18:21:11","onhand":30}
[buffer] answer {"demand":null,"buffer":"microcontroller standard","requested":2,"remainingShortage":0,"quantity":2,"date":"2030-12-31T00:00:00","plan":null}
[buffer] ask {"demand":null,"buffer":"sensor die","requested":2,"date":"2026-02-01T18:21:11","onhand":66}
[buffer] answer {"demand":null,"buffer":"sensor die","requested":2,"remainingShortage":0,"quantity":2,"date":"2030-12-31T00:00:00","plan":null}
[operation] answer {"demand":null,"operation":"standard process SENSOR-C","quantity":2,"start":"2026-02-01T15:21:11","end":"2026-02-02T12:00:00"}
[operation] alternate-segment {"operation":"select process SENSOR-C","alternate":"standard process SENSOR-C","quantity":2,"remainingQuantity":0,"start":"2026-02-01T15:21:11","end":"2026-02-02T12:00:00"}
[operation] alternate-answer {"operation":"select process SENSOR-C","quantity":2,"remainingQuantity":0,"nextDate":"2026-02-02T18:00:00"}
[buffer] replenish {"buffer":"sensor C","iteration":0,"requested":2,"replenished":2,"producerDate":"2026-02-02T18:00:00","eventCountBefore":27,"eventCountAfter":28,"remaining":0}
[buffer] answer {"demand":null,"buffer":"sensor C","requested":2,"remainingShortage":0,"quantity":2,"date":"2030-12-31T00:00:00","plan":"OperationPlan"}
[operation] answer {"demand":"electronics order 059 SENSOR-C","operation":"ship SENSOR-C","quantity":2,"start":"2026-02-02T12:00:00","end":"2026-02-02T14:00:00"}
[demand] reply {"demand":"electronics order 059 SENSOR-C","attempt":1,"result":true,"quantity":2,"date":"2030-12-31T00:00:00"}
[demand] attempt {"demand":"electronics order 015 SENSOR-C","attempt":1,"quantity":4,"requestDate":"2026-01-22T14:00:00","lastDate":"2030-12-31T00:00:00"}
[operation] ask {"demand":"electronics order 015 SENSOR-C","operation":"ship SENSOR-C","quantity":4,"operationQuantity":4,"end":"2026-01-22T14:00:00","operationEnd":"2026-01-22T14:00:00"}
[buffer] ask {"demand":null,"buffer":"sensor C","requested":4,"date":"2026-01-22T12:00:00","onhand":2}
[buffer] shortage {"buffer":"sensor C","iteration":0,"date":"2026-01-22T12:00:00","onhand":-4,"shortage":4}
[operation] alternate-ask {"demand":null,"operation":"select process SENSOR-C","quantity":4,"end":"2026-01-22T12:00:00","alternates":["fast process SENSOR-C","standard process SENSOR-C"]}
[operation] alternate-try {"operation":"select process SENSOR-C","alternate":"fast process SENSOR-C","remainingQuantity":4,"childQuantity":4}
[operation] ask {"demand":null,"operation":"fast process SENSOR-C","quantity":4,"operationQuantity":4,"end":"2026-01-22T12:00:00","operationEnd":"2026-01-22T12:00:00"}
[operation] fixedtime-incomplete {"operation":"fast process SENSOR-C","quantity":4,"q":4,"preferEnd":true,"later":false,"forward":false,"efficiency":1.15,"requestedStart":"1971-01-01T00:00:00","requestedEnd":"2026-01-22T12:00:00","productionWanted":31304,"productionActual":31304,"productionStart":"2026-01-22T03:18:16","productionEnd":"2026-01-22T12:00:00","setupRequired":true,"expectedSetup":3130.434782608696,"setupActual":3130,"setupStart":"2026-01-22T02:26:06","setupEnd":"2026-01-22T03:18:16","setupResource":"smt highspeed","setupRule":true,"resources":[{"resource":"smt highspeed","quantity":1,"start":true},{"resource":"smt highspeed","quantity":-1,"start":false}]}
[resource] ask {"demand":null,"operation":"fast process SENSOR-C","resource":"smt highspeed","start":"2026-01-22T01:54:33","end":"2026-01-22T12:00:00"}
[resource] input {"operation":"fast process SENSOR-C","resource":"smt highspeed","questionQuantity":-1,"operationQuantity":4,"loadQuantity":-1}
[resource] candidate {"demand":null,"start":"2026-01-22T01:54:33","end":"2026-01-22T12:00:00","feasible":true}
[resource] answer {"operation":"fast process SENSOR-C","resource":"smt highspeed","answerQuantity":1,"operationQuantity":4,"loadQuantity":-1}
[load] resource-before-assignment {"operation":"fast process SENSOR-C","load":"","resource":"ict senior","originalQuantity":4,"plannedQuantity":4,"loadQuantity":-1}
[load] resource-after-assignment {"operation":"fast process SENSOR-C","load":"","resource":"ict senior","plannedQuantity":4,"loadQuantity":-1}
[operation] fixedtime-incomplete {"operation":"fast process SENSOR-C","quantity":4,"q":4,"preferEnd":true,"later":false,"forward":false,"efficiency":1.1,"requestedStart":"1971-01-01T00:00:00","requestedEnd":"2026-01-22T12:00:00","productionWanted":32727,"productionActual":32727,"productionStart":"2026-01-22T02:54:33","productionEnd":"2026-01-22T12:00:00","setupRequired":true,"expectedSetup":3272.7272727272725,"setupActual":3273,"setupStart":"2026-01-22T02:00:00","setupEnd":"2026-01-22T02:54:33","setupResource":"smt highspeed","setupRule":true,"resources":[{"resource":"smt highspeed","quantity":1,"start":true},{"resource":"smt highspeed","quantity":-1,"start":false},{"resource":"ict senior","quantity":1,"start":true},{"resource":"ict senior","quantity":-1,"start":false}]}
[resource] ask {"demand":null,"operation":"fast process SENSOR-C","resource":"ict senior","start":"2026-01-22T02:54:33","end":"2026-01-22T12:00:00"}
[resource] input {"operation":"fast process SENSOR-C","resource":"ict senior","questionQuantity":0,"operationQuantity":0,"loadQuantity":0}
[resource] candidate {"demand":null,"start":"2026-01-22T02:54:33","end":"2026-01-22T12:00:00","feasible":true}
[resource] answer {"operation":"fast process SENSOR-C","resource":"ict senior","answerQuantity":0,"operationQuantity":0,"loadQuantity":0}
[load] resource-trial {"operation":"fast process SENSOR-C","load":"","resource":"ict senior","answerQuantity":0,"plannedQuantity":0,"skillPriority":1,"answerDate":"2026-01-22T12:00:00"}
[load] resource-before-assignment {"operation":"fast process SENSOR-C","load":"","resource":"ict regular","originalQuantity":4,"plannedQuantity":4,"loadQuantity":-1}
[operation] fixedtime-incomplete {"operation":"fast process SENSOR-C","quantity":4,"q":4,"preferEnd":true,"later":false,"forward":false,"efficiency":0.95,"requestedStart":"1971-01-01T00:00:00","requestedEnd":"2026-01-22T12:00:00","productionWanted":37895,"productionActual":37895,"productionStart":"2026-01-22T01:28:25","productionEnd":"2026-01-22T12:00:00","setupRequired":true,"expectedSetup":3789.4736842105267,"setupActual":3789,"setupStart":"2026-01-22T00:25:16","setupEnd":"2026-01-22T01:28:25","setupResource":"smt highspeed","setupRule":true,"resources":[{"resource":"smt highspeed","quantity":1,"start":true},{"resource":"smt highspeed","quantity":-1,"start":false},{"resource":"ict regular","quantity":1,"start":true},{"resource":"ict regular","quantity":-1,"start":false}]}
[load] resource-after-assignment {"operation":"fast process SENSOR-C","load":"","resource":"ict regular","plannedQuantity":0,"loadQuantity":0}
[resource] ask {"demand":null,"operation":"fast process SENSOR-C","resource":"ict regular","start":"2026-01-22T01:28:25","end":"2026-01-22T12:00:00"}
[resource] input {"operation":"fast process SENSOR-C","resource":"ict regular","questionQuantity":0,"operationQuantity":0,"loadQuantity":0}
[resource] candidate {"demand":null,"start":"2026-01-22T01:28:25","end":"2026-01-22T12:00:00","feasible":true}
[resource] answer {"operation":"fast process SENSOR-C","resource":"ict regular","answerQuantity":0,"operationQuantity":0,"loadQuantity":0}
[load] resource-trial {"operation":"fast process SENSOR-C","load":"","resource":"ict regular","answerQuantity":0,"plannedQuantity":0,"skillPriority":2,"answerDate":"2026-01-22T12:00:00"}
[load] resource-rejected {"operation":"fast process SENSOR-C","load":"","candidateCount":3,"qualifiedResourceExists":true,"minimumNextDate":"2026-01-22T12:00:00"}
[operation] capacity-reject {"demand":null,"operation":"fast process SENSOR-C","start":"2026-01-22T01:28:25","end":"2026-01-22T12:00:00","answerQuantity":0,"answerDate":"2026-01-22T12:00:00"}
[operation] alternate-reject {"operation":"select process SENSOR-C","alternate":"fast process SENSOR-C","quantity":0,"nextDate":"2026-01-22T18:00:00"}
[operation] alternate-try {"operation":"select process SENSOR-C","alternate":"standard process SENSOR-C","remainingQuantity":4,"childQuantity":4}
[operation] ask {"demand":null,"operation":"standard process SENSOR-C","quantity":4,"operationQuantity":4,"end":"2026-01-22T12:00:00","operationEnd":"2026-01-22T12:00:00"}
[operation] fixedtime-incomplete {"operation":"standard process SENSOR-C","quantity":4,"q":4,"preferEnd":true,"later":false,"forward":false,"efficiency":0.85,"requestedStart":"1971-01-01T00:00:00","requestedEnd":"2026-01-22T12:00:00","productionWanted":63529,"productionActual":63529,"productionStart":"2026-01-21T18:21:11","productionEnd":"2026-01-22T12:00:00","setupRequired":true,"expectedSetup":12705.882352941177,"setupActual":12706,"setupStart":"2026-01-21T14:49:25","setupEnd":"2026-01-21T18:21:11","setupResource":"smt standard","setupRule":true,"resources":[{"resource":"smt standard","quantity":1,"start":true},{"resource":"smt standard","quantity":-1,"start":false}]}
[resource] ask {"demand":null,"operation":"standard process SENSOR-C","resource":"smt standard","start":"2026-01-21T15:21:11","end":"2026-01-22T12:00:00"}
[resource] input {"operation":"standard process SENSOR-C","resource":"smt standard","questionQuantity":-1,"operationQuantity":4,"loadQuantity":-1}
[resource] candidate {"demand":null,"start":"2026-01-21T15:21:11","end":"2026-01-22T12:00:00","feasible":true}
[resource] answer {"operation":"standard process SENSOR-C","resource":"smt standard","answerQuantity":1,"operationQuantity":4,"loadQuantity":-1}
[resource] ask {"demand":null,"operation":"standard process SENSOR-C","resource":"functional test","start":"2026-01-21T15:21:11","end":"2026-01-22T12:00:00"}
[resource] input {"operation":"standard process SENSOR-C","resource":"functional test","questionQuantity":-1,"operationQuantity":4,"loadQuantity":-1}
[resource] candidate {"demand":null,"start":"2026-01-21T15:21:11","end":"2026-01-22T12:00:00","feasible":true}
[resource] answer {"operation":"standard process SENSOR-C","resource":"functional test","answerQuantity":1,"operationQuantity":4,"loadQuantity":-1}
[buffer] ask {"demand":null,"buffer":"microcontroller standard","requested":4,"date":"2026-01-21T18:21:11","onhand":143}
[buffer] answer {"demand":null,"buffer":"microcontroller standard","requested":4,"remainingShortage":0,"quantity":4,"date":"2030-12-31T00:00:00","plan":null}
[buffer] ask {"demand":null,"buffer":"sensor die","requested":4,"date":"2026-01-21T18:21:11","onhand":123}
[buffer] answer {"demand":null,"buffer":"sensor die","requested":4,"remainingShortage":0,"quantity":4,"date":"2030-12-31T00:00:00","plan":null}
[operation] answer {"demand":null,"operation":"standard process SENSOR-C","quantity":4,"start":"2026-01-21T15:21:11","end":"2026-01-22T12:00:00"}
[operation] alternate-segment {"operation":"select process SENSOR-C","alternate":"standard process SENSOR-C","quantity":4,"remainingQuantity":0,"start":"2026-01-21T15:21:11","end":"2026-01-22T12:00:00"}
[operation] alternate-answer {"operation":"select process SENSOR-C","quantity":4,"remainingQuantity":0,"nextDate":"2026-01-22T18:00:00"}
[buffer] replenish {"buffer":"sensor C","iteration":0,"requested":4,"replenished":4,"producerDate":"2026-01-22T18:00:00","eventCountBefore":29,"eventCountAfter":30,"remaining":0}
[buffer] answer {"demand":null,"buffer":"sensor C","requested":4,"remainingShortage":0,"quantity":4,"date":"2030-12-31T00:00:00","plan":"OperationPlan"}
[operation] answer {"demand":"electronics order 015 SENSOR-C","operation":"ship SENSOR-C","quantity":4,"start":"2026-01-22T12:00:00","end":"2026-01-22T14:00:00"}
[demand] reply {"demand":"electronics order 015 SENSOR-C","attempt":1,"result":true,"quantity":4,"date":"2030-12-31T00:00:00"}
[demand] attempt {"demand":"electronics order 030 CTRL-B","attempt":1,"quantity":5,"requestDate":"2026-01-26T08:00:00","lastDate":"2030-12-31T00:00:00"}
[operation] ask {"demand":"electronics order 030 CTRL-B","operation":"ship CTRL-B","quantity":5,"operationQuantity":5,"end":"2026-01-26T08:00:00","operationEnd":"2026-01-26T08:00:00"}
[buffer] ask {"demand":null,"buffer":"controller B","requested":5,"date":"2026-01-26T06:00:00","onhand":2}
[buffer] shortage {"buffer":"controller B","iteration":0,"date":"2026-01-26T06:00:00","onhand":-5,"shortage":5}
[operation] alternate-ask {"demand":null,"operation":"select process CTRL-B","quantity":5,"end":"2026-01-26T06:00:00","alternates":["fast process CTRL-B","standard process CTRL-B"]}
[operation] alternate-try {"operation":"select process CTRL-B","alternate":"fast process CTRL-B","remainingQuantity":5,"childQuantity":5}
[operation] ask {"demand":null,"operation":"fast process CTRL-B","quantity":5,"operationQuantity":5,"end":"2026-01-26T06:00:00","operationEnd":"2026-01-26T06:00:00"}
[operation] fixedtime-incomplete {"operation":"fast process CTRL-B","quantity":5,"q":5,"preferEnd":true,"later":false,"forward":false,"efficiency":1.15,"requestedStart":"1971-01-01T00:00:00","requestedEnd":"2026-01-26T06:00:00","productionWanted":28174,"productionActual":28174,"productionStart":"2026-01-25T22:10:26","productionEnd":"2026-01-26T06:00:00","setupRequired":true,"expectedSetup":3130.434782608696,"setupActual":3130,"setupStart":"2026-01-25T21:18:16","setupEnd":"2026-01-25T22:10:26","setupResource":"smt highspeed","setupRule":true,"resources":[{"resource":"smt highspeed","quantity":1,"start":true},{"resource":"smt highspeed","quantity":-1,"start":false}]}
[resource] ask {"demand":null,"operation":"fast process CTRL-B","resource":"smt highspeed","start":"2026-01-25T20:49:05","end":"2026-01-26T06:00:00"}
[resource] input {"operation":"fast process CTRL-B","resource":"smt highspeed","questionQuantity":-1,"operationQuantity":5,"loadQuantity":-1}
[resource] candidate {"demand":null,"start":"2026-01-25T20:49:05","end":"2026-01-26T06:00:00","feasible":true}
[resource] answer {"operation":"fast process CTRL-B","resource":"smt highspeed","answerQuantity":1,"operationQuantity":5,"loadQuantity":-1}
[load] resource-before-assignment {"operation":"fast process CTRL-B","load":"","resource":"ict senior","originalQuantity":5,"plannedQuantity":5,"loadQuantity":-1}
[load] resource-after-assignment {"operation":"fast process CTRL-B","load":"","resource":"ict senior","plannedQuantity":5,"loadQuantity":-1}
[operation] fixedtime-incomplete {"operation":"fast process CTRL-B","quantity":5,"q":5,"preferEnd":true,"later":false,"forward":false,"efficiency":1.1,"requestedStart":"1971-01-01T00:00:00","requestedEnd":"2026-01-26T06:00:00","productionWanted":29455,"productionActual":29455,"productionStart":"2026-01-25T21:49:05","productionEnd":"2026-01-26T06:00:00","setupRequired":true,"expectedSetup":3272.7272727272725,"setupActual":3273,"setupStart":"2026-01-25T20:54:32","setupEnd":"2026-01-25T21:49:05","setupResource":"smt highspeed","setupRule":true,"resources":[{"resource":"smt highspeed","quantity":1,"start":true},{"resource":"smt highspeed","quantity":-1,"start":false},{"resource":"ict senior","quantity":1,"start":true},{"resource":"ict senior","quantity":-1,"start":false}]}
[resource] ask {"demand":null,"operation":"fast process CTRL-B","resource":"ict senior","start":"2026-01-25T21:49:05","end":"2026-01-26T06:00:00"}
[resource] input {"operation":"fast process CTRL-B","resource":"ict senior","questionQuantity":0,"operationQuantity":0,"loadQuantity":0}
[resource] candidate {"demand":null,"start":"2026-01-25T21:49:05","end":"2026-01-26T06:00:00","feasible":true}
[resource] answer {"operation":"fast process CTRL-B","resource":"ict senior","answerQuantity":0,"operationQuantity":0,"loadQuantity":0}
[load] resource-trial {"operation":"fast process CTRL-B","load":"","resource":"ict senior","answerQuantity":0,"plannedQuantity":0,"skillPriority":1,"answerDate":"2026-01-26T06:00:00"}
[load] resource-before-assignment {"operation":"fast process CTRL-B","load":"","resource":"ict regular","originalQuantity":5,"plannedQuantity":5,"loadQuantity":-1}
[operation] fixedtime-incomplete {"operation":"fast process CTRL-B","quantity":5,"q":5,"preferEnd":true,"later":false,"forward":false,"efficiency":0.95,"requestedStart":"1971-01-01T00:00:00","requestedEnd":"2026-01-26T06:00:00","productionWanted":34105,"productionActual":34105,"productionStart":"2026-01-25T20:31:35","productionEnd":"2026-01-26T06:00:00","setupRequired":true,"expectedSetup":3789.4736842105267,"setupActual":3789,"setupStart":"2026-01-25T19:28:26","setupEnd":"2026-01-25T20:31:35","setupResource":"smt highspeed","setupRule":true,"resources":[{"resource":"smt highspeed","quantity":1,"start":true},{"resource":"smt highspeed","quantity":-1,"start":false},{"resource":"ict regular","quantity":1,"start":true},{"resource":"ict regular","quantity":-1,"start":false}]}
[load] resource-after-assignment {"operation":"fast process CTRL-B","load":"","resource":"ict regular","plannedQuantity":0,"loadQuantity":0}
[resource] ask {"demand":null,"operation":"fast process CTRL-B","resource":"ict regular","start":"2026-01-25T20:31:35","end":"2026-01-26T06:00:00"}
[resource] input {"operation":"fast process CTRL-B","resource":"ict regular","questionQuantity":0,"operationQuantity":0,"loadQuantity":0}
[resource] candidate {"demand":null,"start":"2026-01-25T20:31:35","end":"2026-01-26T06:00:00","feasible":true}
[resource] answer {"operation":"fast process CTRL-B","resource":"ict regular","answerQuantity":0,"operationQuantity":0,"loadQuantity":0}
[load] resource-trial {"operation":"fast process CTRL-B","load":"","resource":"ict regular","answerQuantity":0,"plannedQuantity":0,"skillPriority":2,"answerDate":"2026-01-26T06:00:00"}
[load] resource-rejected {"operation":"fast process CTRL-B","load":"","candidateCount":3,"qualifiedResourceExists":true,"minimumNextDate":"2026-01-26T06:00:00"}
[operation] capacity-reject {"demand":null,"operation":"fast process CTRL-B","start":"2026-01-25T20:31:35","end":"2026-01-26T06:00:00","answerQuantity":0,"answerDate":"2026-01-26T06:00:00"}
[operation] alternate-reject {"operation":"select process CTRL-B","alternate":"fast process CTRL-B","quantity":0,"nextDate":"2026-01-26T12:00:00"}
[operation] alternate-try {"operation":"select process CTRL-B","alternate":"standard process CTRL-B","remainingQuantity":5,"childQuantity":5}
[operation] ask {"demand":null,"operation":"standard process CTRL-B","quantity":5,"operationQuantity":5,"end":"2026-01-26T06:00:00","operationEnd":"2026-01-26T06:00:00"}
[resource] ask {"demand":null,"operation":"standard process CTRL-B","resource":"smt standard","start":"2026-01-25T13:31:46","end":"2026-01-26T06:00:00"}
[resource] input {"operation":"standard process CTRL-B","resource":"smt standard","questionQuantity":-1,"operationQuantity":5,"loadQuantity":-1}
[resource] candidate {"demand":null,"start":"2026-01-25T13:31:46","end":"2026-01-26T06:00:00","feasible":true}
[resource] answer {"operation":"standard process CTRL-B","resource":"smt standard","answerQuantity":1,"operationQuantity":5,"loadQuantity":-1}
[resource] ask {"demand":null,"operation":"standard process CTRL-B","resource":"functional test","start":"2026-01-25T13:31:46","end":"2026-01-26T06:00:00"}
[resource] input {"operation":"standard process CTRL-B","resource":"functional test","questionQuantity":-1,"operationQuantity":5,"loadQuantity":-1}
[resource] candidate {"demand":null,"start":"2026-01-25T13:31:46","end":"2026-01-26T06:00:00","feasible":true}
[resource] answer {"operation":"standard process CTRL-B","resource":"functional test","answerQuantity":1,"operationQuantity":5,"loadQuantity":-1}
[buffer] ask {"demand":null,"buffer":"microcontroller standard","requested":5,"date":"2026-01-25T13:31:46","onhand":100}
[buffer] answer {"demand":null,"buffer":"microcontroller standard","requested":5,"remainingShortage":0,"quantity":5,"date":"2030-12-31T00:00:00","plan":null}
[buffer] ask {"demand":null,"buffer":"pcb panel","requested":5,"date":"2026-01-25T13:31:46","onhand":201}
[buffer] answer {"demand":null,"buffer":"pcb panel","requested":5,"remainingShortage":0,"quantity":5,"date":"2030-12-31T00:00:00","plan":null}
[operation] answer {"demand":null,"operation":"standard process CTRL-B","quantity":5,"start":"2026-01-25T13:31:46","end":"2026-01-26T06:00:00"}
[operation] alternate-segment {"operation":"select process CTRL-B","alternate":"standard process CTRL-B","quantity":5,"remainingQuantity":0,"start":"2026-01-25T13:31:46","end":"2026-01-26T06:00:00"}
[operation] alternate-answer {"operation":"select process CTRL-B","quantity":5,"remainingQuantity":0,"nextDate":"2026-01-26T12:00:00"}
[buffer] replenish {"buffer":"controller B","iteration":0,"requested":5,"replenished":5,"producerDate":"2026-01-26T12:00:00","eventCountBefore":29,"eventCountAfter":30,"remaining":0}
[buffer] answer {"demand":null,"buffer":"controller B","requested":5,"remainingShortage":0,"quantity":5,"date":"2030-12-31T00:00:00","plan":"OperationPlan"}
[operation] answer {"demand":"electronics order 030 CTRL-B","operation":"ship CTRL-B","quantity":5,"start":"2026-01-26T06:00:00","end":"2026-01-26T08:00:00"}
[demand] reply {"demand":"electronics order 030 CTRL-B","attempt":1,"result":true,"quantity":5,"date":"2030-12-31T00:00:00"}
[demand] attempt {"demand":"electronics order 045 CTRL-A","attempt":1,"quantity":4,"requestDate":"2026-01-30T02:00:00","lastDate":"2030-12-31T00:00:00"}
[operation] ask {"demand":"electronics order 045 CTRL-A","operation":"ship CTRL-A","quantity":4,"operationQuantity":4,"end":"2026-01-30T02:00:00","operationEnd":"2026-01-30T02:00:00"}
[buffer] ask {"demand":null,"buffer":"controller A","requested":4,"date":"2026-01-30T00:00:00","onhand":2}
[buffer] shortage {"buffer":"controller A","iteration":0,"date":"2026-01-30T00:00:00","onhand":-4,"shortage":4}
[operation] alternate-ask {"demand":null,"operation":"select process CTRL-A","quantity":4,"end":"2026-01-30T00:00:00","alternates":["fast process CTRL-A","standard process CTRL-A"]}
[operation] alternate-try {"operation":"select process CTRL-A","alternate":"fast process CTRL-A","remainingQuantity":4,"childQuantity":4}
[operation] ask {"demand":null,"operation":"fast process CTRL-A","quantity":4,"operationQuantity":4,"end":"2026-01-30T00:00:00","operationEnd":"2026-01-30T00:00:00"}
[operation] fixedtime-incomplete {"operation":"fast process CTRL-A","quantity":4,"q":4,"preferEnd":true,"later":false,"forward":false,"efficiency":1.15,"requestedStart":"1971-01-01T00:00:00","requestedEnd":"2026-01-30T00:00:00","productionWanted":25043,"productionActual":25043,"productionStart":"2026-01-29T17:02:37","productionEnd":"2026-01-30T00:00:00","setupRequired":true,"expectedSetup":3130.434782608696,"setupActual":3130,"setupStart":"2026-01-29T16:10:27","setupEnd":"2026-01-29T17:02:37","setupResource":"smt highspeed","setupRule":true,"resources":[{"resource":"smt highspeed","quantity":1,"start":true},{"resource":"smt highspeed","quantity":-1,"start":false}]}
[resource] ask {"demand":null,"operation":"fast process CTRL-A","resource":"smt highspeed","start":"2026-01-29T15:43:38","end":"2026-01-30T00:00:00"}
[resource] input {"operation":"fast process CTRL-A","resource":"smt highspeed","questionQuantity":-1,"operationQuantity":4,"loadQuantity":-1}
[resource] candidate {"demand":null,"start":"2026-01-29T15:43:38","end":"2026-01-30T00:00:00","feasible":true}
[resource] answer {"operation":"fast process CTRL-A","resource":"smt highspeed","answerQuantity":1,"operationQuantity":4,"loadQuantity":-1}
[load] resource-before-assignment {"operation":"fast process CTRL-A","load":"","resource":"ict senior","originalQuantity":4,"plannedQuantity":4,"loadQuantity":-1}
[load] resource-after-assignment {"operation":"fast process CTRL-A","load":"","resource":"ict senior","plannedQuantity":4,"loadQuantity":-1}
[operation] fixedtime-incomplete {"operation":"fast process CTRL-A","quantity":4,"q":4,"preferEnd":true,"later":false,"forward":false,"efficiency":1.1,"requestedStart":"1971-01-01T00:00:00","requestedEnd":"2026-01-30T00:00:00","productionWanted":26182,"productionActual":26182,"productionStart":"2026-01-29T16:43:38","productionEnd":"2026-01-30T00:00:00","setupRequired":true,"expectedSetup":3272.7272727272725,"setupActual":3273,"setupStart":"2026-01-29T15:49:05","setupEnd":"2026-01-29T16:43:38","setupResource":"smt highspeed","setupRule":true,"resources":[{"resource":"smt highspeed","quantity":1,"start":true},{"resource":"smt highspeed","quantity":-1,"start":false},{"resource":"ict senior","quantity":1,"start":true},{"resource":"ict senior","quantity":-1,"start":false}]}
[resource] ask {"demand":null,"operation":"fast process CTRL-A","resource":"ict senior","start":"2026-01-29T16:43:38","end":"2026-01-30T00:00:00"}
[resource] input {"operation":"fast process CTRL-A","resource":"ict senior","questionQuantity":0,"operationQuantity":0,"loadQuantity":0}
[resource] candidate {"demand":null,"start":"2026-01-29T16:43:38","end":"2026-01-30T00:00:00","feasible":true}
[resource] answer {"operation":"fast process CTRL-A","resource":"ict senior","answerQuantity":0,"operationQuantity":0,"loadQuantity":0}
[load] resource-trial {"operation":"fast process CTRL-A","load":"","resource":"ict senior","answerQuantity":0,"plannedQuantity":0,"skillPriority":1,"answerDate":"2026-01-30T00:00:00"}
[load] resource-before-assignment {"operation":"fast process CTRL-A","load":"","resource":"ict regular","originalQuantity":4,"plannedQuantity":4,"loadQuantity":-1}
[operation] fixedtime-incomplete {"operation":"fast process CTRL-A","quantity":4,"q":4,"preferEnd":true,"later":false,"forward":false,"efficiency":0.95,"requestedStart":"1971-01-01T00:00:00","requestedEnd":"2026-01-30T00:00:00","productionWanted":30316,"productionActual":30316,"productionStart":"2026-01-29T15:34:44","productionEnd":"2026-01-30T00:00:00","setupRequired":true,"expectedSetup":3789.4736842105267,"setupActual":3789,"setupStart":"2026-01-29T14:31:35","setupEnd":"2026-01-29T15:34:44","setupResource":"smt highspeed","setupRule":true,"resources":[{"resource":"smt highspeed","quantity":1,"start":true},{"resource":"smt highspeed","quantity":-1,"start":false},{"resource":"ict regular","quantity":1,"start":true},{"resource":"ict regular","quantity":-1,"start":false}]}
[load] resource-after-assignment {"operation":"fast process CTRL-A","load":"","resource":"ict regular","plannedQuantity":0,"loadQuantity":0}
[resource] ask {"demand":null,"operation":"fast process CTRL-A","resource":"ict regular","start":"2026-01-29T15:34:44","end":"2026-01-30T00:00:00"}
[resource] input {"operation":"fast process CTRL-A","resource":"ict regular","questionQuantity":0,"operationQuantity":0,"loadQuantity":0}
[resource] candidate {"demand":null,"start":"2026-01-29T15:34:44","end":"2026-01-30T00:00:00","feasible":true}
[resource] answer {"operation":"fast process CTRL-A","resource":"ict regular","answerQuantity":0,"operationQuantity":0,"loadQuantity":0}
[load] resource-trial {"operation":"fast process CTRL-A","load":"","resource":"ict regular","answerQuantity":0,"plannedQuantity":0,"skillPriority":2,"answerDate":"2026-01-30T00:00:00"}
[load] resource-rejected {"operation":"fast process CTRL-A","load":"","candidateCount":3,"qualifiedResourceExists":true,"minimumNextDate":"2026-01-30T00:00:00"}
[operation] capacity-reject {"demand":null,"operation":"fast process CTRL-A","start":"2026-01-29T15:34:44","end":"2026-01-30T00:00:00","answerQuantity":0,"answerDate":"2026-01-30T00:00:00"}
[operation] alternate-reject {"operation":"select process CTRL-A","alternate":"fast process CTRL-A","quantity":0,"nextDate":"2026-01-30T06:00:00"}
[operation] alternate-try {"operation":"select process CTRL-A","alternate":"standard process CTRL-A","remainingQuantity":4,"childQuantity":4}
[operation] ask {"demand":null,"operation":"standard process CTRL-A","quantity":4,"operationQuantity":4,"end":"2026-01-30T00:00:00","operationEnd":"2026-01-30T00:00:00"}
[operation] fixedtime-incomplete {"operation":"standard process CTRL-A","quantity":4,"q":4,"preferEnd":true,"later":false,"forward":false,"efficiency":0.85,"requestedStart":"1971-01-01T00:00:00","requestedEnd":"2026-01-30T00:00:00","productionWanted":55059,"productionActual":55059,"productionStart":"2026-01-29T08:42:21","productionEnd":"2026-01-30T00:00:00","setupRequired":true,"expectedSetup":8470.588235294117,"setupActual":8471,"setupStart":"2026-01-29T06:21:10","setupEnd":"2026-01-29T08:42:21","setupResource":"smt standard","setupRule":true,"resources":[{"resource":"smt standard","quantity":1,"start":true},{"resource":"smt standard","quantity":-1,"start":false}]}
[resource] ask {"demand":null,"operation":"standard process CTRL-A","resource":"smt standard","start":"2026-01-29T06:42:21","end":"2026-01-30T00:00:00"}
[resource] input {"operation":"standard process CTRL-A","resource":"smt standard","questionQuantity":-1,"operationQuantity":4,"loadQuantity":-1}
[resource] candidate {"demand":null,"start":"2026-01-29T06:42:21","end":"2026-01-30T00:00:00","feasible":true}
[resource] answer {"operation":"standard process CTRL-A","resource":"smt standard","answerQuantity":1,"operationQuantity":4,"loadQuantity":-1}
[resource] ask {"demand":null,"operation":"standard process CTRL-A","resource":"functional test","start":"2026-01-29T06:42:21","end":"2026-01-30T00:00:00"}
[resource] input {"operation":"standard process CTRL-A","resource":"functional test","questionQuantity":-1,"operationQuantity":4,"loadQuantity":-1}
[resource] candidate {"demand":null,"start":"2026-01-29T06:42:21","end":"2026-01-30T00:00:00","feasible":true}
[resource] answer {"operation":"standard process CTRL-A","resource":"functional test","answerQuantity":1,"operationQuantity":4,"loadQuantity":-1}
[buffer] ask {"demand":null,"buffer":"microcontroller standard","requested":4,"date":"2026-01-29T08:42:21","onhand":58}
[buffer] answer {"demand":null,"buffer":"microcontroller standard","requested":4,"remainingShortage":0,"quantity":4,"date":"2030-12-31T00:00:00","plan":null}
[buffer] ask {"demand":null,"buffer":"pcb panel","requested":4,"date":"2026-01-29T08:42:21","onhand":179}
[buffer] answer {"demand":null,"buffer":"pcb panel","requested":4,"remainingShortage":0,"quantity":4,"date":"2030-12-31T00:00:00","plan":null}
[operation] answer {"demand":null,"operation":"standard process CTRL-A","quantity":4,"start":"2026-01-29T06:42:21","end":"2026-01-30T00:00:00"}
[operation] alternate-segment {"operation":"select process CTRL-A","alternate":"standard process CTRL-A","quantity":4,"remainingQuantity":0,"start":"2026-01-29T06:42:21","end":"2026-01-30T00:00:00"}
[operation] alternate-answer {"operation":"select process CTRL-A","quantity":4,"remainingQuantity":0,"nextDate":"2026-01-30T06:00:00"}
[buffer] replenish {"buffer":"controller A","iteration":0,"requested":4,"replenished":4,"producerDate":"2026-01-30T06:00:00","eventCountBefore":29,"eventCountAfter":30,"remaining":0}
[buffer] answer {"demand":null,"buffer":"controller A","requested":4,"remainingShortage":0,"quantity":4,"date":"2030-12-31T00:00:00","plan":"OperationPlan"}
[operation] answer {"demand":"electronics order 045 CTRL-A","operation":"ship CTRL-A","quantity":4,"start":"2026-01-30T00:00:00","end":"2026-01-30T02:00:00"}
[demand] reply {"demand":"electronics order 045 CTRL-A","attempt":1,"result":true,"quantity":4,"date":"2030-12-31T00:00:00"}
[demand] attempt {"demand":"electronics order 060 SENSOR-D","attempt":1,"quantity":5,"requestDate":"2026-02-02T20:00:00","lastDate":"2030-12-31T00:00:00"}
[operation] ask {"demand":"electronics order 060 SENSOR-D","operation":"ship SENSOR-D","quantity":5,"operationQuantity":5,"end":"2026-02-02T20:00:00","operationEnd":"2026-02-02T20:00:00"}
[buffer] ask {"demand":null,"buffer":"sensor D","requested":5,"date":"2026-02-02T18:00:00","onhand":2}
[buffer] shortage {"buffer":"sensor D","iteration":0,"date":"2026-02-02T18:00:00","onhand":-5,"shortage":5}
[operation] alternate-ask {"demand":null,"operation":"select process SENSOR-D","quantity":5,"end":"2026-02-02T18:00:00","alternates":["fast process SENSOR-D","standard process SENSOR-D"]}
[operation] alternate-try {"operation":"select process SENSOR-D","alternate":"fast process SENSOR-D","remainingQuantity":5,"childQuantity":5}
[operation] ask {"demand":null,"operation":"fast process SENSOR-D","quantity":5,"operationQuantity":5,"end":"2026-02-02T18:00:00","operationEnd":"2026-02-02T18:00:00"}
[operation] fixedtime-incomplete {"operation":"fast process SENSOR-D","quantity":5,"q":5,"preferEnd":true,"later":false,"forward":false,"efficiency":1.15,"requestedStart":"1971-01-01T00:00:00","requestedEnd":"2026-02-02T18:00:00","productionWanted":34435,"productionActual":34435,"productionStart":"2026-02-02T08:26:05","productionEnd":"2026-02-02T18:00:00","setupRequired":true,"expectedSetup":3130.434782608696,"setupActual":3130,"setupStart":"2026-02-02T07:33:55","setupEnd":"2026-02-02T08:26:05","setupResource":"smt highspeed","setupRule":true,"resources":[{"resource":"smt highspeed","quantity":1,"start":true},{"resource":"smt highspeed","quantity":-1,"start":false}]}
[resource] ask {"demand":null,"operation":"fast process SENSOR-D","resource":"smt highspeed","start":"2026-02-02T07:00:00","end":"2026-02-02T18:00:00"}
[resource] input {"operation":"fast process SENSOR-D","resource":"smt highspeed","questionQuantity":-1,"operationQuantity":5,"loadQuantity":-1}
[resource] candidate {"demand":null,"start":"2026-02-02T07:00:00","end":"2026-02-02T18:00:00","feasible":true}
[resource] answer {"operation":"fast process SENSOR-D","resource":"smt highspeed","answerQuantity":1,"operationQuantity":5,"loadQuantity":-1}
[load] resource-before-assignment {"operation":"fast process SENSOR-D","load":"","resource":"ict senior","originalQuantity":5,"plannedQuantity":5,"loadQuantity":-1}
[load] resource-after-assignment {"operation":"fast process SENSOR-D","load":"","resource":"ict senior","plannedQuantity":5,"loadQuantity":-1}
[operation] fixedtime-incomplete {"operation":"fast process SENSOR-D","quantity":5,"q":5,"preferEnd":true,"later":false,"forward":false,"efficiency":1.1,"requestedStart":"1971-01-01T00:00:00","requestedEnd":"2026-02-02T18:00:00","productionWanted":36000,"productionActual":36000,"productionStart":"2026-02-02T08:00:00","productionEnd":"2026-02-02T18:00:00","setupRequired":true,"expectedSetup":3272.7272727272725,"setupActual":3273,"setupStart":"2026-02-02T07:05:27","setupEnd":"2026-02-02T08:00:00","setupResource":"smt highspeed","setupRule":true,"resources":[{"resource":"smt highspeed","quantity":1,"start":true},{"resource":"smt highspeed","quantity":-1,"start":false},{"resource":"ict senior","quantity":1,"start":true},{"resource":"ict senior","quantity":-1,"start":false}]}
[resource] ask {"demand":null,"operation":"fast process SENSOR-D","resource":"ict senior","start":"2026-02-02T08:00:00","end":"2026-02-02T18:00:00"}
[resource] input {"operation":"fast process SENSOR-D","resource":"ict senior","questionQuantity":0,"operationQuantity":0,"loadQuantity":0}
[resource] candidate {"demand":null,"start":"2026-02-02T08:00:00","end":"2026-02-02T18:00:00","feasible":true}
[resource] answer {"operation":"fast process SENSOR-D","resource":"ict senior","answerQuantity":0,"operationQuantity":0,"loadQuantity":0}
[load] resource-trial {"operation":"fast process SENSOR-D","load":"","resource":"ict senior","answerQuantity":0,"plannedQuantity":0,"skillPriority":1,"answerDate":"2026-02-02T18:00:00"}
[load] resource-before-assignment {"operation":"fast process SENSOR-D","load":"","resource":"ict regular","originalQuantity":5,"plannedQuantity":5,"loadQuantity":-1}
[operation] fixedtime-incomplete {"operation":"fast process SENSOR-D","quantity":5,"q":5,"preferEnd":true,"later":false,"forward":false,"efficiency":0.95,"requestedStart":"1971-01-01T00:00:00","requestedEnd":"2026-02-02T18:00:00","productionWanted":41684,"productionActual":41684,"productionStart":"2026-02-02T06:25:16","productionEnd":"2026-02-02T18:00:00","setupRequired":true,"expectedSetup":3789.4736842105267,"setupActual":3789,"setupStart":"2026-02-02T05:22:07","setupEnd":"2026-02-02T06:25:16","setupResource":"smt highspeed","setupRule":true,"resources":[{"resource":"smt highspeed","quantity":1,"start":true},{"resource":"smt highspeed","quantity":-1,"start":false},{"resource":"ict regular","quantity":1,"start":true},{"resource":"ict regular","quantity":-1,"start":false}]}
[load] resource-after-assignment {"operation":"fast process SENSOR-D","load":"","resource":"ict regular","plannedQuantity":0,"loadQuantity":0}
[resource] ask {"demand":null,"operation":"fast process SENSOR-D","resource":"ict regular","start":"2026-02-02T06:25:16","end":"2026-02-02T18:00:00"}
[resource] input {"operation":"fast process SENSOR-D","resource":"ict regular","questionQuantity":0,"operationQuantity":0,"loadQuantity":0}
[resource] candidate {"demand":null,"start":"2026-02-02T06:25:16","end":"2026-02-02T18:00:00","feasible":true}
[resource] answer {"operation":"fast process SENSOR-D","resource":"ict regular","answerQuantity":0,"operationQuantity":0,"loadQuantity":0}
[load] resource-trial {"operation":"fast process SENSOR-D","load":"","resource":"ict regular","answerQuantity":0,"plannedQuantity":0,"skillPriority":2,"answerDate":"2026-02-02T18:00:00"}
[load] resource-rejected {"operation":"fast process SENSOR-D","load":"","candidateCount":3,"qualifiedResourceExists":true,"minimumNextDate":"2026-02-02T18:00:00"}
[operation] capacity-reject {"demand":null,"operation":"fast process SENSOR-D","start":"2026-02-02T06:25:16","end":"2026-02-02T18:00:00","answerQuantity":0,"answerDate":"2026-02-02T18:00:00"}
[operation] alternate-reject {"operation":"select process SENSOR-D","alternate":"fast process SENSOR-D","quantity":0,"nextDate":"2026-02-03T00:00:00"}
[operation] alternate-try {"operation":"select process SENSOR-D","alternate":"standard process SENSOR-D","remainingQuantity":5,"childQuantity":5}
[operation] ask {"demand":null,"operation":"standard process SENSOR-D","quantity":5,"operationQuantity":5,"end":"2026-02-02T18:00:00","operationEnd":"2026-02-02T18:00:00"}
[resource] ask {"demand":null,"operation":"standard process SENSOR-D","resource":"smt standard","start":"2026-02-01T23:10:35","end":"2026-02-02T18:00:00"}
[resource] input {"operation":"standard process SENSOR-D","resource":"smt standard","questionQuantity":-1,"operationQuantity":5,"loadQuantity":-1}
[resource] candidate {"demand":null,"start":"2026-02-01T23:10:35","end":"2026-02-02T18:00:00","feasible":true}
[resource] answer {"operation":"standard process SENSOR-D","resource":"smt standard","answerQuantity":1,"operationQuantity":5,"loadQuantity":-1}
[resource] ask {"demand":null,"operation":"standard process SENSOR-D","resource":"functional test","start":"2026-02-01T23:10:35","end":"2026-02-02T18:00:00"}
[resource] input {"operation":"standard process SENSOR-D","resource":"functional test","questionQuantity":-1,"operationQuantity":5,"loadQuantity":-1}
[resource] candidate {"demand":null,"start":"2026-02-01T23:10:35","end":"2026-02-02T18:00:00","feasible":true}
[resource] answer {"operation":"standard process SENSOR-D","resource":"functional test","answerQuantity":1,"operationQuantity":5,"loadQuantity":-1}
[buffer] ask {"demand":null,"buffer":"microcontroller standard","requested":5,"date":"2026-02-01T23:10:35","onhand":15}
[buffer] answer {"demand":null,"buffer":"microcontroller standard","requested":5,"remainingShortage":0,"quantity":5,"date":"2030-12-31T00:00:00","plan":null}
[buffer] ask {"demand":null,"buffer":"sensor die","requested":5,"date":"2026-02-01T23:10:35","onhand":60}
[buffer] answer {"demand":null,"buffer":"sensor die","requested":5,"remainingShortage":0,"quantity":5,"date":"2030-12-31T00:00:00","plan":null}
[operation] answer {"demand":null,"operation":"standard process SENSOR-D","quantity":5,"start":"2026-02-01T23:10:35","end":"2026-02-02T18:00:00"}
[operation] alternate-segment {"operation":"select process SENSOR-D","alternate":"standard process SENSOR-D","quantity":5,"remainingQuantity":0,"start":"2026-02-01T23:10:35","end":"2026-02-02T18:00:00"}
[operation] alternate-answer {"operation":"select process SENSOR-D","quantity":5,"remainingQuantity":0,"nextDate":"2026-02-03T00:00:00"}
[buffer] replenish {"buffer":"sensor D","iteration":0,"requested":5,"replenished":5,"producerDate":"2026-02-03T00:00:00","eventCountBefore":29,"eventCountAfter":30,"remaining":0}
[buffer] answer {"demand":null,"buffer":"sensor D","requested":5,"remainingShortage":0,"quantity":5,"date":"2030-12-31T00:00:00","plan":"OperationPlan"}
[operation] answer {"demand":"electronics order 060 SENSOR-D","operation":"ship SENSOR-D","quantity":5,"start":"2026-02-02T18:00:00","end":"2026-02-02T20:00:00"}
[demand] reply {"demand":"electronics order 060 SENSOR-D","attempt":1,"result":true,"quantity":5,"date":"2030-12-31T00:00:00"}
