[demand] attempt {"demand":"electronics order 001 CTRL-A","attempt":1,"quantity":1,"requestDate":"2026-01-19T02:00:00","lastDate":"2030-12-31T00:00:00"}
[operation] ask {"demand":"electronics order 001 CTRL-A","operation":"ship CTRL-A","quantity":1,"end":"2026-01-19T02:00:00"}
[buffer] ask {"demand":null,"buffer":"controller A","requested":1,"date":"2026-01-19T00:00:00","onhand":0}
[buffer] shortage {"buffer":"controller A","iteration":0,"date":"2026-01-19T00:00:00","onhand":-1,"shortage":1}
[operation] alternate-ask {"demand":null,"operation":"select process CTRL-A","quantity":1,"end":"2026-01-19T00:00:00","alternates":["fast process CTRL-A","standard process CTRL-A"]}
[operation] alternate-try {"operation":"select process CTRL-A","alternate":"fast process CTRL-A","remainingQuantity":1,"childQuantity":1}
[operation] ask {"demand":null,"operation":"fast process CTRL-A","quantity":1,"end":"2026-01-19T00:00:00"}
[resource] ask {"demand":null,"operation":"fast process CTRL-A","resource":"smt highspeed","start":"2026-01-18T15:43:38","end":"2026-01-19T00:00:00"}
[resource] candidate {"demand":null,"start":"2026-01-18T15:43:38","end":"2026-01-19T00:00:00","feasible":true}
[resource] ask {"demand":null,"operation":"fast process CTRL-A","resource":"ict senior","start":"2026-01-18T15:43:38","end":"2026-01-19T00:00:00"}
[resource] candidate {"demand":null,"start":"2026-01-18T15:43:38","end":"2026-01-19T00:00:00","feasible":true}
[resource] ask {"demand":null,"operation":"fast process CTRL-A","resource":"ict regular","start":"2026-01-18T14:34:44","end":"2026-01-19T00:00:00"}
[resource] candidate {"demand":null,"start":"2026-01-18T14:34:44","end":"2026-01-19T00:00:00","feasible":true}
[resource] ask {"demand":null,"operation":"fast process CTRL-A","resource":"ict senior","start":"2026-01-18T15:43:38","end":"2026-01-19T00:00:00"}
[resource] candidate {"demand":null,"start":"2026-01-18T15:43:38","end":"2026-01-19T00:00:00","feasible":true}
[buffer] ask {"demand":null,"buffer":"microcontroller premium","requested":1,"date":"2026-01-18T16:43:38","onhand":18}
[buffer] answer {"demand":null,"buffer":"microcontroller premium","requested":1,"remainingShortage":0,"quantity":1,"date":"2026-01-18T16:43:38","plan":null}
[buffer] ask {"demand":null,"buffer":"pcb panel","requested":1,"date":"2026-01-18T16:43:38","onhand":240}
[buffer] answer {"demand":null,"buffer":"pcb panel","requested":1,"remainingShortage":0,"quantity":1,"date":"2026-01-18T16:43:38","plan":null}
[operation] answer {"demand":null,"operation":"fast process CTRL-A","quantity":1,"start":"2026-01-18T15:43:38","end":"2026-01-19T00:00:00"}
[operation] alternate-segment {"operation":"select process CTRL-A","alternate":"fast process CTRL-A","quantity":1,"remainingQuantity":0,"start":"2026-01-18T15:43:38","end":"2026-01-19T00:00:00"}
[operation] alternate-answer {"operation":"select process CTRL-A","quantity":1,"remainingQuantity":0,"nextDate":"2030-12-31T00:00:00"}
[buffer] replenish {"buffer":"controller A","iteration":0,"requested":1,"replenished":1,"producerDate":"2030-12-31T00:00:00","eventCountBefore":1,"eventCountAfter":2,"remaining":0}
[buffer] answer {"demand":null,"buffer":"controller A","requested":1,"remainingShortage":0,"quantity":1,"date":"2026-01-19T00:00:00","plan":"OperationPlan"}
[operation] answer {"demand":"electronics order 001 CTRL-A","operation":"ship CTRL-A","quantity":1,"start":"2026-01-19T00:00:00","end":"2026-01-19T02:00:00"}
[demand] reply {"demand":"electronics order 001 CTRL-A","attempt":1,"result":true,"quantity":1,"date":"2026-01-19T02:00:00"}
[demand] attempt {"demand":"electronics order 016 SENSOR-D","attempt":1,"quantity":3,"requestDate":"2026-01-22T20:00:00","lastDate":"2030-12-31T00:00:00"}
[operation] ask {"demand":"electronics order 016 SENSOR-D","operation":"ship SENSOR-D","quantity":3,"end":"2026-01-22T20:00:00"}
[buffer] ask {"demand":null,"buffer":"sensor D","requested":3,"date":"2026-01-22T18:00:00","onhand":0}
[buffer] shortage {"buffer":"sensor D","iteration":0,"date":"2026-01-22T18:00:00","onhand":-3,"shortage":3}
[operation] alternate-ask {"demand":null,"operation":"select process SENSOR-D","quantity":3,"end":"2026-01-22T18:00:00","alternates":["fast process SENSOR-D","standard process SENSOR-D"]}
[operation] alternate-try {"operation":"select process SENSOR-D","alternate":"fast process SENSOR-D","remainingQuantity":3,"childQuantity":3}
[operation] ask {"demand":null,"operation":"fast process SENSOR-D","quantity":3,"end":"2026-01-22T18:00:00"}
[resource] ask {"demand":null,"operation":"fast process SENSOR-D","resource":"smt highspeed","start":"2026-01-22T05:00:00","end":"2026-01-22T18:00:00"}
[resource] candidate {"demand":null,"start":"2026-01-22T05:00:00","end":"2026-01-22T18:00:00","feasible":true}
[resource] ask {"demand":null,"operation":"fast process SENSOR-D","resource":"ict senior","start":"2026-01-22T05:00:00","end":"2026-01-22T18:00:00"}
[resource] candidate {"demand":null,"start":"2026-01-22T05:00:00","end":"2026-01-22T18:00:00","feasible":true}
[resource] ask {"demand":null,"operation":"fast process SENSOR-D","resource":"ict regular","start":"2026-01-22T03:25:16","end":"2026-01-22T18:00:00"}
[resource] candidate {"demand":null,"start":"2026-01-22T03:25:16","end":"2026-01-22T18:00:00","feasible":true}
[resource] ask {"demand":null,"operation":"fast process SENSOR-D","resource":"ict senior","start":"2026-01-22T05:00:00","end":"2026-01-22T18:00:00"}
[resource] candidate {"demand":null,"start":"2026-01-22T05:00:00","end":"2026-01-22T18:00:00","feasible":true}
[buffer] ask {"demand":null,"buffer":"microcontroller premium","requested":3,"date":"2026-01-22T08:00:00","onhand":17}
[buffer] answer {"demand":null,"buffer":"microcontroller premium","requested":3,"remainingShortage":0,"quantity":3,"date":"2026-01-22T08:00:00","plan":null}
[buffer] ask {"demand":null,"buffer":"pcb panel","requested":3,"date":"2026-01-22T08:00:00","onhand":239}
[buffer] answer {"demand":null,"buffer":"pcb panel","requested":3,"remainingShortage":0,"quantity":3,"date":"2026-01-22T08:00:00","plan":null}
[operation] answer {"demand":null,"operation":"fast process SENSOR-D","quantity":3,"start":"2026-01-22T05:00:00","end":"2026-01-22T18:00:00"}
[operation] alternate-segment {"operation":"select process SENSOR-D","alternate":"fast process SENSOR-D","quantity":3,"remainingQuantity":0,"start":"2026-01-22T05:00:00","end":"2026-01-22T18:00:00"}
[operation] alternate-answer {"operation":"select process SENSOR-D","quantity":3,"remainingQuantity":0,"nextDate":"2030-12-31T00:00:00"}
[buffer] replenish {"buffer":"sensor D","iteration":0,"requested":3,"replenished":3,"producerDate":"2030-12-31T00:00:00","eventCountBefore":1,"eventCountAfter":2,"remaining":0}
[buffer] answer {"demand":null,"buffer":"sensor D","requested":3,"remainingShortage":0,"quantity":3,"date":"2026-01-22T18:00:00","plan":"OperationPlan"}
[operation] answer {"demand":"electronics order 016 SENSOR-D","operation":"ship SENSOR-D","quantity":3,"start":"2026-01-22T18:00:00","end":"2026-01-22T20:00:00"}
[demand] reply {"demand":"electronics order 016 SENSOR-D","attempt":1,"result":true,"quantity":3,"date":"2026-01-22T20:00:00"}
[demand] attempt {"demand":"electronics order 031 SENSOR-C","attempt":1,"quantity":1,"requestDate":"2026-01-26T14:00:00","lastDate":"2030-12-31T00:00:00"}
[operation] ask {"demand":"electronics order 031 SENSOR-C","operation":"ship SENSOR-C","quantity":1,"end":"2026-01-26T14:00:00"}
[buffer] ask {"demand":null,"buffer":"sensor C","requested":1,"date":"2026-01-26T12:00:00","onhand":0}
[buffer] shortage {"buffer":"sensor C","iteration":0,"date":"2026-01-26T12:00:00","onhand":-1,"shortage":1}
[operation] alternate-ask {"demand":null,"operation":"select process SENSOR-C","quantity":1,"end":"2026-01-26T12:00:00","alternates":["fast process SENSOR-C","standard process SENSOR-C"]}
[operation] alternate-try {"operation":"select process SENSOR-C","alternate":"fast process SENSOR-C","remainingQuantity":1,"childQuantity":1}
[operation] ask {"demand":null,"operation":"fast process SENSOR-C","quantity":1,"end":"2026-01-26T12:00:00"}
[resource] ask {"demand":null,"operation":"fast process SENSOR-C","resource":"smt highspeed","start":"2026-01-26T02:54:33","end":"2026-01-26T12:00:00"}
[resource] candidate {"demand":null,"start":"2026-01-26T02:54:33","end":"2026-01-26T12:00:00","feasible":true}
[resource] ask {"demand":null,"operation":"fast process SENSOR-C","resource":"ict senior","start":"2026-01-26T02:54:33","end":"2026-01-26T12:00:00"}
[resource] candidate {"demand":null,"start":"2026-01-26T02:54:33","end":"2026-01-26T12:00:00","feasible":true}
[resource] ask {"demand":null,"operation":"fast process SENSOR-C","resource":"ict regular","start":"2026-01-26T01:28:25","end":"2026-01-26T12:00:00"}
[resource] candidate {"demand":null,"start":"2026-01-26T01:28:25","end":"2026-01-26T12:00:00","feasible":true}
[resource] ask {"demand":null,"operation":"fast process SENSOR-C","resource":"ict senior","start":"2026-01-26T02:54:33","end":"2026-01-26T12:00:00"}
[resource] candidate {"demand":null,"start":"2026-01-26T02:54:33","end":"2026-01-26T12:00:00","feasible":true}
[buffer] ask {"demand":null,"buffer":"microcontroller premium","requested":1,"date":"2026-01-26T02:54:33","onhand":14}
[buffer] answer {"demand":null,"buffer":"microcontroller premium","requested":1,"remainingShortage":0,"quantity":1,"date":"2026-01-26T02:54:33","plan":null}
[buffer] ask {"demand":null,"buffer":"pcb panel","requested":1,"date":"2026-01-26T02:54:33","onhand":236}
[buffer] answer {"demand":null,"buffer":"pcb panel","requested":1,"remainingShortage":0,"quantity":1,"date":"2026-01-26T02:54:33","plan":null}
[operation] answer {"demand":null,"operation":"fast process SENSOR-C","quantity":1,"start":"2026-01-26T02:54:33","end":"2026-01-26T12:00:00"}
[operation] alternate-segment {"operation":"select process SENSOR-C","alternate":"fast process SENSOR-C","quantity":1,"remainingQuantity":0,"start":"2026-01-26T02:54:33","end":"2026-01-26T12:00:00"}
[operation] alternate-answer {"operation":"select process SENSOR-C","quantity":1,"remainingQuantity":0,"nextDate":"2030-12-31T00:00:00"}
[buffer] replenish {"buffer":"sensor C","iteration":0,"requested":1,"replenished":1,"producerDate":"2030-12-31T00:00:00","eventCountBefore":1,"eventCountAfter":2,"remaining":0}
[buffer] answer {"demand":null,"buffer":"sensor C","requested":1,"remainingShortage":0,"quantity":1,"date":"2026-01-26T12:00:00","plan":"OperationPlan"}
[operation] answer {"demand":"electronics order 031 SENSOR-C","operation":"ship SENSOR-C","quantity":1,"start":"2026-01-26T12:00:00","end":"2026-01-26T14:00:00"}
[demand] reply {"demand":"electronics order 031 SENSOR-C","attempt":1,"result":true,"quantity":1,"date":"2026-01-26T14:00:00"}
[demand] attempt {"demand":"electronics order 046 CTRL-B","attempt":1,"quantity":3,"requestDate":"2026-01-30T08:00:00","lastDate":"2030-12-31T00:00:00"}
[operation] ask {"demand":"electronics order 046 CTRL-B","operation":"ship CTRL-B","quantity":3,"end":"2026-01-30T08:00:00"}
[buffer] ask {"demand":null,"buffer":"controller B","requested":3,"date":"2026-01-30T06:00:00","onhand":0}
[buffer] shortage {"buffer":"controller B","iteration":0,"date":"2026-01-30T06:00:00","onhand":-3,"shortage":3}
[operation] alternate-ask {"demand":null,"operation":"select process CTRL-B","quantity":3,"end":"2026-01-30T06:00:00","alternates":["fast process CTRL-B","standard process CTRL-B"]}
[operation] alternate-try {"operation":"select process CTRL-B","alternate":"fast process CTRL-B","remainingQuantity":3,"childQuantity":3}
[operation] ask {"demand":null,"operation":"fast process CTRL-B","quantity":3,"end":"2026-01-30T06:00:00"}
[resource] ask {"demand":null,"operation":"fast process CTRL-B","resource":"smt highspeed","start":"2026-01-29T19:49:05","end":"2026-01-30T06:00:00"}
[resource] candidate {"demand":null,"start":"2026-01-29T19:49:05","end":"2026-01-30T06:00:00","feasible":true}
[resource] ask {"demand":null,"operation":"fast process CTRL-B","resource":"ict senior","start":"2026-01-29T19:49:05","end":"2026-01-30T06:00:00"}
[resource] candidate {"demand":null,"start":"2026-01-29T19:49:05","end":"2026-01-30T06:00:00","feasible":true}
[resource] ask {"demand":null,"operation":"fast process CTRL-B","resource":"ict regular","start":"2026-01-29T18:31:35","end":"2026-01-30T06:00:00"}
[resource] candidate {"demand":null,"start":"2026-01-29T18:31:35","end":"2026-01-30T06:00:00","feasible":true}
[resource] ask {"demand":null,"operation":"fast process CTRL-B","resource":"ict senior","start":"2026-01-29T19:49:05","end":"2026-01-30T06:00:00"}
[resource] candidate {"demand":null,"start":"2026-01-29T19:49:05","end":"2026-01-30T06:00:00","feasible":true}
[buffer] ask {"demand":null,"buffer":"microcontroller premium","requested":3,"date":"2026-01-29T21:49:05","onhand":13}
[buffer] answer {"demand":null,"buffer":"microcontroller premium","requested":3,"remainingShortage":0,"quantity":3,"date":"2026-01-29T21:49:05","plan":null}
[buffer] ask {"demand":null,"buffer":"pcb panel","requested":3,"date":"2026-01-29T21:49:05","onhand":235}
[buffer] answer {"demand":null,"buffer":"pcb panel","requested":3,"remainingShortage":0,"quantity":3,"date":"2026-01-29T21:49:05","plan":null}
[operation] answer {"demand":null,"operation":"fast process CTRL-B","quantity":3,"start":"2026-01-29T19:49:05","end":"2026-01-30T06:00:00"}
[operation] alternate-segment {"operation":"select process CTRL-B","alternate":"fast process CTRL-B","quantity":3,"remainingQuantity":0,"start":"2026-01-29T19:49:05","end":"2026-01-30T06:00:00"}
[operation] alternate-answer {"operation":"select process CTRL-B","quantity":3,"remainingQuantity":0,"nextDate":"2030-12-31T00:00:00"}
[buffer] replenish {"buffer":"controller B","iteration":0,"requested":3,"replenished":3,"producerDate":"2030-12-31T00:00:00","eventCountBefore":1,"eventCountAfter":2,"remaining":0}
[buffer] answer {"demand":null,"buffer":"controller B","requested":3,"remainingShortage":0,"quantity":3,"date":"2026-01-30T06:00:00","plan":"OperationPlan"}
[operation] answer {"demand":"electronics order 046 CTRL-B","operation":"ship CTRL-B","quantity":3,"start":"2026-01-30T06:00:00","end":"2026-01-30T08:00:00"}
[demand] reply {"demand":"electronics order 046 CTRL-B","attempt":1,"result":true,"quantity":3,"date":"2026-01-30T08:00:00"}
[demand] attempt {"demand":"electronics order 002 CTRL-B","attempt":1,"quantity":2,"requestDate":"2026-01-19T08:00:00","lastDate":"2030-12-31T00:00:00"}
[operation] ask {"demand":"electronics order 002 CTRL-B","operation":"ship CTRL-B","quantity":2,"end":"2026-01-19T08:00:00"}
[buffer] ask {"demand":null,"buffer":"controller B","requested":2,"date":"2026-01-19T06:00:00","onhand":0}
[buffer] shortage {"buffer":"controller B","iteration":0,"date":"2026-01-19T06:00:00","onhand":-2,"shortage":2}
[operation] alternate-ask {"demand":null,"operation":"select process CTRL-B","quantity":2,"end":"2026-01-19T06:00:00","alternates":["fast process CTRL-B","standard process CTRL-B"]}
[operation] alternate-try {"operation":"select process CTRL-B","alternate":"fast process CTRL-B","remainingQuantity":2,"childQuantity":2}
[operation] ask {"demand":null,"operation":"fast process CTRL-B","quantity":2,"end":"2026-01-19T06:00:00"}
[resource] ask {"demand":null,"operation":"fast process CTRL-B","resource":"smt highspeed","start":"2026-01-18T21:49:05","end":"2026-01-19T06:00:00"}
[resource] candidate {"demand":null,"start":"2026-01-18T21:49:05","end":"2026-01-19T06:00:00","feasible":true}
[resource] ask {"demand":null,"operation":"fast process CTRL-B","resource":"ict senior","start":"2026-01-18T21:49:05","end":"2026-01-19T06:00:00"}
[resource] candidate {"demand":null,"start":"2026-01-18T21:49:05","end":"2026-01-19T06:00:00","feasible":true}
[resource] ask {"demand":null,"operation":"fast process CTRL-B","resource":"ict regular","start":"2026-01-18T20:31:35","end":"2026-01-19T06:00:00"}
[resource] candidate {"demand":null,"start":"2026-01-18T20:31:35","end":"2026-01-19T06:00:00","feasible":true}
[resource] ask {"demand":null,"operation":"fast process CTRL-B","resource":"ict senior","start":"2026-01-18T21:49:05","end":"2026-01-19T06:00:00"}
[resource] candidate {"demand":null,"start":"2026-01-18T21:49:05","end":"2026-01-19T06:00:00","feasible":true}
[buffer] ask {"demand":null,"buffer":"microcontroller premium","requested":2,"date":"2026-01-18T21:49:05","onhand":17}
[buffer] answer {"demand":null,"buffer":"microcontroller premium","requested":2,"remainingShortage":0,"quantity":2,"date":"2026-01-18T21:49:05","plan":null}
[buffer] ask {"demand":null,"buffer":"pcb panel","requested":2,"date":"2026-01-18T21:49:05","onhand":239}
[buffer] answer {"demand":null,"buffer":"pcb panel","requested":2,"remainingShortage":0,"quantity":2,"date":"2026-01-18T21:49:05","plan":null}
[operation] answer {"demand":null,"operation":"fast process CTRL-B","quantity":2,"start":"2026-01-18T21:49:05","end":"2026-01-19T06:00:00"}
[operation] alternate-segment {"operation":"select process CTRL-B","alternate":"fast process CTRL-B","quantity":2,"remainingQuantity":0,"start":"2026-01-18T21:49:05","end":"2026-01-19T06:00:00"}
[operation] alternate-answer {"operation":"select process CTRL-B","quantity":2,"remainingQuantity":0,"nextDate":"2030-12-31T00:00:00"}
[buffer] replenish {"buffer":"controller B","iteration":0,"requested":2,"replenished":2,"producerDate":"2030-12-31T00:00:00","eventCountBefore":3,"eventCountAfter":4,"remaining":0}
[buffer] answer {"demand":null,"buffer":"controller B","requested":2,"remainingShortage":0,"quantity":2,"date":"2026-01-19T06:00:00","plan":"OperationPlan"}
[operation] answer {"demand":"electronics order 002 CTRL-B","operation":"ship CTRL-B","quantity":2,"start":"2026-01-19T06:00:00","end":"2026-01-19T08:00:00"}
[demand] reply {"demand":"electronics order 002 CTRL-B","attempt":1,"result":true,"quantity":2,"date":"2026-01-19T08:00:00"}
[demand] attempt {"demand":"electronics order 017 CTRL-A","attempt":1,"quantity":2,"requestDate":"2026-01-23T02:00:00","lastDate":"2030-12-31T00:00:00"}
[operation] ask {"demand":"electronics order 017 CTRL-A","operation":"ship CTRL-A","quantity":2,"end":"2026-01-23T02:00:00"}
[buffer] ask {"demand":null,"buffer":"controller A","requested":2,"date":"2026-01-23T00:00:00","onhand":1}
[buffer] shortage {"buffer":"controller A","iteration":0,"date":"2026-01-23T00:00:00","onhand":-2,"shortage":2}
[operation] alternate-ask {"demand":null,"operation":"select process CTRL-A","quantity":2,"end":"2026-01-23T00:00:00","alternates":["fast process CTRL-A","standard process CTRL-A"]}
[operation] alternate-try {"operation":"select process CTRL-A","alternate":"fast process CTRL-A","remainingQuantity":2,"childQuantity":2}
[operation] ask {"demand":null,"operation":"fast process CTRL-A","quantity":2,"end":"2026-01-23T00:00:00"}
[resource] ask {"demand":null,"operation":"fast process CTRL-A","resource":"smt highspeed","start":"2026-01-22T14:43:38","end":"2026-01-23T00:00:00"}
[resource] candidate {"demand":null,"start":"2026-01-22T14:43:38","end":"2026-01-23T00:00:00","feasible":true}
[resource] ask {"demand":null,"operation":"fast process CTRL-A","resource":"ict senior","start":"2026-01-22T14:43:38","end":"2026-01-23T00:00:00"}
[resource] candidate {"demand":null,"start":"2026-01-22T14:43:38","end":"2026-01-23T00:00:00","feasible":true}
[resource] ask {"demand":null,"operation":"fast process CTRL-A","resource":"ict regular","start":"2026-01-22T13:34:44","end":"2026-01-23T00:00:00"}
[resource] candidate {"demand":null,"start":"2026-01-22T13:34:44","end":"2026-01-23T00:00:00","feasible":true}
[resource] ask {"demand":null,"operation":"fast process CTRL-A","resource":"ict senior","start":"2026-01-22T14:43:38","end":"2026-01-23T00:00:00"}
[resource] candidate {"demand":null,"start":"2026-01-22T14:43:38","end":"2026-01-23T00:00:00","feasible":true}
[buffer] ask {"demand":null,"buffer":"microcontroller premium","requested":2,"date":"2026-01-22T16:43:38","onhand":12}
[buffer] answer {"demand":null,"buffer":"microcontroller premium","requested":2,"remainingShortage":0,"quantity":2,"date":"2026-01-22T16:43:38","plan":null}
[buffer] ask {"demand":null,"buffer":"pcb panel","requested":2,"date":"2026-01-22T16:43:38","onhand":234}
[buffer] answer {"demand":null,"buffer":"pcb panel","requested":2,"remainingShortage":0,"quantity":2,"date":"2026-01-22T16:43:38","plan":null}
[operation] answer {"demand":null,"operation":"fast process CTRL-A","quantity":2,"start":"2026-01-22T14:43:38","end":"2026-01-23T00:00:00"}
[operation] alternate-segment {"operation":"select process CTRL-A","alternate":"fast process CTRL-A","quantity":2,"remainingQuantity":0,"start":"2026-01-22T14:43:38","end":"2026-01-23T00:00:00"}
[operation] alternate-answer {"operation":"select process CTRL-A","quantity":2,"remainingQuantity":0,"nextDate":"2030-12-31T00:00:00"}
[buffer] replenish {"buffer":"controller A","iteration":0,"requested":2,"replenished":2,"producerDate":"2030-12-31T00:00:00","eventCountBefore":3,"eventCountAfter":4,"remaining":0}
[buffer] answer {"demand":null,"buffer":"controller A","requested":2,"remainingShortage":0,"quantity":2,"date":"2026-01-23T00:00:00","plan":"OperationPlan"}
[operation] answer {"demand":"electronics order 017 CTRL-A","operation":"ship CTRL-A","quantity":2,"start":"2026-01-23T00:00:00","end":"2026-01-23T02:00:00"}
[demand] reply {"demand":"electronics order 017 CTRL-A","attempt":1,"result":true,"quantity":2,"date":"2026-01-23T02:00:00"}
[demand] attempt {"demand":"electronics order 032 SENSOR-D","attempt":1,"quantity":2,"requestDate":"2026-01-26T20:00:00","lastDate":"2030-12-31T00:00:00"}
[operation] ask {"demand":"electronics order 032 SENSOR-D","operation":"ship SENSOR-D","quantity":2,"end":"2026-01-26T20:00:00"}
[buffer] ask {"demand":null,"buffer":"sensor D","requested":2,"date":"2026-01-26T18:00:00","onhand":3}
[buffer] shortage {"buffer":"sensor D","iteration":0,"date":"2026-01-26T18:00:00","onhand":-2,"shortage":2}
[operation] alternate-ask {"demand":null,"operation":"select process SENSOR-D","quantity":2,"end":"2026-01-26T18:00:00","alternates":["fast process SENSOR-D","standard process SENSOR-D"]}
[operation] alternate-try {"operation":"select process SENSOR-D","alternate":"fast process SENSOR-D","remainingQuantity":2,"childQuantity":2}
[operation] ask {"demand":null,"operation":"fast process SENSOR-D","quantity":2,"end":"2026-01-26T18:00:00"}
[resource] ask {"demand":null,"operation":"fast process SENSOR-D","resource":"smt highspeed","start":"2026-01-26T08:00:00","end":"2026-01-26T18:00:00"}
[resource] candidate {"demand":null,"start":"2026-01-26T08:00:00","end":"2026-01-26T18:00:00","feasible":true}
[resource] ask {"demand":null,"operation":"fast process SENSOR-D","resource":"ict senior","start":"2026-01-26T08:00:00","end":"2026-01-26T18:00:00"}
[resource] candidate {"demand":null,"start":"2026-01-26T08:00:00","end":"2026-01-26T18:00:00","feasible":true}
[resource] ask {"demand":null,"operation":"fast process SENSOR-D","resource":"ict regular","start":"2026-01-26T06:25:16","end":"2026-01-26T18:00:00"}
[resource] candidate {"demand":null,"start":"2026-01-26T06:25:16","end":"2026-01-26T18:00:00","feasible":true}
[resource] ask {"demand":null,"operation":"fast process SENSOR-D","resource":"ict senior","start":"2026-01-26T08:00:00","end":"2026-01-26T18:00:00"}
[resource] candidate {"demand":null,"start":"2026-01-26T08:00:00","end":"2026-01-26T18:00:00","feasible":true}
[buffer] ask {"demand":null,"buffer":"microcontroller premium","requested":2,"date":"2026-01-26T08:00:00","onhand":9}
[buffer] answer {"demand":null,"buffer":"microcontroller premium","requested":2,"remainingShortage":0,"quantity":2,"date":"2026-01-26T08:00:00","plan":null}
[buffer] ask {"demand":null,"buffer":"pcb panel","requested":2,"date":"2026-01-26T08:00:00","onhand":231}
[buffer] answer {"demand":null,"buffer":"pcb panel","requested":2,"remainingShortage":0,"quantity":2,"date":"2026-01-26T08:00:00","plan":null}
[operation] answer {"demand":null,"operation":"fast process SENSOR-D","quantity":2,"start":"2026-01-26T08:00:00","end":"2026-01-26T18:00:00"}
[operation] alternate-segment {"operation":"select process SENSOR-D","alternate":"fast process SENSOR-D","quantity":2,"remainingQuantity":0,"start":"2026-01-26T08:00:00","end":"2026-01-26T18:00:00"}
[operation] alternate-answer {"operation":"select process SENSOR-D","quantity":2,"remainingQuantity":0,"nextDate":"2030-12-31T00:00:00"}
[buffer] replenish {"buffer":"sensor D","iteration":0,"requested":2,"replenished":2,"producerDate":"2030-12-31T00:00:00","eventCountBefore":3,"eventCountAfter":4,"remaining":0}
[buffer] answer {"demand":null,"buffer":"sensor D","requested":2,"remainingShortage":0,"quantity":2,"date":"2026-01-26T18:00:00","plan":"OperationPlan"}
[operation] answer {"demand":"electronics order 032 SENSOR-D","operation":"ship SENSOR-D","quantity":2,"start":"2026-01-26T18:00:00","end":"2026-01-26T20:00:00"}
[demand] reply {"demand":"electronics order 032 SENSOR-D","attempt":1,"result":true,"quantity":2,"date":"2026-01-26T20:00:00"}
[demand] attempt {"demand":"electronics order 047 SENSOR-C","attempt":1,"quantity":2,"requestDate":"2026-01-30T14:00:00","lastDate":"2030-12-31T00:00:00"}
[operation] ask {"demand":"electronics order 047 SENSOR-C","operation":"ship SENSOR-C","quantity":2,"end":"2026-01-30T14:00:00"}
[buffer] ask {"demand":null,"buffer":"sensor C","requested":2,"date":"2026-01-30T12:00:00","onhand":1}
[buffer] shortage {"buffer":"sensor C","iteration":0,"date":"2026-01-30T12:00:00","onhand":-2,"shortage":2}
[operation] alternate-ask {"demand":null,"operation":"select process SENSOR-C","quantity":2,"end":"2026-01-30T12:00:00","alternates":["fast process SENSOR-C","standard process SENSOR-C"]}
[operation] alternate-try {"operation":"select process SENSOR-C","alternate":"fast process SENSOR-C","remainingQuantity":2,"childQuantity":2}
[operation] ask {"demand":null,"operation":"fast process SENSOR-C","quantity":2,"end":"2026-01-30T12:00:00"}
[resource] ask {"demand":null,"operation":"fast process SENSOR-C","resource":"smt highspeed","start":"2026-01-29T23:54:33","end":"2026-01-30T12:00:00"}
[resource] candidate {"demand":null,"start":"2026-01-29T23:54:33","end":"2026-01-30T12:00:00","feasible":true}
[resource] ask {"demand":null,"operation":"fast process SENSOR-C","resource":"ict senior","start":"2026-01-29T23:54:33","end":"2026-01-30T12:00:00"}
[resource] candidate {"demand":null,"start":"2026-01-29T23:54:33","end":"2026-01-30T12:00:00","feasible":true}
[resource] ask {"demand":null,"operation":"fast process SENSOR-C","resource":"ict regular","start":"2026-01-29T22:28:25","end":"2026-01-30T12:00:00"}
[resource] candidate {"demand":null,"start":"2026-01-29T22:28:25","end":"2026-01-30T12:00:00","feasible":true}
[resource] ask {"demand":null,"operation":"fast process SENSOR-C","resource":"ict senior","start":"2026-01-29T23:54:33","end":"2026-01-30T12:00:00"}
[resource] candidate {"demand":null,"start":"2026-01-29T23:54:33","end":"2026-01-30T12:00:00","feasible":true}
[buffer] ask {"demand":null,"buffer":"microcontroller premium","requested":2,"date":"2026-01-30T02:54:33","onhand":4}
[buffer] answer {"demand":null,"buffer":"microcontroller premium","requested":2,"remainingShortage":0,"quantity":2,"date":"2026-01-30T02:54:33","plan":null}
[buffer] ask {"demand":null,"buffer":"pcb panel","requested":2,"date":"2026-01-30T02:54:33","onhand":226}
[buffer] answer {"demand":null,"buffer":"pcb panel","requested":2,"remainingShortage":0,"quantity":2,"date":"2026-01-30T02:54:33","plan":null}
[operation] answer {"demand":null,"operation":"fast process SENSOR-C","quantity":2,"start":"2026-01-29T23:54:33","end":"2026-01-30T12:00:00"}
[operation] alternate-segment {"operation":"select process SENSOR-C","alternate":"fast process SENSOR-C","quantity":2,"remainingQuantity":0,"start":"2026-01-29T23:54:33","end":"2026-01-30T12:00:00"}
[operation] alternate-answer {"operation":"select process SENSOR-C","quantity":2,"remainingQuantity":0,"nextDate":"2030-12-31T00:00:00"}
[buffer] replenish {"buffer":"sensor C","iteration":0,"requested":2,"replenished":2,"producerDate":"2030-12-31T00:00:00","eventCountBefore":3,"eventCountAfter":4,"remaining":0}
[buffer] answer {"demand":null,"buffer":"sensor C","requested":2,"remainingShortage":0,"quantity":2,"date":"2026-01-30T12:00:00","plan":"OperationPlan"}
[operation] answer {"demand":"electronics order 047 SENSOR-C","operation":"ship SENSOR-C","quantity":2,"start":"2026-01-30T12:00:00","end":"2026-01-30T14:00:00"}
[demand] reply {"demand":"electronics order 047 SENSOR-C","attempt":1,"result":true,"quantity":2,"date":"2026-01-30T14:00:00"}
[demand] attempt {"demand":"electronics order 003 SENSOR-C","attempt":1,"quantity":4,"requestDate":"2026-01-19T14:00:00","lastDate":"2030-12-31T00:00:00"}
[operation] ask {"demand":"electronics order 003 SENSOR-C","operation":"ship SENSOR-C","quantity":4,"end":"2026-01-19T14:00:00"}
[buffer] ask {"demand":null,"buffer":"sensor C","requested":4,"date":"2026-01-19T12:00:00","onhand":0}
[buffer] shortage {"buffer":"sensor C","iteration":0,"date":"2026-01-19T12:00:00","onhand":-4,"shortage":4}
[operation] alternate-ask {"demand":null,"operation":"select process SENSOR-C","quantity":4,"end":"2026-01-19T12:00:00","alternates":["fast process SENSOR-C","standard process SENSOR-C"]}
[operation] alternate-try {"operation":"select process SENSOR-C","alternate":"fast process SENSOR-C","remainingQuantity":4,"childQuantity":4}
[operation] ask {"demand":null,"operation":"fast process SENSOR-C","quantity":4,"end":"2026-01-19T12:00:00"}
[resource] ask {"demand":null,"operation":"fast process SENSOR-C","resource":"smt highspeed","start":"2026-01-18T23:54:33","end":"2026-01-19T12:00:00"}
[resource] candidate {"demand":null,"start":"2026-01-18T23:54:33","end":"2026-01-19T12:00:00","feasible":true}
[resource] ask {"demand":null,"operation":"fast process SENSOR-C","resource":"ict senior","start":"2026-01-18T23:54:33","end":"2026-01-19T12:00:00"}
[resource] candidate {"demand":null,"start":"2026-01-18T23:54:33","end":"2026-01-19T12:00:00","feasible":true}
[resource] ask {"demand":null,"operation":"fast process SENSOR-C","resource":"ict regular","start":"2026-01-18T22:28:25","end":"2026-01-19T12:00:00"}
[resource] candidate {"demand":null,"start":"2026-01-18T22:28:25","end":"2026-01-19T12:00:00","feasible":true}
[resource] ask {"demand":null,"operation":"fast process SENSOR-C","resource":"ict senior","start":"2026-01-18T23:54:33","end":"2026-01-19T12:00:00"}
[resource] candidate {"demand":null,"start":"2026-01-18T23:54:33","end":"2026-01-19T12:00:00","feasible":true}
[buffer] ask {"demand":null,"buffer":"microcontroller premium","requested":4,"date":"2026-01-19T02:54:33","onhand":15}
[buffer] shortage {"buffer":"microcontroller premium","iteration":0,"date":"2026-01-30T02:54:33","onhand":-2,"shortage":2}
[buffer] answer {"demand":null,"buffer":"microcontroller premium","requested":4,"remainingShortage":2,"quantity":2,"date":"2030-12-31T00:00:00","plan":null}
[buffer] ask {"demand":null,"buffer":"pcb panel","requested":2,"date":"2026-01-19T02:54:33","onhand":237}
[buffer] answer {"demand":null,"buffer":"pcb panel","requested":2,"remainingShortage":0,"quantity":2,"date":"2026-01-19T02:54:33","plan":null}
[operation] answer {"demand":null,"operation":"fast process SENSOR-C","quantity":2,"start":"2026-01-18T23:54:33","end":"2026-01-19T12:00:00"}
[operation] alternate-segment {"operation":"select process SENSOR-C","alternate":"fast process SENSOR-C","quantity":2,"remainingQuantity":2,"start":"2026-01-18T23:54:33","end":"2026-01-19T12:00:00"}
[operation] alternate-try {"operation":"select process SENSOR-C","alternate":"fast process SENSOR-C","remainingQuantity":2,"childQuantity":2}
[operation] ask {"demand":null,"operation":"fast process SENSOR-C","quantity":2,"end":"2026-01-19T12:00:00"}
[resource] ask {"demand":null,"operation":"fast process SENSOR-C","resource":"smt highspeed","start":"2026-01-18T23:54:33","end":"2026-01-19T12:00:00"}
[resource] candidate {"demand":null,"start":"2026-01-18T23:54:33","end":"2026-01-19T12:00:00","feasible":true}
[resource] ask {"demand":null,"operation":"fast process SENSOR-C","resource":"ict senior","start":"2026-01-18T23:54:33","end":"2026-01-19T12:00:00"}
[resource] candidate {"demand":null,"start":"2026-01-18T23:54:33","end":"2026-01-19T12:00:00","feasible":true}
[resource] ask {"demand":null,"operation":"fast process SENSOR-C","resource":"ict regular","start":"2026-01-18T22:28:25","end":"2026-01-19T12:00:00"}
[resource] candidate {"demand":null,"start":"2026-01-18T22:28:25","end":"2026-01-19T12:00:00","feasible":true}
[resource] ask {"demand":null,"operation":"fast process SENSOR-C","resource":"ict senior","start":"2026-01-18T23:54:33","end":"2026-01-19T12:00:00"}
[resource] candidate {"demand":null,"start":"2026-01-18T23:54:33","end":"2026-01-19T12:00:00","feasible":true}
[buffer] ask {"demand":null,"buffer":"microcontroller premium","requested":2,"date":"2026-01-19T02:54:33","onhand":15}
[buffer] shortage {"buffer":"microcontroller premium","iteration":0,"date":"2026-01-30T02:54:33","onhand":-2,"shortage":2}
[buffer] answer {"demand":null,"buffer":"microcontroller premium","requested":2,"remainingShortage":2,"quantity":0,"date":"2030-12-31T00:00:00","plan":null}
[operation] material-reject {"demand":null,"operation":"fast process SENSOR-C","start":"2026-01-18T23:54:33","end":"2026-01-19T12:00:00","asked":2,"answerQuantity":0,"answerDate":"2030-12-31T00:00:00"}
[operation] alternate-reject {"operation":"select process SENSOR-C","alternate":"fast process SENSOR-C","quantity":0,"nextDate":"2030-12-31T00:00:00"}
[operation] alternate-try {"operation":"select process SENSOR-C","alternate":"standard process SENSOR-C","remainingQuantity":2,"childQuantity":2}
[operation] ask {"demand":null,"operation":"standard process SENSOR-C","quantity":2,"end":"2026-01-19T12:00:00"}
[resource] ask {"demand":null,"operation":"standard process SENSOR-C","resource":"smt standard","start":"2026-01-18T17:21:11","end":"2026-01-19T12:00:00"}
[resource] candidate {"demand":null,"start":"2026-01-18T17:21:11","end":"2026-01-19T12:00:00","feasible":true}
[resource] ask {"demand":null,"operation":"standard process SENSOR-C","resource":"functional test","start":"2026-01-18T17:21:11","end":"2026-01-19T12:00:00"}
[resource] candidate {"demand":null,"start":"2026-01-18T17:21:11","end":"2026-01-19T12:00:00","feasible":true}
[buffer] ask {"demand":null,"buffer":"microcontroller standard","requested":2,"date":"2026-01-18T18:21:11","onhand":180}
[buffer] answer {"demand":null,"buffer":"microcontroller standard","requested":2,"remainingShortage":0,"quantity":2,"date":"2026-01-18T18:21:11","plan":null}
[buffer] ask {"demand":null,"buffer":"sensor die","requested":2,"date":"2026-01-18T18:21:11","onhand":140}
[buffer] answer {"demand":null,"buffer":"sensor die","requested":2,"remainingShortage":0,"quantity":2,"date":"2026-01-18T18:21:11","plan":null}
[operation] answer {"demand":null,"operation":"standard process SENSOR-C","quantity":2,"start":"2026-01-18T17:21:11","end":"2026-01-19T12:00:00"}
[operation] alternate-segment {"operation":"select process SENSOR-C","alternate":"standard process SENSOR-C","quantity":2,"remainingQuantity":0,"start":"2026-01-18T17:21:11","end":"2026-01-19T12:00:00"}
[operation] alternate-answer {"operation":"select process SENSOR-C","quantity":4,"remainingQuantity":0,"nextDate":"2030-12-31T00:00:00"}
[buffer] replenish {"buffer":"sensor C","iteration":0,"requested":4,"replenished":4,"producerDate":"2030-12-31T00:00:00","eventCountBefore":5,"eventCountAfter":7,"remaining":0}
[buffer] answer {"demand":null,"buffer":"sensor C","requested":4,"remainingShortage":0,"quantity":4,"date":"2026-01-19T12:00:00","plan":"OperationPlan"}
[operation] answer {"demand":"electronics order 003 SENSOR-C","operation":"ship SENSOR-C","quantity":4,"start":"2026-01-19T12:00:00","end":"2026-01-19T14:00:00"}
[demand] reply {"demand":"electronics order 003 SENSOR-C","attempt":1,"result":true,"quantity":4,"date":"2026-01-19T14:00:00"}
[demand] attempt {"demand":"electronics order 018 CTRL-B","attempt":1,"quantity":5,"requestDate":"2026-01-23T08:00:00","lastDate":"2030-12-31T00:00:00"}
[operation] ask {"demand":"electronics order 018 CTRL-B","operation":"ship CTRL-B","quantity":5,"end":"2026-01-23T08:00:00"}
[buffer] ask {"demand":null,"buffer":"controller B","requested":5,"date":"2026-01-23T06:00:00","onhand":2}
[buffer] shortage {"buffer":"controller B","iteration":0,"date":"2026-01-23T06:00:00","onhand":-5,"shortage":5}
[operation] alternate-ask {"demand":null,"operation":"select process CTRL-B","quantity":5,"end":"2026-01-23T06:00:00","alternates":["fast process CTRL-B","standard process CTRL-B"]}
[operation] alternate-try {"operation":"select process CTRL-B","alternate":"fast process CTRL-B","remainingQuantity":5,"childQuantity":5}
[operation] ask {"demand":null,"operation":"fast process CTRL-B","quantity":5,"end":"2026-01-23T06:00:00"}
[resource] ask {"demand":null,"operation":"fast process CTRL-B","resource":"smt highspeed","start":"2026-01-22T21:49:05","end":"2026-01-23T06:00:00"}
[resource] candidate {"demand":null,"start":"2026-01-22T21:49:05","end":"2026-01-23T06:00:00","feasible":true}
[resource] ask {"demand":null,"operation":"fast process CTRL-B","resource":"ict senior","start":"2026-01-22T21:49:05","end":"2026-01-23T06:00:00"}
[resource] candidate {"demand":null,"start":"2026-01-22T21:49:05","end":"2026-01-23T06:00:00","feasible":true}
[resource] ask {"demand":null,"operation":"fast process CTRL-B","resource":"ict regular","start":"2026-01-22T20:31:35","end":"2026-01-23T06:00:00"}
[resource] candidate {"demand":null,"start":"2026-01-22T20:31:35","end":"2026-01-23T06:00:00","feasible":true}
[resource] ask {"demand":null,"operation":"fast process CTRL-B","resource":"ict senior","start":"2026-01-22T21:49:05","end":"2026-01-23T06:00:00"}
[resource] candidate {"demand":null,"start":"2026-01-22T21:49:05","end":"2026-01-23T06:00:00","feasible":true}
[buffer] ask {"demand":null,"buffer":"microcontroller premium","requested":5,"date":"2026-01-22T21:49:05","onhand":8}
[buffer] shortage {"buffer":"microcontroller premium","iteration":0,"date":"2026-01-29T21:49:05","onhand":-3,"shortage":3}
[buffer] answer {"demand":null,"buffer":"microcontroller premium","requested":5,"remainingShortage":3,"quantity":2,"date":"2030-12-31T00:00:00","plan":null}
[buffer] ask {"demand":null,"buffer":"pcb panel","requested":2,"date":"2026-01-22T21:49:05","onhand":230}
[buffer] answer {"demand":null,"buffer":"pcb panel","requested":2,"remainingShortage":0,"quantity":2,"date":"2026-01-22T21:49:05","plan":null}
[operation] answer {"demand":null,"operation":"fast process CTRL-B","quantity":2,"start":"2026-01-22T21:49:05","end":"2026-01-23T06:00:00"}
[operation] alternate-segment {"operation":"select process CTRL-B","alternate":"fast process CTRL-B","quantity":2,"remainingQuantity":3,"start":"2026-01-22T21:49:05","end":"2026-01-23T06:00:00"}
[operation] alternate-try {"operation":"select process CTRL-B","alternate":"fast process CTRL-B","remainingQuantity":3,"childQuantity":3}
[operation] ask {"demand":null,"operation":"fast process CTRL-B","quantity":3,"end":"2026-01-23T06:00:00"}
[resource] ask {"demand":null,"operation":"fast process CTRL-B","resource":"smt highspeed","start":"2026-01-22T21:49:05","end":"2026-01-23T06:00:00"}
[resource] candidate {"demand":null,"start":"2026-01-22T21:49:05","end":"2026-01-23T06:00:00","feasible":true}
[resource] ask {"demand":null,"operation":"fast process CTRL-B","resource":"ict senior","start":"2026-01-22T21:49:05","end":"2026-01-23T06:00:00"}
[resource] candidate {"demand":null,"start":"2026-01-22T21:49:05","end":"2026-01-23T06:00:00","feasible":true}
[resource] ask {"demand":null,"operation":"fast process CTRL-B","resource":"ict regular","start":"2026-01-22T20:31:35","end":"2026-01-23T06:00:00"}
[resource] candidate {"demand":null,"start":"2026-01-22T20:31:35","end":"2026-01-23T06:00:00","feasible":true}
[resource] ask {"demand":null,"operation":"fast process CTRL-B","resource":"ict senior","start":"2026-01-22T21:49:05","end":"2026-01-23T06:00:00"}
[resource] candidate {"demand":null,"start":"2026-01-22T21:49:05","end":"2026-01-23T06:00:00","feasible":true}
[buffer] ask {"demand":null,"buffer":"microcontroller premium","requested":3,"date":"2026-01-22T21:49:05","onhand":8}
[buffer] shortage {"buffer":"microcontroller premium","iteration":0,"date":"2026-01-29T21:49:05","onhand":-3,"shortage":3}
[buffer] answer {"demand":null,"buffer":"microcontroller premium","requested":3,"remainingShortage":3,"quantity":0,"date":"2030-12-31T00:00:00","plan":null}
[operation] material-reject {"demand":null,"operation":"fast process CTRL-B","start":"2026-01-22T21:49:05","end":"2026-01-23T06:00:00","asked":3,"answerQuantity":0,"answerDate":"2030-12-31T00:00:00"}
[operation] alternate-reject {"operation":"select process CTRL-B","alternate":"fast process CTRL-B","quantity":0,"nextDate":"2030-12-31T00:00:00"}
[operation] alternate-try {"operation":"select process CTRL-B","alternate":"standard process CTRL-B","remainingQuantity":3,"childQuantity":3}
[operation] ask {"demand":null,"operation":"standard process CTRL-B","quantity":3,"end":"2026-01-23T06:00:00"}
[resource] ask {"demand":null,"operation":"standard process CTRL-B","resource":"smt standard","start":"2026-01-22T11:31:46","end":"2026-01-23T06:00:00"}
[resource] candidate {"demand":null,"start":"2026-01-22T11:31:46","end":"2026-01-23T06:00:00","feasible":true}
[resource] ask {"demand":null,"operation":"standard process CTRL-B","resource":"functional test","start":"2026-01-22T11:31:46","end":"2026-01-23T06:00:00"}
[resource] candidate {"demand":null,"start":"2026-01-22T11:31:46","end":"2026-01-23T06:00:00","feasible":true}
[buffer] ask {"demand":null,"buffer":"microcontroller standard","requested":3,"date":"2026-01-22T13:31:46","onhand":178}
[buffer] answer {"demand":null,"buffer":"microcontroller standard","requested":3,"remainingShortage":0,"quantity":3,"date":"2026-01-22T13:31:46","plan":null}
[buffer] ask {"demand":null,"buffer":"pcb panel","requested":3,"date":"2026-01-22T13:31:46","onhand":232}
[buffer] answer {"demand":null,"buffer":"pcb panel","requested":3,"remainingShortage":0,"quantity":3,"date":"2026-01-22T13:31:46","plan":null}
[operation] answer {"demand":null,"operation":"standard process CTRL-B","quantity":3,"start":"2026-01-22T11:31:46","end":"2026-01-23T06:00:00"}
[operation] alternate-segment {"operation":"select process CTRL-B","alternate":"standard process CTRL-B","quantity":3,"remainingQuantity":0,"start":"2026-01-22T11:31:46","end":"2026-01-23T06:00:00"}
[operation] alternate-answer {"operation":"select process CTRL-B","quantity":5,"remainingQuantity":0,"nextDate":"2030-12-31T00:00:00"}
[buffer] replenish {"buffer":"controller B","iteration":0,"requested":5,"replenished":5,"producerDate":"2030-12-31T00:00:00","eventCountBefore":5,"eventCountAfter":7,"remaining":0}
[buffer] answer {"demand":null,"buffer":"controller B","requested":5,"remainingShortage":0,"quantity":5,"date":"2026-01-23T06:00:00","plan":"OperationPlan"}
[operation] answer {"demand":"electronics order 018 CTRL-B","operation":"ship CTRL-B","quantity":5,"start":"2026-01-23T06:00:00","end":"2026-01-23T08:00:00"}
[demand] reply {"demand":"electronics order 018 CTRL-B","attempt":1,"result":true,"quantity":5,"date":"2026-01-23T08:00:00"}
[demand] attempt {"demand":"electronics order 033 CTRL-A","attempt":1,"quantity":4,"requestDate":"2026-01-27T02:00:00","lastDate":"2030-12-31T00:00:00"}
[operation] ask {"demand":"electronics order 033 CTRL-A","operation":"ship CTRL-A","quantity":4,"end":"2026-01-27T02:00:00"}
[buffer] ask {"demand":null,"buffer":"controller A","requested":4,"date":"2026-01-27T00:00:00","onhand":2}
[buffer] shortage {"buffer":"controller A","iteration":0,"date":"2026-01-27T00:00:00","onhand":-4,"shortage":4}
[operation] alternate-ask {"demand":null,"operation":"select process CTRL-A","quantity":4,"end":"2026-01-27T00:00:00","alternates":["fast process CTRL-A","standard process CTRL-A"]}
[operation] alternate-try {"operation":"select process CTRL-A","alternate":"fast process CTRL-A","remainingQuantity":4,"childQuantity":4}
[operation] ask {"demand":null,"operation":"fast process CTRL-A","quantity":4,"end":"2026-01-27T00:00:00"}
[resource] ask {"demand":null,"operation":"fast process CTRL-A","resource":"smt highspeed","start":"2026-01-26T14:43:38","end":"2026-01-27T00:00:00"}
[resource] candidate {"demand":null,"start":"2026-01-26T14:43:38","end":"2026-01-27T00:00:00","feasible":true}
[resource] ask {"demand":null,"operation":"fast process CTRL-A","resource":"ict senior","start":"2026-01-26T14:43:38","end":"2026-01-27T00:00:00"}
[resource] candidate {"demand":null,"start":"2026-01-26T14:43:38","end":"2026-01-27T00:00:00","feasible":true}
[resource] ask {"demand":null,"operation":"fast process CTRL-A","resource":"ict regular","start":"2026-01-26T13:34:44","end":"2026-01-27T00:00:00"}
[resource] candidate {"demand":null,"start":"2026-01-26T13:34:44","end":"2026-01-27T00:00:00","feasible":true}
[resource] ask {"demand":null,"operation":"fast process CTRL-A","resource":"ict senior","start":"2026-01-26T14:43:38","end":"2026-01-27T00:00:00"}
[resource] candidate {"demand":null,"start":"2026-01-26T14:43:38","end":"2026-01-27T00:00:00","feasible":true}
[buffer] ask {"demand":null,"buffer":"microcontroller premium","requested":4,"date":"2026-01-26T16:43:38","onhand":3}
[buffer] shortage {"buffer":"microcontroller premium","iteration":0,"date":"2026-01-26T16:43:38","onhand":-1,"shortage":1}
[buffer] answer {"demand":null,"buffer":"microcontroller premium","requested":4,"remainingShortage":1,"quantity":3,"date":"2030-12-31T00:00:00","plan":null}
[buffer] ask {"demand":null,"buffer":"pcb panel","requested":3,"date":"2026-01-26T16:43:38","onhand":222}
[buffer] answer {"demand":null,"buffer":"pcb panel","requested":3,"remainingShortage":0,"quantity":3,"date":"2026-01-26T16:43:38","plan":null}
[operation] answer {"demand":null,"operation":"fast process CTRL-A","quantity":3,"start":"2026-01-26T14:43:38","end":"2026-01-27T00:00:00"}
[operation] alternate-segment {"operation":"select process CTRL-A","alternate":"fast process CTRL-A","quantity":3,"remainingQuantity":1,"start":"2026-01-26T14:43:38","end":"2026-01-27T00:00:00"}
[operation] alternate-try {"operation":"select process CTRL-A","alternate":"fast process CTRL-A","remainingQuantity":1,"childQuantity":1}
[operation] ask {"demand":null,"operation":"fast process CTRL-A","quantity":1,"end":"2026-01-27T00:00:00"}
[resource] ask {"demand":null,"operation":"fast process CTRL-A","resource":"smt highspeed","start":"2026-01-26T14:43:38","end":"2026-01-27T00:00:00"}
[resource] candidate {"demand":null,"start":"2026-01-26T14:43:38","end":"2026-01-27T00:00:00","feasible":true}
[resource] ask {"demand":null,"operation":"fast process CTRL-A","resource":"ict senior","start":"2026-01-26T14:43:38","end":"2026-01-27T00:00:00"}
[resource] candidate {"demand":null,"start":"2026-01-26T14:43:38","end":"2026-01-27T00:00:00","feasible":true}
[resource] ask {"demand":null,"operation":"fast process CTRL-A","resource":"ict regular","start":"2026-01-26T13:34:44","end":"2026-01-27T00:00:00"}
[resource] candidate {"demand":null,"start":"2026-01-26T13:34:44","end":"2026-01-27T00:00:00","feasible":true}
[resource] ask {"demand":null,"operation":"fast process CTRL-A","resource":"ict senior","start":"2026-01-26T14:43:38","end":"2026-01-27T00:00:00"}
[resource] candidate {"demand":null,"start":"2026-01-26T14:43:38","end":"2026-01-27T00:00:00","feasible":true}
[buffer] ask {"demand":null,"buffer":"microcontroller premium","requested":1,"date":"2026-01-26T16:43:38","onhand":3}
[buffer] shortage {"buffer":"microcontroller premium","iteration":0,"date":"2026-01-26T16:43:38","onhand":-1,"shortage":1}
[buffer] answer {"demand":null,"buffer":"microcontroller premium","requested":1,"remainingShortage":1,"quantity":0,"date":"2030-12-31T00:00:00","plan":null}
[operation] material-reject {"demand":null,"operation":"fast process CTRL-A","start":"2026-01-26T14:43:38","end":"2026-01-27T00:00:00","asked":1,"answerQuantity":0,"answerDate":"2030-12-31T00:00:00"}
[operation] alternate-reject {"operation":"select process CTRL-A","alternate":"fast process CTRL-A","quantity":0,"nextDate":"2030-12-31T00:00:00"}
[operation] alternate-try {"operation":"select process CTRL-A","alternate":"standard process CTRL-A","remainingQuantity":1,"childQuantity":1}
[operation] ask {"demand":null,"operation":"standard process CTRL-A","quantity":1,"end":"2026-01-27T00:00:00"}
[resource] ask {"demand":null,"operation":"standard process CTRL-A","resource":"smt standard","start":"2026-01-26T08:42:21","end":"2026-01-27T00:00:00"}
[resource] candidate {"demand":null,"start":"2026-01-26T08:42:21","end":"2026-01-27T00:00:00","feasible":true}
[resource] ask {"demand":null,"operation":"standard process CTRL-A","resource":"functional test","start":"2026-01-26T08:42:21","end":"2026-01-27T00:00:00"}
[resource] candidate {"demand":null,"start":"2026-01-26T08:42:21","end":"2026-01-27T00:00:00","feasible":true}
[buffer] ask {"demand":null,"buffer":"microcontroller standard","requested":1,"date":"2026-01-26T08:42:21","onhand":175}
[buffer] answer {"demand":null,"buffer":"microcontroller standard","requested":1,"remainingShortage":0,"quantity":1,"date":"2026-01-26T08:42:21","plan":null}
[buffer] ask {"demand":null,"buffer":"pcb panel","requested":1,"date":"2026-01-26T08:42:21","onhand":222}
[buffer] answer {"demand":null,"buffer":"pcb panel","requested":1,"remainingShortage":0,"quantity":1,"date":"2026-01-26T08:42:21","plan":null}
[operation] answer {"demand":null,"operation":"standard process CTRL-A","quantity":1,"start":"2026-01-26T08:42:21","end":"2026-01-27T00:00:00"}
[operation] alternate-segment {"operation":"select process CTRL-A","alternate":"standard process CTRL-A","quantity":1,"remainingQuantity":0,"start":"2026-01-26T08:42:21","end":"2026-01-27T00:00:00"}
[operation] alternate-answer {"operation":"select process CTRL-A","quantity":4,"remainingQuantity":0,"nextDate":"2030-12-31T00:00:00"}
[buffer] replenish {"buffer":"controller A","iteration":0,"requested":4,"replenished":4,"producerDate":"2030-12-31T00:00:00","eventCountBefore":5,"eventCountAfter":7,"remaining":0}
[buffer] answer {"demand":null,"buffer":"controller A","requested":4,"remainingShortage":0,"quantity":4,"date":"2026-01-27T00:00:00","plan":"OperationPlan"}
[operation] answer {"demand":"electronics order 033 CTRL-A","operation":"ship CTRL-A","quantity":4,"start":"2026-01-27T00:00:00","end":"2026-01-27T02:00:00"}
[demand] reply {"demand":"electronics order 033 CTRL-A","attempt":1,"result":true,"quantity":4,"date":"2026-01-27T02:00:00"}
[demand] attempt {"demand":"electronics order 048 SENSOR-D","attempt":1,"quantity":5,"requestDate":"2026-01-30T20:00:00","lastDate":"2030-12-31T00:00:00"}
[operation] ask {"demand":"electronics order 048 SENSOR-D","operation":"ship SENSOR-D","quantity":5,"end":"2026-01-30T20:00:00"}
[buffer] ask {"demand":null,"buffer":"sensor D","requested":5,"date":"2026-01-30T18:00:00","onhand":2}
[buffer] shortage {"buffer":"sensor D","iteration":0,"date":"2026-01-30T18:00:00","onhand":-5,"shortage":5}
[operation] alternate-ask {"demand":null,"operation":"select process SENSOR-D","quantity":5,"end":"2026-01-30T18:00:00","alternates":["fast process SENSOR-D","standard process SENSOR-D"]}
[operation] alternate-try {"operation":"select process SENSOR-D","alternate":"fast process SENSOR-D","remainingQuantity":5,"childQuantity":5}
[operation] ask {"demand":null,"operation":"fast process SENSOR-D","quantity":5,"end":"2026-01-30T18:00:00"}
[resource] ask {"demand":null,"operation":"fast process SENSOR-D","resource":"smt highspeed","start":"2026-01-30T08:00:00","end":"2026-01-30T18:00:00"}
[resource] candidate {"demand":null,"start":"2026-01-30T08:00:00","end":"2026-01-30T18:00:00","feasible":true}
[resource] ask {"demand":null,"operation":"fast process SENSOR-D","resource":"ict senior","start":"2026-01-30T08:00:00","end":"2026-01-30T18:00:00"}
[resource] candidate {"demand":null,"start":"2026-01-30T08:00:00","end":"2026-01-30T18:00:00","feasible":true}
[resource] ask {"demand":null,"operation":"fast process SENSOR-D","resource":"ict regular","start":"2026-01-30T06:25:16","end":"2026-01-30T18:00:00"}
[resource] candidate {"demand":null,"start":"2026-01-30T06:25:16","end":"2026-01-30T18:00:00","feasible":true}
[resource] ask {"demand":null,"operation":"fast process SENSOR-D","resource":"ict senior","start":"2026-01-30T08:00:00","end":"2026-01-30T18:00:00"}
[resource] candidate {"demand":null,"start":"2026-01-30T08:00:00","end":"2026-01-30T18:00:00","feasible":true}
[buffer] ask {"demand":null,"buffer":"microcontroller premium","requested":5,"date":"2026-01-30T08:00:00","onhand":-5}
[buffer] shortage {"buffer":"microcontroller premium","iteration":0,"date":"2026-01-30T08:00:00","onhand":-10,"shortage":10}
[buffer] answer {"demand":null,"buffer":"microcontroller premium","requested":5,"remainingShortage":10,"quantity":0,"date":"2030-12-31T00:00:00","plan":null}
[operation] material-reject {"demand":null,"operation":"fast process SENSOR-D","start":"2026-01-30T08:00:00","end":"2026-01-30T18:00:00","asked":5,"answerQuantity":0,"answerDate":"2030-12-31T00:00:00"}
[operation] alternate-reject {"operation":"select process SENSOR-D","alternate":"fast process SENSOR-D","quantity":0,"nextDate":"2030-12-31T00:00:00"}
[operation] alternate-try {"operation":"select process SENSOR-D","alternate":"standard process SENSOR-D","remainingQuantity":5,"childQuantity":5}
[operation] ask {"demand":null,"operation":"standard process SENSOR-D","quantity":5,"end":"2026-01-30T18:00:00"}
[resource] ask {"demand":null,"operation":"standard process SENSOR-D","resource":"smt standard","start":"2026-01-29T20:10:35","end":"2026-01-30T18:00:00"}
[resource] candidate {"demand":null,"start":"2026-01-29T20:10:35","end":"2026-01-30T18:00:00","feasible":true}
[resource] ask {"demand":null,"operation":"standard process SENSOR-D","resource":"functional test","start":"2026-01-29T20:10:35","end":"2026-01-30T18:00:00"}
[resource] candidate {"demand":null,"start":"2026-01-29T20:10:35","end":"2026-01-30T18:00:00","feasible":true}
[buffer] ask {"demand":null,"buffer":"microcontroller standard","requested":5,"date":"2026-01-29T23:10:35","onhand":174}
[buffer] answer {"demand":null,"buffer":"microcontroller standard","requested":5,"remainingShortage":0,"quantity":5,"date":"2026-01-29T23:10:35","plan":null}
[buffer] ask {"demand":null,"buffer":"sensor die","requested":5,"date":"2026-01-29T23:10:35","onhand":138}
[buffer] answer {"demand":null,"buffer":"sensor die","requested":5,"remainingShortage":0,"quantity":5,"date":"2026-01-29T23:10:35","plan":null}
[operation] answer {"demand":null,"operation":"standard process SENSOR-D","quantity":5,"start":"2026-01-29T20:10:35","end":"2026-01-30T18:00:00"}
[operation] alternate-segment {"operation":"select process SENSOR-D","alternate":"standard process SENSOR-D","quantity":5,"remainingQuantity":0,"start":"2026-01-29T20:10:35","end":"2026-01-30T18:00:00"}
[operation] alternate-answer {"operation":"select process SENSOR-D","quantity":5,"remainingQuantity":0,"nextDate":"2030-12-31T00:00:00"}
[buffer] replenish {"buffer":"sensor D","iteration":0,"requested":5,"replenished":5,"producerDate":"2030-12-31T00:00:00","eventCountBefore":5,"eventCountAfter":6,"remaining":0}
[buffer] answer {"demand":null,"buffer":"sensor D","requested":5,"remainingShortage":0,"quantity":5,"date":"2026-01-30T18:00:00","plan":"OperationPlan"}
[operation] answer {"demand":"electronics order 048 SENSOR-D","operation":"ship SENSOR-D","quantity":5,"start":"2026-01-30T18:00:00","end":"2026-01-30T20:00:00"}
[demand] reply {"demand":"electronics order 048 SENSOR-D","attempt":1,"result":true,"quantity":5,"date":"2026-01-30T20:00:00"}
[demand] attempt {"demand":"electronics order 004 SENSOR-D","attempt":1,"quantity":3,"requestDate":"2026-01-19T20:00:00","lastDate":"2030-12-31T00:00:00"}
[operation] ask {"demand":"electronics order 004 SENSOR-D","operation":"ship SENSOR-D","quantity":3,"end":"2026-01-19T20:00:00"}
[buffer] ask {"demand":null,"buffer":"sensor D","requested":3,"date":"2026-01-19T18:00:00","onhand":0}
[buffer] shortage {"buffer":"sensor D","iteration":0,"date":"2026-01-19T18:00:00","onhand":-3,"shortage":3}
[operation] alternate-ask {"demand":null,"operation":"select process SENSOR-D","quantity":3,"end":"2026-01-19T18:00:00","alternates":["fast process SENSOR-D","standard process SENSOR-D"]}
[operation] alternate-try {"operation":"select process SENSOR-D","alternate":"fast process SENSOR-D","remainingQuantity":3,"childQuantity":3}
[operation] ask {"demand":null,"operation":"fast process SENSOR-D","quantity":3,"end":"2026-01-19T18:00:00"}
[resource] ask {"demand":null,"operation":"fast process SENSOR-D","resource":"smt highspeed","start":"2026-01-19T08:00:00","end":"2026-01-19T18:00:00"}
[resource] candidate {"demand":null,"start":"2026-01-19T08:00:00","end":"2026-01-19T18:00:00","feasible":true}
[resource] ask {"demand":null,"operation":"fast process SENSOR-D","resource":"ict senior","start":"2026-01-19T08:00:00","end":"2026-01-19T18:00:00"}
[resource] candidate {"demand":null,"start":"2026-01-19T08:00:00","end":"2026-01-19T18:00:00","feasible":true}
[resource] ask {"demand":null,"operation":"fast process SENSOR-D","resource":"ict regular","start":"2026-01-19T06:25:16","end":"2026-01-19T18:00:00"}
[resource] candidate {"demand":null,"start":"2026-01-19T06:25:16","end":"2026-01-19T18:00:00","feasible":true}
[resource] ask {"demand":null,"operation":"fast process SENSOR-D","resource":"ict senior","start":"2026-01-19T08:00:00","end":"2026-01-19T18:00:00"}
[resource] candidate {"demand":null,"start":"2026-01-19T08:00:00","end":"2026-01-19T18:00:00","feasible":true}
[buffer] ask {"demand":null,"buffer":"microcontroller premium","requested":3,"date":"2026-01-19T08:00:00","onhand":13}
[buffer] shortage {"buffer":"microcontroller premium","iteration":0,"date":"2026-01-26T16:43:38","onhand":-3,"shortage":3}
[buffer] answer {"demand":null,"buffer":"microcontroller premium","requested":3,"remainingShortage":3,"quantity":0,"date":"2030-12-31T00:00:00","plan":null}
[operation] material-reject {"demand":null,"operation":"fast process SENSOR-D","start":"2026-01-19T08:00:00","end":"2026-01-19T18:00:00","asked":3,"answerQuantity":0,"answerDate":"2030-12-31T00:00:00"}
[operation] alternate-reject {"operation":"select process SENSOR-D","alternate":"fast process SENSOR-D","quantity":0,"nextDate":"2030-12-31T00:00:00"}
[operation] alternate-try {"operation":"select process SENSOR-D","alternate":"standard process SENSOR-D","remainingQuantity":3,"childQuantity":3}
[operation] ask {"demand":null,"operation":"standard process SENSOR-D","quantity":3,"end":"2026-01-19T18:00:00"}
[resource] ask {"demand":null,"operation":"standard process SENSOR-D","resource":"smt standard","start":"2026-01-18T23:10:35","end":"2026-01-19T18:00:00"}
[resource] candidate {"demand":null,"start":"2026-01-18T23:10:35","end":"2026-01-19T18:00:00","feasible":true}
[resource] ask {"demand":null,"operation":"standard process SENSOR-D","resource":"functional test","start":"2026-01-18T23:10:35","end":"2026-01-19T18:00:00"}
[resource] candidate {"demand":null,"start":"2026-01-18T23:10:35","end":"2026-01-19T18:00:00","feasible":true}
[buffer] ask {"demand":null,"buffer":"microcontroller standard","requested":3,"date":"2026-01-18T23:10:35","onhand":178}
[buffer] answer {"demand":null,"buffer":"microcontroller standard","requested":3,"remainingShortage":0,"quantity":3,"date":"2026-01-18T23:10:35","plan":null}
[buffer] ask {"demand":null,"buffer":"sensor die","requested":3,"date":"2026-01-18T23:10:35","onhand":138}
[buffer] answer {"demand":null,"buffer":"sensor die","requested":3,"remainingShortage":0,"quantity":3,"date":"2026-01-18T23:10:35","plan":null}
[operation] answer {"demand":null,"operation":"standard process SENSOR-D","quantity":3,"start":"2026-01-18T23:10:35","end":"2026-01-19T18:00:00"}
[operation] alternate-segment {"operation":"select process SENSOR-D","alternate":"standard process SENSOR-D","quantity":3,"remainingQuantity":0,"start":"2026-01-18T23:10:35","end":"2026-01-19T18:00:00"}
[operation] alternate-answer {"operation":"select process SENSOR-D","quantity":3,"remainingQuantity":0,"nextDate":"2030-12-31T00:00:00"}
[buffer] replenish {"buffer":"sensor D","iteration":0,"requested":3,"replenished":3,"producerDate":"2030-12-31T00:00:00","eventCountBefore":7,"eventCountAfter":8,"remaining":0}
[buffer] answer {"demand":null,"buffer":"sensor D","requested":3,"remainingShortage":0,"quantity":3,"date":"2026-01-19T18:00:00","plan":"OperationPlan"}
[operation] answer {"demand":"electronics order 004 SENSOR-D","operation":"ship SENSOR-D","quantity":3,"start":"2026-01-19T18:00:00","end":"2026-01-19T20:00:00"}
[demand] reply {"demand":"electronics order 004 SENSOR-D","attempt":1,"result":true,"quantity":3,"date":"2026-01-19T20:00:00"}
[demand] attempt {"demand":"electronics order 019 SENSOR-C","attempt":1,"quantity":1,"requestDate":"2026-01-23T14:00:00","lastDate":"2030-12-31T00:00:00"}
[operation] ask {"demand":"electronics order 019 SENSOR-C","operation":"ship SENSOR-C","quantity":1,"end":"2026-01-23T14:00:00"}
[buffer] ask {"demand":null,"buffer":"sensor C","requested":1,"date":"2026-01-23T12:00:00","onhand":4}
[buffer] shortage {"buffer":"sensor C","iteration":0,"date":"2026-01-23T12:00:00","onhand":-1,"shortage":1}
[operation] alternate-ask {"demand":null,"operation":"select process SENSOR-C","quantity":1,"end":"2026-01-23T12:00:00","alternates":["fast process SENSOR-C","standard process SENSOR-C"]}
[operation] alternate-try {"operation":"select process SENSOR-C","alternate":"fast process SENSOR-C","remainingQuantity":1,"childQuantity":1}
[operation] ask {"demand":null,"operation":"fast process SENSOR-C","quantity":1,"end":"2026-01-23T12:00:00"}
[resource] ask {"demand":null,"operation":"fast process SENSOR-C","resource":"smt highspeed","start":"2026-01-22T23:54:33","end":"2026-01-23T12:00:00"}
[resource] candidate {"demand":null,"start":"2026-01-22T23:54:33","end":"2026-01-23T12:00:00","feasible":true}
[resource] ask {"demand":null,"operation":"fast process SENSOR-C","resource":"ict senior","start":"2026-01-22T23:54:33","end":"2026-01-23T12:00:00"}
[resource] candidate {"demand":null,"start":"2026-01-22T23:54:33","end":"2026-01-23T12:00:00","feasible":true}
[resource] ask {"demand":null,"operation":"fast process SENSOR-C","resource":"ict regular","start":"2026-01-22T22:28:25","end":"2026-01-23T12:00:00"}
[resource] candidate {"demand":null,"start":"2026-01-22T22:28:25","end":"2026-01-23T12:00:00","feasible":true}
[resource] ask {"demand":null,"operation":"fast process SENSOR-C","resource":"ict senior","start":"2026-01-22T23:54:33","end":"2026-01-23T12:00:00"}
[resource] candidate {"demand":null,"start":"2026-01-22T23:54:33","end":"2026-01-23T12:00:00","feasible":true}
[buffer] ask {"demand":null,"buffer":"microcontroller premium","requested":1,"date":"2026-01-23T02:54:33","onhand":6}
[buffer] shortage {"buffer":"microcontroller premium","iteration":0,"date":"2026-01-26T16:43:38","onhand":-1,"shortage":1}
[buffer] answer {"demand":null,"buffer":"microcontroller premium","requested":1,"remainingShortage":1,"quantity":0,"date":"2030-12-31T00:00:00","plan":null}
[operation] material-reject {"demand":null,"operation":"fast process SENSOR-C","start":"2026-01-22T23:54:33","end":"2026-01-23T12:00:00","asked":1,"answerQuantity":0,"answerDate":"2030-12-31T00:00:00"}
[operation] alternate-reject {"operation":"select process SENSOR-C","alternate":"fast process SENSOR-C","quantity":0,"nextDate":"2030-12-31T00:00:00"}
[operation] alternate-try {"operation":"select process SENSOR-C","alternate":"standard process SENSOR-C","remainingQuantity":1,"childQuantity":1}
[operation] ask {"demand":null,"operation":"standard process SENSOR-C","quantity":1,"end":"2026-01-23T12:00:00"}
[resource] ask {"demand":null,"operation":"standard process SENSOR-C","resource":"smt standard","start":"2026-01-22T15:21:11","end":"2026-01-23T12:00:00"}
[resource] candidate {"demand":null,"start":"2026-01-22T15:21:11","end":"2026-01-23T12:00:00","feasible":true}
[resource] ask {"demand":null,"operation":"standard process SENSOR-C","resource":"functional test","start":"2026-01-22T15:21:11","end":"2026-01-23T12:00:00"}
[resource] candidate {"demand":null,"start":"2026-01-22T15:21:11","end":"2026-01-23T12:00:00","feasible":true}
[buffer] ask {"demand":null,"buffer":"microcontroller standard","requested":1,"date":"2026-01-22T18:21:11","onhand":172}
[buffer] answer {"demand":null,"buffer":"microcontroller standard","requested":1,"remainingShortage":0,"quantity":1,"date":"2026-01-22T18:21:11","plan":null}
[buffer] ask {"demand":null,"buffer":"sensor die","requested":1,"date":"2026-01-22T18:21:11","onhand":135}
[buffer] answer {"demand":null,"buffer":"sensor die","requested":1,"remainingShortage":0,"quantity":1,"date":"2026-01-22T18:21:11","plan":null}
[operation] answer {"demand":null,"operation":"standard process SENSOR-C","quantity":1,"start":"2026-01-22T15:21:11","end":"2026-01-23T12:00:00"}
[operation] alternate-segment {"operation":"select process SENSOR-C","alternate":"standard process SENSOR-C","quantity":1,"remainingQuantity":0,"start":"2026-01-22T15:21:11","end":"2026-01-23T12:00:00"}
[operation] alternate-answer {"operation":"select process SENSOR-C","quantity":1,"remainingQuantity":0,"nextDate":"2030-12-31T00:00:00"}
[buffer] replenish {"buffer":"sensor C","iteration":0,"requested":1,"replenished":1,"producerDate":"2030-12-31T00:00:00","eventCountBefore":8,"eventCountAfter":9,"remaining":0}
[buffer] answer {"demand":null,"buffer":"sensor C","requested":1,"remainingShortage":0,"quantity":1,"date":"2026-01-23T12:00:00","plan":"OperationPlan"}
[operation] answer {"demand":"electronics order 019 SENSOR-C","operation":"ship SENSOR-C","quantity":1,"start":"2026-01-23T12:00:00","end":"2026-01-23T14:00:00"}
[demand] reply {"demand":"electronics order 019 SENSOR-C","attempt":1,"result":true,"quantity":1,"date":"2026-01-23T14:00:00"}
[demand] attempt {"demand":"electronics order 034 CTRL-B","attempt":1,"quantity":3,"requestDate":"2026-01-27T08:00:00","lastDate":"2030-12-31T00:00:00"}
[operation] ask {"demand":"electronics order 034 CTRL-B","operation":"ship CTRL-B","quantity":3,"end":"2026-01-27T08:00:00"}
[buffer] ask {"demand":null,"buffer":"controller B","requested":3,"date":"2026-01-27T06:00:00","onhand":3}
[buffer] shortage {"buffer":"controller B","iteration":0,"date":"2026-01-27T06:00:00","onhand":-3,"shortage":3}
[operation] alternate-ask {"demand":null,"operation":"select process CTRL-B","quantity":3,"end":"2026-01-27T06:00:00","alternates":["fast process CTRL-B","standard process CTRL-B"]}
[operation] alternate-try {"operation":"select process CTRL-B","alternate":"fast process CTRL-B","remainingQuantity":3,"childQuantity":3}
[operation] ask {"demand":null,"operation":"fast process CTRL-B","quantity":3,"end":"2026-01-27T06:00:00"}
[resource] ask {"demand":null,"operation":"fast process CTRL-B","resource":"smt highspeed","start":"2026-01-26T21:49:05","end":"2026-01-27T06:00:00"}
[resource] candidate {"demand":null,"start":"2026-01-26T21:49:05","end":"2026-01-27T06:00:00","feasible":true}
[resource] ask {"demand":null,"operation":"fast process CTRL-B","resource":"ict senior","start":"2026-01-26T21:49:05","end":"2026-01-27T06:00:00"}
[resource] candidate {"demand":null,"start":"2026-01-26T21:49:05","end":"2026-01-27T06:00:00","feasible":true}
[resource] ask {"demand":null,"operation":"fast process CTRL-B","resource":"ict regular","start":"2026-01-26T20:31:35","end":"2026-01-27T06:00:00"}
[resource] candidate {"demand":null,"start":"2026-01-26T20:31:35","end":"2026-01-27T06:00:00","feasible":true}
[resource] ask {"demand":null,"operation":"fast process CTRL-B","resource":"ict senior","start":"2026-01-26T21:49:05","end":"2026-01-27T06:00:00"}
[resource] candidate {"demand":null,"start":"2026-01-26T21:49:05","end":"2026-01-27T06:00:00","feasible":true}
[buffer] ask {"demand":null,"buffer":"microcontroller premium","requested":3,"date":"2026-01-26T21:49:05","onhand":0}
[buffer] shortage {"buffer":"microcontroller premium","iteration":0,"date":"2026-01-26T21:49:05","onhand":-3,"shortage":3}
[buffer] answer {"demand":null,"buffer":"microcontroller premium","requested":3,"remainingShortage":3,"quantity":0,"date":"2030-12-31T00:00:00","plan":null}
[operation] material-reject {"demand":null,"operation":"fast process CTRL-B","start":"2026-01-26T21:49:05","end":"2026-01-27T06:00:00","asked":3,"answerQuantity":0,"answerDate":"2030-12-31T00:00:00"}
[operation] alternate-reject {"operation":"select process CTRL-B","alternate":"fast process CTRL-B","quantity":0,"nextDate":"2030-12-31T00:00:00"}
[operation] alternate-try {"operation":"select process CTRL-B","alternate":"standard process CTRL-B","remainingQuantity":3,"childQuantity":3}
[operation] ask {"demand":null,"operation":"standard process CTRL-B","quantity":3,"end":"2026-01-27T06:00:00"}
[resource] ask {"demand":null,"operation":"standard process CTRL-B","resource":"smt standard","start":"2026-01-26T13:31:46","end":"2026-01-27T06:00:00"}
[resource] candidate {"demand":null,"start":"2026-01-26T13:31:46","end":"2026-01-27T06:00:00","feasible":true}
[resource] ask {"demand":null,"operation":"standard process CTRL-B","resource":"functional test","start":"2026-01-26T13:31:46","end":"2026-01-27T06:00:00"}
[resource] candidate {"demand":null,"start":"2026-01-26T13:31:46","end":"2026-01-27T06:00:00","feasible":true}
[buffer] ask {"demand":null,"buffer":"microcontroller standard","requested":3,"date":"2026-01-26T13:31:46","onhand":170}
[buffer] answer {"demand":null,"buffer":"microcontroller standard","requested":3,"remainingShortage":0,"quantity":3,"date":"2026-01-26T13:31:46","plan":null}
[buffer] ask {"demand":null,"buffer":"pcb panel","requested":3,"date":"2026-01-26T13:31:46","onhand":221}
[buffer] answer {"demand":null,"buffer":"pcb panel","requested":3,"remainingShortage":0,"quantity":3,"date":"2026-01-26T13:31:46","plan":null}
[operation] answer {"demand":null,"operation":"standard process CTRL-B","quantity":3,"start":"2026-01-26T13:31:46","end":"2026-01-27T06:00:00"}
[operation] alternate-segment {"operation":"select process CTRL-B","alternate":"standard process CTRL-B","quantity":3,"remainingQuantity":0,"start":"2026-01-26T13:31:46","end":"2026-01-27T06:00:00"}
[operation] alternate-answer {"operation":"select process CTRL-B","quantity":3,"remainingQuantity":0,"nextDate":"2030-12-31T00:00:00"}
[buffer] replenish {"buffer":"controller B","iteration":0,"requested":3,"replenished":3,"producerDate":"2030-12-31T00:00:00","eventCountBefore":8,"eventCountAfter":9,"remaining":0}
[buffer] answer {"demand":null,"buffer":"controller B","requested":3,"remainingShortage":0,"quantity":3,"date":"2026-01-27T06:00:00","plan":"OperationPlan"}
[operation] answer {"demand":"electronics order 034 CTRL-B","operation":"ship CTRL-B","quantity":3,"start":"2026-01-27T06:00:00","end":"2026-01-27T08:00:00"}
[demand] reply {"demand":"electronics order 034 CTRL-B","attempt":1,"result":true,"quantity":3,"date":"2026-01-27T08:00:00"}
[demand] attempt {"demand":"electronics order 049 CTRL-A","attempt":1,"quantity":1,"requestDate":"2026-01-31T02:00:00","lastDate":"2030-12-31T00:00:00"}
[operation] ask {"demand":"electronics order 049 CTRL-A","operation":"ship CTRL-A","quantity":1,"end":"2026-01-31T02:00:00"}
[buffer] ask {"demand":null,"buffer":"controller A","requested":1,"date":"2026-01-31T00:00:00","onhand":4}
[buffer] shortage {"buffer":"controller A","iteration":0,"date":"2026-01-31T00:00:00","onhand":-1,"shortage":1}
[operation] alternate-ask {"demand":null,"operation":"select process CTRL-A","quantity":1,"end":"2026-01-31T00:00:00","alternates":["fast process CTRL-A","standard process CTRL-A"]}
[operation] alternate-try {"operation":"select process CTRL-A","alternate":"fast process CTRL-A","remainingQuantity":1,"childQuantity":1}
[operation] ask {"demand":null,"operation":"fast process CTRL-A","quantity":1,"end":"2026-01-31T00:00:00"}
[resource] ask {"demand":null,"operation":"fast process CTRL-A","resource":"smt highspeed","start":"2026-01-30T14:43:38","end":"2026-01-31T00:00:00"}
[resource] candidate {"demand":null,"start":"2026-01-30T14:43:38","end":"2026-01-31T00:00:00","feasible":true}
[resource] ask {"demand":null,"operation":"fast process CTRL-A","resource":"ict senior","start":"2026-01-30T14:43:38","end":"2026-01-31T00:00:00"}
[resource] candidate {"demand":null,"start":"2026-01-30T14:43:38","end":"2026-01-31T00:00:00","feasible":true}
[resource] ask {"demand":null,"operation":"fast process CTRL-A","resource":"ict regular","start":"2026-01-30T13:34:44","end":"2026-01-31T00:00:00"}
[resource] candidate {"demand":null,"start":"2026-01-30T13:34:44","end":"2026-01-31T00:00:00","feasible":true}
[resource] ask {"demand":null,"operation":"fast process CTRL-A","resource":"ict senior","start":"2026-01-30T14:43:38","end":"2026-01-31T00:00:00"}
[resource] candidate {"demand":null,"start":"2026-01-30T14:43:38","end":"2026-01-31T00:00:00","feasible":true}
[buffer] ask {"demand":null,"buffer":"microcontroller premium","requested":1,"date":"2026-01-30T16:43:38","onhand":-5}
[buffer] shortage {"buffer":"microcontroller premium","iteration":0,"date":"2026-01-30T16:43:38","onhand":-6,"shortage":6}
[buffer] answer {"demand":null,"buffer":"microcontroller premium","requested":1,"remainingShortage":6,"quantity":0,"date":"2030-12-31T00:00:00","plan":null}
[operation] material-reject {"demand":null,"operation":"fast process CTRL-A","start":"2026-01-30T14:43:38","end":"2026-01-31T00:00:00","asked":1,"answerQuantity":0,"answerDate":"2030-12-31T00:00:00"}
[operation] alternate-reject {"operation":"select process CTRL-A","alternate":"fast process CTRL-A","quantity":0,"nextDate":"2030-12-31T00:00:00"}
[operation] alternate-try {"operation":"select process CTRL-A","alternate":"standard process CTRL-A","remainingQuantity":1,"childQuantity":1}
[operation] ask {"demand":null,"operation":"standard process CTRL-A","quantity":1,"end":"2026-01-31T00:00:00"}
[resource] ask {"demand":null,"operation":"standard process CTRL-A","resource":"smt standard","start":"2026-01-30T06:42:21","end":"2026-01-31T00:00:00"}
[resource] candidate {"demand":null,"start":"2026-01-30T06:42:21","end":"2026-01-31T00:00:00","feasible":true}
[resource] ask {"demand":null,"operation":"standard process CTRL-A","resource":"functional test","start":"2026-01-30T06:42:21","end":"2026-01-31T00:00:00"}
[resource] candidate {"demand":null,"start":"2026-01-30T06:42:21","end":"2026-01-31T00:00:00","feasible":true}
[buffer] ask {"demand":null,"buffer":"microcontroller standard","requested":1,"date":"2026-01-30T08:42:21","onhand":162}
[buffer] answer {"demand":null,"buffer":"microcontroller standard","requested":1,"remainingShortage":0,"quantity":1,"date":"2026-01-30T08:42:21","plan":null}
[buffer] ask {"demand":null,"buffer":"pcb panel","requested":1,"date":"2026-01-30T08:42:21","onhand":210}
[buffer] answer {"demand":null,"buffer":"pcb panel","requested":1,"remainingShortage":0,"quantity":1,"date":"2026-01-30T08:42:21","plan":null}
[operation] answer {"demand":null,"operation":"standard process CTRL-A","quantity":1,"start":"2026-01-30T06:42:21","end":"2026-01-31T00:00:00"}
[operation] alternate-segment {"operation":"select process CTRL-A","alternate":"standard process CTRL-A","quantity":1,"remainingQuantity":0,"start":"2026-01-30T06:42:21","end":"2026-01-31T00:00:00"}
[operation] alternate-answer {"operation":"select process CTRL-A","quantity":1,"remainingQuantity":0,"nextDate":"2030-12-31T00:00:00"}
[buffer] replenish {"buffer":"controller A","iteration":0,"requested":1,"replenished":1,"producerDate":"2030-12-31T00:00:00","eventCountBefore":8,"eventCountAfter":9,"remaining":0}
[buffer] answer {"demand":null,"buffer":"controller A","requested":1,"remainingShortage":0,"quantity":1,"date":"2026-01-31T00:00:00","plan":"OperationPlan"}
[operation] answer {"demand":"electronics order 049 CTRL-A","operation":"ship CTRL-A","quantity":1,"start":"2026-01-31T00:00:00","end":"2026-01-31T02:00:00"}
[demand] reply {"demand":"electronics order 049 CTRL-A","attempt":1,"result":true,"quantity":1,"date":"2026-01-31T02:00:00"}
[demand] attempt {"demand":"electronics order 005 CTRL-A","attempt":1,"quantity":2,"requestDate":"2026-01-20T02:00:00","lastDate":"2030-12-31T00:00:00"}
[operation] ask {"demand":"electronics order 005 CTRL-A","operation":"ship CTRL-A","quantity":2,"end":"2026-01-20T02:00:00"}
[buffer] ask {"demand":null,"buffer":"controller A","requested":2,"date":"2026-01-20T00:00:00","onhand":1}
[buffer] shortage {"buffer":"controller A","iteration":0,"date":"2026-01-20T00:00:00","onhand":-2,"shortage":2}
[operation] alternate-ask {"demand":null,"operation":"select process CTRL-A","quantity":2,"end":"2026-01-20T00:00:00","alternates":["fast process CTRL-A","standard process CTRL-A"]}
[operation] alternate-try {"operation":"select process CTRL-A","alternate":"fast process CTRL-A","remainingQuantity":2,"childQuantity":2}
[operation] ask {"demand":null,"operation":"fast process CTRL-A","quantity":2,"end":"2026-01-20T00:00:00"}
[resource] ask {"demand":null,"operation":"fast process CTRL-A","resource":"smt highspeed","start":"2026-01-19T14:43:38","end":"2026-01-20T00:00:00"}
[resource] candidate {"demand":null,"start":"2026-01-19T14:43:38","end":"2026-01-20T00:00:00","feasible":true}
[resource] ask {"demand":null,"operation":"fast process CTRL-A","resource":"ict senior","start":"2026-01-19T14:43:38","end":"2026-01-20T00:00:00"}
[resource] candidate {"demand":null,"start":"2026-01-19T14:43:38","end":"2026-01-20T00:00:00","feasible":true}
[resource] ask {"demand":null,"operation":"fast process CTRL-A","resource":"ict regular","start":"2026-01-19T13:34:44","end":"2026-01-20T00:00:00"}
[resource] candidate {"demand":null,"start":"2026-01-19T13:34:44","end":"2026-01-20T00:00:00","feasible":true}
[resource] ask {"demand":null,"operation":"fast process CTRL-A","resource":"ict senior","start":"2026-01-19T14:43:38","end":"2026-01-20T00:00:00"}
[resource] candidate {"demand":null,"start":"2026-01-19T14:43:38","end":"2026-01-20T00:00:00","feasible":true}
[buffer] ask {"demand":null,"buffer":"microcontroller premium","requested":2,"date":"2026-01-19T16:43:38","onhand":13}
[buffer] shortage {"buffer":"microcontroller premium","iteration":0,"date":"2026-01-26T16:43:38","onhand":-2,"shortage":2}
[buffer] answer {"demand":null,"buffer":"microcontroller premium","requested":2,"remainingShortage":2,"quantity":0,"date":"2030-12-31T00:00:00","plan":null}
[operation] material-reject {"demand":null,"operation":"fast process CTRL-A","start":"2026-01-19T14:43:38","end":"2026-01-20T00:00:00","asked":2,"answerQuantity":0,"answerDate":"2030-12-31T00:00:00"}
[operation] alternate-reject {"operation":"select process CTRL-A","alternate":"fast process CTRL-A","quantity":0,"nextDate":"2030-12-31T00:00:00"}
[operation] alternate-try {"operation":"select process CTRL-A","alternate":"standard process CTRL-A","remainingQuantity":2,"childQuantity":2}
[operation] ask {"demand":null,"operation":"standard process CTRL-A","quantity":2,"end":"2026-01-20T00:00:00"}
[resource] ask {"demand":null,"operation":"standard process CTRL-A","resource":"smt standard","start":"2026-01-19T06:42:21","end":"2026-01-20T00:00:00"}
[resource] candidate {"demand":null,"start":"2026-01-19T06:42:21","end":"2026-01-20T00:00:00","feasible":true}
[resource] ask {"demand":null,"operation":"standard process CTRL-A","resource":"functional test","start":"2026-01-19T06:42:21","end":"2026-01-20T00:00:00"}
[resource] candidate {"demand":null,"start":"2026-01-19T06:42:21","end":"2026-01-20T00:00:00","feasible":true}
[buffer] ask {"demand":null,"buffer":"microcontroller standard","requested":2,"date":"2026-01-19T08:42:21","onhand":175}
[buffer] answer {"demand":null,"buffer":"microcontroller standard","requested":2,"remainingShortage":0,"quantity":2,"date":"2026-01-19T08:42:21","plan":null}
[buffer] ask {"demand":null,"buffer":"pcb panel","requested":2,"date":"2026-01-19T08:42:21","onhand":235}
[buffer] answer {"demand":null,"buffer":"pcb panel","requested":2,"remainingShortage":0,"quantity":2,"date":"2026-01-19T08:42:21","plan":null}
[operation] answer {"demand":null,"operation":"standard process CTRL-A","quantity":2,"start":"2026-01-19T06:42:21","end":"2026-01-20T00:00:00"}
[operation] alternate-segment {"operation":"select process CTRL-A","alternate":"standard process CTRL-A","quantity":2,"remainingQuantity":0,"start":"2026-01-19T06:42:21","end":"2026-01-20T00:00:00"}
[operation] alternate-answer {"operation":"select process CTRL-A","quantity":2,"remainingQuantity":0,"nextDate":"2030-12-31T00:00:00"}
[buffer] replenish {"buffer":"controller A","iteration":0,"requested":2,"replenished":2,"producerDate":"2030-12-31T00:00:00","eventCountBefore":10,"eventCountAfter":11,"remaining":0}
[buffer] answer {"demand":null,"buffer":"controller A","requested":2,"remainingShortage":0,"quantity":2,"date":"2026-01-20T00:00:00","plan":"OperationPlan"}
[operation] answer {"demand":"electronics order 005 CTRL-A","operation":"ship CTRL-A","quantity":2,"start":"2026-01-20T00:00:00","end":"2026-01-20T02:00:00"}
[demand] reply {"demand":"electronics order 005 CTRL-A","attempt":1,"result":true,"quantity":2,"date":"2026-01-20T02:00:00"}
[demand] attempt {"demand":"electronics order 020 SENSOR-D","attempt":1,"quantity":2,"requestDate":"2026-01-23T20:00:00","lastDate":"2030-12-31T00:00:00"}
[operation] ask {"demand":"electronics order 020 SENSOR-D","operation":"ship SENSOR-D","quantity":2,"end":"2026-01-23T20:00:00"}
[buffer] ask {"demand":null,"buffer":"sensor D","requested":2,"date":"2026-01-23T18:00:00","onhand":3}
[buffer] shortage {"buffer":"sensor D","iteration":0,"date":"2026-01-23T18:00:00","onhand":-2,"shortage":2}
[operation] alternate-ask {"demand":null,"operation":"select process SENSOR-D","quantity":2,"end":"2026-01-23T18:00:00","alternates":["fast process SENSOR-D","standard process SENSOR-D"]}
[operation] alternate-try {"operation":"select process SENSOR-D","alternate":"fast process SENSOR-D","remainingQuantity":2,"childQuantity":2}
[operation] ask {"demand":null,"operation":"fast process SENSOR-D","quantity":2,"end":"2026-01-23T18:00:00"}
[resource] ask {"demand":null,"operation":"fast process SENSOR-D","resource":"smt highspeed","start":"2026-01-23T05:00:00","end":"2026-01-23T18:00:00"}
[resource] candidate {"demand":null,"start":"2026-01-23T05:00:00","end":"2026-01-23T18:00:00","feasible":true}
[resource] ask {"demand":null,"operation":"fast process SENSOR-D","resource":"ict senior","start":"2026-01-23T05:00:00","end":"2026-01-23T18:00:00"}
[resource] candidate {"demand":null,"start":"2026-01-23T05:00:00","end":"2026-01-23T18:00:00","feasible":true}
[resource] ask {"demand":null,"operation":"fast process SENSOR-D","resource":"ict regular","start":"2026-01-23T03:25:16","end":"2026-01-23T18:00:00"}
[resource] candidate {"demand":null,"start":"2026-01-23T03:25:16","end":"2026-01-23T18:00:00","feasible":true}
[resource] ask {"demand":null,"operation":"fast process SENSOR-D","resource":"ict senior","start":"2026-01-23T05:00:00","end":"2026-01-23T18:00:00"}
[resource] candidate {"demand":null,"start":"2026-01-23T05:00:00","end":"2026-01-23T18:00:00","feasible":true}
[buffer] ask {"demand":null,"buffer":"microcontroller premium","requested":2,"date":"2026-01-23T08:00:00","onhand":6}
[buffer] shortage {"buffer":"microcontroller premium","iteration":0,"date":"2026-01-26T16:43:38","onhand":-2,"shortage":2}
[buffer] answer {"demand":null,"buffer":"microcontroller premium","requested":2,"remainingShortage":2,"quantity":0,"date":"2030-12-31T00:00:00","plan":null}
[operation] material-reject {"demand":null,"operation":"fast process SENSOR-D","start":"2026-01-23T05:00:00","end":"2026-01-23T18:00:00","asked":2,"answerQuantity":0,"answerDate":"2030-12-31T00:00:00"}
[operation] alternate-reject {"operation":"select process SENSOR-D","alternate":"fast process SENSOR-D","quantity":0,"nextDate":"2030-12-31T00:00:00"}
[operation] alternate-try {"operation":"select process SENSOR-D","alternate":"standard process SENSOR-D","remainingQuantity":2,"childQuantity":2}
[operation] ask {"demand":null,"operation":"standard process SENSOR-D","quantity":2,"end":"2026-01-23T18:00:00"}
[resource] ask {"demand":null,"operation":"standard process SENSOR-D","resource":"smt standard","start":"2026-01-22T23:10:35","end":"2026-01-23T18:00:00"}
[resource] candidate {"demand":null,"start":"2026-01-22T23:10:35","end":"2026-01-23T18:00:00","feasible":true}
[resource] ask {"demand":null,"operation":"standard process SENSOR-D","resource":"functional test","start":"2026-01-22T23:10:35","end":"2026-01-23T18:00:00"}
[resource] candidate {"demand":null,"start":"2026-01-22T23:10:35","end":"2026-01-23T18:00:00","feasible":true}
[buffer] ask {"demand":null,"buffer":"microcontroller standard","requested":2,"date":"2026-01-22T23:10:35","onhand":169}
[buffer] answer {"demand":null,"buffer":"microcontroller standard","requested":2,"remainingShortage":0,"quantity":2,"date":"2026-01-22T23:10:35","plan":null}
[buffer] ask {"demand":null,"buffer":"sensor die","requested":2,"date":"2026-01-22T23:10:35","onhand":134}
[buffer] answer {"demand":null,"buffer":"sensor die","requested":2,"remainingShortage":0,"quantity":2,"date":"2026-01-22T23:10:35","plan":null}
[operation] answer {"demand":null,"operation":"standard process SENSOR-D","quantity":2,"start":"2026-01-22T23:10:35","end":"2026-01-23T18:00:00"}
[operation] alternate-segment {"operation":"select process SENSOR-D","alternate":"standard process SENSOR-D","quantity":2,"remainingQuantity":0,"start":"2026-01-22T23:10:35","end":"2026-01-23T18:00:00"}
[operation] alternate-answer {"operation":"select process SENSOR-D","quantity":2,"remainingQuantity":0,"nextDate":"2030-12-31T00:00:00"}
[buffer] replenish {"buffer":"sensor D","iteration":0,"requested":2,"replenished":2,"producerDate":"2030-12-31T00:00:00","eventCountBefore":9,"eventCountAfter":10,"remaining":0}
[buffer] answer {"demand":null,"buffer":"sensor D","requested":2,"remainingShortage":0,"quantity":2,"date":"2026-01-23T18:00:00","plan":"OperationPlan"}
[operation] answer {"demand":"electronics order 020 SENSOR-D","operation":"ship SENSOR-D","quantity":2,"start":"2026-01-23T18:00:00","end":"2026-01-23T20:00:00"}
[demand] reply {"demand":"electronics order 020 SENSOR-D","attempt":1,"result":true,"quantity":2,"date":"2026-01-23T20:00:00"}
[demand] attempt {"demand":"electronics order 035 SENSOR-C","attempt":1,"quantity":2,"requestDate":"2026-01-27T14:00:00","lastDate":"2030-12-31T00:00:00"}
[operation] ask {"demand":"electronics order 035 SENSOR-C","operation":"ship SENSOR-C","quantity":2,"end":"2026-01-27T14:00:00"}
[buffer] ask {"demand":null,"buffer":"sensor C","requested":2,"date":"2026-01-27T12:00:00","onhand":1}
[buffer] shortage {"buffer":"sensor C","iteration":0,"date":"2026-01-27T12:00:00","onhand":-2,"shortage":2}
[operation] alternate-ask {"demand":null,"operation":"select process SENSOR-C","quantity":2,"end":"2026-01-27T12:00:00","alternates":["fast process SENSOR-C","standard process SENSOR-C"]}
[operation] alternate-try {"operation":"select process SENSOR-C","alternate":"fast process SENSOR-C","remainingQuantity":2,"childQuantity":2}
[operation] ask {"demand":null,"operation":"fast process SENSOR-C","quantity":2,"end":"2026-01-27T12:00:00"}
[resource] ask {"demand":null,"operation":"fast process SENSOR-C","resource":"smt highspeed","start":"2026-01-26T23:54:33","end":"2026-01-27T12:00:00"}
[resource] candidate {"demand":null,"start":"2026-01-26T23:54:33","end":"2026-01-27T12:00:00","feasible":true}
[resource] ask {"demand":null,"operation":"fast process SENSOR-C","resource":"ict senior","start":"2026-01-26T23:54:33","end":"2026-01-27T12:00:00"}
[resource] candidate {"demand":null,"start":"2026-01-26T23:54:33","end":"2026-01-27T12:00:00","feasible":true}
[resource] ask {"demand":null,"operation":"fast process SENSOR-C","resource":"ict regular","start":"2026-01-26T22:28:25","end":"2026-01-27T12:00:00"}
[resource] candidate {"demand":null,"start":"2026-01-26T22:28:25","end":"2026-01-27T12:00:00","feasible":true}
[resource] ask {"demand":null,"operation":"fast process SENSOR-C","resource":"ict senior","start":"2026-01-26T23:54:33","end":"2026-01-27T12:00:00"}
[resource] candidate {"demand":null,"start":"2026-01-26T23:54:33","end":"2026-01-27T12:00:00","feasible":true}
[buffer] ask {"demand":null,"buffer":"microcontroller premium","requested":2,"date":"2026-01-27T02:54:33","onhand":0}
[buffer] shortage {"buffer":"microcontroller premium","iteration":0,"date":"2026-01-27T02:54:33","onhand":-2,"shortage":2}
[buffer] answer {"demand":null,"buffer":"microcontroller premium","requested":2,"remainingShortage":2,"quantity":0,"date":"2030-12-31T00:00:00","plan":null}
[operation] material-reject {"demand":null,"operation":"fast process SENSOR-C","start":"2026-01-26T23:54:33","end":"2026-01-27T12:00:00","asked":2,"answerQuantity":0,"answerDate":"2030-12-31T00:00:00"}
[operation] alternate-reject {"operation":"select process SENSOR-C","alternate":"fast process SENSOR-C","quantity":0,"nextDate":"2030-12-31T00:00:00"}
[operation] alternate-try {"operation":"select process SENSOR-C","alternate":"standard process SENSOR-C","remainingQuantity":2,"childQuantity":2}
[operation] ask {"demand":null,"operation":"standard process SENSOR-C","quantity":2,"end":"2026-01-27T12:00:00"}
[resource] ask {"demand":null,"operation":"standard process SENSOR-C","resource":"smt standard","start":"2026-01-26T15:21:11","end":"2026-01-27T12:00:00"}
[resource] candidate {"demand":null,"start":"2026-01-26T15:21:11","end":"2026-01-27T12:00:00","feasible":true}
[resource] ask {"demand":null,"operation":"standard process SENSOR-C","resource":"functional test","start":"2026-01-26T15:21:11","end":"2026-01-27T12:00:00"}
[resource] candidate {"demand":null,"start":"2026-01-26T15:21:11","end":"2026-01-27T12:00:00","feasible":true}
[buffer] ask {"demand":null,"buffer":"microcontroller standard","requested":2,"date":"2026-01-26T18:21:11","onhand":163}
[buffer] answer {"demand":null,"buffer":"microcontroller standard","requested":2,"remainingShortage":0,"quantity":2,"date":"2026-01-26T18:21:11","plan":null}
[buffer] ask {"demand":null,"buffer":"sensor die","requested":2,"date":"2026-01-26T18:21:11","onhand":132}
[buffer] answer {"demand":null,"buffer":"sensor die","requested":2,"remainingShortage":0,"quantity":2,"date":"2026-01-26T18:21:11","plan":null}
[operation] answer {"demand":null,"operation":"standard process SENSOR-C","quantity":2,"start":"2026-01-26T15:21:11","end":"2026-01-27T12:00:00"}
[operation] alternate-segment {"operation":"select process SENSOR-C","alternate":"standard process SENSOR-C","quantity":2,"remainingQuantity":0,"start":"2026-01-26T15:21:11","end":"2026-01-27T12:00:00"}
[operation] alternate-answer {"operation":"select process SENSOR-C","quantity":2,"remainingQuantity":0,"nextDate":"2030-12-31T00:00:00"}
[buffer] replenish {"buffer":"sensor C","iteration":0,"requested":2,"replenished":2,"producerDate":"2030-12-31T00:00:00","eventCountBefore":10,"eventCountAfter":11,"remaining":0}
[buffer] answer {"demand":null,"buffer":"sensor C","requested":2,"remainingShortage":0,"quantity":2,"date":"2026-01-27T12:00:00","plan":"OperationPlan"}
[operation] answer {"demand":"electronics order 035 SENSOR-C","operation":"ship SENSOR-C","quantity":2,"start":"2026-01-27T12:00:00","end":"2026-01-27T14:00:00"}
[demand] reply {"demand":"electronics order 035 SENSOR-C","attempt":1,"result":true,"quantity":2,"date":"2026-01-27T14:00:00"}
[demand] attempt {"demand":"electronics order 050 CTRL-B","attempt":1,"quantity":2,"requestDate":"2026-01-31T08:00:00","lastDate":"2030-12-31T00:00:00"}
[operation] ask {"demand":"electronics order 050 CTRL-B","operation":"ship CTRL-B","quantity":2,"end":"2026-01-31T08:00:00"}
[buffer] ask {"demand":null,"buffer":"controller B","requested":2,"date":"2026-01-31T06:00:00","onhand":3}
[buffer] shortage {"buffer":"controller B","iteration":0,"date":"2026-01-31T06:00:00","onhand":-2,"shortage":2}
[operation] alternate-ask {"demand":null,"operation":"select process CTRL-B","quantity":2,"end":"2026-01-31T06:00:00","alternates":["fast process CTRL-B","standard process CTRL-B"]}
[operation] alternate-try {"operation":"select process CTRL-B","alternate":"fast process CTRL-B","remainingQuantity":2,"childQuantity":2}
[operation] ask {"demand":null,"operation":"fast process CTRL-B","quantity":2,"end":"2026-01-31T06:00:00"}
[resource] ask {"demand":null,"operation":"fast process CTRL-B","resource":"smt highspeed","start":"2026-01-30T19:49:05","end":"2026-01-31T06:00:00"}
[resource] candidate {"demand":null,"start":"2026-01-30T19:49:05","end":"2026-01-31T06:00:00","feasible":true}
[resource] ask {"demand":null,"operation":"fast process CTRL-B","resource":"ict senior","start":"2026-01-30T19:49:05","end":"2026-01-31T06:00:00"}
[resource] candidate {"demand":null,"start":"2026-01-30T19:49:05","end":"2026-01-31T06:00:00","feasible":true}
[resource] ask {"demand":null,"operation":"fast process CTRL-B","resource":"ict regular","start":"2026-01-30T18:31:35","end":"2026-01-31T06:00:00"}
[resource] candidate {"demand":null,"start":"2026-01-30T18:31:35","end":"2026-01-31T06:00:00","feasible":true}
[resource] ask {"demand":null,"operation":"fast process CTRL-B","resource":"ict senior","start":"2026-01-30T19:49:05","end":"2026-01-31T06:00:00"}
[resource] candidate {"demand":null,"start":"2026-01-30T19:49:05","end":"2026-01-31T06:00:00","feasible":true}
[buffer] ask {"demand":null,"buffer":"microcontroller premium","requested":2,"date":"2026-01-30T21:49:05","onhand":-5}
[buffer] shortage {"buffer":"microcontroller premium","iteration":0,"date":"2026-01-30T21:49:05","onhand":-7,"shortage":7}
[buffer] answer {"demand":null,"buffer":"microcontroller premium","requested":2,"remainingShortage":7,"quantity":0,"date":"2030-12-31T00:00:00","plan":null}
[operation] material-reject {"demand":null,"operation":"fast process CTRL-B","start":"2026-01-30T19:49:05","end":"2026-01-31T06:00:00","asked":2,"answerQuantity":0,"answerDate":"2030-12-31T00:00:00"}
[operation] alternate-reject {"operation":"select process CTRL-B","alternate":"fast process CTRL-B","quantity":0,"nextDate":"2030-12-31T00:00:00"}
[operation] alternate-try {"operation":"select process CTRL-B","alternate":"standard process CTRL-B","remainingQuantity":2,"childQuantity":2}
[operation] ask {"demand":null,"operation":"standard process CTRL-B","quantity":2,"end":"2026-01-31T06:00:00"}
[resource] ask {"demand":null,"operation":"standard process CTRL-B","resource":"smt standard","start":"2026-01-30T13:31:46","end":"2026-01-31T06:00:00"}
[resource] candidate {"demand":null,"start":"2026-01-30T13:31:46","end":"2026-01-31T06:00:00","feasible":true}
[resource] ask {"demand":null,"operation":"standard process CTRL-B","resource":"functional test","start":"2026-01-30T13:31:46","end":"2026-01-31T06:00:00"}
[resource] candidate {"demand":null,"start":"2026-01-30T13:31:46","end":"2026-01-31T06:00:00","feasible":true}
[buffer] ask {"demand":null,"buffer":"microcontroller standard","requested":2,"date":"2026-01-30T13:31:46","onhand":155}
[buffer] answer {"demand":null,"buffer":"microcontroller standard","requested":2,"remainingShortage":0,"quantity":2,"date":"2026-01-30T13:31:46","plan":null}
[buffer] ask {"demand":null,"buffer":"pcb panel","requested":2,"date":"2026-01-30T13:31:46","onhand":207}
[buffer] answer {"demand":null,"buffer":"pcb panel","requested":2,"remainingShortage":0,"quantity":2,"date":"2026-01-30T13:31:46","plan":null}
[operation] answer {"demand":null,"operation":"standard process CTRL-B","quantity":2,"start":"2026-01-30T13:31:46","end":"2026-01-31T06:00:00"}
[operation] alternate-segment {"operation":"select process CTRL-B","alternate":"standard process CTRL-B","quantity":2,"remainingQuantity":0,"start":"2026-01-30T13:31:46","end":"2026-01-31T06:00:00"}
[operation] alternate-answer {"operation":"select process CTRL-B","quantity":2,"remainingQuantity":0,"nextDate":"2030-12-31T00:00:00"}
[buffer] replenish {"buffer":"controller B","iteration":0,"requested":2,"replenished":2,"producerDate":"2030-12-31T00:00:00","eventCountBefore":10,"eventCountAfter":11,"remaining":0}
[buffer] answer {"demand":null,"buffer":"controller B","requested":2,"remainingShortage":0,"quantity":2,"date":"2026-01-31T06:00:00","plan":"OperationPlan"}
[operation] answer {"demand":"electronics order 050 CTRL-B","operation":"ship CTRL-B","quantity":2,"start":"2026-01-31T06:00:00","end":"2026-01-31T08:00:00"}
[demand] reply {"demand":"electronics order 050 CTRL-B","attempt":1,"result":true,"quantity":2,"date":"2026-01-31T08:00:00"}
[demand] attempt {"demand":"electronics order 006 CTRL-B","attempt":1,"quantity":5,"requestDate":"2026-01-20T08:00:00","lastDate":"2030-12-31T00:00:00"}
[operation] ask {"demand":"electronics order 006 CTRL-B","operation":"ship CTRL-B","quantity":5,"end":"2026-01-20T08:00:00"}
[buffer] ask {"demand":null,"buffer":"controller B","requested":5,"date":"2026-01-20T06:00:00","onhand":2}
[buffer] shortage {"buffer":"controller B","iteration":0,"date":"2026-01-20T06:00:00","onhand":-5,"shortage":5}
[operation] alternate-ask {"demand":null,"operation":"select process CTRL-B","quantity":5,"end":"2026-01-20T06:00:00","alternates":["fast process CTRL-B","standard process CTRL-B"]}
[operation] alternate-try {"operation":"select process CTRL-B","alternate":"fast process CTRL-B","remainingQuantity":5,"childQuantity":5}
[operation] ask {"demand":null,"operation":"fast process CTRL-B","quantity":5,"end":"2026-01-20T06:00:00"}
[resource] ask {"demand":null,"operation":"fast process CTRL-B","resource":"smt highspeed","start":"2026-01-19T19:49:05","end":"2026-01-20T06:00:00"}
[resource] candidate {"demand":null,"start":"2026-01-19T19:49:05","end":"2026-01-20T06:00:00","feasible":true}
[resource] ask {"demand":null,"operation":"fast process CTRL-B","resource":"ict senior","start":"2026-01-19T19:49:05","end":"2026-01-20T06:00:00"}
[resource] candidate {"demand":null,"start":"2026-01-19T19:49:05","end":"2026-01-20T06:00:00","feasible":true}
[resource] ask {"demand":null,"operation":"fast process CTRL-B","resource":"ict regular","start":"2026-01-19T18:31:35","end":"2026-01-20T06:00:00"}
[resource] candidate {"demand":null,"start":"2026-01-19T18:31:35","end":"2026-01-20T06:00:00","feasible":true}
[resource] ask {"demand":null,"operation":"fast process CTRL-B","resource":"ict senior","start":"2026-01-19T19:49:05","end":"2026-01-20T06:00:00"}
[resource] candidate {"demand":null,"start":"2026-01-19T19:49:05","end":"2026-01-20T06:00:00","feasible":true}
[buffer] ask {"demand":null,"buffer":"microcontroller premium","requested":5,"date":"2026-01-19T21:49:05","onhand":13}
[buffer] shortage {"buffer":"microcontroller premium","iteration":0,"date":"2026-01-26T08:00:00","onhand":-2,"shortage":2}
[buffer] answer {"demand":null,"buffer":"microcontroller premium","requested":5,"remainingShortage":2,"quantity":3,"date":"2030-12-31T00:00:00","plan":null}
[buffer] ask {"demand":null,"buffer":"pcb panel","requested":3,"date":"2026-01-19T21:49:05","onhand":233}
[buffer] answer {"demand":null,"buffer":"pcb panel","requested":3,"remainingShortage":0,"quantity":3,"date":"2026-01-19T21:49:05","plan":null}
[operation] answer {"demand":null,"operation":"fast process CTRL-B","quantity":3,"start":"2026-01-19T19:49:05","end":"2026-01-20T06:00:00"}
[operation] alternate-segment {"operation":"select process CTRL-B","alternate":"fast process CTRL-B","quantity":3,"remainingQuantity":2,"start":"2026-01-19T19:49:05","end":"2026-01-20T06:00:00"}
[operation] alternate-try {"operation":"select process CTRL-B","alternate":"fast process CTRL-B","remainingQuantity":2,"childQuantity":2}
[operation] ask {"demand":null,"operation":"fast process CTRL-B","quantity":2,"end":"2026-01-20T06:00:00"}
[resource] ask {"demand":null,"operation":"fast process CTRL-B","resource":"smt highspeed","start":"2026-01-19T19:49:05","end":"2026-01-20T06:00:00"}
[resource] candidate {"demand":null,"start":"2026-01-19T19:49:05","end":"2026-01-20T06:00:00","feasible":true}
[resource] ask {"demand":null,"operation":"fast process CTRL-B","resource":"ict senior","start":"2026-01-19T19:49:05","end":"2026-01-20T06:00:00"}
[resource] candidate {"demand":null,"start":"2026-01-19T19:49:05","end":"2026-01-20T06:00:00","feasible":true}
[resource] ask {"demand":null,"operation":"fast process CTRL-B","resource":"ict regular","start":"2026-01-19T18:31:35","end":"2026-01-20T06:00:00"}
[resource] candidate {"demand":null,"start":"2026-01-19T18:31:35","end":"2026-01-20T06:00:00","feasible":true}
[resource] ask {"demand":null,"operation":"fast process CTRL-B","resource":"ict senior","start":"2026-01-19T19:49:05","end":"2026-01-20T06:00:00"}
[resource] candidate {"demand":null,"start":"2026-01-19T19:49:05","end":"2026-01-20T06:00:00","feasible":true}
[buffer] ask {"demand":null,"buffer":"microcontroller premium","requested":2,"date":"2026-01-19T21:49:05","onhand":13}
[buffer] shortage {"buffer":"microcontroller premium","iteration":0,"date":"2026-01-26T08:00:00","onhand":-2,"shortage":2}
[buffer] answer {"demand":null,"buffer":"microcontroller premium","requested":2,"remainingShortage":2,"quantity":0,"date":"2030-12-31T00:00:00","plan":null}
[operation] material-reject {"demand":null,"operation":"fast process CTRL-B","start":"2026-01-19T19:49:05","end":"2026-01-20T06:00:00","asked":2,"answerQuantity":0,"answerDate":"2030-12-31T00:00:00"}
[operation] alternate-reject {"operation":"select process CTRL-B","alternate":"fast process CTRL-B","quantity":0,"nextDate":"2030-12-31T00:00:00"}
[operation] alternate-try {"operation":"select process CTRL-B","alternate":"standard process CTRL-B","remainingQuantity":2,"childQuantity":2}
[operation] ask {"demand":null,"operation":"standard process CTRL-B","quantity":2,"end":"2026-01-20T06:00:00"}
[resource] ask {"demand":null,"operation":"standard process CTRL-B","resource":"smt standard","start":"2026-01-19T13:31:46","end":"2026-01-20T06:00:00"}
[resource] candidate {"demand":null,"start":"2026-01-19T13:31:46","end":"2026-01-20T06:00:00","feasible":true}
[resource] ask {"demand":null,"operation":"standard process CTRL-B","resource":"functional test","start":"2026-01-19T13:31:46","end":"2026-01-20T06:00:00"}
[resource] candidate {"demand":null,"start":"2026-01-19T13:31:46","end":"2026-01-20T06:00:00","feasible":true}
[buffer] ask {"demand":null,"buffer":"microcontroller standard","requested":2,"date":"2026-01-19T13:31:46","onhand":173}
[buffer] answer {"demand":null,"buffer":"microcontroller standard","requested":2,"remainingShortage":0,"quantity":2,"date":"2026-01-19T13:31:46","plan":null}
[buffer] ask {"demand":null,"buffer":"pcb panel","requested":2,"date":"2026-01-19T13:31:46","onhand":233}
[buffer] answer {"demand":null,"buffer":"pcb panel","requested":2,"remainingShortage":0,"quantity":2,"date":"2026-01-19T13:31:46","plan":null}
[operation] answer {"demand":null,"operation":"standard process CTRL-B","quantity":2,"start":"2026-01-19T13:31:46","end":"2026-01-20T06:00:00"}
[operation] alternate-segment {"operation":"select process CTRL-B","alternate":"standard process CTRL-B","quantity":2,"remainingQuantity":0,"start":"2026-01-19T13:31:46","end":"2026-01-20T06:00:00"}
[operation] alternate-answer {"operation":"select process CTRL-B","quantity":5,"remainingQuantity":0,"nextDate":"2030-12-31T00:00:00"}
[buffer] replenish {"buffer":"controller B","iteration":0,"requested":5,"replenished":5,"producerDate":"2030-12-31T00:00:00","eventCountBefore":12,"eventCountAfter":14,"remaining":0}
[buffer] answer {"demand":null,"buffer":"controller B","requested":5,"remainingShortage":0,"quantity":5,"date":"2026-01-20T06:00:00","plan":"OperationPlan"}
[operation] answer {"demand":"electronics order 006 CTRL-B","operation":"ship CTRL-B","quantity":5,"start":"2026-01-20T06:00:00","end":"2026-01-20T08:00:00"}
[demand] reply {"demand":"electronics order 006 CTRL-B","attempt":1,"result":true,"quantity":5,"date":"2026-01-20T08:00:00"}
[demand] attempt {"demand":"electronics order 021 CTRL-A","attempt":1,"quantity":4,"requestDate":"2026-01-24T02:00:00","lastDate":"2030-12-31T00:00:00"}
[operation] ask {"demand":"electronics order 021 CTRL-A","operation":"ship CTRL-A","quantity":4,"end":"2026-01-24T02:00:00"}
[buffer] ask {"demand":null,"buffer":"controller A","requested":4,"date":"2026-01-24T00:00:00","onhand":2}
[buffer] shortage {"buffer":"controller A","iteration":0,"date":"2026-01-24T00:00:00","onhand":-4,"shortage":4}
[operation] alternate-ask {"demand":null,"operation":"select process CTRL-A","quantity":4,"end":"2026-01-24T00:00:00","alternates":["fast process CTRL-A","standard process CTRL-A"]}
[operation] alternate-try {"operation":"select process CTRL-A","alternate":"fast process CTRL-A","remainingQuantity":4,"childQuantity":4}
[operation] ask {"demand":null,"operation":"fast process CTRL-A","quantity":4,"end":"2026-01-24T00:00:00"}
[resource] ask {"demand":null,"operation":"fast process CTRL-A","resource":"smt highspeed","start":"2026-01-23T16:43:38","end":"2026-01-24T00:00:00"}
[resource] candidate {"demand":null,"start":"2026-01-23T16:43:38","end":"2026-01-24T00:00:00","feasible":true}
[resource] ask {"demand":null,"operation":"fast process CTRL-A","resource":"ict senior","start":"2026-01-23T16:43:38","end":"2026-01-24T00:00:00"}
[resource] candidate {"demand":null,"start":"2026-01-23T16:43:38","end":"2026-01-24T00:00:00","feasible":true}
[resource] ask {"demand":null,"operation":"fast process CTRL-A","resource":"ict regular","start":"2026-01-23T15:34:44","end":"2026-01-24T00:00:00"}
[resource] candidate {"demand":null,"start":"2026-01-23T15:34:44","end":"2026-01-24T00:00:00","feasible":true}
[resource] ask {"demand":null,"operation":"fast process CTRL-A","resource":"ict senior","start":"2026-01-23T16:43:38","end":"2026-01-24T00:00:00"}
[resource] candidate {"demand":null,"start":"2026-01-23T16:43:38","end":"2026-01-24T00:00:00","feasible":true}
[buffer] ask {"demand":null,"buffer":"microcontroller premium","requested":4,"date":"2026-01-23T16:43:38","onhand":3}
[buffer] shortage {"buffer":"microcontroller premium","iteration":0,"date":"2026-01-23T16:43:38","onhand":-1,"shortage":1}
[buffer] answer {"demand":null,"buffer":"microcontroller premium","requested":4,"remainingShortage":1,"quantity":3,"date":"2030-12-31T00:00:00","plan":null}
[buffer] ask {"demand":null,"buffer":"pcb panel","requested":3,"date":"2026-01-23T16:43:38","onhand":218}
[buffer] answer {"demand":null,"buffer":"pcb panel","requested":3,"remainingShortage":0,"quantity":3,"date":"2026-01-23T16:43:38","plan":null}
[operation] answer {"demand":null,"operation":"fast process CTRL-A","quantity":3,"start":"2026-01-23T16:43:38","end":"2026-01-24T00:00:00"}
[operation] alternate-segment {"operation":"select process CTRL-A","alternate":"fast process CTRL-A","quantity":3,"remainingQuantity":1,"start":"2026-01-23T16:43:38","end":"2026-01-24T00:00:00"}
[operation] alternate-try {"operation":"select process CTRL-A","alternate":"fast process CTRL-A","remainingQuantity":1,"childQuantity":1}
[operation] ask {"demand":null,"operation":"fast process CTRL-A","quantity":1,"end":"2026-01-24T00:00:00"}
[resource] ask {"demand":null,"operation":"fast process CTRL-A","resource":"smt highspeed","start":"2026-01-23T16:43:38","end":"2026-01-24T00:00:00"}
[resource] candidate {"demand":null,"start":"2026-01-23T16:43:38","end":"2026-01-24T00:00:00","feasible":true}
[resource] ask {"demand":null,"operation":"fast process CTRL-A","resource":"ict senior","start":"2026-01-23T16:43:38","end":"2026-01-24T00:00:00"}
[resource] candidate {"demand":null,"start":"2026-01-23T16:43:38","end":"2026-01-24T00:00:00","feasible":true}
[resource] ask {"demand":null,"operation":"fast process CTRL-A","resource":"ict regular","start":"2026-01-23T15:34:44","end":"2026-01-24T00:00:00"}
[resource] candidate {"demand":null,"start":"2026-01-23T15:34:44","end":"2026-01-24T00:00:00","feasible":true}
[resource] ask {"demand":null,"operation":"fast process CTRL-A","resource":"ict senior","start":"2026-01-23T16:43:38","end":"2026-01-24T00:00:00"}
[resource] candidate {"demand":null,"start":"2026-01-23T16:43:38","end":"2026-01-24T00:00:00","feasible":true}
[buffer] ask {"demand":null,"buffer":"microcontroller premium","requested":1,"date":"2026-01-23T16:43:38","onhand":3}
[buffer] shortage {"buffer":"microcontroller premium","iteration":0,"date":"2026-01-23T16:43:38","onhand":-1,"shortage":1}
[buffer] answer {"demand":null,"buffer":"microcontroller premium","requested":1,"remainingShortage":1,"quantity":0,"date":"2030-12-31T00:00:00","plan":null}
[operation] material-reject {"demand":null,"operation":"fast process CTRL-A","start":"2026-01-23T16:43:38","end":"2026-01-24T00:00:00","asked":1,"answerQuantity":0,"answerDate":"2030-12-31T00:00:00"}
[operation] alternate-reject {"operation":"select process CTRL-A","alternate":"fast process CTRL-A","quantity":0,"nextDate":"2030-12-31T00:00:00"}
[operation] alternate-try {"operation":"select process CTRL-A","alternate":"standard process CTRL-A","remainingQuantity":1,"childQuantity":1}
[operation] ask {"demand":null,"operation":"standard process CTRL-A","quantity":1,"end":"2026-01-24T00:00:00"}
[resource] ask {"demand":null,"operation":"standard process CTRL-A","resource":"smt standard","start":"2026-01-23T06:42:21","end":"2026-01-24T00:00:00"}
[resource] candidate {"demand":null,"start":"2026-01-23T06:42:21","end":"2026-01-24T00:00:00","feasible":true}
[resource] ask {"demand":null,"operation":"standard process CTRL-A","resource":"functional test","start":"2026-01-23T06:42:21","end":"2026-01-24T00:00:00"}
[resource] candidate {"demand":null,"start":"2026-01-23T06:42:21","end":"2026-01-24T00:00:00","feasible":true}
[buffer] ask {"demand":null,"buffer":"microcontroller standard","requested":1,"date":"2026-01-23T08:42:21","onhand":165}
[buffer] answer {"demand":null,"buffer":"microcontroller standard","requested":1,"remainingShortage":0,"quantity":1,"date":"2026-01-23T08:42:21","plan":null}
[buffer] ask {"demand":null,"buffer":"pcb panel","requested":1,"date":"2026-01-23T08:42:21","onhand":218}
[buffer] answer {"demand":null,"buffer":"pcb panel","requested":1,"remainingShortage":0,"quantity":1,"date":"2026-01-23T08:42:21","plan":null}
[operation] answer {"demand":null,"operation":"standard process CTRL-A","quantity":1,"start":"2026-01-23T06:42:21","end":"2026-01-24T00:00:00"}
[operation] alternate-segment {"operation":"select process CTRL-A","alternate":"standard process CTRL-A","quantity":1,"remainingQuantity":0,"start":"2026-01-23T06:42:21","end":"2026-01-24T00:00:00"}
[operation] alternate-answer {"operation":"select process CTRL-A","quantity":4,"remainingQuantity":0,"nextDate":"2030-12-31T00:00:00"}
[buffer] replenish {"buffer":"controller A","iteration":0,"requested":4,"replenished":4,"producerDate":"2030-12-31T00:00:00","eventCountBefore":12,"eventCountAfter":14,"remaining":0}
[buffer] answer {"demand":null,"buffer":"controller A","requested":4,"remainingShortage":0,"quantity":4,"date":"2026-01-24T00:00:00","plan":"OperationPlan"}
[operation] answer {"demand":"electronics order 021 CTRL-A","operation":"ship CTRL-A","quantity":4,"start":"2026-01-24T00:00:00","end":"2026-01-24T02:00:00"}
[demand] reply {"demand":"electronics order 021 CTRL-A","attempt":1,"result":true,"quantity":4,"date":"2026-01-24T02:00:00"}
[demand] attempt {"demand":"electronics order 036 SENSOR-D","attempt":1,"quantity":5,"requestDate":"2026-01-27T20:00:00","lastDate":"2030-12-31T00:00:00"}
[operation] ask {"demand":"electronics order 036 SENSOR-D","operation":"ship SENSOR-D","quantity":5,"end":"2026-01-27T20:00:00"}
[buffer] ask {"demand":null,"buffer":"sensor D","requested":5,"date":"2026-01-27T18:00:00","onhand":2}
[buffer] shortage {"buffer":"sensor D","iteration":0,"date":"2026-01-27T18:00:00","onhand":-5,"shortage":5}
[operation] alternate-ask {"demand":null,"operation":"select process SENSOR-D","quantity":5,"end":"2026-01-27T18:00:00","alternates":["fast process SENSOR-D","standard process SENSOR-D"]}
[operation] alternate-try {"operation":"select process SENSOR-D","alternate":"fast process SENSOR-D","remainingQuantity":5,"childQuantity":5}
[operation] ask {"demand":null,"operation":"fast process SENSOR-D","quantity":5,"end":"2026-01-27T18:00:00"}
[resource] ask {"demand":null,"operation":"fast process SENSOR-D","resource":"smt highspeed","start":"2026-01-27T05:00:00","end":"2026-01-27T18:00:00"}
[resource] candidate {"demand":null,"start":"2026-01-27T05:00:00","end":"2026-01-27T18:00:00","feasible":true}
[resource] ask {"demand":null,"operation":"fast process SENSOR-D","resource":"ict senior","start":"2026-01-27T05:00:00","end":"2026-01-27T18:00:00"}
[resource] candidate {"demand":null,"start":"2026-01-27T05:00:00","end":"2026-01-27T18:00:00","feasible":true}
[resource] ask {"demand":null,"operation":"fast process SENSOR-D","resource":"ict regular","start":"2026-01-27T03:25:16","end":"2026-01-27T18:00:00"}
[resource] candidate {"demand":null,"start":"2026-01-27T03:25:16","end":"2026-01-27T18:00:00","feasible":true}
[resource] ask {"demand":null,"operation":"fast process SENSOR-D","resource":"ict senior","start":"2026-01-27T05:00:00","end":"2026-01-27T18:00:00"}
[resource] candidate {"demand":null,"start":"2026-01-27T05:00:00","end":"2026-01-27T18:00:00","feasible":true}
[buffer] ask {"demand":null,"buffer":"microcontroller premium","requested":5,"date":"2026-01-27T08:00:00","onhand":-6}
[buffer] shortage {"buffer":"microcontroller premium","iteration":0,"date":"2026-01-27T08:00:00","onhand":-11,"shortage":11}
[buffer] answer {"demand":null,"buffer":"microcontroller premium","requested":5,"remainingShortage":11,"quantity":0,"date":"2030-12-31T00:00:00","plan":null}
[operation] material-reject {"demand":null,"operation":"fast process SENSOR-D","start":"2026-01-27T05:00:00","end":"2026-01-27T18:00:00","asked":5,"answerQuantity":0,"answerDate":"2030-12-31T00:00:00"}
[operation] alternate-reject {"operation":"select process SENSOR-D","alternate":"fast process SENSOR-D","quantity":0,"nextDate":"2030-12-31T00:00:00"}
[operation] alternate-try {"operation":"select process SENSOR-D","alternate":"standard process SENSOR-D","remainingQuantity":5,"childQuantity":5}
[operation] ask {"demand":null,"operation":"standard process SENSOR-D","quantity":5,"end":"2026-01-27T18:00:00"}
[resource] ask {"demand":null,"operation":"standard process SENSOR-D","resource":"smt standard","start":"2026-01-26T23:10:35","end":"2026-01-27T18:00:00"}
[resource] candidate {"demand":null,"start":"2026-01-26T23:10:35","end":"2026-01-27T18:00:00","feasible":true}
[resource] ask {"demand":null,"operation":"standard process SENSOR-D","resource":"functional test","start":"2026-01-26T23:10:35","end":"2026-01-27T18:00:00"}
[resource] candidate {"demand":null,"start":"2026-01-26T23:10:35","end":"2026-01-27T18:00:00","feasible":true}
[buffer] ask {"demand":null,"buffer":"microcontroller standard","requested":5,"date":"2026-01-26T23:10:35","onhand":158}
[buffer] answer {"demand":null,"buffer":"microcontroller standard","requested":5,"remainingShortage":0,"quantity":5,"date":"2026-01-26T23:10:35","plan":null}
[buffer] ask {"demand":null,"buffer":"sensor die","requested":5,"date":"2026-01-26T23:10:35","onhand":130}
[buffer] answer {"demand":null,"buffer":"sensor die","requested":5,"remainingShortage":0,"quantity":5,"date":"2026-01-26T23:10:35","plan":null}
[operation] answer {"demand":null,"operation":"standard process SENSOR-D","quantity":5,"start":"2026-01-26T23:10:35","end":"2026-01-27T18:00:00"}
[operation] alternate-segment {"operation":"select process SENSOR-D","alternate":"standard process SENSOR-D","quantity":5,"remainingQuantity":0,"start":"2026-01-26T23:10:35","end":"2026-01-27T18:00:00"}
[operation] alternate-answer {"operation":"select process SENSOR-D","quantity":5,"remainingQuantity":0,"nextDate":"2030-12-31T00:00:00"}
[buffer] replenish {"buffer":"sensor D","iteration":0,"requested":5,"replenished":5,"producerDate":"2030-12-31T00:00:00","eventCountBefore":11,"eventCountAfter":12,"remaining":0}
[buffer] answer {"demand":null,"buffer":"sensor D","requested":5,"remainingShortage":0,"quantity":5,"date":"2026-01-27T18:00:00","plan":"OperationPlan"}
[operation] answer {"demand":"electronics order 036 SENSOR-D","operation":"ship SENSOR-D","quantity":5,"start":"2026-01-27T18:00:00","end":"2026-01-27T20:00:00"}
[demand] reply {"demand":"electronics order 036 SENSOR-D","attempt":1,"result":true,"quantity":5,"date":"2026-01-27T20:00:00"}
[demand] attempt {"demand":"electronics order 051 SENSOR-C","attempt":1,"quantity":4,"requestDate":"2026-01-31T14:00:00","lastDate":"2030-12-31T00:00:00"}
[operation] ask {"demand":"electronics order 051 SENSOR-C","operation":"ship SENSOR-C","quantity":4,"end":"2026-01-31T14:00:00"}
[buffer] ask {"demand":null,"buffer":"sensor C","requested":4,"date":"2026-01-31T12:00:00","onhand":2}
[buffer] shortage {"buffer":"sensor C","iteration":0,"date":"2026-01-31T12:00:00","onhand":-4,"shortage":4}
[operation] alternate-ask {"demand":null,"operation":"select process SENSOR-C","quantity":4,"end":"2026-01-31T12:00:00","alternates":["fast process SENSOR-C","standard process SENSOR-C"]}
[operation] alternate-try {"operation":"select process SENSOR-C","alternate":"fast process SENSOR-C","remainingQuantity":4,"childQuantity":4}
[operation] ask {"demand":null,"operation":"fast process SENSOR-C","quantity":4,"end":"2026-01-31T12:00:00"}
[resource] ask {"demand":null,"operation":"fast process SENSOR-C","resource":"smt highspeed","start":"2026-01-31T02:54:33","end":"2026-01-31T12:00:00"}
[resource] candidate {"demand":null,"start":"2026-01-31T02:54:33","end":"2026-01-31T12:00:00","feasible":true}
[resource] ask {"demand":null,"operation":"fast process SENSOR-C","resource":"ict senior","start":"2026-01-31T02:54:33","end":"2026-01-31T12:00:00"}
[resource] candidate {"demand":null,"start":"2026-01-31T02:54:33","end":"2026-01-31T12:00:00","feasible":true}
[resource] ask {"demand":null,"operation":"fast process SENSOR-C","resource":"ict regular","start":"2026-01-31T01:28:25","end":"2026-01-31T12:00:00"}
[resource] candidate {"demand":null,"start":"2026-01-31T01:28:25","end":"2026-01-31T12:00:00","feasible":true}
[resource] ask {"demand":null,"operation":"fast process SENSOR-C","resource":"ict senior","start":"2026-01-31T02:54:33","end":"2026-01-31T12:00:00"}
[resource] candidate {"demand":null,"start":"2026-01-31T02:54:33","end":"2026-01-31T12:00:00","feasible":true}
[buffer] ask {"demand":null,"buffer":"microcontroller premium","requested":4,"date":"2026-01-31T02:54:33","onhand":-11}
[buffer] shortage {"buffer":"microcontroller premium","iteration":0,"date":"2026-01-31T02:54:33","onhand":-15,"shortage":15}
[buffer] answer {"demand":null,"buffer":"microcontroller premium","requested":4,"remainingShortage":15,"quantity":0,"date":"2030-12-31T00:00:00","plan":null}
[operation] material-reject {"demand":null,"operation":"fast process SENSOR-C","start":"2026-01-31T02:54:33","end":"2026-01-31T12:00:00","asked":4,"answerQuantity":0,"answerDate":"2030-12-31T00:00:00"}
[operation] alternate-reject {"operation":"select process SENSOR-C","alternate":"fast process SENSOR-C","quantity":0,"nextDate":"2030-12-31T00:00:00"}
[operation] alternate-try {"operation":"select process SENSOR-C","alternate":"standard process SENSOR-C","remainingQuantity":4,"childQuantity":4}
[operation] ask {"demand":null,"operation":"standard process SENSOR-C","quantity":4,"end":"2026-01-31T12:00:00"}
[resource] ask {"demand":null,"operation":"standard process SENSOR-C","resource":"smt standard","start":"2026-01-30T15:21:11","end":"2026-01-31T12:00:00"}
[resource] candidate {"demand":null,"start":"2026-01-30T15:21:11","end":"2026-01-31T12:00:00","feasible":true}
[resource] ask {"demand":null,"operation":"standard process SENSOR-C","resource":"functional test","start":"2026-01-30T15:21:11","end":"2026-01-31T12:00:00"}
[resource] candidate {"demand":null,"start":"2026-01-30T15:21:11","end":"2026-01-31T12:00:00","feasible":true}
[buffer] ask {"demand":null,"buffer":"microcontroller standard","requested":4,"date":"2026-01-30T18:21:11","onhand":145}
[buffer] answer {"demand":null,"buffer":"microcontroller standard","requested":4,"remainingShortage":0,"quantity":4,"date":"2026-01-30T18:21:11","plan":null}
[buffer] ask {"demand":null,"buffer":"sensor die","requested":4,"date":"2026-01-30T18:21:11","onhand":120}
[buffer] answer {"demand":null,"buffer":"sensor die","requested":4,"remainingShortage":0,"quantity":4,"date":"2026-01-30T18:21:11","plan":null}
[operation] answer {"demand":null,"operation":"standard process SENSOR-C","quantity":4,"start":"2026-01-30T15:21:11","end":"2026-01-31T12:00:00"}
[operation] alternate-segment {"operation":"select process SENSOR-C","alternate":"standard process SENSOR-C","quantity":4,"remainingQuantity":0,"start":"2026-01-30T15:21:11","end":"2026-01-31T12:00:00"}
[operation] alternate-answer {"operation":"select process SENSOR-C","quantity":4,"remainingQuantity":0,"nextDate":"2030-12-31T00:00:00"}
[buffer] replenish {"buffer":"sensor C","iteration":0,"requested":4,"replenished":4,"producerDate":"2030-12-31T00:00:00","eventCountBefore":12,"eventCountAfter":13,"remaining":0}
[buffer] answer {"demand":null,"buffer":"sensor C","requested":4,"remainingShortage":0,"quantity":4,"date":"2026-01-31T12:00:00","plan":"OperationPlan"}
[operation] answer {"demand":"electronics order 051 SENSOR-C","operation":"ship SENSOR-C","quantity":4,"start":"2026-01-31T12:00:00","end":"2026-01-31T14:00:00"}
[demand] reply {"demand":"electronics order 051 SENSOR-C","attempt":1,"result":true,"quantity":4,"date":"2026-01-31T14:00:00"}
[demand] attempt {"demand":"electronics order 007 SENSOR-C","attempt":1,"quantity":1,"requestDate":"2026-01-20T14:00:00","lastDate":"2030-12-31T00:00:00"}
[operation] ask {"demand":"electronics order 007 SENSOR-C","operation":"ship SENSOR-C","quantity":1,"end":"2026-01-20T14:00:00"}
[buffer] ask {"demand":null,"buffer":"sensor C","requested":1,"date":"2026-01-20T12:00:00","onhand":4}
[buffer] shortage {"buffer":"sensor C","iteration":0,"date":"2026-01-20T12:00:00","onhand":-1,"shortage":1}
[operation] alternate-ask {"demand":null,"operation":"select process SENSOR-C","quantity":1,"end":"2026-01-20T12:00:00","alternates":["fast process SENSOR-C","standard process SENSOR-C"]}
[operation] alternate-try {"operation":"select process SENSOR-C","alternate":"fast process SENSOR-C","remainingQuantity":1,"childQuantity":1}
[operation] ask {"demand":null,"operation":"fast process SENSOR-C","quantity":1,"end":"2026-01-20T12:00:00"}
[resource] ask {"demand":null,"operation":"fast process SENSOR-C","resource":"smt highspeed","start":"2026-01-19T23:54:33","end":"2026-01-20T12:00:00"}
[resource] candidate {"demand":null,"start":"2026-01-19T23:54:33","end":"2026-01-20T12:00:00","feasible":true}
[resource] ask {"demand":null,"operation":"fast process SENSOR-C","resource":"ict senior","start":"2026-01-19T23:54:33","end":"2026-01-20T12:00:00"}
[resource] candidate {"demand":null,"start":"2026-01-19T23:54:33","end":"2026-01-20T12:00:00","feasible":true}
[resource] ask {"demand":null,"operation":"fast process SENSOR-C","resource":"ict regular","start":"2026-01-19T22:28:25","end":"2026-01-20T12:00:00"}
[resource] candidate {"demand":null,"start":"2026-01-19T22:28:25","end":"2026-01-20T12:00:00","feasible":true}
[resource] ask {"demand":null,"operation":"fast process SENSOR-C","resource":"ict senior","start":"2026-01-19T23:54:33","end":"2026-01-20T12:00:00"}
[resource] candidate {"demand":null,"start":"2026-01-19T23:54:33","end":"2026-01-20T12:00:00","feasible":true}
[buffer] ask {"demand":null,"buffer":"microcontroller premium","requested":1,"date":"2026-01-20T02:54:33","onhand":10}
[buffer] shortage {"buffer":"microcontroller premium","iteration":0,"date":"2026-01-23T16:43:38","onhand":-1,"shortage":1}
[buffer] answer {"demand":null,"buffer":"microcontroller premium","requested":1,"remainingShortage":1,"quantity":0,"date":"2030-12-31T00:00:00","plan":null}
[operation] material-reject {"demand":null,"operation":"fast process SENSOR-C","start":"2026-01-19T23:54:33","end":"2026-01-20T12:00:00","asked":1,"answerQuantity":0,"answerDate":"2030-12-31T00:00:00"}
[operation] alternate-reject {"operation":"select process SENSOR-C","alternate":"fast process SENSOR-C","quantity":0,"nextDate":"2030-12-31T00:00:00"}
[operation] alternate-try {"operation":"select process SENSOR-C","alternate":"standard process SENSOR-C","remainingQuantity":1,"childQuantity":1}
[operation] ask {"demand":null,"operation":"standard process SENSOR-C","quantity":1,"end":"2026-01-20T12:00:00"}
[resource] ask {"demand":null,"operation":"standard process SENSOR-C","resource":"smt standard","start":"2026-01-19T15:21:11","end":"2026-01-20T12:00:00"}
[resource] candidate {"demand":null,"start":"2026-01-19T15:21:11","end":"2026-01-20T12:00:00","feasible":true}
[resource] ask {"demand":null,"operation":"standard process SENSOR-C","resource":"functional test","start":"2026-01-19T15:21:11","end":"2026-01-20T12:00:00"}
[resource] candidate {"demand":null,"start":"2026-01-19T15:21:11","end":"2026-01-20T12:00:00","feasible":true}
[buffer] ask {"demand":null,"buffer":"microcontroller standard","requested":1,"date":"2026-01-19T18:21:11","onhand":171}
[buffer] answer {"demand":null,"buffer":"microcontroller standard","requested":1,"remainingShortage":0,"quantity":1,"date":"2026-01-19T18:21:11","plan":null}
[buffer] ask {"demand":null,"buffer":"sensor die","requested":1,"date":"2026-01-19T18:21:11","onhand":135}
[buffer] answer {"demand":null,"buffer":"sensor die","requested":1,"remainingShortage":0,"quantity":1,"date":"2026-01-19T18:21:11","plan":null}
[operation] answer {"demand":null,"operation":"standard process SENSOR-C","quantity":1,"start":"2026-01-19T15:21:11","end":"2026-01-20T12:00:00"}
[operation] alternate-segment {"operation":"select process SENSOR-C","alternate":"standard process SENSOR-C","quantity":1,"remainingQuantity":0,"start":"2026-01-19T15:21:11","end":"2026-01-20T12:00:00"}
[operation] alternate-answer {"operation":"select process SENSOR-C","quantity":1,"remainingQuantity":0,"nextDate":"2030-12-31T00:00:00"}
[buffer] replenish {"buffer":"sensor C","iteration":0,"requested":1,"replenished":1,"producerDate":"2030-12-31T00:00:00","eventCountBefore":14,"eventCountAfter":15,"remaining":0}
[buffer] answer {"demand":null,"buffer":"sensor C","requested":1,"remainingShortage":0,"quantity":1,"date":"2026-01-20T12:00:00","plan":"OperationPlan"}
[operation] answer {"demand":"electronics order 007 SENSOR-C","operation":"ship SENSOR-C","quantity":1,"start":"2026-01-20T12:00:00","end":"2026-01-20T14:00:00"}
[demand] reply {"demand":"electronics order 007 SENSOR-C","attempt":1,"result":true,"quantity":1,"date":"2026-01-20T14:00:00"}
[demand] attempt {"demand":"electronics order 022 CTRL-B","attempt":1,"quantity":3,"requestDate":"2026-01-24T08:00:00","lastDate":"2030-12-31T00:00:00"}
[operation] ask {"demand":"electronics order 022 CTRL-B","operation":"ship CTRL-B","quantity":3,"end":"2026-01-24T08:00:00"}
[buffer] ask {"demand":null,"buffer":"controller B","requested":3,"date":"2026-01-24T06:00:00","onhand":3}
[buffer] shortage {"buffer":"controller B","iteration":0,"date":"2026-01-24T06:00:00","onhand":-3,"shortage":3}
[operation] alternate-ask {"demand":null,"operation":"select process CTRL-B","quantity":3,"end":"2026-01-24T06:00:00","alternates":["fast process CTRL-B","standard process CTRL-B"]}
[operation] alternate-try {"operation":"select process CTRL-B","alternate":"fast process CTRL-B","remainingQuantity":3,"childQuantity":3}
[operation] ask {"demand":null,"operation":"fast process CTRL-B","quantity":3,"end":"2026-01-24T06:00:00"}
[resource] ask {"demand":null,"operation":"fast process CTRL-B","resource":"smt highspeed","start":"2026-01-23T21:49:05","end":"2026-01-24T06:00:00"}
[resource] candidate {"demand":null,"start":"2026-01-23T21:49:05","end":"2026-01-24T06:00:00","feasible":true}
[resource] ask {"demand":null,"operation":"fast process CTRL-B","resource":"ict senior","start":"2026-01-23T21:49:05","end":"2026-01-24T06:00:00"}
[resource] candidate {"demand":null,"start":"2026-01-23T21:49:05","end":"2026-01-24T06:00:00","feasible":true}
[resource] ask {"demand":null,"operation":"fast process CTRL-B","resource":"ict regular","start":"2026-01-23T20:31:35","end":"2026-01-24T06:00:00"}
[resource] candidate {"demand":null,"start":"2026-01-23T20:31:35","end":"2026-01-24T06:00:00","feasible":true}
[resource] ask {"demand":null,"operation":"fast process CTRL-B","resource":"ict senior","start":"2026-01-23T21:49:05","end":"2026-01-24T06:00:00"}
[resource] candidate {"demand":null,"start":"2026-01-23T21:49:05","end":"2026-01-24T06:00:00","feasible":true}
[buffer] ask {"demand":null,"buffer":"microcontroller premium","requested":3,"date":"2026-01-23T21:49:05","onhand":0}
[buffer] shortage {"buffer":"microcontroller premium","iteration":0,"date":"2026-01-23T21:49:05","onhand":-3,"shortage":3}
[buffer] answer {"demand":null,"buffer":"microcontroller premium","requested":3,"remainingShortage":3,"quantity":0,"date":"2030-12-31T00:00:00","plan":null}
[operation] material-reject {"demand":null,"operation":"fast process CTRL-B","start":"2026-01-23T21:49:05","end":"2026-01-24T06:00:00","asked":3,"answerQuantity":0,"answerDate":"2030-12-31T00:00:00"}
[operation] alternate-reject {"operation":"select process CTRL-B","alternate":"fast process CTRL-B","quantity":0,"nextDate":"2030-12-31T00:00:00"}
[operation] alternate-try {"operation":"select process CTRL-B","alternate":"standard process CTRL-B","remainingQuantity":3,"childQuantity":3}
[operation] ask {"demand":null,"operation":"standard process CTRL-B","quantity":3,"end":"2026-01-24T06:00:00"}
[resource] ask {"demand":null,"operation":"standard process CTRL-B","resource":"smt standard","start":"2026-01-23T13:31:46","end":"2026-01-24T06:00:00"}
[resource] candidate {"demand":null,"start":"2026-01-23T13:31:46","end":"2026-01-24T06:00:00","feasible":true}
[resource] ask {"demand":null,"operation":"standard process CTRL-B","resource":"functional test","start":"2026-01-23T13:31:46","end":"2026-01-24T06:00:00"}
[resource] candidate {"demand":null,"start":"2026-01-23T13:31:46","end":"2026-01-24T06:00:00","feasible":true}
[buffer] ask {"demand":null,"buffer":"microcontroller standard","requested":3,"date":"2026-01-23T13:31:46","onhand":163}
[buffer] answer {"demand":null,"buffer":"microcontroller standard","requested":3,"remainingShortage":0,"quantity":3,"date":"2026-01-23T13:31:46","plan":null}
[buffer] ask {"demand":null,"buffer":"pcb panel","requested":3,"date":"2026-01-23T13:31:46","onhand":217}
[buffer] answer {"demand":null,"buffer":"pcb panel","requested":3,"remainingShortage":0,"quantity":3,"date":"2026-01-23T13:31:46","plan":null}
[operation] answer {"demand":null,"operation":"standard process CTRL-B","quantity":3,"start":"2026-01-23T13:31:46","end":"2026-01-24T06:00:00"}
[operation] alternate-segment {"operation":"select process CTRL-B","alternate":"standard process CTRL-B","quantity":3,"remainingQuantity":0,"start":"2026-01-23T13:31:46","end":"2026-01-24T06:00:00"}
[operation] alternate-answer {"operation":"select process CTRL-B","quantity":3,"remainingQuantity":0,"nextDate":"2030-12-31T00:00:00"}
[buffer] replenish {"buffer":"controller B","iteration":0,"requested":3,"replenished":3,"producerDate":"2030-12-31T00:00:00","eventCountBefore":15,"eventCountAfter":16,"remaining":0}
[buffer] answer {"demand":null,"buffer":"controller B","requested":3,"remainingShortage":0,"quantity":3,"date":"2026-01-24T06:00:00","plan":"OperationPlan"}
[operation] answer {"demand":"electronics order 022 CTRL-B","operation":"ship CTRL-B","quantity":3,"start":"2026-01-24T06:00:00","end":"2026-01-24T08:00:00"}
[demand] reply {"demand":"electronics order 022 CTRL-B","attempt":1,"result":true,"quantity":3,"date":"2026-01-24T08:00:00"}
[demand] attempt {"demand":"electronics order 037 CTRL-A","attempt":1,"quantity":1,"requestDate":"2026-01-28T02:00:00","lastDate":"2030-12-31T00:00:00"}
[operation] ask {"demand":"electronics order 037 CTRL-A","operation":"ship CTRL-A","quantity":1,"end":"2026-01-28T02:00:00"}
[buffer] ask {"demand":null,"buffer":"controller A","requested":1,"date":"2026-01-28T00:00:00","onhand":4}
[buffer] shortage {"buffer":"controller A","iteration":0,"date":"2026-01-28T00:00:00","onhand":-1,"shortage":1}
[operation] alternate-ask {"demand":null,"operation":"select process CTRL-A","quantity":1,"end":"2026-01-28T00:00:00","alternates":["fast process CTRL-A","standard process CTRL-A"]}
[operation] alternate-try {"operation":"select process CTRL-A","alternate":"fast process CTRL-A","remainingQuantity":1,"childQuantity":1}
[operation] ask {"demand":null,"operation":"fast process CTRL-A","quantity":1,"end":"2026-01-28T00:00:00"}
[resource] ask {"demand":null,"operation":"fast process CTRL-A","resource":"smt highspeed","start":"2026-01-27T16:43:38","end":"2026-01-28T00:00:00"}
[resource] candidate {"demand":null,"start":"2026-01-27T16:43:38","end":"2026-01-28T00:00:00","feasible":true}
[resource] ask {"demand":null,"operation":"fast process CTRL-A","resource":"ict senior","start":"2026-01-27T16:43:38","end":"2026-01-28T00:00:00"}
[resource] candidate {"demand":null,"start":"2026-01-27T16:43:38","end":"2026-01-28T00:00:00","feasible":true}
[resource] ask {"demand":null,"operation":"fast process CTRL-A","resource":"ict regular","start":"2026-01-27T15:34:44","end":"2026-01-28T00:00:00"}
[resource] candidate {"demand":null,"start":"2026-01-27T15:34:44","end":"2026-01-28T00:00:00","feasible":true}
[resource] ask {"demand":null,"operation":"fast process CTRL-A","resource":"ict senior","start":"2026-01-27T16:43:38","end":"2026-01-28T00:00:00"}
[resource] candidate {"demand":null,"start":"2026-01-27T16:43:38","end":"2026-01-28T00:00:00","feasible":true}
[buffer] ask {"demand":null,"buffer":"microcontroller premium","requested":1,"date":"2026-01-27T16:43:38","onhand":-6}
[buffer] shortage {"buffer":"microcontroller premium","iteration":0,"date":"2026-01-27T16:43:38","onhand":-7,"shortage":7}
[buffer] answer {"demand":null,"buffer":"microcontroller premium","requested":1,"remainingShortage":7,"quantity":0,"date":"2030-12-31T00:00:00","plan":null}
[operation] material-reject {"demand":null,"operation":"fast process CTRL-A","start":"2026-01-27T16:43:38","end":"2026-01-28T00:00:00","asked":1,"answerQuantity":0,"answerDate":"2030-12-31T00:00:00"}
[operation] alternate-reject {"operation":"select process CTRL-A","alternate":"fast process CTRL-A","quantity":0,"nextDate":"2030-12-31T00:00:00"}
[operation] alternate-try {"operation":"select process CTRL-A","alternate":"standard process CTRL-A","remainingQuantity":1,"childQuantity":1}
[operation] ask {"demand":null,"operation":"standard process CTRL-A","quantity":1,"end":"2026-01-28T00:00:00"}
[resource] ask {"demand":null,"operation":"standard process CTRL-A","resource":"smt standard","start":"2026-01-27T06:42:21","end":"2026-01-28T00:00:00"}
[resource] candidate {"demand":null,"start":"2026-01-27T06:42:21","end":"2026-01-28T00:00:00","feasible":true}
[resource] ask {"demand":null,"operation":"standard process CTRL-A","resource":"functional test","start":"2026-01-27T06:42:21","end":"2026-01-28T00:00:00"}
[resource] candidate {"demand":null,"start":"2026-01-27T06:42:21","end":"2026-01-28T00:00:00","feasible":true}
[buffer] ask {"demand":null,"buffer":"microcontroller standard","requested":1,"date":"2026-01-27T08:42:21","onhand":149}
[buffer] answer {"demand":null,"buffer":"microcontroller standard","requested":1,"remainingShortage":0,"quantity":1,"date":"2026-01-27T08:42:21","plan":null}
[buffer] ask {"demand":null,"buffer":"pcb panel","requested":1,"date":"2026-01-27T08:42:21","onhand":201}
[buffer] answer {"demand":null,"buffer":"pcb panel","requested":1,"remainingShortage":0,"quantity":1,"date":"2026-01-27T08:42:21","plan":null}
[operation] answer {"demand":null,"operation":"standard process CTRL-A","quantity":1,"start":"2026-01-27T06:42:21","end":"2026-01-28T00:00:00"}
[operation] alternate-segment {"operation":"select process CTRL-A","alternate":"standard process CTRL-A","quantity":1,"remainingQuantity":0,"start":"2026-01-27T06:42:21","end":"2026-01-28T00:00:00"}
[operation] alternate-answer {"operation":"select process CTRL-A","quantity":1,"remainingQuantity":0,"nextDate":"2030-12-31T00:00:00"}
[buffer] replenish {"buffer":"controller A","iteration":0,"requested":1,"replenished":1,"producerDate":"2030-12-31T00:00:00","eventCountBefore":15,"eventCountAfter":16,"remaining":0}
[buffer] answer {"demand":null,"buffer":"controller A","requested":1,"remainingShortage":0,"quantity":1,"date":"2026-01-28T00:00:00","plan":"OperationPlan"}
[operation] answer {"demand":"electronics order 037 CTRL-A","operation":"ship CTRL-A","quantity":1,"start":"2026-01-28T00:00:00","end":"2026-01-28T02:00:00"}
[demand] reply {"demand":"electronics order 037 CTRL-A","attempt":1,"result":true,"quantity":1,"date":"2026-01-28T02:00:00"}
[demand] attempt {"demand":"electronics order 052 SENSOR-D","attempt":1,"quantity":3,"requestDate":"2026-01-31T20:00:00","lastDate":"2030-12-31T00:00:00"}
[operation] ask {"demand":"electronics order 052 SENSOR-D","operation":"ship SENSOR-D","quantity":3,"end":"2026-01-31T20:00:00"}
[buffer] ask {"demand":null,"buffer":"sensor D","requested":3,"date":"2026-01-31T18:00:00","onhand":5}
[buffer] shortage {"buffer":"sensor D","iteration":0,"date":"2026-01-31T18:00:00","onhand":-3,"shortage":3}
[operation] alternate-ask {"demand":null,"operation":"select process SENSOR-D","quantity":3,"end":"2026-01-31T18:00:00","alternates":["fast process SENSOR-D","standard process SENSOR-D"]}
[operation] alternate-try {"operation":"select process SENSOR-D","alternate":"fast process SENSOR-D","remainingQuantity":3,"childQuantity":3}
[operation] ask {"demand":null,"operation":"fast process SENSOR-D","quantity":3,"end":"2026-01-31T18:00:00"}
[resource] ask {"demand":null,"operation":"fast process SENSOR-D","resource":"smt highspeed","start":"2026-01-31T08:00:00","end":"2026-01-31T18:00:00"}
[resource] candidate {"demand":null,"start":"2026-01-31T08:00:00","end":"2026-01-31T18:00:00","feasible":true}
[resource] ask {"demand":null,"operation":"fast process SENSOR-D","resource":"ict senior","start":"2026-01-31T08:00:00","end":"2026-01-31T18:00:00"}
[resource] candidate {"demand":null,"start":"2026-01-31T08:00:00","end":"2026-01-31T18:00:00","feasible":true}
[resource] ask {"demand":null,"operation":"fast process SENSOR-D","resource":"ict regular","start":"2026-01-31T06:25:16","end":"2026-01-31T18:00:00"}
[resource] candidate {"demand":null,"start":"2026-01-31T06:25:16","end":"2026-01-31T18:00:00","feasible":true}
[resource] ask {"demand":null,"operation":"fast process SENSOR-D","resource":"ict senior","start":"2026-01-31T08:00:00","end":"2026-01-31T18:00:00"}
[resource] candidate {"demand":null,"start":"2026-01-31T08:00:00","end":"2026-01-31T18:00:00","feasible":true}
[buffer] ask {"demand":null,"buffer":"microcontroller premium","requested":3,"date":"2026-01-31T08:00:00","onhand":-11}
[buffer] shortage {"buffer":"microcontroller premium","iteration":0,"date":"2026-01-31T08:00:00","onhand":-14,"shortage":14}
[buffer] answer {"demand":null,"buffer":"microcontroller premium","requested":3,"remainingShortage":14,"quantity":0,"date":"2030-12-31T00:00:00","plan":null}
[operation] material-reject {"demand":null,"operation":"fast process SENSOR-D","start":"2026-01-31T08:00:00","end":"2026-01-31T18:00:00","asked":3,"answerQuantity":0,"answerDate":"2030-12-31T00:00:00"}
[operation] alternate-reject {"operation":"select process SENSOR-D","alternate":"fast process SENSOR-D","quantity":0,"nextDate":"2030-12-31T00:00:00"}
[operation] alternate-try {"operation":"select process SENSOR-D","alternate":"standard process SENSOR-D","remainingQuantity":3,"childQuantity":3}
[operation] ask {"demand":null,"operation":"standard process SENSOR-D","quantity":3,"end":"2026-01-31T18:00:00"}
[resource] ask {"demand":null,"operation":"standard process SENSOR-D","resource":"smt standard","start":"2026-01-30T23:10:35","end":"2026-01-31T18:00:00"}
[resource] candidate {"demand":null,"start":"2026-01-30T23:10:35","end":"2026-01-31T18:00:00","feasible":true}
[resource] ask {"demand":null,"operation":"standard process SENSOR-D","resource":"functional test","start":"2026-01-30T23:10:35","end":"2026-01-31T18:00:00"}
[resource] candidate {"demand":null,"start":"2026-01-30T23:10:35","end":"2026-01-31T18:00:00","feasible":true}
[buffer] ask {"demand":null,"buffer":"microcontroller standard","requested":3,"date":"2026-01-30T23:10:35","onhand":136}
[buffer] answer {"demand":null,"buffer":"microcontroller standard","requested":3,"remainingShortage":0,"quantity":3,"date":"2026-01-30T23:10:35","plan":null}
[buffer] ask {"demand":null,"buffer":"sensor die","requested":3,"date":"2026-01-30T23:10:35","onhand":115}
[buffer] answer {"demand":null,"buffer":"sensor die","requested":3,"remainingShortage":0,"quantity":3,"date":"2026-01-30T23:10:35","plan":null}
[operation] answer {"demand":null,"operation":"standard process SENSOR-D","quantity":3,"start":"2026-01-30T23:10:35","end":"2026-01-31T18:00:00"}
[operation] alternate-segment {"operation":"select process SENSOR-D","alternate":"standard process SENSOR-D","quantity":3,"remainingQuantity":0,"start":"2026-01-30T23:10:35","end":"2026-01-31T18:00:00"}
[operation] alternate-answer {"operation":"select process SENSOR-D","quantity":3,"remainingQuantity":0,"nextDate":"2030-12-31T00:00:00"}
[buffer] replenish {"buffer":"sensor D","iteration":0,"requested":3,"replenished":3,"producerDate":"2030-12-31T00:00:00","eventCountBefore":13,"eventCountAfter":14,"remaining":0}
[buffer] answer {"demand":null,"buffer":"sensor D","requested":3,"remainingShortage":0,"quantity":3,"date":"2026-01-31T18:00:00","plan":"OperationPlan"}
[operation] answer {"demand":"electronics order 052 SENSOR-D","operation":"ship SENSOR-D","quantity":3,"start":"2026-01-31T18:00:00","end":"2026-01-31T20:00:00"}
[demand] reply {"demand":"electronics order 052 SENSOR-D","attempt":1,"result":true,"quantity":3,"date":"2026-01-31T20:00:00"}
[demand] attempt {"demand":"electronics order 008 SENSOR-D","attempt":1,"quantity":2,"requestDate":"2026-01-20T20:00:00","lastDate":"2030-12-31T00:00:00"}
[operation] ask {"demand":"electronics order 008 SENSOR-D","operation":"ship SENSOR-D","quantity":2,"end":"2026-01-20T20:00:00"}
[buffer] ask {"demand":null,"buffer":"sensor D","requested":2,"date":"2026-01-20T18:00:00","onhand":3}
[buffer] shortage {"buffer":"sensor D","iteration":0,"date":"2026-01-20T18:00:00","onhand":-2,"shortage":2}
[operation] alternate-ask {"demand":null,"operation":"select process SENSOR-D","quantity":2,"end":"2026-01-20T18:00:00","alternates":["fast process SENSOR-D","standard process SENSOR-D"]}
[operation] alternate-try {"operation":"select process SENSOR-D","alternate":"fast process SENSOR-D","remainingQuantity":2,"childQuantity":2}
[operation] ask {"demand":null,"operation":"fast process SENSOR-D","quantity":2,"end":"2026-01-20T18:00:00"}
[resource] ask {"demand":null,"operation":"fast process SENSOR-D","resource":"smt highspeed","start":"2026-01-20T05:00:00","end":"2026-01-20T18:00:00"}
[resource] candidate {"demand":null,"start":"2026-01-20T05:00:00","end":"2026-01-20T18:00:00","feasible":true}
[resource] ask {"demand":null,"operation":"fast process SENSOR-D","resource":"ict senior","start":"2026-01-20T05:00:00","end":"2026-01-20T18:00:00"}
[resource] candidate {"demand":null,"start":"2026-01-20T05:00:00","end":"2026-01-20T18:00:00","feasible":true}
[resource] ask {"demand":null,"operation":"fast process SENSOR-D","resource":"ict regular","start":"2026-01-20T03:25:16","end":"2026-01-20T18:00:00"}
[resource] candidate {"demand":null,"start":"2026-01-20T03:25:16","end":"2026-01-20T18:00:00","feasible":true}
[resource] ask {"demand":null,"operation":"fast process SENSOR-D","resource":"ict senior","start":"2026-01-20T05:00:00","end":"2026-01-20T18:00:00"}
[resource] candidate {"demand":null,"start":"2026-01-20T05:00:00","end":"2026-01-20T18:00:00","feasible":true}
[buffer] ask {"demand":null,"buffer":"microcontroller premium","requested":2,"date":"2026-01-20T08:00:00","onhand":10}
[buffer] shortage {"buffer":"microcontroller premium","iteration":0,"date":"2026-01-23T16:43:38","onhand":-2,"shortage":2}
[buffer] answer {"demand":null,"buffer":"microcontroller premium","requested":2,"remainingShortage":2,"quantity":0,"date":"2030-12-31T00:00:00","plan":null}
[operation] material-reject {"demand":null,"operation":"fast process SENSOR-D","start":"2026-01-20T05:00:00","end":"2026-01-20T18:00:00","asked":2,"answerQuantity":0,"answerDate":"2030-12-31T00:00:00"}
[operation] alternate-reject {"operation":"select process SENSOR-D","alternate":"fast process SENSOR-D","quantity":0,"nextDate":"2030-12-31T00:00:00"}
[operation] alternate-try {"operation":"select process SENSOR-D","alternate":"standard process SENSOR-D","remainingQuantity":2,"childQuantity":2}
[operation] ask {"demand":null,"operation":"standard process SENSOR-D","quantity":2,"end":"2026-01-20T18:00:00"}
[resource] ask {"demand":null,"operation":"standard process SENSOR-D","resource":"smt standard","start":"2026-01-19T23:10:35","end":"2026-01-20T18:00:00"}
[resource] candidate {"demand":null,"start":"2026-01-19T23:10:35","end":"2026-01-20T18:00:00","feasible":true}
[resource] ask {"demand":null,"operation":"standard process SENSOR-D","resource":"functional test","start":"2026-01-19T23:10:35","end":"2026-01-20T18:00:00"}
[resource] candidate {"demand":null,"start":"2026-01-19T23:10:35","end":"2026-01-20T18:00:00","feasible":true}
[buffer] ask {"demand":null,"buffer":"microcontroller standard","requested":2,"date":"2026-01-19T23:10:35","onhand":170}
[buffer] answer {"demand":null,"buffer":"microcontroller standard","requested":2,"remainingShortage":0,"quantity":2,"date":"2026-01-19T23:10:35","plan":null}
[buffer] ask {"demand":null,"buffer":"sensor die","requested":2,"date":"2026-01-19T23:10:35","onhand":134}
[buffer] answer {"demand":null,"buffer":"sensor die","requested":2,"remainingShortage":0,"quantity":2,"date":"2026-01-19T23:10:35","plan":null}
[operation] answer {"demand":null,"operation":"standard process SENSOR-D","quantity":2,"start":"2026-01-19T23:10:35","end":"2026-01-20T18:00:00"}
[operation] alternate-segment {"operation":"select process SENSOR-D","alternate":"standard process SENSOR-D","quantity":2,"remainingQuantity":0,"start":"2026-01-19T23:10:35","end":"2026-01-20T18:00:00"}
[operation] alternate-answer {"operation":"select process SENSOR-D","quantity":2,"remainingQuantity":0,"nextDate":"2030-12-31T00:00:00"}
[buffer] replenish {"buffer":"sensor D","iteration":0,"requested":2,"replenished":2,"producerDate":"2030-12-31T00:00:00","eventCountBefore":15,"eventCountAfter":16,"remaining":0}
[buffer] answer {"demand":null,"buffer":"sensor D","requested":2,"remainingShortage":0,"quantity":2,"date":"2026-01-20T18:00:00","plan":"OperationPlan"}
[operation] answer {"demand":"electronics order 008 SENSOR-D","operation":"ship SENSOR-D","quantity":2,"start":"2026-01-20T18:00:00","end":"2026-01-20T20:00:00"}
[demand] reply {"demand":"electronics order 008 SENSOR-D","attempt":1,"result":true,"quantity":2,"date":"2026-01-20T20:00:00"}
[demand] attempt {"demand":"electronics order 023 SENSOR-C","attempt":1,"quantity":2,"requestDate":"2026-01-24T14:00:00","lastDate":"2030-12-31T00:00:00"}
[operation] ask {"demand":"electronics order 023 SENSOR-C","operation":"ship SENSOR-C","quantity":2,"end":"2026-01-24T14:00:00"}
[buffer] ask {"demand":null,"buffer":"sensor C","requested":2,"date":"2026-01-24T12:00:00","onhand":1}
[buffer] shortage {"buffer":"sensor C","iteration":0,"date":"2026-01-24T12:00:00","onhand":-2,"shortage":2}
[operation] alternate-ask {"demand":null,"operation":"select process SENSOR-C","quantity":2,"end":"2026-01-24T12:00:00","alternates":["fast process SENSOR-C","standard process SENSOR-C"]}
[operation] alternate-try {"operation":"select process SENSOR-C","alternate":"fast process SENSOR-C","remainingQuantity":2,"childQuantity":2}
[operation] ask {"demand":null,"operation":"fast process SENSOR-C","quantity":2,"end":"2026-01-24T12:00:00"}
[resource] ask {"demand":null,"operation":"fast process SENSOR-C","resource":"smt highspeed","start":"2026-01-23T23:54:33","end":"2026-01-24T12:00:00"}
[resource] candidate {"demand":null,"start":"2026-01-23T23:54:33","end":"2026-01-24T12:00:00","feasible":true}
[resource] ask {"demand":null,"operation":"fast process SENSOR-C","resource":"ict senior","start":"2026-01-23T23:54:33","end":"2026-01-24T12:00:00"}
[resource] candidate {"demand":null,"start":"2026-01-23T23:54:33","end":"2026-01-24T12:00:00","feasible":true}
[resource] ask {"demand":null,"operation":"fast process SENSOR-C","resource":"ict regular","start":"2026-01-23T22:28:25","end":"2026-01-24T12:00:00"}
[resource] candidate {"demand":null,"start":"2026-01-23T22:28:25","end":"2026-01-24T12:00:00","feasible":true}
[resource] ask {"demand":null,"operation":"fast process SENSOR-C","resource":"ict senior","start":"2026-01-23T23:54:33","end":"2026-01-24T12:00:00"}
[resource] candidate {"demand":null,"start":"2026-01-23T23:54:33","end":"2026-01-24T12:00:00","feasible":true}
[buffer] ask {"demand":null,"buffer":"microcontroller premium","requested":2,"date":"2026-01-24T02:54:33","onhand":0}
[buffer] shortage {"buffer":"microcontroller premium","iteration":0,"date":"2026-01-24T02:54:33","onhand":-2,"shortage":2}
[buffer] answer {"demand":null,"buffer":"microcontroller premium","requested":2,"remainingShortage":2,"quantity":0,"date":"2030-12-31T00:00:00","plan":null}
[operation] material-reject {"demand":null,"operation":"fast process SENSOR-C","start":"2026-01-23T23:54:33","end":"2026-01-24T12:00:00","asked":2,"answerQuantity":0,"answerDate":"2030-12-31T00:00:00"}
[operation] alternate-reject {"operation":"select process SENSOR-C","alternate":"fast process SENSOR-C","quantity":0,"nextDate":"2030-12-31T00:00:00"}
[operation] alternate-try {"operation":"select process SENSOR-C","alternate":"standard process SENSOR-C","remainingQuantity":2,"childQuantity":2}
[operation] ask {"demand":null,"operation":"standard process SENSOR-C","quantity":2,"end":"2026-01-24T12:00:00"}
[resource] ask {"demand":null,"operation":"standard process SENSOR-C","resource":"smt standard","start":"2026-01-23T15:21:11","end":"2026-01-24T12:00:00"}
[resource] candidate {"demand":null,"start":"2026-01-23T15:21:11","end":"2026-01-24T12:00:00","feasible":true}
[resource] ask {"demand":null,"operation":"standard process SENSOR-C","resource":"functional test","start":"2026-01-23T15:21:11","end":"2026-01-24T12:00:00"}
[resource] candidate {"demand":null,"start":"2026-01-23T15:21:11","end":"2026-01-24T12:00:00","feasible":true}
[buffer] ask {"demand":null,"buffer":"microcontroller standard","requested":2,"date":"2026-01-23T18:21:11","onhand":158}
[buffer] answer {"demand":null,"buffer":"microcontroller standard","requested":2,"remainingShortage":0,"quantity":2,"date":"2026-01-23T18:21:11","plan":null}
[buffer] ask {"demand":null,"buffer":"sensor die","requested":2,"date":"2026-01-23T18:21:11","onhand":129}
[buffer] answer {"demand":null,"buffer":"sensor die","requested":2,"remainingShortage":0,"quantity":2,"date":"2026-01-23T18:21:11","plan":null}
[operation] answer {"demand":null,"operation":"standard process SENSOR-C","quantity":2,"start":"2026-01-23T15:21:11","end":"2026-01-24T12:00:00"}
[operation] alternate-segment {"operation":"select process SENSOR-C","alternate":"standard process SENSOR-C","quantity":2,"remainingQuantity":0,"start":"2026-01-23T15:21:11","end":"2026-01-24T12:00:00"}
[operation] alternate-answer {"operation":"select process SENSOR-C","quantity":2,"remainingQuantity":0,"nextDate":"2030-12-31T00:00:00"}
[buffer] replenish {"buffer":"sensor C","iteration":0,"requested":2,"replenished":2,"producerDate":"2030-12-31T00:00:00","eventCountBefore":16,"eventCountAfter":17,"remaining":0}
[buffer] answer {"demand":null,"buffer":"sensor C","requested":2,"remainingShortage":0,"quantity":2,"date":"2026-01-24T12:00:00","plan":"OperationPlan"}
[operation] answer {"demand":"electronics order 023 SENSOR-C","operation":"ship SENSOR-C","quantity":2,"start":"2026-01-24T12:00:00","end":"2026-01-24T14:00:00"}
[demand] reply {"demand":"electronics order 023 SENSOR-C","attempt":1,"result":true,"quantity":2,"date":"2026-01-24T14:00:00"}
[demand] attempt {"demand":"electronics order 038 CTRL-B","attempt":1,"quantity":2,"requestDate":"2026-01-28T08:00:00","lastDate":"2030-12-31T00:00:00"}
[operation] ask {"demand":"electronics order 038 CTRL-B","operation":"ship CTRL-B","quantity":2,"end":"2026-01-28T08:00:00"}
[buffer] ask {"demand":null,"buffer":"controller B","requested":2,"date":"2026-01-28T06:00:00","onhand":3}
[buffer] shortage {"buffer":"controller B","iteration":0,"date":"2026-01-28T06:00:00","onhand":-2,"shortage":2}
[operation] alternate-ask {"demand":null,"operation":"select process CTRL-B","quantity":2,"end":"2026-01-28T06:00:00","alternates":["fast process CTRL-B","standard process CTRL-B"]}
[operation] alternate-try {"operation":"select process CTRL-B","alternate":"fast process CTRL-B","remainingQuantity":2,"childQuantity":2}
[operation] ask {"demand":null,"operation":"fast process CTRL-B","quantity":2,"end":"2026-01-28T06:00:00"}
[resource] ask {"demand":null,"operation":"fast process CTRL-B","resource":"smt highspeed","start":"2026-01-27T21:49:05","end":"2026-01-28T06:00:00"}
[resource] candidate {"demand":null,"start":"2026-01-27T21:49:05","end":"2026-01-28T06:00:00","feasible":true}
[resource] ask {"demand":null,"operation":"fast process CTRL-B","resource":"ict senior","start":"2026-01-27T21:49:05","end":"2026-01-28T06:00:00"}
[resource] candidate {"demand":null,"start":"2026-01-27T21:49:05","end":"2026-01-28T06:00:00","feasible":true}
[resource] ask {"demand":null,"operation":"fast process CTRL-B","resource":"ict regular","start":"2026-01-27T20:31:35","end":"2026-01-28T06:00:00"}
[resource] candidate {"demand":null,"start":"2026-01-27T20:31:35","end":"2026-01-28T06:00:00","feasible":true}
[resource] ask {"demand":null,"operation":"fast process CTRL-B","resource":"ict senior","start":"2026-01-27T21:49:05","end":"2026-01-28T06:00:00"}
[resource] candidate {"demand":null,"start":"2026-01-27T21:49:05","end":"2026-01-28T06:00:00","feasible":true}
[buffer] ask {"demand":null,"buffer":"microcontroller premium","requested":2,"date":"2026-01-27T21:49:05","onhand":-6}
[buffer] shortage {"buffer":"microcontroller premium","iteration":0,"date":"2026-01-27T21:49:05","onhand":-8,"shortage":8}
[buffer] answer {"demand":null,"buffer":"microcontroller premium","requested":2,"remainingShortage":8,"quantity":0,"date":"2030-12-31T00:00:00","plan":null}
[operation] material-reject {"demand":null,"operation":"fast process CTRL-B","start":"2026-01-27T21:49:05","end":"2026-01-28T06:00:00","asked":2,"answerQuantity":0,"answerDate":"2030-12-31T00:00:00"}
[operation] alternate-reject {"operation":"select process CTRL-B","alternate":"fast process CTRL-B","quantity":0,"nextDate":"2030-12-31T00:00:00"}
[operation] alternate-try {"operation":"select process CTRL-B","alternate":"standard process CTRL-B","remainingQuantity":2,"childQuantity":2}
[operation] ask {"demand":null,"operation":"standard process CTRL-B","quantity":2,"end":"2026-01-28T06:00:00"}
[resource] ask {"demand":null,"operation":"standard process CTRL-B","resource":"smt standard","start":"2026-01-27T13:31:46","end":"2026-01-28T06:00:00"}
[resource] candidate {"demand":null,"start":"2026-01-27T13:31:46","end":"2026-01-28T06:00:00","feasible":true}
[resource] ask {"demand":null,"operation":"standard process CTRL-B","resource":"functional test","start":"2026-01-27T13:31:46","end":"2026-01-28T06:00:00"}
[resource] candidate {"demand":null,"start":"2026-01-27T13:31:46","end":"2026-01-28T06:00:00","feasible":true}
[buffer] ask {"demand":null,"buffer":"microcontroller standard","requested":2,"date":"2026-01-27T13:31:46","onhand":144}
[buffer] answer {"demand":null,"buffer":"microcontroller standard","requested":2,"remainingShortage":0,"quantity":2,"date":"2026-01-27T13:31:46","plan":null}
[buffer] ask {"demand":null,"buffer":"pcb panel","requested":2,"date":"2026-01-27T13:31:46","onhand":200}
[buffer] answer {"demand":null,"buffer":"pcb panel","requested":2,"remainingShortage":0,"quantity":2,"date":"2026-01-27T13:31:46","plan":null}
[operation] answer {"demand":null,"operation":"standard process CTRL-B","quantity":2,"start":"2026-01-27T13:31:46","end":"2026-01-28T06:00:00"}
[operation] alternate-segment {"operation":"select process CTRL-B","alternate":"standard process CTRL-B","quantity":2,"remainingQuantity":0,"start":"2026-01-27T13:31:46","end":"2026-01-28T06:00:00"}
[operation] alternate-answer {"operation":"select process CTRL-B","quantity":2,"remainingQuantity":0,"nextDate":"2030-12-31T00:00:00"}
[buffer] replenish {"buffer":"controller B","iteration":0,"requested":2,"replenished":2,"producerDate":"2030-12-31T00:00:00","eventCountBefore":17,"eventCountAfter":18,"remaining":0}
[buffer] answer {"demand":null,"buffer":"controller B","requested":2,"remainingShortage":0,"quantity":2,"date":"2026-01-28T06:00:00","plan":"OperationPlan"}
[operation] answer {"demand":"electronics order 038 CTRL-B","operation":"ship CTRL-B","quantity":2,"start":"2026-01-28T06:00:00","end":"2026-01-28T08:00:00"}
[demand] reply {"demand":"electronics order 038 CTRL-B","attempt":1,"result":true,"quantity":2,"date":"2026-01-28T08:00:00"}
[demand] attempt {"demand":"electronics order 053 CTRL-A","attempt":1,"quantity":2,"requestDate":"2026-02-01T02:00:00","lastDate":"2030-12-31T00:00:00"}
[operation] ask {"demand":"electronics order 053 CTRL-A","operation":"ship CTRL-A","quantity":2,"end":"2026-02-01T02:00:00"}
[buffer] ask {"demand":null,"buffer":"controller A","requested":2,"date":"2026-02-01T00:00:00","onhand":1}
[buffer] shortage {"buffer":"controller A","iteration":0,"date":"2026-02-01T00:00:00","onhand":-2,"shortage":2}
[operation] alternate-ask {"demand":null,"operation":"select process CTRL-A","quantity":2,"end":"2026-02-01T00:00:00","alternates":["fast process CTRL-A","standard process CTRL-A"]}
[operation] alternate-try {"operation":"select process CTRL-A","alternate":"fast process CTRL-A","remainingQuantity":2,"childQuantity":2}
[operation] ask {"demand":null,"operation":"fast process CTRL-A","quantity":2,"end":"2026-02-01T00:00:00"}
[resource] ask {"demand":null,"operation":"fast process CTRL-A","resource":"smt highspeed","start":"2026-01-31T14:43:38","end":"2026-02-01T00:00:00"}
[resource] candidate {"demand":null,"start":"2026-01-31T14:43:38","end":"2026-02-01T00:00:00","feasible":true}
[resource] ask {"demand":null,"operation":"fast process CTRL-A","resource":"ict senior","start":"2026-01-31T14:43:38","end":"2026-02-01T00:00:00"}
[resource] candidate {"demand":null,"start":"2026-01-31T14:43:38","end":"2026-02-01T00:00:00","feasible":true}
[resource] ask {"demand":null,"operation":"fast process CTRL-A","resource":"ict regular","start":"2026-01-31T13:34:44","end":"2026-02-01T00:00:00"}
[resource] candidate {"demand":null,"start":"2026-01-31T13:34:44","end":"2026-02-01T00:00:00","feasible":true}
[resource] ask {"demand":null,"operation":"fast process CTRL-A","resource":"ict senior","start":"2026-01-31T14:43:38","end":"2026-02-01T00:00:00"}
[resource] candidate {"demand":null,"start":"2026-01-31T14:43:38","end":"2026-02-01T00:00:00","feasible":true}
[buffer] ask {"demand":null,"buffer":"microcontroller premium","requested":2,"date":"2026-01-31T16:43:38","onhand":-11}
[buffer] shortage {"buffer":"microcontroller premium","iteration":0,"date":"2026-01-31T16:43:38","onhand":-13,"shortage":13}
[buffer] answer {"demand":null,"buffer":"microcontroller premium","requested":2,"remainingShortage":13,"quantity":0,"date":"2030-12-31T00:00:00","plan":null}
[operation] material-reject {"demand":null,"operation":"fast process CTRL-A","start":"2026-01-31T14:43:38","end":"2026-02-01T00:00:00","asked":2,"answerQuantity":0,"answerDate":"2030-12-31T00:00:00"}
[operation] alternate-reject {"operation":"select process CTRL-A","alternate":"fast process CTRL-A","quantity":0,"nextDate":"2030-12-31T00:00:00"}
[operation] alternate-try {"operation":"select process CTRL-A","alternate":"standard process CTRL-A","remainingQuantity":2,"childQuantity":2}
[operation] ask {"demand":null,"operation":"standard process CTRL-A","quantity":2,"end":"2026-02-01T00:00:00"}
[resource] ask {"demand":null,"operation":"standard process CTRL-A","resource":"smt standard","start":"2026-01-31T06:42:21","end":"2026-02-01T00:00:00"}
[resource] candidate {"demand":null,"start":"2026-01-31T06:42:21","end":"2026-02-01T00:00:00","feasible":true}
[resource] ask {"demand":null,"operation":"standard process CTRL-A","resource":"functional test","start":"2026-01-31T06:42:21","end":"2026-02-01T00:00:00"}
[resource] candidate {"demand":null,"start":"2026-01-31T06:42:21","end":"2026-02-01T00:00:00","feasible":true}
[buffer] ask {"demand":null,"buffer":"microcontroller standard","requested":2,"date":"2026-01-31T08:42:21","onhand":127}
[buffer] answer {"demand":null,"buffer":"microcontroller standard","requested":2,"remainingShortage":0,"quantity":2,"date":"2026-01-31T08:42:21","plan":null}
[buffer] ask {"demand":null,"buffer":"pcb panel","requested":2,"date":"2026-01-31T08:42:21","onhand":190}
[buffer] answer {"demand":null,"buffer":"pcb panel","requested":2,"remainingShortage":0,"quantity":2,"date":"2026-01-31T08:42:21","plan":null}
[operation] answer {"demand":null,"operation":"standard process CTRL-A","quantity":2,"start":"2026-01-31T06:42:21","end":"2026-02-01T00:00:00"}
[operation] alternate-segment {"operation":"select process CTRL-A","alternate":"standard process CTRL-A","quantity":2,"remainingQuantity":0,"start":"2026-01-31T06:42:21","end":"2026-02-01T00:00:00"}
[operation] alternate-answer {"operation":"select process CTRL-A","quantity":2,"remainingQuantity":0,"nextDate":"2030-12-31T00:00:00"}
[buffer] replenish {"buffer":"controller A","iteration":0,"requested":2,"replenished":2,"producerDate":"2030-12-31T00:00:00","eventCountBefore":17,"eventCountAfter":18,"remaining":0}
[buffer] answer {"demand":null,"buffer":"controller A","requested":2,"remainingShortage":0,"quantity":2,"date":"2026-02-01T00:00:00","plan":"OperationPlan"}
[operation] answer {"demand":"electronics order 053 CTRL-A","operation":"ship CTRL-A","quantity":2,"start":"2026-02-01T00:00:00","end":"2026-02-01T02:00:00"}
[demand] reply {"demand":"electronics order 053 CTRL-A","attempt":1,"result":true,"quantity":2,"date":"2026-02-01T02:00:00"}
[demand] attempt {"demand":"electronics order 009 CTRL-A","attempt":1,"quantity":4,"requestDate":"2026-01-21T02:00:00","lastDate":"2030-12-31T00:00:00"}
[operation] ask {"demand":"electronics order 009 CTRL-A","operation":"ship CTRL-A","quantity":4,"end":"2026-01-21T02:00:00"}
[buffer] ask {"demand":null,"buffer":"controller A","requested":4,"date":"2026-01-21T00:00:00","onhand":2}
[buffer] shortage {"buffer":"controller A","iteration":0,"date":"2026-01-21T00:00:00","onhand":-4,"shortage":4}
[operation] alternate-ask {"demand":null,"operation":"select process CTRL-A","quantity":4,"end":"2026-01-21T00:00:00","alternates":["fast process CTRL-A","standard process CTRL-A"]}
[operation] alternate-try {"operation":"select process CTRL-A","alternate":"fast process CTRL-A","remainingQuantity":4,"childQuantity":4}
[operation] ask {"demand":null,"operation":"fast process CTRL-A","quantity":4,"end":"2026-01-21T00:00:00"}
[resource] ask {"demand":null,"operation":"fast process CTRL-A","resource":"smt highspeed","start":"2026-01-20T16:43:38","end":"2026-01-21T00:00:00"}
[resource] candidate {"demand":null,"start":"2026-01-20T16:43:38","end":"2026-01-21T00:00:00","feasible":true}
[resource] ask {"demand":null,"operation":"fast process CTRL-A","resource":"ict senior","start":"2026-01-20T16:43:38","end":"2026-01-21T00:00:00"}
[resource] candidate {"demand":null,"start":"2026-01-20T16:43:38","end":"2026-01-21T00:00:00","feasible":true}
[resource] ask {"demand":null,"operation":"fast process CTRL-A","resource":"ict regular","start":"2026-01-20T15:34:44","end":"2026-01-21T00:00:00"}
[resource] candidate {"demand":null,"start":"2026-01-20T15:34:44","end":"2026-01-21T00:00:00","feasible":true}
[resource] ask {"demand":null,"operation":"fast process CTRL-A","resource":"ict senior","start":"2026-01-20T16:43:38","end":"2026-01-21T00:00:00"}
[resource] candidate {"demand":null,"start":"2026-01-20T16:43:38","end":"2026-01-21T00:00:00","feasible":true}
[buffer] ask {"demand":null,"buffer":"microcontroller premium","requested":4,"date":"2026-01-20T16:43:38","onhand":10}
[buffer] shortage {"buffer":"microcontroller premium","iteration":0,"date":"2026-01-22T21:49:05","onhand":-1,"shortage":1}
[buffer] answer {"demand":null,"buffer":"microcontroller premium","requested":4,"remainingShortage":1,"quantity":3,"date":"2030-12-31T00:00:00","plan":null}
[buffer] ask {"demand":null,"buffer":"pcb panel","requested":3,"date":"2026-01-20T16:43:38","onhand":228}
[buffer] answer {"demand":null,"buffer":"pcb panel","requested":3,"remainingShortage":0,"quantity":3,"date":"2026-01-20T16:43:38","plan":null}
[operation] answer {"demand":null,"operation":"fast process CTRL-A","quantity":3,"start":"2026-01-20T16:43:38","end":"2026-01-21T00:00:00"}
[operation] alternate-segment {"operation":"select process CTRL-A","alternate":"fast process CTRL-A","quantity":3,"remainingQuantity":1,"start":"2026-01-20T16:43:38","end":"2026-01-21T00:00:00"}
[operation] alternate-try {"operation":"select process CTRL-A","alternate":"fast process CTRL-A","remainingQuantity":1,"childQuantity":1}
[operation] ask {"demand":null,"operation":"fast process CTRL-A","quantity":1,"end":"2026-01-21T00:00:00"}
[resource] ask {"demand":null,"operation":"fast process CTRL-A","resource":"smt highspeed","start":"2026-01-20T16:43:38","end":"2026-01-21T00:00:00"}
[resource] candidate {"demand":null,"start":"2026-01-20T16:43:38","end":"2026-01-21T00:00:00","feasible":true}
[resource] ask {"demand":null,"operation":"fast process CTRL-A","resource":"ict senior","start":"2026-01-20T16:43:38","end":"2026-01-21T00:00:00"}
[resource] candidate {"demand":null,"start":"2026-01-20T16:43:38","end":"2026-01-21T00:00:00","feasible":true}
[resource] ask {"demand":null,"operation":"fast process CTRL-A","resource":"ict regular","start":"2026-01-20T15:34:44","end":"2026-01-21T00:00:00"}
[resource] candidate {"demand":null,"start":"2026-01-20T15:34:44","end":"2026-01-21T00:00:00","feasible":true}
[resource] ask {"demand":null,"operation":"fast process CTRL-A","resource":"ict senior","start":"2026-01-20T16:43:38","end":"2026-01-21T00:00:00"}
[resource] candidate {"demand":null,"start":"2026-01-20T16:43:38","end":"2026-01-21T00:00:00","feasible":true}
[buffer] ask {"demand":null,"buffer":"microcontroller premium","requested":1,"date":"2026-01-20T16:43:38","onhand":10}
[buffer] shortage {"buffer":"microcontroller premium","iteration":0,"date":"2026-01-22T21:49:05","onhand":-1,"shortage":1}
[buffer] answer {"demand":null,"buffer":"microcontroller premium","requested":1,"remainingShortage":1,"quantity":0,"date":"2030-12-31T00:00:00","plan":null}
[operation] material-reject {"demand":null,"operation":"fast process CTRL-A","start":"2026-01-20T16:43:38","end":"2026-01-21T00:00:00","asked":1,"answerQuantity":0,"answerDate":"2030-12-31T00:00:00"}
[operation] alternate-reject {"operation":"select process CTRL-A","alternate":"fast process CTRL-A","quantity":0,"nextDate":"2030-12-31T00:00:00"}
[operation] alternate-try {"operation":"select process CTRL-A","alternate":"standard process CTRL-A","remainingQuantity":1,"childQuantity":1}
[operation] ask {"demand":null,"operation":"standard process CTRL-A","quantity":1,"end":"2026-01-21T00:00:00"}
[resource] ask {"demand":null,"operation":"standard process CTRL-A","resource":"smt standard","start":"2026-01-20T06:42:21","end":"2026-01-21T00:00:00"}
[resource] candidate {"demand":null,"start":"2026-01-20T06:42:21","end":"2026-01-21T00:00:00","feasible":true}
[resource] ask {"demand":null,"operation":"standard process CTRL-A","resource":"functional test","start":"2026-01-20T06:42:21","end":"2026-01-21T00:00:00"}
[resource] candidate {"demand":null,"start":"2026-01-20T06:42:21","end":"2026-01-21T00:00:00","feasible":true}
[buffer] ask {"demand":null,"buffer":"microcontroller standard","requested":1,"date":"2026-01-20T08:42:21","onhand":168}
[buffer] answer {"demand":null,"buffer":"microcontroller standard","requested":1,"remainingShortage":0,"quantity":1,"date":"2026-01-20T08:42:21","plan":null}
[buffer] ask {"demand":null,"buffer":"pcb panel","requested":1,"date":"2026-01-20T08:42:21","onhand":228}
[buffer] answer {"demand":null,"buffer":"pcb panel","requested":1,"remainingShortage":0,"quantity":1,"date":"2026-01-20T08:42:21","plan":null}
[operation] answer {"demand":null,"operation":"standard process CTRL-A","quantity":1,"start":"2026-01-20T06:42:21","end":"2026-01-21T00:00:00"}
[operation] alternate-segment {"operation":"select process CTRL-A","alternate":"standard process CTRL-A","quantity":1,"remainingQuantity":0,"start":"2026-01-20T06:42:21","end":"2026-01-21T00:00:00"}
[operation] alternate-answer {"operation":"select process CTRL-A","quantity":4,"remainingQuantity":0,"nextDate":"2030-12-31T00:00:00"}
[buffer] replenish {"buffer":"controller A","iteration":0,"requested":4,"replenished":4,"producerDate":"2030-12-31T00:00:00","eventCountBefore":19,"eventCountAfter":21,"remaining":0}
[buffer] answer {"demand":null,"buffer":"controller A","requested":4,"remainingShortage":0,"quantity":4,"date":"2026-01-21T00:00:00","plan":"OperationPlan"}
[operation] answer {"demand":"electronics order 009 CTRL-A","operation":"ship CTRL-A","quantity":4,"start":"2026-01-21T00:00:00","end":"2026-01-21T02:00:00"}
[demand] reply {"demand":"electronics order 009 CTRL-A","attempt":1,"result":true,"quantity":4,"date":"2026-01-21T02:00:00"}
[demand] attempt {"demand":"electronics order 024 SENSOR-D","attempt":1,"quantity":5,"requestDate":"2026-01-24T20:00:00","lastDate":"2030-12-31T00:00:00"}
[operation] ask {"demand":"electronics order 024 SENSOR-D","operation":"ship SENSOR-D","quantity":5,"end":"2026-01-24T20:00:00"}
[buffer] ask {"demand":null,"buffer":"sensor D","requested":5,"date":"2026-01-24T18:00:00","onhand":2}
[buffer] shortage {"buffer":"sensor D","iteration":0,"date":"2026-01-24T18:00:00","onhand":-5,"shortage":5}
[operation] alternate-ask {"demand":null,"operation":"select process SENSOR-D","quantity":5,"end":"2026-01-24T18:00:00","alternates":["fast process SENSOR-D","standard process SENSOR-D"]}
[operation] alternate-try {"operation":"select process SENSOR-D","alternate":"fast process SENSOR-D","remainingQuantity":5,"childQuantity":5}
[operation] ask {"demand":null,"operation":"fast process SENSOR-D","quantity":5,"end":"2026-01-24T18:00:00"}
[resource] ask {"demand":null,"operation":"fast process SENSOR-D","resource":"smt highspeed","start":"2026-01-24T05:00:00","end":"2026-01-24T18:00:00"}
[resource] candidate {"demand":null,"start":"2026-01-24T05:00:00","end":"2026-01-24T18:00:00","feasible":true}
[resource] ask {"demand":null,"operation":"fast process SENSOR-D","resource":"ict senior","start":"2026-01-24T05:00:00","end":"2026-01-24T18:00:00"}
[resource] candidate {"demand":null,"start":"2026-01-24T05:00:00","end":"2026-01-24T18:00:00","feasible":true}
[resource] ask {"demand":null,"operation":"fast process SENSOR-D","resource":"ict regular","start":"2026-01-24T03:25:16","end":"2026-01-24T18:00:00"}
[resource] candidate {"demand":null,"start":"2026-01-24T03:25:16","end":"2026-01-24T18:00:00","feasible":true}
[resource] ask {"demand":null,"operation":"fast process SENSOR-D","resource":"ict senior","start":"2026-01-24T05:00:00","end":"2026-01-24T18:00:00"}
[resource] candidate {"demand":null,"start":"2026-01-24T05:00:00","end":"2026-01-24T18:00:00","feasible":true}
[buffer] ask {"demand":null,"buffer":"microcontroller premium","requested":5,"date":"2026-01-24T08:00:00","onhand":-3}
[buffer] shortage {"buffer":"microcontroller premium","iteration":0,"date":"2026-01-24T08:00:00","onhand":-8,"shortage":8}
[buffer] answer {"demand":null,"buffer":"microcontroller premium","requested":5,"remainingShortage":8,"quantity":0,"date":"2030-12-31T00:00:00","plan":null}
[operation] material-reject {"demand":null,"operation":"fast process SENSOR-D","start":"2026-01-24T05:00:00","end":"2026-01-24T18:00:00","asked":5,"answerQuantity":0,"answerDate":"2030-12-31T00:00:00"}
[operation] alternate-reject {"operation":"select process SENSOR-D","alternate":"fast process SENSOR-D","quantity":0,"nextDate":"2030-12-31T00:00:00"}
[operation] alternate-try {"operation":"select process SENSOR-D","alternate":"standard process SENSOR-D","remainingQuantity":5,"childQuantity":5}
[operation] ask {"demand":null,"operation":"standard process SENSOR-D","quantity":5,"end":"2026-01-24T18:00:00"}
[resource] ask {"demand":null,"operation":"standard process SENSOR-D","resource":"smt standard","start":"2026-01-23T23:10:35","end":"2026-01-24T18:00:00"}
[resource] candidate {"demand":null,"start":"2026-01-23T23:10:35","end":"2026-01-24T18:00:00","feasible":true}
[resource] ask {"demand":null,"operation":"standard process SENSOR-D","resource":"functional test","start":"2026-01-23T23:10:35","end":"2026-01-24T18:00:00"}
[resource] candidate {"demand":null,"start":"2026-01-23T23:10:35","end":"2026-01-24T18:00:00","feasible":true}
[buffer] ask {"demand":null,"buffer":"microcontroller standard","requested":5,"date":"2026-01-23T23:10:35","onhand":155}
[buffer] answer {"demand":null,"buffer":"microcontroller standard","requested":5,"remainingShortage":0,"quantity":5,"date":"2026-01-23T23:10:35","plan":null}
[buffer] ask {"demand":null,"buffer":"sensor die","requested":5,"date":"2026-01-23T23:10:35","onhand":127}
[buffer] answer {"demand":null,"buffer":"sensor die","requested":5,"remainingShortage":0,"quantity":5,"date":"2026-01-23T23:10:35","plan":null}
[operation] answer {"demand":null,"operation":"standard process SENSOR-D","quantity":5,"start":"2026-01-23T23:10:35","end":"2026-01-24T18:00:00"}
[operation] alternate-segment {"operation":"select process SENSOR-D","alternate":"standard process SENSOR-D","quantity":5,"remainingQuantity":0,"start":"2026-01-23T23:10:35","end":"2026-01-24T18:00:00"}
[operation] alternate-answer {"operation":"select process SENSOR-D","quantity":5,"remainingQuantity":0,"nextDate":"2030-12-31T00:00:00"}
[buffer] replenish {"buffer":"sensor D","iteration":0,"requested":5,"replenished":5,"producerDate":"2030-12-31T00:00:00","eventCountBefore":17,"eventCountAfter":18,"remaining":0}
[buffer] answer {"demand":null,"buffer":"sensor D","requested":5,"remainingShortage":0,"quantity":5,"date":"2026-01-24T18:00:00","plan":"OperationPlan"}
[operation] answer {"demand":"electronics order 024 SENSOR-D","operation":"ship SENSOR-D","quantity":5,"start":"2026-01-24T18:00:00","end":"2026-01-24T20:00:00"}
[demand] reply {"demand":"electronics order 024 SENSOR-D","attempt":1,"result":true,"quantity":5,"date":"2026-01-24T20:00:00"}
[demand] attempt {"demand":"electronics order 039 SENSOR-C","attempt":1,"quantity":4,"requestDate":"2026-01-28T14:00:00","lastDate":"2030-12-31T00:00:00"}
[operation] ask {"demand":"electronics order 039 SENSOR-C","operation":"ship SENSOR-C","quantity":4,"end":"2026-01-28T14:00:00"}
[buffer] ask {"demand":null,"buffer":"sensor C","requested":4,"date":"2026-01-28T12:00:00","onhand":2}
[buffer] shortage {"buffer":"sensor C","iteration":0,"date":"2026-01-28T12:00:00","onhand":-4,"shortage":4}
[operation] alternate-ask {"demand":null,"operation":"select process SENSOR-C","quantity":4,"end":"2026-01-28T12:00:00","alternates":["fast process SENSOR-C","standard process SENSOR-C"]}
[operation] alternate-try {"operation":"select process SENSOR-C","alternate":"fast process SENSOR-C","remainingQuantity":4,"childQuantity":4}
[operation] ask {"demand":null,"operation":"fast process SENSOR-C","quantity":4,"end":"2026-01-28T12:00:00"}
[resource] ask {"demand":null,"operation":"fast process SENSOR-C","resource":"smt highspeed","start":"2026-01-27T23:54:33","end":"2026-01-28T12:00:00"}
[resource] candidate {"demand":null,"start":"2026-01-27T23:54:33","end":"2026-01-28T12:00:00","feasible":true}
[resource] ask {"demand":null,"operation":"fast process SENSOR-C","resource":"ict senior","start":"2026-01-27T23:54:33","end":"2026-01-28T12:00:00"}
[resource] candidate {"demand":null,"start":"2026-01-27T23:54:33","end":"2026-01-28T12:00:00","feasible":true}
[resource] ask {"demand":null,"operation":"fast process SENSOR-C","resource":"ict regular","start":"2026-01-27T22:28:25","end":"2026-01-28T12:00:00"}
[resource] candidate {"demand":null,"start":"2026-01-27T22:28:25","end":"2026-01-28T12:00:00","feasible":true}
[resource] ask {"demand":null,"operation":"fast process SENSOR-C","resource":"ict senior","start":"2026-01-27T23:54:33","end":"2026-01-28T12:00:00"}
[resource] candidate {"demand":null,"start":"2026-01-27T23:54:33","end":"2026-01-28T12:00:00","feasible":true}
[buffer] ask {"demand":null,"buffer":"microcontroller premium","requested":4,"date":"2026-01-28T02:54:33","onhand":-9}
[buffer] shortage {"buffer":"microcontroller premium","iteration":0,"date":"2026-01-28T02:54:33","onhand":-13,"shortage":13}
[buffer] answer {"demand":null,"buffer":"microcontroller premium","requested":4,"remainingShortage":13,"quantity":0,"date":"2030-12-31T00:00:00","plan":null}
[operation] material-reject {"demand":null,"operation":"fast process SENSOR-C","start":"2026-01-27T23:54:33","end":"2026-01-28T12:00:00","asked":4,"answerQuantity":0,"answerDate":"2030-12-31T00:00:00"}
[operation] alternate-reject {"operation":"select process SENSOR-C","alternate":"fast process SENSOR-C","quantity":0,"nextDate":"2030-12-31T00:00:00"}
[operation] alternate-try {"operation":"select process SENSOR-C","alternate":"standard process SENSOR-C","remainingQuantity":4,"childQuantity":4}
[operation] ask {"demand":null,"operation":"standard process SENSOR-C","quantity":4,"end":"2026-01-28T12:00:00"}
[resource] ask {"demand":null,"operation":"standard process SENSOR-C","resource":"smt standard","start":"2026-01-27T15:21:11","end":"2026-01-28T12:00:00"}
[resource] candidate {"demand":null,"start":"2026-01-27T15:21:11","end":"2026-01-28T12:00:00","feasible":true}
[resource] ask {"demand":null,"operation":"standard process SENSOR-C","resource":"functional test","start":"2026-01-27T15:21:11","end":"2026-01-28T12:00:00"}
[resource] candidate {"demand":null,"start":"2026-01-27T15:21:11","end":"2026-01-28T12:00:00","feasible":true}
[buffer] ask {"demand":null,"buffer":"microcontroller standard","requested":4,"date":"2026-01-27T18:21:11","onhand":136}
[buffer] answer {"demand":null,"buffer":"microcontroller standard","requested":4,"remainingShortage":0,"quantity":4,"date":"2026-01-27T18:21:11","plan":null}
[buffer] ask {"demand":null,"buffer":"sensor die","requested":4,"date":"2026-01-27T18:21:11","onhand":115}
[buffer] answer {"demand":null,"buffer":"sensor die","requested":4,"remainingShortage":0,"quantity":4,"date":"2026-01-27T18:21:11","plan":null}
[operation] answer {"demand":null,"operation":"standard process SENSOR-C","quantity":4,"start":"2026-01-27T15:21:11","end":"2026-01-28T12:00:00"}
[operation] alternate-segment {"operation":"select process SENSOR-C","alternate":"standard process SENSOR-C","quantity":4,"remainingQuantity":0,"start":"2026-01-27T15:21:11","end":"2026-01-28T12:00:00"}
[operation] alternate-answer {"operation":"select process SENSOR-C","quantity":4,"remainingQuantity":0,"nextDate":"2030-12-31T00:00:00"}
[buffer] replenish {"buffer":"sensor C","iteration":0,"requested":4,"replenished":4,"producerDate":"2030-12-31T00:00:00","eventCountBefore":18,"eventCountAfter":19,"remaining":0}
[buffer] answer {"demand":null,"buffer":"sensor C","requested":4,"remainingShortage":0,"quantity":4,"date":"2026-01-28T12:00:00","plan":"OperationPlan"}
[operation] answer {"demand":"electronics order 039 SENSOR-C","operation":"ship SENSOR-C","quantity":4,"start":"2026-01-28T12:00:00","end":"2026-01-28T14:00:00"}
[demand] reply {"demand":"electronics order 039 SENSOR-C","attempt":1,"result":true,"quantity":4,"date":"2026-01-28T14:00:00"}
[demand] attempt {"demand":"electronics order 054 CTRL-B","attempt":1,"quantity":5,"requestDate":"2026-02-01T08:00:00","lastDate":"2030-12-31T00:00:00"}
[operation] ask {"demand":"electronics order 054 CTRL-B","operation":"ship CTRL-B","quantity":5,"end":"2026-02-01T08:00:00"}
[buffer] ask {"demand":null,"buffer":"controller B","requested":5,"date":"2026-02-01T06:00:00","onhand":2}
[buffer] shortage {"buffer":"controller B","iteration":0,"date":"2026-02-01T06:00:00","onhand":-5,"shortage":5}
[operation] alternate-ask {"demand":null,"operation":"select process CTRL-B","quantity":5,"end":"2026-02-01T06:00:00","alternates":["fast process CTRL-B","standard process CTRL-B"]}
[operation] alternate-try {"operation":"select process CTRL-B","alternate":"fast process CTRL-B","remainingQuantity":5,"childQuantity":5}
[operation] ask {"demand":null,"operation":"fast process CTRL-B","quantity":5,"end":"2026-02-01T06:00:00"}
[resource] ask {"demand":null,"operation":"fast process CTRL-B","resource":"smt highspeed","start":"2026-01-31T19:49:05","end":"2026-02-01T06:00:00"}
[resource] candidate {"demand":null,"start":"2026-01-31T19:49:05","end":"2026-02-01T06:00:00","feasible":true}
[resource] ask {"demand":null,"operation":"fast process CTRL-B","resource":"ict senior","start":"2026-01-31T19:49:05","end":"2026-02-01T06:00:00"}
[resource] candidate {"demand":null,"start":"2026-01-31T19:49:05","end":"2026-02-01T06:00:00","feasible":true}
[resource] ask {"demand":null,"operation":"fast process CTRL-B","resource":"ict regular","start":"2026-01-31T18:31:35","end":"2026-02-01T06:00:00"}
[resource] candidate {"demand":null,"start":"2026-01-31T18:31:35","end":"2026-02-01T06:00:00","feasible":true}
[resource] ask {"demand":null,"operation":"fast process CTRL-B","resource":"ict senior","start":"2026-01-31T19:49:05","end":"2026-02-01T06:00:00"}
[resource] candidate {"demand":null,"start":"2026-01-31T19:49:05","end":"2026-02-01T06:00:00","feasible":true}
[buffer] ask {"demand":null,"buffer":"microcontroller premium","requested":5,"date":"2026-01-31T21:49:05","onhand":-14}
[buffer] shortage {"buffer":"microcontroller premium","iteration":0,"date":"2026-01-31T21:49:05","onhand":-19,"shortage":19}
[buffer] answer {"demand":null,"buffer":"microcontroller premium","requested":5,"remainingShortage":19,"quantity":0,"date":"2030-12-31T00:00:00","plan":null}
[operation] material-reject {"demand":null,"operation":"fast process CTRL-B","start":"2026-01-31T19:49:05","end":"2026-02-01T06:00:00","asked":5,"answerQuantity":0,"answerDate":"2030-12-31T00:00:00"}
[operation] alternate-reject {"operation":"select process CTRL-B","alternate":"fast process CTRL-B","quantity":0,"nextDate":"2030-12-31T00:00:00"}
[operation] alternate-try {"operation":"select process CTRL-B","alternate":"standard process CTRL-B","remainingQuantity":5,"childQuantity":5}
[operation] ask {"demand":null,"operation":"standard process CTRL-B","quantity":5,"end":"2026-02-01T06:00:00"}
[resource] ask {"demand":null,"operation":"standard process CTRL-B","resource":"smt standard","start":"2026-01-31T13:31:46","end":"2026-02-01T06:00:00"}
[resource] candidate {"demand":null,"start":"2026-01-31T13:31:46","end":"2026-02-01T06:00:00","feasible":true}
[resource] ask {"demand":null,"operation":"standard process CTRL-B","resource":"functional test","start":"2026-01-31T13:31:46","end":"2026-02-01T06:00:00"}
[resource] candidate {"demand":null,"start":"2026-01-31T13:31:46","end":"2026-02-01T06:00:00","feasible":true}
[buffer] ask {"demand":null,"buffer":"microcontroller standard","requested":5,"date":"2026-01-31T13:31:46","onhand":115}
[buffer] answer {"demand":null,"buffer":"microcontroller standard","requested":5,"remainingShortage":0,"quantity":5,"date":"2026-01-31T13:31:46","plan":null}
[buffer] ask {"demand":null,"buffer":"pcb panel","requested":5,"date":"2026-01-31T13:31:46","onhand":184}
[buffer] answer {"demand":null,"buffer":"pcb panel","requested":5,"remainingShortage":0,"quantity":5,"date":"2026-01-31T13:31:46","plan":null}
[operation] answer {"demand":null,"operation":"standard process CTRL-B","quantity":5,"start":"2026-01-31T13:31:46","end":"2026-02-01T06:00:00"}
[operation] alternate-segment {"operation":"select process CTRL-B","alternate":"standard process CTRL-B","quantity":5,"remainingQuantity":0,"start":"2026-01-31T13:31:46","end":"2026-02-01T06:00:00"}
[operation] alternate-answer {"operation":"select process CTRL-B","quantity":5,"remainingQuantity":0,"nextDate":"2030-12-31T00:00:00"}
[buffer] replenish {"buffer":"controller B","iteration":0,"requested":5,"replenished":5,"producerDate":"2030-12-31T00:00:00","eventCountBefore":19,"eventCountAfter":20,"remaining":0}
[buffer] answer {"demand":null,"buffer":"controller B","requested":5,"remainingShortage":0,"quantity":5,"date":"2026-02-01T06:00:00","plan":"OperationPlan"}
[operation] answer {"demand":"electronics order 054 CTRL-B","operation":"ship CTRL-B","quantity":5,"start":"2026-02-01T06:00:00","end":"2026-02-01T08:00:00"}
[demand] reply {"demand":"electronics order 054 CTRL-B","attempt":1,"result":true,"quantity":5,"date":"2026-02-01T08:00:00"}
[demand] attempt {"demand":"electronics order 010 CTRL-B","attempt":1,"quantity":3,"requestDate":"2026-01-21T08:00:00","lastDate":"2030-12-31T00:00:00"}
[operation] ask {"demand":"electronics order 010 CTRL-B","operation":"ship CTRL-B","quantity":3,"end":"2026-01-21T08:00:00"}
[buffer] ask {"demand":null,"buffer":"controller B","requested":3,"date":"2026-01-21T06:00:00","onhand":5}
[buffer] shortage {"buffer":"controller B","iteration":0,"date":"2026-01-21T06:00:00","onhand":-3,"shortage":3}
[operation] alternate-ask {"demand":null,"operation":"select process CTRL-B","quantity":3,"end":"2026-01-21T06:00:00","alternates":["fast process CTRL-B","standard process CTRL-B"]}
[operation] alternate-try {"operation":"select process CTRL-B","alternate":"fast process CTRL-B","remainingQuantity":3,"childQuantity":3}
[operation] ask {"demand":null,"operation":"fast process CTRL-B","quantity":3,"end":"2026-01-21T06:00:00"}
[resource] ask {"demand":null,"operation":"fast process CTRL-B","resource":"smt highspeed","start":"2026-01-20T21:49:05","end":"2026-01-21T06:00:00"}
[resource] candidate {"demand":null,"start":"2026-01-20T21:49:05","end":"2026-01-21T06:00:00","feasible":true}
[resource] ask {"demand":null,"operation":"fast process CTRL-B","resource":"ict senior","start":"2026-01-20T21:49:05","end":"2026-01-21T06:00:00"}
[resource] candidate {"demand":null,"start":"2026-01-20T21:49:05","end":"2026-01-21T06:00:00","feasible":true}
[resource] ask {"demand":null,"operation":"fast process CTRL-B","resource":"ict regular","start":"2026-01-20T20:31:35","end":"2026-01-21T06:00:00"}
[resource] candidate {"demand":null,"start":"2026-01-20T20:31:35","end":"2026-01-21T06:00:00","feasible":true}
[resource] ask {"demand":null,"operation":"fast process CTRL-B","resource":"ict senior","start":"2026-01-20T21:49:05","end":"2026-01-21T06:00:00"}
[resource] candidate {"demand":null,"start":"2026-01-20T21:49:05","end":"2026-01-21T06:00:00","feasible":true}
[buffer] ask {"demand":null,"buffer":"microcontroller premium","requested":3,"date":"2026-01-20T21:49:05","onhand":7}
[buffer] shortage {"buffer":"microcontroller premium","iteration":0,"date":"2026-01-22T16:43:38","onhand":-1,"shortage":1}
[buffer] answer {"demand":null,"buffer":"microcontroller premium","requested":3,"remainingShortage":1,"quantity":2,"date":"2030-12-31T00:00:00","plan":null}
[buffer] ask {"demand":null,"buffer":"pcb panel","requested":2,"date":"2026-01-20T21:49:05","onhand":224}
[buffer] answer {"demand":null,"buffer":"pcb panel","requested":2,"remainingShortage":0,"quantity":2,"date":"2026-01-20T21:49:05","plan":null}
[operation] answer {"demand":null,"operation":"fast process CTRL-B","quantity":2,"start":"2026-01-20T21:49:05","end":"2026-01-21T06:00:00"}
[operation] alternate-segment {"operation":"select process CTRL-B","alternate":"fast process CTRL-B","quantity":2,"remainingQuantity":1,"start":"2026-01-20T21:49:05","end":"2026-01-21T06:00:00"}
[operation] alternate-try {"operation":"select process CTRL-B","alternate":"fast process CTRL-B","remainingQuantity":1,"childQuantity":1}
[operation] ask {"demand":null,"operation":"fast process CTRL-B","quantity":1,"end":"2026-01-21T06:00:00"}
[resource] ask {"demand":null,"operation":"fast process CTRL-B","resource":"smt highspeed","start":"2026-01-20T21:49:05","end":"2026-01-21T06:00:00"}
[resource] candidate {"demand":null,"start":"2026-01-20T21:49:05","end":"2026-01-21T06:00:00","feasible":true}
[resource] ask {"demand":null,"operation":"fast process CTRL-B","resource":"ict senior","start":"2026-01-20T21:49:05","end":"2026-01-21T06:00:00"}
[resource] candidate {"demand":null,"start":"2026-01-20T21:49:05","end":"2026-01-21T06:00:00","feasible":true}
[resource] ask {"demand":null,"operation":"fast process CTRL-B","resource":"ict regular","start":"2026-01-20T20:31:35","end":"2026-01-21T06:00:00"}
[resource] candidate {"demand":null,"start":"2026-01-20T20:31:35","end":"2026-01-21T06:00:00","feasible":true}
[resource] ask {"demand":null,"operation":"fast process CTRL-B","resource":"ict senior","start":"2026-01-20T21:49:05","end":"2026-01-21T06:00:00"}
[resource] candidate {"demand":null,"start":"2026-01-20T21:49:05","end":"2026-01-21T06:00:00","feasible":true}
[buffer] ask {"demand":null,"buffer":"microcontroller premium","requested":1,"date":"2026-01-20T21:49:05","onhand":7}
[buffer] shortage {"buffer":"microcontroller premium","iteration":0,"date":"2026-01-22T16:43:38","onhand":-1,"shortage":1}
[buffer] answer {"demand":null,"buffer":"microcontroller premium","requested":1,"remainingShortage":1,"quantity":0,"date":"2030-12-31T00:00:00","plan":null}
[operation] material-reject {"demand":null,"operation":"fast process CTRL-B","start":"2026-01-20T21:49:05","end":"2026-01-21T06:00:00","asked":1,"answerQuantity":0,"answerDate":"2030-12-31T00:00:00"}
[operation] alternate-reject {"operation":"select process CTRL-B","alternate":"fast process CTRL-B","quantity":0,"nextDate":"2030-12-31T00:00:00"}
[operation] alternate-try {"operation":"select process CTRL-B","alternate":"standard process CTRL-B","remainingQuantity":1,"childQuantity":1}
[operation] ask {"demand":null,"operation":"standard process CTRL-B","quantity":1,"end":"2026-01-21T06:00:00"}
[resource] ask {"demand":null,"operation":"standard process CTRL-B","resource":"smt standard","start":"2026-01-20T13:31:46","end":"2026-01-21T06:00:00"}
[resource] candidate {"demand":null,"start":"2026-01-20T13:31:46","end":"2026-01-21T06:00:00","feasible":true}
[resource] ask {"demand":null,"operation":"standard process CTRL-B","resource":"functional test","start":"2026-01-20T13:31:46","end":"2026-01-21T06:00:00"}
[resource] candidate {"demand":null,"start":"2026-01-20T13:31:46","end":"2026-01-21T06:00:00","feasible":true}
[buffer] ask {"demand":null,"buffer":"microcontroller standard","requested":1,"date":"2026-01-20T13:31:46","onhand":167}
[buffer] answer {"demand":null,"buffer":"microcontroller standard","requested":1,"remainingShortage":0,"quantity":1,"date":"2026-01-20T13:31:46","plan":null}
[buffer] ask {"demand":null,"buffer":"pcb panel","requested":1,"date":"2026-01-20T13:31:46","onhand":227}
[buffer] answer {"demand":null,"buffer":"pcb panel","requested":1,"remainingShortage":0,"quantity":1,"date":"2026-01-20T13:31:46","plan":null}
[operation] answer {"demand":null,"operation":"standard process CTRL-B","quantity":1,"start":"2026-01-20T13:31:46","end":"2026-01-21T06:00:00"}
[operation] alternate-segment {"operation":"select process CTRL-B","alternate":"standard process CTRL-B","quantity":1,"remainingQuantity":0,"start":"2026-01-20T13:31:46","end":"2026-01-21T06:00:00"}
[operation] alternate-answer {"operation":"select process CTRL-B","quantity":3,"remainingQuantity":0,"nextDate":"2030-12-31T00:00:00"}
[buffer] replenish {"buffer":"controller B","iteration":0,"requested":3,"replenished":3,"producerDate":"2030-12-31T00:00:00","eventCountBefore":21,"eventCountAfter":23,"remaining":0}
[buffer] answer {"demand":null,"buffer":"controller B","requested":3,"remainingShortage":0,"quantity":3,"date":"2026-01-21T06:00:00","plan":"OperationPlan"}
[operation] answer {"demand":"electronics order 010 CTRL-B","operation":"ship CTRL-B","quantity":3,"start":"2026-01-21T06:00:00","end":"2026-01-21T08:00:00"}
[demand] reply {"demand":"electronics order 010 CTRL-B","attempt":1,"result":true,"quantity":3,"date":"2026-01-21T08:00:00"}
[demand] attempt {"demand":"electronics order 025 CTRL-A","attempt":1,"quantity":1,"requestDate":"2026-01-25T02:00:00","lastDate":"2030-12-31T00:00:00"}
[operation] ask {"demand":"electronics order 025 CTRL-A","operation":"ship CTRL-A","quantity":1,"end":"2026-01-25T02:00:00"}
[buffer] ask {"demand":null,"buffer":"controller A","requested":1,"date":"2026-01-25T00:00:00","onhand":4}
[buffer] shortage {"buffer":"controller A","iteration":0,"date":"2026-01-25T00:00:00","onhand":-1,"shortage":1}
[operation] alternate-ask {"demand":null,"operation":"select process CTRL-A","quantity":1,"end":"2026-01-25T00:00:00","alternates":["fast process CTRL-A","standard process CTRL-A"]}
[operation] alternate-try {"operation":"select process CTRL-A","alternate":"fast process CTRL-A","remainingQuantity":1,"childQuantity":1}
[operation] ask {"demand":null,"operation":"fast process CTRL-A","quantity":1,"end":"2026-01-25T00:00:00"}
[resource] ask {"demand":null,"operation":"fast process CTRL-A","resource":"smt highspeed","start":"2026-01-24T16:43:38","end":"2026-01-25T00:00:00"}
[resource] candidate {"demand":null,"start":"2026-01-24T16:43:38","end":"2026-01-25T00:00:00","feasible":true}
[resource] ask {"demand":null,"operation":"fast process CTRL-A","resource":"ict senior","start":"2026-01-24T16:43:38","end":"2026-01-25T00:00:00"}
[resource] candidate {"demand":null,"start":"2026-01-24T16:43:38","end":"2026-01-25T00:00:00","feasible":true}
[resource] ask {"demand":null,"operation":"fast process CTRL-A","resource":"ict regular","start":"2026-01-24T15:34:44","end":"2026-01-25T00:00:00"}
[resource] candidate {"demand":null,"start":"2026-01-24T15:34:44","end":"2026-01-25T00:00:00","feasible":true}
[resource] ask {"demand":null,"operation":"fast process CTRL-A","resource":"ict senior","start":"2026-01-24T16:43:38","end":"2026-01-25T00:00:00"}
[resource] candidate {"demand":null,"start":"2026-01-24T16:43:38","end":"2026-01-25T00:00:00","feasible":true}
[buffer] ask {"demand":null,"buffer":"microcontroller premium","requested":1,"date":"2026-01-24T16:43:38","onhand":-5}
[buffer] shortage {"buffer":"microcontroller premium","iteration":0,"date":"2026-01-24T16:43:38","onhand":-6,"shortage":6}
[buffer] answer {"demand":null,"buffer":"microcontroller premium","requested":1,"remainingShortage":6,"quantity":0,"date":"2030-12-31T00:00:00","plan":null}
[operation] material-reject {"demand":null,"operation":"fast process CTRL-A","start":"2026-01-24T16:43:38","end":"2026-01-25T00:00:00","asked":1,"answerQuantity":0,"answerDate":"2030-12-31T00:00:00"}
[operation] alternate-reject {"operation":"select process CTRL-A","alternate":"fast process CTRL-A","quantity":0,"nextDate":"2030-12-31T00:00:00"}
[operation] alternate-try {"operation":"select process CTRL-A","alternate":"standard process CTRL-A","remainingQuantity":1,"childQuantity":1}
[operation] ask {"demand":null,"operation":"standard process CTRL-A","quantity":1,"end":"2026-01-25T00:00:00"}
[resource] ask {"demand":null,"operation":"standard process CTRL-A","resource":"smt standard","start":"2026-01-24T06:42:21","end":"2026-01-25T00:00:00"}
[resource] candidate {"demand":null,"start":"2026-01-24T06:42:21","end":"2026-01-25T00:00:00","feasible":true}
[resource] ask {"demand":null,"operation":"standard process CTRL-A","resource":"functional test","start":"2026-01-24T06:42:21","end":"2026-01-25T00:00:00"}
[resource] candidate {"demand":null,"start":"2026-01-24T06:42:21","end":"2026-01-25T00:00:00","feasible":true}
[buffer] ask {"demand":null,"buffer":"microcontroller standard","requested":1,"date":"2026-01-24T08:42:21","onhand":149}
[buffer] answer {"demand":null,"buffer":"microcontroller standard","requested":1,"remainingShortage":0,"quantity":1,"date":"2026-01-24T08:42:21","plan":null}
[buffer] ask {"demand":null,"buffer":"pcb panel","requested":1,"date":"2026-01-24T08:42:21","onhand":204}
[buffer] answer {"demand":null,"buffer":"pcb panel","requested":1,"remainingShortage":0,"quantity":1,"date":"2026-01-24T08:42:21","plan":null}
[operation] answer {"demand":null,"operation":"standard process CTRL-A","quantity":1,"start":"2026-01-24T06:42:21","end":"2026-01-25T00:00:00"}
[operation] alternate-segment {"operation":"select process CTRL-A","alternate":"standard process CTRL-A","quantity":1,"remainingQuantity":0,"start":"2026-01-24T06:42:21","end":"2026-01-25T00:00:00"}
[operation] alternate-answer {"operation":"select process CTRL-A","quantity":1,"remainingQuantity":0,"nextDate":"2030-12-31T00:00:00"}
[buffer] replenish {"buffer":"controller A","iteration":0,"requested":1,"replenished":1,"producerDate":"2030-12-31T00:00:00","eventCountBefore":22,"eventCountAfter":23,"remaining":0}
[buffer] answer {"demand":null,"buffer":"controller A","requested":1,"remainingShortage":0,"quantity":1,"date":"2026-01-25T00:00:00","plan":"OperationPlan"}
[operation] answer {"demand":"electronics order 025 CTRL-A","operation":"ship CTRL-A","quantity":1,"start":"2026-01-25T00:00:00","end":"2026-01-25T02:00:00"}
[demand] reply {"demand":"electronics order 025 CTRL-A","attempt":1,"result":true,"quantity":1,"date":"2026-01-25T02:00:00"}
[demand] attempt {"demand":"electronics order 040 SENSOR-D","attempt":1,"quantity":3,"requestDate":"2026-01-28T20:00:00","lastDate":"2030-12-31T00:00:00"}
[operation] ask {"demand":"electronics order 040 SENSOR-D","operation":"ship SENSOR-D","quantity":3,"end":"2026-01-28T20:00:00"}
[buffer] ask {"demand":null,"buffer":"sensor D","requested":3,"date":"2026-01-28T18:00:00","onhand":5}
[buffer] shortage {"buffer":"sensor D","iteration":0,"date":"2026-01-28T18:00:00","onhand":-3,"shortage":3}
[operation] alternate-ask {"demand":null,"operation":"select process SENSOR-D","quantity":3,"end":"2026-01-28T18:00:00","alternates":["fast process SENSOR-D","standard process SENSOR-D"]}
[operation] alternate-try {"operation":"select process SENSOR-D","alternate":"fast process SENSOR-D","remainingQuantity":3,"childQuantity":3}
[operation] ask {"demand":null,"operation":"fast process SENSOR-D","quantity":3,"end":"2026-01-28T18:00:00"}
[resource] ask {"demand":null,"operation":"fast process SENSOR-D","resource":"smt highspeed","start":"2026-01-28T05:00:00","end":"2026-01-28T18:00:00"}
[resource] candidate {"demand":null,"start":"2026-01-28T05:00:00","end":"2026-01-28T18:00:00","feasible":true}
[resource] ask {"demand":null,"operation":"fast process SENSOR-D","resource":"ict senior","start":"2026-01-28T05:00:00","end":"2026-01-28T18:00:00"}
[resource] candidate {"demand":null,"start":"2026-01-28T05:00:00","end":"2026-01-28T18:00:00","feasible":true}
[resource] ask {"demand":null,"operation":"fast process SENSOR-D","resource":"ict regular","start":"2026-01-28T03:25:16","end":"2026-01-28T18:00:00"}
[resource] candidate {"demand":null,"start":"2026-01-28T03:25:16","end":"2026-01-28T18:00:00","feasible":true}
[resource] ask {"demand":null,"operation":"fast process SENSOR-D","resource":"ict senior","start":"2026-01-28T05:00:00","end":"2026-01-28T18:00:00"}
[resource] candidate {"demand":null,"start":"2026-01-28T05:00:00","end":"2026-01-28T18:00:00","feasible":true}
[buffer] ask {"demand":null,"buffer":"microcontroller premium","requested":3,"date":"2026-01-28T08:00:00","onhand":-11}
[buffer] shortage {"buffer":"microcontroller premium","iteration":0,"date":"2026-01-28T08:00:00","onhand":-14,"shortage":14}
[buffer] answer {"demand":null,"buffer":"microcontroller premium","requested":3,"remainingShortage":14,"quantity":0,"date":"2030-12-31T00:00:00","plan":null}
[operation] material-reject {"demand":null,"operation":"fast process SENSOR-D","start":"2026-01-28T05:00:00","end":"2026-01-28T18:00:00","asked":3,"answerQuantity":0,"answerDate":"2030-12-31T00:00:00"}
[operation] alternate-reject {"operation":"select process SENSOR-D","alternate":"fast process SENSOR-D","quantity":0,"nextDate":"2030-12-31T00:00:00"}
[operation] alternate-try {"operation":"select process SENSOR-D","alternate":"standard process SENSOR-D","remainingQuantity":3,"childQuantity":3}
[operation] ask {"demand":null,"operation":"standard process SENSOR-D","quantity":3,"end":"2026-01-28T18:00:00"}
[resource] ask {"demand":null,"operation":"standard process SENSOR-D","resource":"smt standard","start":"2026-01-27T23:10:35","end":"2026-01-28T18:00:00"}
[resource] candidate {"demand":null,"start":"2026-01-27T23:10:35","end":"2026-01-28T18:00:00","feasible":true}
[resource] ask {"demand":null,"operation":"standard process SENSOR-D","resource":"functional test","start":"2026-01-27T23:10:35","end":"2026-01-28T18:00:00"}
[resource] candidate {"demand":null,"start":"2026-01-27T23:10:35","end":"2026-01-28T18:00:00","feasible":true}
[buffer] ask {"demand":null,"buffer":"microcontroller standard","requested":3,"date":"2026-01-27T23:10:35","onhand":130}
[buffer] answer {"demand":null,"buffer":"microcontroller standard","requested":3,"remainingShortage":0,"quantity":3,"date":"2026-01-27T23:10:35","plan":null}
[buffer] ask {"demand":null,"buffer":"sensor die","requested":3,"date":"2026-01-27T23:10:35","onhand":111}
[buffer] answer {"demand":null,"buffer":"sensor die","requested":3,"remainingShortage":0,"quantity":3,"date":"2026-01-27T23:10:35","plan":null}
[operation] answer {"demand":null,"operation":"standard process SENSOR-D","quantity":3,"start":"2026-01-27T23:10:35","end":"2026-01-28T18:00:00"}
[operation] alternate-segment {"operation":"select process SENSOR-D","alternate":"standard process SENSOR-D","quantity":3,"remainingQuantity":0,"start":"2026-01-27T23:10:35","end":"2026-01-28T18:00:00"}
[operation] alternate-answer {"operation":"select process SENSOR-D","quantity":3,"remainingQuantity":0,"nextDate":"2030-12-31T00:00:00"}
[buffer] replenish {"buffer":"sensor D","iteration":0,"requested":3,"replenished":3,"producerDate":"2030-12-31T00:00:00","eventCountBefore":19,"eventCountAfter":20,"remaining":0}
[buffer] answer {"demand":null,"buffer":"sensor D","requested":3,"remainingShortage":0,"quantity":3,"date":"2026-01-28T18:00:00","plan":"OperationPlan"}
[operation] answer {"demand":"electronics order 040 SENSOR-D","operation":"ship SENSOR-D","quantity":3,"start":"2026-01-28T18:00:00","end":"2026-01-28T20:00:00"}
[demand] reply {"demand":"electronics order 040 SENSOR-D","attempt":1,"result":true,"quantity":3,"date":"2026-01-28T20:00:00"}
[demand] attempt {"demand":"electronics order 055 SENSOR-C","attempt":1,"quantity":1,"requestDate":"2026-02-01T14:00:00","lastDate":"2030-12-31T00:00:00"}
[operation] ask {"demand":"electronics order 055 SENSOR-C","operation":"ship SENSOR-C","quantity":1,"end":"2026-02-01T14:00:00"}
[buffer] ask {"demand":null,"buffer":"sensor C","requested":1,"date":"2026-02-01T12:00:00","onhand":4}
[buffer] shortage {"buffer":"sensor C","iteration":0,"date":"2026-02-01T12:00:00","onhand":-1,"shortage":1}
[operation] alternate-ask {"demand":null,"operation":"select process SENSOR-C","quantity":1,"end":"2026-02-01T12:00:00","alternates":["fast process SENSOR-C","standard process SENSOR-C"]}
[operation] alternate-try {"operation":"select process SENSOR-C","alternate":"fast process SENSOR-C","remainingQuantity":1,"childQuantity":1}
[operation] ask {"demand":null,"operation":"fast process SENSOR-C","quantity":1,"end":"2026-02-01T12:00:00"}
[resource] ask {"demand":null,"operation":"fast process SENSOR-C","resource":"smt highspeed","start":"2026-02-01T02:54:33","end":"2026-02-01T12:00:00"}
[resource] candidate {"demand":null,"start":"2026-02-01T02:54:33","end":"2026-02-01T12:00:00","feasible":true}
[resource] ask {"demand":null,"operation":"fast process SENSOR-C","resource":"ict senior","start":"2026-02-01T02:54:33","end":"2026-02-01T12:00:00"}
[resource] candidate {"demand":null,"start":"2026-02-01T02:54:33","end":"2026-02-01T12:00:00","feasible":true}
[resource] ask {"demand":null,"operation":"fast process SENSOR-C","resource":"ict regular","start":"2026-02-01T01:28:25","end":"2026-02-01T12:00:00"}
[resource] candidate {"demand":null,"start":"2026-02-01T01:28:25","end":"2026-02-01T12:00:00","feasible":true}
[resource] ask {"demand":null,"operation":"fast process SENSOR-C","resource":"ict senior","start":"2026-02-01T02:54:33","end":"2026-02-01T12:00:00"}
[resource] candidate {"demand":null,"start":"2026-02-01T02:54:33","end":"2026-02-01T12:00:00","feasible":true}
[buffer] ask {"demand":null,"buffer":"microcontroller premium","requested":1,"date":"2026-02-01T02:54:33","onhand":-16}
[buffer] shortage {"buffer":"microcontroller premium","iteration":0,"date":"2026-02-01T02:54:33","onhand":-17,"shortage":17}
[buffer] answer {"demand":null,"buffer":"microcontroller premium","requested":1,"remainingShortage":17,"quantity":0,"date":"2030-12-31T00:00:00","plan":null}
[operation] material-reject {"demand":null,"operation":"fast process SENSOR-C","start":"2026-02-01T02:54:33","end":"2026-02-01T12:00:00","asked":1,"answerQuantity":0,"answerDate":"2030-12-31T00:00:00"}
[operation] alternate-reject {"operation":"select process SENSOR-C","alternate":"fast process SENSOR-C","quantity":0,"nextDate":"2030-12-31T00:00:00"}
[operation] alternate-try {"operation":"select process SENSOR-C","alternate":"standard process SENSOR-C","remainingQuantity":1,"childQuantity":1}
[operation] ask {"demand":null,"operation":"standard process SENSOR-C","quantity":1,"end":"2026-02-01T12:00:00"}
[resource] ask {"demand":null,"operation":"standard process SENSOR-C","resource":"smt standard","start":"2026-01-31T15:21:11","end":"2026-02-01T12:00:00"}
[resource] candidate {"demand":null,"start":"2026-01-31T15:21:11","end":"2026-02-01T12:00:00","feasible":true}
[resource] ask {"demand":null,"operation":"standard process SENSOR-C","resource":"functional test","start":"2026-01-31T15:21:11","end":"2026-02-01T12:00:00"}
[resource] candidate {"demand":null,"start":"2026-01-31T15:21:11","end":"2026-02-01T12:00:00","feasible":true}
[buffer] ask {"demand":null,"buffer":"microcontroller standard","requested":1,"date":"2026-01-31T18:21:11","onhand":105}
[buffer] answer {"demand":null,"buffer":"microcontroller standard","requested":1,"remainingShortage":0,"quantity":1,"date":"2026-01-31T18:21:11","plan":null}
[buffer] ask {"demand":null,"buffer":"sensor die","requested":1,"date":"2026-01-31T18:21:11","onhand":96}
[buffer] answer {"demand":null,"buffer":"sensor die","requested":1,"remainingShortage":0,"quantity":1,"date":"2026-01-31T18:21:11","plan":null}
[operation] answer {"demand":null,"operation":"standard process SENSOR-C","quantity":1,"start":"2026-01-31T15:21:11","end":"2026-02-01T12:00:00"}
[operation] alternate-segment {"operation":"select process SENSOR-C","alternate":"standard process SENSOR-C","quantity":1,"remainingQuantity":0,"start":"2026-01-31T15:21:11","end":"2026-02-01T12:00:00"}
[operation] alternate-answer {"operation":"select process SENSOR-C","quantity":1,"remainingQuantity":0,"nextDate":"2030-12-31T00:00:00"}
[buffer] replenish {"buffer":"sensor C","iteration":0,"requested":1,"replenished":1,"producerDate":"2030-12-31T00:00:00","eventCountBefore":20,"eventCountAfter":21,"remaining":0}
[buffer] answer {"demand":null,"buffer":"sensor C","requested":1,"remainingShortage":0,"quantity":1,"date":"2026-02-01T12:00:00","plan":"OperationPlan"}
[operation] answer {"demand":"electronics order 055 SENSOR-C","operation":"ship SENSOR-C","quantity":1,"start":"2026-02-01T12:00:00","end":"2026-02-01T14:00:00"}
[demand] reply {"demand":"electronics order 055 SENSOR-C","attempt":1,"result":true,"quantity":1,"date":"2026-02-01T14:00:00"}
[demand] attempt {"demand":"electronics order 011 SENSOR-C","attempt":1,"quantity":2,"requestDate":"2026-01-21T14:00:00","lastDate":"2030-12-31T00:00:00"}
[operation] ask {"demand":"electronics order 011 SENSOR-C","operation":"ship SENSOR-C","quantity":2,"end":"2026-01-21T14:00:00"}
[buffer] ask {"demand":null,"buffer":"sensor C","requested":2,"date":"2026-01-21T12:00:00","onhand":1}
[buffer] shortage {"buffer":"sensor C","iteration":0,"date":"2026-01-21T12:00:00","onhand":-2,"shortage":2}
[operation] alternate-ask {"demand":null,"operation":"select process SENSOR-C","quantity":2,"end":"2026-01-21T12:00:00","alternates":["fast process SENSOR-C","standard process SENSOR-C"]}
[operation] alternate-try {"operation":"select process SENSOR-C","alternate":"fast process SENSOR-C","remainingQuantity":2,"childQuantity":2}
[operation] ask {"demand":null,"operation":"fast process SENSOR-C","quantity":2,"end":"2026-01-21T12:00:00"}
[resource] ask {"demand":null,"operation":"fast process SENSOR-C","resource":"smt highspeed","start":"2026-01-20T23:54:33","end":"2026-01-21T12:00:00"}
[resource] candidate {"demand":null,"start":"2026-01-20T23:54:33","end":"2026-01-21T12:00:00","feasible":true}
[resource] ask {"demand":null,"operation":"fast process SENSOR-C","resource":"ict senior","start":"2026-01-20T23:54:33","end":"2026-01-21T12:00:00"}
[resource] candidate {"demand":null,"start":"2026-01-20T23:54:33","end":"2026-01-21T12:00:00","feasible":true}
[resource] ask {"demand":null,"operation":"fast process SENSOR-C","resource":"ict regular","start":"2026-01-20T22:28:25","end":"2026-01-21T12:00:00"}
[resource] candidate {"demand":null,"start":"2026-01-20T22:28:25","end":"2026-01-21T12:00:00","feasible":true}
[resource] ask {"demand":null,"operation":"fast process SENSOR-C","resource":"ict senior","start":"2026-01-20T23:54:33","end":"2026-01-21T12:00:00"}
[resource] candidate {"demand":null,"start":"2026-01-20T23:54:33","end":"2026-01-21T12:00:00","feasible":true}
[buffer] ask {"demand":null,"buffer":"microcontroller premium","requested":2,"date":"2026-01-21T02:54:33","onhand":5}
[buffer] shortage {"buffer":"microcontroller premium","iteration":0,"date":"2026-01-22T16:43:38","onhand":-2,"shortage":2}
[buffer] answer {"demand":null,"buffer":"microcontroller premium","requested":2,"remainingShortage":2,"quantity":0,"date":"2030-12-31T00:00:00","plan":null}
[operation] material-reject {"demand":null,"operation":"fast process SENSOR-C","start":"2026-01-20T23:54:33","end":"2026-01-21T12:00:00","asked":2,"answerQuantity":0,"answerDate":"2030-12-31T00:00:00"}
[operation] alternate-reject {"operation":"select process SENSOR-C","alternate":"fast process SENSOR-C","quantity":0,"nextDate":"2030-12-31T00:00:00"}
[operation] alternate-try {"operation":"select process SENSOR-C","alternate":"standard process SENSOR-C","remainingQuantity":2,"childQuantity":2}
[operation] ask {"demand":null,"operation":"standard process SENSOR-C","quantity":2,"end":"2026-01-21T12:00:00"}
[resource] ask {"demand":null,"operation":"standard process SENSOR-C","resource":"smt standard","start":"2026-01-20T15:21:11","end":"2026-01-21T12:00:00"}
[resource] candidate {"demand":null,"start":"2026-01-20T15:21:11","end":"2026-01-21T12:00:00","feasible":true}
[resource] ask {"demand":null,"operation":"standard process SENSOR-C","resource":"functional test","start":"2026-01-20T15:21:11","end":"2026-01-21T12:00:00"}
[resource] candidate {"demand":null,"start":"2026-01-20T15:21:11","end":"2026-01-21T12:00:00","feasible":true}
[buffer] ask {"demand":null,"buffer":"microcontroller standard","requested":2,"date":"2026-01-20T18:21:11","onhand":166}
[buffer] answer {"demand":null,"buffer":"microcontroller standard","requested":2,"remainingShortage":0,"quantity":2,"date":"2026-01-20T18:21:11","plan":null}
[buffer] ask {"demand":null,"buffer":"sensor die","requested":2,"date":"2026-01-20T18:21:11","onhand":132}
[buffer] answer {"demand":null,"buffer":"sensor die","requested":2,"remainingShortage":0,"quantity":2,"date":"2026-01-20T18:21:11","plan":null}
[operation] answer {"demand":null,"operation":"standard process SENSOR-C","quantity":2,"start":"2026-01-20T15:21:11","end":"2026-01-21T12:00:00"}
[operation] alternate-segment {"operation":"select process SENSOR-C","alternate":"standard process SENSOR-C","quantity":2,"remainingQuantity":0,"start":"2026-01-20T15:21:11","end":"2026-01-21T12:00:00"}
[operation] alternate-answer {"operation":"select process SENSOR-C","quantity":2,"remainingQuantity":0,"nextDate":"2030-12-31T00:00:00"}
[buffer] replenish {"buffer":"sensor C","iteration":0,"requested":2,"replenished":2,"producerDate":"2030-12-31T00:00:00","eventCountBefore":22,"eventCountAfter":23,"remaining":0}
[buffer] answer {"demand":null,"buffer":"sensor C","requested":2,"remainingShortage":0,"quantity":2,"date":"2026-01-21T12:00:00","plan":"OperationPlan"}
[operation] answer {"demand":"electronics order 011 SENSOR-C","operation":"ship SENSOR-C","quantity":2,"start":"2026-01-21T12:00:00","end":"2026-01-21T14:00:00"}
[demand] reply {"demand":"electronics order 011 SENSOR-C","attempt":1,"result":true,"quantity":2,"date":"2026-01-21T14:00:00"}
[demand] attempt {"demand":"electronics order 026 CTRL-B","attempt":1,"quantity":2,"requestDate":"2026-01-25T08:00:00","lastDate":"2030-12-31T00:00:00"}
[operation] ask {"demand":"electronics order 026 CTRL-B","operation":"ship CTRL-B","quantity":2,"end":"2026-01-25T08:00:00"}
[buffer] ask {"demand":null,"buffer":"controller B","requested":2,"date":"2026-01-25T06:00:00","onhand":3}
[buffer] shortage {"buffer":"controller B","iteration":0,"date":"2026-01-25T06:00:00","onhand":-2,"shortage":2}
[operation] alternate-ask {"demand":null,"operation":"select process CTRL-B","quantity":2,"end":"2026-01-25T06:00:00","alternates":["fast process CTRL-B","standard process CTRL-B"]}
[operation] alternate-try {"operation":"select process CTRL-B","alternate":"fast process CTRL-B","remainingQuantity":2,"childQuantity":2}
[operation] ask {"demand":null,"operation":"fast process CTRL-B","quantity":2,"end":"2026-01-25T06:00:00"}
[resource] ask {"demand":null,"operation":"fast process CTRL-B","resource":"smt highspeed","start":"2026-01-24T21:49:05","end":"2026-01-25T06:00:00"}
[resource] candidate {"demand":null,"start":"2026-01-24T21:49:05","end":"2026-01-25T06:00:00","feasible":true}
[resource] ask {"demand":null,"operation":"fast process CTRL-B","resource":"ict senior","start":"2026-01-24T21:49:05","end":"2026-01-25T06:00:00"}
[resource] candidate {"demand":null,"start":"2026-01-24T21:49:05","end":"2026-01-25T06:00:00","feasible":true}
[resource] ask {"demand":null,"operation":"fast process CTRL-B","resource":"ict regular","start":"2026-01-24T20:31:35","end":"2026-01-25T06:00:00"}
[resource] candidate {"demand":null,"start":"2026-01-24T20:31:35","end":"2026-01-25T06:00:00","feasible":true}
[resource] ask {"demand":null,"operation":"fast process CTRL-B","resource":"ict senior","start":"2026-01-24T21:49:05","end":"2026-01-25T06:00:00"}
[resource] candidate {"demand":null,"start":"2026-01-24T21:49:05","end":"2026-01-25T06:00:00","feasible":true}
[buffer] ask {"demand":null,"buffer":"microcontroller premium","requested":2,"date":"2026-01-24T21:49:05","onhand":-5}
[buffer] shortage {"buffer":"microcontroller premium","iteration":0,"date":"2026-01-24T21:49:05","onhand":-7,"shortage":7}
[buffer] answer {"demand":null,"buffer":"microcontroller premium","requested":2,"remainingShortage":7,"quantity":0,"date":"2030-12-31T00:00:00","plan":null}
[operation] material-reject {"demand":null,"operation":"fast process CTRL-B","start":"2026-01-24T21:49:05","end":"2026-01-25T06:00:00","asked":2,"answerQuantity":0,"answerDate":"2030-12-31T00:00:00"}
[operation] alternate-reject {"operation":"select process CTRL-B","alternate":"fast process CTRL-B","quantity":0,"nextDate":"2030-12-31T00:00:00"}
[operation] alternate-try {"operation":"select process CTRL-B","alternate":"standard process CTRL-B","remainingQuantity":2,"childQuantity":2}
[operation] ask {"demand":null,"operation":"standard process CTRL-B","quantity":2,"end":"2026-01-25T06:00:00"}
[resource] ask {"demand":null,"operation":"standard process CTRL-B","resource":"smt standard","start":"2026-01-24T13:31:46","end":"2026-01-25T06:00:00"}
[resource] candidate {"demand":null,"start":"2026-01-24T13:31:46","end":"2026-01-25T06:00:00","feasible":true}
[resource] ask {"demand":null,"operation":"standard process CTRL-B","resource":"functional test","start":"2026-01-24T13:31:46","end":"2026-01-25T06:00:00"}
[resource] candidate {"demand":null,"start":"2026-01-24T13:31:46","end":"2026-01-25T06:00:00","feasible":true}
[buffer] ask {"demand":null,"buffer":"microcontroller standard","requested":2,"date":"2026-01-24T13:31:46","onhand":146}
[buffer] answer {"demand":null,"buffer":"microcontroller standard","requested":2,"remainingShortage":0,"quantity":2,"date":"2026-01-24T13:31:46","plan":null}
[buffer] ask {"demand":null,"buffer":"pcb panel","requested":2,"date":"2026-01-24T13:31:46","onhand":203}
[buffer] answer {"demand":null,"buffer":"pcb panel","requested":2,"remainingShortage":0,"quantity":2,"date":"2026-01-24T13:31:46","plan":null}
[operation] answer {"demand":null,"operation":"standard process CTRL-B","quantity":2,"start":"2026-01-24T13:31:46","end":"2026-01-25T06:00:00"}
[operation] alternate-segment {"operation":"select process CTRL-B","alternate":"standard process CTRL-B","quantity":2,"remainingQuantity":0,"start":"2026-01-24T13:31:46","end":"2026-01-25T06:00:00"}
[operation] alternate-answer {"operation":"select process CTRL-B","quantity":2,"remainingQuantity":0,"nextDate":"2030-12-31T00:00:00"}
[buffer] replenish {"buffer":"controller B","iteration":0,"requested":2,"replenished":2,"producerDate":"2030-12-31T00:00:00","eventCountBefore":24,"eventCountAfter":25,"remaining":0}
[buffer] answer {"demand":null,"buffer":"controller B","requested":2,"remainingShortage":0,"quantity":2,"date":"2026-01-25T06:00:00","plan":"OperationPlan"}
[operation] answer {"demand":"electronics order 026 CTRL-B","operation":"ship CTRL-B","quantity":2,"start":"2026-01-25T06:00:00","end":"2026-01-25T08:00:00"}
[demand] reply {"demand":"electronics order 026 CTRL-B","attempt":1,"result":true,"quantity":2,"date":"2026-01-25T08:00:00"}
[demand] attempt {"demand":"electronics order 041 CTRL-A","attempt":1,"quantity":2,"requestDate":"2026-01-29T02:00:00","lastDate":"2030-12-31T00:00:00"}
[operation] ask {"demand":"electronics order 041 CTRL-A","operation":"ship CTRL-A","quantity":2,"end":"2026-01-29T02:00:00"}
[buffer] ask {"demand":null,"buffer":"controller A","requested":2,"date":"2026-01-29T00:00:00","onhand":1}
[buffer] shortage {"buffer":"controller A","iteration":0,"date":"2026-01-29T00:00:00","onhand":-2,"shortage":2}
[operation] alternate-ask {"demand":null,"operation":"select process CTRL-A","quantity":2,"end":"2026-01-29T00:00:00","alternates":["fast process CTRL-A","standard process CTRL-A"]}
[operation] alternate-try {"operation":"select process CTRL-A","alternate":"fast process CTRL-A","remainingQuantity":2,"childQuantity":2}
[operation] ask {"demand":null,"operation":"fast process CTRL-A","quantity":2,"end":"2026-01-29T00:00:00"}
[resource] ask {"demand":null,"operation":"fast process CTRL-A","resource":"smt highspeed","start":"2026-01-28T16:43:38","end":"2026-01-29T00:00:00"}
[resource] candidate {"demand":null,"start":"2026-01-28T16:43:38","end":"2026-01-29T00:00:00","feasible":true}
[resource] ask {"demand":null,"operation":"fast process CTRL-A","resource":"ict senior","start":"2026-01-28T16:43:38","end":"2026-01-29T00:00:00"}
[resource] candidate {"demand":null,"start":"2026-01-28T16:43:38","end":"2026-01-29T00:00:00","feasible":true}
[resource] ask {"demand":null,"operation":"fast process CTRL-A","resource":"ict regular","start":"2026-01-28T15:34:44","end":"2026-01-29T00:00:00"}
[resource] candidate {"demand":null,"start":"2026-01-28T15:34:44","end":"2026-01-29T00:00:00","feasible":true}
[resource] ask {"demand":null,"operation":"fast process CTRL-A","resource":"ict senior","start":"2026-01-28T16:43:38","end":"2026-01-29T00:00:00"}
[resource] candidate {"demand":null,"start":"2026-01-28T16:43:38","end":"2026-01-29T00:00:00","feasible":true}
[buffer] ask {"demand":null,"buffer":"microcontroller premium","requested":2,"date":"2026-01-28T16:43:38","onhand":-11}
[buffer] shortage {"buffer":"microcontroller premium","iteration":0,"date":"2026-01-28T16:43:38","onhand":-13,"shortage":13}
[buffer] answer {"demand":null,"buffer":"microcontroller premium","requested":2,"remainingShortage":13,"quantity":0,"date":"2030-12-31T00:00:00","plan":null}
[operation] material-reject {"demand":null,"operation":"fast process CTRL-A","start":"2026-01-28T16:43:38","end":"2026-01-29T00:00:00","asked":2,"answerQuantity":0,"answerDate":"2030-12-31T00:00:00"}
[operation] alternate-reject {"operation":"select process CTRL-A","alternate":"fast process CTRL-A","quantity":0,"nextDate":"2030-12-31T00:00:00"}
[operation] alternate-try {"operation":"select process CTRL-A","alternate":"standard process CTRL-A","remainingQuantity":2,"childQuantity":2}
[operation] ask {"demand":null,"operation":"standard process CTRL-A","quantity":2,"end":"2026-01-29T00:00:00"}
[resource] ask {"demand":null,"operation":"standard process CTRL-A","resource":"smt standard","start":"2026-01-28T06:42:21","end":"2026-01-29T00:00:00"}
[resource] candidate {"demand":null,"start":"2026-01-28T06:42:21","end":"2026-01-29T00:00:00","feasible":true}
[resource] ask {"demand":null,"operation":"standard process CTRL-A","resource":"functional test","start":"2026-01-28T06:42:21","end":"2026-01-29T00:00:00"}
[resource] candidate {"demand":null,"start":"2026-01-28T06:42:21","end":"2026-01-29T00:00:00","feasible":true}
[buffer] ask {"demand":null,"buffer":"microcontroller standard","requested":2,"date":"2026-01-28T08:42:21","onhand":123}
[buffer] answer {"demand":null,"buffer":"microcontroller standard","requested":2,"remainingShortage":0,"quantity":2,"date":"2026-01-28T08:42:21","plan":null}
[buffer] ask {"demand":null,"buffer":"pcb panel","requested":2,"date":"2026-01-28T08:42:21","onhand":188}
[buffer] answer {"demand":null,"buffer":"pcb panel","requested":2,"remainingShortage":0,"quantity":2,"date":"2026-01-28T08:42:21","plan":null}
[operation] answer {"demand":null,"operation":"standard process CTRL-A","quantity":2,"start":"2026-01-28T06:42:21","end":"2026-01-29T00:00:00"}
[operation] alternate-segment {"operation":"select process CTRL-A","alternate":"standard process CTRL-A","quantity":2,"remainingQuantity":0,"start":"2026-01-28T06:42:21","end":"2026-01-29T00:00:00"}
[operation] alternate-answer {"operation":"select process CTRL-A","quantity":2,"remainingQuantity":0,"nextDate":"2030-12-31T00:00:00"}
[buffer] replenish {"buffer":"controller A","iteration":0,"requested":2,"replenished":2,"producerDate":"2030-12-31T00:00:00","eventCountBefore":24,"eventCountAfter":25,"remaining":0}
[buffer] answer {"demand":null,"buffer":"controller A","requested":2,"remainingShortage":0,"quantity":2,"date":"2026-01-29T00:00:00","plan":"OperationPlan"}
[operation] answer {"demand":"electronics order 041 CTRL-A","operation":"ship CTRL-A","quantity":2,"start":"2026-01-29T00:00:00","end":"2026-01-29T02:00:00"}
[demand] reply {"demand":"electronics order 041 CTRL-A","attempt":1,"result":true,"quantity":2,"date":"2026-01-29T02:00:00"}
[demand] attempt {"demand":"electronics order 056 SENSOR-D","attempt":1,"quantity":2,"requestDate":"2026-02-01T20:00:00","lastDate":"2030-12-31T00:00:00"}
[operation] ask {"demand":"electronics order 056 SENSOR-D","operation":"ship SENSOR-D","quantity":2,"end":"2026-02-01T20:00:00"}
[buffer] ask {"demand":null,"buffer":"sensor D","requested":2,"date":"2026-02-01T18:00:00","onhand":3}
[buffer] shortage {"buffer":"sensor D","iteration":0,"date":"2026-02-01T18:00:00","onhand":-2,"shortage":2}
[operation] alternate-ask {"demand":null,"operation":"select process SENSOR-D","quantity":2,"end":"2026-02-01T18:00:00","alternates":["fast process SENSOR-D","standard process SENSOR-D"]}
[operation] alternate-try {"operation":"select process SENSOR-D","alternate":"fast process SENSOR-D","remainingQuantity":2,"childQuantity":2}
[operation] ask {"demand":null,"operation":"fast process SENSOR-D","quantity":2,"end":"2026-02-01T18:00:00"}
[resource] ask {"demand":null,"operation":"fast process SENSOR-D","resource":"smt highspeed","start":"2026-02-01T08:00:00","end":"2026-02-01T18:00:00"}
[resource] candidate {"demand":null,"start":"2026-02-01T08:00:00","end":"2026-02-01T18:00:00","feasible":true}
[resource] ask {"demand":null,"operation":"fast process SENSOR-D","resource":"ict senior","start":"2026-02-01T08:00:00","end":"2026-02-01T18:00:00"}
[resource] candidate {"demand":null,"start":"2026-02-01T08:00:00","end":"2026-02-01T18:00:00","feasible":true}
[resource] ask {"demand":null,"operation":"fast process SENSOR-D","resource":"ict regular","start":"2026-02-01T06:25:16","end":"2026-02-01T18:00:00"}
[resource] candidate {"demand":null,"start":"2026-02-01T06:25:16","end":"2026-02-01T18:00:00","feasible":true}
[resource] ask {"demand":null,"operation":"fast process SENSOR-D","resource":"ict senior","start":"2026-02-01T08:00:00","end":"2026-02-01T18:00:00"}
[resource] candidate {"demand":null,"start":"2026-02-01T08:00:00","end":"2026-02-01T18:00:00","feasible":true}
[buffer] ask {"demand":null,"buffer":"microcontroller premium","requested":2,"date":"2026-02-01T08:00:00","onhand":-16}
[buffer] shortage {"buffer":"microcontroller premium","iteration":0,"date":"2026-02-01T08:00:00","onhand":-18,"shortage":18}
[buffer] answer {"demand":null,"buffer":"microcontroller premium","requested":2,"remainingShortage":18,"quantity":0,"date":"2030-12-31T00:00:00","plan":null}
[operation] material-reject {"demand":null,"operation":"fast process SENSOR-D","start":"2026-02-01T08:00:00","end":"2026-02-01T18:00:00","asked":2,"answerQuantity":0,"answerDate":"2030-12-31T00:00:00"}
[operation] alternate-reject {"operation":"select process SENSOR-D","alternate":"fast process SENSOR-D","quantity":0,"nextDate":"2030-12-31T00:00:00"}
[operation] alternate-try {"operation":"select process SENSOR-D","alternate":"standard process SENSOR-D","remainingQuantity":2,"childQuantity":2}
[operation] ask {"demand":null,"operation":"standard process SENSOR-D","quantity":2,"end":"2026-02-01T18:00:00"}
[resource] ask {"demand":null,"operation":"standard process SENSOR-D","resource":"smt standard","start":"2026-01-31T23:10:35","end":"2026-02-01T18:00:00"}
[resource] candidate {"demand":null,"start":"2026-01-31T23:10:35","end":"2026-02-01T18:00:00","feasible":true}
[resource] ask {"demand":null,"operation":"standard process SENSOR-D","resource":"functional test","start":"2026-01-31T23:10:35","end":"2026-02-01T18:00:00"}
[resource] candidate {"demand":null,"start":"2026-01-31T23:10:35","end":"2026-02-01T18:00:00","feasible":true}
[buffer] ask {"demand":null,"buffer":"microcontroller standard","requested":2,"date":"2026-01-31T23:10:35","onhand":98}
[buffer] answer {"demand":null,"buffer":"microcontroller standard","requested":2,"remainingShortage":0,"quantity":2,"date":"2026-01-31T23:10:35","plan":null}
[buffer] ask {"demand":null,"buffer":"sensor die","requested":2,"date":"2026-01-31T23:10:35","onhand":93}
[buffer] answer {"demand":null,"buffer":"sensor die","requested":2,"remainingShortage":0,"quantity":2,"date":"2026-01-31T23:10:35","plan":null}
[operation] answer {"demand":null,"operation":"standard process SENSOR-D","quantity":2,"start":"2026-01-31T23:10:35","end":"2026-02-01T18:00:00"}
[operation] alternate-segment {"operation":"select process SENSOR-D","alternate":"standard process SENSOR-D","quantity":2,"remainingQuantity":0,"start":"2026-01-31T23:10:35","end":"2026-02-01T18:00:00"}
[operation] alternate-answer {"operation":"select process SENSOR-D","quantity":2,"remainingQuantity":0,"nextDate":"2030-12-31T00:00:00"}
[buffer] replenish {"buffer":"sensor D","iteration":0,"requested":2,"replenished":2,"producerDate":"2030-12-31T00:00:00","eventCountBefore":21,"eventCountAfter":22,"remaining":0}
[buffer] answer {"demand":null,"buffer":"sensor D","requested":2,"remainingShortage":0,"quantity":2,"date":"2026-02-01T18:00:00","plan":"OperationPlan"}
[operation] answer {"demand":"electronics order 056 SENSOR-D","operation":"ship SENSOR-D","quantity":2,"start":"2026-02-01T18:00:00","end":"2026-02-01T20:00:00"}
[demand] reply {"demand":"electronics order 056 SENSOR-D","attempt":1,"result":true,"quantity":2,"date":"2026-02-01T20:00:00"}
[demand] attempt {"demand":"electronics order 012 SENSOR-D","attempt":1,"quantity":5,"requestDate":"2026-01-21T20:00:00","lastDate":"2030-12-31T00:00:00"}
[operation] ask {"demand":"electronics order 012 SENSOR-D","operation":"ship SENSOR-D","quantity":5,"end":"2026-01-21T20:00:00"}
[buffer] ask {"demand":null,"buffer":"sensor D","requested":5,"date":"2026-01-21T18:00:00","onhand":2}
[buffer] shortage {"buffer":"sensor D","iteration":0,"date":"2026-01-21T18:00:00","onhand":-5,"shortage":5}
[operation] alternate-ask {"demand":null,"operation":"select process SENSOR-D","quantity":5,"end":"2026-01-21T18:00:00","alternates":["fast process SENSOR-D","standard process SENSOR-D"]}
[operation] alternate-try {"operation":"select process SENSOR-D","alternate":"fast process SENSOR-D","remainingQuantity":5,"childQuantity":5}
[operation] ask {"demand":null,"operation":"fast process SENSOR-D","quantity":5,"end":"2026-01-21T18:00:00"}
[resource] ask {"demand":null,"operation":"fast process SENSOR-D","resource":"smt highspeed","start":"2026-01-21T05:00:00","end":"2026-01-21T18:00:00"}
[resource] candidate {"demand":null,"start":"2026-01-21T05:00:00","end":"2026-01-21T18:00:00","feasible":true}
[resource] ask {"demand":null,"operation":"fast process SENSOR-D","resource":"ict senior","start":"2026-01-21T05:00:00","end":"2026-01-21T18:00:00"}
[resource] candidate {"demand":null,"start":"2026-01-21T05:00:00","end":"2026-01-21T18:00:00","feasible":true}
[resource] ask {"demand":null,"operation":"fast process SENSOR-D","resource":"ict regular","start":"2026-01-21T03:25:16","end":"2026-01-21T18:00:00"}
[resource] candidate {"demand":null,"start":"2026-01-21T03:25:16","end":"2026-01-21T18:00:00","feasible":true}
[resource] ask {"demand":null,"operation":"fast process SENSOR-D","resource":"ict senior","start":"2026-01-21T05:00:00","end":"2026-01-21T18:00:00"}
[resource] candidate {"demand":null,"start":"2026-01-21T05:00:00","end":"2026-01-21T18:00:00","feasible":true}
[buffer] ask {"demand":null,"buffer":"microcontroller premium","requested":5,"date":"2026-01-21T08:00:00","onhand":5}
[buffer] shortage {"buffer":"microcontroller premium","iteration":0,"date":"2026-01-22T08:00:00","onhand":-3,"shortage":3}
[buffer] answer {"demand":null,"buffer":"microcontroller premium","requested":5,"remainingShortage":3,"quantity":2,"date":"2030-12-31T00:00:00","plan":null}
[buffer] ask {"demand":null,"buffer":"pcb panel","requested":2,"date":"2026-01-21T08:00:00","onhand":221}
[buffer] answer {"demand":null,"buffer":"pcb panel","requested":2,"remainingShortage":0,"quantity":2,"date":"2026-01-21T08:00:00","plan":null}
[operation] answer {"demand":null,"operation":"fast process SENSOR-D","quantity":2,"start":"2026-01-21T05:00:00","end":"2026-01-21T18:00:00"}
[operation] alternate-segment {"operation":"select process SENSOR-D","alternate":"fast process SENSOR-D","quantity":2,"remainingQuantity":3,"start":"2026-01-21T05:00:00","end":"2026-01-21T18:00:00"}
[operation] alternate-try {"operation":"select process SENSOR-D","alternate":"fast process SENSOR-D","remainingQuantity":3,"childQuantity":3}
[operation] ask {"demand":null,"operation":"fast process SENSOR-D","quantity":3,"end":"2026-01-21T18:00:00"}
[resource] ask {"demand":null,"operation":"fast process SENSOR-D","resource":"smt highspeed","start":"2026-01-21T08:00:00","end":"2026-01-21T18:00:00"}
[resource] candidate {"demand":null,"start":"2026-01-21T08:00:00","end":"2026-01-21T18:00:00","feasible":true}
[resource] ask {"demand":null,"operation":"fast process SENSOR-D","resource":"ict senior","start":"2026-01-21T08:00:00","end":"2026-01-21T18:00:00"}
[resource] candidate {"demand":null,"start":"2026-01-21T08:00:00","end":"2026-01-21T18:00:00","feasible":true}
[resource] ask {"demand":null,"operation":"fast process SENSOR-D","resource":"ict regular","start":"2026-01-21T03:25:16","end":"2026-01-21T18:00:00"}
[resource] candidate {"demand":null,"start":"2026-01-21T03:25:16","end":"2026-01-21T18:00:00","feasible":true}
[resource] ask {"demand":null,"operation":"fast process SENSOR-D","resource":"ict senior","start":"2026-01-21T08:00:00","end":"2026-01-21T18:00:00"}
[resource] candidate {"demand":null,"start":"2026-01-21T08:00:00","end":"2026-01-21T18:00:00","feasible":true}
[buffer] ask {"demand":null,"buffer":"microcontroller premium","requested":3,"date":"2026-01-21T08:00:00","onhand":5}
[buffer] shortage {"buffer":"microcontroller premium","iteration":0,"date":"2026-01-22T08:00:00","onhand":-3,"shortage":3}
[buffer] answer {"demand":null,"buffer":"microcontroller premium","requested":3,"remainingShortage":3,"quantity":0,"date":"2030-12-31T00:00:00","plan":null}
[operation] material-reject {"demand":null,"operation":"fast process SENSOR-D","start":"2026-01-21T08:00:00","end":"2026-01-21T18:00:00","asked":3,"answerQuantity":0,"answerDate":"2030-12-31T00:00:00"}
[operation] alternate-reject {"operation":"select process SENSOR-D","alternate":"fast process SENSOR-D","quantity":0,"nextDate":"2030-12-31T00:00:00"}
[operation] alternate-try {"operation":"select process SENSOR-D","alternate":"standard process SENSOR-D","remainingQuantity":3,"childQuantity":3}
[operation] ask {"demand":null,"operation":"standard process SENSOR-D","quantity":3,"end":"2026-01-21T18:00:00"}
[resource] ask {"demand":null,"operation":"standard process SENSOR-D","resource":"smt standard","start":"2026-01-20T23:10:35","end":"2026-01-21T18:00:00"}
[resource] candidate {"demand":null,"start":"2026-01-20T23:10:35","end":"2026-01-21T18:00:00","feasible":true}
[resource] ask {"demand":null,"operation":"standard process SENSOR-D","resource":"functional test","start":"2026-01-20T23:10:35","end":"2026-01-21T18:00:00"}
[resource] candidate {"demand":null,"start":"2026-01-20T23:10:35","end":"2026-01-21T18:00:00","feasible":true}
[buffer] ask {"demand":null,"buffer":"microcontroller standard","requested":3,"date":"2026-01-20T23:10:35","onhand":164}
[buffer] answer {"demand":null,"buffer":"microcontroller standard","requested":3,"remainingShortage":0,"quantity":3,"date":"2026-01-20T23:10:35","plan":null}
[buffer] ask {"demand":null,"buffer":"sensor die","requested":3,"date":"2026-01-20T23:10:35","onhand":130}
[buffer] answer {"demand":null,"buffer":"sensor die","requested":3,"remainingShortage":0,"quantity":3,"date":"2026-01-20T23:10:35","plan":null}
[operation] answer {"demand":null,"operation":"standard process SENSOR-D","quantity":3,"start":"2026-01-20T23:10:35","end":"2026-01-21T18:00:00"}
[operation] alternate-segment {"operation":"select process SENSOR-D","alternate":"standard process SENSOR-D","quantity":3,"remainingQuantity":0,"start":"2026-01-20T23:10:35","end":"2026-01-21T18:00:00"}
[operation] alternate-answer {"operation":"select process SENSOR-D","quantity":5,"remainingQuantity":0,"nextDate":"2030-12-31T00:00:00"}
[buffer] replenish {"buffer":"sensor D","iteration":0,"requested":5,"replenished":5,"producerDate":"2030-12-31T00:00:00","eventCountBefore":23,"eventCountAfter":25,"remaining":0}
[buffer] answer {"demand":null,"buffer":"sensor D","requested":5,"remainingShortage":0,"quantity":5,"date":"2026-01-21T18:00:00","plan":"OperationPlan"}
[operation] answer {"demand":"electronics order 012 SENSOR-D","operation":"ship SENSOR-D","quantity":5,"start":"2026-01-21T18:00:00","end":"2026-01-21T20:00:00"}
[demand] reply {"demand":"electronics order 012 SENSOR-D","attempt":1,"result":true,"quantity":5,"date":"2026-01-21T20:00:00"}
[demand] attempt {"demand":"electronics order 027 SENSOR-C","attempt":1,"quantity":4,"requestDate":"2026-01-25T14:00:00","lastDate":"2030-12-31T00:00:00"}
[operation] ask {"demand":"electronics order 027 SENSOR-C","operation":"ship SENSOR-C","quantity":4,"end":"2026-01-25T14:00:00"}
[buffer] ask {"demand":null,"buffer":"sensor C","requested":4,"date":"2026-01-25T12:00:00","onhand":2}
[buffer] shortage {"buffer":"sensor C","iteration":0,"date":"2026-01-25T12:00:00","onhand":-4,"shortage":4}
[operation] alternate-ask {"demand":null,"operation":"select process SENSOR-C","quantity":4,"end":"2026-01-25T12:00:00","alternates":["fast process SENSOR-C","standard process SENSOR-C"]}
[operation] alternate-try {"operation":"select process SENSOR-C","alternate":"fast process SENSOR-C","remainingQuantity":4,"childQuantity":4}
[operation] ask {"demand":null,"operation":"fast process SENSOR-C","quantity":4,"end":"2026-01-25T12:00:00"}
[resource] ask {"demand":null,"operation":"fast process SENSOR-C","resource":"smt highspeed","start":"2026-01-24T23:54:33","end":"2026-01-25T12:00:00"}
[resource] candidate {"demand":null,"start":"2026-01-24T23:54:33","end":"2026-01-25T12:00:00","feasible":true}
[resource] ask {"demand":null,"operation":"fast process SENSOR-C","resource":"ict senior","start":"2026-01-24T23:54:33","end":"2026-01-25T12:00:00"}
[resource] candidate {"demand":null,"start":"2026-01-24T23:54:33","end":"2026-01-25T12:00:00","feasible":true}
[resource] ask {"demand":null,"operation":"fast process SENSOR-C","resource":"ict regular","start":"2026-01-24T22:28:25","end":"2026-01-25T12:00:00"}
[resource] candidate {"demand":null,"start":"2026-01-24T22:28:25","end":"2026-01-25T12:00:00","feasible":true}
[resource] ask {"demand":null,"operation":"fast process SENSOR-C","resource":"ict senior","start":"2026-01-24T23:54:33","end":"2026-01-25T12:00:00"}
[resource] candidate {"demand":null,"start":"2026-01-24T23:54:33","end":"2026-01-25T12:00:00","feasible":true}
[buffer] ask {"demand":null,"buffer":"microcontroller premium","requested":4,"date":"2026-01-25T02:54:33","onhand":-7}
[buffer] shortage {"buffer":"microcontroller premium","iteration":0,"date":"2026-01-25T02:54:33","onhand":-11,"shortage":11}
[buffer] answer {"demand":null,"buffer":"microcontroller premium","requested":4,"remainingShortage":11,"quantity":0,"date":"2030-12-31T00:00:00","plan":null}
[operation] material-reject {"demand":null,"operation":"fast process SENSOR-C","start":"2026-01-24T23:54:33","end":"2026-01-25T12:00:00","asked":4,"answerQuantity":0,"answerDate":"2030-12-31T00:00:00"}
[operation] alternate-reject {"operation":"select process SENSOR-C","alternate":"fast process SENSOR-C","quantity":0,"nextDate":"2030-12-31T00:00:00"}
[operation] alternate-try {"operation":"select process SENSOR-C","alternate":"standard process SENSOR-C","remainingQuantity":4,"childQuantity":4}
[operation] ask {"demand":null,"operation":"standard process SENSOR-C","quantity":4,"end":"2026-01-25T12:00:00"}
[resource] ask {"demand":null,"operation":"standard process SENSOR-C","resource":"smt standard","start":"2026-01-24T15:21:11","end":"2026-01-25T12:00:00"}
[resource] candidate {"demand":null,"start":"2026-01-24T15:21:11","end":"2026-01-25T12:00:00","feasible":true}
[resource] ask {"demand":null,"operation":"standard process SENSOR-C","resource":"functional test","start":"2026-01-24T15:21:11","end":"2026-01-25T12:00:00"}
[resource] candidate {"demand":null,"start":"2026-01-24T15:21:11","end":"2026-01-25T12:00:00","feasible":true}
[buffer] ask {"demand":null,"buffer":"microcontroller standard","requested":4,"date":"2026-01-24T18:21:11","onhand":141}
[buffer] answer {"demand":null,"buffer":"microcontroller standard","requested":4,"remainingShortage":0,"quantity":4,"date":"2026-01-24T18:21:11","plan":null}
[buffer] ask {"demand":null,"buffer":"sensor die","requested":4,"date":"2026-01-24T18:21:11","onhand":117}
[buffer] answer {"demand":null,"buffer":"sensor die","requested":4,"remainingShortage":0,"quantity":4,"date":"2026-01-24T18:21:11","plan":null}
[operation] answer {"demand":null,"operation":"standard process SENSOR-C","quantity":4,"start":"2026-01-24T15:21:11","end":"2026-01-25T12:00:00"}
[operation] alternate-segment {"operation":"select process SENSOR-C","alternate":"standard process SENSOR-C","quantity":4,"remainingQuantity":0,"start":"2026-01-24T15:21:11","end":"2026-01-25T12:00:00"}
[operation] alternate-answer {"operation":"select process SENSOR-C","quantity":4,"remainingQuantity":0,"nextDate":"2030-12-31T00:00:00"}
[buffer] replenish {"buffer":"sensor C","iteration":0,"requested":4,"replenished":4,"producerDate":"2030-12-31T00:00:00","eventCountBefore":24,"eventCountAfter":25,"remaining":0}
[buffer] answer {"demand":null,"buffer":"sensor C","requested":4,"remainingShortage":0,"quantity":4,"date":"2026-01-25T12:00:00","plan":"OperationPlan"}
[operation] answer {"demand":"electronics order 027 SENSOR-C","operation":"ship SENSOR-C","quantity":4,"start":"2026-01-25T12:00:00","end":"2026-01-25T14:00:00"}
[demand] reply {"demand":"electronics order 027 SENSOR-C","attempt":1,"result":true,"quantity":4,"date":"2026-01-25T14:00:00"}
[demand] attempt {"demand":"electronics order 042 CTRL-B","attempt":1,"quantity":5,"requestDate":"2026-01-29T08:00:00","lastDate":"2030-12-31T00:00:00"}
[operation] ask {"demand":"electronics order 042 CTRL-B","operation":"ship CTRL-B","quantity":5,"end":"2026-01-29T08:00:00"}
[buffer] ask {"demand":null,"buffer":"controller B","requested":5,"date":"2026-01-29T06:00:00","onhand":2}
[buffer] shortage {"buffer":"controller B","iteration":0,"date":"2026-01-29T06:00:00","onhand":-5,"shortage":5}
[operation] alternate-ask {"demand":null,"operation":"select process CTRL-B","quantity":5,"end":"2026-01-29T06:00:00","alternates":["fast process CTRL-B","standard process CTRL-B"]}
[operation] alternate-try {"operation":"select process CTRL-B","alternate":"fast process CTRL-B","remainingQuantity":5,"childQuantity":5}
[operation] ask {"demand":null,"operation":"fast process CTRL-B","quantity":5,"end":"2026-01-29T06:00:00"}
[resource] ask {"demand":null,"operation":"fast process CTRL-B","resource":"smt highspeed","start":"2026-01-28T21:49:05","end":"2026-01-29T06:00:00"}
[resource] candidate {"demand":null,"start":"2026-01-28T21:49:05","end":"2026-01-29T06:00:00","feasible":true}
[resource] ask {"demand":null,"operation":"fast process CTRL-B","resource":"ict senior","start":"2026-01-28T21:49:05","end":"2026-01-29T06:00:00"}
[resource] candidate {"demand":null,"start":"2026-01-28T21:49:05","end":"2026-01-29T06:00:00","feasible":true}
[resource] ask {"demand":null,"operation":"fast process CTRL-B","resource":"ict regular","start":"2026-01-28T20:31:35","end":"2026-01-29T06:00:00"}
[resource] candidate {"demand":null,"start":"2026-01-28T20:31:35","end":"2026-01-29T06:00:00","feasible":true}
[resource] ask {"demand":null,"operation":"fast process CTRL-B","resource":"ict senior","start":"2026-01-28T21:49:05","end":"2026-01-29T06:00:00"}
[resource] candidate {"demand":null,"start":"2026-01-28T21:49:05","end":"2026-01-29T06:00:00","feasible":true}
[buffer] ask {"demand":null,"buffer":"microcontroller premium","requested":5,"date":"2026-01-28T21:49:05","onhand":-13}
[buffer] shortage {"buffer":"microcontroller premium","iteration":0,"date":"2026-01-28T21:49:05","onhand":-18,"shortage":18}
[buffer] answer {"demand":null,"buffer":"microcontroller premium","requested":5,"remainingShortage":18,"quantity":0,"date":"2030-12-31T00:00:00","plan":null}
[operation] material-reject {"demand":null,"operation":"fast process CTRL-B","start":"2026-01-28T21:49:05","end":"2026-01-29T06:00:00","asked":5,"answerQuantity":0,"answerDate":"2030-12-31T00:00:00"}
[operation] alternate-reject {"operation":"select process CTRL-B","alternate":"fast process CTRL-B","quantity":0,"nextDate":"2030-12-31T00:00:00"}
[operation] alternate-try {"operation":"select process CTRL-B","alternate":"standard process CTRL-B","remainingQuantity":5,"childQuantity":5}
[operation] ask {"demand":null,"operation":"standard process CTRL-B","quantity":5,"end":"2026-01-29T06:00:00"}
[resource] ask {"demand":null,"operation":"standard process CTRL-B","resource":"smt standard","start":"2026-01-28T13:31:46","end":"2026-01-29T06:00:00"}
[resource] candidate {"demand":null,"start":"2026-01-28T13:31:46","end":"2026-01-29T06:00:00","feasible":true}
[resource] ask {"demand":null,"operation":"standard process CTRL-B","resource":"functional test","start":"2026-01-28T13:31:46","end":"2026-01-29T06:00:00"}
[resource] candidate {"demand":null,"start":"2026-01-28T13:31:46","end":"2026-01-29T06:00:00","feasible":true}
[buffer] ask {"demand":null,"buffer":"microcontroller standard","requested":5,"date":"2026-01-28T13:31:46","onhand":114}
[buffer] answer {"demand":null,"buffer":"microcontroller standard","requested":5,"remainingShortage":0,"quantity":5,"date":"2026-01-28T13:31:46","plan":null}
[buffer] ask {"demand":null,"buffer":"pcb panel","requested":5,"date":"2026-01-28T13:31:46","onhand":184}
[buffer] answer {"demand":null,"buffer":"pcb panel","requested":5,"remainingShortage":0,"quantity":5,"date":"2026-01-28T13:31:46","plan":null}
[operation] answer {"demand":null,"operation":"standard process CTRL-B","quantity":5,"start":"2026-01-28T13:31:46","end":"2026-01-29T06:00:00"}
[operation] alternate-segment {"operation":"select process CTRL-B","alternate":"standard process CTRL-B","quantity":5,"remainingQuantity":0,"start":"2026-01-28T13:31:46","end":"2026-01-29T06:00:00"}
[operation] alternate-answer {"operation":"select process CTRL-B","quantity":5,"remainingQuantity":0,"nextDate":"2030-12-31T00:00:00"}
[buffer] replenish {"buffer":"controller B","iteration":0,"requested":5,"replenished":5,"producerDate":"2030-12-31T00:00:00","eventCountBefore":26,"eventCountAfter":27,"remaining":0}
[buffer] answer {"demand":null,"buffer":"controller B","requested":5,"remainingShortage":0,"quantity":5,"date":"2026-01-29T06:00:00","plan":"OperationPlan"}
[operation] answer {"demand":"electronics order 042 CTRL-B","operation":"ship CTRL-B","quantity":5,"start":"2026-01-29T06:00:00","end":"2026-01-29T08:00:00"}
[demand] reply {"demand":"electronics order 042 CTRL-B","attempt":1,"result":true,"quantity":5,"date":"2026-01-29T08:00:00"}
[demand] attempt {"demand":"electronics order 057 CTRL-A","attempt":1,"quantity":4,"requestDate":"2026-02-02T02:00:00","lastDate":"2030-12-31T00:00:00"}
[operation] ask {"demand":"electronics order 057 CTRL-A","operation":"ship CTRL-A","quantity":4,"end":"2026-02-02T02:00:00"}
[buffer] ask {"demand":null,"buffer":"controller A","requested":4,"date":"2026-02-02T00:00:00","onhand":2}
[buffer] shortage {"buffer":"controller A","iteration":0,"date":"2026-02-02T00:00:00","onhand":-4,"shortage":4}
[operation] alternate-ask {"demand":null,"operation":"select process CTRL-A","quantity":4,"end":"2026-02-02T00:00:00","alternates":["fast process CTRL-A","standard process CTRL-A"]}
[operation] alternate-try {"operation":"select process CTRL-A","alternate":"fast process CTRL-A","remainingQuantity":4,"childQuantity":4}
[operation] ask {"demand":null,"operation":"fast process CTRL-A","quantity":4,"end":"2026-02-02T00:00:00"}
[resource] ask {"demand":null,"operation":"fast process CTRL-A","resource":"smt highspeed","start":"2026-02-01T14:43:38","end":"2026-02-02T00:00:00"}
[resource] candidate {"demand":null,"start":"2026-02-01T14:43:38","end":"2026-02-02T00:00:00","feasible":true}
[resource] ask {"demand":null,"operation":"fast process CTRL-A","resource":"ict senior","start":"2026-02-01T14:43:38","end":"2026-02-02T00:00:00"}
[resource] candidate {"demand":null,"start":"2026-02-01T14:43:38","end":"2026-02-02T00:00:00","feasible":true}
[resource] ask {"demand":null,"operation":"fast process CTRL-A","resource":"ict regular","start":"2026-02-01T13:34:44","end":"2026-02-02T00:00:00"}
[resource] candidate {"demand":null,"start":"2026-02-01T13:34:44","end":"2026-02-02T00:00:00","feasible":true}
[resource] ask {"demand":null,"operation":"fast process CTRL-A","resource":"ict senior","start":"2026-02-01T14:43:38","end":"2026-02-02T00:00:00"}
[resource] candidate {"demand":null,"start":"2026-02-01T14:43:38","end":"2026-02-02T00:00:00","feasible":true}
[buffer] ask {"demand":null,"buffer":"microcontroller premium","requested":4,"date":"2026-02-01T16:43:38","onhand":-18}
[buffer] shortage {"buffer":"microcontroller premium","iteration":0,"date":"2026-02-01T16:43:38","onhand":-22,"shortage":22}
[buffer] answer {"demand":null,"buffer":"microcontroller premium","requested":4,"remainingShortage":22,"quantity":0,"date":"2030-12-31T00:00:00","plan":null}
[operation] material-reject {"demand":null,"operation":"fast process CTRL-A","start":"2026-02-01T14:43:38","end":"2026-02-02T00:00:00","asked":4,"answerQuantity":0,"answerDate":"2030-12-31T00:00:00"}
[operation] alternate-reject {"operation":"select process CTRL-A","alternate":"fast process CTRL-A","quantity":0,"nextDate":"2030-12-31T00:00:00"}
[operation] alternate-try {"operation":"select process CTRL-A","alternate":"standard process CTRL-A","remainingQuantity":4,"childQuantity":4}
[operation] ask {"demand":null,"operation":"standard process CTRL-A","quantity":4,"end":"2026-02-02T00:00:00"}
[resource] ask {"demand":null,"operation":"standard process CTRL-A","resource":"smt standard","start":"2026-02-01T06:42:21","end":"2026-02-02T00:00:00"}
[resource] candidate {"demand":null,"start":"2026-02-01T06:42:21","end":"2026-02-02T00:00:00","feasible":true}
[resource] ask {"demand":null,"operation":"standard process CTRL-A","resource":"functional test","start":"2026-02-01T06:42:21","end":"2026-02-02T00:00:00"}
[resource] candidate {"demand":null,"start":"2026-02-01T06:42:21","end":"2026-02-02T00:00:00","feasible":true}
[buffer] ask {"demand":null,"buffer":"microcontroller standard","requested":4,"date":"2026-02-01T08:42:21","onhand":84}
[buffer] answer {"demand":null,"buffer":"microcontroller standard","requested":4,"remainingShortage":0,"quantity":4,"date":"2026-02-01T08:42:21","plan":null}
[buffer] ask {"demand":null,"buffer":"pcb panel","requested":4,"date":"2026-02-01T08:42:21","onhand":164}
[buffer] answer {"demand":null,"buffer":"pcb panel","requested":4,"remainingShortage":0,"quantity":4,"date":"2026-02-01T08:42:21","plan":null}
[operation] answer {"demand":null,"operation":"standard process CTRL-A","quantity":4,"start":"2026-02-01T06:42:21","end":"2026-02-02T00:00:00"}
[operation] alternate-segment {"operation":"select process CTRL-A","alternate":"standard process CTRL-A","quantity":4,"remainingQuantity":0,"start":"2026-02-01T06:42:21","end":"2026-02-02T00:00:00"}
[operation] alternate-answer {"operation":"select process CTRL-A","quantity":4,"remainingQuantity":0,"nextDate":"2030-12-31T00:00:00"}
[buffer] replenish {"buffer":"controller A","iteration":0,"requested":4,"replenished":4,"producerDate":"2030-12-31T00:00:00","eventCountBefore":26,"eventCountAfter":27,"remaining":0}
[buffer] answer {"demand":null,"buffer":"controller A","requested":4,"remainingShortage":0,"quantity":4,"date":"2026-02-02T00:00:00","plan":"OperationPlan"}
[operation] answer {"demand":"electronics order 057 CTRL-A","operation":"ship CTRL-A","quantity":4,"start":"2026-02-02T00:00:00","end":"2026-02-02T02:00:00"}
[demand] reply {"demand":"electronics order 057 CTRL-A","attempt":1,"result":true,"quantity":4,"date":"2026-02-02T02:00:00"}
[demand] attempt {"demand":"electronics order 013 CTRL-A","attempt":1,"quantity":1,"requestDate":"2026-01-22T02:00:00","lastDate":"2030-12-31T00:00:00"}
[operation] ask {"demand":"electronics order 013 CTRL-A","operation":"ship CTRL-A","quantity":1,"end":"2026-01-22T02:00:00"}
[buffer] ask {"demand":null,"buffer":"controller A","requested":1,"date":"2026-01-22T00:00:00","onhand":4}
[buffer] shortage {"buffer":"controller A","iteration":0,"date":"2026-01-22T00:00:00","onhand":-1,"shortage":1}
[operation] alternate-ask {"demand":null,"operation":"select process CTRL-A","quantity":1,"end":"2026-01-22T00:00:00","alternates":["fast process CTRL-A","standard process CTRL-A"]}
[operation] alternate-try {"operation":"select process CTRL-A","alternate":"fast process CTRL-A","remainingQuantity":1,"childQuantity":1}
[operation] ask {"demand":null,"operation":"fast process CTRL-A","quantity":1,"end":"2026-01-22T00:00:00"}
[resource] ask {"demand":null,"operation":"fast process CTRL-A","resource":"smt highspeed","start":"2026-01-21T14:43:38","end":"2026-01-22T00:00:00"}
[resource] candidate {"demand":null,"start":"2026-01-21T14:43:38","end":"2026-01-22T00:00:00","feasible":true}
[resource] ask {"demand":null,"operation":"fast process CTRL-A","resource":"ict senior","start":"2026-01-21T14:43:38","end":"2026-01-22T00:00:00"}
[resource] candidate {"demand":null,"start":"2026-01-21T14:43:38","end":"2026-01-22T00:00:00","feasible":true}
[resource] ask {"demand":null,"operation":"fast process CTRL-A","resource":"ict regular","start":"2026-01-21T13:34:44","end":"2026-01-22T00:00:00"}
[resource] candidate {"demand":null,"start":"2026-01-21T13:34:44","end":"2026-01-22T00:00:00","feasible":true}
[resource] ask {"demand":null,"operation":"fast process CTRL-A","resource":"ict senior","start":"2026-01-21T14:43:38","end":"2026-01-22T00:00:00"}
[resource] candidate {"demand":null,"start":"2026-01-21T14:43:38","end":"2026-01-22T00:00:00","feasible":true}
[buffer] ask {"demand":null,"buffer":"microcontroller premium","requested":1,"date":"2026-01-21T16:43:38","onhand":3}
[buffer] shortage {"buffer":"microcontroller premium","iteration":0,"date":"2026-01-22T08:00:00","onhand":-1,"shortage":1}
[buffer] answer {"demand":null,"buffer":"microcontroller premium","requested":1,"remainingShortage":1,"quantity":0,"date":"2030-12-31T00:00:00","plan":null}
[operation] material-reject {"demand":null,"operation":"fast process CTRL-A","start":"2026-01-21T14:43:38","end":"2026-01-22T00:00:00","asked":1,"answerQuantity":0,"answerDate":"2030-12-31T00:00:00"}
[operation] alternate-reject {"operation":"select process CTRL-A","alternate":"fast process CTRL-A","quantity":0,"nextDate":"2030-12-31T00:00:00"}
[operation] alternate-try {"operation":"select process CTRL-A","alternate":"standard process CTRL-A","remainingQuantity":1,"childQuantity":1}
[operation] ask {"demand":null,"operation":"standard process CTRL-A","quantity":1,"end":"2026-01-22T00:00:00"}
[resource] ask {"demand":null,"operation":"standard process CTRL-A","resource":"smt standard","start":"2026-01-21T06:42:21","end":"2026-01-22T00:00:00"}
[resource] candidate {"demand":null,"start":"2026-01-21T06:42:21","end":"2026-01-22T00:00:00","feasible":true}
[resource] ask {"demand":null,"operation":"standard process CTRL-A","resource":"functional test","start":"2026-01-21T06:42:21","end":"2026-01-22T00:00:00"}
[resource] candidate {"demand":null,"start":"2026-01-21T06:42:21","end":"2026-01-22T00:00:00","feasible":true}
[buffer] ask {"demand":null,"buffer":"microcontroller standard","requested":1,"date":"2026-01-21T08:42:21","onhand":161}
[buffer] answer {"demand":null,"buffer":"microcontroller standard","requested":1,"remainingShortage":0,"quantity":1,"date":"2026-01-21T08:42:21","plan":null}
[buffer] ask {"demand":null,"buffer":"pcb panel","requested":1,"date":"2026-01-21T08:42:21","onhand":219}
[buffer] answer {"demand":null,"buffer":"pcb panel","requested":1,"remainingShortage":0,"quantity":1,"date":"2026-01-21T08:42:21","plan":null}
[operation] answer {"demand":null,"operation":"standard process CTRL-A","quantity":1,"start":"2026-01-21T06:42:21","end":"2026-01-22T00:00:00"}
[operation] alternate-segment {"operation":"select process CTRL-A","alternate":"standard process CTRL-A","quantity":1,"remainingQuantity":0,"start":"2026-01-21T06:42:21","end":"2026-01-22T00:00:00"}
[operation] alternate-answer {"operation":"select process CTRL-A","quantity":1,"remainingQuantity":0,"nextDate":"2030-12-31T00:00:00"}
[buffer] replenish {"buffer":"controller A","iteration":0,"requested":1,"replenished":1,"producerDate":"2030-12-31T00:00:00","eventCountBefore":28,"eventCountAfter":29,"remaining":0}
[buffer] answer {"demand":null,"buffer":"controller A","requested":1,"remainingShortage":0,"quantity":1,"date":"2026-01-22T00:00:00","plan":"OperationPlan"}
[operation] answer {"demand":"electronics order 013 CTRL-A","operation":"ship CTRL-A","quantity":1,"start":"2026-01-22T00:00:00","end":"2026-01-22T02:00:00"}
[demand] reply {"demand":"electronics order 013 CTRL-A","attempt":1,"result":true,"quantity":1,"date":"2026-01-22T02:00:00"}
[demand] attempt {"demand":"electronics order 028 SENSOR-D","attempt":1,"quantity":3,"requestDate":"2026-01-25T20:00:00","lastDate":"2030-12-31T00:00:00"}
[operation] ask {"demand":"electronics order 028 SENSOR-D","operation":"ship SENSOR-D","quantity":3,"end":"2026-01-25T20:00:00"}
[buffer] ask {"demand":null,"buffer":"sensor D","requested":3,"date":"2026-01-25T18:00:00","onhand":5}
[buffer] shortage {"buffer":"sensor D","iteration":0,"date":"2026-01-25T18:00:00","onhand":-3,"shortage":3}
[operation] alternate-ask {"demand":null,"operation":"select process SENSOR-D","quantity":3,"end":"2026-01-25T18:00:00","alternates":["fast process SENSOR-D","standard process SENSOR-D"]}
[operation] alternate-try {"operation":"select process SENSOR-D","alternate":"fast process SENSOR-D","remainingQuantity":3,"childQuantity":3}
[operation] ask {"demand":null,"operation":"fast process SENSOR-D","quantity":3,"end":"2026-01-25T18:00:00"}
[resource] ask {"demand":null,"operation":"fast process SENSOR-D","resource":"smt highspeed","start":"2026-01-25T05:00:00","end":"2026-01-25T18:00:00"}
[resource] candidate {"demand":null,"start":"2026-01-25T05:00:00","end":"2026-01-25T18:00:00","feasible":true}
[resource] ask {"demand":null,"operation":"fast process SENSOR-D","resource":"ict senior","start":"2026-01-25T05:00:00","end":"2026-01-25T18:00:00"}
[resource] candidate {"demand":null,"start":"2026-01-25T05:00:00","end":"2026-01-25T18:00:00","feasible":true}
[resource] ask {"demand":null,"operation":"fast process SENSOR-D","resource":"ict regular","start":"2026-01-25T03:25:16","end":"2026-01-25T18:00:00"}
[resource] candidate {"demand":null,"start":"2026-01-25T03:25:16","end":"2026-01-25T18:00:00","feasible":true}
[resource] ask {"demand":null,"operation":"fast process SENSOR-D","resource":"ict senior","start":"2026-01-25T05:00:00","end":"2026-01-25T18:00:00"}
[resource] candidate {"demand":null,"start":"2026-01-25T05:00:00","end":"2026-01-25T18:00:00","feasible":true}
[buffer] ask {"demand":null,"buffer":"microcontroller premium","requested":3,"date":"2026-01-25T08:00:00","onhand":-7}
[buffer] shortage {"buffer":"microcontroller premium","iteration":0,"date":"2026-01-25T08:00:00","onhand":-10,"shortage":10}
[buffer] answer {"demand":null,"buffer":"microcontroller premium","requested":3,"remainingShortage":10,"quantity":0,"date":"2030-12-31T00:00:00","plan":null}
[operation] material-reject {"demand":null,"operation":"fast process SENSOR-D","start":"2026-01-25T05:00:00","end":"2026-01-25T18:00:00","asked":3,"answerQuantity":0,"answerDate":"2030-12-31T00:00:00"}
[operation] alternate-reject {"operation":"select process SENSOR-D","alternate":"fast process SENSOR-D","quantity":0,"nextDate":"2030-12-31T00:00:00"}
[operation] alternate-try {"operation":"select process SENSOR-D","alternate":"standard process SENSOR-D","remainingQuantity":3,"childQuantity":3}
[operation] ask {"demand":null,"operation":"standard process SENSOR-D","quantity":3,"end":"2026-01-25T18:00:00"}
[resource] ask {"demand":null,"operation":"standard process SENSOR-D","resource":"smt standard","start":"2026-01-24T23:10:35","end":"2026-01-25T18:00:00"}
[resource] candidate {"demand":null,"start":"2026-01-24T23:10:35","end":"2026-01-25T18:00:00","feasible":true}
[resource] ask {"demand":null,"operation":"standard process SENSOR-D","resource":"functional test","start":"2026-01-24T23:10:35","end":"2026-01-25T18:00:00"}
[resource] candidate {"demand":null,"start":"2026-01-24T23:10:35","end":"2026-01-25T18:00:00","feasible":true}
[buffer] ask {"demand":null,"buffer":"microcontroller standard","requested":3,"date":"2026-01-24T23:10:35","onhand":136}
[buffer] answer {"demand":null,"buffer":"microcontroller standard","requested":3,"remainingShortage":0,"quantity":3,"date":"2026-01-24T23:10:35","plan":null}
[buffer] ask {"demand":null,"buffer":"sensor die","requested":3,"date":"2026-01-24T23:10:35","onhand":113}
[buffer] answer {"demand":null,"buffer":"sensor die","requested":3,"remainingShortage":0,"quantity":3,"date":"2026-01-24T23:10:35","plan":null}
[operation] answer {"demand":null,"operation":"standard process SENSOR-D","quantity":3,"start":"2026-01-24T23:10:35","end":"2026-01-25T18:00:00"}
[operation] alternate-segment {"operation":"select process SENSOR-D","alternate":"standard process SENSOR-D","quantity":3,"remainingQuantity":0,"start":"2026-01-24T23:10:35","end":"2026-01-25T18:00:00"}
[operation] alternate-answer {"operation":"select process SENSOR-D","quantity":3,"remainingQuantity":0,"nextDate":"2030-12-31T00:00:00"}
[buffer] replenish {"buffer":"sensor D","iteration":0,"requested":3,"replenished":3,"producerDate":"2030-12-31T00:00:00","eventCountBefore":26,"eventCountAfter":27,"remaining":0}
[buffer] answer {"demand":null,"buffer":"sensor D","requested":3,"remainingShortage":0,"quantity":3,"date":"2026-01-25T18:00:00","plan":"OperationPlan"}
[operation] answer {"demand":"electronics order 028 SENSOR-D","operation":"ship SENSOR-D","quantity":3,"start":"2026-01-25T18:00:00","end":"2026-01-25T20:00:00"}
[demand] reply {"demand":"electronics order 028 SENSOR-D","attempt":1,"result":true,"quantity":3,"date":"2026-01-25T20:00:00"}
[demand] attempt {"demand":"electronics order 043 SENSOR-C","attempt":1,"quantity":1,"requestDate":"2026-01-29T14:00:00","lastDate":"2030-12-31T00:00:00"}
[operation] ask {"demand":"electronics order 043 SENSOR-C","operation":"ship SENSOR-C","quantity":1,"end":"2026-01-29T14:00:00"}
[buffer] ask {"demand":null,"buffer":"sensor C","requested":1,"date":"2026-01-29T12:00:00","onhand":4}
[buffer] shortage {"buffer":"sensor C","iteration":0,"date":"2026-01-29T12:00:00","onhand":-1,"shortage":1}
[operation] alternate-ask {"demand":null,"operation":"select process SENSOR-C","quantity":1,"end":"2026-01-29T12:00:00","alternates":["fast process SENSOR-C","standard process SENSOR-C"]}
[operation] alternate-try {"operation":"select process SENSOR-C","alternate":"fast process SENSOR-C","remainingQuantity":1,"childQuantity":1}
[operation] ask {"demand":null,"operation":"fast process SENSOR-C","quantity":1,"end":"2026-01-29T12:00:00"}
[resource] ask {"demand":null,"operation":"fast process SENSOR-C","resource":"smt highspeed","start":"2026-01-28T23:54:33","end":"2026-01-29T12:00:00"}
[resource] candidate {"demand":null,"start":"2026-01-28T23:54:33","end":"2026-01-29T12:00:00","feasible":true}
[resource] ask {"demand":null,"operation":"fast process SENSOR-C","resource":"ict senior","start":"2026-01-28T23:54:33","end":"2026-01-29T12:00:00"}
[resource] candidate {"demand":null,"start":"2026-01-28T23:54:33","end":"2026-01-29T12:00:00","feasible":true}
[resource] ask {"demand":null,"operation":"fast process SENSOR-C","resource":"ict regular","start":"2026-01-28T22:28:25","end":"2026-01-29T12:00:00"}
[resource] candidate {"demand":null,"start":"2026-01-28T22:28:25","end":"2026-01-29T12:00:00","feasible":true}
[resource] ask {"demand":null,"operation":"fast process SENSOR-C","resource":"ict senior","start":"2026-01-28T23:54:33","end":"2026-01-29T12:00:00"}
[resource] candidate {"demand":null,"start":"2026-01-28T23:54:33","end":"2026-01-29T12:00:00","feasible":true}
[buffer] ask {"demand":null,"buffer":"microcontroller premium","requested":1,"date":"2026-01-29T02:54:33","onhand":-13}
[buffer] shortage {"buffer":"microcontroller premium","iteration":0,"date":"2026-01-29T02:54:33","onhand":-14,"shortage":14}
[buffer] answer {"demand":null,"buffer":"microcontroller premium","requested":1,"remainingShortage":14,"quantity":0,"date":"2030-12-31T00:00:00","plan":null}
[operation] material-reject {"demand":null,"operation":"fast process SENSOR-C","start":"2026-01-28T23:54:33","end":"2026-01-29T12:00:00","asked":1,"answerQuantity":0,"answerDate":"2030-12-31T00:00:00"}
[operation] alternate-reject {"operation":"select process SENSOR-C","alternate":"fast process SENSOR-C","quantity":0,"nextDate":"2030-12-31T00:00:00"}
[operation] alternate-try {"operation":"select process SENSOR-C","alternate":"standard process SENSOR-C","remainingQuantity":1,"childQuantity":1}
[operation] ask {"demand":null,"operation":"standard process SENSOR-C","quantity":1,"end":"2026-01-29T12:00:00"}
[resource] ask {"demand":null,"operation":"standard process SENSOR-C","resource":"smt standard","start":"2026-01-28T15:21:11","end":"2026-01-29T12:00:00"}
[resource] candidate {"demand":null,"start":"2026-01-28T15:21:11","end":"2026-01-29T12:00:00","feasible":true}
[resource] ask {"demand":null,"operation":"standard process SENSOR-C","resource":"functional test","start":"2026-01-28T15:21:11","end":"2026-01-29T12:00:00"}
[resource] candidate {"demand":null,"start":"2026-01-28T15:21:11","end":"2026-01-29T12:00:00","feasible":true}
[buffer] ask {"demand":null,"buffer":"microcontroller standard","requested":1,"date":"2026-01-28T18:21:11","onhand":105}
[buffer] answer {"demand":null,"buffer":"microcontroller standard","requested":1,"remainingShortage":0,"quantity":1,"date":"2026-01-28T18:21:11","plan":null}
[buffer] ask {"demand":null,"buffer":"sensor die","requested":1,"date":"2026-01-28T18:21:11","onhand":96}
[buffer] answer {"demand":null,"buffer":"sensor die","requested":1,"remainingShortage":0,"quantity":1,"date":"2026-01-28T18:21:11","plan":null}
[operation] answer {"demand":null,"operation":"standard process SENSOR-C","quantity":1,"start":"2026-01-28T15:21:11","end":"2026-01-29T12:00:00"}
[operation] alternate-segment {"operation":"select process SENSOR-C","alternate":"standard process SENSOR-C","quantity":1,"remainingQuantity":0,"start":"2026-01-28T15:21:11","end":"2026-01-29T12:00:00"}
[operation] alternate-answer {"operation":"select process SENSOR-C","quantity":1,"remainingQuantity":0,"nextDate":"2030-12-31T00:00:00"}
[buffer] replenish {"buffer":"sensor C","iteration":0,"requested":1,"replenished":1,"producerDate":"2030-12-31T00:00:00","eventCountBefore":26,"eventCountAfter":27,"remaining":0}
[buffer] answer {"demand":null,"buffer":"sensor C","requested":1,"remainingShortage":0,"quantity":1,"date":"2026-01-29T12:00:00","plan":"OperationPlan"}
[operation] answer {"demand":"electronics order 043 SENSOR-C","operation":"ship SENSOR-C","quantity":1,"start":"2026-01-29T12:00:00","end":"2026-01-29T14:00:00"}
[demand] reply {"demand":"electronics order 043 SENSOR-C","attempt":1,"result":true,"quantity":1,"date":"2026-01-29T14:00:00"}
[demand] attempt {"demand":"electronics order 058 CTRL-B","attempt":1,"quantity":3,"requestDate":"2026-02-02T08:00:00","lastDate":"2030-12-31T00:00:00"}
[operation] ask {"demand":"electronics order 058 CTRL-B","operation":"ship CTRL-B","quantity":3,"end":"2026-02-02T08:00:00"}
[buffer] ask {"demand":null,"buffer":"controller B","requested":3,"date":"2026-02-02T06:00:00","onhand":5}
[buffer] shortage {"buffer":"controller B","iteration":0,"date":"2026-02-02T06:00:00","onhand":-3,"shortage":3}
[operation] alternate-ask {"demand":null,"operation":"select process CTRL-B","quantity":3,"end":"2026-02-02T06:00:00","alternates":["fast process CTRL-B","standard process CTRL-B"]}
[operation] alternate-try {"operation":"select process CTRL-B","alternate":"fast process CTRL-B","remainingQuantity":3,"childQuantity":3}
[operation] ask {"demand":null,"operation":"fast process CTRL-B","quantity":3,"end":"2026-02-02T06:00:00"}
[resource] ask {"demand":null,"operation":"fast process CTRL-B","resource":"smt highspeed","start":"2026-02-01T19:49:05","end":"2026-02-02T06:00:00"}
[resource] candidate {"demand":null,"start":"2026-02-01T19:49:05","end":"2026-02-02T06:00:00","feasible":true}
[resource] ask {"demand":null,"operation":"fast process CTRL-B","resource":"ict senior","start":"2026-02-01T19:49:05","end":"2026-02-02T06:00:00"}
[resource] candidate {"demand":null,"start":"2026-02-01T19:49:05","end":"2026-02-02T06:00:00","feasible":true}
[resource] ask {"demand":null,"operation":"fast process CTRL-B","resource":"ict regular","start":"2026-02-01T18:31:35","end":"2026-02-02T06:00:00"}
[resource] candidate {"demand":null,"start":"2026-02-01T18:31:35","end":"2026-02-02T06:00:00","feasible":true}
[resource] ask {"demand":null,"operation":"fast process CTRL-B","resource":"ict senior","start":"2026-02-01T19:49:05","end":"2026-02-02T06:00:00"}
[resource] candidate {"demand":null,"start":"2026-02-01T19:49:05","end":"2026-02-02T06:00:00","feasible":true}
[buffer] ask {"demand":null,"buffer":"microcontroller premium","requested":3,"date":"2026-02-01T21:49:05","onhand":-18}
[buffer] shortage {"buffer":"microcontroller premium","iteration":0,"date":"2026-02-01T21:49:05","onhand":-21,"shortage":21}
[buffer] answer {"demand":null,"buffer":"microcontroller premium","requested":3,"remainingShortage":21,"quantity":0,"date":"2030-12-31T00:00:00","plan":null}
[operation] material-reject {"demand":null,"operation":"fast process CTRL-B","start":"2026-02-01T19:49:05","end":"2026-02-02T06:00:00","asked":3,"answerQuantity":0,"answerDate":"2030-12-31T00:00:00"}
[operation] alternate-reject {"operation":"select process CTRL-B","alternate":"fast process CTRL-B","quantity":0,"nextDate":"2030-12-31T00:00:00"}
[operation] alternate-try {"operation":"select process CTRL-B","alternate":"standard process CTRL-B","remainingQuantity":3,"childQuantity":3}
[operation] ask {"demand":null,"operation":"standard process CTRL-B","quantity":3,"end":"2026-02-02T06:00:00"}
[resource] ask {"demand":null,"operation":"standard process CTRL-B","resource":"smt standard","start":"2026-02-01T13:31:46","end":"2026-02-02T06:00:00"}
[resource] candidate {"demand":null,"start":"2026-02-01T13:31:46","end":"2026-02-02T06:00:00","feasible":true}
[resource] ask {"demand":null,"operation":"standard process CTRL-B","resource":"functional test","start":"2026-02-01T13:31:46","end":"2026-02-02T06:00:00"}
[resource] candidate {"demand":null,"start":"2026-02-01T13:31:46","end":"2026-02-02T06:00:00","feasible":true}
[buffer] ask {"demand":null,"buffer":"microcontroller standard","requested":3,"date":"2026-02-01T13:31:46","onhand":75}
[buffer] answer {"demand":null,"buffer":"microcontroller standard","requested":3,"remainingShortage":0,"quantity":3,"date":"2026-02-01T13:31:46","plan":null}
[buffer] ask {"demand":null,"buffer":"pcb panel","requested":3,"date":"2026-02-01T13:31:46","onhand":159}
[buffer] answer {"demand":null,"buffer":"pcb panel","requested":3,"remainingShortage":0,"quantity":3,"date":"2026-02-01T13:31:46","plan":null}
[operation] answer {"demand":null,"operation":"standard process CTRL-B","quantity":3,"start":"2026-02-01T13:31:46","end":"2026-02-02T06:00:00"}
[operation] alternate-segment {"operation":"select process CTRL-B","alternate":"standard process CTRL-B","quantity":3,"remainingQuantity":0,"start":"2026-02-01T13:31:46","end":"2026-02-02T06:00:00"}
[operation] alternate-answer {"operation":"select process CTRL-B","quantity":3,"remainingQuantity":0,"nextDate":"2030-12-31T00:00:00"}
[buffer] replenish {"buffer":"controller B","iteration":0,"requested":3,"replenished":3,"producerDate":"2030-12-31T00:00:00","eventCountBefore":28,"eventCountAfter":29,"remaining":0}
[buffer] answer {"demand":null,"buffer":"controller B","requested":3,"remainingShortage":0,"quantity":3,"date":"2026-02-02T06:00:00","plan":"OperationPlan"}
[operation] answer {"demand":"electronics order 058 CTRL-B","operation":"ship CTRL-B","quantity":3,"start":"2026-02-02T06:00:00","end":"2026-02-02T08:00:00"}
[demand] reply {"demand":"electronics order 058 CTRL-B","attempt":1,"result":true,"quantity":3,"date":"2026-02-02T08:00:00"}
[demand] attempt {"demand":"electronics order 014 CTRL-B","attempt":1,"quantity":2,"requestDate":"2026-01-22T08:00:00","lastDate":"2030-12-31T00:00:00"}
[operation] ask {"demand":"electronics order 014 CTRL-B","operation":"ship CTRL-B","quantity":2,"end":"2026-01-22T08:00:00"}
[buffer] ask {"demand":null,"buffer":"controller B","requested":2,"date":"2026-01-22T06:00:00","onhand":3}
[buffer] shortage {"buffer":"controller B","iteration":0,"date":"2026-01-22T06:00:00","onhand":-2,"shortage":2}
[operation] alternate-ask {"demand":null,"operation":"select process CTRL-B","quantity":2,"end":"2026-01-22T06:00:00","alternates":["fast process CTRL-B","standard process CTRL-B"]}
[operation] alternate-try {"operation":"select process CTRL-B","alternate":"fast process CTRL-B","remainingQuantity":2,"childQuantity":2}
[operation] ask {"demand":null,"operation":"fast process CTRL-B","quantity":2,"end":"2026-01-22T06:00:00"}
[resource] ask {"demand":null,"operation":"fast process CTRL-B","resource":"smt highspeed","start":"2026-01-21T19:49:05","end":"2026-01-22T06:00:00"}
[resource] candidate {"demand":null,"start":"2026-01-21T19:49:05","end":"2026-01-22T06:00:00","feasible":true}
[resource] ask {"demand":null,"operation":"fast process CTRL-B","resource":"ict senior","start":"2026-01-21T19:49:05","end":"2026-01-22T06:00:00"}
[resource] candidate {"demand":null,"start":"2026-01-21T19:49:05","end":"2026-01-22T06:00:00","feasible":true}
[resource] ask {"demand":null,"operation":"fast process CTRL-B","resource":"ict regular","start":"2026-01-21T18:31:35","end":"2026-01-22T06:00:00"}
[resource] candidate {"demand":null,"start":"2026-01-21T18:31:35","end":"2026-01-22T06:00:00","feasible":true}
[resource] ask {"demand":null,"operation":"fast process CTRL-B","resource":"ict senior","start":"2026-01-21T19:49:05","end":"2026-01-22T06:00:00"}
[resource] candidate {"demand":null,"start":"2026-01-21T19:49:05","end":"2026-01-22T06:00:00","feasible":true}
[buffer] ask {"demand":null,"buffer":"microcontroller premium","requested":2,"date":"2026-01-21T21:49:05","onhand":3}
[buffer] shortage {"buffer":"microcontroller premium","iteration":0,"date":"2026-01-22T08:00:00","onhand":-2,"shortage":2}
[buffer] answer {"demand":null,"buffer":"microcontroller premium","requested":2,"remainingShortage":2,"quantity":0,"date":"2030-12-31T00:00:00","plan":null}
[operation] material-reject {"demand":null,"operation":"fast process CTRL-B","start":"2026-01-21T19:49:05","end":"2026-01-22T06:00:00","asked":2,"answerQuantity":0,"answerDate":"2030-12-31T00:00:00"}
[operation] alternate-reject {"operation":"select process CTRL-B","alternate":"fast process CTRL-B","quantity":0,"nextDate":"2030-12-31T00:00:00"}
[operation] alternate-try {"operation":"select process CTRL-B","alternate":"standard process CTRL-B","remainingQuantity":2,"childQuantity":2}
[operation] ask {"demand":null,"operation":"standard process CTRL-B","quantity":2,"end":"2026-01-22T06:00:00"}
[resource] ask {"demand":null,"operation":"standard process CTRL-B","resource":"smt standard","start":"2026-01-21T13:31:46","end":"2026-01-22T06:00:00"}
[resource] candidate {"demand":null,"start":"2026-01-21T13:31:46","end":"2026-01-22T06:00:00","feasible":true}
[resource] ask {"demand":null,"operation":"standard process CTRL-B","resource":"functional test","start":"2026-01-21T13:31:46","end":"2026-01-22T06:00:00"}
[resource] candidate {"demand":null,"start":"2026-01-21T13:31:46","end":"2026-01-22T06:00:00","feasible":true}
[buffer] ask {"demand":null,"buffer":"microcontroller standard","requested":2,"date":"2026-01-21T13:31:46","onhand":160}
[buffer] answer {"demand":null,"buffer":"microcontroller standard","requested":2,"remainingShortage":0,"quantity":2,"date":"2026-01-21T13:31:46","plan":null}
[buffer] ask {"demand":null,"buffer":"pcb panel","requested":2,"date":"2026-01-21T13:31:46","onhand":218}
[buffer] answer {"demand":null,"buffer":"pcb panel","requested":2,"remainingShortage":0,"quantity":2,"date":"2026-01-21T13:31:46","plan":null}
[operation] answer {"demand":null,"operation":"standard process CTRL-B","quantity":2,"start":"2026-01-21T13:31:46","end":"2026-01-22T06:00:00"}
[operation] alternate-segment {"operation":"select process CTRL-B","alternate":"standard process CTRL-B","quantity":2,"remainingQuantity":0,"start":"2026-01-21T13:31:46","end":"2026-01-22T06:00:00"}
[operation] alternate-answer {"operation":"select process CTRL-B","quantity":2,"remainingQuantity":0,"nextDate":"2030-12-31T00:00:00"}
[buffer] replenish {"buffer":"controller B","iteration":0,"requested":2,"replenished":2,"producerDate":"2030-12-31T00:00:00","eventCountBefore":30,"eventCountAfter":31,"remaining":0}
[buffer] answer {"demand":null,"buffer":"controller B","requested":2,"remainingShortage":0,"quantity":2,"date":"2026-01-22T06:00:00","plan":"OperationPlan"}
[operation] answer {"demand":"electronics order 014 CTRL-B","operation":"ship CTRL-B","quantity":2,"start":"2026-01-22T06:00:00","end":"2026-01-22T08:00:00"}
[demand] reply {"demand":"electronics order 014 CTRL-B","attempt":1,"result":true,"quantity":2,"date":"2026-01-22T08:00:00"}
[demand] attempt {"demand":"electronics order 029 CTRL-A","attempt":1,"quantity":2,"requestDate":"2026-01-26T02:00:00","lastDate":"2030-12-31T00:00:00"}
[operation] ask {"demand":"electronics order 029 CTRL-A","operation":"ship CTRL-A","quantity":2,"end":"2026-01-26T02:00:00"}
[buffer] ask {"demand":null,"buffer":"controller A","requested":2,"date":"2026-01-26T00:00:00","onhand":1}
[buffer] shortage {"buffer":"controller A","iteration":0,"date":"2026-01-26T00:00:00","onhand":-2,"shortage":2}
[operation] alternate-ask {"demand":null,"operation":"select process CTRL-A","quantity":2,"end":"2026-01-26T00:00:00","alternates":["fast process CTRL-A","standard process CTRL-A"]}
[operation] alternate-try {"operation":"select process CTRL-A","alternate":"fast process CTRL-A","remainingQuantity":2,"childQuantity":2}
[operation] ask {"demand":null,"operation":"fast process CTRL-A","quantity":2,"end":"2026-01-26T00:00:00"}
[resource] ask {"demand":null,"operation":"fast process CTRL-A","resource":"smt highspeed","start":"2026-01-25T16:43:38","end":"2026-01-26T00:00:00"}
[resource] candidate {"demand":null,"start":"2026-01-25T16:43:38","end":"2026-01-26T00:00:00","feasible":true}
[resource] ask {"demand":null,"operation":"fast process CTRL-A","resource":"ict senior","start":"2026-01-25T16:43:38","end":"2026-01-26T00:00:00"}
[resource] candidate {"demand":null,"start":"2026-01-25T16:43:38","end":"2026-01-26T00:00:00","feasible":true}
[resource] ask {"demand":null,"operation":"fast process CTRL-A","resource":"ict regular","start":"2026-01-25T15:34:44","end":"2026-01-26T00:00:00"}
[resource] candidate {"demand":null,"start":"2026-01-25T15:34:44","end":"2026-01-26T00:00:00","feasible":true}
[resource] ask {"demand":null,"operation":"fast process CTRL-A","resource":"ict senior","start":"2026-01-25T16:43:38","end":"2026-01-26T00:00:00"}
[resource] candidate {"demand":null,"start":"2026-01-25T16:43:38","end":"2026-01-26T00:00:00","feasible":true}
[buffer] ask {"demand":null,"buffer":"microcontroller premium","requested":2,"date":"2026-01-25T16:43:38","onhand":-7}
[buffer] shortage {"buffer":"microcontroller premium","iteration":0,"date":"2026-01-25T16:43:38","onhand":-9,"shortage":9}
[buffer] answer {"demand":null,"buffer":"microcontroller premium","requested":2,"remainingShortage":9,"quantity":0,"date":"2030-12-31T00:00:00","plan":null}
[operation] material-reject {"demand":null,"operation":"fast process CTRL-A","start":"2026-01-25T16:43:38","end":"2026-01-26T00:00:00","asked":2,"answerQuantity":0,"answerDate":"2030-12-31T00:00:00"}
[operation] alternate-reject {"operation":"select process CTRL-A","alternate":"fast process CTRL-A","quantity":0,"nextDate":"2030-12-31T00:00:00"}
[operation] alternate-try {"operation":"select process CTRL-A","alternate":"standard process CTRL-A","remainingQuantity":2,"childQuantity":2}
[operation] ask {"demand":null,"operation":"standard process CTRL-A","quantity":2,"end":"2026-01-26T00:00:00"}
[resource] ask {"demand":null,"operation":"standard process CTRL-A","resource":"smt standard","start":"2026-01-25T06:42:21","end":"2026-01-26T00:00:00"}
[resource] candidate {"demand":null,"start":"2026-01-25T06:42:21","end":"2026-01-26T00:00:00","feasible":true}
[resource] ask {"demand":null,"operation":"standard process CTRL-A","resource":"functional test","start":"2026-01-25T06:42:21","end":"2026-01-26T00:00:00"}
[resource] candidate {"demand":null,"start":"2026-01-25T06:42:21","end":"2026-01-26T00:00:00","feasible":true}
[buffer] ask {"demand":null,"buffer":"microcontroller standard","requested":2,"date":"2026-01-25T08:42:21","onhand":131}
[buffer] answer {"demand":null,"buffer":"microcontroller standard","requested":2,"remainingShortage":0,"quantity":2,"date":"2026-01-25T08:42:21","plan":null}
[buffer] ask {"demand":null,"buffer":"pcb panel","requested":2,"date":"2026-01-25T08:42:21","onhand":196}
[buffer] answer {"demand":null,"buffer":"pcb panel","requested":2,"remainingShortage":0,"quantity":2,"date":"2026-01-25T08:42:21","plan":null}
[operation] answer {"demand":null,"operation":"standard process CTRL-A","quantity":2,"start":"2026-01-25T06:42:21","end":"2026-01-26T00:00:00"}
[operation] alternate-segment {"operation":"select process CTRL-A","alternate":"standard process CTRL-A","quantity":2,"remainingQuantity":0,"start":"2026-01-25T06:42:21","end":"2026-01-26T00:00:00"}
[operation] alternate-answer {"operation":"select process CTRL-A","quantity":2,"remainingQuantity":0,"nextDate":"2030-12-31T00:00:00"}
[buffer] replenish {"buffer":"controller A","iteration":0,"requested":2,"replenished":2,"producerDate":"2030-12-31T00:00:00","eventCountBefore":30,"eventCountAfter":31,"remaining":0}
[buffer] answer {"demand":null,"buffer":"controller A","requested":2,"remainingShortage":0,"quantity":2,"date":"2026-01-26T00:00:00","plan":"OperationPlan"}
[operation] answer {"demand":"electronics order 029 CTRL-A","operation":"ship CTRL-A","quantity":2,"start":"2026-01-26T00:00:00","end":"2026-01-26T02:00:00"}
[demand] reply {"demand":"electronics order 029 CTRL-A","attempt":1,"result":true,"quantity":2,"date":"2026-01-26T02:00:00"}
[demand] attempt {"demand":"electronics order 044 SENSOR-D","attempt":1,"quantity":2,"requestDate":"2026-01-29T20:00:00","lastDate":"2030-12-31T00:00:00"}
[operation] ask {"demand":"electronics order 044 SENSOR-D","operation":"ship SENSOR-D","quantity":2,"end":"2026-01-29T20:00:00"}
[buffer] ask {"demand":null,"buffer":"sensor D","requested":2,"date":"2026-01-29T18:00:00","onhand":3}
[buffer] shortage {"buffer":"sensor D","iteration":0,"date":"2026-01-29T18:00:00","onhand":-2,"shortage":2}
[operation] alternate-ask {"demand":null,"operation":"select process SENSOR-D","quantity":2,"end":"2026-01-29T18:00:00","alternates":["fast process SENSOR-D","standard process SENSOR-D"]}
[operation] alternate-try {"operation":"select process SENSOR-D","alternate":"fast process SENSOR-D","remainingQuantity":2,"childQuantity":2}
[operation] ask {"demand":null,"operation":"fast process SENSOR-D","quantity":2,"end":"2026-01-29T18:00:00"}
[resource] ask {"demand":null,"operation":"fast process SENSOR-D","resource":"smt highspeed","start":"2026-01-29T05:00:00","end":"2026-01-29T18:00:00"}
[resource] candidate {"demand":null,"start":"2026-01-29T05:00:00","end":"2026-01-29T18:00:00","feasible":true}
[resource] ask {"demand":null,"operation":"fast process SENSOR-D","resource":"ict senior","start":"2026-01-29T05:00:00","end":"2026-01-29T18:00:00"}
[resource] candidate {"demand":null,"start":"2026-01-29T05:00:00","end":"2026-01-29T18:00:00","feasible":true}
[resource] ask {"demand":null,"operation":"fast process SENSOR-D","resource":"ict regular","start":"2026-01-29T03:25:16","end":"2026-01-29T18:00:00"}
[resource] candidate {"demand":null,"start":"2026-01-29T03:25:16","end":"2026-01-29T18:00:00","feasible":true}
[resource] ask {"demand":null,"operation":"fast process SENSOR-D","resource":"ict senior","start":"2026-01-29T05:00:00","end":"2026-01-29T18:00:00"}
[resource] candidate {"demand":null,"start":"2026-01-29T05:00:00","end":"2026-01-29T18:00:00","feasible":true}
[buffer] ask {"demand":null,"buffer":"microcontroller premium","requested":2,"date":"2026-01-29T08:00:00","onhand":-13}
[buffer] shortage {"buffer":"microcontroller premium","iteration":0,"date":"2026-01-29T08:00:00","onhand":-15,"shortage":15}
[buffer] answer {"demand":null,"buffer":"microcontroller premium","requested":2,"remainingShortage":15,"quantity":0,"date":"2030-12-31T00:00:00","plan":null}
[operation] material-reject {"demand":null,"operation":"fast process SENSOR-D","start":"2026-01-29T05:00:00","end":"2026-01-29T18:00:00","asked":2,"answerQuantity":0,"answerDate":"2030-12-31T00:00:00"}
[operation] alternate-reject {"operation":"select process SENSOR-D","alternate":"fast process SENSOR-D","quantity":0,"nextDate":"2030-12-31T00:00:00"}
[operation] alternate-try {"operation":"select process SENSOR-D","alternate":"standard process SENSOR-D","remainingQuantity":2,"childQuantity":2}
[operation] ask {"demand":null,"operation":"standard process SENSOR-D","quantity":2,"end":"2026-01-29T18:00:00"}
[resource] ask {"demand":null,"operation":"standard process SENSOR-D","resource":"smt standard","start":"2026-01-28T23:10:35","end":"2026-01-29T18:00:00"}
[resource] candidate {"demand":null,"start":"2026-01-28T23:10:35","end":"2026-01-29T18:00:00","feasible":true}
[resource] ask {"demand":null,"operation":"standard process SENSOR-D","resource":"functional test","start":"2026-01-28T23:10:35","end":"2026-01-29T18:00:00"}
[resource] candidate {"demand":null,"start":"2026-01-28T23:10:35","end":"2026-01-29T18:00:00","feasible":true}
[buffer] ask {"demand":null,"buffer":"microcontroller standard","requested":2,"date":"2026-01-28T23:10:35","onhand":100}
[buffer] answer {"demand":null,"buffer":"microcontroller standard","requested":2,"remainingShortage":0,"quantity":2,"date":"2026-01-28T23:10:35","plan":null}
[buffer] ask {"demand":null,"buffer":"sensor die","requested":2,"date":"2026-01-28T23:10:35","onhand":95}
[buffer] answer {"demand":null,"buffer":"sensor die","requested":2,"remainingShortage":0,"quantity":2,"date":"2026-01-28T23:10:35","plan":null}
[operation] answer {"demand":null,"operation":"standard process SENSOR-D","quantity":2,"start":"2026-01-28T23:10:35","end":"2026-01-29T18:00:00"}
[operation] alternate-segment {"operation":"select process SENSOR-D","alternate":"standard process SENSOR-D","quantity":2,"remainingQuantity":0,"start":"2026-01-28T23:10:35","end":"2026-01-29T18:00:00"}
[operation] alternate-answer {"operation":"select process SENSOR-D","quantity":2,"remainingQuantity":0,"nextDate":"2030-12-31T00:00:00"}
[buffer] replenish {"buffer":"sensor D","iteration":0,"requested":2,"replenished":2,"producerDate":"2030-12-31T00:00:00","eventCountBefore":28,"eventCountAfter":29,"remaining":0}
[buffer] answer {"demand":null,"buffer":"sensor D","requested":2,"remainingShortage":0,"quantity":2,"date":"2026-01-29T18:00:00","plan":"OperationPlan"}
[operation] answer {"demand":"electronics order 044 SENSOR-D","operation":"ship SENSOR-D","quantity":2,"start":"2026-01-29T18:00:00","end":"2026-01-29T20:00:00"}
[demand] reply {"demand":"electronics order 044 SENSOR-D","attempt":1,"result":true,"quantity":2,"date":"2026-01-29T20:00:00"}
[demand] attempt {"demand":"electronics order 059 SENSOR-C","attempt":1,"quantity":2,"requestDate":"2026-02-02T14:00:00","lastDate":"2030-12-31T00:00:00"}
[operation] ask {"demand":"electronics order 059 SENSOR-C","operation":"ship SENSOR-C","quantity":2,"end":"2026-02-02T14:00:00"}
[buffer] ask {"demand":null,"buffer":"sensor C","requested":2,"date":"2026-02-02T12:00:00","onhand":1}
[buffer] shortage {"buffer":"sensor C","iteration":0,"date":"2026-02-02T12:00:00","onhand":-2,"shortage":2}
[operation] alternate-ask {"demand":null,"operation":"select process SENSOR-C","quantity":2,"end":"2026-02-02T12:00:00","alternates":["fast process SENSOR-C","standard process SENSOR-C"]}
[operation] alternate-try {"operation":"select process SENSOR-C","alternate":"fast process SENSOR-C","remainingQuantity":2,"childQuantity":2}
[operation] ask {"demand":null,"operation":"fast process SENSOR-C","quantity":2,"end":"2026-02-02T12:00:00"}
[resource] ask {"demand":null,"operation":"fast process SENSOR-C","resource":"smt highspeed","start":"2026-02-02T02:54:33","end":"2026-02-02T12:00:00"}
[resource] candidate {"demand":null,"start":"2026-02-02T02:54:33","end":"2026-02-02T12:00:00","feasible":true}
[resource] ask {"demand":null,"operation":"fast process SENSOR-C","resource":"ict senior","start":"2026-02-02T02:54:33","end":"2026-02-02T12:00:00"}
[resource] candidate {"demand":null,"start":"2026-02-02T02:54:33","end":"2026-02-02T12:00:00","feasible":true}
[resource] ask {"demand":null,"operation":"fast process SENSOR-C","resource":"ict regular","start":"2026-02-02T01:28:25","end":"2026-02-02T12:00:00"}
[resource] candidate {"demand":null,"start":"2026-02-02T01:28:25","end":"2026-02-02T12:00:00","feasible":true}
[resource] ask {"demand":null,"operation":"fast process SENSOR-C","resource":"ict senior","start":"2026-02-02T02:54:33","end":"2026-02-02T12:00:00"}
[resource] candidate {"demand":null,"start":"2026-02-02T02:54:33","end":"2026-02-02T12:00:00","feasible":true}
[buffer] ask {"demand":null,"buffer":"microcontroller premium","requested":2,"date":"2026-02-02T02:54:33","onhand":-18}
[buffer] shortage {"buffer":"microcontroller premium","iteration":0,"date":"2026-02-02T02:54:33","onhand":-20,"shortage":20}
[buffer] answer {"demand":null,"buffer":"microcontroller premium","requested":2,"remainingShortage":20,"quantity":0,"date":"2030-12-31T00:00:00","plan":null}
[operation] material-reject {"demand":null,"operation":"fast process SENSOR-C","start":"2026-02-02T02:54:33","end":"2026-02-02T12:00:00","asked":2,"answerQuantity":0,"answerDate":"2030-12-31T00:00:00"}
[operation] alternate-reject {"operation":"select process SENSOR-C","alternate":"fast process SENSOR-C","quantity":0,"nextDate":"2030-12-31T00:00:00"}
[operation] alternate-try {"operation":"select process SENSOR-C","alternate":"standard process SENSOR-C","remainingQuantity":2,"childQuantity":2}
[operation] ask {"demand":null,"operation":"standard process SENSOR-C","quantity":2,"end":"2026-02-02T12:00:00"}
[resource] ask {"demand":null,"operation":"standard process SENSOR-C","resource":"smt standard","start":"2026-02-01T15:21:11","end":"2026-02-02T12:00:00"}
[resource] candidate {"demand":null,"start":"2026-02-01T15:21:11","end":"2026-02-02T12:00:00","feasible":true}
[resource] ask {"demand":null,"operation":"standard process SENSOR-C","resource":"functional test","start":"2026-02-01T15:21:11","end":"2026-02-02T12:00:00"}
[resource] candidate {"demand":null,"start":"2026-02-01T15:21:11","end":"2026-02-02T12:00:00","feasible":true}
[buffer] ask {"demand":null,"buffer":"microcontroller standard","requested":2,"date":"2026-02-01T18:21:11","onhand":66}
[buffer] answer {"demand":null,"buffer":"microcontroller standard","requested":2,"remainingShortage":0,"quantity":2,"date":"2026-02-01T18:21:11","plan":null}
[buffer] ask {"demand":null,"buffer":"sensor die","requested":2,"date":"2026-02-01T18:21:11","onhand":78}
[buffer] answer {"demand":null,"buffer":"sensor die","requested":2,"remainingShortage":0,"quantity":2,"date":"2026-02-01T18:21:11","plan":null}
[operation] answer {"demand":null,"operation":"standard process SENSOR-C","quantity":2,"start":"2026-02-01T15:21:11","end":"2026-02-02T12:00:00"}
[operation] alternate-segment {"operation":"select process SENSOR-C","alternate":"standard process SENSOR-C","quantity":2,"remainingQuantity":0,"start":"2026-02-01T15:21:11","end":"2026-02-02T12:00:00"}
[operation] alternate-answer {"operation":"select process SENSOR-C","quantity":2,"remainingQuantity":0,"nextDate":"2030-12-31T00:00:00"}
[buffer] replenish {"buffer":"sensor C","iteration":0,"requested":2,"replenished":2,"producerDate":"2030-12-31T00:00:00","eventCountBefore":28,"eventCountAfter":29,"remaining":0}
[buffer] answer {"demand":null,"buffer":"sensor C","requested":2,"remainingShortage":0,"quantity":2,"date":"2026-02-02T12:00:00","plan":"OperationPlan"}
[operation] answer {"demand":"electronics order 059 SENSOR-C","operation":"ship SENSOR-C","quantity":2,"start":"2026-02-02T12:00:00","end":"2026-02-02T14:00:00"}
[demand] reply {"demand":"electronics order 059 SENSOR-C","attempt":1,"result":true,"quantity":2,"date":"2026-02-02T14:00:00"}
[demand] attempt {"demand":"electronics order 015 SENSOR-C","attempt":1,"quantity":4,"requestDate":"2026-01-22T14:00:00","lastDate":"2030-12-31T00:00:00"}
[operation] ask {"demand":"electronics order 015 SENSOR-C","operation":"ship SENSOR-C","quantity":4,"end":"2026-01-22T14:00:00"}
[buffer] ask {"demand":null,"buffer":"sensor C","requested":4,"date":"2026-01-22T12:00:00","onhand":2}
[buffer] shortage {"buffer":"sensor C","iteration":0,"date":"2026-01-22T12:00:00","onhand":-4,"shortage":4}
[operation] alternate-ask {"demand":null,"operation":"select process SENSOR-C","quantity":4,"end":"2026-01-22T12:00:00","alternates":["fast process SENSOR-C","standard process SENSOR-C"]}
[operation] alternate-try {"operation":"select process SENSOR-C","alternate":"fast process SENSOR-C","remainingQuantity":4,"childQuantity":4}
[operation] ask {"demand":null,"operation":"fast process SENSOR-C","quantity":4,"end":"2026-01-22T12:00:00"}
[resource] ask {"demand":null,"operation":"fast process SENSOR-C","resource":"smt highspeed","start":"2026-01-22T02:54:33","end":"2026-01-22T12:00:00"}
[resource] candidate {"demand":null,"start":"2026-01-22T02:54:33","end":"2026-01-22T12:00:00","feasible":true}
[resource] ask {"demand":null,"operation":"fast process SENSOR-C","resource":"ict senior","start":"2026-01-22T02:54:33","end":"2026-01-22T12:00:00"}
[resource] candidate {"demand":null,"start":"2026-01-22T02:54:33","end":"2026-01-22T12:00:00","feasible":true}
[resource] ask {"demand":null,"operation":"fast process SENSOR-C","resource":"ict regular","start":"2026-01-22T01:28:25","end":"2026-01-22T12:00:00"}
[resource] candidate {"demand":null,"start":"2026-01-22T01:28:25","end":"2026-01-22T12:00:00","feasible":true}
[resource] ask {"demand":null,"operation":"fast process SENSOR-C","resource":"ict senior","start":"2026-01-22T02:54:33","end":"2026-01-22T12:00:00"}
[resource] candidate {"demand":null,"start":"2026-01-22T02:54:33","end":"2026-01-22T12:00:00","feasible":true}
[buffer] ask {"demand":null,"buffer":"microcontroller premium","requested":4,"date":"2026-01-22T02:54:33","onhand":3}
[buffer] shortage {"buffer":"microcontroller premium","iteration":0,"date":"2026-01-22T02:54:33","onhand":-1,"shortage":1}
[buffer] answer {"demand":null,"buffer":"microcontroller premium","requested":4,"remainingShortage":1,"quantity":3,"date":"2030-12-31T00:00:00","plan":null}
[buffer] ask {"demand":null,"buffer":"pcb panel","requested":3,"date":"2026-01-22T02:54:33","onhand":216}
[buffer] answer {"demand":null,"buffer":"pcb panel","requested":3,"remainingShortage":0,"quantity":3,"date":"2026-01-22T02:54:33","plan":null}
[operation] answer {"demand":null,"operation":"fast process SENSOR-C","quantity":3,"start":"2026-01-22T02:54:33","end":"2026-01-22T12:00:00"}
[operation] alternate-segment {"operation":"select process SENSOR-C","alternate":"fast process SENSOR-C","quantity":3,"remainingQuantity":1,"start":"2026-01-22T02:54:33","end":"2026-01-22T12:00:00"}
[operation] alternate-try {"operation":"select process SENSOR-C","alternate":"fast process SENSOR-C","remainingQuantity":1,"childQuantity":1}
[operation] ask {"demand":null,"operation":"fast process SENSOR-C","quantity":1,"end":"2026-01-22T12:00:00"}
[resource] ask {"demand":null,"operation":"fast process SENSOR-C","resource":"smt highspeed","start":"2026-01-22T02:54:33","end":"2026-01-22T12:00:00"}
[resource] candidate {"demand":null,"start":"2026-01-22T02:54:33","end":"2026-01-22T12:00:00","feasible":true}
[resource] ask {"demand":null,"operation":"fast process SENSOR-C","resource":"ict senior","start":"2026-01-22T02:54:33","end":"2026-01-22T12:00:00"}
[resource] candidate {"demand":null,"start":"2026-01-22T02:54:33","end":"2026-01-22T12:00:00","feasible":true}
[resource] ask {"demand":null,"operation":"fast process SENSOR-C","resource":"ict regular","start":"2026-01-22T01:28:25","end":"2026-01-22T12:00:00"}
[resource] candidate {"demand":null,"start":"2026-01-22T01:28:25","end":"2026-01-22T12:00:00","feasible":true}
[resource] ask {"demand":null,"operation":"fast process SENSOR-C","resource":"ict senior","start":"2026-01-22T02:54:33","end":"2026-01-22T12:00:00"}
[resource] candidate {"demand":null,"start":"2026-01-22T02:54:33","end":"2026-01-22T12:00:00","feasible":true}
[buffer] ask {"demand":null,"buffer":"microcontroller premium","requested":1,"date":"2026-01-22T02:54:33","onhand":3}
[buffer] shortage {"buffer":"microcontroller premium","iteration":0,"date":"2026-01-22T02:54:33","onhand":-1,"shortage":1}
[buffer] answer {"demand":null,"buffer":"microcontroller premium","requested":1,"remainingShortage":1,"quantity":0,"date":"2030-12-31T00:00:00","plan":null}
[operation] material-reject {"demand":null,"operation":"fast process SENSOR-C","start":"2026-01-22T02:54:33","end":"2026-01-22T12:00:00","asked":1,"answerQuantity":0,"answerDate":"2030-12-31T00:00:00"}
[operation] alternate-reject {"operation":"select process SENSOR-C","alternate":"fast process SENSOR-C","quantity":0,"nextDate":"2030-12-31T00:00:00"}
[operation] alternate-try {"operation":"select process SENSOR-C","alternate":"standard process SENSOR-C","remainingQuantity":1,"childQuantity":1}
[operation] ask {"demand":null,"operation":"standard process SENSOR-C","quantity":1,"end":"2026-01-22T12:00:00"}
[resource] ask {"demand":null,"operation":"standard process SENSOR-C","resource":"smt standard","start":"2026-01-21T15:21:11","end":"2026-01-22T12:00:00"}
[resource] candidate {"demand":null,"start":"2026-01-21T15:21:11","end":"2026-01-22T12:00:00","feasible":true}
[resource] ask {"demand":null,"operation":"standard process SENSOR-C","resource":"functional test","start":"2026-01-21T15:21:11","end":"2026-01-22T12:00:00"}
[resource] candidate {"demand":null,"start":"2026-01-21T15:21:11","end":"2026-01-22T12:00:00","feasible":true}
[buffer] ask {"demand":null,"buffer":"microcontroller standard","requested":1,"date":"2026-01-21T18:21:11","onhand":158}
[buffer] answer {"demand":null,"buffer":"microcontroller standard","requested":1,"remainingShortage":0,"quantity":1,"date":"2026-01-21T18:21:11","plan":null}
[buffer] ask {"demand":null,"buffer":"sensor die","requested":1,"date":"2026-01-21T18:21:11","onhand":127}
[buffer] answer {"demand":null,"buffer":"sensor die","requested":1,"remainingShortage":0,"quantity":1,"date":"2026-01-21T18:21:11","plan":null}
[operation] answer {"demand":null,"operation":"standard process SENSOR-C","quantity":1,"start":"2026-01-21T15:21:11","end":"2026-01-22T12:00:00"}
[operation] alternate-segment {"operation":"select process SENSOR-C","alternate":"standard process SENSOR-C","quantity":1,"remainingQuantity":0,"start":"2026-01-21T15:21:11","end":"2026-01-22T12:00:00"}
[operation] alternate-answer {"operation":"select process SENSOR-C","quantity":4,"remainingQuantity":0,"nextDate":"2030-12-31T00:00:00"}
[buffer] replenish {"buffer":"sensor C","iteration":0,"requested":4,"replenished":4,"producerDate":"2030-12-31T00:00:00","eventCountBefore":30,"eventCountAfter":32,"remaining":0}
[buffer] answer {"demand":null,"buffer":"sensor C","requested":4,"remainingShortage":0,"quantity":4,"date":"2026-01-22T12:00:00","plan":"OperationPlan"}
[operation] answer {"demand":"electronics order 015 SENSOR-C","operation":"ship SENSOR-C","quantity":4,"start":"2026-01-22T12:00:00","end":"2026-01-22T14:00:00"}
[demand] reply {"demand":"electronics order 015 SENSOR-C","attempt":1,"result":true,"quantity":4,"date":"2026-01-22T14:00:00"}
[demand] attempt {"demand":"electronics order 030 CTRL-B","attempt":1,"quantity":5,"requestDate":"2026-01-26T08:00:00","lastDate":"2030-12-31T00:00:00"}
[operation] ask {"demand":"electronics order 030 CTRL-B","operation":"ship CTRL-B","quantity":5,"end":"2026-01-26T08:00:00"}
[buffer] ask {"demand":null,"buffer":"controller B","requested":5,"date":"2026-01-26T06:00:00","onhand":2}
[buffer] shortage {"buffer":"controller B","iteration":0,"date":"2026-01-26T06:00:00","onhand":-5,"shortage":5}
[operation] alternate-ask {"demand":null,"operation":"select process CTRL-B","quantity":5,"end":"2026-01-26T06:00:00","alternates":["fast process CTRL-B","standard process CTRL-B"]}
[operation] alternate-try {"operation":"select process CTRL-B","alternate":"fast process CTRL-B","remainingQuantity":5,"childQuantity":5}
[operation] ask {"demand":null,"operation":"fast process CTRL-B","quantity":5,"end":"2026-01-26T06:00:00"}
[resource] ask {"demand":null,"operation":"fast process CTRL-B","resource":"smt highspeed","start":"2026-01-25T21:49:05","end":"2026-01-26T06:00:00"}
[resource] candidate {"demand":null,"start":"2026-01-25T21:49:05","end":"2026-01-26T06:00:00","feasible":true}
[resource] ask {"demand":null,"operation":"fast process CTRL-B","resource":"ict senior","start":"2026-01-25T21:49:05","end":"2026-01-26T06:00:00"}
[resource] candidate {"demand":null,"start":"2026-01-25T21:49:05","end":"2026-01-26T06:00:00","feasible":true}
[resource] ask {"demand":null,"operation":"fast process CTRL-B","resource":"ict regular","start":"2026-01-25T20:31:35","end":"2026-01-26T06:00:00"}
[resource] candidate {"demand":null,"start":"2026-01-25T20:31:35","end":"2026-01-26T06:00:00","feasible":true}
[resource] ask {"demand":null,"operation":"fast process CTRL-B","resource":"ict senior","start":"2026-01-25T21:49:05","end":"2026-01-26T06:00:00"}
[resource] candidate {"demand":null,"start":"2026-01-25T21:49:05","end":"2026-01-26T06:00:00","feasible":true}
[buffer] ask {"demand":null,"buffer":"microcontroller premium","requested":5,"date":"2026-01-25T21:49:05","onhand":-10}
[buffer] shortage {"buffer":"microcontroller premium","iteration":0,"date":"2026-01-25T21:49:05","onhand":-15,"shortage":15}
[buffer] answer {"demand":null,"buffer":"microcontroller premium","requested":5,"remainingShortage":15,"quantity":0,"date":"2030-12-31T00:00:00","plan":null}
[operation] material-reject {"demand":null,"operation":"fast process CTRL-B","start":"2026-01-25T21:49:05","end":"2026-01-26T06:00:00","asked":5,"answerQuantity":0,"answerDate":"2030-12-31T00:00:00"}
[operation] alternate-reject {"operation":"select process CTRL-B","alternate":"fast process CTRL-B","quantity":0,"nextDate":"2030-12-31T00:00:00"}
[operation] alternate-try {"operation":"select process CTRL-B","alternate":"standard process CTRL-B","remainingQuantity":5,"childQuantity":5}
[operation] ask {"demand":null,"operation":"standard process CTRL-B","quantity":5,"end":"2026-01-26T06:00:00"}
[resource] ask {"demand":null,"operation":"standard process CTRL-B","resource":"smt standard","start":"2026-01-25T13:31:46","end":"2026-01-26T06:00:00"}
[resource] candidate {"demand":null,"start":"2026-01-25T13:31:46","end":"2026-01-26T06:00:00","feasible":true}
[resource] ask {"demand":null,"operation":"standard process CTRL-B","resource":"functional test","start":"2026-01-25T13:31:46","end":"2026-01-26T06:00:00"}
[resource] candidate {"demand":null,"start":"2026-01-25T13:31:46","end":"2026-01-26T06:00:00","feasible":true}
[buffer] ask {"demand":null,"buffer":"microcontroller standard","requested":5,"date":"2026-01-25T13:31:46","onhand":128}
[buffer] answer {"demand":null,"buffer":"microcontroller standard","requested":5,"remainingShortage":0,"quantity":5,"date":"2026-01-25T13:31:46","plan":null}
[buffer] ask {"demand":null,"buffer":"pcb panel","requested":5,"date":"2026-01-25T13:31:46","onhand":191}
[buffer] answer {"demand":null,"buffer":"pcb panel","requested":5,"remainingShortage":0,"quantity":5,"date":"2026-01-25T13:31:46","plan":null}
[operation] answer {"demand":null,"operation":"standard process CTRL-B","quantity":5,"start":"2026-01-25T13:31:46","end":"2026-01-26T06:00:00"}
[operation] alternate-segment {"operation":"select process CTRL-B","alternate":"standard process CTRL-B","quantity":5,"remainingQuantity":0,"start":"2026-01-25T13:31:46","end":"2026-01-26T06:00:00"}
[operation] alternate-answer {"operation":"select process CTRL-B","quantity":5,"remainingQuantity":0,"nextDate":"2030-12-31T00:00:00"}
[buffer] replenish {"buffer":"controller B","iteration":0,"requested":5,"replenished":5,"producerDate":"2030-12-31T00:00:00","eventCountBefore":32,"eventCountAfter":33,"remaining":0}
[buffer] answer {"demand":null,"buffer":"controller B","requested":5,"remainingShortage":0,"quantity":5,"date":"2026-01-26T06:00:00","plan":"OperationPlan"}
[operation] answer {"demand":"electronics order 030 CTRL-B","operation":"ship CTRL-B","quantity":5,"start":"2026-01-26T06:00:00","end":"2026-01-26T08:00:00"}
[demand] reply {"demand":"electronics order 030 CTRL-B","attempt":1,"result":true,"quantity":5,"date":"2026-01-26T08:00:00"}
[demand] attempt {"demand":"electronics order 045 CTRL-A","attempt":1,"quantity":4,"requestDate":"2026-01-30T02:00:00","lastDate":"2030-12-31T00:00:00"}
[operation] ask {"demand":"electronics order 045 CTRL-A","operation":"ship CTRL-A","quantity":4,"end":"2026-01-30T02:00:00"}
[buffer] ask {"demand":null,"buffer":"controller A","requested":4,"date":"2026-01-30T00:00:00","onhand":2}
[buffer] shortage {"buffer":"controller A","iteration":0,"date":"2026-01-30T00:00:00","onhand":-4,"shortage":4}
[operation] alternate-ask {"demand":null,"operation":"select process CTRL-A","quantity":4,"end":"2026-01-30T00:00:00","alternates":["fast process CTRL-A","standard process CTRL-A"]}
[operation] alternate-try {"operation":"select process CTRL-A","alternate":"fast process CTRL-A","remainingQuantity":4,"childQuantity":4}
[operation] ask {"demand":null,"operation":"fast process CTRL-A","quantity":4,"end":"2026-01-30T00:00:00"}
[resource] ask {"demand":null,"operation":"fast process CTRL-A","resource":"smt highspeed","start":"2026-01-29T16:43:38","end":"2026-01-30T00:00:00"}
[resource] candidate {"demand":null,"start":"2026-01-29T16:43:38","end":"2026-01-30T00:00:00","feasible":true}
[resource] ask {"demand":null,"operation":"fast process CTRL-A","resource":"ict senior","start":"2026-01-29T16:43:38","end":"2026-01-30T00:00:00"}
[resource] candidate {"demand":null,"start":"2026-01-29T16:43:38","end":"2026-01-30T00:00:00","feasible":true}
[resource] ask {"demand":null,"operation":"fast process CTRL-A","resource":"ict regular","start":"2026-01-29T15:34:44","end":"2026-01-30T00:00:00"}
[resource] candidate {"demand":null,"start":"2026-01-29T15:34:44","end":"2026-01-30T00:00:00","feasible":true}
[resource] ask {"demand":null,"operation":"fast process CTRL-A","resource":"ict senior","start":"2026-01-29T16:43:38","end":"2026-01-30T00:00:00"}
[resource] candidate {"demand":null,"start":"2026-01-29T16:43:38","end":"2026-01-30T00:00:00","feasible":true}
[buffer] ask {"demand":null,"buffer":"microcontroller premium","requested":4,"date":"2026-01-29T16:43:38","onhand":-16}
[buffer] shortage {"buffer":"microcontroller premium","iteration":0,"date":"2026-01-29T16:43:38","onhand":-20,"shortage":20}
[buffer] answer {"demand":null,"buffer":"microcontroller premium","requested":4,"remainingShortage":20,"quantity":0,"date":"2030-12-31T00:00:00","plan":null}
[operation] material-reject {"demand":null,"operation":"fast process CTRL-A","start":"2026-01-29T16:43:38","end":"2026-01-30T00:00:00","asked":4,"answerQuantity":0,"answerDate":"2030-12-31T00:00:00"}
[operation] alternate-reject {"operation":"select process CTRL-A","alternate":"fast process CTRL-A","quantity":0,"nextDate":"2030-12-31T00:00:00"}
[operation] alternate-try {"operation":"select process CTRL-A","alternate":"standard process CTRL-A","remainingQuantity":4,"childQuantity":4}
[operation] ask {"demand":null,"operation":"standard process CTRL-A","quantity":4,"end":"2026-01-30T00:00:00"}
[resource] ask {"demand":null,"operation":"standard process CTRL-A","resource":"smt standard","start":"2026-01-29T06:42:21","end":"2026-01-30T00:00:00"}
[resource] candidate {"demand":null,"start":"2026-01-29T06:42:21","end":"2026-01-30T00:00:00","feasible":true}
[resource] ask {"demand":null,"operation":"standard process CTRL-A","resource":"functional test","start":"2026-01-29T06:42:21","end":"2026-01-30T00:00:00"}
[resource] candidate {"demand":null,"start":"2026-01-29T06:42:21","end":"2026-01-30T00:00:00","feasible":true}
[buffer] ask {"demand":null,"buffer":"microcontroller standard","requested":4,"date":"2026-01-29T08:42:21","onhand":92}
[buffer] answer {"demand":null,"buffer":"microcontroller standard","requested":4,"remainingShortage":0,"quantity":4,"date":"2026-01-29T08:42:21","plan":null}
[buffer] ask {"demand":null,"buffer":"pcb panel","requested":4,"date":"2026-01-29T08:42:21","onhand":166}
[buffer] answer {"demand":null,"buffer":"pcb panel","requested":4,"remainingShortage":0,"quantity":4,"date":"2026-01-29T08:42:21","plan":null}
[operation] answer {"demand":null,"operation":"standard process CTRL-A","quantity":4,"start":"2026-01-29T06:42:21","end":"2026-01-30T00:00:00"}
[operation] alternate-segment {"operation":"select process CTRL-A","alternate":"standard process CTRL-A","quantity":4,"remainingQuantity":0,"start":"2026-01-29T06:42:21","end":"2026-01-30T00:00:00"}
[operation] alternate-answer {"operation":"select process CTRL-A","quantity":4,"remainingQuantity":0,"nextDate":"2030-12-31T00:00:00"}
[buffer] replenish {"buffer":"controller A","iteration":0,"requested":4,"replenished":4,"producerDate":"2030-12-31T00:00:00","eventCountBefore":32,"eventCountAfter":33,"remaining":0}
[buffer] answer {"demand":null,"buffer":"controller A","requested":4,"remainingShortage":0,"quantity":4,"date":"2026-01-30T00:00:00","plan":"OperationPlan"}
[operation] answer {"demand":"electronics order 045 CTRL-A","operation":"ship CTRL-A","quantity":4,"start":"2026-01-30T00:00:00","end":"2026-01-30T02:00:00"}
[demand] reply {"demand":"electronics order 045 CTRL-A","attempt":1,"result":true,"quantity":4,"date":"2026-01-30T02:00:00"}
[demand] attempt {"demand":"electronics order 060 SENSOR-D","attempt":1,"quantity":5,"requestDate":"2026-02-02T20:00:00","lastDate":"2030-12-31T00:00:00"}
[operation] ask {"demand":"electronics order 060 SENSOR-D","operation":"ship SENSOR-D","quantity":5,"end":"2026-02-02T20:00:00"}
[buffer] ask {"demand":null,"buffer":"sensor D","requested":5,"date":"2026-02-02T18:00:00","onhand":2}
[buffer] shortage {"buffer":"sensor D","iteration":0,"date":"2026-02-02T18:00:00","onhand":-5,"shortage":5}
[operation] alternate-ask {"demand":null,"operation":"select process SENSOR-D","quantity":5,"end":"2026-02-02T18:00:00","alternates":["fast process SENSOR-D","standard process SENSOR-D"]}
[operation] alternate-try {"operation":"select process SENSOR-D","alternate":"fast process SENSOR-D","remainingQuantity":5,"childQuantity":5}
[operation] ask {"demand":null,"operation":"fast process SENSOR-D","quantity":5,"end":"2026-02-02T18:00:00"}
[resource] ask {"demand":null,"operation":"fast process SENSOR-D","resource":"smt highspeed","start":"2026-02-02T08:00:00","end":"2026-02-02T18:00:00"}
[resource] candidate {"demand":null,"start":"2026-02-02T08:00:00","end":"2026-02-02T18:00:00","feasible":true}
[resource] ask {"demand":null,"operation":"fast process SENSOR-D","resource":"ict senior","start":"2026-02-02T08:00:00","end":"2026-02-02T18:00:00"}
[resource] candidate {"demand":null,"start":"2026-02-02T08:00:00","end":"2026-02-02T18:00:00","feasible":true}
[resource] ask {"demand":null,"operation":"fast process SENSOR-D","resource":"ict regular","start":"2026-02-02T06:25:16","end":"2026-02-02T18:00:00"}
[resource] candidate {"demand":null,"start":"2026-02-02T06:25:16","end":"2026-02-02T18:00:00","feasible":true}
[resource] ask {"demand":null,"operation":"fast process SENSOR-D","resource":"ict senior","start":"2026-02-02T08:00:00","end":"2026-02-02T18:00:00"}
[resource] candidate {"demand":null,"start":"2026-02-02T08:00:00","end":"2026-02-02T18:00:00","feasible":true}
[buffer] ask {"demand":null,"buffer":"microcontroller premium","requested":5,"date":"2026-02-02T08:00:00","onhand":-21}
[buffer] shortage {"buffer":"microcontroller premium","iteration":0,"date":"2026-02-02T08:00:00","onhand":-26,"shortage":26}
[buffer] answer {"demand":null,"buffer":"microcontroller premium","requested":5,"remainingShortage":26,"quantity":0,"date":"2030-12-31T00:00:00","plan":null}
[operation] material-reject {"demand":null,"operation":"fast process SENSOR-D","start":"2026-02-02T08:00:00","end":"2026-02-02T18:00:00","asked":5,"answerQuantity":0,"answerDate":"2030-12-31T00:00:00"}
[operation] alternate-reject {"operation":"select process SENSOR-D","alternate":"fast process SENSOR-D","quantity":0,"nextDate":"2030-12-31T00:00:00"}
[operation] alternate-try {"operation":"select process SENSOR-D","alternate":"standard process SENSOR-D","remainingQuantity":5,"childQuantity":5}
[operation] ask {"demand":null,"operation":"standard process SENSOR-D","quantity":5,"end":"2026-02-02T18:00:00"}
[resource] ask {"demand":null,"operation":"standard process SENSOR-D","resource":"smt standard","start":"2026-02-01T23:10:35","end":"2026-02-02T18:00:00"}
[resource] candidate {"demand":null,"start":"2026-02-01T23:10:35","end":"2026-02-02T18:00:00","feasible":true}
[resource] ask {"demand":null,"operation":"standard process SENSOR-D","resource":"functional test","start":"2026-02-01T23:10:35","end":"2026-02-02T18:00:00"}
[resource] candidate {"demand":null,"start":"2026-02-01T23:10:35","end":"2026-02-02T18:00:00","feasible":true}
[buffer] ask {"demand":null,"buffer":"microcontroller standard","requested":5,"date":"2026-02-01T23:10:35","onhand":54}
[buffer] answer {"demand":null,"buffer":"microcontroller standard","requested":5,"remainingShortage":0,"quantity":5,"date":"2026-02-01T23:10:35","plan":null}
[buffer] ask {"demand":null,"buffer":"sensor die","requested":5,"date":"2026-02-01T23:10:35","onhand":75}
[buffer] answer {"demand":null,"buffer":"sensor die","requested":5,"remainingShortage":0,"quantity":5,"date":"2026-02-01T23:10:35","plan":null}
[operation] answer {"demand":null,"operation":"standard process SENSOR-D","quantity":5,"start":"2026-02-01T23:10:35","end":"2026-02-02T18:00:00"}
[operation] alternate-segment {"operation":"select process SENSOR-D","alternate":"standard process SENSOR-D","quantity":5,"remainingQuantity":0,"start":"2026-02-01T23:10:35","end":"2026-02-02T18:00:00"}
[operation] alternate-answer {"operation":"select process SENSOR-D","quantity":5,"remainingQuantity":0,"nextDate":"2030-12-31T00:00:00"}
[buffer] replenish {"buffer":"sensor D","iteration":0,"requested":5,"replenished":5,"producerDate":"2030-12-31T00:00:00","eventCountBefore":30,"eventCountAfter":31,"remaining":0}
[buffer] answer {"demand":null,"buffer":"sensor D","requested":5,"remainingShortage":0,"quantity":5,"date":"2026-02-02T18:00:00","plan":"OperationPlan"}
[operation] answer {"demand":"electronics order 060 SENSOR-D","operation":"ship SENSOR-D","quantity":5,"start":"2026-02-02T18:00:00","end":"2026-02-02T20:00:00"}
[demand] reply {"demand":"electronics order 060 SENSOR-D","attempt":1,"result":true,"quantity":5,"date":"2026-02-02T20:00:00"}
