[demand] attempt {"demand":"fresh order 001 YOG-NAT","attempt":1,"quantity":1,"requestDate":"2026-01-11T02:00:00","lastDate":"2030-12-31T00:00:00"}
[operation] ask {"demand":"fresh order 001 YOG-NAT","operation":"dispatch YOG-NAT","quantity":1,"operationQuantity":1,"end":"2026-01-11T02:00:00","operationEnd":"2026-01-11T02:00:00"}
[buffer] ask {"demand":null,"buffer":"natural yogurt","requested":1,"date":"2026-01-11T01:00:00","onhand":0}
[buffer] shortage {"buffer":"natural yogurt","iteration":0,"date":"2026-01-11T01:00:00","onhand":-1,"shortage":1}
[operation] ask {"demand":null,"operation":"process YOG-NAT","quantity":1,"operationQuantity":1,"end":"2026-01-11T01:00:00","operationEnd":"2026-01-11T01:00:00"}
[resource] ask {"demand":null,"operation":"process YOG-NAT","resource":"process tank A","start":"2026-01-10T15:30:00","end":"2026-01-11T01:00:00"}
[resource] candidate {"demand":null,"start":"2026-01-10T15:30:00","end":"2026-01-11T01:00:00","feasible":true}
[resource] ask {"demand":null,"operation":"process YOG-NAT","resource":"filling crew","start":"2026-01-10T15:30:00","end":"2026-01-11T01:00:00"}
[buffer] ask {"demand":null,"buffer":"raw milk","requested":2,"date":"2026-01-10T16:00:00","onhand":360}
[buffer] answer {"demand":null,"buffer":"raw milk","requested":2,"remainingShortage":0,"quantity":2,"date":"2030-12-31T00:00:00","plan":null}
[buffer] ask {"demand":null,"buffer":"sugar","requested":0.5,"date":"2026-01-10T16:00:00","onhand":240}
[buffer] answer {"demand":null,"buffer":"sugar","requested":0.5,"remainingShortage":0,"quantity":0.5,"date":"2030-12-31T00:00:00","plan":null}
[buffer] ask {"demand":null,"buffer":"cups","requested":1,"date":"2026-01-10T16:00:00","onhand":480}
[buffer] answer {"demand":null,"buffer":"cups","requested":1,"remainingShortage":0,"quantity":1,"date":"2030-12-31T00:00:00","plan":null}
[buffer] ask {"demand":null,"buffer":"natural culture","requested":0.25,"date":"2026-01-10T16:00:00","onhand":28}
[buffer] answer {"demand":null,"buffer":"natural culture","requested":0.25,"remainingShortage":0,"quantity":0.25,"date":"2030-12-31T00:00:00","plan":null}
[operation] answer {"demand":null,"operation":"process YOG-NAT","quantity":1,"start":"2026-01-10T15:30:00","end":"2026-01-11T01:00:00"}
[buffer] replenish {"buffer":"natural yogurt","iteration":0,"requested":1,"replenished":1,"producerDate":"2030-12-31T00:00:00","eventCountBefore":1,"eventCountAfter":2,"remaining":0}
[buffer] answer {"demand":null,"buffer":"natural yogurt","requested":1,"remainingShortage":0,"quantity":1,"date":"2030-12-31T00:00:00","plan":"OperationPlan"}
[operation] answer {"demand":"fresh order 001 YOG-NAT","operation":"dispatch YOG-NAT","quantity":1,"start":"2026-01-11T01:00:00","end":"2026-01-11T02:00:00"}
[demand] reply {"demand":"fresh order 001 YOG-NAT","attempt":1,"result":true,"quantity":1,"date":"2030-12-31T00:00:00"}
[demand] attempt {"demand":"fresh order 019 DRINK-MNG","attempt":1,"quantity":1,"requestDate":"2026-01-14T02:00:00","lastDate":"2030-12-31T00:00:00"}
[operation] ask {"demand":"fresh order 019 DRINK-MNG","operation":"dispatch DRINK-MNG","quantity":1,"operationQuantity":1,"end":"2026-01-14T02:00:00","operationEnd":"2026-01-14T02:00:00"}
[buffer] ask {"demand":null,"buffer":"mango drink","requested":1,"date":"2026-01-14T01:00:00","onhand":0}
[buffer] shortage {"buffer":"mango drink","iteration":0,"date":"2026-01-14T01:00:00","onhand":-1,"shortage":1}
[operation] ask {"demand":null,"operation":"process DRINK-MNG","quantity":1,"operationQuantity":1,"end":"2026-01-14T01:00:00","operationEnd":"2026-01-14T01:00:00"}
[resource] ask {"demand":null,"operation":"process DRINK-MNG","resource":"process tank A","start":"2026-01-13T16:00:00","end":"2026-01-14T01:00:00"}
[resource] candidate {"demand":null,"start":"2026-01-13T16:00:00","end":"2026-01-14T01:00:00","feasible":true}
[resource] ask {"demand":null,"operation":"process DRINK-MNG","resource":"filling crew","start":"2026-01-13T16:00:00","end":"2026-01-14T01:00:00"}
[buffer] ask {"demand":null,"buffer":"raw milk","requested":2,"date":"2026-01-13T17:00:00","onhand":358}
[buffer] answer {"demand":null,"buffer":"raw milk","requested":2,"remainingShortage":0,"quantity":2,"date":"2030-12-31T00:00:00","plan":null}
[buffer] ask {"demand":null,"buffer":"sugar","requested":0.5,"date":"2026-01-13T17:00:00","onhand":239.5}
[buffer] answer {"demand":null,"buffer":"sugar","requested":0.5,"remainingShortage":0,"quantity":0.5,"date":"2030-12-31T00:00:00","plan":null}
[buffer] ask {"demand":null,"buffer":"cups","requested":1,"date":"2026-01-13T17:00:00","onhand":479}
[buffer] answer {"demand":null,"buffer":"cups","requested":1,"remainingShortage":0,"quantity":1,"date":"2030-12-31T00:00:00","plan":null}
[buffer] ask {"demand":null,"buffer":"mango concentrate","requested":0.25,"date":"2026-01-13T17:00:00","onhand":45}
[buffer] answer {"demand":null,"buffer":"mango concentrate","requested":0.25,"remainingShortage":0,"quantity":0.25,"date":"2030-12-31T00:00:00","plan":null}
[operation] answer {"demand":null,"operation":"process DRINK-MNG","quantity":1,"start":"2026-01-13T16:00:00","end":"2026-01-14T01:00:00"}
[buffer] replenish {"buffer":"mango drink","iteration":0,"requested":1,"replenished":1,"producerDate":"2030-12-31T00:00:00","eventCountBefore":1,"eventCountAfter":2,"remaining":0}
[buffer] answer {"demand":null,"buffer":"mango drink","requested":1,"remainingShortage":0,"quantity":1,"date":"2030-12-31T00:00:00","plan":"OperationPlan"}
[operation] answer {"demand":"fresh order 019 DRINK-MNG","operation":"dispatch DRINK-MNG","quantity":1,"start":"2026-01-14T01:00:00","end":"2026-01-14T02:00:00"}
[demand] reply {"demand":"fresh order 019 DRINK-MNG","attempt":1,"result":true,"quantity":1,"date":"2030-12-31T00:00:00"}
[demand] attempt {"demand":"fresh order 037 YOG-NAT","attempt":1,"quantity":1,"requestDate":"2026-01-17T02:00:00","lastDate":"2030-12-31T00:00:00"}
[operation] ask {"demand":"fresh order 037 YOG-NAT","operation":"dispatch YOG-NAT","quantity":1,"operationQuantity":1,"end":"2026-01-17T02:00:00","operationEnd":"2026-01-17T02:00:00"}
[buffer] ask {"demand":null,"buffer":"natural yogurt","requested":1,"date":"2026-01-17T01:00:00","onhand":1}
[buffer] shortage {"buffer":"natural yogurt","iteration":0,"date":"2026-01-17T01:00:00","onhand":-1,"shortage":1}
[operation] ask {"demand":null,"operation":"process YOG-NAT","quantity":1,"operationQuantity":1,"end":"2026-01-17T01:00:00","operationEnd":"2026-01-17T01:00:00"}
[resource] ask {"demand":null,"operation":"process YOG-NAT","resource":"process tank A","start":"2026-01-16T15:00:00","end":"2026-01-17T01:00:00"}
[resource] candidate {"demand":null,"start":"2026-01-16T15:00:00","end":"2026-01-17T01:00:00","feasible":true}
[resource] ask {"demand":null,"operation":"process YOG-NAT","resource":"filling crew","start":"2026-01-16T15:00:00","end":"2026-01-17T01:00:00"}
[buffer] ask {"demand":null,"buffer":"raw milk","requested":2,"date":"2026-01-16T16:00:00","onhand":356}
[buffer] answer {"demand":null,"buffer":"raw milk","requested":2,"remainingShortage":0,"quantity":2,"date":"2030-12-31T00:00:00","plan":null}
[buffer] ask {"demand":null,"buffer":"sugar","requested":0.5,"date":"2026-01-16T16:00:00","onhand":239}
[buffer] answer {"demand":null,"buffer":"sugar","requested":0.5,"remainingShortage":0,"quantity":0.5,"date":"2030-12-31T00:00:00","plan":null}
[buffer] ask {"demand":null,"buffer":"cups","requested":1,"date":"2026-01-16T16:00:00","onhand":478}
[buffer] answer {"demand":null,"buffer":"cups","requested":1,"remainingShortage":0,"quantity":1,"date":"2030-12-31T00:00:00","plan":null}
[buffer] ask {"demand":null,"buffer":"natural culture","requested":0.25,"date":"2026-01-16T16:00:00","onhand":27.75}
[buffer] answer {"demand":null,"buffer":"natural culture","requested":0.25,"remainingShortage":0,"quantity":0.25,"date":"2030-12-31T00:00:00","plan":null}
[operation] answer {"demand":null,"operation":"process YOG-NAT","quantity":1,"start":"2026-01-16T15:00:00","end":"2026-01-17T01:00:00"}
[buffer] replenish {"buffer":"natural yogurt","iteration":0,"requested":1,"replenished":1,"producerDate":"2030-12-31T00:00:00","eventCountBefore":3,"eventCountAfter":4,"remaining":0}
[buffer] answer {"demand":null,"buffer":"natural yogurt","requested":1,"remainingShortage":0,"quantity":1,"date":"2030-12-31T00:00:00","plan":"OperationPlan"}
[operation] answer {"demand":"fresh order 037 YOG-NAT","operation":"dispatch YOG-NAT","quantity":1,"start":"2026-01-17T01:00:00","end":"2026-01-17T02:00:00"}
[demand] reply {"demand":"fresh order 037 YOG-NAT","attempt":1,"result":true,"quantity":1,"date":"2030-12-31T00:00:00"}
[demand] attempt {"demand":"fresh order 055 DRINK-MNG","attempt":1,"quantity":1,"requestDate":"2026-01-20T02:00:00","lastDate":"2030-12-31T00:00:00"}
[operation] ask {"demand":"fresh order 055 DRINK-MNG","operation":"dispatch DRINK-MNG","quantity":1,"operationQuantity":1,"end":"2026-01-20T02:00:00","operationEnd":"2026-01-20T02:00:00"}
[buffer] ask {"demand":null,"buffer":"mango drink","requested":1,"date":"2026-01-20T01:00:00","onhand":1}
[buffer] shortage {"buffer":"mango drink","iteration":0,"date":"2026-01-20T01:00:00","onhand":-1,"shortage":1}
[operation] ask {"demand":null,"operation":"process DRINK-MNG","quantity":1,"operationQuantity":1,"end":"2026-01-20T01:00:00","operationEnd":"2026-01-20T01:00:00"}
[resource] ask {"demand":null,"operation":"process DRINK-MNG","resource":"process tank A","start":"2026-01-19T16:00:00","end":"2026-01-20T01:00:00"}
[resource] candidate {"demand":null,"start":"2026-01-19T16:00:00","end":"2026-01-20T01:00:00","feasible":true}
[resource] ask {"demand":null,"operation":"process DRINK-MNG","resource":"filling crew","start":"2026-01-19T16:00:00","end":"2026-01-20T01:00:00"}
[buffer] ask {"demand":null,"buffer":"raw milk","requested":2,"date":"2026-01-19T17:00:00","onhand":354}
[buffer] answer {"demand":null,"buffer":"raw milk","requested":2,"remainingShortage":0,"quantity":2,"date":"2030-12-31T00:00:00","plan":null}
[buffer] ask {"demand":null,"buffer":"sugar","requested":0.5,"date":"2026-01-19T17:00:00","onhand":238.5}
[buffer] answer {"demand":null,"buffer":"sugar","requested":0.5,"remainingShortage":0,"quantity":0.5,"date":"2030-12-31T00:00:00","plan":null}
[buffer] ask {"demand":null,"buffer":"cups","requested":1,"date":"2026-01-19T17:00:00","onhand":477}
[buffer] answer {"demand":null,"buffer":"cups","requested":1,"remainingShortage":0,"quantity":1,"date":"2030-12-31T00:00:00","plan":null}
[buffer] ask {"demand":null,"buffer":"mango concentrate","requested":0.25,"date":"2026-01-19T17:00:00","onhand":44.75}
[buffer] answer {"demand":null,"buffer":"mango concentrate","requested":0.25,"remainingShortage":0,"quantity":0.25,"date":"2030-12-31T00:00:00","plan":null}
[operation] answer {"demand":null,"operation":"process DRINK-MNG","quantity":1,"start":"2026-01-19T16:00:00","end":"2026-01-20T01:00:00"}
[buffer] replenish {"buffer":"mango drink","iteration":0,"requested":1,"replenished":1,"producerDate":"2030-12-31T00:00:00","eventCountBefore":3,"eventCountAfter":4,"remaining":0}
[buffer] answer {"demand":null,"buffer":"mango drink","requested":1,"remainingShortage":0,"quantity":1,"date":"2030-12-31T00:00:00","plan":"OperationPlan"}
[operation] answer {"demand":"fresh order 055 DRINK-MNG","operation":"dispatch DRINK-MNG","quantity":1,"start":"2026-01-20T01:00:00","end":"2026-01-20T02:00:00"}
[demand] reply {"demand":"fresh order 055 DRINK-MNG","attempt":1,"result":true,"quantity":1,"date":"2030-12-31T00:00:00"}
[demand] attempt {"demand":"fresh order 002 YOG-BRY","attempt":1,"quantity":2,"requestDate":"2026-01-11T06:00:00","lastDate":"2030-12-31T00:00:00"}
[operation] ask {"demand":"fresh order 002 YOG-BRY","operation":"dispatch YOG-BRY","quantity":2,"operationQuantity":2,"end":"2026-01-11T06:00:00","operationEnd":"2026-01-11T06:00:00"}
[buffer] ask {"demand":null,"buffer":"berry yogurt","requested":2,"date":"2026-01-11T05:00:00","onhand":0}
[buffer] shortage {"buffer":"berry yogurt","iteration":0,"date":"2026-01-11T05:00:00","onhand":-2,"shortage":2}
[operation] ask {"demand":null,"operation":"process YOG-BRY","quantity":2,"operationQuantity":2,"end":"2026-01-11T05:00:00","operationEnd":"2026-01-11T05:00:00"}
[resource] ask {"demand":null,"operation":"process YOG-BRY","resource":"process tank A","start":"2026-01-10T18:00:00","end":"2026-01-11T05:00:00"}
[resource] candidate {"demand":null,"start":"2026-01-10T18:00:00","end":"2026-01-11T05:00:00","feasible":true}
[resource] ask {"demand":null,"operation":"process YOG-BRY","resource":"filling crew","start":"2026-01-10T18:00:00","end":"2026-01-11T05:00:00"}
[buffer] ask {"demand":null,"buffer":"raw milk","requested":4,"date":"2026-01-10T19:00:00","onhand":358}
[buffer] answer {"demand":null,"buffer":"raw milk","requested":4,"remainingShortage":0,"quantity":4,"date":"2030-12-31T00:00:00","plan":null}
[buffer] ask {"demand":null,"buffer":"sugar","requested":1,"date":"2026-01-10T19:00:00","onhand":239.5}
[buffer] answer {"demand":null,"buffer":"sugar","requested":1,"remainingShortage":0,"quantity":1,"date":"2030-12-31T00:00:00","plan":null}
[buffer] ask {"demand":null,"buffer":"cups","requested":2,"date":"2026-01-10T19:00:00","onhand":479}
[buffer] answer {"demand":null,"buffer":"cups","requested":2,"remainingShortage":0,"quantity":2,"date":"2030-12-31T00:00:00","plan":null}
[buffer] ask {"demand":null,"buffer":"berry culture","requested":0.5,"date":"2026-01-10T19:00:00","onhand":18}
[buffer] answer {"demand":null,"buffer":"berry culture","requested":0.5,"remainingShortage":0,"quantity":0.5,"date":"2030-12-31T00:00:00","plan":null}
[operation] answer {"demand":null,"operation":"process YOG-BRY","quantity":2,"start":"2026-01-10T18:00:00","end":"2026-01-11T05:00:00"}
[buffer] replenish {"buffer":"berry yogurt","iteration":0,"requested":2,"replenished":2,"producerDate":"2030-12-31T00:00:00","eventCountBefore":1,"eventCountAfter":2,"remaining":0}
[buffer] answer {"demand":null,"buffer":"berry yogurt","requested":2,"remainingShortage":0,"quantity":2,"date":"2030-12-31T00:00:00","plan":"OperationPlan"}
[operation] answer {"demand":"fresh order 002 YOG-BRY","operation":"dispatch YOG-BRY","quantity":2,"start":"2026-01-11T05:00:00","end":"2026-01-11T06:00:00"}
[demand] reply {"demand":"fresh order 002 YOG-BRY","attempt":1,"result":true,"quantity":2,"date":"2030-12-31T00:00:00"}
[demand] attempt {"demand":"fresh order 020 DRINK-PEA","attempt":1,"quantity":2,"requestDate":"2026-01-14T06:00:00","lastDate":"2030-12-31T00:00:00"}
[operation] ask {"demand":"fresh order 020 DRINK-PEA","operation":"dispatch DRINK-PEA","quantity":2,"operationQuantity":2,"end":"2026-01-14T06:00:00","operationEnd":"2026-01-14T06:00:00"}
[buffer] ask {"demand":null,"buffer":"peach drink","requested":2,"date":"2026-01-14T05:00:00","onhand":0}
[buffer] shortage {"buffer":"peach drink","iteration":0,"date":"2026-01-14T05:00:00","onhand":-2,"shortage":2}
[operation] ask {"demand":null,"operation":"process DRINK-PEA","quantity":2,"operationQuantity":2,"end":"2026-01-14T05:00:00","operationEnd":"2026-01-14T05:00:00"}
[resource] ask {"demand":null,"operation":"process DRINK-PEA","resource":"process tank A","start":"2026-01-13T20:00:00","end":"2026-01-14T05:00:00"}
[resource] candidate {"demand":null,"start":"2026-01-13T20:00:00","end":"2026-01-14T05:00:00","feasible":true}
[resource] ask {"demand":null,"operation":"process DRINK-PEA","resource":"filling crew","start":"2026-01-13T20:00:00","end":"2026-01-14T05:00:00"}
[buffer] ask {"demand":null,"buffer":"raw milk","requested":4,"date":"2026-01-13T21:00:00","onhand":352}
[buffer] answer {"demand":null,"buffer":"raw milk","requested":4,"remainingShortage":0,"quantity":4,"date":"2030-12-31T00:00:00","plan":null}
[buffer] ask {"demand":null,"buffer":"sugar","requested":1,"date":"2026-01-13T21:00:00","onhand":238}
[buffer] answer {"demand":null,"buffer":"sugar","requested":1,"remainingShortage":0,"quantity":1,"date":"2030-12-31T00:00:00","plan":null}
[buffer] ask {"demand":null,"buffer":"cups","requested":2,"date":"2026-01-13T21:00:00","onhand":476}
[buffer] answer {"demand":null,"buffer":"cups","requested":2,"remainingShortage":0,"quantity":2,"date":"2030-12-31T00:00:00","plan":null}
[buffer] ask {"demand":null,"buffer":"peach concentrate","requested":0.5,"date":"2026-01-13T21:00:00","onhand":40}
[buffer] answer {"demand":null,"buffer":"peach concentrate","requested":0.5,"remainingShortage":0,"quantity":0.5,"date":"2030-12-31T00:00:00","plan":null}
[operation] answer {"demand":null,"operation":"process DRINK-PEA","quantity":2,"start":"2026-01-13T20:00:00","end":"2026-01-14T05:00:00"}
[buffer] replenish {"buffer":"peach drink","iteration":0,"requested":2,"replenished":2,"producerDate":"2030-12-31T00:00:00","eventCountBefore":1,"eventCountAfter":2,"remaining":0}
[buffer] answer {"demand":null,"buffer":"peach drink","requested":2,"remainingShortage":0,"quantity":2,"date":"2030-12-31T00:00:00","plan":"OperationPlan"}
[operation] answer {"demand":"fresh order 020 DRINK-PEA","operation":"dispatch DRINK-PEA","quantity":2,"start":"2026-01-14T05:00:00","end":"2026-01-14T06:00:00"}
[demand] reply {"demand":"fresh order 020 DRINK-PEA","attempt":1,"result":true,"quantity":2,"date":"2030-12-31T00:00:00"}
[demand] attempt {"demand":"fresh order 038 YOG-BRY","attempt":1,"quantity":2,"requestDate":"2026-01-17T06:00:00","lastDate":"2030-12-31T00:00:00"}
[operation] ask {"demand":"fresh order 038 YOG-BRY","operation":"dispatch YOG-BRY","quantity":2,"operationQuantity":2,"end":"2026-01-17T06:00:00","operationEnd":"2026-01-17T06:00:00"}
[buffer] ask {"demand":null,"buffer":"berry yogurt","requested":2,"date":"2026-01-17T05:00:00","onhand":2}
[buffer] shortage {"buffer":"berry yogurt","iteration":0,"date":"2026-01-17T05:00:00","onhand":-2,"shortage":2}
[operation] ask {"demand":null,"operation":"process YOG-BRY","quantity":2,"operationQuantity":2,"end":"2026-01-17T05:00:00","operationEnd":"2026-01-17T05:00:00"}
[resource] ask {"demand":null,"operation":"process YOG-BRY","resource":"process tank A","start":"2026-01-16T18:00:00","end":"2026-01-17T05:00:00"}
[resource] candidate {"demand":null,"start":"2026-01-16T18:00:00","end":"2026-01-17T05:00:00","feasible":true}
[resource] ask {"demand":null,"operation":"process YOG-BRY","resource":"filling crew","start":"2026-01-16T18:00:00","end":"2026-01-17T05:00:00"}
[buffer] ask {"demand":null,"buffer":"raw milk","requested":4,"date":"2026-01-16T19:00:00","onhand":346}
[buffer] answer {"demand":null,"buffer":"raw milk","requested":4,"remainingShortage":0,"quantity":4,"date":"2030-12-31T00:00:00","plan":null}
[buffer] ask {"demand":null,"buffer":"sugar","requested":1,"date":"2026-01-16T19:00:00","onhand":236.5}
[buffer] answer {"demand":null,"buffer":"sugar","requested":1,"remainingShortage":0,"quantity":1,"date":"2030-12-31T00:00:00","plan":null}
[buffer] ask {"demand":null,"buffer":"cups","requested":2,"date":"2026-01-16T19:00:00","onhand":473}
[buffer] answer {"demand":null,"buffer":"cups","requested":2,"remainingShortage":0,"quantity":2,"date":"2030-12-31T00:00:00","plan":null}
[buffer] ask {"demand":null,"buffer":"berry culture","requested":0.5,"date":"2026-01-16T19:00:00","onhand":17.5}
[buffer] answer {"demand":null,"buffer":"berry culture","requested":0.5,"remainingShortage":0,"quantity":0.5,"date":"2030-12-31T00:00:00","plan":null}
[operation] answer {"demand":null,"operation":"process YOG-BRY","quantity":2,"start":"2026-01-16T18:00:00","end":"2026-01-17T05:00:00"}
[buffer] replenish {"buffer":"berry yogurt","iteration":0,"requested":2,"replenished":2,"producerDate":"2030-12-31T00:00:00","eventCountBefore":3,"eventCountAfter":4,"remaining":0}
[buffer] answer {"demand":null,"buffer":"berry yogurt","requested":2,"remainingShortage":0,"quantity":2,"date":"2030-12-31T00:00:00","plan":"OperationPlan"}
[operation] answer {"demand":"fresh order 038 YOG-BRY","operation":"dispatch YOG-BRY","quantity":2,"start":"2026-01-17T05:00:00","end":"2026-01-17T06:00:00"}
[demand] reply {"demand":"fresh order 038 YOG-BRY","attempt":1,"result":true,"quantity":2,"date":"2030-12-31T00:00:00"}
[demand] attempt {"demand":"fresh order 056 DRINK-PEA","attempt":1,"quantity":2,"requestDate":"2026-01-20T06:00:00","lastDate":"2030-12-31T00:00:00"}
[operation] ask {"demand":"fresh order 056 DRINK-PEA","operation":"dispatch DRINK-PEA","quantity":2,"operationQuantity":2,"end":"2026-01-20T06:00:00","operationEnd":"2026-01-20T06:00:00"}
[buffer] ask {"demand":null,"buffer":"peach drink","requested":2,"date":"2026-01-20T05:00:00","onhand":2}
[buffer] shortage {"buffer":"peach drink","iteration":0,"date":"2026-01-20T05:00:00","onhand":-2,"shortage":2}
[operation] ask {"demand":null,"operation":"process DRINK-PEA","quantity":2,"operationQuantity":2,"end":"2026-01-20T05:00:00","operationEnd":"2026-01-20T05:00:00"}
[resource] ask {"demand":null,"operation":"process DRINK-PEA","resource":"process tank A","start":"2026-01-19T20:00:00","end":"2026-01-20T05:00:00"}
[resource] candidate {"demand":null,"start":"2026-01-19T20:00:00","end":"2026-01-20T05:00:00","feasible":true}
[resource] ask {"demand":null,"operation":"process DRINK-PEA","resource":"filling crew","start":"2026-01-19T20:00:00","end":"2026-01-20T05:00:00"}
[buffer] ask {"demand":null,"buffer":"raw milk","requested":4,"date":"2026-01-19T21:00:00","onhand":340}
[buffer] answer {"demand":null,"buffer":"raw milk","requested":4,"remainingShortage":0,"quantity":4,"date":"2030-12-31T00:00:00","plan":null}
[buffer] ask {"demand":null,"buffer":"sugar","requested":1,"date":"2026-01-19T21:00:00","onhand":235}
[buffer] answer {"demand":null,"buffer":"sugar","requested":1,"remainingShortage":0,"quantity":1,"date":"2030-12-31T00:00:00","plan":null}
[buffer] ask {"demand":null,"buffer":"cups","requested":2,"date":"2026-01-19T21:00:00","onhand":470}
[buffer] answer {"demand":null,"buffer":"cups","requested":2,"remainingShortage":0,"quantity":2,"date":"2030-12-31T00:00:00","plan":null}
[buffer] ask {"demand":null,"buffer":"peach concentrate","requested":0.5,"date":"2026-01-19T21:00:00","onhand":39.5}
[buffer] answer {"demand":null,"buffer":"peach concentrate","requested":0.5,"remainingShortage":0,"quantity":0.5,"date":"2030-12-31T00:00:00","plan":null}
[operation] answer {"demand":null,"operation":"process DRINK-PEA","quantity":2,"start":"2026-01-19T20:00:00","end":"2026-01-20T05:00:00"}
[buffer] replenish {"buffer":"peach drink","iteration":0,"requested":2,"replenished":2,"producerDate":"2030-12-31T00:00:00","eventCountBefore":3,"eventCountAfter":4,"remaining":0}
[buffer] answer {"demand":null,"buffer":"peach drink","requested":2,"remainingShortage":0,"quantity":2,"date":"2030-12-31T00:00:00","plan":"OperationPlan"}
[operation] answer {"demand":"fresh order 056 DRINK-PEA","operation":"dispatch DRINK-PEA","quantity":2,"start":"2026-01-20T05:00:00","end":"2026-01-20T06:00:00"}
[demand] reply {"demand":"fresh order 056 DRINK-PEA","attempt":1,"result":true,"quantity":2,"date":"2030-12-31T00:00:00"}
[demand] attempt {"demand":"fresh order 003 DRINK-MNG","attempt":1,"quantity":3,"requestDate":"2026-01-11T10:00:00","lastDate":"2030-12-31T00:00:00"}
[operation] ask {"demand":"fresh order 003 DRINK-MNG","operation":"dispatch DRINK-MNG","quantity":3,"operationQuantity":3,"end":"2026-01-11T10:00:00","operationEnd":"2026-01-11T10:00:00"}
[buffer] ask {"demand":null,"buffer":"mango drink","requested":3,"date":"2026-01-11T09:00:00","onhand":0}
[buffer] shortage {"buffer":"mango drink","iteration":0,"date":"2026-01-11T09:00:00","onhand":-3,"shortage":3}
[operation] ask {"demand":null,"operation":"process DRINK-MNG","quantity":3,"operationQuantity":3,"end":"2026-01-11T09:00:00","operationEnd":"2026-01-11T09:00:00"}
[resource] ask {"demand":null,"operation":"process DRINK-MNG","resource":"process tank A","start":"2026-01-10T23:00:00","end":"2026-01-11T09:00:00"}
[resource] candidate {"demand":null,"start":"2026-01-10T23:00:00","end":"2026-01-11T09:00:00","feasible":true}
[resource] ask {"demand":null,"operation":"process DRINK-MNG","resource":"filling crew","start":"2026-01-10T23:00:00","end":"2026-01-11T09:00:00"}
[buffer] ask {"demand":null,"buffer":"raw milk","requested":6,"date":"2026-01-11T01:00:00","onhand":354}
[buffer] answer {"demand":null,"buffer":"raw milk","requested":6,"remainingShortage":0,"quantity":6,"date":"2030-12-31T00:00:00","plan":null}
[buffer] ask {"demand":null,"buffer":"sugar","requested":1.5,"date":"2026-01-11T01:00:00","onhand":238.5}
[buffer] answer {"demand":null,"buffer":"sugar","requested":1.5,"remainingShortage":0,"quantity":1.5,"date":"2030-12-31T00:00:00","plan":null}
[buffer] ask {"demand":null,"buffer":"cups","requested":3,"date":"2026-01-11T01:00:00","onhand":477}
[buffer] answer {"demand":null,"buffer":"cups","requested":3,"remainingShortage":0,"quantity":3,"date":"2030-12-31T00:00:00","plan":null}
[buffer] ask {"demand":null,"buffer":"mango concentrate","requested":0.75,"date":"2026-01-11T01:00:00","onhand":45}
[buffer] answer {"demand":null,"buffer":"mango concentrate","requested":0.75,"remainingShortage":0,"quantity":0.75,"date":"2030-12-31T00:00:00","plan":null}
[operation] answer {"demand":null,"operation":"process DRINK-MNG","quantity":3,"start":"2026-01-10T23:00:00","end":"2026-01-11T09:00:00"}
[buffer] replenish {"buffer":"mango drink","iteration":0,"requested":3,"replenished":3,"producerDate":"2030-12-31T00:00:00","eventCountBefore":5,"eventCountAfter":6,"remaining":0}
[buffer] answer {"demand":null,"buffer":"mango drink","requested":3,"remainingShortage":0,"quantity":3,"date":"2030-12-31T00:00:00","plan":"OperationPlan"}
[operation] answer {"demand":"fresh order 003 DRINK-MNG","operation":"dispatch DRINK-MNG","quantity":3,"start":"2026-01-11T09:00:00","end":"2026-01-11T10:00:00"}
[demand] reply {"demand":"fresh order 003 DRINK-MNG","attempt":1,"result":true,"quantity":3,"date":"2030-12-31T00:00:00"}
[demand] attempt {"demand":"fresh order 021 YOG-NAT","attempt":1,"quantity":3,"requestDate":"2026-01-14T10:00:00","lastDate":"2030-12-31T00:00:00"}
[operation] ask {"demand":"fresh order 021 YOG-NAT","operation":"dispatch YOG-NAT","quantity":3,"operationQuantity":3,"end":"2026-01-14T10:00:00","operationEnd":"2026-01-14T10:00:00"}
[buffer] ask {"demand":null,"buffer":"natural yogurt","requested":3,"date":"2026-01-14T09:00:00","onhand":1}
[buffer] shortage {"buffer":"natural yogurt","iteration":0,"date":"2026-01-14T09:00:00","onhand":-3,"shortage":3}
[operation] ask {"demand":null,"operation":"process YOG-NAT","quantity":3,"operationQuantity":3,"end":"2026-01-14T09:00:00","operationEnd":"2026-01-14T09:00:00"}
[resource] ask {"demand":null,"operation":"process YOG-NAT","resource":"process tank A","start":"2026-01-13T21:00:00","end":"2026-01-14T09:00:00"}
[resource] candidate {"demand":null,"start":"2026-01-13T21:00:00","end":"2026-01-14T09:00:00","feasible":true}
[resource] ask {"demand":null,"operation":"process YOG-NAT","resource":"filling crew","start":"2026-01-13T21:00:00","end":"2026-01-14T09:00:00"}
[buffer] ask {"demand":null,"buffer":"raw milk","requested":6,"date":"2026-01-14T00:00:00","onhand":342}
[buffer] answer {"demand":null,"buffer":"raw milk","requested":6,"remainingShortage":0,"quantity":6,"date":"2030-12-31T00:00:00","plan":null}
[buffer] ask {"demand":null,"buffer":"sugar","requested":1.5,"date":"2026-01-14T00:00:00","onhand":235.5}
[buffer] answer {"demand":null,"buffer":"sugar","requested":1.5,"remainingShortage":0,"quantity":1.5,"date":"2030-12-31T00:00:00","plan":null}
[buffer] ask {"demand":null,"buffer":"cups","requested":3,"date":"2026-01-14T00:00:00","onhand":471}
[buffer] answer {"demand":null,"buffer":"cups","requested":3,"remainingShortage":0,"quantity":3,"date":"2030-12-31T00:00:00","plan":null}
[buffer] ask {"demand":null,"buffer":"natural culture","requested":0.75,"date":"2026-01-14T00:00:00","onhand":27.75}
[buffer] answer {"demand":null,"buffer":"natural culture","requested":0.75,"remainingShortage":0,"quantity":0.75,"date":"2030-12-31T00:00:00","plan":null}
[operation] answer {"demand":null,"operation":"process YOG-NAT","quantity":3,"start":"2026-01-13T21:00:00","end":"2026-01-14T09:00:00"}
[buffer] replenish {"buffer":"natural yogurt","iteration":0,"requested":3,"replenished":3,"producerDate":"2030-12-31T00:00:00","eventCountBefore":5,"eventCountAfter":6,"remaining":0}
[buffer] answer {"demand":null,"buffer":"natural yogurt","requested":3,"remainingShortage":0,"quantity":3,"date":"2030-12-31T00:00:00","plan":"OperationPlan"}
[operation] answer {"demand":"fresh order 021 YOG-NAT","operation":"dispatch YOG-NAT","quantity":3,"start":"2026-01-14T09:00:00","end":"2026-01-14T10:00:00"}
[demand] reply {"demand":"fresh order 021 YOG-NAT","attempt":1,"result":true,"quantity":3,"date":"2030-12-31T00:00:00"}
[demand] attempt {"demand":"fresh order 039 DRINK-MNG","attempt":1,"quantity":3,"requestDate":"2026-01-17T10:00:00","lastDate":"2030-12-31T00:00:00"}
[operation] ask {"demand":"fresh order 039 DRINK-MNG","operation":"dispatch DRINK-MNG","quantity":3,"operationQuantity":3,"end":"2026-01-17T10:00:00","operationEnd":"2026-01-17T10:00:00"}
[buffer] ask {"demand":null,"buffer":"mango drink","requested":3,"date":"2026-01-17T09:00:00","onhand":1}
[buffer] shortage {"buffer":"mango drink","iteration":0,"date":"2026-01-17T09:00:00","onhand":-3,"shortage":3}
[operation] ask {"demand":null,"operation":"process DRINK-MNG","quantity":3,"operationQuantity":3,"end":"2026-01-17T09:00:00","operationEnd":"2026-01-17T09:00:00"}
[resource] ask {"demand":null,"operation":"process DRINK-MNG","resource":"process tank A","start":"2026-01-16T23:00:00","end":"2026-01-17T09:00:00"}
[resource] candidate {"demand":null,"start":"2026-01-16T23:00:00","end":"2026-01-17T09:00:00","feasible":true}
[resource] ask {"demand":null,"operation":"process DRINK-MNG","resource":"filling crew","start":"2026-01-16T23:00:00","end":"2026-01-17T09:00:00"}
[buffer] ask {"demand":null,"buffer":"raw milk","requested":6,"date":"2026-01-17T01:00:00","onhand":330}
[buffer] answer {"demand":null,"buffer":"raw milk","requested":6,"remainingShortage":0,"quantity":6,"date":"2030-12-31T00:00:00","plan":null}
[buffer] ask {"demand":null,"buffer":"sugar","requested":1.5,"date":"2026-01-17T01:00:00","onhand":232.5}
[buffer] answer {"demand":null,"buffer":"sugar","requested":1.5,"remainingShortage":0,"quantity":1.5,"date":"2030-12-31T00:00:00","plan":null}
[buffer] ask {"demand":null,"buffer":"cups","requested":3,"date":"2026-01-17T01:00:00","onhand":465}
[buffer] answer {"demand":null,"buffer":"cups","requested":3,"remainingShortage":0,"quantity":3,"date":"2030-12-31T00:00:00","plan":null}
[buffer] ask {"demand":null,"buffer":"mango concentrate","requested":0.75,"date":"2026-01-17T01:00:00","onhand":44}
[buffer] answer {"demand":null,"buffer":"mango concentrate","requested":0.75,"remainingShortage":0,"quantity":0.75,"date":"2030-12-31T00:00:00","plan":null}
[operation] answer {"demand":null,"operation":"process DRINK-MNG","quantity":3,"start":"2026-01-16T23:00:00","end":"2026-01-17T09:00:00"}
[buffer] replenish {"buffer":"mango drink","iteration":0,"requested":3,"replenished":3,"producerDate":"2030-12-31T00:00:00","eventCountBefore":7,"eventCountAfter":8,"remaining":0}
[buffer] answer {"demand":null,"buffer":"mango drink","requested":3,"remainingShortage":0,"quantity":3,"date":"2030-12-31T00:00:00","plan":"OperationPlan"}
[operation] answer {"demand":"fresh order 039 DRINK-MNG","operation":"dispatch DRINK-MNG","quantity":3,"start":"2026-01-17T09:00:00","end":"2026-01-17T10:00:00"}
[demand] reply {"demand":"fresh order 039 DRINK-MNG","attempt":1,"result":true,"quantity":3,"date":"2030-12-31T00:00:00"}
[demand] attempt {"demand":"fresh order 057 YOG-NAT","attempt":1,"quantity":3,"requestDate":"2026-01-20T10:00:00","lastDate":"2030-12-31T00:00:00"}
[operation] ask {"demand":"fresh order 057 YOG-NAT","operation":"dispatch YOG-NAT","quantity":3,"operationQuantity":3,"end":"2026-01-20T10:00:00","operationEnd":"2026-01-20T10:00:00"}
[buffer] ask {"demand":null,"buffer":"natural yogurt","requested":3,"date":"2026-01-20T09:00:00","onhand":1}
[buffer] shortage {"buffer":"natural yogurt","iteration":0,"date":"2026-01-20T09:00:00","onhand":-3,"shortage":3}
[operation] ask {"demand":null,"operation":"process YOG-NAT","quantity":3,"operationQuantity":3,"end":"2026-01-20T09:00:00","operationEnd":"2026-01-20T09:00:00"}
[resource] ask {"demand":null,"operation":"process YOG-NAT","resource":"process tank A","start":"2026-01-19T21:00:00","end":"2026-01-20T09:00:00"}
[resource] candidate {"demand":null,"start":"2026-01-19T21:00:00","end":"2026-01-20T09:00:00","feasible":true}
[resource] ask {"demand":null,"operation":"process YOG-NAT","resource":"filling crew","start":"2026-01-19T21:00:00","end":"2026-01-20T09:00:00"}
[buffer] ask {"demand":null,"buffer":"raw milk","requested":6,"date":"2026-01-20T00:00:00","onhand":318}
[buffer] answer {"demand":null,"buffer":"raw milk","requested":6,"remainingShortage":0,"quantity":6,"date":"2030-12-31T00:00:00","plan":null}
[buffer] ask {"demand":null,"buffer":"sugar","requested":1.5,"date":"2026-01-20T00:00:00","onhand":229.5}
[buffer] answer {"demand":null,"buffer":"sugar","requested":1.5,"remainingShortage":0,"quantity":1.5,"date":"2030-12-31T00:00:00","plan":null}
[buffer] ask {"demand":null,"buffer":"cups","requested":3,"date":"2026-01-20T00:00:00","onhand":459}
[buffer] answer {"demand":null,"buffer":"cups","requested":3,"remainingShortage":0,"quantity":3,"date":"2030-12-31T00:00:00","plan":null}
[buffer] ask {"demand":null,"buffer":"natural culture","requested":0.75,"date":"2026-01-20T00:00:00","onhand":26.75}
[buffer] answer {"demand":null,"buffer":"natural culture","requested":0.75,"remainingShortage":0,"quantity":0.75,"date":"2030-12-31T00:00:00","plan":null}
[operation] answer {"demand":null,"operation":"process YOG-NAT","quantity":3,"start":"2026-01-19T21:00:00","end":"2026-01-20T09:00:00"}
[buffer] replenish {"buffer":"natural yogurt","iteration":0,"requested":3,"replenished":3,"producerDate":"2030-12-31T00:00:00","eventCountBefore":7,"eventCountAfter":8,"remaining":0}
[buffer] answer {"demand":null,"buffer":"natural yogurt","requested":3,"remainingShortage":0,"quantity":3,"date":"2030-12-31T00:00:00","plan":"OperationPlan"}
[operation] answer {"demand":"fresh order 057 YOG-NAT","operation":"dispatch YOG-NAT","quantity":3,"start":"2026-01-20T09:00:00","end":"2026-01-20T10:00:00"}
[demand] reply {"demand":"fresh order 057 YOG-NAT","attempt":1,"result":true,"quantity":3,"date":"2030-12-31T00:00:00"}
[demand] attempt {"demand":"fresh order 004 DRINK-PEA","attempt":1,"quantity":4,"requestDate":"2026-01-11T14:00:00","lastDate":"2030-12-31T00:00:00"}
[operation] ask {"demand":"fresh order 004 DRINK-PEA","operation":"dispatch DRINK-PEA","quantity":4,"operationQuantity":4,"end":"2026-01-11T14:00:00","operationEnd":"2026-01-11T14:00:00"}
[buffer] ask {"demand":null,"buffer":"peach drink","requested":4,"date":"2026-01-11T13:00:00","onhand":0}
[buffer] shortage {"buffer":"peach drink","iteration":0,"date":"2026-01-11T13:00:00","onhand":-4,"shortage":4}
[operation] ask {"demand":null,"operation":"process DRINK-PEA","quantity":4,"operationQuantity":4,"end":"2026-01-11T13:00:00","operationEnd":"2026-01-11T13:00:00"}
[resource] ask {"demand":null,"operation":"process DRINK-PEA","resource":"process tank A","start":"2026-01-11T04:00:00","end":"2026-01-11T13:00:00"}
[resource] candidate {"demand":null,"start":"2026-01-11T04:00:00","end":"2026-01-11T13:00:00","feasible":true}
[resource] ask {"demand":null,"operation":"process DRINK-PEA","resource":"filling crew","start":"2026-01-11T04:00:00","end":"2026-01-11T13:00:00"}
[buffer] ask {"demand":null,"buffer":"raw milk","requested":8,"date":"2026-01-11T05:00:00","onhand":348}
[buffer] answer {"demand":null,"buffer":"raw milk","requested":8,"remainingShortage":0,"quantity":8,"date":"2030-12-31T00:00:00","plan":null}
[buffer] ask {"demand":null,"buffer":"sugar","requested":2,"date":"2026-01-11T05:00:00","onhand":237}
[buffer] answer {"demand":null,"buffer":"sugar","requested":2,"remainingShortage":0,"quantity":2,"date":"2030-12-31T00:00:00","plan":null}
[buffer] ask {"demand":null,"buffer":"cups","requested":4,"date":"2026-01-11T05:00:00","onhand":474}
[buffer] answer {"demand":null,"buffer":"cups","requested":4,"remainingShortage":0,"quantity":4,"date":"2030-12-31T00:00:00","plan":null}
[buffer] ask {"demand":null,"buffer":"peach concentrate","requested":1,"date":"2026-01-11T05:00:00","onhand":40}
[buffer] answer {"demand":null,"buffer":"peach concentrate","requested":1,"remainingShortage":0,"quantity":1,"date":"2030-12-31T00:00:00","plan":null}
[operation] answer {"demand":null,"operation":"process DRINK-PEA","quantity":4,"start":"2026-01-11T04:00:00","end":"2026-01-11T13:00:00"}
[buffer] replenish {"buffer":"peach drink","iteration":0,"requested":4,"replenished":4,"producerDate":"2030-12-31T00:00:00","eventCountBefore":5,"eventCountAfter":6,"remaining":0}
[buffer] answer {"demand":null,"buffer":"peach drink","requested":4,"remainingShortage":0,"quantity":4,"date":"2030-12-31T00:00:00","plan":"OperationPlan"}
[operation] answer {"demand":"fresh order 004 DRINK-PEA","operation":"dispatch DRINK-PEA","quantity":4,"start":"2026-01-11T13:00:00","end":"2026-01-11T14:00:00"}
[demand] reply {"demand":"fresh order 004 DRINK-PEA","attempt":1,"result":true,"quantity":4,"date":"2030-12-31T00:00:00"}
[demand] attempt {"demand":"fresh order 022 YOG-BRY","attempt":1,"quantity":4,"requestDate":"2026-01-14T14:00:00","lastDate":"2030-12-31T00:00:00"}
[operation] ask {"demand":"fresh order 022 YOG-BRY","operation":"dispatch YOG-BRY","quantity":4,"operationQuantity":4,"end":"2026-01-14T14:00:00","operationEnd":"2026-01-14T14:00:00"}
[buffer] ask {"demand":null,"buffer":"berry yogurt","requested":4,"date":"2026-01-14T13:00:00","onhand":2}
[buffer] shortage {"buffer":"berry yogurt","iteration":0,"date":"2026-01-14T13:00:00","onhand":-4,"shortage":4}
[operation] ask {"demand":null,"operation":"process YOG-BRY","quantity":4,"operationQuantity":4,"end":"2026-01-14T13:00:00","operationEnd":"2026-01-14T13:00:00"}
[resource] ask {"demand":null,"operation":"process YOG-BRY","resource":"process tank A","start":"2026-01-14T02:00:00","end":"2026-01-14T13:00:00"}
[resource] candidate {"demand":null,"start":"2026-01-14T02:00:00","end":"2026-01-14T13:00:00","feasible":true}
[resource] ask {"demand":null,"operation":"process YOG-BRY","resource":"filling crew","start":"2026-01-14T02:00:00","end":"2026-01-14T13:00:00"}
[buffer] ask {"demand":null,"buffer":"raw milk","requested":8,"date":"2026-01-14T03:00:00","onhand":328}
[buffer] answer {"demand":null,"buffer":"raw milk","requested":8,"remainingShortage":0,"quantity":8,"date":"2030-12-31T00:00:00","plan":null}
[buffer] ask {"demand":null,"buffer":"sugar","requested":2,"date":"2026-01-14T03:00:00","onhand":232}
[buffer] answer {"demand":null,"buffer":"sugar","requested":2,"remainingShortage":0,"quantity":2,"date":"2030-12-31T00:00:00","plan":null}
[buffer] ask {"demand":null,"buffer":"cups","requested":4,"date":"2026-01-14T03:00:00","onhand":464}
[buffer] answer {"demand":null,"buffer":"cups","requested":4,"remainingShortage":0,"quantity":4,"date":"2030-12-31T00:00:00","plan":null}
[buffer] ask {"demand":null,"buffer":"berry culture","requested":1,"date":"2026-01-14T03:00:00","onhand":17.5}
[buffer] answer {"demand":null,"buffer":"berry culture","requested":1,"remainingShortage":0,"quantity":1,"date":"2030-12-31T00:00:00","plan":null}
[operation] answer {"demand":null,"operation":"process YOG-BRY","quantity":4,"start":"2026-01-14T02:00:00","end":"2026-01-14T13:00:00"}
[buffer] replenish {"buffer":"berry yogurt","iteration":0,"requested":4,"replenished":4,"producerDate":"2030-12-31T00:00:00","eventCountBefore":5,"eventCountAfter":6,"remaining":0}
[buffer] answer {"demand":null,"buffer":"berry yogurt","requested":4,"remainingShortage":0,"quantity":4,"date":"2030-12-31T00:00:00","plan":"OperationPlan"}
[operation] answer {"demand":"fresh order 022 YOG-BRY","operation":"dispatch YOG-BRY","quantity":4,"start":"2026-01-14T13:00:00","end":"2026-01-14T14:00:00"}
[demand] reply {"demand":"fresh order 022 YOG-BRY","attempt":1,"result":true,"quantity":4,"date":"2030-12-31T00:00:00"}
[demand] attempt {"demand":"fresh order 040 DRINK-PEA","attempt":1,"quantity":4,"requestDate":"2026-01-17T14:00:00","lastDate":"2030-12-31T00:00:00"}
[operation] ask {"demand":"fresh order 040 DRINK-PEA","operation":"dispatch DRINK-PEA","quantity":4,"operationQuantity":4,"end":"2026-01-17T14:00:00","operationEnd":"2026-01-17T14:00:00"}
[buffer] ask {"demand":null,"buffer":"peach drink","requested":4,"date":"2026-01-17T13:00:00","onhand":2}
[buffer] shortage {"buffer":"peach drink","iteration":0,"date":"2026-01-17T13:00:00","onhand":-4,"shortage":4}
[operation] ask {"demand":null,"operation":"process DRINK-PEA","quantity":4,"operationQuantity":4,"end":"2026-01-17T13:00:00","operationEnd":"2026-01-17T13:00:00"}
[resource] ask {"demand":null,"operation":"process DRINK-PEA","resource":"process tank A","start":"2026-01-17T04:00:00","end":"2026-01-17T13:00:00"}
[resource] candidate {"demand":null,"start":"2026-01-17T04:00:00","end":"2026-01-17T13:00:00","feasible":true}
[resource] ask {"demand":null,"operation":"process DRINK-PEA","resource":"filling crew","start":"2026-01-17T04:00:00","end":"2026-01-17T13:00:00"}
[buffer] ask {"demand":null,"buffer":"raw milk","requested":8,"date":"2026-01-17T05:00:00","onhand":308}
[buffer] answer {"demand":null,"buffer":"raw milk","requested":8,"remainingShortage":0,"quantity":8,"date":"2030-12-31T00:00:00","plan":null}
[buffer] ask {"demand":null,"buffer":"sugar","requested":2,"date":"2026-01-17T05:00:00","onhand":227}
[buffer] answer {"demand":null,"buffer":"sugar","requested":2,"remainingShortage":0,"quantity":2,"date":"2030-12-31T00:00:00","plan":null}
[buffer] ask {"demand":null,"buffer":"cups","requested":4,"date":"2026-01-17T05:00:00","onhand":454}
[buffer] answer {"demand":null,"buffer":"cups","requested":4,"remainingShortage":0,"quantity":4,"date":"2030-12-31T00:00:00","plan":null}
[buffer] ask {"demand":null,"buffer":"peach concentrate","requested":1,"date":"2026-01-17T05:00:00","onhand":38.5}
[buffer] answer {"demand":null,"buffer":"peach concentrate","requested":1,"remainingShortage":0,"quantity":1,"date":"2030-12-31T00:00:00","plan":null}
[operation] answer {"demand":null,"operation":"process DRINK-PEA","quantity":4,"start":"2026-01-17T04:00:00","end":"2026-01-17T13:00:00"}
[buffer] replenish {"buffer":"peach drink","iteration":0,"requested":4,"replenished":4,"producerDate":"2030-12-31T00:00:00","eventCountBefore":7,"eventCountAfter":8,"remaining":0}
[buffer] answer {"demand":null,"buffer":"peach drink","requested":4,"remainingShortage":0,"quantity":4,"date":"2030-12-31T00:00:00","plan":"OperationPlan"}
[operation] answer {"demand":"fresh order 040 DRINK-PEA","operation":"dispatch DRINK-PEA","quantity":4,"start":"2026-01-17T13:00:00","end":"2026-01-17T14:00:00"}
[demand] reply {"demand":"fresh order 040 DRINK-PEA","attempt":1,"result":true,"quantity":4,"date":"2030-12-31T00:00:00"}
[demand] attempt {"demand":"fresh order 058 YOG-BRY","attempt":1,"quantity":4,"requestDate":"2026-01-20T14:00:00","lastDate":"2030-12-31T00:00:00"}
[operation] ask {"demand":"fresh order 058 YOG-BRY","operation":"dispatch YOG-BRY","quantity":4,"operationQuantity":4,"end":"2026-01-20T14:00:00","operationEnd":"2026-01-20T14:00:00"}
[buffer] ask {"demand":null,"buffer":"berry yogurt","requested":4,"date":"2026-01-20T13:00:00","onhand":2}
[buffer] shortage {"buffer":"berry yogurt","iteration":0,"date":"2026-01-20T13:00:00","onhand":-4,"shortage":4}
[operation] ask {"demand":null,"operation":"process YOG-BRY","quantity":4,"operationQuantity":4,"end":"2026-01-20T13:00:00","operationEnd":"2026-01-20T13:00:00"}
[resource] ask {"demand":null,"operation":"process YOG-BRY","resource":"process tank A","start":"2026-01-20T02:00:00","end":"2026-01-20T13:00:00"}
[resource] candidate {"demand":null,"start":"2026-01-20T02:00:00","end":"2026-01-20T13:00:00","feasible":true}
[resource] ask {"demand":null,"operation":"process YOG-BRY","resource":"filling crew","start":"2026-01-20T02:00:00","end":"2026-01-20T13:00:00"}
[buffer] ask {"demand":null,"buffer":"raw milk","requested":8,"date":"2026-01-20T03:00:00","onhand":288}
[buffer] answer {"demand":null,"buffer":"raw milk","requested":8,"remainingShortage":0,"quantity":8,"date":"2030-12-31T00:00:00","plan":null}
[buffer] ask {"demand":null,"buffer":"sugar","requested":2,"date":"2026-01-20T03:00:00","onhand":222}
[buffer] answer {"demand":null,"buffer":"sugar","requested":2,"remainingShortage":0,"quantity":2,"date":"2030-12-31T00:00:00","plan":null}
[buffer] ask {"demand":null,"buffer":"cups","requested":4,"date":"2026-01-20T03:00:00","onhand":444}
[buffer] answer {"demand":null,"buffer":"cups","requested":4,"remainingShortage":0,"quantity":4,"date":"2030-12-31T00:00:00","plan":null}
[buffer] ask {"demand":null,"buffer":"berry culture","requested":1,"date":"2026-01-20T03:00:00","onhand":16}
[buffer] answer {"demand":null,"buffer":"berry culture","requested":1,"remainingShortage":0,"quantity":1,"date":"2030-12-31T00:00:00","plan":null}
[operation] answer {"demand":null,"operation":"process YOG-BRY","quantity":4,"start":"2026-01-20T02:00:00","end":"2026-01-20T13:00:00"}
[buffer] replenish {"buffer":"berry yogurt","iteration":0,"requested":4,"replenished":4,"producerDate":"2030-12-31T00:00:00","eventCountBefore":7,"eventCountAfter":8,"remaining":0}
[buffer] answer {"demand":null,"buffer":"berry yogurt","requested":4,"remainingShortage":0,"quantity":4,"date":"2030-12-31T00:00:00","plan":"OperationPlan"}
[operation] answer {"demand":"fresh order 058 YOG-BRY","operation":"dispatch YOG-BRY","quantity":4,"start":"2026-01-20T13:00:00","end":"2026-01-20T14:00:00"}
[demand] reply {"demand":"fresh order 058 YOG-BRY","attempt":1,"result":true,"quantity":4,"date":"2030-12-31T00:00:00"}
[demand] attempt {"demand":"fresh order 005 YOG-NAT","attempt":1,"quantity":2,"requestDate":"2026-01-11T18:00:00","lastDate":"2030-12-31T00:00:00"}
[operation] ask {"demand":"fresh order 005 YOG-NAT","operation":"dispatch YOG-NAT","quantity":2,"operationQuantity":2,"end":"2026-01-11T18:00:00","operationEnd":"2026-01-11T18:00:00"}
[buffer] ask {"demand":null,"buffer":"natural yogurt","requested":2,"date":"2026-01-11T17:00:00","onhand":1}
[buffer] shortage {"buffer":"natural yogurt","iteration":0,"date":"2026-01-11T17:00:00","onhand":-2,"shortage":2}
[operation] ask {"demand":null,"operation":"process YOG-NAT","quantity":2,"operationQuantity":2,"end":"2026-01-11T17:00:00","operationEnd":"2026-01-11T17:00:00"}
[resource] ask {"demand":null,"operation":"process YOG-NAT","resource":"process tank A","start":"2026-01-11T05:00:00","end":"2026-01-11T17:00:00"}
[resource] candidate {"demand":null,"start":"2026-01-11T05:00:00","end":"2026-01-11T17:00:00","feasible":true}
[resource] ask {"demand":null,"operation":"process YOG-NAT","resource":"filling crew","start":"2026-01-11T05:00:00","end":"2026-01-11T17:00:00"}
[buffer] ask {"demand":null,"buffer":"raw milk","requested":4,"date":"2026-01-11T08:00:00","onhand":340}
[buffer] answer {"demand":null,"buffer":"raw milk","requested":4,"remainingShortage":0,"quantity":4,"date":"2030-12-31T00:00:00","plan":null}
[buffer] ask {"demand":null,"buffer":"sugar","requested":1,"date":"2026-01-11T08:00:00","onhand":235}
[buffer] answer {"demand":null,"buffer":"sugar","requested":1,"remainingShortage":0,"quantity":1,"date":"2030-12-31T00:00:00","plan":null}
[buffer] ask {"demand":null,"buffer":"cups","requested":2,"date":"2026-01-11T08:00:00","onhand":470}
[buffer] answer {"demand":null,"buffer":"cups","requested":2,"remainingShortage":0,"quantity":2,"date":"2030-12-31T00:00:00","plan":null}
[buffer] ask {"demand":null,"buffer":"natural culture","requested":0.5,"date":"2026-01-11T08:00:00","onhand":27.75}
[buffer] answer {"demand":null,"buffer":"natural culture","requested":0.5,"remainingShortage":0,"quantity":0.5,"date":"2030-12-31T00:00:00","plan":null}
[operation] answer {"demand":null,"operation":"process YOG-NAT","quantity":2,"start":"2026-01-11T05:00:00","end":"2026-01-11T17:00:00"}
[buffer] replenish {"buffer":"natural yogurt","iteration":0,"requested":2,"replenished":2,"producerDate":"2030-12-31T00:00:00","eventCountBefore":9,"eventCountAfter":10,"remaining":0}
[buffer] answer {"demand":null,"buffer":"natural yogurt","requested":2,"remainingShortage":0,"quantity":2,"date":"2030-12-31T00:00:00","plan":"OperationPlan"}
[operation] answer {"demand":"fresh order 005 YOG-NAT","operation":"dispatch YOG-NAT","quantity":2,"start":"2026-01-11T17:00:00","end":"2026-01-11T18:00:00"}
[demand] reply {"demand":"fresh order 005 YOG-NAT","attempt":1,"result":true,"quantity":2,"date":"2030-12-31T00:00:00"}
[demand] attempt {"demand":"fresh order 023 DRINK-MNG","attempt":1,"quantity":2,"requestDate":"2026-01-14T18:00:00","lastDate":"2030-12-31T00:00:00"}
[operation] ask {"demand":"fresh order 023 DRINK-MNG","operation":"dispatch DRINK-MNG","quantity":2,"operationQuantity":2,"end":"2026-01-14T18:00:00","operationEnd":"2026-01-14T18:00:00"}
[buffer] ask {"demand":null,"buffer":"mango drink","requested":2,"date":"2026-01-14T17:00:00","onhand":1}
[buffer] shortage {"buffer":"mango drink","iteration":0,"date":"2026-01-14T17:00:00","onhand":-2,"shortage":2}
[operation] ask {"demand":null,"operation":"process DRINK-MNG","quantity":2,"operationQuantity":2,"end":"2026-01-14T17:00:00","operationEnd":"2026-01-14T17:00:00"}
[resource] ask {"demand":null,"operation":"process DRINK-MNG","resource":"process tank A","start":"2026-01-14T07:00:00","end":"2026-01-14T17:00:00"}
[resource] candidate {"demand":null,"start":"2026-01-14T07:00:00","end":"2026-01-14T17:00:00","feasible":true}
[resource] ask {"demand":null,"operation":"process DRINK-MNG","resource":"filling crew","start":"2026-01-14T07:00:00","end":"2026-01-14T17:00:00"}
[buffer] ask {"demand":null,"buffer":"raw milk","requested":4,"date":"2026-01-14T09:00:00","onhand":316}
[buffer] answer {"demand":null,"buffer":"raw milk","requested":4,"remainingShortage":0,"quantity":4,"date":"2030-12-31T00:00:00","plan":null}
[buffer] ask {"demand":null,"buffer":"sugar","requested":1,"date":"2026-01-14T09:00:00","onhand":229}
[buffer] answer {"demand":null,"buffer":"sugar","requested":1,"remainingShortage":0,"quantity":1,"date":"2030-12-31T00:00:00","plan":null}
[buffer] ask {"demand":null,"buffer":"cups","requested":2,"date":"2026-01-14T09:00:00","onhand":458}
[buffer] answer {"demand":null,"buffer":"cups","requested":2,"remainingShortage":0,"quantity":2,"date":"2030-12-31T00:00:00","plan":null}
[buffer] ask {"demand":null,"buffer":"mango concentrate","requested":0.5,"date":"2026-01-14T09:00:00","onhand":44}
[buffer] answer {"demand":null,"buffer":"mango concentrate","requested":0.5,"remainingShortage":0,"quantity":0.5,"date":"2030-12-31T00:00:00","plan":null}
[operation] answer {"demand":null,"operation":"process DRINK-MNG","quantity":2,"start":"2026-01-14T07:00:00","end":"2026-01-14T17:00:00"}
[buffer] replenish {"buffer":"mango drink","iteration":0,"requested":2,"replenished":2,"producerDate":"2030-12-31T00:00:00","eventCountBefore":9,"eventCountAfter":10,"remaining":0}
[buffer] answer {"demand":null,"buffer":"mango drink","requested":2,"remainingShortage":0,"quantity":2,"date":"2030-12-31T00:00:00","plan":"OperationPlan"}
[operation] answer {"demand":"fresh order 023 DRINK-MNG","operation":"dispatch DRINK-MNG","quantity":2,"start":"2026-01-14T17:00:00","end":"2026-01-14T18:00:00"}
[demand] reply {"demand":"fresh order 023 DRINK-MNG","attempt":1,"result":true,"quantity":2,"date":"2030-12-31T00:00:00"}
[demand] attempt {"demand":"fresh order 041 YOG-NAT","attempt":1,"quantity":2,"requestDate":"2026-01-17T18:00:00","lastDate":"2030-12-31T00:00:00"}
[operation] ask {"demand":"fresh order 041 YOG-NAT","operation":"dispatch YOG-NAT","quantity":2,"operationQuantity":2,"end":"2026-01-17T18:00:00","operationEnd":"2026-01-17T18:00:00"}
[buffer] ask {"demand":null,"buffer":"natural yogurt","requested":2,"date":"2026-01-17T17:00:00","onhand":1}
[buffer] shortage {"buffer":"natural yogurt","iteration":0,"date":"2026-01-17T17:00:00","onhand":-2,"shortage":2}
[operation] ask {"demand":null,"operation":"process YOG-NAT","quantity":2,"operationQuantity":2,"end":"2026-01-17T17:00:00","operationEnd":"2026-01-17T17:00:00"}
[resource] ask {"demand":null,"operation":"process YOG-NAT","resource":"process tank A","start":"2026-01-17T05:00:00","end":"2026-01-17T17:00:00"}
[resource] candidate {"demand":null,"start":"2026-01-17T05:00:00","end":"2026-01-17T17:00:00","feasible":true}
[resource] ask {"demand":null,"operation":"process YOG-NAT","resource":"filling crew","start":"2026-01-17T05:00:00","end":"2026-01-17T17:00:00"}
[buffer] ask {"demand":null,"buffer":"raw milk","requested":4,"date":"2026-01-17T08:00:00","onhand":292}
[buffer] answer {"demand":null,"buffer":"raw milk","requested":4,"remainingShortage":0,"quantity":4,"date":"2030-12-31T00:00:00","plan":null}
[buffer] ask {"demand":null,"buffer":"sugar","requested":1,"date":"2026-01-17T08:00:00","onhand":223}
[buffer] answer {"demand":null,"buffer":"sugar","requested":1,"remainingShortage":0,"quantity":1,"date":"2030-12-31T00:00:00","plan":null}
[buffer] ask {"demand":null,"buffer":"cups","requested":2,"date":"2026-01-17T08:00:00","onhand":446}
[buffer] answer {"demand":null,"buffer":"cups","requested":2,"remainingShortage":0,"quantity":2,"date":"2030-12-31T00:00:00","plan":null}
[buffer] ask {"demand":null,"buffer":"natural culture","requested":0.5,"date":"2026-01-17T08:00:00","onhand":26.25}
[buffer] answer {"demand":null,"buffer":"natural culture","requested":0.5,"remainingShortage":0,"quantity":0.5,"date":"2030-12-31T00:00:00","plan":null}
[operation] answer {"demand":null,"operation":"process YOG-NAT","quantity":2,"start":"2026-01-17T05:00:00","end":"2026-01-17T17:00:00"}
[buffer] replenish {"buffer":"natural yogurt","iteration":0,"requested":2,"replenished":2,"producerDate":"2030-12-31T00:00:00","eventCountBefore":11,"eventCountAfter":12,"remaining":0}
[buffer] answer {"demand":null,"buffer":"natural yogurt","requested":2,"remainingShortage":0,"quantity":2,"date":"2030-12-31T00:00:00","plan":"OperationPlan"}
[operation] answer {"demand":"fresh order 041 YOG-NAT","operation":"dispatch YOG-NAT","quantity":2,"start":"2026-01-17T17:00:00","end":"2026-01-17T18:00:00"}
[demand] reply {"demand":"fresh order 041 YOG-NAT","attempt":1,"result":true,"quantity":2,"date":"2030-12-31T00:00:00"}
[demand] attempt {"demand":"fresh order 059 DRINK-MNG","attempt":1,"quantity":2,"requestDate":"2026-01-20T18:00:00","lastDate":"2030-12-31T00:00:00"}
[operation] ask {"demand":"fresh order 059 DRINK-MNG","operation":"dispatch DRINK-MNG","quantity":2,"operationQuantity":2,"end":"2026-01-20T18:00:00","operationEnd":"2026-01-20T18:00:00"}
[buffer] ask {"demand":null,"buffer":"mango drink","requested":2,"date":"2026-01-20T17:00:00","onhand":1}
[buffer] shortage {"buffer":"mango drink","iteration":0,"date":"2026-01-20T17:00:00","onhand":-2,"shortage":2}
[operation] ask {"demand":null,"operation":"process DRINK-MNG","quantity":2,"operationQuantity":2,"end":"2026-01-20T17:00:00","operationEnd":"2026-01-20T17:00:00"}
[resource] ask {"demand":null,"operation":"process DRINK-MNG","resource":"process tank A","start":"2026-01-20T07:00:00","end":"2026-01-20T17:00:00"}
[resource] candidate {"demand":null,"start":"2026-01-20T07:00:00","end":"2026-01-20T17:00:00","feasible":true}
[resource] ask {"demand":null,"operation":"process DRINK-MNG","resource":"filling crew","start":"2026-01-20T07:00:00","end":"2026-01-20T17:00:00"}
[buffer] ask {"demand":null,"buffer":"raw milk","requested":4,"date":"2026-01-20T09:00:00","onhand":268}
[buffer] answer {"demand":null,"buffer":"raw milk","requested":4,"remainingShortage":0,"quantity":4,"date":"2030-12-31T00:00:00","plan":null}
[buffer] ask {"demand":null,"buffer":"sugar","requested":1,"date":"2026-01-20T09:00:00","onhand":217}
[buffer] answer {"demand":null,"buffer":"sugar","requested":1,"remainingShortage":0,"quantity":1,"date":"2030-12-31T00:00:00","plan":null}
[buffer] ask {"demand":null,"buffer":"cups","requested":2,"date":"2026-01-20T09:00:00","onhand":434}
[buffer] answer {"demand":null,"buffer":"cups","requested":2,"remainingShortage":0,"quantity":2,"date":"2030-12-31T00:00:00","plan":null}
[buffer] ask {"demand":null,"buffer":"mango concentrate","requested":0.5,"date":"2026-01-20T09:00:00","onhand":42.5}
[buffer] answer {"demand":null,"buffer":"mango concentrate","requested":0.5,"remainingShortage":0,"quantity":0.5,"date":"2030-12-31T00:00:00","plan":null}
[operation] answer {"demand":null,"operation":"process DRINK-MNG","quantity":2,"start":"2026-01-20T07:00:00","end":"2026-01-20T17:00:00"}
[buffer] replenish {"buffer":"mango drink","iteration":0,"requested":2,"replenished":2,"producerDate":"2030-12-31T00:00:00","eventCountBefore":11,"eventCountAfter":12,"remaining":0}
[buffer] answer {"demand":null,"buffer":"mango drink","requested":2,"remainingShortage":0,"quantity":2,"date":"2030-12-31T00:00:00","plan":"OperationPlan"}
[operation] answer {"demand":"fresh order 059 DRINK-MNG","operation":"dispatch DRINK-MNG","quantity":2,"start":"2026-01-20T17:00:00","end":"2026-01-20T18:00:00"}
[demand] reply {"demand":"fresh order 059 DRINK-MNG","attempt":1,"result":true,"quantity":2,"date":"2030-12-31T00:00:00"}
[demand] attempt {"demand":"fresh order 006 YOG-BRY","attempt":1,"quantity":5,"requestDate":"2026-01-11T22:00:00","lastDate":"2030-12-31T00:00:00"}
[operation] ask {"demand":"fresh order 006 YOG-BRY","operation":"dispatch YOG-BRY","quantity":5,"operationQuantity":5,"end":"2026-01-11T22:00:00","operationEnd":"2026-01-11T22:00:00"}
[buffer] ask {"demand":null,"buffer":"berry yogurt","requested":5,"date":"2026-01-11T21:00:00","onhand":2}
[buffer] shortage {"buffer":"berry yogurt","iteration":0,"date":"2026-01-11T21:00:00","onhand":-5,"shortage":5}
[operation] ask {"demand":null,"operation":"process YOG-BRY","quantity":5,"operationQuantity":5,"end":"2026-01-11T21:00:00","operationEnd":"2026-01-11T21:00:00"}
[resource] ask {"demand":null,"operation":"process YOG-BRY","resource":"process tank A","start":"2026-01-11T10:00:00","end":"2026-01-11T21:00:00"}
[resource] candidate {"demand":null,"start":"2026-01-11T10:00:00","end":"2026-01-11T21:00:00","feasible":true}
[resource] ask {"demand":null,"operation":"process YOG-BRY","resource":"filling crew","start":"2026-01-11T10:00:00","end":"2026-01-11T21:00:00"}
[buffer] ask {"demand":null,"buffer":"raw milk","requested":10,"date":"2026-01-11T11:00:00","onhand":336}
[buffer] answer {"demand":null,"buffer":"raw milk","requested":10,"remainingShortage":0,"quantity":10,"date":"2030-12-31T00:00:00","plan":null}
[buffer] ask {"demand":null,"buffer":"sugar","requested":2.5,"date":"2026-01-11T11:00:00","onhand":234}
[buffer] answer {"demand":null,"buffer":"sugar","requested":2.5,"remainingShortage":0,"quantity":2.5,"date":"2030-12-31T00:00:00","plan":null}
[buffer] ask {"demand":null,"buffer":"cups","requested":5,"date":"2026-01-11T11:00:00","onhand":468}
[buffer] answer {"demand":null,"buffer":"cups","requested":5,"remainingShortage":0,"quantity":5,"date":"2030-12-31T00:00:00","plan":null}
[buffer] ask {"demand":null,"buffer":"berry culture","requested":1.25,"date":"2026-01-11T11:00:00","onhand":17.5}
[buffer] answer {"demand":null,"buffer":"berry culture","requested":1.25,"remainingShortage":0,"quantity":1.25,"date":"2030-12-31T00:00:00","plan":null}
[operation] answer {"demand":null,"operation":"process YOG-BRY","quantity":5,"start":"2026-01-11T10:00:00","end":"2026-01-11T21:00:00"}
[buffer] replenish {"buffer":"berry yogurt","iteration":0,"requested":5,"replenished":5,"producerDate":"2030-12-31T00:00:00","eventCountBefore":9,"eventCountAfter":10,"remaining":0}
[buffer] answer {"demand":null,"buffer":"berry yogurt","requested":5,"remainingShortage":0,"quantity":5,"date":"2030-12-31T00:00:00","plan":"OperationPlan"}
[operation] answer {"demand":"fresh order 006 YOG-BRY","operation":"dispatch YOG-BRY","quantity":5,"start":"2026-01-11T21:00:00","end":"2026-01-11T22:00:00"}
[demand] reply {"demand":"fresh order 006 YOG-BRY","attempt":1,"result":true,"quantity":5,"date":"2030-12-31T00:00:00"}
[demand] attempt {"demand":"fresh order 024 DRINK-PEA","attempt":1,"quantity":5,"requestDate":"2026-01-14T22:00:00","lastDate":"2030-12-31T00:00:00"}
[operation] ask {"demand":"fresh order 024 DRINK-PEA","operation":"dispatch DRINK-PEA","quantity":5,"operationQuantity":5,"end":"2026-01-14T22:00:00","operationEnd":"2026-01-14T22:00:00"}
[buffer] ask {"demand":null,"buffer":"peach drink","requested":5,"date":"2026-01-14T21:00:00","onhand":2}
[buffer] shortage {"buffer":"peach drink","iteration":0,"date":"2026-01-14T21:00:00","onhand":-5,"shortage":5}
[operation] ask {"demand":null,"operation":"process DRINK-PEA","quantity":5,"operationQuantity":5,"end":"2026-01-14T21:00:00","operationEnd":"2026-01-14T21:00:00"}
[resource] ask {"demand":null,"operation":"process DRINK-PEA","resource":"process tank A","start":"2026-01-14T12:00:00","end":"2026-01-14T21:00:00"}
[resource] candidate {"demand":null,"start":"2026-01-14T12:00:00","end":"2026-01-14T21:00:00","feasible":true}
[resource] ask {"demand":null,"operation":"process DRINK-PEA","resource":"filling crew","start":"2026-01-14T12:00:00","end":"2026-01-14T21:00:00"}
[buffer] ask {"demand":null,"buffer":"raw milk","requested":10,"date":"2026-01-14T13:00:00","onhand":302}
[buffer] answer {"demand":null,"buffer":"raw milk","requested":10,"remainingShortage":0,"quantity":10,"date":"2030-12-31T00:00:00","plan":null}
[buffer] ask {"demand":null,"buffer":"sugar","requested":2.5,"date":"2026-01-14T13:00:00","onhand":225.5}
[buffer] answer {"demand":null,"buffer":"sugar","requested":2.5,"remainingShortage":0,"quantity":2.5,"date":"2030-12-31T00:00:00","plan":null}
[buffer] ask {"demand":null,"buffer":"cups","requested":5,"date":"2026-01-14T13:00:00","onhand":451}
[buffer] answer {"demand":null,"buffer":"cups","requested":5,"remainingShortage":0,"quantity":5,"date":"2030-12-31T00:00:00","plan":null}
[buffer] ask {"demand":null,"buffer":"peach concentrate","requested":1.25,"date":"2026-01-14T13:00:00","onhand":38.5}
[buffer] answer {"demand":null,"buffer":"peach concentrate","requested":1.25,"remainingShortage":0,"quantity":1.25,"date":"2030-12-31T00:00:00","plan":null}
[operation] answer {"demand":null,"operation":"process DRINK-PEA","quantity":5,"start":"2026-01-14T12:00:00","end":"2026-01-14T21:00:00"}
[buffer] replenish {"buffer":"peach drink","iteration":0,"requested":5,"replenished":5,"producerDate":"2030-12-31T00:00:00","eventCountBefore":9,"eventCountAfter":10,"remaining":0}
[buffer] answer {"demand":null,"buffer":"peach drink","requested":5,"remainingShortage":0,"quantity":5,"date":"2030-12-31T00:00:00","plan":"OperationPlan"}
[operation] answer {"demand":"fresh order 024 DRINK-PEA","operation":"dispatch DRINK-PEA","quantity":5,"start":"2026-01-14T21:00:00","end":"2026-01-14T22:00:00"}
[demand] reply {"demand":"fresh order 024 DRINK-PEA","attempt":1,"result":true,"quantity":5,"date":"2030-12-31T00:00:00"}
[demand] attempt {"demand":"fresh order 042 YOG-BRY","attempt":1,"quantity":5,"requestDate":"2026-01-17T22:00:00","lastDate":"2030-12-31T00:00:00"}
[operation] ask {"demand":"fresh order 042 YOG-BRY","operation":"dispatch YOG-BRY","quantity":5,"operationQuantity":5,"end":"2026-01-17T22:00:00","operationEnd":"2026-01-17T22:00:00"}
[buffer] ask {"demand":null,"buffer":"berry yogurt","requested":5,"date":"2026-01-17T21:00:00","onhand":2}
[buffer] shortage {"buffer":"berry yogurt","iteration":0,"date":"2026-01-17T21:00:00","onhand":-5,"shortage":5}
[operation] ask {"demand":null,"operation":"process YOG-BRY","quantity":5,"operationQuantity":5,"end":"2026-01-17T21:00:00","operationEnd":"2026-01-17T21:00:00"}
[resource] ask {"demand":null,"operation":"process YOG-BRY","resource":"process tank A","start":"2026-01-17T10:00:00","end":"2026-01-17T21:00:00"}
[resource] candidate {"demand":null,"start":"2026-01-17T10:00:00","end":"2026-01-17T21:00:00","feasible":true}
[resource] ask {"demand":null,"operation":"process YOG-BRY","resource":"filling crew","start":"2026-01-17T10:00:00","end":"2026-01-17T21:00:00"}
[buffer] ask {"demand":null,"buffer":"raw milk","requested":10,"date":"2026-01-17T11:00:00","onhand":268}
[buffer] answer {"demand":null,"buffer":"raw milk","requested":10,"remainingShortage":0,"quantity":10,"date":"2030-12-31T00:00:00","plan":null}
[buffer] ask {"demand":null,"buffer":"sugar","requested":2.5,"date":"2026-01-17T11:00:00","onhand":217}
[buffer] answer {"demand":null,"buffer":"sugar","requested":2.5,"remainingShortage":0,"quantity":2.5,"date":"2030-12-31T00:00:00","plan":null}
[buffer] ask {"demand":null,"buffer":"cups","requested":5,"date":"2026-01-17T11:00:00","onhand":434}
[buffer] answer {"demand":null,"buffer":"cups","requested":5,"remainingShortage":0,"quantity":5,"date":"2030-12-31T00:00:00","plan":null}
[buffer] ask {"demand":null,"buffer":"berry culture","requested":1.25,"date":"2026-01-17T11:00:00","onhand":14.75}
[buffer] answer {"demand":null,"buffer":"berry culture","requested":1.25,"remainingShortage":0,"quantity":1.25,"date":"2030-12-31T00:00:00","plan":null}
[operation] answer {"demand":null,"operation":"process YOG-BRY","quantity":5,"start":"2026-01-17T10:00:00","end":"2026-01-17T21:00:00"}
[buffer] replenish {"buffer":"berry yogurt","iteration":0,"requested":5,"replenished":5,"producerDate":"2030-12-31T00:00:00","eventCountBefore":11,"eventCountAfter":12,"remaining":0}
[buffer] answer {"demand":null,"buffer":"berry yogurt","requested":5,"remainingShortage":0,"quantity":5,"date":"2030-12-31T00:00:00","plan":"OperationPlan"}
[operation] answer {"demand":"fresh order 042 YOG-BRY","operation":"dispatch YOG-BRY","quantity":5,"start":"2026-01-17T21:00:00","end":"2026-01-17T22:00:00"}
[demand] reply {"demand":"fresh order 042 YOG-BRY","attempt":1,"result":true,"quantity":5,"date":"2030-12-31T00:00:00"}
[demand] attempt {"demand":"fresh order 060 DRINK-PEA","attempt":1,"quantity":5,"requestDate":"2026-01-20T22:00:00","lastDate":"2030-12-31T00:00:00"}
[operation] ask {"demand":"fresh order 060 DRINK-PEA","operation":"dispatch DRINK-PEA","quantity":5,"operationQuantity":5,"end":"2026-01-20T22:00:00","operationEnd":"2026-01-20T22:00:00"}
[buffer] ask {"demand":null,"buffer":"peach drink","requested":5,"date":"2026-01-20T21:00:00","onhand":2}
[buffer] shortage {"buffer":"peach drink","iteration":0,"date":"2026-01-20T21:00:00","onhand":-5,"shortage":5}
[operation] ask {"demand":null,"operation":"process DRINK-PEA","quantity":5,"operationQuantity":5,"end":"2026-01-20T21:00:00","operationEnd":"2026-01-20T21:00:00"}
[resource] ask {"demand":null,"operation":"process DRINK-PEA","resource":"process tank A","start":"2026-01-20T12:00:00","end":"2026-01-20T21:00:00"}
[resource] candidate {"demand":null,"start":"2026-01-20T12:00:00","end":"2026-01-20T21:00:00","feasible":true}
[resource] ask {"demand":null,"operation":"process DRINK-PEA","resource":"filling crew","start":"2026-01-20T12:00:00","end":"2026-01-20T21:00:00"}
[buffer] ask {"demand":null,"buffer":"raw milk","requested":10,"date":"2026-01-20T13:00:00","onhand":234}
[buffer] answer {"demand":null,"buffer":"raw milk","requested":10,"remainingShortage":0,"quantity":10,"date":"2030-12-31T00:00:00","plan":null}
[buffer] ask {"demand":null,"buffer":"sugar","requested":2.5,"date":"2026-01-20T13:00:00","onhand":208.5}
[buffer] answer {"demand":null,"buffer":"sugar","requested":2.5,"remainingShortage":0,"quantity":2.5,"date":"2030-12-31T00:00:00","plan":null}
[buffer] ask {"demand":null,"buffer":"cups","requested":5,"date":"2026-01-20T13:00:00","onhand":417}
[buffer] answer {"demand":null,"buffer":"cups","requested":5,"remainingShortage":0,"quantity":5,"date":"2030-12-31T00:00:00","plan":null}
[buffer] ask {"demand":null,"buffer":"peach concentrate","requested":1.25,"date":"2026-01-20T13:00:00","onhand":35.75}
[buffer] answer {"demand":null,"buffer":"peach concentrate","requested":1.25,"remainingShortage":0,"quantity":1.25,"date":"2030-12-31T00:00:00","plan":null}
[operation] answer {"demand":null,"operation":"process DRINK-PEA","quantity":5,"start":"2026-01-20T12:00:00","end":"2026-01-20T21:00:00"}
[buffer] replenish {"buffer":"peach drink","iteration":0,"requested":5,"replenished":5,"producerDate":"2030-12-31T00:00:00","eventCountBefore":11,"eventCountAfter":12,"remaining":0}
[buffer] answer {"demand":null,"buffer":"peach drink","requested":5,"remainingShortage":0,"quantity":5,"date":"2030-12-31T00:00:00","plan":"OperationPlan"}
[operation] answer {"demand":"fresh order 060 DRINK-PEA","operation":"dispatch DRINK-PEA","quantity":5,"start":"2026-01-20T21:00:00","end":"2026-01-20T22:00:00"}
[demand] reply {"demand":"fresh order 060 DRINK-PEA","attempt":1,"result":true,"quantity":5,"date":"2030-12-31T00:00:00"}
[demand] attempt {"demand":"fresh order 007 DRINK-MNG","attempt":1,"quantity":1,"requestDate":"2026-01-12T02:00:00","lastDate":"2030-12-31T00:00:00"}
[operation] ask {"demand":"fresh order 007 DRINK-MNG","operation":"dispatch DRINK-MNG","quantity":1,"operationQuantity":1,"end":"2026-01-12T02:00:00","operationEnd":"2026-01-12T02:00:00"}
[buffer] ask {"demand":null,"buffer":"mango drink","requested":1,"date":"2026-01-12T01:00:00","onhand":3}
[buffer] shortage {"buffer":"mango drink","iteration":0,"date":"2026-01-12T01:00:00","onhand":-1,"shortage":1}
[operation] ask {"demand":null,"operation":"process DRINK-MNG","quantity":1,"operationQuantity":1,"end":"2026-01-12T01:00:00","operationEnd":"2026-01-12T01:00:00"}
[resource] ask {"demand":null,"operation":"process DRINK-MNG","resource":"process tank A","start":"2026-01-11T15:00:00","end":"2026-01-12T01:00:00"}
[resource] candidate {"demand":null,"start":"2026-01-11T15:00:00","end":"2026-01-12T01:00:00","feasible":true}
[resource] ask {"demand":null,"operation":"process DRINK-MNG","resource":"filling crew","start":"2026-01-11T15:00:00","end":"2026-01-12T01:00:00"}
[buffer] ask {"demand":null,"buffer":"raw milk","requested":2,"date":"2026-01-11T17:00:00","onhand":326}
[buffer] answer {"demand":null,"buffer":"raw milk","requested":2,"remainingShortage":0,"quantity":2,"date":"2030-12-31T00:00:00","plan":null}
[buffer] ask {"demand":null,"buffer":"sugar","requested":0.5,"date":"2026-01-11T17:00:00","onhand":231.5}
[buffer] answer {"demand":null,"buffer":"sugar","requested":0.5,"remainingShortage":0,"quantity":0.5,"date":"2030-12-31T00:00:00","plan":null}
[buffer] ask {"demand":null,"buffer":"cups","requested":1,"date":"2026-01-11T17:00:00","onhand":463}
[buffer] answer {"demand":null,"buffer":"cups","requested":1,"remainingShortage":0,"quantity":1,"date":"2030-12-31T00:00:00","plan":null}
[buffer] ask {"demand":null,"buffer":"mango concentrate","requested":0.25,"date":"2026-01-11T17:00:00","onhand":44.25}
[buffer] answer {"demand":null,"buffer":"mango concentrate","requested":0.25,"remainingShortage":0,"quantity":0.25,"date":"2030-12-31T00:00:00","plan":null}
[operation] answer {"demand":null,"operation":"process DRINK-MNG","quantity":1,"start":"2026-01-11T15:00:00","end":"2026-01-12T01:00:00"}
[buffer] replenish {"buffer":"mango drink","iteration":0,"requested":1,"replenished":1,"producerDate":"2030-12-31T00:00:00","eventCountBefore":13,"eventCountAfter":14,"remaining":0}
[buffer] answer {"demand":null,"buffer":"mango drink","requested":1,"remainingShortage":0,"quantity":1,"date":"2030-12-31T00:00:00","plan":"OperationPlan"}
[operation] answer {"demand":"fresh order 007 DRINK-MNG","operation":"dispatch DRINK-MNG","quantity":1,"start":"2026-01-12T01:00:00","end":"2026-01-12T02:00:00"}
[demand] reply {"demand":"fresh order 007 DRINK-MNG","attempt":1,"result":true,"quantity":1,"date":"2030-12-31T00:00:00"}
[demand] attempt {"demand":"fresh order 025 YOG-NAT","attempt":1,"quantity":1,"requestDate":"2026-01-15T02:00:00","lastDate":"2030-12-31T00:00:00"}
[operation] ask {"demand":"fresh order 025 YOG-NAT","operation":"dispatch YOG-NAT","quantity":1,"operationQuantity":1,"end":"2026-01-15T02:00:00","operationEnd":"2026-01-15T02:00:00"}
[buffer] ask {"demand":null,"buffer":"natural yogurt","requested":1,"date":"2026-01-15T01:00:00","onhand":3}
[buffer] shortage {"buffer":"natural yogurt","iteration":0,"date":"2026-01-15T01:00:00","onhand":-1,"shortage":1}
[operation] ask {"demand":null,"operation":"process YOG-NAT","quantity":1,"operationQuantity":1,"end":"2026-01-15T01:00:00","operationEnd":"2026-01-15T01:00:00"}
[resource] ask {"demand":null,"operation":"process YOG-NAT","resource":"process tank A","start":"2026-01-14T13:00:00","end":"2026-01-15T01:00:00"}
[resource] candidate {"demand":null,"start":"2026-01-14T13:00:00","end":"2026-01-15T01:00:00","feasible":true}
[resource] ask {"demand":null,"operation":"process YOG-NAT","resource":"filling crew","start":"2026-01-14T13:00:00","end":"2026-01-15T01:00:00"}
[buffer] ask {"demand":null,"buffer":"raw milk","requested":2,"date":"2026-01-14T16:00:00","onhand":290}
[buffer] answer {"demand":null,"buffer":"raw milk","requested":2,"remainingShortage":0,"quantity":2,"date":"2030-12-31T00:00:00","plan":null}
[buffer] ask {"demand":null,"buffer":"sugar","requested":0.5,"date":"2026-01-14T16:00:00","onhand":222.5}
[buffer] answer {"demand":null,"buffer":"sugar","requested":0.5,"remainingShortage":0,"quantity":0.5,"date":"2030-12-31T00:00:00","plan":null}
[buffer] ask {"demand":null,"buffer":"cups","requested":1,"date":"2026-01-14T16:00:00","onhand":445}
[buffer] answer {"demand":null,"buffer":"cups","requested":1,"remainingShortage":0,"quantity":1,"date":"2030-12-31T00:00:00","plan":null}
[buffer] ask {"demand":null,"buffer":"natural culture","requested":0.25,"date":"2026-01-14T16:00:00","onhand":26.5}
[buffer] answer {"demand":null,"buffer":"natural culture","requested":0.25,"remainingShortage":0,"quantity":0.25,"date":"2030-12-31T00:00:00","plan":null}
[operation] answer {"demand":null,"operation":"process YOG-NAT","quantity":1,"start":"2026-01-14T13:00:00","end":"2026-01-15T01:00:00"}
[buffer] replenish {"buffer":"natural yogurt","iteration":0,"requested":1,"replenished":1,"producerDate":"2030-12-31T00:00:00","eventCountBefore":13,"eventCountAfter":14,"remaining":0}
[buffer] answer {"demand":null,"buffer":"natural yogurt","requested":1,"remainingShortage":0,"quantity":1,"date":"2030-12-31T00:00:00","plan":"OperationPlan"}
[operation] answer {"demand":"fresh order 025 YOG-NAT","operation":"dispatch YOG-NAT","quantity":1,"start":"2026-01-15T01:00:00","end":"2026-01-15T02:00:00"}
[demand] reply {"demand":"fresh order 025 YOG-NAT","attempt":1,"result":true,"quantity":1,"date":"2030-12-31T00:00:00"}
[demand] attempt {"demand":"fresh order 043 DRINK-MNG","attempt":1,"quantity":1,"requestDate":"2026-01-18T02:00:00","lastDate":"2030-12-31T00:00:00"}
[operation] ask {"demand":"fresh order 043 DRINK-MNG","operation":"dispatch DRINK-MNG","quantity":1,"operationQuantity":1,"end":"2026-01-18T02:00:00","operationEnd":"2026-01-18T02:00:00"}
[buffer] ask {"demand":null,"buffer":"mango drink","requested":1,"date":"2026-01-18T01:00:00","onhand":3}
[buffer] shortage {"buffer":"mango drink","iteration":0,"date":"2026-01-18T01:00:00","onhand":-1,"shortage":1}
[operation] ask {"demand":null,"operation":"process DRINK-MNG","quantity":1,"operationQuantity":1,"end":"2026-01-18T01:00:00","operationEnd":"2026-01-18T01:00:00"}
[resource] ask {"demand":null,"operation":"process DRINK-MNG","resource":"process tank A","start":"2026-01-17T15:00:00","end":"2026-01-18T01:00:00"}
[resource] candidate {"demand":null,"start":"2026-01-17T15:00:00","end":"2026-01-18T01:00:00","feasible":true}
[resource] ask {"demand":null,"operation":"process DRINK-MNG","resource":"filling crew","start":"2026-01-17T15:00:00","end":"2026-01-18T01:00:00"}
[buffer] ask {"demand":null,"buffer":"raw milk","requested":2,"date":"2026-01-17T17:00:00","onhand":254}
[buffer] answer {"demand":null,"buffer":"raw milk","requested":2,"remainingShortage":0,"quantity":2,"date":"2030-12-31T00:00:00","plan":null}
[buffer] ask {"demand":null,"buffer":"sugar","requested":0.5,"date":"2026-01-17T17:00:00","onhand":213.5}
[buffer] answer {"demand":null,"buffer":"sugar","requested":0.5,"remainingShortage":0,"quantity":0.5,"date":"2030-12-31T00:00:00","plan":null}
[buffer] ask {"demand":null,"buffer":"cups","requested":1,"date":"2026-01-17T17:00:00","onhand":427}
[buffer] answer {"demand":null,"buffer":"cups","requested":1,"remainingShortage":0,"quantity":1,"date":"2030-12-31T00:00:00","plan":null}
[buffer] ask {"demand":null,"buffer":"mango concentrate","requested":0.25,"date":"2026-01-17T17:00:00","onhand":42.5}
[buffer] answer {"demand":null,"buffer":"mango concentrate","requested":0.25,"remainingShortage":0,"quantity":0.25,"date":"2030-12-31T00:00:00","plan":null}
[operation] answer {"demand":null,"operation":"process DRINK-MNG","quantity":1,"start":"2026-01-17T15:00:00","end":"2026-01-18T01:00:00"}
[buffer] replenish {"buffer":"mango drink","iteration":0,"requested":1,"replenished":1,"producerDate":"2030-12-31T00:00:00","eventCountBefore":15,"eventCountAfter":16,"remaining":0}
[buffer] answer {"demand":null,"buffer":"mango drink","requested":1,"remainingShortage":0,"quantity":1,"date":"2030-12-31T00:00:00","plan":"OperationPlan"}
[operation] answer {"demand":"fresh order 043 DRINK-MNG","operation":"dispatch DRINK-MNG","quantity":1,"start":"2026-01-18T01:00:00","end":"2026-01-18T02:00:00"}
[demand] reply {"demand":"fresh order 043 DRINK-MNG","attempt":1,"result":true,"quantity":1,"date":"2030-12-31T00:00:00"}
[demand] attempt {"demand":"fresh order 061 YOG-NAT","attempt":1,"quantity":1,"requestDate":"2026-01-21T02:00:00","lastDate":"2030-12-31T00:00:00"}
[operation] ask {"demand":"fresh order 061 YOG-NAT","operation":"dispatch YOG-NAT","quantity":1,"operationQuantity":1,"end":"2026-01-21T02:00:00","operationEnd":"2026-01-21T02:00:00"}
[buffer] ask {"demand":null,"buffer":"natural yogurt","requested":1,"date":"2026-01-21T01:00:00","onhand":3}
[buffer] shortage {"buffer":"natural yogurt","iteration":0,"date":"2026-01-21T01:00:00","onhand":-1,"shortage":1}
[operation] ask {"demand":null,"operation":"process YOG-NAT","quantity":1,"operationQuantity":1,"end":"2026-01-21T01:00:00","operationEnd":"2026-01-21T01:00:00"}
[resource] ask {"demand":null,"operation":"process YOG-NAT","resource":"process tank A","start":"2026-01-20T13:00:00","end":"2026-01-21T01:00:00"}
[resource] candidate {"demand":null,"start":"2026-01-20T13:00:00","end":"2026-01-21T01:00:00","feasible":true}
[resource] ask {"demand":null,"operation":"process YOG-NAT","resource":"filling crew","start":"2026-01-20T13:00:00","end":"2026-01-21T01:00:00"}
[buffer] ask {"demand":null,"buffer":"raw milk","requested":2,"date":"2026-01-20T16:00:00","onhand":218}
[buffer] answer {"demand":null,"buffer":"raw milk","requested":2,"remainingShortage":0,"quantity":2,"date":"2030-12-31T00:00:00","plan":null}
[buffer] ask {"demand":null,"buffer":"sugar","requested":0.5,"date":"2026-01-20T16:00:00","onhand":204.5}
[buffer] answer {"demand":null,"buffer":"sugar","requested":0.5,"remainingShortage":0,"quantity":0.5,"date":"2030-12-31T00:00:00","plan":null}
[buffer] ask {"demand":null,"buffer":"cups","requested":1,"date":"2026-01-20T16:00:00","onhand":409}
[buffer] answer {"demand":null,"buffer":"cups","requested":1,"remainingShortage":0,"quantity":1,"date":"2030-12-31T00:00:00","plan":null}
[buffer] ask {"demand":null,"buffer":"natural culture","requested":0.25,"date":"2026-01-20T16:00:00","onhand":24.75}
[buffer] answer {"demand":null,"buffer":"natural culture","requested":0.25,"remainingShortage":0,"quantity":0.25,"date":"2030-12-31T00:00:00","plan":null}
[operation] answer {"demand":null,"operation":"process YOG-NAT","quantity":1,"start":"2026-01-20T13:00:00","end":"2026-01-21T01:00:00"}
[buffer] replenish {"buffer":"natural yogurt","iteration":0,"requested":1,"replenished":1,"producerDate":"2030-12-31T00:00:00","eventCountBefore":15,"eventCountAfter":16,"remaining":0}
[buffer] answer {"demand":null,"buffer":"natural yogurt","requested":1,"remainingShortage":0,"quantity":1,"date":"2030-12-31T00:00:00","plan":"OperationPlan"}
[operation] answer {"demand":"fresh order 061 YOG-NAT","operation":"dispatch YOG-NAT","quantity":1,"start":"2026-01-21T01:00:00","end":"2026-01-21T02:00:00"}
[demand] reply {"demand":"fresh order 061 YOG-NAT","attempt":1,"result":true,"quantity":1,"date":"2030-12-31T00:00:00"}
[demand] attempt {"demand":"fresh order 008 DRINK-PEA","attempt":1,"quantity":2,"requestDate":"2026-01-12T06:00:00","lastDate":"2030-12-31T00:00:00"}
[operation] ask {"demand":"fresh order 008 DRINK-PEA","operation":"dispatch DRINK-PEA","quantity":2,"operationQuantity":2,"end":"2026-01-12T06:00:00","operationEnd":"2026-01-12T06:00:00"}
[buffer] ask {"demand":null,"buffer":"peach drink","requested":2,"date":"2026-01-12T05:00:00","onhand":4}
[buffer] shortage {"buffer":"peach drink","iteration":0,"date":"2026-01-12T05:00:00","onhand":-2,"shortage":2}
[operation] ask {"demand":null,"operation":"process DRINK-PEA","quantity":2,"operationQuantity":2,"end":"2026-01-12T05:00:00","operationEnd":"2026-01-12T05:00:00"}
[resource] ask {"demand":null,"operation":"process DRINK-PEA","resource":"process tank A","start":"2026-01-11T20:00:00","end":"2026-01-12T05:00:00"}
[resource] candidate {"demand":null,"start":"2026-01-11T20:00:00","end":"2026-01-12T05:00:00","feasible":true}
[resource] ask {"demand":null,"operation":"process DRINK-PEA","resource":"filling crew","start":"2026-01-11T20:00:00","end":"2026-01-12T05:00:00"}
[buffer] ask {"demand":null,"buffer":"raw milk","requested":4,"date":"2026-01-11T21:00:00","onhand":324}
[buffer] answer {"demand":null,"buffer":"raw milk","requested":4,"remainingShortage":0,"quantity":4,"date":"2030-12-31T00:00:00","plan":null}
[buffer] ask {"demand":null,"buffer":"sugar","requested":1,"date":"2026-01-11T21:00:00","onhand":231}
[buffer] answer {"demand":null,"buffer":"sugar","requested":1,"remainingShortage":0,"quantity":1,"date":"2030-12-31T00:00:00","plan":null}
[buffer] ask {"demand":null,"buffer":"cups","requested":2,"date":"2026-01-11T21:00:00","onhand":462}
[buffer] answer {"demand":null,"buffer":"cups","requested":2,"remainingShortage":0,"quantity":2,"date":"2030-12-31T00:00:00","plan":null}
[buffer] ask {"demand":null,"buffer":"peach concentrate","requested":0.5,"date":"2026-01-11T21:00:00","onhand":39}
[buffer] answer {"demand":null,"buffer":"peach concentrate","requested":0.5,"remainingShortage":0,"quantity":0.5,"date":"2030-12-31T00:00:00","plan":null}
[operation] answer {"demand":null,"operation":"process DRINK-PEA","quantity":2,"start":"2026-01-11T20:00:00","end":"2026-01-12T05:00:00"}
[buffer] replenish {"buffer":"peach drink","iteration":0,"requested":2,"replenished":2,"producerDate":"2030-12-31T00:00:00","eventCountBefore":13,"eventCountAfter":14,"remaining":0}
[buffer] answer {"demand":null,"buffer":"peach drink","requested":2,"remainingShortage":0,"quantity":2,"date":"2030-12-31T00:00:00","plan":"OperationPlan"}
[operation] answer {"demand":"fresh order 008 DRINK-PEA","operation":"dispatch DRINK-PEA","quantity":2,"start":"2026-01-12T05:00:00","end":"2026-01-12T06:00:00"}
[demand] reply {"demand":"fresh order 008 DRINK-PEA","attempt":1,"result":true,"quantity":2,"date":"2030-12-31T00:00:00"}
[demand] attempt {"demand":"fresh order 026 YOG-BRY","attempt":1,"quantity":2,"requestDate":"2026-01-15T06:00:00","lastDate":"2030-12-31T00:00:00"}
[operation] ask {"demand":"fresh order 026 YOG-BRY","operation":"dispatch YOG-BRY","quantity":2,"operationQuantity":2,"end":"2026-01-15T06:00:00","operationEnd":"2026-01-15T06:00:00"}
[buffer] ask {"demand":null,"buffer":"berry yogurt","requested":2,"date":"2026-01-15T05:00:00","onhand":4}
[buffer] shortage {"buffer":"berry yogurt","iteration":0,"date":"2026-01-15T05:00:00","onhand":-2,"shortage":2}
[operation] ask {"demand":null,"operation":"process YOG-BRY","quantity":2,"operationQuantity":2,"end":"2026-01-15T05:00:00","operationEnd":"2026-01-15T05:00:00"}
[resource] ask {"demand":null,"operation":"process YOG-BRY","resource":"process tank A","start":"2026-01-14T18:00:00","end":"2026-01-15T05:00:00"}
[resource] candidate {"demand":null,"start":"2026-01-14T18:00:00","end":"2026-01-15T05:00:00","feasible":true}
[resource] ask {"demand":null,"operation":"process YOG-BRY","resource":"filling crew","start":"2026-01-14T18:00:00","end":"2026-01-15T05:00:00"}
[buffer] ask {"demand":null,"buffer":"raw milk","requested":4,"date":"2026-01-14T19:00:00","onhand":284}
[buffer] answer {"demand":null,"buffer":"raw milk","requested":4,"remainingShortage":0,"quantity":4,"date":"2030-12-31T00:00:00","plan":null}
[buffer] ask {"demand":null,"buffer":"sugar","requested":1,"date":"2026-01-14T19:00:00","onhand":221}
[buffer] answer {"demand":null,"buffer":"sugar","requested":1,"remainingShortage":0,"quantity":1,"date":"2030-12-31T00:00:00","plan":null}
[buffer] ask {"demand":null,"buffer":"cups","requested":2,"date":"2026-01-14T19:00:00","onhand":442}
[buffer] answer {"demand":null,"buffer":"cups","requested":2,"remainingShortage":0,"quantity":2,"date":"2030-12-31T00:00:00","plan":null}
[buffer] ask {"demand":null,"buffer":"berry culture","requested":0.5,"date":"2026-01-14T19:00:00","onhand":15.25}
[buffer] answer {"demand":null,"buffer":"berry culture","requested":0.5,"remainingShortage":0,"quantity":0.5,"date":"2030-12-31T00:00:00","plan":null}
[operation] answer {"demand":null,"operation":"process YOG-BRY","quantity":2,"start":"2026-01-14T18:00:00","end":"2026-01-15T05:00:00"}
[buffer] replenish {"buffer":"berry yogurt","iteration":0,"requested":2,"replenished":2,"producerDate":"2030-12-31T00:00:00","eventCountBefore":13,"eventCountAfter":14,"remaining":0}
[buffer] answer {"demand":null,"buffer":"berry yogurt","requested":2,"remainingShortage":0,"quantity":2,"date":"2030-12-31T00:00:00","plan":"OperationPlan"}
[operation] answer {"demand":"fresh order 026 YOG-BRY","operation":"dispatch YOG-BRY","quantity":2,"start":"2026-01-15T05:00:00","end":"2026-01-15T06:00:00"}
[demand] reply {"demand":"fresh order 026 YOG-BRY","attempt":1,"result":true,"quantity":2,"date":"2030-12-31T00:00:00"}
[demand] attempt {"demand":"fresh order 044 DRINK-PEA","attempt":1,"quantity":2,"requestDate":"2026-01-18T06:00:00","lastDate":"2030-12-31T00:00:00"}
[operation] ask {"demand":"fresh order 044 DRINK-PEA","operation":"dispatch DRINK-PEA","quantity":2,"operationQuantity":2,"end":"2026-01-18T06:00:00","operationEnd":"2026-01-18T06:00:00"}
[buffer] ask {"demand":null,"buffer":"peach drink","requested":2,"date":"2026-01-18T05:00:00","onhand":4}
[buffer] shortage {"buffer":"peach drink","iteration":0,"date":"2026-01-18T05:00:00","onhand":-2,"shortage":2}
[operation] ask {"demand":null,"operation":"process DRINK-PEA","quantity":2,"operationQuantity":2,"end":"2026-01-18T05:00:00","operationEnd":"2026-01-18T05:00:00"}
[resource] ask {"demand":null,"operation":"process DRINK-PEA","resource":"process tank A","start":"2026-01-17T20:00:00","end":"2026-01-18T05:00:00"}
[resource] candidate {"demand":null,"start":"2026-01-17T20:00:00","end":"2026-01-18T05:00:00","feasible":true}
[resource] ask {"demand":null,"operation":"process DRINK-PEA","resource":"filling crew","start":"2026-01-17T20:00:00","end":"2026-01-18T05:00:00"}
[buffer] ask {"demand":null,"buffer":"raw milk","requested":4,"date":"2026-01-17T21:00:00","onhand":244}
[buffer] answer {"demand":null,"buffer":"raw milk","requested":4,"remainingShortage":0,"quantity":4,"date":"2030-12-31T00:00:00","plan":null}
[buffer] ask {"demand":null,"buffer":"sugar","requested":1,"date":"2026-01-17T21:00:00","onhand":211}
[buffer] answer {"demand":null,"buffer":"sugar","requested":1,"remainingShortage":0,"quantity":1,"date":"2030-12-31T00:00:00","plan":null}
[buffer] ask {"demand":null,"buffer":"cups","requested":2,"date":"2026-01-17T21:00:00","onhand":422}
[buffer] answer {"demand":null,"buffer":"cups","requested":2,"remainingShortage":0,"quantity":2,"date":"2030-12-31T00:00:00","plan":null}
[buffer] ask {"demand":null,"buffer":"peach concentrate","requested":0.5,"date":"2026-01-17T21:00:00","onhand":35.75}
[buffer] answer {"demand":null,"buffer":"peach concentrate","requested":0.5,"remainingShortage":0,"quantity":0.5,"date":"2030-12-31T00:00:00","plan":null}
[operation] answer {"demand":null,"operation":"process DRINK-PEA","quantity":2,"start":"2026-01-17T20:00:00","end":"2026-01-18T05:00:00"}
[buffer] replenish {"buffer":"peach drink","iteration":0,"requested":2,"replenished":2,"producerDate":"2030-12-31T00:00:00","eventCountBefore":15,"eventCountAfter":16,"remaining":0}
[buffer] answer {"demand":null,"buffer":"peach drink","requested":2,"remainingShortage":0,"quantity":2,"date":"2030-12-31T00:00:00","plan":"OperationPlan"}
[operation] answer {"demand":"fresh order 044 DRINK-PEA","operation":"dispatch DRINK-PEA","quantity":2,"start":"2026-01-18T05:00:00","end":"2026-01-18T06:00:00"}
[demand] reply {"demand":"fresh order 044 DRINK-PEA","attempt":1,"result":true,"quantity":2,"date":"2030-12-31T00:00:00"}
[demand] attempt {"demand":"fresh order 062 YOG-BRY","attempt":1,"quantity":2,"requestDate":"2026-01-21T06:00:00","lastDate":"2030-12-31T00:00:00"}
[operation] ask {"demand":"fresh order 062 YOG-BRY","operation":"dispatch YOG-BRY","quantity":2,"operationQuantity":2,"end":"2026-01-21T06:00:00","operationEnd":"2026-01-21T06:00:00"}
[buffer] ask {"demand":null,"buffer":"berry yogurt","requested":2,"date":"2026-01-21T05:00:00","onhand":4}
[buffer] shortage {"buffer":"berry yogurt","iteration":0,"date":"2026-01-21T05:00:00","onhand":-2,"shortage":2}
[operation] ask {"demand":null,"operation":"process YOG-BRY","quantity":2,"operationQuantity":2,"end":"2026-01-21T05:00:00","operationEnd":"2026-01-21T05:00:00"}
[resource] ask {"demand":null,"operation":"process YOG-BRY","resource":"process tank A","start":"2026-01-20T18:00:00","end":"2026-01-21T05:00:00"}
[resource] candidate {"demand":null,"start":"2026-01-20T18:00:00","end":"2026-01-21T05:00:00","feasible":true}
[resource] ask {"demand":null,"operation":"process YOG-BRY","resource":"filling crew","start":"2026-01-20T18:00:00","end":"2026-01-21T05:00:00"}
[buffer] ask {"demand":null,"buffer":"raw milk","requested":4,"date":"2026-01-20T19:00:00","onhand":204}
[buffer] answer {"demand":null,"buffer":"raw milk","requested":4,"remainingShortage":0,"quantity":4,"date":"2030-12-31T00:00:00","plan":null}
[buffer] ask {"demand":null,"buffer":"sugar","requested":1,"date":"2026-01-20T19:00:00","onhand":201}
[buffer] answer {"demand":null,"buffer":"sugar","requested":1,"remainingShortage":0,"quantity":1,"date":"2030-12-31T00:00:00","plan":null}
[buffer] ask {"demand":null,"buffer":"cups","requested":2,"date":"2026-01-20T19:00:00","onhand":402}
[buffer] answer {"demand":null,"buffer":"cups","requested":2,"remainingShortage":0,"quantity":2,"date":"2030-12-31T00:00:00","plan":null}
[buffer] ask {"demand":null,"buffer":"berry culture","requested":0.5,"date":"2026-01-20T19:00:00","onhand":12}
[buffer] answer {"demand":null,"buffer":"berry culture","requested":0.5,"remainingShortage":0,"quantity":0.5,"date":"2030-12-31T00:00:00","plan":null}
[operation] answer {"demand":null,"operation":"process YOG-BRY","quantity":2,"start":"2026-01-20T18:00:00","end":"2026-01-21T05:00:00"}
[buffer] replenish {"buffer":"berry yogurt","iteration":0,"requested":2,"replenished":2,"producerDate":"2030-12-31T00:00:00","eventCountBefore":15,"eventCountAfter":16,"remaining":0}
[buffer] answer {"demand":null,"buffer":"berry yogurt","requested":2,"remainingShortage":0,"quantity":2,"date":"2030-12-31T00:00:00","plan":"OperationPlan"}
[operation] answer {"demand":"fresh order 062 YOG-BRY","operation":"dispatch YOG-BRY","quantity":2,"start":"2026-01-21T05:00:00","end":"2026-01-21T06:00:00"}
[demand] reply {"demand":"fresh order 062 YOG-BRY","attempt":1,"result":true,"quantity":2,"date":"2030-12-31T00:00:00"}
[demand] attempt {"demand":"fresh order 009 YOG-NAT","attempt":1,"quantity":3,"requestDate":"2026-01-12T10:00:00","lastDate":"2030-12-31T00:00:00"}
[operation] ask {"demand":"fresh order 009 YOG-NAT","operation":"dispatch YOG-NAT","quantity":3,"operationQuantity":3,"end":"2026-01-12T10:00:00","operationEnd":"2026-01-12T10:00:00"}
[buffer] ask {"demand":null,"buffer":"natural yogurt","requested":3,"date":"2026-01-12T09:00:00","onhand":2}
[buffer] shortage {"buffer":"natural yogurt","iteration":0,"date":"2026-01-12T09:00:00","onhand":-3,"shortage":3}
[operation] ask {"demand":null,"operation":"process YOG-NAT","quantity":3,"operationQuantity":3,"end":"2026-01-12T09:00:00","operationEnd":"2026-01-12T09:00:00"}
[resource] ask {"demand":null,"operation":"process YOG-NAT","resource":"process tank A","start":"2026-01-11T21:00:00","end":"2026-01-12T09:00:00"}
[resource] candidate {"demand":null,"start":"2026-01-11T21:00:00","end":"2026-01-12T09:00:00","feasible":true}
[resource] ask {"demand":null,"operation":"process YOG-NAT","resource":"filling crew","start":"2026-01-11T21:00:00","end":"2026-01-12T09:00:00"}
[buffer] ask {"demand":null,"buffer":"raw milk","requested":6,"date":"2026-01-12T00:00:00","onhand":320}
[buffer] answer {"demand":null,"buffer":"raw milk","requested":6,"remainingShortage":0,"quantity":6,"date":"2030-12-31T00:00:00","plan":null}
[buffer] ask {"demand":null,"buffer":"sugar","requested":1.5,"date":"2026-01-12T00:00:00","onhand":230}
[buffer] answer {"demand":null,"buffer":"sugar","requested":1.5,"remainingShortage":0,"quantity":1.5,"date":"2030-12-31T00:00:00","plan":null}
[buffer] ask {"demand":null,"buffer":"cups","requested":3,"date":"2026-01-12T00:00:00","onhand":460}
[buffer] answer {"demand":null,"buffer":"cups","requested":3,"remainingShortage":0,"quantity":3,"date":"2030-12-31T00:00:00","plan":null}
[buffer] ask {"demand":null,"buffer":"natural culture","requested":0.75,"date":"2026-01-12T00:00:00","onhand":27.25}
[buffer] answer {"demand":null,"buffer":"natural culture","requested":0.75,"remainingShortage":0,"quantity":0.75,"date":"2030-12-31T00:00:00","plan":null}
[operation] answer {"demand":null,"operation":"process YOG-NAT","quantity":3,"start":"2026-01-11T21:00:00","end":"2026-01-12T09:00:00"}
[buffer] replenish {"buffer":"natural yogurt","iteration":0,"requested":3,"replenished":3,"producerDate":"2030-12-31T00:00:00","eventCountBefore":17,"eventCountAfter":18,"remaining":0}
[buffer] answer {"demand":null,"buffer":"natural yogurt","requested":3,"remainingShortage":0,"quantity":3,"date":"2030-12-31T00:00:00","plan":"OperationPlan"}
[operation] answer {"demand":"fresh order 009 YOG-NAT","operation":"dispatch YOG-NAT","quantity":3,"start":"2026-01-12T09:00:00","end":"2026-01-12T10:00:00"}
[demand] reply {"demand":"fresh order 009 YOG-NAT","attempt":1,"result":true,"quantity":3,"date":"2030-12-31T00:00:00"}
[demand] attempt {"demand":"fresh order 027 DRINK-MNG","attempt":1,"quantity":3,"requestDate":"2026-01-15T10:00:00","lastDate":"2030-12-31T00:00:00"}
[operation] ask {"demand":"fresh order 027 DRINK-MNG","operation":"dispatch DRINK-MNG","quantity":3,"operationQuantity":3,"end":"2026-01-15T10:00:00","operationEnd":"2026-01-15T10:00:00"}
[buffer] ask {"demand":null,"buffer":"mango drink","requested":3,"date":"2026-01-15T09:00:00","onhand":2}
[buffer] shortage {"buffer":"mango drink","iteration":0,"date":"2026-01-15T09:00:00","onhand":-3,"shortage":3}
[operation] ask {"demand":null,"operation":"process DRINK-MNG","quantity":3,"operationQuantity":3,"end":"2026-01-15T09:00:00","operationEnd":"2026-01-15T09:00:00"}
[resource] ask {"demand":null,"operation":"process DRINK-MNG","resource":"process tank A","start":"2026-01-14T23:00:00","end":"2026-01-15T09:00:00"}
[resource] candidate {"demand":null,"start":"2026-01-14T23:00:00","end":"2026-01-15T09:00:00","feasible":true}
[resource] ask {"demand":null,"operation":"process DRINK-MNG","resource":"filling crew","start":"2026-01-14T23:00:00","end":"2026-01-15T09:00:00"}
[buffer] ask {"demand":null,"buffer":"raw milk","requested":6,"date":"2026-01-15T01:00:00","onhand":274}
[buffer] answer {"demand":null,"buffer":"raw milk","requested":6,"remainingShortage":0,"quantity":6,"date":"2030-12-31T00:00:00","plan":null}
[buffer] ask {"demand":null,"buffer":"sugar","requested":1.5,"date":"2026-01-15T01:00:00","onhand":218.5}
[buffer] answer {"demand":null,"buffer":"sugar","requested":1.5,"remainingShortage":0,"quantity":1.5,"date":"2030-12-31T00:00:00","plan":null}
[buffer] ask {"demand":null,"buffer":"cups","requested":3,"date":"2026-01-15T01:00:00","onhand":437}
[buffer] answer {"demand":null,"buffer":"cups","requested":3,"remainingShortage":0,"quantity":3,"date":"2030-12-31T00:00:00","plan":null}
[buffer] ask {"demand":null,"buffer":"mango concentrate","requested":0.75,"date":"2026-01-15T01:00:00","onhand":43.25}
[buffer] answer {"demand":null,"buffer":"mango concentrate","requested":0.75,"remainingShortage":0,"quantity":0.75,"date":"2030-12-31T00:00:00","plan":null}
[operation] answer {"demand":null,"operation":"process DRINK-MNG","quantity":3,"start":"2026-01-14T23:00:00","end":"2026-01-15T09:00:00"}
[buffer] replenish {"buffer":"mango drink","iteration":0,"requested":3,"replenished":3,"producerDate":"2030-12-31T00:00:00","eventCountBefore":17,"eventCountAfter":18,"remaining":0}
[buffer] answer {"demand":null,"buffer":"mango drink","requested":3,"remainingShortage":0,"quantity":3,"date":"2030-12-31T00:00:00","plan":"OperationPlan"}
[operation] answer {"demand":"fresh order 027 DRINK-MNG","operation":"dispatch DRINK-MNG","quantity":3,"start":"2026-01-15T09:00:00","end":"2026-01-15T10:00:00"}
[demand] reply {"demand":"fresh order 027 DRINK-MNG","attempt":1,"result":true,"quantity":3,"date":"2030-12-31T00:00:00"}
[demand] attempt {"demand":"fresh order 045 YOG-NAT","attempt":1,"quantity":3,"requestDate":"2026-01-18T10:00:00","lastDate":"2030-12-31T00:00:00"}
[operation] ask {"demand":"fresh order 045 YOG-NAT","operation":"dispatch YOG-NAT","quantity":3,"operationQuantity":3,"end":"2026-01-18T10:00:00","operationEnd":"2026-01-18T10:00:00"}
[buffer] ask {"demand":null,"buffer":"natural yogurt","requested":3,"date":"2026-01-18T09:00:00","onhand":2}
[buffer] shortage {"buffer":"natural yogurt","iteration":0,"date":"2026-01-18T09:00:00","onhand":-3,"shortage":3}
[operation] ask {"demand":null,"operation":"process YOG-NAT","quantity":3,"operationQuantity":3,"end":"2026-01-18T09:00:00","operationEnd":"2026-01-18T09:00:00"}
[resource] ask {"demand":null,"operation":"process YOG-NAT","resource":"process tank A","start":"2026-01-17T21:00:00","end":"2026-01-18T09:00:00"}
[resource] candidate {"demand":null,"start":"2026-01-17T21:00:00","end":"2026-01-18T09:00:00","feasible":true}
[resource] ask {"demand":null,"operation":"process YOG-NAT","resource":"filling crew","start":"2026-01-17T21:00:00","end":"2026-01-18T09:00:00"}
[buffer] ask {"demand":null,"buffer":"raw milk","requested":6,"date":"2026-01-18T00:00:00","onhand":228}
[buffer] answer {"demand":null,"buffer":"raw milk","requested":6,"remainingShortage":0,"quantity":6,"date":"2030-12-31T00:00:00","plan":null}
[buffer] ask {"demand":null,"buffer":"sugar","requested":1.5,"date":"2026-01-18T00:00:00","onhand":207}
[buffer] answer {"demand":null,"buffer":"sugar","requested":1.5,"remainingShortage":0,"quantity":1.5,"date":"2030-12-31T00:00:00","plan":null}
[buffer] ask {"demand":null,"buffer":"cups","requested":3,"date":"2026-01-18T00:00:00","onhand":414}
[buffer] answer {"demand":null,"buffer":"cups","requested":3,"remainingShortage":0,"quantity":3,"date":"2030-12-31T00:00:00","plan":null}
[buffer] ask {"demand":null,"buffer":"natural culture","requested":0.75,"date":"2026-01-18T00:00:00","onhand":24.75}
[buffer] answer {"demand":null,"buffer":"natural culture","requested":0.75,"remainingShortage":0,"quantity":0.75,"date":"2030-12-31T00:00:00","plan":null}
[operation] answer {"demand":null,"operation":"process YOG-NAT","quantity":3,"start":"2026-01-17T21:00:00","end":"2026-01-18T09:00:00"}
[buffer] replenish {"buffer":"natural yogurt","iteration":0,"requested":3,"replenished":3,"producerDate":"2030-12-31T00:00:00","eventCountBefore":19,"eventCountAfter":20,"remaining":0}
[buffer] answer {"demand":null,"buffer":"natural yogurt","requested":3,"remainingShortage":0,"quantity":3,"date":"2030-12-31T00:00:00","plan":"OperationPlan"}
[operation] answer {"demand":"fresh order 045 YOG-NAT","operation":"dispatch YOG-NAT","quantity":3,"start":"2026-01-18T09:00:00","end":"2026-01-18T10:00:00"}
[demand] reply {"demand":"fresh order 045 YOG-NAT","attempt":1,"result":true,"quantity":3,"date":"2030-12-31T00:00:00"}
[demand] attempt {"demand":"fresh order 063 DRINK-MNG","attempt":1,"quantity":3,"requestDate":"2026-01-21T10:00:00","lastDate":"2030-12-31T00:00:00"}
[operation] ask {"demand":"fresh order 063 DRINK-MNG","operation":"dispatch DRINK-MNG","quantity":3,"operationQuantity":3,"end":"2026-01-21T10:00:00","operationEnd":"2026-01-21T10:00:00"}
[buffer] ask {"demand":null,"buffer":"mango drink","requested":3,"date":"2026-01-21T09:00:00","onhand":2}
[buffer] shortage {"buffer":"mango drink","iteration":0,"date":"2026-01-21T09:00:00","onhand":-3,"shortage":3}
[operation] ask {"demand":null,"operation":"process DRINK-MNG","quantity":3,"operationQuantity":3,"end":"2026-01-21T09:00:00","operationEnd":"2026-01-21T09:00:00"}
[resource] ask {"demand":null,"operation":"process DRINK-MNG","resource":"process tank A","start":"2026-01-20T23:00:00","end":"2026-01-21T09:00:00"}
[resource] candidate {"demand":null,"start":"2026-01-20T23:00:00","end":"2026-01-21T09:00:00","feasible":true}
[resource] ask {"demand":null,"operation":"process DRINK-MNG","resource":"filling crew","start":"2026-01-20T23:00:00","end":"2026-01-21T09:00:00"}
[buffer] ask {"demand":null,"buffer":"raw milk","requested":6,"date":"2026-01-21T01:00:00","onhand":182}
[buffer] answer {"demand":null,"buffer":"raw milk","requested":6,"remainingShortage":0,"quantity":6,"date":"2030-12-31T00:00:00","plan":null}
[buffer] ask {"demand":null,"buffer":"sugar","requested":1.5,"date":"2026-01-21T01:00:00","onhand":195.5}
[buffer] answer {"demand":null,"buffer":"sugar","requested":1.5,"remainingShortage":0,"quantity":1.5,"date":"2030-12-31T00:00:00","plan":null}
[buffer] ask {"demand":null,"buffer":"cups","requested":3,"date":"2026-01-21T01:00:00","onhand":391}
[buffer] answer {"demand":null,"buffer":"cups","requested":3,"remainingShortage":0,"quantity":3,"date":"2030-12-31T00:00:00","plan":null}
[buffer] ask {"demand":null,"buffer":"mango concentrate","requested":0.75,"date":"2026-01-21T01:00:00","onhand":40.75}
[buffer] answer {"demand":null,"buffer":"mango concentrate","requested":0.75,"remainingShortage":0,"quantity":0.75,"date":"2030-12-31T00:00:00","plan":null}
[operation] answer {"demand":null,"operation":"process DRINK-MNG","quantity":3,"start":"2026-01-20T23:00:00","end":"2026-01-21T09:00:00"}
[buffer] replenish {"buffer":"mango drink","iteration":0,"requested":3,"replenished":3,"producerDate":"2030-12-31T00:00:00","eventCountBefore":19,"eventCountAfter":20,"remaining":0}
[buffer] answer {"demand":null,"buffer":"mango drink","requested":3,"remainingShortage":0,"quantity":3,"date":"2030-12-31T00:00:00","plan":"OperationPlan"}
[operation] answer {"demand":"fresh order 063 DRINK-MNG","operation":"dispatch DRINK-MNG","quantity":3,"start":"2026-01-21T09:00:00","end":"2026-01-21T10:00:00"}
[demand] reply {"demand":"fresh order 063 DRINK-MNG","attempt":1,"result":true,"quantity":3,"date":"2030-12-31T00:00:00"}
[demand] attempt {"demand":"fresh order 010 YOG-BRY","attempt":1,"quantity":4,"requestDate":"2026-01-12T14:00:00","lastDate":"2030-12-31T00:00:00"}
[operation] ask {"demand":"fresh order 010 YOG-BRY","operation":"dispatch YOG-BRY","quantity":4,"operationQuantity":4,"end":"2026-01-12T14:00:00","operationEnd":"2026-01-12T14:00:00"}
[buffer] ask {"demand":null,"buffer":"berry yogurt","requested":4,"date":"2026-01-12T13:00:00","onhand":5}
[buffer] shortage {"buffer":"berry yogurt","iteration":0,"date":"2026-01-12T13:00:00","onhand":-4,"shortage":4}
[operation] ask {"demand":null,"operation":"process YOG-BRY","quantity":4,"operationQuantity":4,"end":"2026-01-12T13:00:00","operationEnd":"2026-01-12T13:00:00"}
[resource] ask {"demand":null,"operation":"process YOG-BRY","resource":"process tank A","start":"2026-01-12T02:00:00","end":"2026-01-12T13:00:00"}
[resource] candidate {"demand":null,"start":"2026-01-12T02:00:00","end":"2026-01-12T13:00:00","feasible":true}
[resource] ask {"demand":null,"operation":"process YOG-BRY","resource":"filling crew","start":"2026-01-12T02:00:00","end":"2026-01-12T13:00:00"}
[buffer] ask {"demand":null,"buffer":"raw milk","requested":8,"date":"2026-01-12T03:00:00","onhand":314}
[buffer] answer {"demand":null,"buffer":"raw milk","requested":8,"remainingShortage":0,"quantity":8,"date":"2030-12-31T00:00:00","plan":null}
[buffer] ask {"demand":null,"buffer":"sugar","requested":2,"date":"2026-01-12T03:00:00","onhand":228.5}
[buffer] answer {"demand":null,"buffer":"sugar","requested":2,"remainingShortage":0,"quantity":2,"date":"2030-12-31T00:00:00","plan":null}
[buffer] ask {"demand":null,"buffer":"cups","requested":4,"date":"2026-01-12T03:00:00","onhand":457}
[buffer] answer {"demand":null,"buffer":"cups","requested":4,"remainingShortage":0,"quantity":4,"date":"2030-12-31T00:00:00","plan":null}
[buffer] ask {"demand":null,"buffer":"berry culture","requested":1,"date":"2026-01-12T03:00:00","onhand":16.25}
[buffer] answer {"demand":null,"buffer":"berry culture","requested":1,"remainingShortage":0,"quantity":1,"date":"2030-12-31T00:00:00","plan":null}
[operation] answer {"demand":null,"operation":"process YOG-BRY","quantity":4,"start":"2026-01-12T02:00:00","end":"2026-01-12T13:00:00"}
[buffer] replenish {"buffer":"berry yogurt","iteration":0,"requested":4,"replenished":4,"producerDate":"2030-12-31T00:00:00","eventCountBefore":17,"eventCountAfter":18,"remaining":0}
[buffer] answer {"demand":null,"buffer":"berry yogurt","requested":4,"remainingShortage":0,"quantity":4,"date":"2030-12-31T00:00:00","plan":"OperationPlan"}
[operation] answer {"demand":"fresh order 010 YOG-BRY","operation":"dispatch YOG-BRY","quantity":4,"start":"2026-01-12T13:00:00","end":"2026-01-12T14:00:00"}
[demand] reply {"demand":"fresh order 010 YOG-BRY","attempt":1,"result":true,"quantity":4,"date":"2030-12-31T00:00:00"}
[demand] attempt {"demand":"fresh order 028 DRINK-PEA","attempt":1,"quantity":4,"requestDate":"2026-01-15T14:00:00","lastDate":"2030-12-31T00:00:00"}
[operation] ask {"demand":"fresh order 028 DRINK-PEA","operation":"dispatch DRINK-PEA","quantity":4,"operationQuantity":4,"end":"2026-01-15T14:00:00","operationEnd":"2026-01-15T14:00:00"}
[buffer] ask {"demand":null,"buffer":"peach drink","requested":4,"date":"2026-01-15T13:00:00","onhand":5}
[buffer] shortage {"buffer":"peach drink","iteration":0,"date":"2026-01-15T13:00:00","onhand":-4,"shortage":4}
[operation] ask {"demand":null,"operation":"process DRINK-PEA","quantity":4,"operationQuantity":4,"end":"2026-01-15T13:00:00","operationEnd":"2026-01-15T13:00:00"}
[resource] ask {"demand":null,"operation":"process DRINK-PEA","resource":"process tank A","start":"2026-01-15T04:00:00","end":"2026-01-15T13:00:00"}
[resource] candidate {"demand":null,"start":"2026-01-15T04:00:00","end":"2026-01-15T13:00:00","feasible":true}
[resource] ask {"demand":null,"operation":"process DRINK-PEA","resource":"filling crew","start":"2026-01-15T04:00:00","end":"2026-01-15T13:00:00"}
[buffer] ask {"demand":null,"buffer":"raw milk","requested":8,"date":"2026-01-15T05:00:00","onhand":260}
[buffer] answer {"demand":null,"buffer":"raw milk","requested":8,"remainingShortage":0,"quantity":8,"date":"2030-12-31T00:00:00","plan":null}
[buffer] ask {"demand":null,"buffer":"sugar","requested":2,"date":"2026-01-15T05:00:00","onhand":215}
[buffer] answer {"demand":null,"buffer":"sugar","requested":2,"remainingShortage":0,"quantity":2,"date":"2030-12-31T00:00:00","plan":null}
[buffer] ask {"demand":null,"buffer":"cups","requested":4,"date":"2026-01-15T05:00:00","onhand":430}
[buffer] answer {"demand":null,"buffer":"cups","requested":4,"remainingShortage":0,"quantity":4,"date":"2030-12-31T00:00:00","plan":null}
[buffer] ask {"demand":null,"buffer":"peach concentrate","requested":1,"date":"2026-01-15T05:00:00","onhand":36.75}
[buffer] answer {"demand":null,"buffer":"peach concentrate","requested":1,"remainingShortage":0,"quantity":1,"date":"2030-12-31T00:00:00","plan":null}
[operation] answer {"demand":null,"operation":"process DRINK-PEA","quantity":4,"start":"2026-01-15T04:00:00","end":"2026-01-15T13:00:00"}
[buffer] replenish {"buffer":"peach drink","iteration":0,"requested":4,"replenished":4,"producerDate":"2030-12-31T00:00:00","eventCountBefore":17,"eventCountAfter":18,"remaining":0}
[buffer] answer {"demand":null,"buffer":"peach drink","requested":4,"remainingShortage":0,"quantity":4,"date":"2030-12-31T00:00:00","plan":"OperationPlan"}
[operation] answer {"demand":"fresh order 028 DRINK-PEA","operation":"dispatch DRINK-PEA","quantity":4,"start":"2026-01-15T13:00:00","end":"2026-01-15T14:00:00"}
[demand] reply {"demand":"fresh order 028 DRINK-PEA","attempt":1,"result":true,"quantity":4,"date":"2030-12-31T00:00:00"}
[demand] attempt {"demand":"fresh order 046 YOG-BRY","attempt":1,"quantity":4,"requestDate":"2026-01-18T14:00:00","lastDate":"2030-12-31T00:00:00"}
[operation] ask {"demand":"fresh order 046 YOG-BRY","operation":"dispatch YOG-BRY","quantity":4,"operationQuantity":4,"end":"2026-01-18T14:00:00","operationEnd":"2026-01-18T14:00:00"}
[buffer] ask {"demand":null,"buffer":"berry yogurt","requested":4,"date":"2026-01-18T13:00:00","onhand":5}
[buffer] shortage {"buffer":"berry yogurt","iteration":0,"date":"2026-01-18T13:00:00","onhand":-4,"shortage":4}
[operation] ask {"demand":null,"operation":"process YOG-BRY","quantity":4,"operationQuantity":4,"end":"2026-01-18T13:00:00","operationEnd":"2026-01-18T13:00:00"}
[resource] ask {"demand":null,"operation":"process YOG-BRY","resource":"process tank A","start":"2026-01-18T02:00:00","end":"2026-01-18T13:00:00"}
[resource] candidate {"demand":null,"start":"2026-01-18T02:00:00","end":"2026-01-18T13:00:00","feasible":true}
[resource] ask {"demand":null,"operation":"process YOG-BRY","resource":"filling crew","start":"2026-01-18T02:00:00","end":"2026-01-18T13:00:00"}
[buffer] ask {"demand":null,"buffer":"raw milk","requested":8,"date":"2026-01-18T03:00:00","onhand":206}
[buffer] answer {"demand":null,"buffer":"raw milk","requested":8,"remainingShortage":0,"quantity":8,"date":"2030-12-31T00:00:00","plan":null}
[buffer] ask {"demand":null,"buffer":"sugar","requested":2,"date":"2026-01-18T03:00:00","onhand":201.5}
[buffer] answer {"demand":null,"buffer":"sugar","requested":2,"remainingShortage":0,"quantity":2,"date":"2030-12-31T00:00:00","plan":null}
[buffer] ask {"demand":null,"buffer":"cups","requested":4,"date":"2026-01-18T03:00:00","onhand":403}
[buffer] answer {"demand":null,"buffer":"cups","requested":4,"remainingShortage":0,"quantity":4,"date":"2030-12-31T00:00:00","plan":null}
[buffer] ask {"demand":null,"buffer":"berry culture","requested":1,"date":"2026-01-18T03:00:00","onhand":12}
[buffer] answer {"demand":null,"buffer":"berry culture","requested":1,"remainingShortage":0,"quantity":1,"date":"2030-12-31T00:00:00","plan":null}
[operation] answer {"demand":null,"operation":"process YOG-BRY","quantity":4,"start":"2026-01-18T02:00:00","end":"2026-01-18T13:00:00"}
[buffer] replenish {"buffer":"berry yogurt","iteration":0,"requested":4,"replenished":4,"producerDate":"2030-12-31T00:00:00","eventCountBefore":19,"eventCountAfter":20,"remaining":0}
[buffer] answer {"demand":null,"buffer":"berry yogurt","requested":4,"remainingShortage":0,"quantity":4,"date":"2030-12-31T00:00:00","plan":"OperationPlan"}
[operation] answer {"demand":"fresh order 046 YOG-BRY","operation":"dispatch YOG-BRY","quantity":4,"start":"2026-01-18T13:00:00","end":"2026-01-18T14:00:00"}
[demand] reply {"demand":"fresh order 046 YOG-BRY","attempt":1,"result":true,"quantity":4,"date":"2030-12-31T00:00:00"}
[demand] attempt {"demand":"fresh order 064 DRINK-PEA","attempt":1,"quantity":4,"requestDate":"2026-01-21T14:00:00","lastDate":"2030-12-31T00:00:00"}
[operation] ask {"demand":"fresh order 064 DRINK-PEA","operation":"dispatch DRINK-PEA","quantity":4,"operationQuantity":4,"end":"2026-01-21T14:00:00","operationEnd":"2026-01-21T14:00:00"}
[buffer] ask {"demand":null,"buffer":"peach drink","requested":4,"date":"2026-01-21T13:00:00","onhand":5}
[buffer] shortage {"buffer":"peach drink","iteration":0,"date":"2026-01-21T13:00:00","onhand":-4,"shortage":4}
[operation] ask {"demand":null,"operation":"process DRINK-PEA","quantity":4,"operationQuantity":4,"end":"2026-01-21T13:00:00","operationEnd":"2026-01-21T13:00:00"}
[resource] ask {"demand":null,"operation":"process DRINK-PEA","resource":"process tank A","start":"2026-01-21T04:00:00","end":"2026-01-21T13:00:00"}
[resource] candidate {"demand":null,"start":"2026-01-21T04:00:00","end":"2026-01-21T13:00:00","feasible":true}
[resource] ask {"demand":null,"operation":"process DRINK-PEA","resource":"filling crew","start":"2026-01-21T04:00:00","end":"2026-01-21T13:00:00"}
[buffer] ask {"demand":null,"buffer":"raw milk","requested":8,"date":"2026-01-21T05:00:00","onhand":152}
[buffer] answer {"demand":null,"buffer":"raw milk","requested":8,"remainingShortage":0,"quantity":8,"date":"2030-12-31T00:00:00","plan":null}
[buffer] ask {"demand":null,"buffer":"sugar","requested":2,"date":"2026-01-21T05:00:00","onhand":188}
[buffer] answer {"demand":null,"buffer":"sugar","requested":2,"remainingShortage":0,"quantity":2,"date":"2030-12-31T00:00:00","plan":null}
[buffer] ask {"demand":null,"buffer":"cups","requested":4,"date":"2026-01-21T05:00:00","onhand":376}
[buffer] answer {"demand":null,"buffer":"cups","requested":4,"remainingShortage":0,"quantity":4,"date":"2030-12-31T00:00:00","plan":null}
[buffer] ask {"demand":null,"buffer":"peach concentrate","requested":1,"date":"2026-01-21T05:00:00","onhand":32.5}
[buffer] answer {"demand":null,"buffer":"peach concentrate","requested":1,"remainingShortage":0,"quantity":1,"date":"2030-12-31T00:00:00","plan":null}
[operation] answer {"demand":null,"operation":"process DRINK-PEA","quantity":4,"start":"2026-01-21T04:00:00","end":"2026-01-21T13:00:00"}
[buffer] replenish {"buffer":"peach drink","iteration":0,"requested":4,"replenished":4,"producerDate":"2030-12-31T00:00:00","eventCountBefore":19,"eventCountAfter":20,"remaining":0}
[buffer] answer {"demand":null,"buffer":"peach drink","requested":4,"remainingShortage":0,"quantity":4,"date":"2030-12-31T00:00:00","plan":"OperationPlan"}
[operation] answer {"demand":"fresh order 064 DRINK-PEA","operation":"dispatch DRINK-PEA","quantity":4,"start":"2026-01-21T13:00:00","end":"2026-01-21T14:00:00"}
[demand] reply {"demand":"fresh order 064 DRINK-PEA","attempt":1,"result":true,"quantity":4,"date":"2030-12-31T00:00:00"}
[demand] attempt {"demand":"fresh order 011 DRINK-MNG","attempt":1,"quantity":2,"requestDate":"2026-01-12T18:00:00","lastDate":"2030-12-31T00:00:00"}
[operation] ask {"demand":"fresh order 011 DRINK-MNG","operation":"dispatch DRINK-MNG","quantity":2,"operationQuantity":2,"end":"2026-01-12T18:00:00","operationEnd":"2026-01-12T18:00:00"}
[buffer] ask {"demand":null,"buffer":"mango drink","requested":2,"date":"2026-01-12T17:00:00","onhand":1}
[buffer] shortage {"buffer":"mango drink","iteration":0,"date":"2026-01-12T17:00:00","onhand":-2,"shortage":2}
[operation] ask {"demand":null,"operation":"process DRINK-MNG","quantity":2,"operationQuantity":2,"end":"2026-01-12T17:00:00","operationEnd":"2026-01-12T17:00:00"}
[resource] ask {"demand":null,"operation":"process DRINK-MNG","resource":"process tank A","start":"2026-01-12T07:00:00","end":"2026-01-12T17:00:00"}
[resource] candidate {"demand":null,"start":"2026-01-12T07:00:00","end":"2026-01-12T17:00:00","feasible":true}
[resource] ask {"demand":null,"operation":"process DRINK-MNG","resource":"filling crew","start":"2026-01-12T07:00:00","end":"2026-01-12T17:00:00"}
[buffer] ask {"demand":null,"buffer":"raw milk","requested":4,"date":"2026-01-12T09:00:00","onhand":306}
[buffer] answer {"demand":null,"buffer":"raw milk","requested":4,"remainingShortage":0,"quantity":4,"date":"2030-12-31T00:00:00","plan":null}
[buffer] ask {"demand":null,"buffer":"sugar","requested":1,"date":"2026-01-12T09:00:00","onhand":226.5}
[buffer] answer {"demand":null,"buffer":"sugar","requested":1,"remainingShortage":0,"quantity":1,"date":"2030-12-31T00:00:00","plan":null}
[buffer] ask {"demand":null,"buffer":"cups","requested":2,"date":"2026-01-12T09:00:00","onhand":453}
[buffer] answer {"demand":null,"buffer":"cups","requested":2,"remainingShortage":0,"quantity":2,"date":"2030-12-31T00:00:00","plan":null}
[buffer] ask {"demand":null,"buffer":"mango concentrate","requested":0.5,"date":"2026-01-12T09:00:00","onhand":44}
[buffer] answer {"demand":null,"buffer":"mango concentrate","requested":0.5,"remainingShortage":0,"quantity":0.5,"date":"2030-12-31T00:00:00","plan":null}
[operation] answer {"demand":null,"operation":"process DRINK-MNG","quantity":2,"start":"2026-01-12T07:00:00","end":"2026-01-12T17:00:00"}
[buffer] replenish {"buffer":"mango drink","iteration":0,"requested":2,"replenished":2,"producerDate":"2030-12-31T00:00:00","eventCountBefore":21,"eventCountAfter":22,"remaining":0}
[buffer] answer {"demand":null,"buffer":"mango drink","requested":2,"remainingShortage":0,"quantity":2,"date":"2030-12-31T00:00:00","plan":"OperationPlan"}
[operation] answer {"demand":"fresh order 011 DRINK-MNG","operation":"dispatch DRINK-MNG","quantity":2,"start":"2026-01-12T17:00:00","end":"2026-01-12T18:00:00"}
[demand] reply {"demand":"fresh order 011 DRINK-MNG","attempt":1,"result":true,"quantity":2,"date":"2030-12-31T00:00:00"}
[demand] attempt {"demand":"fresh order 029 YOG-NAT","attempt":1,"quantity":2,"requestDate":"2026-01-15T18:00:00","lastDate":"2030-12-31T00:00:00"}
[operation] ask {"demand":"fresh order 029 YOG-NAT","operation":"dispatch YOG-NAT","quantity":2,"operationQuantity":2,"end":"2026-01-15T18:00:00","operationEnd":"2026-01-15T18:00:00"}
[buffer] ask {"demand":null,"buffer":"natural yogurt","requested":2,"date":"2026-01-15T17:00:00","onhand":1}
[buffer] shortage {"buffer":"natural yogurt","iteration":0,"date":"2026-01-15T17:00:00","onhand":-2,"shortage":2}
[operation] ask {"demand":null,"operation":"process YOG-NAT","quantity":2,"operationQuantity":2,"end":"2026-01-15T17:00:00","operationEnd":"2026-01-15T17:00:00"}
[resource] ask {"demand":null,"operation":"process YOG-NAT","resource":"process tank A","start":"2026-01-15T05:00:00","end":"2026-01-15T17:00:00"}
[resource] candidate {"demand":null,"start":"2026-01-15T05:00:00","end":"2026-01-15T17:00:00","feasible":true}
[resource] ask {"demand":null,"operation":"process YOG-NAT","resource":"filling crew","start":"2026-01-15T05:00:00","end":"2026-01-15T17:00:00"}
[buffer] ask {"demand":null,"buffer":"raw milk","requested":4,"date":"2026-01-15T08:00:00","onhand":248}
[buffer] answer {"demand":null,"buffer":"raw milk","requested":4,"remainingShortage":0,"quantity":4,"date":"2030-12-31T00:00:00","plan":null}
[buffer] ask {"demand":null,"buffer":"sugar","requested":1,"date":"2026-01-15T08:00:00","onhand":212}
[buffer] answer {"demand":null,"buffer":"sugar","requested":1,"remainingShortage":0,"quantity":1,"date":"2030-12-31T00:00:00","plan":null}
[buffer] ask {"demand":null,"buffer":"cups","requested":2,"date":"2026-01-15T08:00:00","onhand":424}
[buffer] answer {"demand":null,"buffer":"cups","requested":2,"remainingShortage":0,"quantity":2,"date":"2030-12-31T00:00:00","plan":null}
[buffer] ask {"demand":null,"buffer":"natural culture","requested":0.5,"date":"2026-01-15T08:00:00","onhand":25.5}
[buffer] answer {"demand":null,"buffer":"natural culture","requested":0.5,"remainingShortage":0,"quantity":0.5,"date":"2030-12-31T00:00:00","plan":null}
[operation] answer {"demand":null,"operation":"process YOG-NAT","quantity":2,"start":"2026-01-15T05:00:00","end":"2026-01-15T17:00:00"}
[buffer] replenish {"buffer":"natural yogurt","iteration":0,"requested":2,"replenished":2,"producerDate":"2030-12-31T00:00:00","eventCountBefore":21,"eventCountAfter":22,"remaining":0}
[buffer] answer {"demand":null,"buffer":"natural yogurt","requested":2,"remainingShortage":0,"quantity":2,"date":"2030-12-31T00:00:00","plan":"OperationPlan"}
[operation] answer {"demand":"fresh order 029 YOG-NAT","operation":"dispatch YOG-NAT","quantity":2,"start":"2026-01-15T17:00:00","end":"2026-01-15T18:00:00"}
[demand] reply {"demand":"fresh order 029 YOG-NAT","attempt":1,"result":true,"quantity":2,"date":"2030-12-31T00:00:00"}
[demand] attempt {"demand":"fresh order 047 DRINK-MNG","attempt":1,"quantity":2,"requestDate":"2026-01-18T18:00:00","lastDate":"2030-12-31T00:00:00"}
[operation] ask {"demand":"fresh order 047 DRINK-MNG","operation":"dispatch DRINK-MNG","quantity":2,"operationQuantity":2,"end":"2026-01-18T18:00:00","operationEnd":"2026-01-18T18:00:00"}
[buffer] ask {"demand":null,"buffer":"mango drink","requested":2,"date":"2026-01-18T17:00:00","onhand":1}
[buffer] shortage {"buffer":"mango drink","iteration":0,"date":"2026-01-18T17:00:00","onhand":-2,"shortage":2}
[operation] ask {"demand":null,"operation":"process DRINK-MNG","quantity":2,"operationQuantity":2,"end":"2026-01-18T17:00:00","operationEnd":"2026-01-18T17:00:00"}
[resource] ask {"demand":null,"operation":"process DRINK-MNG","resource":"process tank A","start":"2026-01-18T07:00:00","end":"2026-01-18T17:00:00"}
[resource] candidate {"demand":null,"start":"2026-01-18T07:00:00","end":"2026-01-18T17:00:00","feasible":true}
[resource] ask {"demand":null,"operation":"process DRINK-MNG","resource":"filling crew","start":"2026-01-18T07:00:00","end":"2026-01-18T17:00:00"}
[buffer] ask {"demand":null,"buffer":"raw milk","requested":4,"date":"2026-01-18T09:00:00","onhand":190}
[buffer] answer {"demand":null,"buffer":"raw milk","requested":4,"remainingShortage":0,"quantity":4,"date":"2030-12-31T00:00:00","plan":null}
[buffer] ask {"demand":null,"buffer":"sugar","requested":1,"date":"2026-01-18T09:00:00","onhand":197.5}
[buffer] answer {"demand":null,"buffer":"sugar","requested":1,"remainingShortage":0,"quantity":1,"date":"2030-12-31T00:00:00","plan":null}
[buffer] ask {"demand":null,"buffer":"cups","requested":2,"date":"2026-01-18T09:00:00","onhand":395}
[buffer] answer {"demand":null,"buffer":"cups","requested":2,"remainingShortage":0,"quantity":2,"date":"2030-12-31T00:00:00","plan":null}
[buffer] ask {"demand":null,"buffer":"mango concentrate","requested":0.5,"date":"2026-01-18T09:00:00","onhand":41}
[buffer] answer {"demand":null,"buffer":"mango concentrate","requested":0.5,"remainingShortage":0,"quantity":0.5,"date":"2030-12-31T00:00:00","plan":null}
[operation] answer {"demand":null,"operation":"process DRINK-MNG","quantity":2,"start":"2026-01-18T07:00:00","end":"2026-01-18T17:00:00"}
[buffer] replenish {"buffer":"mango drink","iteration":0,"requested":2,"replenished":2,"producerDate":"2030-12-31T00:00:00","eventCountBefore":23,"eventCountAfter":24,"remaining":0}
[buffer] answer {"demand":null,"buffer":"mango drink","requested":2,"remainingShortage":0,"quantity":2,"date":"2030-12-31T00:00:00","plan":"OperationPlan"}
[operation] answer {"demand":"fresh order 047 DRINK-MNG","operation":"dispatch DRINK-MNG","quantity":2,"start":"2026-01-18T17:00:00","end":"2026-01-18T18:00:00"}
[demand] reply {"demand":"fresh order 047 DRINK-MNG","attempt":1,"result":true,"quantity":2,"date":"2030-12-31T00:00:00"}
[demand] attempt {"demand":"fresh order 065 YOG-NAT","attempt":1,"quantity":2,"requestDate":"2026-01-21T18:00:00","lastDate":"2030-12-31T00:00:00"}
[operation] ask {"demand":"fresh order 065 YOG-NAT","operation":"dispatch YOG-NAT","quantity":2,"operationQuantity":2,"end":"2026-01-21T18:00:00","operationEnd":"2026-01-21T18:00:00"}
[buffer] ask {"demand":null,"buffer":"natural yogurt","requested":2,"date":"2026-01-21T17:00:00","onhand":1}
[buffer] shortage {"buffer":"natural yogurt","iteration":0,"date":"2026-01-21T17:00:00","onhand":-2,"shortage":2}
[operation] ask {"demand":null,"operation":"process YOG-NAT","quantity":2,"operationQuantity":2,"end":"2026-01-21T17:00:00","operationEnd":"2026-01-21T17:00:00"}
[resource] ask {"demand":null,"operation":"process YOG-NAT","resource":"process tank A","start":"2026-01-21T05:00:00","end":"2026-01-21T17:00:00"}
[resource] candidate {"demand":null,"start":"2026-01-21T05:00:00","end":"2026-01-21T17:00:00","feasible":true}
[resource] ask {"demand":null,"operation":"process YOG-NAT","resource":"filling crew","start":"2026-01-21T05:00:00","end":"2026-01-21T17:00:00"}
[buffer] ask {"demand":null,"buffer":"raw milk","requested":4,"date":"2026-01-21T08:00:00","onhand":132}
[buffer] answer {"demand":null,"buffer":"raw milk","requested":4,"remainingShortage":0,"quantity":4,"date":"2030-12-31T00:00:00","plan":null}
[buffer] ask {"demand":null,"buffer":"sugar","requested":1,"date":"2026-01-21T08:00:00","onhand":183}
[buffer] answer {"demand":null,"buffer":"sugar","requested":1,"remainingShortage":0,"quantity":1,"date":"2030-12-31T00:00:00","plan":null}
[buffer] ask {"demand":null,"buffer":"cups","requested":2,"date":"2026-01-21T08:00:00","onhand":366}
[buffer] answer {"demand":null,"buffer":"cups","requested":2,"remainingShortage":0,"quantity":2,"date":"2030-12-31T00:00:00","plan":null}
[buffer] ask {"demand":null,"buffer":"natural culture","requested":0.5,"date":"2026-01-21T08:00:00","onhand":22.5}
[buffer] answer {"demand":null,"buffer":"natural culture","requested":0.5,"remainingShortage":0,"quantity":0.5,"date":"2030-12-31T00:00:00","plan":null}
[operation] answer {"demand":null,"operation":"process YOG-NAT","quantity":2,"start":"2026-01-21T05:00:00","end":"2026-01-21T17:00:00"}
[buffer] replenish {"buffer":"natural yogurt","iteration":0,"requested":2,"replenished":2,"producerDate":"2030-12-31T00:00:00","eventCountBefore":23,"eventCountAfter":24,"remaining":0}
[buffer] answer {"demand":null,"buffer":"natural yogurt","requested":2,"remainingShortage":0,"quantity":2,"date":"2030-12-31T00:00:00","plan":"OperationPlan"}
[operation] answer {"demand":"fresh order 065 YOG-NAT","operation":"dispatch YOG-NAT","quantity":2,"start":"2026-01-21T17:00:00","end":"2026-01-21T18:00:00"}
[demand] reply {"demand":"fresh order 065 YOG-NAT","attempt":1,"result":true,"quantity":2,"date":"2030-12-31T00:00:00"}
[demand] attempt {"demand":"fresh order 012 DRINK-PEA","attempt":1,"quantity":5,"requestDate":"2026-01-12T22:00:00","lastDate":"2030-12-31T00:00:00"}
[operation] ask {"demand":"fresh order 012 DRINK-PEA","operation":"dispatch DRINK-PEA","quantity":5,"operationQuantity":5,"end":"2026-01-12T22:00:00","operationEnd":"2026-01-12T22:00:00"}
[buffer] ask {"demand":null,"buffer":"peach drink","requested":5,"date":"2026-01-12T21:00:00","onhand":2}
[buffer] shortage {"buffer":"peach drink","iteration":0,"date":"2026-01-12T21:00:00","onhand":-5,"shortage":5}
[operation] ask {"demand":null,"operation":"process DRINK-PEA","quantity":5,"operationQuantity":5,"end":"2026-01-12T21:00:00","operationEnd":"2026-01-12T21:00:00"}
[resource] ask {"demand":null,"operation":"process DRINK-PEA","resource":"process tank A","start":"2026-01-12T12:00:00","end":"2026-01-12T21:00:00"}
[resource] candidate {"demand":null,"start":"2026-01-12T12:00:00","end":"2026-01-12T21:00:00","feasible":true}
[resource] ask {"demand":null,"operation":"process DRINK-PEA","resource":"filling crew","start":"2026-01-12T12:00:00","end":"2026-01-12T21:00:00"}
[buffer] ask {"demand":null,"buffer":"raw milk","requested":10,"date":"2026-01-12T13:00:00","onhand":302}
[buffer] answer {"demand":null,"buffer":"raw milk","requested":10,"remainingShortage":0,"quantity":10,"date":"2030-12-31T00:00:00","plan":null}
[buffer] ask {"demand":null,"buffer":"sugar","requested":2.5,"date":"2026-01-12T13:00:00","onhand":225.5}
[buffer] answer {"demand":null,"buffer":"sugar","requested":2.5,"remainingShortage":0,"quantity":2.5,"date":"2030-12-31T00:00:00","plan":null}
[buffer] ask {"demand":null,"buffer":"cups","requested":5,"date":"2026-01-12T13:00:00","onhand":451}
[buffer] answer {"demand":null,"buffer":"cups","requested":5,"remainingShortage":0,"quantity":5,"date":"2030-12-31T00:00:00","plan":null}
[buffer] ask {"demand":null,"buffer":"peach concentrate","requested":1.25,"date":"2026-01-12T13:00:00","onhand":38.5}
[buffer] answer {"demand":null,"buffer":"peach concentrate","requested":1.25,"remainingShortage":0,"quantity":1.25,"date":"2030-12-31T00:00:00","plan":null}
[operation] answer {"demand":null,"operation":"process DRINK-PEA","quantity":5,"start":"2026-01-12T12:00:00","end":"2026-01-12T21:00:00"}
[buffer] replenish {"buffer":"peach drink","iteration":0,"requested":5,"replenished":5,"producerDate":"2030-12-31T00:00:00","eventCountBefore":21,"eventCountAfter":22,"remaining":0}
[buffer] answer {"demand":null,"buffer":"peach drink","requested":5,"remainingShortage":0,"quantity":5,"date":"2030-12-31T00:00:00","plan":"OperationPlan"}
[operation] answer {"demand":"fresh order 012 DRINK-PEA","operation":"dispatch DRINK-PEA","quantity":5,"start":"2026-01-12T21:00:00","end":"2026-01-12T22:00:00"}
[demand] reply {"demand":"fresh order 012 DRINK-PEA","attempt":1,"result":true,"quantity":5,"date":"2030-12-31T00:00:00"}
[demand] attempt {"demand":"fresh order 030 YOG-BRY","attempt":1,"quantity":5,"requestDate":"2026-01-15T22:00:00","lastDate":"2030-12-31T00:00:00"}
[operation] ask {"demand":"fresh order 030 YOG-BRY","operation":"dispatch YOG-BRY","quantity":5,"operationQuantity":5,"end":"2026-01-15T22:00:00","operationEnd":"2026-01-15T22:00:00"}
[buffer] ask {"demand":null,"buffer":"berry yogurt","requested":5,"date":"2026-01-15T21:00:00","onhand":2}
[buffer] shortage {"buffer":"berry yogurt","iteration":0,"date":"2026-01-15T21:00:00","onhand":-5,"shortage":5}
[operation] ask {"demand":null,"operation":"process YOG-BRY","quantity":5,"operationQuantity":5,"end":"2026-01-15T21:00:00","operationEnd":"2026-01-15T21:00:00"}
[resource] ask {"demand":null,"operation":"process YOG-BRY","resource":"process tank A","start":"2026-01-15T10:00:00","end":"2026-01-15T21:00:00"}
[resource] candidate {"demand":null,"start":"2026-01-15T10:00:00","end":"2026-01-15T21:00:00","feasible":true}
[resource] ask {"demand":null,"operation":"process YOG-BRY","resource":"filling crew","start":"2026-01-15T10:00:00","end":"2026-01-15T21:00:00"}
[buffer] ask {"demand":null,"buffer":"raw milk","requested":10,"date":"2026-01-15T11:00:00","onhand":234}
[buffer] answer {"demand":null,"buffer":"raw milk","requested":10,"remainingShortage":0,"quantity":10,"date":"2030-12-31T00:00:00","plan":null}
[buffer] ask {"demand":null,"buffer":"sugar","requested":2.5,"date":"2026-01-15T11:00:00","onhand":208.5}
[buffer] answer {"demand":null,"buffer":"sugar","requested":2.5,"remainingShortage":0,"quantity":2.5,"date":"2030-12-31T00:00:00","plan":null}
[buffer] ask {"demand":null,"buffer":"cups","requested":5,"date":"2026-01-15T11:00:00","onhand":417}
[buffer] answer {"demand":null,"buffer":"cups","requested":5,"remainingShortage":0,"quantity":5,"date":"2030-12-31T00:00:00","plan":null}
[buffer] ask {"demand":null,"buffer":"berry culture","requested":1.25,"date":"2026-01-15T11:00:00","onhand":13.75}
[buffer] answer {"demand":null,"buffer":"berry culture","requested":1.25,"remainingShortage":0,"quantity":1.25,"date":"2030-12-31T00:00:00","plan":null}
[operation] answer {"demand":null,"operation":"process YOG-BRY","quantity":5,"start":"2026-01-15T10:00:00","end":"2026-01-15T21:00:00"}
[buffer] replenish {"buffer":"berry yogurt","iteration":0,"requested":5,"replenished":5,"producerDate":"2030-12-31T00:00:00","eventCountBefore":21,"eventCountAfter":22,"remaining":0}
[buffer] answer {"demand":null,"buffer":"berry yogurt","requested":5,"remainingShortage":0,"quantity":5,"date":"2030-12-31T00:00:00","plan":"OperationPlan"}
[operation] answer {"demand":"fresh order 030 YOG-BRY","operation":"dispatch YOG-BRY","quantity":5,"start":"2026-01-15T21:00:00","end":"2026-01-15T22:00:00"}
[demand] reply {"demand":"fresh order 030 YOG-BRY","attempt":1,"result":true,"quantity":5,"date":"2030-12-31T00:00:00"}
[demand] attempt {"demand":"fresh order 048 DRINK-PEA","attempt":1,"quantity":5,"requestDate":"2026-01-18T22:00:00","lastDate":"2030-12-31T00:00:00"}
[operation] ask {"demand":"fresh order 048 DRINK-PEA","operation":"dispatch DRINK-PEA","quantity":5,"operationQuantity":5,"end":"2026-01-18T22:00:00","operationEnd":"2026-01-18T22:00:00"}
[buffer] ask {"demand":null,"buffer":"peach drink","requested":5,"date":"2026-01-18T21:00:00","onhand":2}
[buffer] shortage {"buffer":"peach drink","iteration":0,"date":"2026-01-18T21:00:00","onhand":-5,"shortage":5}
[operation] ask {"demand":null,"operation":"process DRINK-PEA","quantity":5,"operationQuantity":5,"end":"2026-01-18T21:00:00","operationEnd":"2026-01-18T21:00:00"}
[resource] ask {"demand":null,"operation":"process DRINK-PEA","resource":"process tank A","start":"2026-01-18T12:00:00","end":"2026-01-18T21:00:00"}
[resource] candidate {"demand":null,"start":"2026-01-18T12:00:00","end":"2026-01-18T21:00:00","feasible":true}
[resource] ask {"demand":null,"operation":"process DRINK-PEA","resource":"filling crew","start":"2026-01-18T12:00:00","end":"2026-01-18T21:00:00"}
[buffer] ask {"demand":null,"buffer":"raw milk","requested":10,"date":"2026-01-18T13:00:00","onhand":166}
[buffer] answer {"demand":null,"buffer":"raw milk","requested":10,"remainingShortage":0,"quantity":10,"date":"2030-12-31T00:00:00","plan":null}
[buffer] ask {"demand":null,"buffer":"sugar","requested":2.5,"date":"2026-01-18T13:00:00","onhand":191.5}
[buffer] answer {"demand":null,"buffer":"sugar","requested":2.5,"remainingShortage":0,"quantity":2.5,"date":"2030-12-31T00:00:00","plan":null}
[buffer] ask {"demand":null,"buffer":"cups","requested":5,"date":"2026-01-18T13:00:00","onhand":383}
[buffer] answer {"demand":null,"buffer":"cups","requested":5,"remainingShortage":0,"quantity":5,"date":"2030-12-31T00:00:00","plan":null}
[buffer] ask {"demand":null,"buffer":"peach concentrate","requested":1.25,"date":"2026-01-18T13:00:00","onhand":33}
[buffer] answer {"demand":null,"buffer":"peach concentrate","requested":1.25,"remainingShortage":0,"quantity":1.25,"date":"2030-12-31T00:00:00","plan":null}
[operation] answer {"demand":null,"operation":"process DRINK-PEA","quantity":5,"start":"2026-01-18T12:00:00","end":"2026-01-18T21:00:00"}
[buffer] replenish {"buffer":"peach drink","iteration":0,"requested":5,"replenished":5,"producerDate":"2030-12-31T00:00:00","eventCountBefore":23,"eventCountAfter":24,"remaining":0}
[buffer] answer {"demand":null,"buffer":"peach drink","requested":5,"remainingShortage":0,"quantity":5,"date":"2030-12-31T00:00:00","plan":"OperationPlan"}
[operation] answer {"demand":"fresh order 048 DRINK-PEA","operation":"dispatch DRINK-PEA","quantity":5,"start":"2026-01-18T21:00:00","end":"2026-01-18T22:00:00"}
[demand] reply {"demand":"fresh order 048 DRINK-PEA","attempt":1,"result":true,"quantity":5,"date":"2030-12-31T00:00:00"}
[demand] attempt {"demand":"fresh order 066 YOG-BRY","attempt":1,"quantity":5,"requestDate":"2026-01-21T22:00:00","lastDate":"2030-12-31T00:00:00"}
[operation] ask {"demand":"fresh order 066 YOG-BRY","operation":"dispatch YOG-BRY","quantity":5,"operationQuantity":5,"end":"2026-01-21T22:00:00","operationEnd":"2026-01-21T22:00:00"}
[buffer] ask {"demand":null,"buffer":"berry yogurt","requested":5,"date":"2026-01-21T21:00:00","onhand":2}
[buffer] shortage {"buffer":"berry yogurt","iteration":0,"date":"2026-01-21T21:00:00","onhand":-5,"shortage":5}
[operation] ask {"demand":null,"operation":"process YOG-BRY","quantity":5,"operationQuantity":5,"end":"2026-01-21T21:00:00","operationEnd":"2026-01-21T21:00:00"}
[resource] ask {"demand":null,"operation":"process YOG-BRY","resource":"process tank A","start":"2026-01-21T10:00:00","end":"2026-01-21T21:00:00"}
[resource] candidate {"demand":null,"start":"2026-01-21T10:00:00","end":"2026-01-21T21:00:00","feasible":true}
[resource] ask {"demand":null,"operation":"process YOG-BRY","resource":"filling crew","start":"2026-01-21T10:00:00","end":"2026-01-21T21:00:00"}
[buffer] ask {"demand":null,"buffer":"raw milk","requested":10,"date":"2026-01-21T11:00:00","onhand":98}
[buffer] answer {"demand":null,"buffer":"raw milk","requested":10,"remainingShortage":0,"quantity":10,"date":"2030-12-31T00:00:00","plan":null}
[buffer] ask {"demand":null,"buffer":"sugar","requested":2.5,"date":"2026-01-21T11:00:00","onhand":174.5}
[buffer] answer {"demand":null,"buffer":"sugar","requested":2.5,"remainingShortage":0,"quantity":2.5,"date":"2030-12-31T00:00:00","plan":null}
[buffer] ask {"demand":null,"buffer":"cups","requested":5,"date":"2026-01-21T11:00:00","onhand":349}
[buffer] answer {"demand":null,"buffer":"cups","requested":5,"remainingShortage":0,"quantity":5,"date":"2030-12-31T00:00:00","plan":null}
[buffer] ask {"demand":null,"buffer":"berry culture","requested":1.25,"date":"2026-01-21T11:00:00","onhand":8.25}
[buffer] answer {"demand":null,"buffer":"berry culture","requested":1.25,"remainingShortage":0,"quantity":1.25,"date":"2030-12-31T00:00:00","plan":null}
[operation] answer {"demand":null,"operation":"process YOG-BRY","quantity":5,"start":"2026-01-21T10:00:00","end":"2026-01-21T21:00:00"}
[buffer] replenish {"buffer":"berry yogurt","iteration":0,"requested":5,"replenished":5,"producerDate":"2030-12-31T00:00:00","eventCountBefore":23,"eventCountAfter":24,"remaining":0}
[buffer] answer {"demand":null,"buffer":"berry yogurt","requested":5,"remainingShortage":0,"quantity":5,"date":"2030-12-31T00:00:00","plan":"OperationPlan"}
[operation] answer {"demand":"fresh order 066 YOG-BRY","operation":"dispatch YOG-BRY","quantity":5,"start":"2026-01-21T21:00:00","end":"2026-01-21T22:00:00"}
[demand] reply {"demand":"fresh order 066 YOG-BRY","attempt":1,"result":true,"quantity":5,"date":"2030-12-31T00:00:00"}
[demand] attempt {"demand":"fresh order 013 YOG-NAT","attempt":1,"quantity":1,"requestDate":"2026-01-13T02:00:00","lastDate":"2030-12-31T00:00:00"}
[operation] ask {"demand":"fresh order 013 YOG-NAT","operation":"dispatch YOG-NAT","quantity":1,"operationQuantity":1,"end":"2026-01-13T02:00:00","operationEnd":"2026-01-13T02:00:00"}
[buffer] ask {"demand":null,"buffer":"natural yogurt","requested":1,"date":"2026-01-13T01:00:00","onhand":3}
[buffer] shortage {"buffer":"natural yogurt","iteration":0,"date":"2026-01-13T01:00:00","onhand":-1,"shortage":1}
[operation] ask {"demand":null,"operation":"process YOG-NAT","quantity":1,"operationQuantity":1,"end":"2026-01-13T01:00:00","operationEnd":"2026-01-13T01:00:00"}
[resource] ask {"demand":null,"operation":"process YOG-NAT","resource":"process tank A","start":"2026-01-12T13:00:00","end":"2026-01-13T01:00:00"}
[resource] candidate {"demand":null,"start":"2026-01-12T13:00:00","end":"2026-01-13T01:00:00","feasible":true}
[resource] ask {"demand":null,"operation":"process YOG-NAT","resource":"filling crew","start":"2026-01-12T13:00:00","end":"2026-01-13T01:00:00"}
[buffer] ask {"demand":null,"buffer":"raw milk","requested":2,"date":"2026-01-12T16:00:00","onhand":292}
[buffer] answer {"demand":null,"buffer":"raw milk","requested":2,"remainingShortage":0,"quantity":2,"date":"2030-12-31T00:00:00","plan":null}
[buffer] ask {"demand":null,"buffer":"sugar","requested":0.5,"date":"2026-01-12T16:00:00","onhand":223}
[buffer] answer {"demand":null,"buffer":"sugar","requested":0.5,"remainingShortage":0,"quantity":0.5,"date":"2030-12-31T00:00:00","plan":null}
[buffer] ask {"demand":null,"buffer":"cups","requested":1,"date":"2026-01-12T16:00:00","onhand":446}
[buffer] answer {"demand":null,"buffer":"cups","requested":1,"remainingShortage":0,"quantity":1,"date":"2030-12-31T00:00:00","plan":null}
[buffer] ask {"demand":null,"buffer":"natural culture","requested":0.25,"date":"2026-01-12T16:00:00","onhand":26.5}
[buffer] answer {"demand":null,"buffer":"natural culture","requested":0.25,"remainingShortage":0,"quantity":0.25,"date":"2030-12-31T00:00:00","plan":null}
[operation] answer {"demand":null,"operation":"process YOG-NAT","quantity":1,"start":"2026-01-12T13:00:00","end":"2026-01-13T01:00:00"}
[buffer] replenish {"buffer":"natural yogurt","iteration":0,"requested":1,"replenished":1,"producerDate":"2030-12-31T00:00:00","eventCountBefore":25,"eventCountAfter":26,"remaining":0}
[buffer] answer {"demand":null,"buffer":"natural yogurt","requested":1,"remainingShortage":0,"quantity":1,"date":"2030-12-31T00:00:00","plan":"OperationPlan"}
[operation] answer {"demand":"fresh order 013 YOG-NAT","operation":"dispatch YOG-NAT","quantity":1,"start":"2026-01-13T01:00:00","end":"2026-01-13T02:00:00"}
[demand] reply {"demand":"fresh order 013 YOG-NAT","attempt":1,"result":true,"quantity":1,"date":"2030-12-31T00:00:00"}
[demand] attempt {"demand":"fresh order 031 DRINK-MNG","attempt":1,"quantity":1,"requestDate":"2026-01-16T02:00:00","lastDate":"2030-12-31T00:00:00"}
[operation] ask {"demand":"fresh order 031 DRINK-MNG","operation":"dispatch DRINK-MNG","quantity":1,"operationQuantity":1,"end":"2026-01-16T02:00:00","operationEnd":"2026-01-16T02:00:00"}
[buffer] ask {"demand":null,"buffer":"mango drink","requested":1,"date":"2026-01-16T01:00:00","onhand":3}
[buffer] shortage {"buffer":"mango drink","iteration":0,"date":"2026-01-16T01:00:00","onhand":-1,"shortage":1}
[operation] ask {"demand":null,"operation":"process DRINK-MNG","quantity":1,"operationQuantity":1,"end":"2026-01-16T01:00:00","operationEnd":"2026-01-16T01:00:00"}
[resource] ask {"demand":null,"operation":"process DRINK-MNG","resource":"process tank A","start":"2026-01-15T15:00:00","end":"2026-01-16T01:00:00"}
[resource] candidate {"demand":null,"start":"2026-01-15T15:00:00","end":"2026-01-16T01:00:00","feasible":true}
[resource] ask {"demand":null,"operation":"process DRINK-MNG","resource":"filling crew","start":"2026-01-15T15:00:00","end":"2026-01-16T01:00:00"}
[buffer] ask {"demand":null,"buffer":"raw milk","requested":2,"date":"2026-01-15T17:00:00","onhand":222}
[buffer] answer {"demand":null,"buffer":"raw milk","requested":2,"remainingShortage":0,"quantity":2,"date":"2030-12-31T00:00:00","plan":null}
[buffer] ask {"demand":null,"buffer":"sugar","requested":0.5,"date":"2026-01-15T17:00:00","onhand":205.5}
[buffer] answer {"demand":null,"buffer":"sugar","requested":0.5,"remainingShortage":0,"quantity":0.5,"date":"2030-12-31T00:00:00","plan":null}
[buffer] ask {"demand":null,"buffer":"cups","requested":1,"date":"2026-01-15T17:00:00","onhand":411}
[buffer] answer {"demand":null,"buffer":"cups","requested":1,"remainingShortage":0,"quantity":1,"date":"2030-12-31T00:00:00","plan":null}
[buffer] ask {"demand":null,"buffer":"mango concentrate","requested":0.25,"date":"2026-01-15T17:00:00","onhand":42}
[buffer] answer {"demand":null,"buffer":"mango concentrate","requested":0.25,"remainingShortage":0,"quantity":0.25,"date":"2030-12-31T00:00:00","plan":null}
[operation] answer {"demand":null,"operation":"process DRINK-MNG","quantity":1,"start":"2026-01-15T15:00:00","end":"2026-01-16T01:00:00"}
[buffer] replenish {"buffer":"mango drink","iteration":0,"requested":1,"replenished":1,"producerDate":"2030-12-31T00:00:00","eventCountBefore":25,"eventCountAfter":26,"remaining":0}
[buffer] answer {"demand":null,"buffer":"mango drink","requested":1,"remainingShortage":0,"quantity":1,"date":"2030-12-31T00:00:00","plan":"OperationPlan"}
[operation] answer {"demand":"fresh order 031 DRINK-MNG","operation":"dispatch DRINK-MNG","quantity":1,"start":"2026-01-16T01:00:00","end":"2026-01-16T02:00:00"}
[demand] reply {"demand":"fresh order 031 DRINK-MNG","attempt":1,"result":true,"quantity":1,"date":"2030-12-31T00:00:00"}
[demand] attempt {"demand":"fresh order 049 YOG-NAT","attempt":1,"quantity":1,"requestDate":"2026-01-19T02:00:00","lastDate":"2030-12-31T00:00:00"}
[operation] ask {"demand":"fresh order 049 YOG-NAT","operation":"dispatch YOG-NAT","quantity":1,"operationQuantity":1,"end":"2026-01-19T02:00:00","operationEnd":"2026-01-19T02:00:00"}
[buffer] ask {"demand":null,"buffer":"natural yogurt","requested":1,"date":"2026-01-19T01:00:00","onhand":3}
[buffer] shortage {"buffer":"natural yogurt","iteration":0,"date":"2026-01-19T01:00:00","onhand":-1,"shortage":1}
[operation] ask {"demand":null,"operation":"process YOG-NAT","quantity":1,"operationQuantity":1,"end":"2026-01-19T01:00:00","operationEnd":"2026-01-19T01:00:00"}
[resource] ask {"demand":null,"operation":"process YOG-NAT","resource":"process tank A","start":"2026-01-18T13:00:00","end":"2026-01-19T01:00:00"}
[resource] candidate {"demand":null,"start":"2026-01-18T13:00:00","end":"2026-01-19T01:00:00","feasible":true}
[resource] ask {"demand":null,"operation":"process YOG-NAT","resource":"filling crew","start":"2026-01-18T13:00:00","end":"2026-01-19T01:00:00"}
[buffer] ask {"demand":null,"buffer":"raw milk","requested":2,"date":"2026-01-18T16:00:00","onhand":152}
[buffer] answer {"demand":null,"buffer":"raw milk","requested":2,"remainingShortage":0,"quantity":2,"date":"2030-12-31T00:00:00","plan":null}
[buffer] ask {"demand":null,"buffer":"sugar","requested":0.5,"date":"2026-01-18T16:00:00","onhand":188}
[buffer] answer {"demand":null,"buffer":"sugar","requested":0.5,"remainingShortage":0,"quantity":0.5,"date":"2030-12-31T00:00:00","plan":null}
[buffer] ask {"demand":null,"buffer":"cups","requested":1,"date":"2026-01-18T16:00:00","onhand":376}
[buffer] answer {"demand":null,"buffer":"cups","requested":1,"remainingShortage":0,"quantity":1,"date":"2030-12-31T00:00:00","plan":null}
[buffer] ask {"demand":null,"buffer":"natural culture","requested":0.25,"date":"2026-01-18T16:00:00","onhand":23.25}
[buffer] answer {"demand":null,"buffer":"natural culture","requested":0.25,"remainingShortage":0,"quantity":0.25,"date":"2030-12-31T00:00:00","plan":null}
[operation] answer {"demand":null,"operation":"process YOG-NAT","quantity":1,"start":"2026-01-18T13:00:00","end":"2026-01-19T01:00:00"}
[buffer] replenish {"buffer":"natural yogurt","iteration":0,"requested":1,"replenished":1,"producerDate":"2030-12-31T00:00:00","eventCountBefore":27,"eventCountAfter":28,"remaining":0}
[buffer] answer {"demand":null,"buffer":"natural yogurt","requested":1,"remainingShortage":0,"quantity":1,"date":"2030-12-31T00:00:00","plan":"OperationPlan"}
[operation] answer {"demand":"fresh order 049 YOG-NAT","operation":"dispatch YOG-NAT","quantity":1,"start":"2026-01-19T01:00:00","end":"2026-01-19T02:00:00"}
[demand] reply {"demand":"fresh order 049 YOG-NAT","attempt":1,"result":true,"quantity":1,"date":"2030-12-31T00:00:00"}
[demand] attempt {"demand":"fresh order 067 DRINK-MNG","attempt":1,"quantity":1,"requestDate":"2026-01-22T02:00:00","lastDate":"2030-12-31T00:00:00"}
[operation] ask {"demand":"fresh order 067 DRINK-MNG","operation":"dispatch DRINK-MNG","quantity":1,"operationQuantity":1,"end":"2026-01-22T02:00:00","operationEnd":"2026-01-22T02:00:00"}
[buffer] ask {"demand":null,"buffer":"mango drink","requested":1,"date":"2026-01-22T01:00:00","onhand":3}
[buffer] shortage {"buffer":"mango drink","iteration":0,"date":"2026-01-22T01:00:00","onhand":-1,"shortage":1}
[operation] ask {"demand":null,"operation":"process DRINK-MNG","quantity":1,"operationQuantity":1,"end":"2026-01-22T01:00:00","operationEnd":"2026-01-22T01:00:00"}
[resource] ask {"demand":null,"operation":"process DRINK-MNG","resource":"process tank A","start":"2026-01-21T15:00:00","end":"2026-01-22T01:00:00"}
[resource] candidate {"demand":null,"start":"2026-01-21T15:00:00","end":"2026-01-22T01:00:00","feasible":true}
[resource] ask {"demand":null,"operation":"process DRINK-MNG","resource":"filling crew","start":"2026-01-21T15:00:00","end":"2026-01-22T01:00:00"}
[buffer] ask {"demand":null,"buffer":"raw milk","requested":2,"date":"2026-01-21T17:00:00","onhand":82}
[buffer] answer {"demand":null,"buffer":"raw milk","requested":2,"remainingShortage":0,"quantity":2,"date":"2030-12-31T00:00:00","plan":null}
[buffer] ask {"demand":null,"buffer":"sugar","requested":0.5,"date":"2026-01-21T17:00:00","onhand":170.5}
[buffer] answer {"demand":null,"buffer":"sugar","requested":0.5,"remainingShortage":0,"quantity":0.5,"date":"2030-12-31T00:00:00","plan":null}
[buffer] ask {"demand":null,"buffer":"cups","requested":1,"date":"2026-01-21T17:00:00","onhand":341}
[buffer] answer {"demand":null,"buffer":"cups","requested":1,"remainingShortage":0,"quantity":1,"date":"2030-12-31T00:00:00","plan":null}
[buffer] ask {"demand":null,"buffer":"mango concentrate","requested":0.25,"date":"2026-01-21T17:00:00","onhand":38.75}
[buffer] answer {"demand":null,"buffer":"mango concentrate","requested":0.25,"remainingShortage":0,"quantity":0.25,"date":"2030-12-31T00:00:00","plan":null}
[operation] answer {"demand":null,"operation":"process DRINK-MNG","quantity":1,"start":"2026-01-21T15:00:00","end":"2026-01-22T01:00:00"}
[buffer] replenish {"buffer":"mango drink","iteration":0,"requested":1,"replenished":1,"producerDate":"2030-12-31T00:00:00","eventCountBefore":27,"eventCountAfter":28,"remaining":0}
[buffer] answer {"demand":null,"buffer":"mango drink","requested":1,"remainingShortage":0,"quantity":1,"date":"2030-12-31T00:00:00","plan":"OperationPlan"}
[operation] answer {"demand":"fresh order 067 DRINK-MNG","operation":"dispatch DRINK-MNG","quantity":1,"start":"2026-01-22T01:00:00","end":"2026-01-22T02:00:00"}
[demand] reply {"demand":"fresh order 067 DRINK-MNG","attempt":1,"result":true,"quantity":1,"date":"2030-12-31T00:00:00"}
[demand] attempt {"demand":"fresh order 014 YOG-BRY","attempt":1,"quantity":2,"requestDate":"2026-01-13T06:00:00","lastDate":"2030-12-31T00:00:00"}
[operation] ask {"demand":"fresh order 014 YOG-BRY","operation":"dispatch YOG-BRY","quantity":2,"operationQuantity":2,"end":"2026-01-13T06:00:00","operationEnd":"2026-01-13T06:00:00"}
[buffer] ask {"demand":null,"buffer":"berry yogurt","requested":2,"date":"2026-01-13T05:00:00","onhand":4}
[buffer] shortage {"buffer":"berry yogurt","iteration":0,"date":"2026-01-13T05:00:00","onhand":-2,"shortage":2}
[operation] ask {"demand":null,"operation":"process YOG-BRY","quantity":2,"operationQuantity":2,"end":"2026-01-13T05:00:00","operationEnd":"2026-01-13T05:00:00"}
[resource] ask {"demand":null,"operation":"process YOG-BRY","resource":"process tank A","start":"2026-01-12T18:00:00","end":"2026-01-13T05:00:00"}
[resource] candidate {"demand":null,"start":"2026-01-12T18:00:00","end":"2026-01-13T05:00:00","feasible":true}
[resource] ask {"demand":null,"operation":"process YOG-BRY","resource":"filling crew","start":"2026-01-12T18:00:00","end":"2026-01-13T05:00:00"}
[buffer] ask {"demand":null,"buffer":"raw milk","requested":4,"date":"2026-01-12T19:00:00","onhand":290}
[buffer] answer {"demand":null,"buffer":"raw milk","requested":4,"remainingShortage":0,"quantity":4,"date":"2030-12-31T00:00:00","plan":null}
[buffer] ask {"demand":null,"buffer":"sugar","requested":1,"date":"2026-01-12T19:00:00","onhand":222.5}
[buffer] answer {"demand":null,"buffer":"sugar","requested":1,"remainingShortage":0,"quantity":1,"date":"2030-12-31T00:00:00","plan":null}
[buffer] ask {"demand":null,"buffer":"cups","requested":2,"date":"2026-01-12T19:00:00","onhand":445}
[buffer] answer {"demand":null,"buffer":"cups","requested":2,"remainingShortage":0,"quantity":2,"date":"2030-12-31T00:00:00","plan":null}
[buffer] ask {"demand":null,"buffer":"berry culture","requested":0.5,"date":"2026-01-12T19:00:00","onhand":15.25}
[buffer] answer {"demand":null,"buffer":"berry culture","requested":0.5,"remainingShortage":0,"quantity":0.5,"date":"2030-12-31T00:00:00","plan":null}
[operation] answer {"demand":null,"operation":"process YOG-BRY","quantity":2,"start":"2026-01-12T18:00:00","end":"2026-01-13T05:00:00"}
[buffer] replenish {"buffer":"berry yogurt","iteration":0,"requested":2,"replenished":2,"producerDate":"2030-12-31T00:00:00","eventCountBefore":25,"eventCountAfter":26,"remaining":0}
[buffer] answer {"demand":null,"buffer":"berry yogurt","requested":2,"remainingShortage":0,"quantity":2,"date":"2030-12-31T00:00:00","plan":"OperationPlan"}
[operation] answer {"demand":"fresh order 014 YOG-BRY","operation":"dispatch YOG-BRY","quantity":2,"start":"2026-01-13T05:00:00","end":"2026-01-13T06:00:00"}
[demand] reply {"demand":"fresh order 014 YOG-BRY","attempt":1,"result":true,"quantity":2,"date":"2030-12-31T00:00:00"}
[demand] attempt {"demand":"fresh order 032 DRINK-PEA","attempt":1,"quantity":2,"requestDate":"2026-01-16T06:00:00","lastDate":"2030-12-31T00:00:00"}
[operation] ask {"demand":"fresh order 032 DRINK-PEA","operation":"dispatch DRINK-PEA","quantity":2,"operationQuantity":2,"end":"2026-01-16T06:00:00","operationEnd":"2026-01-16T06:00:00"}
[buffer] ask {"demand":null,"buffer":"peach drink","requested":2,"date":"2026-01-16T05:00:00","onhand":4}
[buffer] shortage {"buffer":"peach drink","iteration":0,"date":"2026-01-16T05:00:00","onhand":-2,"shortage":2}
[operation] ask {"demand":null,"operation":"process DRINK-PEA","quantity":2,"operationQuantity":2,"end":"2026-01-16T05:00:00","operationEnd":"2026-01-16T05:00:00"}
[resource] ask {"demand":null,"operation":"process DRINK-PEA","resource":"process tank A","start":"2026-01-15T20:00:00","end":"2026-01-16T05:00:00"}
[resource] candidate {"demand":null,"start":"2026-01-15T20:00:00","end":"2026-01-16T05:00:00","feasible":true}
[resource] ask {"demand":null,"operation":"process DRINK-PEA","resource":"filling crew","start":"2026-01-15T20:00:00","end":"2026-01-16T05:00:00"}
[buffer] ask {"demand":null,"buffer":"raw milk","requested":4,"date":"2026-01-15T21:00:00","onhand":216}
[buffer] answer {"demand":null,"buffer":"raw milk","requested":4,"remainingShortage":0,"quantity":4,"date":"2030-12-31T00:00:00","plan":null}
[buffer] ask {"demand":null,"buffer":"sugar","requested":1,"date":"2026-01-15T21:00:00","onhand":204}
[buffer] answer {"demand":null,"buffer":"sugar","requested":1,"remainingShortage":0,"quantity":1,"date":"2030-12-31T00:00:00","plan":null}
[buffer] ask {"demand":null,"buffer":"cups","requested":2,"date":"2026-01-15T21:00:00","onhand":408}
[buffer] answer {"demand":null,"buffer":"cups","requested":2,"remainingShortage":0,"quantity":2,"date":"2030-12-31T00:00:00","plan":null}
[buffer] ask {"demand":null,"buffer":"peach concentrate","requested":0.5,"date":"2026-01-15T21:00:00","onhand":34.5}
[buffer] answer {"demand":null,"buffer":"peach concentrate","requested":0.5,"remainingShortage":0,"quantity":0.5,"date":"2030-12-31T00:00:00","plan":null}
[operation] answer {"demand":null,"operation":"process DRINK-PEA","quantity":2,"start":"2026-01-15T20:00:00","end":"2026-01-16T05:00:00"}
[buffer] replenish {"buffer":"peach drink","iteration":0,"requested":2,"replenished":2,"producerDate":"2030-12-31T00:00:00","eventCountBefore":25,"eventCountAfter":26,"remaining":0}
[buffer] answer {"demand":null,"buffer":"peach drink","requested":2,"remainingShortage":0,"quantity":2,"date":"2030-12-31T00:00:00","plan":"OperationPlan"}
[operation] answer {"demand":"fresh order 032 DRINK-PEA","operation":"dispatch DRINK-PEA","quantity":2,"start":"2026-01-16T05:00:00","end":"2026-01-16T06:00:00"}
[demand] reply {"demand":"fresh order 032 DRINK-PEA","attempt":1,"result":true,"quantity":2,"date":"2030-12-31T00:00:00"}
[demand] attempt {"demand":"fresh order 050 YOG-BRY","attempt":1,"quantity":2,"requestDate":"2026-01-19T06:00:00","lastDate":"2030-12-31T00:00:00"}
[operation] ask {"demand":"fresh order 050 YOG-BRY","operation":"dispatch YOG-BRY","quantity":2,"operationQuantity":2,"end":"2026-01-19T06:00:00","operationEnd":"2026-01-19T06:00:00"}
[buffer] ask {"demand":null,"buffer":"berry yogurt","requested":2,"date":"2026-01-19T05:00:00","onhand":4}
[buffer] shortage {"buffer":"berry yogurt","iteration":0,"date":"2026-01-19T05:00:00","onhand":-2,"shortage":2}
[operation] ask {"demand":null,"operation":"process YOG-BRY","quantity":2,"operationQuantity":2,"end":"2026-01-19T05:00:00","operationEnd":"2026-01-19T05:00:00"}
[resource] ask {"demand":null,"operation":"process YOG-BRY","resource":"process tank A","start":"2026-01-18T18:00:00","end":"2026-01-19T05:00:00"}
[resource] candidate {"demand":null,"start":"2026-01-18T18:00:00","end":"2026-01-19T05:00:00","feasible":true}
[resource] ask {"demand":null,"operation":"process YOG-BRY","resource":"filling crew","start":"2026-01-18T18:00:00","end":"2026-01-19T05:00:00"}
[buffer] ask {"demand":null,"buffer":"raw milk","requested":4,"date":"2026-01-18T19:00:00","onhand":142}
[buffer] answer {"demand":null,"buffer":"raw milk","requested":4,"remainingShortage":0,"quantity":4,"date":"2030-12-31T00:00:00","plan":null}
[buffer] ask {"demand":null,"buffer":"sugar","requested":1,"date":"2026-01-18T19:00:00","onhand":185.5}
[buffer] answer {"demand":null,"buffer":"sugar","requested":1,"remainingShortage":0,"quantity":1,"date":"2030-12-31T00:00:00","plan":null}
[buffer] ask {"demand":null,"buffer":"cups","requested":2,"date":"2026-01-18T19:00:00","onhand":371}
[buffer] answer {"demand":null,"buffer":"cups","requested":2,"remainingShortage":0,"quantity":2,"date":"2030-12-31T00:00:00","plan":null}
[buffer] ask {"demand":null,"buffer":"berry culture","requested":0.5,"date":"2026-01-18T19:00:00","onhand":9.25}
[buffer] answer {"demand":null,"buffer":"berry culture","requested":0.5,"remainingShortage":0,"quantity":0.5,"date":"2030-12-31T00:00:00","plan":null}
[operation] answer {"demand":null,"operation":"process YOG-BRY","quantity":2,"start":"2026-01-18T18:00:00","end":"2026-01-19T05:00:00"}
[buffer] replenish {"buffer":"berry yogurt","iteration":0,"requested":2,"replenished":2,"producerDate":"2030-12-31T00:00:00","eventCountBefore":27,"eventCountAfter":28,"remaining":0}
[buffer] answer {"demand":null,"buffer":"berry yogurt","requested":2,"remainingShortage":0,"quantity":2,"date":"2030-12-31T00:00:00","plan":"OperationPlan"}
[operation] answer {"demand":"fresh order 050 YOG-BRY","operation":"dispatch YOG-BRY","quantity":2,"start":"2026-01-19T05:00:00","end":"2026-01-19T06:00:00"}
[demand] reply {"demand":"fresh order 050 YOG-BRY","attempt":1,"result":true,"quantity":2,"date":"2030-12-31T00:00:00"}
[demand] attempt {"demand":"fresh order 068 DRINK-PEA","attempt":1,"quantity":2,"requestDate":"2026-01-22T06:00:00","lastDate":"2030-12-31T00:00:00"}
[operation] ask {"demand":"fresh order 068 DRINK-PEA","operation":"dispatch DRINK-PEA","quantity":2,"operationQuantity":2,"end":"2026-01-22T06:00:00","operationEnd":"2026-01-22T06:00:00"}
[buffer] ask {"demand":null,"buffer":"peach drink","requested":2,"date":"2026-01-22T05:00:00","onhand":4}
[buffer] shortage {"buffer":"peach drink","iteration":0,"date":"2026-01-22T05:00:00","onhand":-2,"shortage":2}
[operation] ask {"demand":null,"operation":"process DRINK-PEA","quantity":2,"operationQuantity":2,"end":"2026-01-22T05:00:00","operationEnd":"2026-01-22T05:00:00"}
[resource] ask {"demand":null,"operation":"process DRINK-PEA","resource":"process tank A","start":"2026-01-21T20:00:00","end":"2026-01-22T05:00:00"}
[resource] candidate {"demand":null,"start":"2026-01-21T20:00:00","end":"2026-01-22T05:00:00","feasible":true}
[resource] ask {"demand":null,"operation":"process DRINK-PEA","resource":"filling crew","start":"2026-01-21T20:00:00","end":"2026-01-22T05:00:00"}
[buffer] ask {"demand":null,"buffer":"raw milk","requested":4,"date":"2026-01-21T21:00:00","onhand":68}
[buffer] answer {"demand":null,"buffer":"raw milk","requested":4,"remainingShortage":0,"quantity":4,"date":"2030-12-31T00:00:00","plan":null}
[buffer] ask {"demand":null,"buffer":"sugar","requested":1,"date":"2026-01-21T21:00:00","onhand":167}
[buffer] answer {"demand":null,"buffer":"sugar","requested":1,"remainingShortage":0,"quantity":1,"date":"2030-12-31T00:00:00","plan":null}
[buffer] ask {"demand":null,"buffer":"cups","requested":2,"date":"2026-01-21T21:00:00","onhand":334}
[buffer] answer {"demand":null,"buffer":"cups","requested":2,"remainingShortage":0,"quantity":2,"date":"2030-12-31T00:00:00","plan":null}
[buffer] ask {"demand":null,"buffer":"peach concentrate","requested":0.5,"date":"2026-01-21T21:00:00","onhand":28.5}
[buffer] answer {"demand":null,"buffer":"peach concentrate","requested":0.5,"remainingShortage":0,"quantity":0.5,"date":"2030-12-31T00:00:00","plan":null}
[operation] answer {"demand":null,"operation":"process DRINK-PEA","quantity":2,"start":"2026-01-21T20:00:00","end":"2026-01-22T05:00:00"}
[buffer] replenish {"buffer":"peach drink","iteration":0,"requested":2,"replenished":2,"producerDate":"2030-12-31T00:00:00","eventCountBefore":27,"eventCountAfter":28,"remaining":0}
[buffer] answer {"demand":null,"buffer":"peach drink","requested":2,"remainingShortage":0,"quantity":2,"date":"2030-12-31T00:00:00","plan":"OperationPlan"}
[operation] answer {"demand":"fresh order 068 DRINK-PEA","operation":"dispatch DRINK-PEA","quantity":2,"start":"2026-01-22T05:00:00","end":"2026-01-22T06:00:00"}
[demand] reply {"demand":"fresh order 068 DRINK-PEA","attempt":1,"result":true,"quantity":2,"date":"2030-12-31T00:00:00"}
[demand] attempt {"demand":"fresh order 015 DRINK-MNG","attempt":1,"quantity":3,"requestDate":"2026-01-13T10:00:00","lastDate":"2030-12-31T00:00:00"}
[operation] ask {"demand":"fresh order 015 DRINK-MNG","operation":"dispatch DRINK-MNG","quantity":3,"operationQuantity":3,"end":"2026-01-13T10:00:00","operationEnd":"2026-01-13T10:00:00"}
[buffer] ask {"demand":null,"buffer":"mango drink","requested":3,"date":"2026-01-13T09:00:00","onhand":2}
[buffer] shortage {"buffer":"mango drink","iteration":0,"date":"2026-01-13T09:00:00","onhand":-3,"shortage":3}
[operation] ask {"demand":null,"operation":"process DRINK-MNG","quantity":3,"operationQuantity":3,"end":"2026-01-13T09:00:00","operationEnd":"2026-01-13T09:00:00"}
[resource] ask {"demand":null,"operation":"process DRINK-MNG","resource":"process tank A","start":"2026-01-12T23:00:00","end":"2026-01-13T09:00:00"}
[resource] candidate {"demand":null,"start":"2026-01-12T23:00:00","end":"2026-01-13T09:00:00","feasible":true}
[resource] ask {"demand":null,"operation":"process DRINK-MNG","resource":"filling crew","start":"2026-01-12T23:00:00","end":"2026-01-13T09:00:00"}
[buffer] ask {"demand":null,"buffer":"raw milk","requested":6,"date":"2026-01-13T01:00:00","onhand":286}
[buffer] answer {"demand":null,"buffer":"raw milk","requested":6,"remainingShortage":0,"quantity":6,"date":"2030-12-31T00:00:00","plan":null}
[buffer] ask {"demand":null,"buffer":"sugar","requested":1.5,"date":"2026-01-13T01:00:00","onhand":221.5}
[buffer] answer {"demand":null,"buffer":"sugar","requested":1.5,"remainingShortage":0,"quantity":1.5,"date":"2030-12-31T00:00:00","plan":null}
[buffer] ask {"demand":null,"buffer":"cups","requested":3,"date":"2026-01-13T01:00:00","onhand":443}
[buffer] answer {"demand":null,"buffer":"cups","requested":3,"remainingShortage":0,"quantity":3,"date":"2030-12-31T00:00:00","plan":null}
[buffer] ask {"demand":null,"buffer":"mango concentrate","requested":0.75,"date":"2026-01-13T01:00:00","onhand":43.5}
[buffer] answer {"demand":null,"buffer":"mango concentrate","requested":0.75,"remainingShortage":0,"quantity":0.75,"date":"2030-12-31T00:00:00","plan":null}
[operation] answer {"demand":null,"operation":"process DRINK-MNG","quantity":3,"start":"2026-01-12T23:00:00","end":"2026-01-13T09:00:00"}
[buffer] replenish {"buffer":"mango drink","iteration":0,"requested":3,"replenished":3,"producerDate":"2030-12-31T00:00:00","eventCountBefore":29,"eventCountAfter":30,"remaining":0}
[buffer] answer {"demand":null,"buffer":"mango drink","requested":3,"remainingShortage":0,"quantity":3,"date":"2030-12-31T00:00:00","plan":"OperationPlan"}
[operation] answer {"demand":"fresh order 015 DRINK-MNG","operation":"dispatch DRINK-MNG","quantity":3,"start":"2026-01-13T09:00:00","end":"2026-01-13T10:00:00"}
[demand] reply {"demand":"fresh order 015 DRINK-MNG","attempt":1,"result":true,"quantity":3,"date":"2030-12-31T00:00:00"}
[demand] attempt {"demand":"fresh order 033 YOG-NAT","attempt":1,"quantity":3,"requestDate":"2026-01-16T10:00:00","lastDate":"2030-12-31T00:00:00"}
[operation] ask {"demand":"fresh order 033 YOG-NAT","operation":"dispatch YOG-NAT","quantity":3,"operationQuantity":3,"end":"2026-01-16T10:00:00","operationEnd":"2026-01-16T10:00:00"}
[buffer] ask {"demand":null,"buffer":"natural yogurt","requested":3,"date":"2026-01-16T09:00:00","onhand":2}
[buffer] shortage {"buffer":"natural yogurt","iteration":0,"date":"2026-01-16T09:00:00","onhand":-3,"shortage":3}
[operation] ask {"demand":null,"operation":"process YOG-NAT","quantity":3,"operationQuantity":3,"end":"2026-01-16T09:00:00","operationEnd":"2026-01-16T09:00:00"}
[resource] ask {"demand":null,"operation":"process YOG-NAT","resource":"process tank A","start":"2026-01-15T21:00:00","end":"2026-01-16T09:00:00"}
[resource] candidate {"demand":null,"start":"2026-01-15T21:00:00","end":"2026-01-16T09:00:00","feasible":true}
[resource] ask {"demand":null,"operation":"process YOG-NAT","resource":"filling crew","start":"2026-01-15T21:00:00","end":"2026-01-16T09:00:00"}
[buffer] ask {"demand":null,"buffer":"raw milk","requested":6,"date":"2026-01-16T00:00:00","onhand":206}
[buffer] answer {"demand":null,"buffer":"raw milk","requested":6,"remainingShortage":0,"quantity":6,"date":"2030-12-31T00:00:00","plan":null}
[buffer] ask {"demand":null,"buffer":"sugar","requested":1.5,"date":"2026-01-16T00:00:00","onhand":201.5}
[buffer] answer {"demand":null,"buffer":"sugar","requested":1.5,"remainingShortage":0,"quantity":1.5,"date":"2030-12-31T00:00:00","plan":null}
[buffer] ask {"demand":null,"buffer":"cups","requested":3,"date":"2026-01-16T00:00:00","onhand":403}
[buffer] answer {"demand":null,"buffer":"cups","requested":3,"remainingShortage":0,"quantity":3,"date":"2030-12-31T00:00:00","plan":null}
[buffer] ask {"demand":null,"buffer":"natural culture","requested":0.75,"date":"2026-01-16T00:00:00","onhand":24.75}
[buffer] answer {"demand":null,"buffer":"natural culture","requested":0.75,"remainingShortage":0,"quantity":0.75,"date":"2030-12-31T00:00:00","plan":null}
[operation] answer {"demand":null,"operation":"process YOG-NAT","quantity":3,"start":"2026-01-15T21:00:00","end":"2026-01-16T09:00:00"}
[buffer] replenish {"buffer":"natural yogurt","iteration":0,"requested":3,"replenished":3,"producerDate":"2030-12-31T00:00:00","eventCountBefore":29,"eventCountAfter":30,"remaining":0}
[buffer] answer {"demand":null,"buffer":"natural yogurt","requested":3,"remainingShortage":0,"quantity":3,"date":"2030-12-31T00:00:00","plan":"OperationPlan"}
[operation] answer {"demand":"fresh order 033 YOG-NAT","operation":"dispatch YOG-NAT","quantity":3,"start":"2026-01-16T09:00:00","end":"2026-01-16T10:00:00"}
[demand] reply {"demand":"fresh order 033 YOG-NAT","attempt":1,"result":true,"quantity":3,"date":"2030-12-31T00:00:00"}
[demand] attempt {"demand":"fresh order 051 DRINK-MNG","attempt":1,"quantity":3,"requestDate":"2026-01-19T10:00:00","lastDate":"2030-12-31T00:00:00"}
[operation] ask {"demand":"fresh order 051 DRINK-MNG","operation":"dispatch DRINK-MNG","quantity":3,"operationQuantity":3,"end":"2026-01-19T10:00:00","operationEnd":"2026-01-19T10:00:00"}
[buffer] ask {"demand":null,"buffer":"mango drink","requested":3,"date":"2026-01-19T09:00:00","onhand":2}
[buffer] shortage {"buffer":"mango drink","iteration":0,"date":"2026-01-19T09:00:00","onhand":-3,"shortage":3}
[operation] ask {"demand":null,"operation":"process DRINK-MNG","quantity":3,"operationQuantity":3,"end":"2026-01-19T09:00:00","operationEnd":"2026-01-19T09:00:00"}
[resource] ask {"demand":null,"operation":"process DRINK-MNG","resource":"process tank A","start":"2026-01-18T23:00:00","end":"2026-01-19T09:00:00"}
[resource] candidate {"demand":null,"start":"2026-01-18T23:00:00","end":"2026-01-19T09:00:00","feasible":true}
[resource] ask {"demand":null,"operation":"process DRINK-MNG","resource":"filling crew","start":"2026-01-18T23:00:00","end":"2026-01-19T09:00:00"}
[buffer] ask {"demand":null,"buffer":"raw milk","requested":6,"date":"2026-01-19T01:00:00","onhand":126}
[buffer] answer {"demand":null,"buffer":"raw milk","requested":6,"remainingShortage":0,"quantity":6,"date":"2030-12-31T00:00:00","plan":null}
[buffer] ask {"demand":null,"buffer":"sugar","requested":1.5,"date":"2026-01-19T01:00:00","onhand":181.5}
[buffer] answer {"demand":null,"buffer":"sugar","requested":1.5,"remainingShortage":0,"quantity":1.5,"date":"2030-12-31T00:00:00","plan":null}
[buffer] ask {"demand":null,"buffer":"cups","requested":3,"date":"2026-01-19T01:00:00","onhand":363}
[buffer] answer {"demand":null,"buffer":"cups","requested":3,"remainingShortage":0,"quantity":3,"date":"2030-12-31T00:00:00","plan":null}
[buffer] ask {"demand":null,"buffer":"mango concentrate","requested":0.75,"date":"2026-01-19T01:00:00","onhand":39.5}
[buffer] answer {"demand":null,"buffer":"mango concentrate","requested":0.75,"remainingShortage":0,"quantity":0.75,"date":"2030-12-31T00:00:00","plan":null}
[operation] answer {"demand":null,"operation":"process DRINK-MNG","quantity":3,"start":"2026-01-18T23:00:00","end":"2026-01-19T09:00:00"}
[buffer] replenish {"buffer":"mango drink","iteration":0,"requested":3,"replenished":3,"producerDate":"2030-12-31T00:00:00","eventCountBefore":31,"eventCountAfter":32,"remaining":0}
[buffer] answer {"demand":null,"buffer":"mango drink","requested":3,"remainingShortage":0,"quantity":3,"date":"2030-12-31T00:00:00","plan":"OperationPlan"}
[operation] answer {"demand":"fresh order 051 DRINK-MNG","operation":"dispatch DRINK-MNG","quantity":3,"start":"2026-01-19T09:00:00","end":"2026-01-19T10:00:00"}
[demand] reply {"demand":"fresh order 051 DRINK-MNG","attempt":1,"result":true,"quantity":3,"date":"2030-12-31T00:00:00"}
[demand] attempt {"demand":"fresh order 069 YOG-NAT","attempt":1,"quantity":3,"requestDate":"2026-01-22T10:00:00","lastDate":"2030-12-31T00:00:00"}
[operation] ask {"demand":"fresh order 069 YOG-NAT","operation":"dispatch YOG-NAT","quantity":3,"operationQuantity":3,"end":"2026-01-22T10:00:00","operationEnd":"2026-01-22T10:00:00"}
[buffer] ask {"demand":null,"buffer":"natural yogurt","requested":3,"date":"2026-01-22T09:00:00","onhand":2}
[buffer] shortage {"buffer":"natural yogurt","iteration":0,"date":"2026-01-22T09:00:00","onhand":-3,"shortage":3}
[operation] ask {"demand":null,"operation":"process YOG-NAT","quantity":3,"operationQuantity":3,"end":"2026-01-22T09:00:00","operationEnd":"2026-01-22T09:00:00"}
[resource] ask {"demand":null,"operation":"process YOG-NAT","resource":"process tank A","start":"2026-01-21T21:00:00","end":"2026-01-22T09:00:00"}
[resource] candidate {"demand":null,"start":"2026-01-21T21:00:00","end":"2026-01-22T09:00:00","feasible":true}
[resource] ask {"demand":null,"operation":"process YOG-NAT","resource":"filling crew","start":"2026-01-21T21:00:00","end":"2026-01-22T09:00:00"}
[buffer] ask {"demand":null,"buffer":"raw milk","requested":6,"date":"2026-01-22T00:00:00","onhand":46}
[buffer] answer {"demand":null,"buffer":"raw milk","requested":6,"remainingShortage":0,"quantity":6,"date":"2030-12-31T00:00:00","plan":null}
[buffer] ask {"demand":null,"buffer":"sugar","requested":1.5,"date":"2026-01-22T00:00:00","onhand":161.5}
[buffer] answer {"demand":null,"buffer":"sugar","requested":1.5,"remainingShortage":0,"quantity":1.5,"date":"2030-12-31T00:00:00","plan":null}
[buffer] ask {"demand":null,"buffer":"cups","requested":3,"date":"2026-01-22T00:00:00","onhand":323}
[buffer] answer {"demand":null,"buffer":"cups","requested":3,"remainingShortage":0,"quantity":3,"date":"2030-12-31T00:00:00","plan":null}
[buffer] ask {"demand":null,"buffer":"natural culture","requested":0.75,"date":"2026-01-22T00:00:00","onhand":20.75}
[buffer] answer {"demand":null,"buffer":"natural culture","requested":0.75,"remainingShortage":0,"quantity":0.75,"date":"2030-12-31T00:00:00","plan":null}
[operation] answer {"demand":null,"operation":"process YOG-NAT","quantity":3,"start":"2026-01-21T21:00:00","end":"2026-01-22T09:00:00"}
[buffer] replenish {"buffer":"natural yogurt","iteration":0,"requested":3,"replenished":3,"producerDate":"2030-12-31T00:00:00","eventCountBefore":31,"eventCountAfter":32,"remaining":0}
[buffer] answer {"demand":null,"buffer":"natural yogurt","requested":3,"remainingShortage":0,"quantity":3,"date":"2030-12-31T00:00:00","plan":"OperationPlan"}
[operation] answer {"demand":"fresh order 069 YOG-NAT","operation":"dispatch YOG-NAT","quantity":3,"start":"2026-01-22T09:00:00","end":"2026-01-22T10:00:00"}
[demand] reply {"demand":"fresh order 069 YOG-NAT","attempt":1,"result":true,"quantity":3,"date":"2030-12-31T00:00:00"}
[demand] attempt {"demand":"fresh order 016 DRINK-PEA","attempt":1,"quantity":4,"requestDate":"2026-01-13T14:00:00","lastDate":"2030-12-31T00:00:00"}
[operation] ask {"demand":"fresh order 016 DRINK-PEA","operation":"dispatch DRINK-PEA","quantity":4,"operationQuantity":4,"end":"2026-01-13T14:00:00","operationEnd":"2026-01-13T14:00:00"}
[buffer] ask {"demand":null,"buffer":"peach drink","requested":4,"date":"2026-01-13T13:00:00","onhand":5}
[buffer] shortage {"buffer":"peach drink","iteration":0,"date":"2026-01-13T13:00:00","onhand":-4,"shortage":4}
[operation] ask {"demand":null,"operation":"process DRINK-PEA","quantity":4,"operationQuantity":4,"end":"2026-01-13T13:00:00","operationEnd":"2026-01-13T13:00:00"}
[resource] ask {"demand":null,"operation":"process DRINK-PEA","resource":"process tank A","start":"2026-01-13T04:00:00","end":"2026-01-13T13:00:00"}
[resource] candidate {"demand":null,"start":"2026-01-13T04:00:00","end":"2026-01-13T13:00:00","feasible":true}
[resource] ask {"demand":null,"operation":"process DRINK-PEA","resource":"filling crew","start":"2026-01-13T04:00:00","end":"2026-01-13T13:00:00"}
[buffer] ask {"demand":null,"buffer":"raw milk","requested":8,"date":"2026-01-13T05:00:00","onhand":280}
[buffer] answer {"demand":null,"buffer":"raw milk","requested":8,"remainingShortage":0,"quantity":8,"date":"2030-12-31T00:00:00","plan":null}
[buffer] ask {"demand":null,"buffer":"sugar","requested":2,"date":"2026-01-13T05:00:00","onhand":220}
[buffer] answer {"demand":null,"buffer":"sugar","requested":2,"remainingShortage":0,"quantity":2,"date":"2030-12-31T00:00:00","plan":null}
[buffer] ask {"demand":null,"buffer":"cups","requested":4,"date":"2026-01-13T05:00:00","onhand":440}
[buffer] answer {"demand":null,"buffer":"cups","requested":4,"remainingShortage":0,"quantity":4,"date":"2030-12-31T00:00:00","plan":null}
[buffer] ask {"demand":null,"buffer":"peach concentrate","requested":1,"date":"2026-01-13T05:00:00","onhand":37.25}
[buffer] answer {"demand":null,"buffer":"peach concentrate","requested":1,"remainingShortage":0,"quantity":1,"date":"2030-12-31T00:00:00","plan":null}
[operation] answer {"demand":null,"operation":"process DRINK-PEA","quantity":4,"start":"2026-01-13T04:00:00","end":"2026-01-13T13:00:00"}
[buffer] replenish {"buffer":"peach drink","iteration":0,"requested":4,"replenished":4,"producerDate":"2030-12-31T00:00:00","eventCountBefore":29,"eventCountAfter":30,"remaining":0}
[buffer] answer {"demand":null,"buffer":"peach drink","requested":4,"remainingShortage":0,"quantity":4,"date":"2030-12-31T00:00:00","plan":"OperationPlan"}
[operation] answer {"demand":"fresh order 016 DRINK-PEA","operation":"dispatch DRINK-PEA","quantity":4,"start":"2026-01-13T13:00:00","end":"2026-01-13T14:00:00"}
[demand] reply {"demand":"fresh order 016 DRINK-PEA","attempt":1,"result":true,"quantity":4,"date":"2030-12-31T00:00:00"}
[demand] attempt {"demand":"fresh order 034 YOG-BRY","attempt":1,"quantity":4,"requestDate":"2026-01-16T14:00:00","lastDate":"2030-12-31T00:00:00"}
[operation] ask {"demand":"fresh order 034 YOG-BRY","operation":"dispatch YOG-BRY","quantity":4,"operationQuantity":4,"end":"2026-01-16T14:00:00","operationEnd":"2026-01-16T14:00:00"}
[buffer] ask {"demand":null,"buffer":"berry yogurt","requested":4,"date":"2026-01-16T13:00:00","onhand":5}
[buffer] shortage {"buffer":"berry yogurt","iteration":0,"date":"2026-01-16T13:00:00","onhand":-4,"shortage":4}
[operation] ask {"demand":null,"operation":"process YOG-BRY","quantity":4,"operationQuantity":4,"end":"2026-01-16T13:00:00","operationEnd":"2026-01-16T13:00:00"}
[resource] ask {"demand":null,"operation":"process YOG-BRY","resource":"process tank A","start":"2026-01-16T02:00:00","end":"2026-01-16T13:00:00"}
[resource] candidate {"demand":null,"start":"2026-01-16T02:00:00","end":"2026-01-16T13:00:00","feasible":true}
[resource] ask {"demand":null,"operation":"process YOG-BRY","resource":"filling crew","start":"2026-01-16T02:00:00","end":"2026-01-16T13:00:00"}
[buffer] ask {"demand":null,"buffer":"raw milk","requested":8,"date":"2026-01-16T03:00:00","onhand":192}
[buffer] answer {"demand":null,"buffer":"raw milk","requested":8,"remainingShortage":0,"quantity":8,"date":"2030-12-31T00:00:00","plan":null}
[buffer] ask {"demand":null,"buffer":"sugar","requested":2,"date":"2026-01-16T03:00:00","onhand":198}
[buffer] answer {"demand":null,"buffer":"sugar","requested":2,"remainingShortage":0,"quantity":2,"date":"2030-12-31T00:00:00","plan":null}
[buffer] ask {"demand":null,"buffer":"cups","requested":4,"date":"2026-01-16T03:00:00","onhand":396}
[buffer] answer {"demand":null,"buffer":"cups","requested":4,"remainingShortage":0,"quantity":4,"date":"2030-12-31T00:00:00","plan":null}
[buffer] ask {"demand":null,"buffer":"berry culture","requested":1,"date":"2026-01-16T03:00:00","onhand":12}
[buffer] answer {"demand":null,"buffer":"berry culture","requested":1,"remainingShortage":0,"quantity":1,"date":"2030-12-31T00:00:00","plan":null}
[operation] answer {"demand":null,"operation":"process YOG-BRY","quantity":4,"start":"2026-01-16T02:00:00","end":"2026-01-16T13:00:00"}
[buffer] replenish {"buffer":"berry yogurt","iteration":0,"requested":4,"replenished":4,"producerDate":"2030-12-31T00:00:00","eventCountBefore":29,"eventCountAfter":30,"remaining":0}
[buffer] answer {"demand":null,"buffer":"berry yogurt","requested":4,"remainingShortage":0,"quantity":4,"date":"2030-12-31T00:00:00","plan":"OperationPlan"}
[operation] answer {"demand":"fresh order 034 YOG-BRY","operation":"dispatch YOG-BRY","quantity":4,"start":"2026-01-16T13:00:00","end":"2026-01-16T14:00:00"}
[demand] reply {"demand":"fresh order 034 YOG-BRY","attempt":1,"result":true,"quantity":4,"date":"2030-12-31T00:00:00"}
[demand] attempt {"demand":"fresh order 052 DRINK-PEA","attempt":1,"quantity":4,"requestDate":"2026-01-19T14:00:00","lastDate":"2030-12-31T00:00:00"}
[operation] ask {"demand":"fresh order 052 DRINK-PEA","operation":"dispatch DRINK-PEA","quantity":4,"operationQuantity":4,"end":"2026-01-19T14:00:00","operationEnd":"2026-01-19T14:00:00"}
[buffer] ask {"demand":null,"buffer":"peach drink","requested":4,"date":"2026-01-19T13:00:00","onhand":5}
[buffer] shortage {"buffer":"peach drink","iteration":0,"date":"2026-01-19T13:00:00","onhand":-4,"shortage":4}
[operation] ask {"demand":null,"operation":"process DRINK-PEA","quantity":4,"operationQuantity":4,"end":"2026-01-19T13:00:00","operationEnd":"2026-01-19T13:00:00"}
[resource] ask {"demand":null,"operation":"process DRINK-PEA","resource":"process tank A","start":"2026-01-19T04:00:00","end":"2026-01-19T13:00:00"}
[resource] candidate {"demand":null,"start":"2026-01-19T04:00:00","end":"2026-01-19T13:00:00","feasible":true}
[resource] ask {"demand":null,"operation":"process DRINK-PEA","resource":"filling crew","start":"2026-01-19T04:00:00","end":"2026-01-19T13:00:00"}
[buffer] ask {"demand":null,"buffer":"raw milk","requested":8,"date":"2026-01-19T05:00:00","onhand":104}
[buffer] answer {"demand":null,"buffer":"raw milk","requested":8,"remainingShortage":0,"quantity":8,"date":"2030-12-31T00:00:00","plan":null}
[buffer] ask {"demand":null,"buffer":"sugar","requested":2,"date":"2026-01-19T05:00:00","onhand":176}
[buffer] answer {"demand":null,"buffer":"sugar","requested":2,"remainingShortage":0,"quantity":2,"date":"2030-12-31T00:00:00","plan":null}
[buffer] ask {"demand":null,"buffer":"cups","requested":4,"date":"2026-01-19T05:00:00","onhand":352}
[buffer] answer {"demand":null,"buffer":"cups","requested":4,"remainingShortage":0,"quantity":4,"date":"2030-12-31T00:00:00","plan":null}
[buffer] ask {"demand":null,"buffer":"peach concentrate","requested":1,"date":"2026-01-19T05:00:00","onhand":30.25}
[buffer] answer {"demand":null,"buffer":"peach concentrate","requested":1,"remainingShortage":0,"quantity":1,"date":"2030-12-31T00:00:00","plan":null}
[operation] answer {"demand":null,"operation":"process DRINK-PEA","quantity":4,"start":"2026-01-19T04:00:00","end":"2026-01-19T13:00:00"}
[buffer] replenish {"buffer":"peach drink","iteration":0,"requested":4,"replenished":4,"producerDate":"2030-12-31T00:00:00","eventCountBefore":31,"eventCountAfter":32,"remaining":0}
[buffer] answer {"demand":null,"buffer":"peach drink","requested":4,"remainingShortage":0,"quantity":4,"date":"2030-12-31T00:00:00","plan":"OperationPlan"}
[operation] answer {"demand":"fresh order 052 DRINK-PEA","operation":"dispatch DRINK-PEA","quantity":4,"start":"2026-01-19T13:00:00","end":"2026-01-19T14:00:00"}
[demand] reply {"demand":"fresh order 052 DRINK-PEA","attempt":1,"result":true,"quantity":4,"date":"2030-12-31T00:00:00"}
[demand] attempt {"demand":"fresh order 070 YOG-BRY","attempt":1,"quantity":4,"requestDate":"2026-01-22T14:00:00","lastDate":"2030-12-31T00:00:00"}
[operation] ask {"demand":"fresh order 070 YOG-BRY","operation":"dispatch YOG-BRY","quantity":4,"operationQuantity":4,"end":"2026-01-22T14:00:00","operationEnd":"2026-01-22T14:00:00"}
[buffer] ask {"demand":null,"buffer":"berry yogurt","requested":4,"date":"2026-01-22T13:00:00","onhand":5}
[buffer] shortage {"buffer":"berry yogurt","iteration":0,"date":"2026-01-22T13:00:00","onhand":-4,"shortage":4}
[operation] ask {"demand":null,"operation":"process YOG-BRY","quantity":4,"operationQuantity":4,"end":"2026-01-22T13:00:00","operationEnd":"2026-01-22T13:00:00"}
[resource] ask {"demand":null,"operation":"process YOG-BRY","resource":"process tank A","start":"2026-01-22T02:00:00","end":"2026-01-22T13:00:00"}
[resource] candidate {"demand":null,"start":"2026-01-22T02:00:00","end":"2026-01-22T13:00:00","feasible":true}
[resource] ask {"demand":null,"operation":"process YOG-BRY","resource":"filling crew","start":"2026-01-22T02:00:00","end":"2026-01-22T13:00:00"}
[buffer] ask {"demand":null,"buffer":"raw milk","requested":8,"date":"2026-01-22T03:00:00","onhand":16}
[buffer] answer {"demand":null,"buffer":"raw milk","requested":8,"remainingShortage":0,"quantity":8,"date":"2030-12-31T00:00:00","plan":null}
[buffer] ask {"demand":null,"buffer":"sugar","requested":2,"date":"2026-01-22T03:00:00","onhand":154}
[buffer] answer {"demand":null,"buffer":"sugar","requested":2,"remainingShortage":0,"quantity":2,"date":"2030-12-31T00:00:00","plan":null}
[buffer] ask {"demand":null,"buffer":"cups","requested":4,"date":"2026-01-22T03:00:00","onhand":308}
[buffer] answer {"demand":null,"buffer":"cups","requested":4,"remainingShortage":0,"quantity":4,"date":"2030-12-31T00:00:00","plan":null}
[buffer] ask {"demand":null,"buffer":"berry culture","requested":1,"date":"2026-01-22T03:00:00","onhand":5}
[buffer] answer {"demand":null,"buffer":"berry culture","requested":1,"remainingShortage":0,"quantity":1,"date":"2030-12-31T00:00:00","plan":null}
[operation] answer {"demand":null,"operation":"process YOG-BRY","quantity":4,"start":"2026-01-22T02:00:00","end":"2026-01-22T13:00:00"}
[buffer] replenish {"buffer":"berry yogurt","iteration":0,"requested":4,"replenished":4,"producerDate":"2030-12-31T00:00:00","eventCountBefore":31,"eventCountAfter":32,"remaining":0}
[buffer] answer {"demand":null,"buffer":"berry yogurt","requested":4,"remainingShortage":0,"quantity":4,"date":"2030-12-31T00:00:00","plan":"OperationPlan"}
[operation] answer {"demand":"fresh order 070 YOG-BRY","operation":"dispatch YOG-BRY","quantity":4,"start":"2026-01-22T13:00:00","end":"2026-01-22T14:00:00"}
[demand] reply {"demand":"fresh order 070 YOG-BRY","attempt":1,"result":true,"quantity":4,"date":"2030-12-31T00:00:00"}
[demand] attempt {"demand":"fresh order 017 YOG-NAT","attempt":1,"quantity":2,"requestDate":"2026-01-13T18:00:00","lastDate":"2030-12-31T00:00:00"}
[operation] ask {"demand":"fresh order 017 YOG-NAT","operation":"dispatch YOG-NAT","quantity":2,"operationQuantity":2,"end":"2026-01-13T18:00:00","operationEnd":"2026-01-13T18:00:00"}
[buffer] ask {"demand":null,"buffer":"natural yogurt","requested":2,"date":"2026-01-13T17:00:00","onhand":1}
[buffer] shortage {"buffer":"natural yogurt","iteration":0,"date":"2026-01-13T17:00:00","onhand":-2,"shortage":2}
[operation] ask {"demand":null,"operation":"process YOG-NAT","quantity":2,"operationQuantity":2,"end":"2026-01-13T17:00:00","operationEnd":"2026-01-13T17:00:00"}
[resource] ask {"demand":null,"operation":"process YOG-NAT","resource":"process tank A","start":"2026-01-13T05:00:00","end":"2026-01-13T17:00:00"}
[resource] candidate {"demand":null,"start":"2026-01-13T05:00:00","end":"2026-01-13T17:00:00","feasible":true}
[resource] ask {"demand":null,"operation":"process YOG-NAT","resource":"filling crew","start":"2026-01-13T05:00:00","end":"2026-01-13T17:00:00"}
[buffer] ask {"demand":null,"buffer":"raw milk","requested":4,"date":"2026-01-13T08:00:00","onhand":272}
[buffer] answer {"demand":null,"buffer":"raw milk","requested":4,"remainingShortage":0,"quantity":4,"date":"2030-12-31T00:00:00","plan":null}
[buffer] ask {"demand":null,"buffer":"sugar","requested":1,"date":"2026-01-13T08:00:00","onhand":218}
[buffer] answer {"demand":null,"buffer":"sugar","requested":1,"remainingShortage":0,"quantity":1,"date":"2030-12-31T00:00:00","plan":null}
[buffer] ask {"demand":null,"buffer":"cups","requested":2,"date":"2026-01-13T08:00:00","onhand":436}
[buffer] answer {"demand":null,"buffer":"cups","requested":2,"remainingShortage":0,"quantity":2,"date":"2030-12-31T00:00:00","plan":null}
[buffer] ask {"demand":null,"buffer":"natural culture","requested":0.5,"date":"2026-01-13T08:00:00","onhand":26.25}
[buffer] answer {"demand":null,"buffer":"natural culture","requested":0.5,"remainingShortage":0,"quantity":0.5,"date":"2030-12-31T00:00:00","plan":null}
[operation] answer {"demand":null,"operation":"process YOG-NAT","quantity":2,"start":"2026-01-13T05:00:00","end":"2026-01-13T17:00:00"}
[buffer] replenish {"buffer":"natural yogurt","iteration":0,"requested":2,"replenished":2,"producerDate":"2030-12-31T00:00:00","eventCountBefore":33,"eventCountAfter":34,"remaining":0}
[buffer] answer {"demand":null,"buffer":"natural yogurt","requested":2,"remainingShortage":0,"quantity":2,"date":"2030-12-31T00:00:00","plan":"OperationPlan"}
[operation] answer {"demand":"fresh order 017 YOG-NAT","operation":"dispatch YOG-NAT","quantity":2,"start":"2026-01-13T17:00:00","end":"2026-01-13T18:00:00"}
[demand] reply {"demand":"fresh order 017 YOG-NAT","attempt":1,"result":true,"quantity":2,"date":"2030-12-31T00:00:00"}
[demand] attempt {"demand":"fresh order 035 DRINK-MNG","attempt":1,"quantity":2,"requestDate":"2026-01-16T18:00:00","lastDate":"2030-12-31T00:00:00"}
[operation] ask {"demand":"fresh order 035 DRINK-MNG","operation":"dispatch DRINK-MNG","quantity":2,"operationQuantity":2,"end":"2026-01-16T18:00:00","operationEnd":"2026-01-16T18:00:00"}
[buffer] ask {"demand":null,"buffer":"mango drink","requested":2,"date":"2026-01-16T17:00:00","onhand":1}
[buffer] shortage {"buffer":"mango drink","iteration":0,"date":"2026-01-16T17:00:00","onhand":-2,"shortage":2}
[operation] ask {"demand":null,"operation":"process DRINK-MNG","quantity":2,"operationQuantity":2,"end":"2026-01-16T17:00:00","operationEnd":"2026-01-16T17:00:00"}
[resource] ask {"demand":null,"operation":"process DRINK-MNG","resource":"process tank A","start":"2026-01-16T07:00:00","end":"2026-01-16T17:00:00"}
[resource] candidate {"demand":null,"start":"2026-01-16T07:00:00","end":"2026-01-16T17:00:00","feasible":true}
[resource] ask {"demand":null,"operation":"process DRINK-MNG","resource":"filling crew","start":"2026-01-16T07:00:00","end":"2026-01-16T17:00:00"}
[buffer] ask {"demand":null,"buffer":"raw milk","requested":4,"date":"2026-01-16T09:00:00","onhand":180}
[buffer] answer {"demand":null,"buffer":"raw milk","requested":4,"remainingShortage":0,"quantity":4,"date":"2030-12-31T00:00:00","plan":null}
[buffer] ask {"demand":null,"buffer":"sugar","requested":1,"date":"2026-01-16T09:00:00","onhand":195}
[buffer] answer {"demand":null,"buffer":"sugar","requested":1,"remainingShortage":0,"quantity":1,"date":"2030-12-31T00:00:00","plan":null}
[buffer] ask {"demand":null,"buffer":"cups","requested":2,"date":"2026-01-16T09:00:00","onhand":390}
[buffer] answer {"demand":null,"buffer":"cups","requested":2,"remainingShortage":0,"quantity":2,"date":"2030-12-31T00:00:00","plan":null}
[buffer] ask {"demand":null,"buffer":"mango concentrate","requested":0.5,"date":"2026-01-16T09:00:00","onhand":41}
[buffer] answer {"demand":null,"buffer":"mango concentrate","requested":0.5,"remainingShortage":0,"quantity":0.5,"date":"2030-12-31T00:00:00","plan":null}
[operation] answer {"demand":null,"operation":"process DRINK-MNG","quantity":2,"start":"2026-01-16T07:00:00","end":"2026-01-16T17:00:00"}
[buffer] replenish {"buffer":"mango drink","iteration":0,"requested":2,"replenished":2,"producerDate":"2030-12-31T00:00:00","eventCountBefore":33,"eventCountAfter":34,"remaining":0}
[buffer] answer {"demand":null,"buffer":"mango drink","requested":2,"remainingShortage":0,"quantity":2,"date":"2030-12-31T00:00:00","plan":"OperationPlan"}
[operation] answer {"demand":"fresh order 035 DRINK-MNG","operation":"dispatch DRINK-MNG","quantity":2,"start":"2026-01-16T17:00:00","end":"2026-01-16T18:00:00"}
[demand] reply {"demand":"fresh order 035 DRINK-MNG","attempt":1,"result":true,"quantity":2,"date":"2030-12-31T00:00:00"}
[demand] attempt {"demand":"fresh order 053 YOG-NAT","attempt":1,"quantity":2,"requestDate":"2026-01-19T18:00:00","lastDate":"2030-12-31T00:00:00"}
[operation] ask {"demand":"fresh order 053 YOG-NAT","operation":"dispatch YOG-NAT","quantity":2,"operationQuantity":2,"end":"2026-01-19T18:00:00","operationEnd":"2026-01-19T18:00:00"}
[buffer] ask {"demand":null,"buffer":"natural yogurt","requested":2,"date":"2026-01-19T17:00:00","onhand":1}
[buffer] shortage {"buffer":"natural yogurt","iteration":0,"date":"2026-01-19T17:00:00","onhand":-2,"shortage":2}
[operation] ask {"demand":null,"operation":"process YOG-NAT","quantity":2,"operationQuantity":2,"end":"2026-01-19T17:00:00","operationEnd":"2026-01-19T17:00:00"}
[resource] ask {"demand":null,"operation":"process YOG-NAT","resource":"process tank A","start":"2026-01-19T05:00:00","end":"2026-01-19T17:00:00"}
[resource] candidate {"demand":null,"start":"2026-01-19T05:00:00","end":"2026-01-19T17:00:00","feasible":true}
[resource] ask {"demand":null,"operation":"process YOG-NAT","resource":"filling crew","start":"2026-01-19T05:00:00","end":"2026-01-19T17:00:00"}
[buffer] ask {"demand":null,"buffer":"raw milk","requested":4,"date":"2026-01-19T08:00:00","onhand":88}
[buffer] shortage {"buffer":"raw milk","iteration":0,"date":"2026-01-22T03:00:00","onhand":-4,"shortage":4}
[buffer] answer {"demand":null,"buffer":"raw milk","requested":4,"remainingShortage":4,"quantity":4,"date":"2030-12-31T00:00:00","plan":null}
[buffer] ask {"demand":null,"buffer":"sugar","requested":1,"date":"2026-01-19T08:00:00","onhand":172}
[buffer] answer {"demand":null,"buffer":"sugar","requested":1,"remainingShortage":0,"quantity":1,"date":"2030-12-31T00:00:00","plan":null}
[buffer] ask {"demand":null,"buffer":"cups","requested":2,"date":"2026-01-19T08:00:00","onhand":344}
[buffer] answer {"demand":null,"buffer":"cups","requested":2,"remainingShortage":0,"quantity":2,"date":"2030-12-31T00:00:00","plan":null}
[buffer] ask {"demand":null,"buffer":"natural culture","requested":0.5,"date":"2026-01-19T08:00:00","onhand":21.75}
[buffer] answer {"demand":null,"buffer":"natural culture","requested":0.5,"remainingShortage":0,"quantity":0.5,"date":"2030-12-31T00:00:00","plan":null}
[operation] answer {"demand":null,"operation":"process YOG-NAT","quantity":2,"start":"2026-01-19T05:00:00","end":"2026-01-19T17:00:00"}
[buffer] replenish {"buffer":"natural yogurt","iteration":0,"requested":2,"replenished":2,"producerDate":"2030-12-31T00:00:00","eventCountBefore":35,"eventCountAfter":36,"remaining":0}
[buffer] answer {"demand":null,"buffer":"natural yogurt","requested":2,"remainingShortage":0,"quantity":2,"date":"2030-12-31T00:00:00","plan":"OperationPlan"}
[operation] answer {"demand":"fresh order 053 YOG-NAT","operation":"dispatch YOG-NAT","quantity":2,"start":"2026-01-19T17:00:00","end":"2026-01-19T18:00:00"}
[demand] reply {"demand":"fresh order 053 YOG-NAT","attempt":1,"result":true,"quantity":2,"date":"2030-12-31T00:00:00"}
[demand] attempt {"demand":"fresh order 071 DRINK-MNG","attempt":1,"quantity":2,"requestDate":"2026-01-22T18:00:00","lastDate":"2030-12-31T00:00:00"}
[operation] ask {"demand":"fresh order 071 DRINK-MNG","operation":"dispatch DRINK-MNG","quantity":2,"operationQuantity":2,"end":"2026-01-22T18:00:00","operationEnd":"2026-01-22T18:00:00"}
[buffer] ask {"demand":null,"buffer":"mango drink","requested":2,"date":"2026-01-22T17:00:00","onhand":1}
[buffer] shortage {"buffer":"mango drink","iteration":0,"date":"2026-01-22T17:00:00","onhand":-2,"shortage":2}
[operation] ask {"demand":null,"operation":"process DRINK-MNG","quantity":2,"operationQuantity":2,"end":"2026-01-22T17:00:00","operationEnd":"2026-01-22T17:00:00"}
[resource] ask {"demand":null,"operation":"process DRINK-MNG","resource":"process tank A","start":"2026-01-22T07:00:00","end":"2026-01-22T17:00:00"}
[resource] candidate {"demand":null,"start":"2026-01-22T07:00:00","end":"2026-01-22T17:00:00","feasible":true}
[resource] ask {"demand":null,"operation":"process DRINK-MNG","resource":"filling crew","start":"2026-01-22T07:00:00","end":"2026-01-22T17:00:00"}
[buffer] ask {"demand":null,"buffer":"raw milk","requested":4,"date":"2026-01-22T09:00:00","onhand":-4}
[buffer] shortage {"buffer":"raw milk","iteration":0,"date":"2026-01-22T09:00:00","onhand":-8,"shortage":8}
[buffer] answer {"demand":null,"buffer":"raw milk","requested":4,"remainingShortage":8,"quantity":4,"date":"2030-12-31T00:00:00","plan":null}
[buffer] ask {"demand":null,"buffer":"sugar","requested":1,"date":"2026-01-22T09:00:00","onhand":149}
[buffer] answer {"demand":null,"buffer":"sugar","requested":1,"remainingShortage":0,"quantity":1,"date":"2030-12-31T00:00:00","plan":null}
[buffer] ask {"demand":null,"buffer":"cups","requested":2,"date":"2026-01-22T09:00:00","onhand":298}
[buffer] answer {"demand":null,"buffer":"cups","requested":2,"remainingShortage":0,"quantity":2,"date":"2030-12-31T00:00:00","plan":null}
[buffer] ask {"demand":null,"buffer":"mango concentrate","requested":0.5,"date":"2026-01-22T09:00:00","onhand":36.5}
[buffer] answer {"demand":null,"buffer":"mango concentrate","requested":0.5,"remainingShortage":0,"quantity":0.5,"date":"2030-12-31T00:00:00","plan":null}
[operation] answer {"demand":null,"operation":"process DRINK-MNG","quantity":2,"start":"2026-01-22T07:00:00","end":"2026-01-22T17:00:00"}
[buffer] replenish {"buffer":"mango drink","iteration":0,"requested":2,"replenished":2,"producerDate":"2030-12-31T00:00:00","eventCountBefore":35,"eventCountAfter":36,"remaining":0}
[buffer] answer {"demand":null,"buffer":"mango drink","requested":2,"remainingShortage":0,"quantity":2,"date":"2030-12-31T00:00:00","plan":"OperationPlan"}
[operation] answer {"demand":"fresh order 071 DRINK-MNG","operation":"dispatch DRINK-MNG","quantity":2,"start":"2026-01-22T17:00:00","end":"2026-01-22T18:00:00"}
[demand] reply {"demand":"fresh order 071 DRINK-MNG","attempt":1,"result":true,"quantity":2,"date":"2030-12-31T00:00:00"}
[demand] attempt {"demand":"fresh order 018 YOG-BRY","attempt":1,"quantity":5,"requestDate":"2026-01-13T22:00:00","lastDate":"2030-12-31T00:00:00"}
[operation] ask {"demand":"fresh order 018 YOG-BRY","operation":"dispatch YOG-BRY","quantity":5,"operationQuantity":5,"end":"2026-01-13T22:00:00","operationEnd":"2026-01-13T22:00:00"}
[buffer] ask {"demand":null,"buffer":"berry yogurt","requested":5,"date":"2026-01-13T21:00:00","onhand":2}
[buffer] shortage {"buffer":"berry yogurt","iteration":0,"date":"2026-01-13T21:00:00","onhand":-5,"shortage":5}
[operation] ask {"demand":null,"operation":"process YOG-BRY","quantity":5,"operationQuantity":5,"end":"2026-01-13T21:00:00","operationEnd":"2026-01-13T21:00:00"}
[resource] ask {"demand":null,"operation":"process YOG-BRY","resource":"process tank A","start":"2026-01-13T10:00:00","end":"2026-01-13T21:00:00"}
[resource] candidate {"demand":null,"start":"2026-01-13T10:00:00","end":"2026-01-13T21:00:00","feasible":true}
[resource] ask {"demand":null,"operation":"process YOG-BRY","resource":"filling crew","start":"2026-01-13T10:00:00","end":"2026-01-13T21:00:00"}
[buffer] ask {"demand":null,"buffer":"raw milk","requested":10,"date":"2026-01-13T11:00:00","onhand":268}
[buffer] shortage {"buffer":"raw milk","iteration":0,"date":"2026-01-22T00:00:00","onhand":-6,"shortage":6}
[buffer] answer {"demand":null,"buffer":"raw milk","requested":10,"remainingShortage":18,"quantity":10,"date":"2030-12-31T00:00:00","plan":null}
[buffer] ask {"demand":null,"buffer":"sugar","requested":2.5,"date":"2026-01-13T11:00:00","onhand":217}
[buffer] answer {"demand":null,"buffer":"sugar","requested":2.5,"remainingShortage":0,"quantity":2.5,"date":"2030-12-31T00:00:00","plan":null}
[buffer] ask {"demand":null,"buffer":"cups","requested":5,"date":"2026-01-13T11:00:00","onhand":434}
[buffer] answer {"demand":null,"buffer":"cups","requested":5,"remainingShortage":0,"quantity":5,"date":"2030-12-31T00:00:00","plan":null}
[buffer] ask {"demand":null,"buffer":"berry culture","requested":1.25,"date":"2026-01-13T11:00:00","onhand":14.75}
[buffer] answer {"demand":null,"buffer":"berry culture","requested":1.25,"remainingShortage":0,"quantity":1.25,"date":"2030-12-31T00:00:00","plan":null}
[operation] answer {"demand":null,"operation":"process YOG-BRY","quantity":5,"start":"2026-01-13T10:00:00","end":"2026-01-13T21:00:00"}
[buffer] replenish {"buffer":"berry yogurt","iteration":0,"requested":5,"replenished":5,"producerDate":"2030-12-31T00:00:00","eventCountBefore":33,"eventCountAfter":34,"remaining":0}
[buffer] answer {"demand":null,"buffer":"berry yogurt","requested":5,"remainingShortage":0,"quantity":5,"date":"2030-12-31T00:00:00","plan":"OperationPlan"}
[operation] answer {"demand":"fresh order 018 YOG-BRY","operation":"dispatch YOG-BRY","quantity":5,"start":"2026-01-13T21:00:00","end":"2026-01-13T22:00:00"}
[demand] reply {"demand":"fresh order 018 YOG-BRY","attempt":1,"result":true,"quantity":5,"date":"2030-12-31T00:00:00"}
[demand] attempt {"demand":"fresh order 036 DRINK-PEA","attempt":1,"quantity":5,"requestDate":"2026-01-16T22:00:00","lastDate":"2030-12-31T00:00:00"}
[operation] ask {"demand":"fresh order 036 DRINK-PEA","operation":"dispatch DRINK-PEA","quantity":5,"operationQuantity":5,"end":"2026-01-16T22:00:00","operationEnd":"2026-01-16T22:00:00"}
[buffer] ask {"demand":null,"buffer":"peach drink","requested":5,"date":"2026-01-16T21:00:00","onhand":2}
[buffer] shortage {"buffer":"peach drink","iteration":0,"date":"2026-01-16T21:00:00","onhand":-5,"shortage":5}
[operation] ask {"demand":null,"operation":"process DRINK-PEA","quantity":5,"operationQuantity":5,"end":"2026-01-16T21:00:00","operationEnd":"2026-01-16T21:00:00"}
[resource] ask {"demand":null,"operation":"process DRINK-PEA","resource":"process tank A","start":"2026-01-16T12:00:00","end":"2026-01-16T21:00:00"}
[resource] candidate {"demand":null,"start":"2026-01-16T12:00:00","end":"2026-01-16T21:00:00","feasible":true}
[resource] ask {"demand":null,"operation":"process DRINK-PEA","resource":"filling crew","start":"2026-01-16T12:00:00","end":"2026-01-16T21:00:00"}
[buffer] ask {"demand":null,"buffer":"raw milk","requested":10,"date":"2026-01-16T13:00:00","onhand":166}
[buffer] shortage {"buffer":"raw milk","iteration":0,"date":"2026-01-21T11:00:00","onhand":-4,"shortage":4}
[buffer] answer {"demand":null,"buffer":"raw milk","requested":10,"remainingShortage":28,"quantity":10,"date":"2030-12-31T00:00:00","plan":null}
[buffer] ask {"demand":null,"buffer":"sugar","requested":2.5,"date":"2026-01-16T13:00:00","onhand":191.5}
[buffer] answer {"demand":null,"buffer":"sugar","requested":2.5,"remainingShortage":0,"quantity":2.5,"date":"2030-12-31T00:00:00","plan":null}
[buffer] ask {"demand":null,"buffer":"cups","requested":5,"date":"2026-01-16T13:00:00","onhand":383}
[buffer] answer {"demand":null,"buffer":"cups","requested":5,"remainingShortage":0,"quantity":5,"date":"2030-12-31T00:00:00","plan":null}
[buffer] ask {"demand":null,"buffer":"peach concentrate","requested":1.25,"date":"2026-01-16T13:00:00","onhand":33}
[buffer] answer {"demand":null,"buffer":"peach concentrate","requested":1.25,"remainingShortage":0,"quantity":1.25,"date":"2030-12-31T00:00:00","plan":null}
[operation] answer {"demand":null,"operation":"process DRINK-PEA","quantity":5,"start":"2026-01-16T12:00:00","end":"2026-01-16T21:00:00"}
[buffer] replenish {"buffer":"peach drink","iteration":0,"requested":5,"replenished":5,"producerDate":"2030-12-31T00:00:00","eventCountBefore":33,"eventCountAfter":34,"remaining":0}
[buffer] answer {"demand":null,"buffer":"peach drink","requested":5,"remainingShortage":0,"quantity":5,"date":"2030-12-31T00:00:00","plan":"OperationPlan"}
[operation] answer {"demand":"fresh order 036 DRINK-PEA","operation":"dispatch DRINK-PEA","quantity":5,"start":"2026-01-16T21:00:00","end":"2026-01-16T22:00:00"}
[demand] reply {"demand":"fresh order 036 DRINK-PEA","attempt":1,"result":true,"quantity":5,"date":"2030-12-31T00:00:00"}
[demand] attempt {"demand":"fresh order 054 YOG-BRY","attempt":1,"quantity":5,"requestDate":"2026-01-19T22:00:00","lastDate":"2030-12-31T00:00:00"}
[operation] ask {"demand":"fresh order 054 YOG-BRY","operation":"dispatch YOG-BRY","quantity":5,"operationQuantity":5,"end":"2026-01-19T22:00:00","operationEnd":"2026-01-19T22:00:00"}
[buffer] ask {"demand":null,"buffer":"berry yogurt","requested":5,"date":"2026-01-19T21:00:00","onhand":2}
[buffer] shortage {"buffer":"berry yogurt","iteration":0,"date":"2026-01-19T21:00:00","onhand":-5,"shortage":5}
[operation] ask {"demand":null,"operation":"process YOG-BRY","quantity":5,"operationQuantity":5,"end":"2026-01-19T21:00:00","operationEnd":"2026-01-19T21:00:00"}
[resource] ask {"demand":null,"operation":"process YOG-BRY","resource":"process tank A","start":"2026-01-19T10:00:00","end":"2026-01-19T21:00:00"}
[resource] candidate {"demand":null,"start":"2026-01-19T10:00:00","end":"2026-01-19T21:00:00","feasible":true}
[resource] ask {"demand":null,"operation":"process YOG-BRY","resource":"filling crew","start":"2026-01-19T10:00:00","end":"2026-01-19T21:00:00"}
[buffer] ask {"demand":null,"buffer":"raw milk","requested":10,"date":"2026-01-19T11:00:00","onhand":64}
[buffer] shortage {"buffer":"raw milk","iteration":0,"date":"2026-01-21T08:00:00","onhand":-4,"shortage":4}
[buffer] answer {"demand":null,"buffer":"raw milk","requested":10,"remainingShortage":38,"quantity":10,"date":"2030-12-31T00:00:00","plan":null}
[buffer] ask {"demand":null,"buffer":"sugar","requested":2.5,"date":"2026-01-19T11:00:00","onhand":166}
[buffer] answer {"demand":null,"buffer":"sugar","requested":2.5,"remainingShortage":0,"quantity":2.5,"date":"2030-12-31T00:00:00","plan":null}
[buffer] ask {"demand":null,"buffer":"cups","requested":5,"date":"2026-01-19T11:00:00","onhand":332}
[buffer] answer {"demand":null,"buffer":"cups","requested":5,"remainingShortage":0,"quantity":5,"date":"2030-12-31T00:00:00","plan":null}
[buffer] ask {"demand":null,"buffer":"berry culture","requested":1.25,"date":"2026-01-19T11:00:00","onhand":6.5}
[buffer] answer {"demand":null,"buffer":"berry culture","requested":1.25,"remainingShortage":0,"quantity":1.25,"date":"2030-12-31T00:00:00","plan":null}
[operation] answer {"demand":null,"operation":"process YOG-BRY","quantity":5,"start":"2026-01-19T10:00:00","end":"2026-01-19T21:00:00"}
[buffer] replenish {"buffer":"berry yogurt","iteration":0,"requested":5,"replenished":5,"producerDate":"2030-12-31T00:00:00","eventCountBefore":35,"eventCountAfter":36,"remaining":0}
[buffer] answer {"demand":null,"buffer":"berry yogurt","requested":5,"remainingShortage":0,"quantity":5,"date":"2030-12-31T00:00:00","plan":"OperationPlan"}
[operation] answer {"demand":"fresh order 054 YOG-BRY","operation":"dispatch YOG-BRY","quantity":5,"start":"2026-01-19T21:00:00","end":"2026-01-19T22:00:00"}
[demand] reply {"demand":"fresh order 054 YOG-BRY","attempt":1,"result":true,"quantity":5,"date":"2030-12-31T00:00:00"}
[demand] attempt {"demand":"fresh order 072 DRINK-PEA","attempt":1,"quantity":5,"requestDate":"2026-01-22T22:00:00","lastDate":"2030-12-31T00:00:00"}
[operation] ask {"demand":"fresh order 072 DRINK-PEA","operation":"dispatch DRINK-PEA","quantity":5,"operationQuantity":5,"end":"2026-01-22T22:00:00","operationEnd":"2026-01-22T22:00:00"}
[buffer] ask {"demand":null,"buffer":"peach drink","requested":5,"date":"2026-01-22T21:00:00","onhand":2}
[buffer] shortage {"buffer":"peach drink","iteration":0,"date":"2026-01-22T21:00:00","onhand":-5,"shortage":5}
[operation] ask {"demand":null,"operation":"process DRINK-PEA","quantity":5,"operationQuantity":5,"end":"2026-01-22T21:00:00","operationEnd":"2026-01-22T21:00:00"}
[resource] ask {"demand":null,"operation":"process DRINK-PEA","resource":"process tank A","start":"2026-01-22T12:00:00","end":"2026-01-22T21:00:00"}
[resource] candidate {"demand":null,"start":"2026-01-22T12:00:00","end":"2026-01-22T21:00:00","feasible":true}
[resource] ask {"demand":null,"operation":"process DRINK-PEA","resource":"filling crew","start":"2026-01-22T12:00:00","end":"2026-01-22T21:00:00"}
[buffer] ask {"demand":null,"buffer":"raw milk","requested":10,"date":"2026-01-22T13:00:00","onhand":-38}
[buffer] shortage {"buffer":"raw milk","iteration":0,"date":"2026-01-22T13:00:00","onhand":-48,"shortage":48}
[buffer] answer {"demand":null,"buffer":"raw milk","requested":10,"remainingShortage":48,"quantity":10,"date":"2030-12-31T00:00:00","plan":null}
[buffer] ask {"demand":null,"buffer":"sugar","requested":2.5,"date":"2026-01-22T13:00:00","onhand":140.5}
[buffer] answer {"demand":null,"buffer":"sugar","requested":2.5,"remainingShortage":0,"quantity":2.5,"date":"2030-12-31T00:00:00","plan":null}
[buffer] ask {"demand":null,"buffer":"cups","requested":5,"date":"2026-01-22T13:00:00","onhand":281}
[buffer] answer {"demand":null,"buffer":"cups","requested":5,"remainingShortage":0,"quantity":5,"date":"2030-12-31T00:00:00","plan":null}
[buffer] ask {"demand":null,"buffer":"peach concentrate","requested":1.25,"date":"2026-01-22T13:00:00","onhand":24.75}
[buffer] answer {"demand":null,"buffer":"peach concentrate","requested":1.25,"remainingShortage":0,"quantity":1.25,"date":"2030-12-31T00:00:00","plan":null}
[operation] answer {"demand":null,"operation":"process DRINK-PEA","quantity":5,"start":"2026-01-22T12:00:00","end":"2026-01-22T21:00:00"}
[buffer] replenish {"buffer":"peach drink","iteration":0,"requested":5,"replenished":5,"producerDate":"2030-12-31T00:00:00","eventCountBefore":35,"eventCountAfter":36,"remaining":0}
[buffer] answer {"demand":null,"buffer":"peach drink","requested":5,"remainingShortage":0,"quantity":5,"date":"2030-12-31T00:00:00","plan":"OperationPlan"}
[operation] answer {"demand":"fresh order 072 DRINK-PEA","operation":"dispatch DRINK-PEA","quantity":5,"start":"2026-01-22T21:00:00","end":"2026-01-22T22:00:00"}
[demand] reply {"demand":"fresh order 072 DRINK-PEA","attempt":1,"result":true,"quantity":5,"date":"2030-12-31T00:00:00"}
