[demand] attempt {"demand":"medicine demand 001 TAB-A","attempt":1,"quantity":2,"requestDate":"2026-02-01T06:00:00","lastDate":"2030-12-31T00:00:00"}
[operation] ask {"demand":"medicine demand 001 TAB-A","operation":"release TAB-A","quantity":2,"end":"2026-02-01T06:00:00"}
[feasible] {"operation":"release TAB-A","start":"2026-02-01T00:00:00","end":"2026-02-01T06:00:00","reason":"final-material"}
[buffer] ask {"demand":null,"buffer":"tablet A","requested":2,"date":"2026-02-01T00:00:00","onhand":0}
[buffer] shortage {"buffer":"tablet A","iteration":0,"date":"2026-02-01T00:00:00","onhand":-2,"shortage":2}
[operation] routing-ask {"demand":null,"operation":"batch TAB-A","quantity":2,"operationPlanQuantity":2,"end":"2026-02-01T00:00:00","steps":["blend TAB-A","form TAB-A","inspect TAB-A"]}
[operation] ask {"demand":null,"operation":"inspect TAB-A","quantity":2,"end":"2026-02-01T00:00:00"}
[resource] ask {"demand":null,"operation":"inspect TAB-A","resource":"qa pharmacist 1","start":"2026-01-31T06:00:00","end":"2026-02-01T00:00:00"}
[resource] candidate {"demand":null,"start":"2026-01-31T06:00:00","end":"2026-02-01T00:00:00","feasible":true}
[resource] ask {"demand":null,"operation":"inspect TAB-A","resource":"qa pharmacist 2","start":"2026-01-31T05:03:09","end":"2026-02-01T00:00:00"}
[resource] candidate {"demand":null,"start":"2026-01-31T05:03:09","end":"2026-02-01T00:00:00","feasible":true}
[resource] ask {"demand":null,"operation":"inspect TAB-A","resource":"qa pharmacist 1","start":"2026-01-31T06:00:00","end":"2026-02-01T00:00:00"}
[resource] candidate {"demand":null,"start":"2026-01-31T06:00:00","end":"2026-02-01T00:00:00","feasible":true}
[operation] answer {"demand":null,"operation":"inspect TAB-A","quantity":2,"start":"2026-01-31T06:00:00","end":"2026-02-01T00:00:00"}
[operation] ask {"demand":null,"operation":"form TAB-A","quantity":2,"end":"2026-01-31T06:00:00"}
[resource] ask {"demand":null,"operation":"form TAB-A","resource":"forming line A","start":"2026-01-30T16:00:00","end":"2026-01-31T06:00:00"}
[resource] candidate {"demand":null,"start":"2026-01-30T16:00:00","end":"2026-01-31T06:00:00","feasible":true}
[buffer] ask {"demand":null,"buffer":"primary packaging","requested":2,"date":"2026-01-30T18:00:00","onhand":280}
[buffer] answer {"demand":null,"buffer":"primary packaging","requested":2,"remainingShortage":0,"quantity":2,"date":"2026-01-30T18:00:00","plan":null}
[operation] answer {"demand":null,"operation":"form TAB-A","quantity":2,"start":"2026-01-30T16:00:00","end":"2026-01-31T06:00:00"}
[operation] ask {"demand":null,"operation":"blend TAB-A","quantity":2,"end":"2026-01-30T16:00:00"}
[resource] ask {"demand":null,"operation":"blend TAB-A","resource":"blender","start":"2026-01-29T17:00:00","end":"2026-01-30T16:00:00"}
[resource] candidate {"demand":null,"start":"2026-01-29T17:00:00","end":"2026-01-30T16:00:00","feasible":true}
[buffer] ask {"demand":null,"buffer":"active A","requested":2,"date":"2026-01-29T20:00:00","onhand":85}
[buffer] answer {"demand":null,"buffer":"active A","requested":2,"remainingShortage":0,"quantity":2,"date":"2026-01-29T20:00:00","plan":null}
[buffer] ask {"demand":null,"buffer":"excipient","requested":4,"date":"2026-01-29T20:00:00","onhand":420}
[buffer] answer {"demand":null,"buffer":"excipient","requested":4,"remainingShortage":0,"quantity":4,"date":"2026-01-29T20:00:00","plan":null}
[operation] answer {"demand":null,"operation":"blend TAB-A","quantity":2,"start":"2026-01-29T17:00:00","end":"2026-01-30T16:00:00"}
[operation] routing-answer {"demand":null,"operation":"batch TAB-A","quantity":2,"start":"2026-01-29T17:00:00","end":"2026-02-01T00:00:00"}
[buffer] replenish {"buffer":"tablet A","iteration":0,"requested":2,"replenished":2,"producerDate":"2026-02-01T00:00:00","eventCountBefore":1,"eventCountAfter":2,"remaining":0}
[buffer] answer {"demand":null,"buffer":"tablet A","requested":2,"remainingShortage":0,"quantity":2,"date":"2026-02-01T00:00:00","plan":"OperationPlan"}
[operation] answer {"demand":"medicine demand 001 TAB-A","operation":"release TAB-A","quantity":2,"start":"2026-02-01T00:00:00","end":"2026-02-01T06:00:00"}
[demand] reply {"demand":"medicine demand 001 TAB-A","attempt":1,"result":true,"quantity":2,"date":"2026-02-01T06:00:00"}
[demand] attempt {"demand":"medicine demand 010 TAB-A","attempt":1,"quantity":4,"requestDate":"2026-02-05T18:00:00","lastDate":"2030-12-31T00:00:00"}
[operation] ask {"demand":"medicine demand 010 TAB-A","operation":"release TAB-A","quantity":4,"end":"2026-02-05T18:00:00"}
[feasible] {"operation":"release TAB-A","start":"2026-02-05T12:00:00","end":"2026-02-05T18:00:00","reason":"final-material"}
[buffer] ask {"demand":null,"buffer":"tablet A","requested":4,"date":"2026-02-05T12:00:00","onhand":2}
[buffer] shortage {"buffer":"tablet A","iteration":0,"date":"2026-02-05T12:00:00","onhand":-4,"shortage":4}
[operation] routing-ask {"demand":null,"operation":"batch TAB-A","quantity":4,"operationPlanQuantity":4,"end":"2026-02-05T12:00:00","steps":["blend TAB-A","form TAB-A","inspect TAB-A"]}
[operation] ask {"demand":null,"operation":"inspect TAB-A","quantity":4,"end":"2026-02-05T12:00:00"}
[resource] ask {"demand":null,"operation":"inspect TAB-A","resource":"qa pharmacist 1","start":"2026-02-04T18:00:00","end":"2026-02-05T12:00:00"}
[resource] candidate {"demand":null,"start":"2026-02-04T18:00:00","end":"2026-02-05T12:00:00","feasible":true}
[resource] ask {"demand":null,"operation":"inspect TAB-A","resource":"qa pharmacist 2","start":"2026-02-04T17:03:09","end":"2026-02-05T12:00:00"}
[resource] candidate {"demand":null,"start":"2026-02-04T17:03:09","end":"2026-02-05T12:00:00","feasible":true}
[resource] ask {"demand":null,"operation":"inspect TAB-A","resource":"qa pharmacist 1","start":"2026-02-04T18:00:00","end":"2026-02-05T12:00:00"}
[resource] candidate {"demand":null,"start":"2026-02-04T18:00:00","end":"2026-02-05T12:00:00","feasible":true}
[operation] answer {"demand":null,"operation":"inspect TAB-A","quantity":4,"start":"2026-02-04T18:00:00","end":"2026-02-05T12:00:00"}
[operation] ask {"demand":null,"operation":"form TAB-A","quantity":4,"end":"2026-02-04T18:00:00"}
[resource] ask {"demand":null,"operation":"form TAB-A","resource":"forming line A","start":"2026-02-04T06:00:00","end":"2026-02-04T18:00:00"}
[resource] candidate {"demand":null,"start":"2026-02-04T06:00:00","end":"2026-02-04T18:00:00","feasible":true}
[buffer] ask {"demand":null,"buffer":"primary packaging","requested":4,"date":"2026-02-04T06:00:00","onhand":278}
[buffer] answer {"demand":null,"buffer":"primary packaging","requested":4,"remainingShortage":0,"quantity":4,"date":"2026-02-04T06:00:00","plan":null}
[operation] answer {"demand":null,"operation":"form TAB-A","quantity":4,"start":"2026-02-04T06:00:00","end":"2026-02-04T18:00:00"}
[operation] ask {"demand":null,"operation":"blend TAB-A","quantity":4,"end":"2026-02-04T06:00:00"}
[resource] ask {"demand":null,"operation":"blend TAB-A","resource":"blender","start":"2026-02-03T10:00:00","end":"2026-02-04T06:00:00"}
[resource] candidate {"demand":null,"start":"2026-02-03T10:00:00","end":"2026-02-04T06:00:00","feasible":true}
[buffer] ask {"demand":null,"buffer":"active A","requested":4,"date":"2026-02-03T10:00:00","onhand":83}
[buffer] answer {"demand":null,"buffer":"active A","requested":4,"remainingShortage":0,"quantity":4,"date":"2026-02-03T10:00:00","plan":null}
[buffer] ask {"demand":null,"buffer":"excipient","requested":8,"date":"2026-02-03T10:00:00","onhand":416}
[buffer] answer {"demand":null,"buffer":"excipient","requested":8,"remainingShortage":0,"quantity":8,"date":"2026-02-03T10:00:00","plan":null}
[operation] answer {"demand":null,"operation":"blend TAB-A","quantity":4,"start":"2026-02-03T10:00:00","end":"2026-02-04T06:00:00"}
[operation] routing-answer {"demand":null,"operation":"batch TAB-A","quantity":4,"start":"2026-02-03T10:00:00","end":"2026-02-05T12:00:00"}
[buffer] replenish {"buffer":"tablet A","iteration":0,"requested":4,"replenished":4,"producerDate":"2026-02-05T12:00:00","eventCountBefore":3,"eventCountAfter":4,"remaining":0}
[buffer] answer {"demand":null,"buffer":"tablet A","requested":4,"remainingShortage":0,"quantity":4,"date":"2026-02-05T12:00:00","plan":"OperationPlan"}
[operation] answer {"demand":"medicine demand 010 TAB-A","operation":"release TAB-A","quantity":4,"start":"2026-02-05T12:00:00","end":"2026-02-05T18:00:00"}
[demand] reply {"demand":"medicine demand 010 TAB-A","attempt":1,"result":true,"quantity":4,"date":"2026-02-05T18:00:00"}
[demand] attempt {"demand":"medicine demand 019 TAB-A","attempt":1,"quantity":2,"requestDate":"2026-02-10T06:00:00","lastDate":"2030-12-31T00:00:00"}
[operation] ask {"demand":"medicine demand 019 TAB-A","operation":"release TAB-A","quantity":2,"end":"2026-02-10T06:00:00"}
[feasible] {"operation":"release TAB-A","start":"2026-02-10T00:00:00","end":"2026-02-10T06:00:00","reason":"final-material"}
[buffer] ask {"demand":null,"buffer":"tablet A","requested":2,"date":"2026-02-10T00:00:00","onhand":4}
[buffer] shortage {"buffer":"tablet A","iteration":0,"date":"2026-02-10T00:00:00","onhand":-2,"shortage":2}
[operation] routing-ask {"demand":null,"operation":"batch TAB-A","quantity":2,"operationPlanQuantity":2,"end":"2026-02-10T00:00:00","steps":["blend TAB-A","form TAB-A","inspect TAB-A"]}
[operation] ask {"demand":null,"operation":"inspect TAB-A","quantity":2,"end":"2026-02-10T00:00:00"}
[resource] ask {"demand":null,"operation":"inspect TAB-A","resource":"qa pharmacist 1","start":"2026-02-09T06:00:00","end":"2026-02-10T00:00:00"}
[resource] candidate {"demand":null,"start":"2026-02-09T06:00:00","end":"2026-02-10T00:00:00","feasible":true}
[resource] ask {"demand":null,"operation":"inspect TAB-A","resource":"qa pharmacist 2","start":"2026-02-09T05:03:09","end":"2026-02-10T00:00:00"}
[resource] candidate {"demand":null,"start":"2026-02-09T05:03:09","end":"2026-02-10T00:00:00","feasible":true}
[resource] ask {"demand":null,"operation":"inspect TAB-A","resource":"qa pharmacist 1","start":"2026-02-09T06:00:00","end":"2026-02-10T00:00:00"}
[resource] candidate {"demand":null,"start":"2026-02-09T06:00:00","end":"2026-02-10T00:00:00","feasible":true}
[operation] answer {"demand":null,"operation":"inspect TAB-A","quantity":2,"start":"2026-02-09T06:00:00","end":"2026-02-10T00:00:00"}
[operation] ask {"demand":null,"operation":"form TAB-A","quantity":2,"end":"2026-02-09T06:00:00"}
[resource] ask {"demand":null,"operation":"form TAB-A","resource":"forming line A","start":"2026-02-08T18:00:00","end":"2026-02-09T06:00:00"}
[resource] candidate {"demand":null,"start":"2026-02-08T18:00:00","end":"2026-02-09T06:00:00","feasible":true}
[buffer] ask {"demand":null,"buffer":"primary packaging","requested":2,"date":"2026-02-08T18:00:00","onhand":274}
[buffer] answer {"demand":null,"buffer":"primary packaging","requested":2,"remainingShortage":0,"quantity":2,"date":"2026-02-08T18:00:00","plan":null}
[operation] answer {"demand":null,"operation":"form TAB-A","quantity":2,"start":"2026-02-08T18:00:00","end":"2026-02-09T06:00:00"}
[operation] ask {"demand":null,"operation":"blend TAB-A","quantity":2,"end":"2026-02-08T18:00:00"}
[resource] ask {"demand":null,"operation":"blend TAB-A","resource":"blender","start":"2026-02-07T22:00:00","end":"2026-02-08T18:00:00"}
[resource] candidate {"demand":null,"start":"2026-02-07T22:00:00","end":"2026-02-08T18:00:00","feasible":true}
[buffer] ask {"demand":null,"buffer":"active A","requested":2,"date":"2026-02-07T22:00:00","onhand":79}
[buffer] answer {"demand":null,"buffer":"active A","requested":2,"remainingShortage":0,"quantity":2,"date":"2026-02-07T22:00:00","plan":null}
[buffer] ask {"demand":null,"buffer":"excipient","requested":4,"date":"2026-02-07T22:00:00","onhand":408}
[buffer] answer {"demand":null,"buffer":"excipient","requested":4,"remainingShortage":0,"quantity":4,"date":"2026-02-07T22:00:00","plan":null}
[operation] answer {"demand":null,"operation":"blend TAB-A","quantity":2,"start":"2026-02-07T22:00:00","end":"2026-02-08T18:00:00"}
[operation] routing-answer {"demand":null,"operation":"batch TAB-A","quantity":2,"start":"2026-02-07T22:00:00","end":"2026-02-10T00:00:00"}
[buffer] replenish {"buffer":"tablet A","iteration":0,"requested":2,"replenished":2,"producerDate":"2026-02-10T00:00:00","eventCountBefore":5,"eventCountAfter":6,"remaining":0}
[buffer] answer {"demand":null,"buffer":"tablet A","requested":2,"remainingShortage":0,"quantity":2,"date":"2026-02-10T00:00:00","plan":"OperationPlan"}
[operation] answer {"demand":"medicine demand 019 TAB-A","operation":"release TAB-A","quantity":2,"start":"2026-02-10T00:00:00","end":"2026-02-10T06:00:00"}
[demand] reply {"demand":"medicine demand 019 TAB-A","attempt":1,"result":true,"quantity":2,"date":"2026-02-10T06:00:00"}
[demand] attempt {"demand":"medicine demand 028 TAB-A","attempt":1,"quantity":4,"requestDate":"2026-02-14T18:00:00","lastDate":"2030-12-31T00:00:00"}
[operation] ask {"demand":"medicine demand 028 TAB-A","operation":"release TAB-A","quantity":4,"end":"2026-02-14T18:00:00"}
[feasible] {"operation":"release TAB-A","start":"2026-02-14T12:00:00","end":"2026-02-14T18:00:00","reason":"final-material"}
[buffer] ask {"demand":null,"buffer":"tablet A","requested":4,"date":"2026-02-14T12:00:00","onhand":2}
[buffer] shortage {"buffer":"tablet A","iteration":0,"date":"2026-02-14T12:00:00","onhand":-4,"shortage":4}
[operation] routing-ask {"demand":null,"operation":"batch TAB-A","quantity":4,"operationPlanQuantity":4,"end":"2026-02-14T12:00:00","steps":["blend TAB-A","form TAB-A","inspect TAB-A"]}
[operation] ask {"demand":null,"operation":"inspect TAB-A","quantity":4,"end":"2026-02-14T12:00:00"}
[resource] ask {"demand":null,"operation":"inspect TAB-A","resource":"qa pharmacist 1","start":"2026-02-13T18:00:00","end":"2026-02-14T12:00:00"}
[resource] candidate {"demand":null,"start":"2026-02-13T18:00:00","end":"2026-02-14T12:00:00","feasible":true}
[resource] ask {"demand":null,"operation":"inspect TAB-A","resource":"qa pharmacist 2","start":"2026-02-13T17:03:09","end":"2026-02-14T12:00:00"}
[resource] candidate {"demand":null,"start":"2026-02-13T17:03:09","end":"2026-02-14T12:00:00","feasible":true}
[resource] ask {"demand":null,"operation":"inspect TAB-A","resource":"qa pharmacist 1","start":"2026-02-13T18:00:00","end":"2026-02-14T12:00:00"}
[resource] candidate {"demand":null,"start":"2026-02-13T18:00:00","end":"2026-02-14T12:00:00","feasible":true}
[operation] answer {"demand":null,"operation":"inspect TAB-A","quantity":4,"start":"2026-02-13T18:00:00","end":"2026-02-14T12:00:00"}
[operation] ask {"demand":null,"operation":"form TAB-A","quantity":4,"end":"2026-02-13T18:00:00"}
[resource] ask {"demand":null,"operation":"form TAB-A","resource":"forming line A","start":"2026-02-13T06:00:00","end":"2026-02-13T18:00:00"}
[resource] candidate {"demand":null,"start":"2026-02-13T06:00:00","end":"2026-02-13T18:00:00","feasible":true}
[buffer] ask {"demand":null,"buffer":"primary packaging","requested":4,"date":"2026-02-13T06:00:00","onhand":272}
[buffer] answer {"demand":null,"buffer":"primary packaging","requested":4,"remainingShortage":0,"quantity":4,"date":"2026-02-13T06:00:00","plan":null}
[operation] answer {"demand":null,"operation":"form TAB-A","quantity":4,"start":"2026-02-13T06:00:00","end":"2026-02-13T18:00:00"}
[operation] ask {"demand":null,"operation":"blend TAB-A","quantity":4,"end":"2026-02-13T06:00:00"}
[resource] ask {"demand":null,"operation":"blend TAB-A","resource":"blender","start":"2026-02-12T10:00:00","end":"2026-02-13T06:00:00"}
[resource] candidate {"demand":null,"start":"2026-02-12T10:00:00","end":"2026-02-13T06:00:00","feasible":true}
[buffer] ask {"demand":null,"buffer":"active A","requested":4,"date":"2026-02-12T10:00:00","onhand":77}
[buffer] answer {"demand":null,"buffer":"active A","requested":4,"remainingShortage":0,"quantity":4,"date":"2026-02-12T10:00:00","plan":null}
[buffer] ask {"demand":null,"buffer":"excipient","requested":8,"date":"2026-02-12T10:00:00","onhand":404}
[buffer] answer {"demand":null,"buffer":"excipient","requested":8,"remainingShortage":0,"quantity":8,"date":"2026-02-12T10:00:00","plan":null}
[operation] answer {"demand":null,"operation":"blend TAB-A","quantity":4,"start":"2026-02-12T10:00:00","end":"2026-02-13T06:00:00"}
[operation] routing-answer {"demand":null,"operation":"batch TAB-A","quantity":4,"start":"2026-02-12T10:00:00","end":"2026-02-14T12:00:00"}
[buffer] replenish {"buffer":"tablet A","iteration":0,"requested":4,"replenished":4,"producerDate":"2026-02-14T12:00:00","eventCountBefore":7,"eventCountAfter":8,"remaining":0}
[buffer] answer {"demand":null,"buffer":"tablet A","requested":4,"remainingShortage":0,"quantity":4,"date":"2026-02-14T12:00:00","plan":"OperationPlan"}
[operation] answer {"demand":"medicine demand 028 TAB-A","operation":"release TAB-A","quantity":4,"start":"2026-02-14T12:00:00","end":"2026-02-14T18:00:00"}
[demand] reply {"demand":"medicine demand 028 TAB-A","attempt":1,"result":true,"quantity":4,"date":"2026-02-14T18:00:00"}
[demand] attempt {"demand":"medicine demand 002 TAB-B","attempt":1,"quantity":3,"requestDate":"2026-02-01T18:00:00","lastDate":"2030-12-31T00:00:00"}
[operation] ask {"demand":"medicine demand 002 TAB-B","operation":"release TAB-B","quantity":3,"end":"2026-02-01T18:00:00"}
[feasible] {"operation":"release TAB-B","start":"2026-02-01T12:00:00","end":"2026-02-01T18:00:00","reason":"final-material"}
[buffer] ask {"demand":null,"buffer":"tablet B","requested":3,"date":"2026-02-01T12:00:00","onhand":0}
[buffer] shortage {"buffer":"tablet B","iteration":0,"date":"2026-02-01T12:00:00","onhand":-3,"shortage":3}
[operation] routing-ask {"demand":null,"operation":"batch TAB-B","quantity":3,"operationPlanQuantity":3,"end":"2026-02-01T12:00:00","steps":["blend TAB-B","form TAB-B","inspect TAB-B"]}
[operation] ask {"demand":null,"operation":"inspect TAB-B","quantity":3,"end":"2026-02-01T12:00:00"}
[resource] ask {"demand":null,"operation":"inspect TAB-B","resource":"qa pharmacist 1","start":"2026-01-31T18:00:00","end":"2026-02-01T12:00:00"}
[resource] candidate {"demand":null,"start":"2026-01-31T18:00:00","end":"2026-02-01T12:00:00","feasible":true}
[resource] ask {"demand":null,"operation":"inspect TAB-B","resource":"qa pharmacist 2","start":"2026-01-31T17:03:09","end":"2026-02-01T12:00:00"}
[resource] candidate {"demand":null,"start":"2026-01-31T17:03:09","end":"2026-02-01T12:00:00","feasible":true}
[resource] ask {"demand":null,"operation":"inspect TAB-B","resource":"qa pharmacist 1","start":"2026-01-31T18:00:00","end":"2026-02-01T12:00:00"}
[resource] candidate {"demand":null,"start":"2026-01-31T18:00:00","end":"2026-02-01T12:00:00","feasible":true}
[operation] answer {"demand":null,"operation":"inspect TAB-B","quantity":3,"start":"2026-01-31T18:00:00","end":"2026-02-01T12:00:00"}
[operation] ask {"demand":null,"operation":"form TAB-B","quantity":3,"end":"2026-01-31T18:00:00"}
[resource] ask {"demand":null,"operation":"form TAB-B","resource":"forming line A","start":"2026-01-30T23:00:00","end":"2026-01-31T18:00:00"}
[resource] candidate {"demand":null,"start":"2026-01-30T23:00:00","end":"2026-01-31T18:00:00","feasible":true}
[buffer] ask {"demand":null,"buffer":"primary packaging","requested":3,"date":"2026-01-31T04:00:00","onhand":278}
[buffer] answer {"demand":null,"buffer":"primary packaging","requested":3,"remainingShortage":0,"quantity":3,"date":"2026-01-31T04:00:00","plan":null}
[operation] answer {"demand":null,"operation":"form TAB-B","quantity":3,"start":"2026-01-30T23:00:00","end":"2026-01-31T18:00:00"}
[operation] ask {"demand":null,"operation":"blend TAB-B","quantity":3,"end":"2026-01-30T23:00:00"}
[resource] ask {"demand":null,"operation":"blend TAB-B","resource":"blender","start":"2026-01-29T15:00:00","end":"2026-01-30T23:00:00"}
[resource] candidate {"demand":null,"start":"2026-01-29T15:00:00","end":"2026-01-30T23:00:00","feasible":true}
[buffer] ask {"demand":null,"buffer":"active B","requested":3,"date":"2026-01-29T23:00:00","onhand":75}
[buffer] answer {"demand":null,"buffer":"active B","requested":3,"remainingShortage":0,"quantity":3,"date":"2026-01-29T23:00:00","plan":null}
[buffer] ask {"demand":null,"buffer":"excipient","requested":6,"date":"2026-01-29T23:00:00","onhand":416}
[buffer] answer {"demand":null,"buffer":"excipient","requested":6,"remainingShortage":0,"quantity":6,"date":"2026-01-29T23:00:00","plan":null}
[operation] answer {"demand":null,"operation":"blend TAB-B","quantity":3,"start":"2026-01-29T15:00:00","end":"2026-01-30T23:00:00"}
[operation] routing-answer {"demand":null,"operation":"batch TAB-B","quantity":3,"start":"2026-01-29T15:00:00","end":"2026-02-01T12:00:00"}
[buffer] replenish {"buffer":"tablet B","iteration":0,"requested":3,"replenished":3,"producerDate":"2026-02-01T12:00:00","eventCountBefore":1,"eventCountAfter":2,"remaining":0}
[buffer] answer {"demand":null,"buffer":"tablet B","requested":3,"remainingShortage":0,"quantity":3,"date":"2026-02-01T12:00:00","plan":"OperationPlan"}
[operation] answer {"demand":"medicine demand 002 TAB-B","operation":"release TAB-B","quantity":3,"start":"2026-02-01T12:00:00","end":"2026-02-01T18:00:00"}
[demand] reply {"demand":"medicine demand 002 TAB-B","attempt":1,"result":true,"quantity":3,"date":"2026-02-01T18:00:00"}
[demand] attempt {"demand":"medicine demand 011 TAB-B","attempt":1,"quantity":6,"requestDate":"2026-02-06T06:00:00","lastDate":"2030-12-31T00:00:00"}
[operation] ask {"demand":"medicine demand 011 TAB-B","operation":"release TAB-B","quantity":6,"end":"2026-02-06T06:00:00"}
[feasible] {"operation":"release TAB-B","start":"2026-02-06T00:00:00","end":"2026-02-06T06:00:00","reason":"final-material"}
[buffer] ask {"demand":null,"buffer":"tablet B","requested":6,"date":"2026-02-06T00:00:00","onhand":3}
[buffer] shortage {"buffer":"tablet B","iteration":0,"date":"2026-02-06T00:00:00","onhand":-6,"shortage":6}
[operation] routing-ask {"demand":null,"operation":"batch TAB-B","quantity":6,"operationPlanQuantity":6,"end":"2026-02-06T00:00:00","steps":["blend TAB-B","form TAB-B","inspect TAB-B"]}
[operation] ask {"demand":null,"operation":"inspect TAB-B","quantity":6,"end":"2026-02-06T00:00:00"}
[resource] ask {"demand":null,"operation":"inspect TAB-B","resource":"qa pharmacist 1","start":"2026-02-05T06:00:00","end":"2026-02-06T00:00:00"}
[resource] candidate {"demand":null,"start":"2026-02-05T06:00:00","end":"2026-02-06T00:00:00","feasible":true}
[resource] ask {"demand":null,"operation":"inspect TAB-B","resource":"qa pharmacist 2","start":"2026-02-05T05:03:09","end":"2026-02-06T00:00:00"}
[resource] candidate {"demand":null,"start":"2026-02-05T05:03:09","end":"2026-02-06T00:00:00","feasible":true}
[resource] ask {"demand":null,"operation":"inspect TAB-B","resource":"qa pharmacist 1","start":"2026-02-05T06:00:00","end":"2026-02-06T00:00:00"}
[resource] candidate {"demand":null,"start":"2026-02-05T06:00:00","end":"2026-02-06T00:00:00","feasible":true}
[operation] answer {"demand":null,"operation":"inspect TAB-B","quantity":6,"start":"2026-02-05T06:00:00","end":"2026-02-06T00:00:00"}
[operation] ask {"demand":null,"operation":"form TAB-B","quantity":6,"end":"2026-02-05T06:00:00"}
[resource] ask {"demand":null,"operation":"form TAB-B","resource":"forming line A","start":"2026-02-04T11:00:00","end":"2026-02-05T06:00:00"}
[resource] candidate {"demand":null,"start":"2026-02-04T11:00:00","end":"2026-02-05T06:00:00","feasible":true}
[buffer] ask {"demand":null,"buffer":"primary packaging","requested":6,"date":"2026-02-04T16:00:00","onhand":271}
[buffer] answer {"demand":null,"buffer":"primary packaging","requested":6,"remainingShortage":0,"quantity":6,"date":"2026-02-04T16:00:00","plan":null}
[operation] answer {"demand":null,"operation":"form TAB-B","quantity":6,"start":"2026-02-04T11:00:00","end":"2026-02-05T06:00:00"}
[operation] ask {"demand":null,"operation":"blend TAB-B","quantity":6,"end":"2026-02-04T11:00:00"}
[resource] ask {"demand":null,"operation":"blend TAB-B","resource":"blender","start":"2026-02-03T03:00:00","end":"2026-02-04T11:00:00"}
[resource] candidate {"demand":null,"start":"2026-02-03T03:00:00","end":"2026-02-04T11:00:00","feasible":true}
[buffer] ask {"demand":null,"buffer":"active B","requested":6,"date":"2026-02-03T11:00:00","onhand":72}
[buffer] answer {"demand":null,"buffer":"active B","requested":6,"remainingShortage":0,"quantity":6,"date":"2026-02-03T11:00:00","plan":null}
[buffer] ask {"demand":null,"buffer":"excipient","requested":12,"date":"2026-02-03T11:00:00","onhand":402}
[buffer] answer {"demand":null,"buffer":"excipient","requested":12,"remainingShortage":0,"quantity":12,"date":"2026-02-03T11:00:00","plan":null}
[operation] answer {"demand":null,"operation":"blend TAB-B","quantity":6,"start":"2026-02-03T03:00:00","end":"2026-02-04T11:00:00"}
[operation] routing-answer {"demand":null,"operation":"batch TAB-B","quantity":6,"start":"2026-02-03T03:00:00","end":"2026-02-06T00:00:00"}
[buffer] replenish {"buffer":"tablet B","iteration":0,"requested":6,"replenished":6,"producerDate":"2026-02-06T00:00:00","eventCountBefore":3,"eventCountAfter":4,"remaining":0}
[buffer] answer {"demand":null,"buffer":"tablet B","requested":6,"remainingShortage":0,"quantity":6,"date":"2026-02-06T00:00:00","plan":"OperationPlan"}
[operation] answer {"demand":"medicine demand 011 TAB-B","operation":"release TAB-B","quantity":6,"start":"2026-02-06T00:00:00","end":"2026-02-06T06:00:00"}
[demand] reply {"demand":"medicine demand 011 TAB-B","attempt":1,"result":true,"quantity":6,"date":"2026-02-06T06:00:00"}
[demand] attempt {"demand":"medicine demand 020 TAB-B","attempt":1,"quantity":3,"requestDate":"2026-02-10T18:00:00","lastDate":"2030-12-31T00:00:00"}
[operation] ask {"demand":"medicine demand 020 TAB-B","operation":"release TAB-B","quantity":3,"end":"2026-02-10T18:00:00"}
[feasible] {"operation":"release TAB-B","start":"2026-02-10T12:00:00","end":"2026-02-10T18:00:00","reason":"final-material"}
[buffer] ask {"demand":null,"buffer":"tablet B","requested":3,"date":"2026-02-10T12:00:00","onhand":6}
[buffer] shortage {"buffer":"tablet B","iteration":0,"date":"2026-02-10T12:00:00","onhand":-3,"shortage":3}
[operation] routing-ask {"demand":null,"operation":"batch TAB-B","quantity":3,"operationPlanQuantity":3,"end":"2026-02-10T12:00:00","steps":["blend TAB-B","form TAB-B","inspect TAB-B"]}
[operation] ask {"demand":null,"operation":"inspect TAB-B","quantity":3,"end":"2026-02-10T12:00:00"}
[resource] ask {"demand":null,"operation":"inspect TAB-B","resource":"qa pharmacist 1","start":"2026-02-09T18:00:00","end":"2026-02-10T12:00:00"}
[resource] candidate {"demand":null,"start":"2026-02-09T18:00:00","end":"2026-02-10T12:00:00","feasible":true}
[resource] ask {"demand":null,"operation":"inspect TAB-B","resource":"qa pharmacist 2","start":"2026-02-09T17:03:09","end":"2026-02-10T12:00:00"}
[resource] candidate {"demand":null,"start":"2026-02-09T17:03:09","end":"2026-02-10T12:00:00","feasible":true}
[resource] ask {"demand":null,"operation":"inspect TAB-B","resource":"qa pharmacist 1","start":"2026-02-09T18:00:00","end":"2026-02-10T12:00:00"}
[resource] candidate {"demand":null,"start":"2026-02-09T18:00:00","end":"2026-02-10T12:00:00","feasible":true}
[operation] answer {"demand":null,"operation":"inspect TAB-B","quantity":3,"start":"2026-02-09T18:00:00","end":"2026-02-10T12:00:00"}
[operation] ask {"demand":null,"operation":"form TAB-B","quantity":3,"end":"2026-02-09T18:00:00"}
[resource] ask {"demand":null,"operation":"form TAB-B","resource":"forming line A","start":"2026-02-08T23:00:00","end":"2026-02-09T18:00:00"}
[resource] candidate {"demand":null,"start":"2026-02-08T23:00:00","end":"2026-02-09T18:00:00","feasible":true}
[buffer] ask {"demand":null,"buffer":"primary packaging","requested":3,"date":"2026-02-09T04:00:00","onhand":263}
[buffer] answer {"demand":null,"buffer":"primary packaging","requested":3,"remainingShortage":0,"quantity":3,"date":"2026-02-09T04:00:00","plan":null}
[operation] answer {"demand":null,"operation":"form TAB-B","quantity":3,"start":"2026-02-08T23:00:00","end":"2026-02-09T18:00:00"}
[operation] ask {"demand":null,"operation":"blend TAB-B","quantity":3,"end":"2026-02-08T23:00:00"}
[resource] ask {"demand":null,"operation":"blend TAB-B","resource":"blender","start":"2026-02-07T15:00:00","end":"2026-02-08T23:00:00"}
[resource] candidate {"demand":null,"start":"2026-02-07T15:00:00","end":"2026-02-08T23:00:00","feasible":true}
[buffer] ask {"demand":null,"buffer":"active B","requested":3,"date":"2026-02-07T23:00:00","onhand":66}
[buffer] answer {"demand":null,"buffer":"active B","requested":3,"remainingShortage":0,"quantity":3,"date":"2026-02-07T23:00:00","plan":null}
[buffer] ask {"demand":null,"buffer":"excipient","requested":6,"date":"2026-02-07T23:00:00","onhand":386}
[buffer] answer {"demand":null,"buffer":"excipient","requested":6,"remainingShortage":0,"quantity":6,"date":"2026-02-07T23:00:00","plan":null}
[operation] answer {"demand":null,"operation":"blend TAB-B","quantity":3,"start":"2026-02-07T15:00:00","end":"2026-02-08T23:00:00"}
[operation] routing-answer {"demand":null,"operation":"batch TAB-B","quantity":3,"start":"2026-02-07T15:00:00","end":"2026-02-10T12:00:00"}
[buffer] replenish {"buffer":"tablet B","iteration":0,"requested":3,"replenished":3,"producerDate":"2026-02-10T12:00:00","eventCountBefore":5,"eventCountAfter":6,"remaining":0}
[buffer] answer {"demand":null,"buffer":"tablet B","requested":3,"remainingShortage":0,"quantity":3,"date":"2026-02-10T12:00:00","plan":"OperationPlan"}
[operation] answer {"demand":"medicine demand 020 TAB-B","operation":"release TAB-B","quantity":3,"start":"2026-02-10T12:00:00","end":"2026-02-10T18:00:00"}
[demand] reply {"demand":"medicine demand 020 TAB-B","attempt":1,"result":true,"quantity":3,"date":"2026-02-10T18:00:00"}
[demand] attempt {"demand":"medicine demand 029 TAB-B","attempt":1,"quantity":6,"requestDate":"2026-02-15T06:00:00","lastDate":"2030-12-31T00:00:00"}
[operation] ask {"demand":"medicine demand 029 TAB-B","operation":"release TAB-B","quantity":6,"end":"2026-02-15T06:00:00"}
[feasible] {"operation":"release TAB-B","start":"2026-02-15T00:00:00","end":"2026-02-15T06:00:00","reason":"final-material"}
[buffer] ask {"demand":null,"buffer":"tablet B","requested":6,"date":"2026-02-15T00:00:00","onhand":3}
[buffer] shortage {"buffer":"tablet B","iteration":0,"date":"2026-02-15T00:00:00","onhand":-6,"shortage":6}
[operation] routing-ask {"demand":null,"operation":"batch TAB-B","quantity":6,"operationPlanQuantity":6,"end":"2026-02-15T00:00:00","steps":["blend TAB-B","form TAB-B","inspect TAB-B"]}
[operation] ask {"demand":null,"operation":"inspect TAB-B","quantity":6,"end":"2026-02-15T00:00:00"}
[resource] ask {"demand":null,"operation":"inspect TAB-B","resource":"qa pharmacist 1","start":"2026-02-14T06:00:00","end":"2026-02-15T00:00:00"}
[resource] candidate {"demand":null,"start":"2026-02-14T06:00:00","end":"2026-02-15T00:00:00","feasible":true}
[resource] ask {"demand":null,"operation":"inspect TAB-B","resource":"qa pharmacist 2","start":"2026-02-14T05:03:09","end":"2026-02-15T00:00:00"}
[resource] candidate {"demand":null,"start":"2026-02-14T05:03:09","end":"2026-02-15T00:00:00","feasible":true}
[resource] ask {"demand":null,"operation":"inspect TAB-B","resource":"qa pharmacist 1","start":"2026-02-14T06:00:00","end":"2026-02-15T00:00:00"}
[resource] candidate {"demand":null,"start":"2026-02-14T06:00:00","end":"2026-02-15T00:00:00","feasible":true}
[operation] answer {"demand":null,"operation":"inspect TAB-B","quantity":6,"start":"2026-02-14T06:00:00","end":"2026-02-15T00:00:00"}
[operation] ask {"demand":null,"operation":"form TAB-B","quantity":6,"end":"2026-02-14T06:00:00"}
[resource] ask {"demand":null,"operation":"form TAB-B","resource":"forming line A","start":"2026-02-13T11:00:00","end":"2026-02-14T06:00:00"}
[resource] candidate {"demand":null,"start":"2026-02-13T11:00:00","end":"2026-02-14T06:00:00","feasible":true}
[buffer] ask {"demand":null,"buffer":"primary packaging","requested":6,"date":"2026-02-13T16:00:00","onhand":256}
[buffer] answer {"demand":null,"buffer":"primary packaging","requested":6,"remainingShortage":0,"quantity":6,"date":"2026-02-13T16:00:00","plan":null}
[operation] answer {"demand":null,"operation":"form TAB-B","quantity":6,"start":"2026-02-13T11:00:00","end":"2026-02-14T06:00:00"}
[operation] ask {"demand":null,"operation":"blend TAB-B","quantity":6,"end":"2026-02-13T11:00:00"}
[resource] ask {"demand":null,"operation":"blend TAB-B","resource":"blender","start":"2026-02-12T03:00:00","end":"2026-02-13T11:00:00"}
[resource] candidate {"demand":null,"start":"2026-02-12T03:00:00","end":"2026-02-13T11:00:00","feasible":true}
[buffer] ask {"demand":null,"buffer":"active B","requested":6,"date":"2026-02-12T11:00:00","onhand":63}
[buffer] answer {"demand":null,"buffer":"active B","requested":6,"remainingShortage":0,"quantity":6,"date":"2026-02-12T11:00:00","plan":null}
[buffer] ask {"demand":null,"buffer":"excipient","requested":12,"date":"2026-02-12T11:00:00","onhand":372}
[buffer] answer {"demand":null,"buffer":"excipient","requested":12,"remainingShortage":0,"quantity":12,"date":"2026-02-12T11:00:00","plan":null}
[operation] answer {"demand":null,"operation":"blend TAB-B","quantity":6,"start":"2026-02-12T03:00:00","end":"2026-02-13T11:00:00"}
[operation] routing-answer {"demand":null,"operation":"batch TAB-B","quantity":6,"start":"2026-02-12T03:00:00","end":"2026-02-15T00:00:00"}
[buffer] replenish {"buffer":"tablet B","iteration":0,"requested":6,"replenished":6,"producerDate":"2026-02-15T00:00:00","eventCountBefore":7,"eventCountAfter":8,"remaining":0}
[buffer] answer {"demand":null,"buffer":"tablet B","requested":6,"remainingShortage":0,"quantity":6,"date":"2026-02-15T00:00:00","plan":"OperationPlan"}
[operation] answer {"demand":"medicine demand 029 TAB-B","operation":"release TAB-B","quantity":6,"start":"2026-02-15T00:00:00","end":"2026-02-15T06:00:00"}
[demand] reply {"demand":"medicine demand 029 TAB-B","attempt":1,"result":true,"quantity":6,"date":"2026-02-15T06:00:00"}
[demand] attempt {"demand":"medicine demand 003 CAP-C","attempt":1,"quantity":5,"requestDate":"2026-02-02T06:00:00","lastDate":"2030-12-31T00:00:00"}
[operation] ask {"demand":"medicine demand 003 CAP-C","operation":"release CAP-C","quantity":5,"end":"2026-02-02T06:00:00"}
[feasible] {"operation":"release CAP-C","start":"2026-02-02T00:00:00","end":"2026-02-02T06:00:00","reason":"final-material"}
[buffer] ask {"demand":null,"buffer":"capsule C","requested":5,"date":"2026-02-02T00:00:00","onhand":0}
[buffer] shortage {"buffer":"capsule C","iteration":0,"date":"2026-02-02T00:00:00","onhand":-5,"shortage":5}
[operation] routing-ask {"demand":null,"operation":"batch CAP-C","quantity":5,"operationPlanQuantity":5,"end":"2026-02-02T00:00:00","steps":["blend CAP-C","form CAP-C","inspect CAP-C"]}
[operation] ask {"demand":null,"operation":"inspect CAP-C","quantity":5,"end":"2026-02-02T00:00:00"}
[resource] ask {"demand":null,"operation":"inspect CAP-C","resource":"qa pharmacist 1","start":"2026-02-01T06:00:00","end":"2026-02-02T00:00:00"}
[resource] candidate {"demand":null,"start":"2026-02-01T06:00:00","end":"2026-02-02T00:00:00","feasible":true}
[resource] ask {"demand":null,"operation":"inspect CAP-C","resource":"qa pharmacist 2","start":"2026-02-01T05:03:09","end":"2026-02-02T00:00:00"}
[resource] candidate {"demand":null,"start":"2026-02-01T05:03:09","end":"2026-02-02T00:00:00","feasible":true}
[resource] ask {"demand":null,"operation":"inspect CAP-C","resource":"qa pharmacist 1","start":"2026-02-01T06:00:00","end":"2026-02-02T00:00:00"}
[resource] candidate {"demand":null,"start":"2026-02-01T06:00:00","end":"2026-02-02T00:00:00","feasible":true}
[operation] answer {"demand":null,"operation":"inspect CAP-C","quantity":5,"start":"2026-02-01T06:00:00","end":"2026-02-02T00:00:00"}
[operation] ask {"demand":null,"operation":"form CAP-C","quantity":5,"end":"2026-02-01T06:00:00"}
[resource] ask {"demand":null,"operation":"form CAP-C","resource":"forming line A","start":"2026-01-31T09:00:00","end":"2026-02-01T06:00:00"}
[resource] candidate {"demand":null,"start":"2026-01-31T09:00:00","end":"2026-02-01T06:00:00","feasible":true}
[buffer] ask {"demand":null,"buffer":"primary packaging","requested":5,"date":"2026-01-31T14:00:00","onhand":275}
[buffer] answer {"demand":null,"buffer":"primary packaging","requested":5,"remainingShortage":0,"quantity":5,"date":"2026-01-31T14:00:00","plan":null}
[operation] answer {"demand":null,"operation":"form CAP-C","quantity":5,"start":"2026-01-31T09:00:00","end":"2026-02-01T06:00:00"}
[operation] ask {"demand":null,"operation":"blend CAP-C","quantity":5,"end":"2026-01-31T09:00:00"}
[feasible] {"operation":"blend CAP-C","start":"2026-01-30T03:00:00","end":"2026-01-31T09:00:00","reason":"capacity","siblings":[{"operation":"blend CAP-C","start":"2026-01-30T03:00:00","end":"2026-01-31T09:00:00"},{"operation":"form CAP-C","start":"2026-01-31T09:00:00","end":"2026-02-01T06:00:00"},{"operation":"inspect CAP-C","start":"2026-02-01T06:00:00","end":"2026-02-02T00:00:00"}]}
[resource] ask {"demand":null,"operation":"blend CAP-C","resource":"blender","start":"2026-01-30T03:00:00","end":"2026-01-31T09:00:00"}
[resource] candidate {"demand":null,"start":"2026-01-30T03:00:00","end":"2026-01-31T09:00:00","feasible":false}
[resource] overload {"demand":null,"operation":"blend CAP-C","loadPlanIndex":10,"overloadIndex":6,"events":[{"index":0,"date":"1971-01-01T00:00:00","type":5,"quantity":0,"onhand":0,"maximum":2,"operation":""},{"index":1,"date":"1971-01-01T00:00:00","type":4,"quantity":0,"onhand":2,"maximum":2,"operation":""},{"index":2,"date":"2026-01-29T15:00:00","type":1,"quantity":1,"onhand":1,"maximum":2,"operation":"blend TAB-B"},{"index":3,"date":"2026-01-29T17:00:00","type":1,"quantity":1,"onhand":2,"maximum":2,"operation":"blend TAB-A"},{"index":4,"date":"2026-01-29T20:00:00","type":5,"quantity":0,"onhand":2,"maximum":2,"operation":"blend TAB-A"},{"index":5,"date":"2026-01-29T23:00:00","type":5,"quantity":0,"onhand":2,"maximum":2,"operation":"blend TAB-B"},{"index":6,"date":"2026-01-30T03:00:00","type":1,"quantity":1,"onhand":3,"maximum":2,"operation":"blend CAP-C"},{"index":7,"date":"2026-01-30T15:00:00","type":5,"quantity":0,"onhand":3,"maximum":2,"operation":"blend CAP-C"},{"index":8,"date":"2026-01-30T16:00:00","type":1,"quantity":-1,"onhand":2,"maximum":2,"operation":"blend TAB-A"},{"index":9,"date":"2026-01-30T23:00:00","type":1,"quantity":-1,"onhand":1,"maximum":2,"operation":"blend TAB-B"},{"index":10,"date":"2026-01-31T09:00:00","type":1,"quantity":-1,"onhand":0,"maximum":2,"operation":"blend CAP-C"},{"index":11,"date":"2026-02-03T03:00:00","type":1,"quantity":1,"onhand":1,"maximum":2,"operation":"blend TAB-B"},{"index":12,"date":"2026-02-03T10:00:00","type":5,"quantity":0,"onhand":1,"maximum":2,"operation":"blend TAB-A"}]}
[resource] candidate {"demand":null,"iteration":1,"boundary":"2026-01-30T03:00:00","start":"2026-01-29T06:00:00","end":"2026-01-30T03:00:00","feasible":false}
[resource] overload {"demand":null,"operation":"blend CAP-C","loadPlanIndex":8,"overloadIndex":6,"events":[{"index":0,"date":"1971-01-01T00:00:00","type":5,"quantity":0,"onhand":0,"maximum":2,"operation":""},{"index":1,"date":"1971-01-01T00:00:00","type":4,"quantity":0,"onhand":2,"maximum":2,"operation":""},{"index":2,"date":"2026-01-29T06:00:00","type":1,"quantity":1,"onhand":1,"maximum":2,"operation":"blend CAP-C"},{"index":3,"date":"2026-01-29T09:00:00","type":5,"quantity":0,"onhand":1,"maximum":2,"operation":"blend CAP-C"},{"index":4,"date":"2026-01-29T15:00:00","type":1,"quantity":1,"onhand":2,"maximum":2,"operation":"blend TAB-B"},{"index":5,"date":"2026-01-29T20:00:00","type":5,"quantity":0,"onhand":2,"maximum":2,"operation":"blend TAB-A"},{"index":6,"date":"2026-01-29T20:00:00","type":1,"quantity":1,"onhand":3,"maximum":2,"operation":"blend TAB-A"},{"index":7,"date":"2026-01-29T23:00:00","type":5,"quantity":0,"onhand":3,"maximum":2,"operation":"blend TAB-B"},{"index":8,"date":"2026-01-30T03:00:00","type":1,"quantity":-1,"onhand":2,"maximum":2,"operation":"blend CAP-C"},{"index":9,"date":"2026-01-30T16:00:00","type":1,"quantity":-1,"onhand":1,"maximum":2,"operation":"blend TAB-A"},{"index":10,"date":"2026-01-30T23:00:00","type":1,"quantity":-1,"onhand":0,"maximum":2,"operation":"blend TAB-B"}]}
[resource] candidate {"demand":null,"iteration":2,"boundary":"2026-01-29T20:00:00","start":"2026-01-28T23:00:00","end":"2026-01-29T20:00:00","feasible":false}
[resource] candidate {"demand":null,"iteration":3,"boundary":"2026-01-28T23:00:00","start":"2026-01-28T23:00:00","end":"2026-01-29T20:00:00","feasible":true}
[buffer] ask {"demand":null,"buffer":"active C","requested":5,"date":"2026-01-29T02:00:00","onhand":90}
[buffer] answer {"demand":null,"buffer":"active C","requested":5,"remainingShortage":0,"quantity":5,"date":"2026-01-29T02:00:00","plan":null}
[buffer] ask {"demand":null,"buffer":"excipient","requested":10,"date":"2026-01-29T02:00:00","onhand":420}
[buffer] answer {"demand":null,"buffer":"excipient","requested":10,"remainingShortage":0,"quantity":10,"date":"2026-01-29T02:00:00","plan":null}
[operation] answer {"demand":null,"operation":"blend CAP-C","quantity":5,"start":"2026-01-28T23:00:00","end":"2026-01-29T20:00:00"}
[operation] routing-answer {"demand":null,"operation":"batch CAP-C","quantity":5,"start":"2026-01-28T23:00:00","end":"2026-02-02T00:00:00"}
[buffer] replenish {"buffer":"capsule C","iteration":0,"requested":5,"replenished":5,"producerDate":"2026-02-02T00:00:00","eventCountBefore":1,"eventCountAfter":2,"remaining":0}
[buffer] answer {"demand":null,"buffer":"capsule C","requested":5,"remainingShortage":0,"quantity":5,"date":"2026-02-02T00:00:00","plan":"OperationPlan"}
[operation] answer {"demand":"medicine demand 003 CAP-C","operation":"release CAP-C","quantity":5,"start":"2026-02-02T00:00:00","end":"2026-02-02T06:00:00"}
[demand] reply {"demand":"medicine demand 003 CAP-C","attempt":1,"result":true,"quantity":5,"date":"2026-02-02T06:00:00"}
[demand] attempt {"demand":"medicine demand 012 CAP-C","attempt":1,"quantity":2,"requestDate":"2026-02-06T18:00:00","lastDate":"2030-12-31T00:00:00"}
[operation] ask {"demand":"medicine demand 012 CAP-C","operation":"release CAP-C","quantity":2,"end":"2026-02-06T18:00:00"}
[feasible] {"operation":"release CAP-C","start":"2026-02-06T12:00:00","end":"2026-02-06T18:00:00","reason":"final-material"}
[buffer] ask {"demand":null,"buffer":"capsule C","requested":2,"date":"2026-02-06T12:00:00","onhand":5}
[buffer] shortage {"buffer":"capsule C","iteration":0,"date":"2026-02-06T12:00:00","onhand":-2,"shortage":2}
[operation] routing-ask {"demand":null,"operation":"batch CAP-C","quantity":2,"operationPlanQuantity":2,"end":"2026-02-06T12:00:00","steps":["blend CAP-C","form CAP-C","inspect CAP-C"]}
[operation] ask {"demand":null,"operation":"inspect CAP-C","quantity":2,"end":"2026-02-06T12:00:00"}
[resource] ask {"demand":null,"operation":"inspect CAP-C","resource":"qa pharmacist 1","start":"2026-02-05T18:00:00","end":"2026-02-06T12:00:00"}
[resource] candidate {"demand":null,"start":"2026-02-05T18:00:00","end":"2026-02-06T12:00:00","feasible":true}
[resource] ask {"demand":null,"operation":"inspect CAP-C","resource":"qa pharmacist 2","start":"2026-02-05T17:03:09","end":"2026-02-06T12:00:00"}
[resource] candidate {"demand":null,"start":"2026-02-05T17:03:09","end":"2026-02-06T12:00:00","feasible":true}
[resource] ask {"demand":null,"operation":"inspect CAP-C","resource":"qa pharmacist 1","start":"2026-02-05T18:00:00","end":"2026-02-06T12:00:00"}
[resource] candidate {"demand":null,"start":"2026-02-05T18:00:00","end":"2026-02-06T12:00:00","feasible":true}
[operation] answer {"demand":null,"operation":"inspect CAP-C","quantity":2,"start":"2026-02-05T18:00:00","end":"2026-02-06T12:00:00"}
[operation] ask {"demand":null,"operation":"form CAP-C","quantity":2,"end":"2026-02-05T18:00:00"}
[resource] ask {"demand":null,"operation":"form CAP-C","resource":"forming line A","start":"2026-02-04T21:00:00","end":"2026-02-05T18:00:00"}
[resource] candidate {"demand":null,"start":"2026-02-04T21:00:00","end":"2026-02-05T18:00:00","feasible":true}
[buffer] ask {"demand":null,"buffer":"primary packaging","requested":2,"date":"2026-02-05T02:00:00","onhand":260}
[buffer] answer {"demand":null,"buffer":"primary packaging","requested":2,"remainingShortage":0,"quantity":2,"date":"2026-02-05T02:00:00","plan":null}
[operation] answer {"demand":null,"operation":"form CAP-C","quantity":2,"start":"2026-02-04T21:00:00","end":"2026-02-05T18:00:00"}
[operation] ask {"demand":null,"operation":"blend CAP-C","quantity":2,"end":"2026-02-04T21:00:00"}
[feasible] {"operation":"blend CAP-C","start":"2026-02-03T15:00:00","end":"2026-02-04T21:00:00","reason":"capacity","siblings":[{"operation":"blend CAP-C","start":"2026-02-03T15:00:00","end":"2026-02-04T21:00:00"},{"operation":"form CAP-C","start":"2026-02-04T21:00:00","end":"2026-02-05T18:00:00"},{"operation":"inspect CAP-C","start":"2026-02-05T18:00:00","end":"2026-02-06T12:00:00"}]}
[resource] ask {"demand":null,"operation":"blend CAP-C","resource":"blender","start":"2026-02-03T15:00:00","end":"2026-02-04T21:00:00"}
[resource] candidate {"demand":null,"start":"2026-02-03T15:00:00","end":"2026-02-04T21:00:00","feasible":false}
[resource] overload {"demand":null,"operation":"blend CAP-C","loadPlanIndex":19,"overloadIndex":15,"events":[{"index":7,"date":"2026-01-29T20:00:00","type":1,"quantity":-1,"onhand":2,"maximum":2,"operation":"blend CAP-C"},{"index":8,"date":"2026-01-29T23:00:00","type":5,"quantity":0,"onhand":2,"maximum":2,"operation":"blend TAB-B"},{"index":9,"date":"2026-01-30T16:00:00","type":1,"quantity":-1,"onhand":1,"maximum":2,"operation":"blend TAB-A"},{"index":10,"date":"2026-01-30T23:00:00","type":1,"quantity":-1,"onhand":0,"maximum":2,"operation":"blend TAB-B"},{"index":11,"date":"2026-02-02T22:00:00","type":1,"quantity":1,"onhand":1,"maximum":2,"operation":"blend TAB-A"},{"index":12,"date":"2026-02-03T03:00:00","type":1,"quantity":1,"onhand":2,"maximum":2,"operation":"blend TAB-B"},{"index":13,"date":"2026-02-03T10:00:00","type":5,"quantity":0,"onhand":2,"maximum":2,"operation":"blend TAB-A"},{"index":14,"date":"2026-02-03T11:00:00","type":5,"quantity":0,"onhand":2,"maximum":2,"operation":"blend TAB-B"},{"index":15,"date":"2026-02-03T15:00:00","type":1,"quantity":1,"onhand":3,"maximum":2,"operation":"blend CAP-C"},{"index":16,"date":"2026-02-04T03:00:00","type":5,"quantity":0,"onhand":3,"maximum":2,"operation":"blend CAP-C"},{"index":17,"date":"2026-02-04T06:00:00","type":1,"quantity":-1,"onhand":2,"maximum":2,"operation":"blend TAB-A"},{"index":18,"date":"2026-02-04T11:00:00","type":1,"quantity":-1,"onhand":1,"maximum":2,"operation":"blend TAB-B"},{"index":19,"date":"2026-02-04T21:00:00","type":1,"quantity":-1,"onhand":0,"maximum":2,"operation":"blend CAP-C"},{"index":20,"date":"2026-02-07T15:00:00","type":1,"quantity":1,"onhand":1,"maximum":2,"operation":"blend TAB-B"},{"index":21,"date":"2026-02-07T22:00:00","type":5,"quantity":0,"onhand":1,"maximum":2,"operation":"blend TAB-A"}]}
[resource] candidate {"demand":null,"iteration":1,"boundary":"2026-02-03T15:00:00","start":"2026-02-02T09:00:00","end":"2026-02-03T15:00:00","feasible":false}
[resource] overload {"demand":null,"operation":"blend CAP-C","loadPlanIndex":17,"overloadIndex":15,"events":[{"index":7,"date":"2026-01-29T20:00:00","type":1,"quantity":-1,"onhand":2,"maximum":2,"operation":"blend CAP-C"},{"index":8,"date":"2026-01-29T23:00:00","type":5,"quantity":0,"onhand":2,"maximum":2,"operation":"blend TAB-B"},{"index":9,"date":"2026-01-30T16:00:00","type":1,"quantity":-1,"onhand":1,"maximum":2,"operation":"blend TAB-A"},{"index":10,"date":"2026-01-30T23:00:00","type":1,"quantity":-1,"onhand":0,"maximum":2,"operation":"blend TAB-B"},{"index":11,"date":"2026-02-02T09:00:00","type":1,"quantity":1,"onhand":1,"maximum":2,"operation":"blend CAP-C"},{"index":12,"date":"2026-02-02T21:00:00","type":5,"quantity":0,"onhand":1,"maximum":2,"operation":"blend CAP-C"},{"index":13,"date":"2026-02-03T03:00:00","type":1,"quantity":1,"onhand":2,"maximum":2,"operation":"blend TAB-B"},{"index":14,"date":"2026-02-03T10:00:00","type":5,"quantity":0,"onhand":2,"maximum":2,"operation":"blend TAB-A"},{"index":15,"date":"2026-02-03T10:00:00","type":1,"quantity":1,"onhand":3,"maximum":2,"operation":"blend TAB-A"},{"index":16,"date":"2026-02-03T11:00:00","type":5,"quantity":0,"onhand":3,"maximum":2,"operation":"blend TAB-B"},{"index":17,"date":"2026-02-03T15:00:00","type":1,"quantity":-1,"onhand":2,"maximum":2,"operation":"blend CAP-C"},{"index":18,"date":"2026-02-04T06:00:00","type":1,"quantity":-1,"onhand":1,"maximum":2,"operation":"blend TAB-A"},{"index":19,"date":"2026-02-04T11:00:00","type":1,"quantity":-1,"onhand":0,"maximum":2,"operation":"blend TAB-B"}]}
[resource] candidate {"demand":null,"iteration":2,"boundary":"2026-02-03T10:00:00","start":"2026-02-02T04:00:00","end":"2026-02-03T10:00:00","feasible":false}
[resource] candidate {"demand":null,"iteration":3,"boundary":"2026-02-02T04:00:00","start":"2026-02-02T04:00:00","end":"2026-02-03T10:00:00","feasible":true}
[buffer] ask {"demand":null,"buffer":"active C","requested":2,"date":"2026-02-02T16:00:00","onhand":85}
[buffer] answer {"demand":null,"buffer":"active C","requested":2,"remainingShortage":0,"quantity":2,"date":"2026-02-02T16:00:00","plan":null}
[buffer] ask {"demand":null,"buffer":"excipient","requested":4,"date":"2026-02-02T16:00:00","onhand":400}
[buffer] answer {"demand":null,"buffer":"excipient","requested":4,"remainingShortage":0,"quantity":4,"date":"2026-02-02T16:00:00","plan":null}
[operation] answer {"demand":null,"operation":"blend CAP-C","quantity":2,"start":"2026-02-02T04:00:00","end":"2026-02-03T10:00:00"}
[operation] routing-answer {"demand":null,"operation":"batch CAP-C","quantity":2,"start":"2026-02-02T04:00:00","end":"2026-02-06T12:00:00"}
[buffer] replenish {"buffer":"capsule C","iteration":0,"requested":2,"replenished":2,"producerDate":"2026-02-06T12:00:00","eventCountBefore":3,"eventCountAfter":4,"remaining":0}
[buffer] answer {"demand":null,"buffer":"capsule C","requested":2,"remainingShortage":0,"quantity":2,"date":"2026-02-06T12:00:00","plan":"OperationPlan"}
[operation] answer {"demand":"medicine demand 012 CAP-C","operation":"release CAP-C","quantity":2,"start":"2026-02-06T12:00:00","end":"2026-02-06T18:00:00"}
[demand] reply {"demand":"medicine demand 012 CAP-C","attempt":1,"result":true,"quantity":2,"date":"2026-02-06T18:00:00"}
[demand] attempt {"demand":"medicine demand 021 CAP-C","attempt":1,"quantity":5,"requestDate":"2026-02-11T06:00:00","lastDate":"2030-12-31T00:00:00"}
[operation] ask {"demand":"medicine demand 021 CAP-C","operation":"release CAP-C","quantity":5,"end":"2026-02-11T06:00:00"}
[feasible] {"operation":"release CAP-C","start":"2026-02-11T00:00:00","end":"2026-02-11T06:00:00","reason":"final-material"}
[buffer] ask {"demand":null,"buffer":"capsule C","requested":5,"date":"2026-02-11T00:00:00","onhand":2}
[buffer] shortage {"buffer":"capsule C","iteration":0,"date":"2026-02-11T00:00:00","onhand":-5,"shortage":5}
[operation] routing-ask {"demand":null,"operation":"batch CAP-C","quantity":5,"operationPlanQuantity":5,"end":"2026-02-11T00:00:00","steps":["blend CAP-C","form CAP-C","inspect CAP-C"]}
[operation] ask {"demand":null,"operation":"inspect CAP-C","quantity":5,"end":"2026-02-11T00:00:00"}
[resource] ask {"demand":null,"operation":"inspect CAP-C","resource":"qa pharmacist 1","start":"2026-02-10T06:00:00","end":"2026-02-11T00:00:00"}
[resource] candidate {"demand":null,"start":"2026-02-10T06:00:00","end":"2026-02-11T00:00:00","feasible":true}
[resource] ask {"demand":null,"operation":"inspect CAP-C","resource":"qa pharmacist 2","start":"2026-02-10T05:03:09","end":"2026-02-11T00:00:00"}
[resource] candidate {"demand":null,"start":"2026-02-10T05:03:09","end":"2026-02-11T00:00:00","feasible":true}
[resource] ask {"demand":null,"operation":"inspect CAP-C","resource":"qa pharmacist 1","start":"2026-02-10T06:00:00","end":"2026-02-11T00:00:00"}
[resource] candidate {"demand":null,"start":"2026-02-10T06:00:00","end":"2026-02-11T00:00:00","feasible":true}
[operation] answer {"demand":null,"operation":"inspect CAP-C","quantity":5,"start":"2026-02-10T06:00:00","end":"2026-02-11T00:00:00"}
[operation] ask {"demand":null,"operation":"form CAP-C","quantity":5,"end":"2026-02-10T06:00:00"}
[resource] ask {"demand":null,"operation":"form CAP-C","resource":"forming line A","start":"2026-02-09T09:00:00","end":"2026-02-10T06:00:00"}
[resource] candidate {"demand":null,"start":"2026-02-09T09:00:00","end":"2026-02-10T06:00:00","feasible":true}
[buffer] ask {"demand":null,"buffer":"primary packaging","requested":5,"date":"2026-02-09T14:00:00","onhand":253}
[buffer] answer {"demand":null,"buffer":"primary packaging","requested":5,"remainingShortage":0,"quantity":5,"date":"2026-02-09T14:00:00","plan":null}
[operation] answer {"demand":null,"operation":"form CAP-C","quantity":5,"start":"2026-02-09T09:00:00","end":"2026-02-10T06:00:00"}
[operation] ask {"demand":null,"operation":"blend CAP-C","quantity":5,"end":"2026-02-09T09:00:00"}
[feasible] {"operation":"blend CAP-C","start":"2026-02-08T03:00:00","end":"2026-02-09T09:00:00","reason":"capacity","siblings":[{"operation":"blend CAP-C","start":"2026-02-08T03:00:00","end":"2026-02-09T09:00:00"},{"operation":"form CAP-C","start":"2026-02-09T09:00:00","end":"2026-02-10T06:00:00"},{"operation":"inspect CAP-C","start":"2026-02-10T06:00:00","end":"2026-02-11T00:00:00"}]}
[resource] ask {"demand":null,"operation":"blend CAP-C","resource":"blender","start":"2026-02-08T03:00:00","end":"2026-02-09T09:00:00"}
[resource] candidate {"demand":null,"start":"2026-02-08T03:00:00","end":"2026-02-09T09:00:00","feasible":false}
[resource] overload {"demand":null,"operation":"blend CAP-C","loadPlanIndex":28,"overloadIndex":24,"events":[{"index":16,"date":"2026-02-03T10:00:00","type":1,"quantity":-1,"onhand":2,"maximum":2,"operation":"blend CAP-C"},{"index":17,"date":"2026-02-03T11:00:00","type":5,"quantity":0,"onhand":2,"maximum":2,"operation":"blend TAB-B"},{"index":18,"date":"2026-02-04T06:00:00","type":1,"quantity":-1,"onhand":1,"maximum":2,"operation":"blend TAB-A"},{"index":19,"date":"2026-02-04T11:00:00","type":1,"quantity":-1,"onhand":0,"maximum":2,"operation":"blend TAB-B"},{"index":20,"date":"2026-02-07T10:00:00","type":1,"quantity":1,"onhand":1,"maximum":2,"operation":"blend TAB-A"},{"index":21,"date":"2026-02-07T15:00:00","type":1,"quantity":1,"onhand":2,"maximum":2,"operation":"blend TAB-B"},{"index":22,"date":"2026-02-07T22:00:00","type":5,"quantity":0,"onhand":2,"maximum":2,"operation":"blend TAB-A"},{"index":23,"date":"2026-02-07T23:00:00","type":5,"quantity":0,"onhand":2,"maximum":2,"operation":"blend TAB-B"},{"index":24,"date":"2026-02-08T03:00:00","type":1,"quantity":1,"onhand":3,"maximum":2,"operation":"blend CAP-C"},{"index":25,"date":"2026-02-08T15:00:00","type":5,"quantity":0,"onhand":3,"maximum":2,"operation":"blend CAP-C"},{"index":26,"date":"2026-02-08T18:00:00","type":1,"quantity":-1,"onhand":2,"maximum":2,"operation":"blend TAB-A"},{"index":27,"date":"2026-02-08T23:00:00","type":1,"quantity":-1,"onhand":1,"maximum":2,"operation":"blend TAB-B"},{"index":28,"date":"2026-02-09T09:00:00","type":1,"quantity":-1,"onhand":0,"maximum":2,"operation":"blend CAP-C"},{"index":29,"date":"2026-02-12T03:00:00","type":1,"quantity":1,"onhand":1,"maximum":2,"operation":"blend TAB-B"},{"index":30,"date":"2026-02-12T10:00:00","type":5,"quantity":0,"onhand":1,"maximum":2,"operation":"blend TAB-A"}]}
[resource] candidate {"demand":null,"iteration":1,"boundary":"2026-02-08T03:00:00","start":"2026-02-06T21:00:00","end":"2026-02-08T03:00:00","feasible":false}
[resource] overload {"demand":null,"operation":"blend CAP-C","loadPlanIndex":26,"overloadIndex":24,"events":[{"index":16,"date":"2026-02-03T10:00:00","type":1,"quantity":-1,"onhand":2,"maximum":2,"operation":"blend CAP-C"},{"index":17,"date":"2026-02-03T11:00:00","type":5,"quantity":0,"onhand":2,"maximum":2,"operation":"blend TAB-B"},{"index":18,"date":"2026-02-04T06:00:00","type":1,"quantity":-1,"onhand":1,"maximum":2,"operation":"blend TAB-A"},{"index":19,"date":"2026-02-04T11:00:00","type":1,"quantity":-1,"onhand":0,"maximum":2,"operation":"blend TAB-B"},{"index":20,"date":"2026-02-06T21:00:00","type":1,"quantity":1,"onhand":1,"maximum":2,"operation":"blend CAP-C"},{"index":21,"date":"2026-02-07T09:00:00","type":5,"quantity":0,"onhand":1,"maximum":2,"operation":"blend CAP-C"},{"index":22,"date":"2026-02-07T15:00:00","type":1,"quantity":1,"onhand":2,"maximum":2,"operation":"blend TAB-B"},{"index":23,"date":"2026-02-07T22:00:00","type":5,"quantity":0,"onhand":2,"maximum":2,"operation":"blend TAB-A"},{"index":24,"date":"2026-02-07T22:00:00","type":1,"quantity":1,"onhand":3,"maximum":2,"operation":"blend TAB-A"},{"index":25,"date":"2026-02-07T23:00:00","type":5,"quantity":0,"onhand":3,"maximum":2,"operation":"blend TAB-B"},{"index":26,"date":"2026-02-08T03:00:00","type":1,"quantity":-1,"onhand":2,"maximum":2,"operation":"blend CAP-C"},{"index":27,"date":"2026-02-08T18:00:00","type":1,"quantity":-1,"onhand":1,"maximum":2,"operation":"blend TAB-A"},{"index":28,"date":"2026-02-08T23:00:00","type":1,"quantity":-1,"onhand":0,"maximum":2,"operation":"blend TAB-B"}]}
[resource] candidate {"demand":null,"iteration":2,"boundary":"2026-02-07T22:00:00","start":"2026-02-06T16:00:00","end":"2026-02-07T22:00:00","feasible":false}
[resource] candidate {"demand":null,"iteration":3,"boundary":"2026-02-06T16:00:00","start":"2026-02-06T16:00:00","end":"2026-02-07T22:00:00","feasible":true}
[buffer] ask {"demand":null,"buffer":"active C","requested":5,"date":"2026-02-07T04:00:00","onhand":83}
[buffer] answer {"demand":null,"buffer":"active C","requested":5,"remainingShortage":0,"quantity":5,"date":"2026-02-07T04:00:00","plan":null}
[buffer] ask {"demand":null,"buffer":"excipient","requested":10,"date":"2026-02-07T04:00:00","onhand":376}
[buffer] answer {"demand":null,"buffer":"excipient","requested":10,"remainingShortage":0,"quantity":10,"date":"2026-02-07T04:00:00","plan":null}
[operation] answer {"demand":null,"operation":"blend CAP-C","quantity":5,"start":"2026-02-06T16:00:00","end":"2026-02-07T22:00:00"}
[operation] routing-answer {"demand":null,"operation":"batch CAP-C","quantity":5,"start":"2026-02-06T16:00:00","end":"2026-02-11T00:00:00"}
[buffer] replenish {"buffer":"capsule C","iteration":0,"requested":5,"replenished":5,"producerDate":"2026-02-11T00:00:00","eventCountBefore":5,"eventCountAfter":6,"remaining":0}
[buffer] answer {"demand":null,"buffer":"capsule C","requested":5,"remainingShortage":0,"quantity":5,"date":"2026-02-11T00:00:00","plan":"OperationPlan"}
[operation] answer {"demand":"medicine demand 021 CAP-C","operation":"release CAP-C","quantity":5,"start":"2026-02-11T00:00:00","end":"2026-02-11T06:00:00"}
[demand] reply {"demand":"medicine demand 021 CAP-C","attempt":1,"result":true,"quantity":5,"date":"2026-02-11T06:00:00"}
[demand] attempt {"demand":"medicine demand 030 CAP-C","attempt":1,"quantity":2,"requestDate":"2026-02-15T18:00:00","lastDate":"2030-12-31T00:00:00"}
[operation] ask {"demand":"medicine demand 030 CAP-C","operation":"release CAP-C","quantity":2,"end":"2026-02-15T18:00:00"}
[feasible] {"operation":"release CAP-C","start":"2026-02-15T12:00:00","end":"2026-02-15T18:00:00","reason":"final-material"}
[buffer] ask {"demand":null,"buffer":"capsule C","requested":2,"date":"2026-02-15T12:00:00","onhand":5}
[buffer] shortage {"buffer":"capsule C","iteration":0,"date":"2026-02-15T12:00:00","onhand":-2,"shortage":2}
[operation] routing-ask {"demand":null,"operation":"batch CAP-C","quantity":2,"operationPlanQuantity":2,"end":"2026-02-15T12:00:00","steps":["blend CAP-C","form CAP-C","inspect CAP-C"]}
[operation] ask {"demand":null,"operation":"inspect CAP-C","quantity":2,"end":"2026-02-15T12:00:00"}
[resource] ask {"demand":null,"operation":"inspect CAP-C","resource":"qa pharmacist 1","start":"2026-02-14T18:00:00","end":"2026-02-15T12:00:00"}
[resource] candidate {"demand":null,"start":"2026-02-14T18:00:00","end":"2026-02-15T12:00:00","feasible":true}
[resource] ask {"demand":null,"operation":"inspect CAP-C","resource":"qa pharmacist 2","start":"2026-02-14T17:03:09","end":"2026-02-15T12:00:00"}
[resource] candidate {"demand":null,"start":"2026-02-14T17:03:09","end":"2026-02-15T12:00:00","feasible":true}
[resource] ask {"demand":null,"operation":"inspect CAP-C","resource":"qa pharmacist 1","start":"2026-02-14T18:00:00","end":"2026-02-15T12:00:00"}
[resource] candidate {"demand":null,"start":"2026-02-14T18:00:00","end":"2026-02-15T12:00:00","feasible":true}
[operation] answer {"demand":null,"operation":"inspect CAP-C","quantity":2,"start":"2026-02-14T18:00:00","end":"2026-02-15T12:00:00"}
[operation] ask {"demand":null,"operation":"form CAP-C","quantity":2,"end":"2026-02-14T18:00:00"}
[resource] ask {"demand":null,"operation":"form CAP-C","resource":"forming line A","start":"2026-02-13T21:00:00","end":"2026-02-14T18:00:00"}
[resource] candidate {"demand":null,"start":"2026-02-13T21:00:00","end":"2026-02-14T18:00:00","feasible":true}
[buffer] ask {"demand":null,"buffer":"primary packaging","requested":2,"date":"2026-02-14T02:00:00","onhand":238}
[buffer] answer {"demand":null,"buffer":"primary packaging","requested":2,"remainingShortage":0,"quantity":2,"date":"2026-02-14T02:00:00","plan":null}
[operation] answer {"demand":null,"operation":"form CAP-C","quantity":2,"start":"2026-02-13T21:00:00","end":"2026-02-14T18:00:00"}
[operation] ask {"demand":null,"operation":"blend CAP-C","quantity":2,"end":"2026-02-13T21:00:00"}
[feasible] {"operation":"blend CAP-C","start":"2026-02-12T15:00:00","end":"2026-02-13T21:00:00","reason":"capacity","siblings":[{"operation":"blend CAP-C","start":"2026-02-12T15:00:00","end":"2026-02-13T21:00:00"},{"operation":"form CAP-C","start":"2026-02-13T21:00:00","end":"2026-02-14T18:00:00"},{"operation":"inspect CAP-C","start":"2026-02-14T18:00:00","end":"2026-02-15T12:00:00"}]}
[resource] ask {"demand":null,"operation":"blend CAP-C","resource":"blender","start":"2026-02-12T15:00:00","end":"2026-02-13T21:00:00"}
[resource] candidate {"demand":null,"start":"2026-02-12T15:00:00","end":"2026-02-13T21:00:00","feasible":false}
[resource] overload {"demand":null,"operation":"blend CAP-C","loadPlanIndex":37,"overloadIndex":33,"events":[{"index":25,"date":"2026-02-07T22:00:00","type":1,"quantity":-1,"onhand":2,"maximum":2,"operation":"blend CAP-C"},{"index":26,"date":"2026-02-07T23:00:00","type":5,"quantity":0,"onhand":2,"maximum":2,"operation":"blend TAB-B"},{"index":27,"date":"2026-02-08T18:00:00","type":1,"quantity":-1,"onhand":1,"maximum":2,"operation":"blend TAB-A"},{"index":28,"date":"2026-02-08T23:00:00","type":1,"quantity":-1,"onhand":0,"maximum":2,"operation":"blend TAB-B"},{"index":29,"date":"2026-02-11T22:00:00","type":1,"quantity":1,"onhand":1,"maximum":2,"operation":"blend TAB-A"},{"index":30,"date":"2026-02-12T03:00:00","type":1,"quantity":1,"onhand":2,"maximum":2,"operation":"blend TAB-B"},{"index":31,"date":"2026-02-12T10:00:00","type":5,"quantity":0,"onhand":2,"maximum":2,"operation":"blend TAB-A"},{"index":32,"date":"2026-02-12T11:00:00","type":5,"quantity":0,"onhand":2,"maximum":2,"operation":"blend TAB-B"},{"index":33,"date":"2026-02-12T15:00:00","type":1,"quantity":1,"onhand":3,"maximum":2,"operation":"blend CAP-C"},{"index":34,"date":"2026-02-13T03:00:00","type":5,"quantity":0,"onhand":3,"maximum":2,"operation":"blend CAP-C"},{"index":35,"date":"2026-02-13T06:00:00","type":1,"quantity":-1,"onhand":2,"maximum":2,"operation":"blend TAB-A"},{"index":36,"date":"2026-02-13T11:00:00","type":1,"quantity":-1,"onhand":1,"maximum":2,"operation":"blend TAB-B"},{"index":37,"date":"2026-02-13T21:00:00","type":1,"quantity":-1,"onhand":0,"maximum":2,"operation":"blend CAP-C"}]}
[resource] candidate {"demand":null,"iteration":1,"boundary":"2026-02-12T15:00:00","start":"2026-02-11T09:00:00","end":"2026-02-12T15:00:00","feasible":false}
[resource] overload {"demand":null,"operation":"blend CAP-C","loadPlanIndex":35,"overloadIndex":33,"events":[{"index":25,"date":"2026-02-07T22:00:00","type":1,"quantity":-1,"onhand":2,"maximum":2,"operation":"blend CAP-C"},{"index":26,"date":"2026-02-07T23:00:00","type":5,"quantity":0,"onhand":2,"maximum":2,"operation":"blend TAB-B"},{"index":27,"date":"2026-02-08T18:00:00","type":1,"quantity":-1,"onhand":1,"maximum":2,"operation":"blend TAB-A"},{"index":28,"date":"2026-02-08T23:00:00","type":1,"quantity":-1,"onhand":0,"maximum":2,"operation":"blend TAB-B"},{"index":29,"date":"2026-02-11T09:00:00","type":1,"quantity":1,"onhand":1,"maximum":2,"operation":"blend CAP-C"},{"index":30,"date":"2026-02-11T21:00:00","type":5,"quantity":0,"onhand":1,"maximum":2,"operation":"blend CAP-C"},{"index":31,"date":"2026-02-12T03:00:00","type":1,"quantity":1,"onhand":2,"maximum":2,"operation":"blend TAB-B"},{"index":32,"date":"2026-02-12T10:00:00","type":5,"quantity":0,"onhand":2,"maximum":2,"operation":"blend TAB-A"},{"index":33,"date":"2026-02-12T10:00:00","type":1,"quantity":1,"onhand":3,"maximum":2,"operation":"blend TAB-A"},{"index":34,"date":"2026-02-12T11:00:00","type":5,"quantity":0,"onhand":3,"maximum":2,"operation":"blend TAB-B"},{"index":35,"date":"2026-02-12T15:00:00","type":1,"quantity":-1,"onhand":2,"maximum":2,"operation":"blend CAP-C"},{"index":36,"date":"2026-02-13T06:00:00","type":1,"quantity":-1,"onhand":1,"maximum":2,"operation":"blend TAB-A"},{"index":37,"date":"2026-02-13T11:00:00","type":1,"quantity":-1,"onhand":0,"maximum":2,"operation":"blend TAB-B"}]}
[resource] candidate {"demand":null,"iteration":2,"boundary":"2026-02-12T10:00:00","start":"2026-02-11T04:00:00","end":"2026-02-12T10:00:00","feasible":false}
[resource] candidate {"demand":null,"iteration":3,"boundary":"2026-02-11T04:00:00","start":"2026-02-11T04:00:00","end":"2026-02-12T10:00:00","feasible":true}
[buffer] ask {"demand":null,"buffer":"active C","requested":2,"date":"2026-02-11T16:00:00","onhand":78}
[buffer] answer {"demand":null,"buffer":"active C","requested":2,"remainingShortage":0,"quantity":2,"date":"2026-02-11T16:00:00","plan":null}
[buffer] ask {"demand":null,"buffer":"excipient","requested":4,"date":"2026-02-11T16:00:00","onhand":356}
[buffer] answer {"demand":null,"buffer":"excipient","requested":4,"remainingShortage":0,"quantity":4,"date":"2026-02-11T16:00:00","plan":null}
[operation] answer {"demand":null,"operation":"blend CAP-C","quantity":2,"start":"2026-02-11T04:00:00","end":"2026-02-12T10:00:00"}
[operation] routing-answer {"demand":null,"operation":"batch CAP-C","quantity":2,"start":"2026-02-11T04:00:00","end":"2026-02-15T12:00:00"}
[buffer] replenish {"buffer":"capsule C","iteration":0,"requested":2,"replenished":2,"producerDate":"2026-02-15T12:00:00","eventCountBefore":7,"eventCountAfter":8,"remaining":0}
[buffer] answer {"demand":null,"buffer":"capsule C","requested":2,"remainingShortage":0,"quantity":2,"date":"2026-02-15T12:00:00","plan":"OperationPlan"}
[operation] answer {"demand":"medicine demand 030 CAP-C","operation":"release CAP-C","quantity":2,"start":"2026-02-15T12:00:00","end":"2026-02-15T18:00:00"}
[demand] reply {"demand":"medicine demand 030 CAP-C","attempt":1,"result":true,"quantity":2,"date":"2026-02-15T18:00:00"}
[demand] attempt {"demand":"medicine demand 004 TAB-A","attempt":1,"quantity":4,"requestDate":"2026-02-02T18:00:00","lastDate":"2030-12-31T00:00:00"}
[operation] ask {"demand":"medicine demand 004 TAB-A","operation":"release TAB-A","quantity":4,"end":"2026-02-02T18:00:00"}
[feasible] {"operation":"release TAB-A","start":"2026-02-02T12:00:00","end":"2026-02-02T18:00:00","reason":"interval-material"}
[buffer] ask {"demand":null,"buffer":"tablet A","requested":4,"date":"2026-02-02T12:00:00","onhand":2}
[buffer] shortage {"buffer":"tablet A","iteration":0,"date":"2026-02-02T12:00:00","onhand":-4,"shortage":4}
[operation] routing-ask {"demand":null,"operation":"batch TAB-A","quantity":4,"operationPlanQuantity":4,"end":"2026-02-02T12:00:00","steps":["blend TAB-A","form TAB-A","inspect TAB-A"]}
[operation] ask {"demand":null,"operation":"inspect TAB-A","quantity":4,"end":"2026-02-02T12:00:00"}
[resource] ask {"demand":null,"operation":"inspect TAB-A","resource":"qa pharmacist 1","start":"2026-02-01T18:00:00","end":"2026-02-02T12:00:00"}
[resource] candidate {"demand":null,"start":"2026-02-01T18:00:00","end":"2026-02-02T12:00:00","feasible":true}
[resource] ask {"demand":null,"operation":"inspect TAB-A","resource":"qa pharmacist 2","start":"2026-02-01T17:03:09","end":"2026-02-02T12:00:00"}
[resource] candidate {"demand":null,"start":"2026-02-01T17:03:09","end":"2026-02-02T12:00:00","feasible":true}
[resource] ask {"demand":null,"operation":"inspect TAB-A","resource":"qa pharmacist 1","start":"2026-02-01T18:00:00","end":"2026-02-02T12:00:00"}
[resource] candidate {"demand":null,"start":"2026-02-01T18:00:00","end":"2026-02-02T12:00:00","feasible":true}
[operation] answer {"demand":null,"operation":"inspect TAB-A","quantity":4,"start":"2026-02-01T18:00:00","end":"2026-02-02T12:00:00"}
[operation] ask {"demand":null,"operation":"form TAB-A","quantity":4,"end":"2026-02-01T18:00:00"}
[resource] ask {"demand":null,"operation":"form TAB-A","resource":"forming line A","start":"2026-02-01T01:00:00","end":"2026-02-01T18:00:00"}
[resource] candidate {"demand":null,"start":"2026-02-01T01:00:00","end":"2026-02-01T18:00:00","feasible":true}
[buffer] ask {"demand":null,"buffer":"primary packaging","requested":4,"date":"2026-02-01T06:00:00","onhand":270}
[buffer] answer {"demand":null,"buffer":"primary packaging","requested":4,"remainingShortage":0,"quantity":4,"date":"2026-02-01T06:00:00","plan":null}
[operation] answer {"demand":null,"operation":"form TAB-A","quantity":4,"start":"2026-02-01T01:00:00","end":"2026-02-01T18:00:00"}
[operation] ask {"demand":null,"operation":"blend TAB-A","quantity":4,"end":"2026-02-01T01:00:00"}
[resource] ask {"demand":null,"operation":"blend TAB-A","resource":"blender","start":"2026-01-30T17:00:00","end":"2026-02-01T01:00:00"}
[resource] candidate {"demand":null,"start":"2026-01-30T17:00:00","end":"2026-02-01T01:00:00","feasible":true}
[buffer] ask {"demand":null,"buffer":"active A","requested":4,"date":"2026-01-31T05:00:00","onhand":83}
[buffer] answer {"demand":null,"buffer":"active A","requested":4,"remainingShortage":0,"quantity":4,"date":"2026-01-31T05:00:00","plan":null}
[buffer] ask {"demand":null,"buffer":"excipient","requested":8,"date":"2026-01-31T05:00:00","onhand":400}
[buffer] answer {"demand":null,"buffer":"excipient","requested":8,"remainingShortage":0,"quantity":8,"date":"2026-01-31T05:00:00","plan":null}
[operation] answer {"demand":null,"operation":"blend TAB-A","quantity":4,"start":"2026-01-30T17:00:00","end":"2026-02-01T01:00:00"}
[operation] routing-answer {"demand":null,"operation":"batch TAB-A","quantity":4,"start":"2026-01-30T17:00:00","end":"2026-02-02T12:00:00"}
[buffer] replenish {"buffer":"tablet A","iteration":0,"requested":4,"replenished":4,"producerDate":"2026-02-02T12:00:00","eventCountBefore":9,"eventCountAfter":10,"remaining":0}
[buffer] answer {"demand":null,"buffer":"tablet A","requested":4,"remainingShortage":0,"quantity":4,"date":"2026-02-02T12:00:00","plan":"OperationPlan"}
[operation] answer {"demand":"medicine demand 004 TAB-A","operation":"release TAB-A","quantity":4,"start":"2026-02-02T12:00:00","end":"2026-02-02T18:00:00"}
[demand] reply {"demand":"medicine demand 004 TAB-A","attempt":1,"result":true,"quantity":4,"date":"2026-02-02T18:00:00"}
[demand] attempt {"demand":"medicine demand 013 TAB-A","attempt":1,"quantity":2,"requestDate":"2026-02-07T06:00:00","lastDate":"2030-12-31T00:00:00"}
[operation] ask {"demand":"medicine demand 013 TAB-A","operation":"release TAB-A","quantity":2,"end":"2026-02-07T06:00:00"}
[feasible] {"operation":"release TAB-A","start":"2026-02-07T00:00:00","end":"2026-02-07T06:00:00","reason":"interval-material"}
[buffer] ask {"demand":null,"buffer":"tablet A","requested":2,"date":"2026-02-07T00:00:00","onhand":4}
[buffer] shortage {"buffer":"tablet A","iteration":0,"date":"2026-02-07T00:00:00","onhand":-2,"shortage":2}
[operation] routing-ask {"demand":null,"operation":"batch TAB-A","quantity":2,"operationPlanQuantity":2,"end":"2026-02-07T00:00:00","steps":["blend TAB-A","form TAB-A","inspect TAB-A"]}
[operation] ask {"demand":null,"operation":"inspect TAB-A","quantity":2,"end":"2026-02-07T00:00:00"}
[resource] ask {"demand":null,"operation":"inspect TAB-A","resource":"qa pharmacist 1","start":"2026-02-06T06:00:00","end":"2026-02-07T00:00:00"}
[resource] candidate {"demand":null,"start":"2026-02-06T06:00:00","end":"2026-02-07T00:00:00","feasible":true}
[resource] ask {"demand":null,"operation":"inspect TAB-A","resource":"qa pharmacist 2","start":"2026-02-06T05:03:09","end":"2026-02-07T00:00:00"}
[resource] candidate {"demand":null,"start":"2026-02-06T05:03:09","end":"2026-02-07T00:00:00","feasible":true}
[resource] ask {"demand":null,"operation":"inspect TAB-A","resource":"qa pharmacist 1","start":"2026-02-06T06:00:00","end":"2026-02-07T00:00:00"}
[resource] candidate {"demand":null,"start":"2026-02-06T06:00:00","end":"2026-02-07T00:00:00","feasible":true}
[operation] answer {"demand":null,"operation":"inspect TAB-A","quantity":2,"start":"2026-02-06T06:00:00","end":"2026-02-07T00:00:00"}
[operation] ask {"demand":null,"operation":"form TAB-A","quantity":2,"end":"2026-02-06T06:00:00"}
[resource] ask {"demand":null,"operation":"form TAB-A","resource":"forming line A","start":"2026-02-05T13:00:00","end":"2026-02-06T06:00:00"}
[resource] candidate {"demand":null,"start":"2026-02-05T13:00:00","end":"2026-02-06T06:00:00","feasible":true}
[buffer] ask {"demand":null,"buffer":"primary packaging","requested":2,"date":"2026-02-05T18:00:00","onhand":254}
[buffer] answer {"demand":null,"buffer":"primary packaging","requested":2,"remainingShortage":0,"quantity":2,"date":"2026-02-05T18:00:00","plan":null}
[operation] answer {"demand":null,"operation":"form TAB-A","quantity":2,"start":"2026-02-05T13:00:00","end":"2026-02-06T06:00:00"}
[operation] ask {"demand":null,"operation":"blend TAB-A","quantity":2,"end":"2026-02-05T13:00:00"}
[feasible] {"operation":"blend TAB-A","start":"2026-02-04T05:00:00","end":"2026-02-05T13:00:00","reason":"capacity","siblings":[{"operation":"blend TAB-A","start":"2026-02-04T05:00:00","end":"2026-02-05T13:00:00"},{"operation":"form TAB-A","start":"2026-02-05T13:00:00","end":"2026-02-06T06:00:00"},{"operation":"inspect TAB-A","start":"2026-02-06T06:00:00","end":"2026-02-07T00:00:00"}]}
[resource] ask {"demand":null,"operation":"blend TAB-A","resource":"blender","start":"2026-02-04T05:00:00","end":"2026-02-05T13:00:00"}
[resource] candidate {"demand":null,"start":"2026-02-04T05:00:00","end":"2026-02-05T13:00:00","feasible":false}
[resource] overload {"demand":null,"operation":"blend TAB-A","loadPlanIndex":25,"overloadIndex":21,"events":[{"index":13,"date":"2026-02-01T01:00:00","type":1,"quantity":-1,"onhand":0,"maximum":2,"operation":"blend TAB-A"},{"index":14,"date":"2026-02-02T16:00:00","type":5,"quantity":0,"onhand":0,"maximum":2,"operation":"blend CAP-C"},{"index":15,"date":"2026-02-02T16:00:00","type":1,"quantity":1,"onhand":1,"maximum":2,"operation":"blend CAP-C"},{"index":16,"date":"2026-02-03T03:00:00","type":1,"quantity":1,"onhand":2,"maximum":2,"operation":"blend TAB-B"},{"index":17,"date":"2026-02-03T10:00:00","type":5,"quantity":0,"onhand":2,"maximum":2,"operation":"blend TAB-A"},{"index":18,"date":"2026-02-03T10:00:00","type":1,"quantity":1,"onhand":3,"maximum":2,"operation":"blend TAB-A"},{"index":19,"date":"2026-02-03T10:00:00","type":1,"quantity":-1,"onhand":2,"maximum":2,"operation":"blend CAP-C"},{"index":20,"date":"2026-02-03T11:00:00","type":5,"quantity":0,"onhand":2,"maximum":2,"operation":"blend TAB-B"},{"index":21,"date":"2026-02-04T05:00:00","type":1,"quantity":1,"onhand":3,"maximum":2,"operation":"blend TAB-A"},{"index":22,"date":"2026-02-04T06:00:00","type":1,"quantity":-1,"onhand":2,"maximum":2,"operation":"blend TAB-A"},{"index":23,"date":"2026-02-04T11:00:00","type":1,"quantity":-1,"onhand":1,"maximum":2,"operation":"blend TAB-B"},{"index":24,"date":"2026-02-04T17:00:00","type":5,"quantity":0,"onhand":1,"maximum":2,"operation":"blend TAB-A"},{"index":25,"date":"2026-02-05T13:00:00","type":1,"quantity":-1,"onhand":0,"maximum":2,"operation":"blend TAB-A"},{"index":26,"date":"2026-02-07T04:00:00","type":5,"quantity":0,"onhand":0,"maximum":2,"operation":"blend CAP-C"},{"index":27,"date":"2026-02-07T04:00:00","type":1,"quantity":1,"onhand":1,"maximum":2,"operation":"blend CAP-C"}]}
[resource] candidate {"demand":null,"iteration":1,"boundary":"2026-02-04T05:00:00","start":"2026-02-03T09:00:00","end":"2026-02-04T05:00:00","feasible":false}
[resource] overload {"demand":null,"operation":"blend TAB-A","loadPlanIndex":23,"overloadIndex":21,"events":[{"index":13,"date":"2026-02-01T01:00:00","type":1,"quantity":-1,"onhand":0,"maximum":2,"operation":"blend TAB-A"},{"index":14,"date":"2026-02-02T16:00:00","type":5,"quantity":0,"onhand":0,"maximum":2,"operation":"blend CAP-C"},{"index":15,"date":"2026-02-02T16:00:00","type":1,"quantity":1,"onhand":1,"maximum":2,"operation":"blend CAP-C"},{"index":16,"date":"2026-02-03T03:00:00","type":1,"quantity":1,"onhand":2,"maximum":2,"operation":"blend TAB-B"},{"index":17,"date":"2026-02-03T09:00:00","type":5,"quantity":0,"onhand":2,"maximum":2,"operation":"blend TAB-A"},{"index":18,"date":"2026-02-03T09:00:00","type":1,"quantity":1,"onhand":3,"maximum":2,"operation":"blend TAB-A"},{"index":19,"date":"2026-02-03T10:00:00","type":5,"quantity":0,"onhand":3,"maximum":2,"operation":"blend TAB-A"},{"index":20,"date":"2026-02-03T10:00:00","type":1,"quantity":1,"onhand":4,"maximum":2,"operation":"blend TAB-A"},{"index":21,"date":"2026-02-03T10:00:00","type":1,"quantity":-1,"onhand":3,"maximum":2,"operation":"blend CAP-C"},{"index":22,"date":"2026-02-03T11:00:00","type":5,"quantity":0,"onhand":3,"maximum":2,"operation":"blend TAB-B"},{"index":23,"date":"2026-02-04T05:00:00","type":1,"quantity":-1,"onhand":2,"maximum":2,"operation":"blend TAB-A"},{"index":24,"date":"2026-02-04T06:00:00","type":1,"quantity":-1,"onhand":1,"maximum":2,"operation":"blend TAB-A"},{"index":25,"date":"2026-02-04T11:00:00","type":1,"quantity":-1,"onhand":0,"maximum":2,"operation":"blend TAB-B"}]}
[resource] candidate {"demand":null,"iteration":2,"boundary":"2026-02-03T09:00:00","start":"2026-02-02T13:00:00","end":"2026-02-03T09:00:00","feasible":false}
[resource] overload {"demand":null,"operation":"blend TAB-A","loadPlanIndex":19,"overloadIndex":18,"events":[{"index":10,"date":"2026-01-30T17:00:00","type":1,"quantity":1,"onhand":2,"maximum":2,"operation":"blend TAB-A"},{"index":11,"date":"2026-01-30T23:00:00","type":1,"quantity":-1,"onhand":1,"maximum":2,"operation":"blend TAB-B"},{"index":12,"date":"2026-01-31T05:00:00","type":5,"quantity":0,"onhand":1,"maximum":2,"operation":"blend TAB-A"},{"index":13,"date":"2026-02-01T01:00:00","type":1,"quantity":-1,"onhand":0,"maximum":2,"operation":"blend TAB-A"},{"index":14,"date":"2026-02-02T13:00:00","type":5,"quantity":0,"onhand":0,"maximum":2,"operation":"blend TAB-A"},{"index":15,"date":"2026-02-02T13:00:00","type":1,"quantity":1,"onhand":1,"maximum":2,"operation":"blend TAB-A"},{"index":16,"date":"2026-02-02T16:00:00","type":5,"quantity":0,"onhand":1,"maximum":2,"operation":"blend CAP-C"},{"index":17,"date":"2026-02-02T16:00:00","type":1,"quantity":1,"onhand":2,"maximum":2,"operation":"blend CAP-C"},{"index":18,"date":"2026-02-03T03:00:00","type":1,"quantity":1,"onhand":3,"maximum":2,"operation":"blend TAB-B"},{"index":19,"date":"2026-02-03T09:00:00","type":1,"quantity":-1,"onhand":2,"maximum":2,"operation":"blend TAB-A"},{"index":20,"date":"2026-02-03T10:00:00","type":5,"quantity":0,"onhand":2,"maximum":2,"operation":"blend TAB-A"},{"index":21,"date":"2026-02-03T10:00:00","type":1,"quantity":1,"onhand":3,"maximum":2,"operation":"blend TAB-A"}]}
[resource] candidate {"demand":null,"iteration":3,"boundary":"2026-02-03T03:00:00","start":"2026-02-02T07:00:00","end":"2026-02-03T03:00:00","feasible":false}
[resource] candidate {"demand":null,"iteration":4,"boundary":"2026-02-02T07:00:00","start":"2026-02-02T07:00:00","end":"2026-02-03T03:00:00","feasible":true}
[buffer] ask {"demand":null,"buffer":"active A","requested":2,"date":"2026-02-02T07:00:00","onhand":79}
[buffer] answer {"demand":null,"buffer":"active A","requested":2,"remainingShortage":0,"quantity":2,"date":"2026-02-02T07:00:00","plan":null}
[buffer] ask {"demand":null,"buffer":"excipient","requested":4,"date":"2026-02-02T07:00:00","onhand":392}
[buffer] answer {"demand":null,"buffer":"excipient","requested":4,"remainingShortage":0,"quantity":4,"date":"2026-02-02T07:00:00","plan":null}
[operation] answer {"demand":null,"operation":"blend TAB-A","quantity":2,"start":"2026-02-02T07:00:00","end":"2026-02-03T03:00:00"}
[operation] routing-answer {"demand":null,"operation":"batch TAB-A","quantity":2,"start":"2026-02-02T07:00:00","end":"2026-02-07T00:00:00"}
[buffer] replenish {"buffer":"tablet A","iteration":0,"requested":2,"replenished":2,"producerDate":"2026-02-07T00:00:00","eventCountBefore":11,"eventCountAfter":12,"remaining":0}
[buffer] answer {"demand":null,"buffer":"tablet A","requested":2,"remainingShortage":0,"quantity":2,"date":"2026-02-07T00:00:00","plan":"OperationPlan"}
[operation] answer {"demand":"medicine demand 013 TAB-A","operation":"release TAB-A","quantity":2,"start":"2026-02-07T00:00:00","end":"2026-02-07T06:00:00"}
[demand] reply {"demand":"medicine demand 013 TAB-A","attempt":1,"result":true,"quantity":2,"date":"2026-02-07T06:00:00"}
[demand] attempt {"demand":"medicine demand 022 TAB-A","attempt":1,"quantity":4,"requestDate":"2026-02-11T18:00:00","lastDate":"2030-12-31T00:00:00"}
[operation] ask {"demand":"medicine demand 022 TAB-A","operation":"release TAB-A","quantity":4,"end":"2026-02-11T18:00:00"}
[feasible] {"operation":"release TAB-A","start":"2026-02-11T12:00:00","end":"2026-02-11T18:00:00","reason":"interval-material"}
[buffer] ask {"demand":null,"buffer":"tablet A","requested":4,"date":"2026-02-11T12:00:00","onhand":2}
[buffer] shortage {"buffer":"tablet A","iteration":0,"date":"2026-02-11T12:00:00","onhand":-4,"shortage":4}
[operation] routing-ask {"demand":null,"operation":"batch TAB-A","quantity":4,"operationPlanQuantity":4,"end":"2026-02-11T12:00:00","steps":["blend TAB-A","form TAB-A","inspect TAB-A"]}
[operation] ask {"demand":null,"operation":"inspect TAB-A","quantity":4,"end":"2026-02-11T12:00:00"}
[resource] ask {"demand":null,"operation":"inspect TAB-A","resource":"qa pharmacist 1","start":"2026-02-10T18:00:00","end":"2026-02-11T12:00:00"}
[resource] candidate {"demand":null,"start":"2026-02-10T18:00:00","end":"2026-02-11T12:00:00","feasible":true}
[resource] ask {"demand":null,"operation":"inspect TAB-A","resource":"qa pharmacist 2","start":"2026-02-10T17:03:09","end":"2026-02-11T12:00:00"}
[resource] candidate {"demand":null,"start":"2026-02-10T17:03:09","end":"2026-02-11T12:00:00","feasible":true}
[resource] ask {"demand":null,"operation":"inspect TAB-A","resource":"qa pharmacist 1","start":"2026-02-10T18:00:00","end":"2026-02-11T12:00:00"}
[resource] candidate {"demand":null,"start":"2026-02-10T18:00:00","end":"2026-02-11T12:00:00","feasible":true}
[operation] answer {"demand":null,"operation":"inspect TAB-A","quantity":4,"start":"2026-02-10T18:00:00","end":"2026-02-11T12:00:00"}
[operation] ask {"demand":null,"operation":"form TAB-A","quantity":4,"end":"2026-02-10T18:00:00"}
[resource] ask {"demand":null,"operation":"form TAB-A","resource":"forming line A","start":"2026-02-10T01:00:00","end":"2026-02-10T18:00:00"}
[resource] candidate {"demand":null,"start":"2026-02-10T01:00:00","end":"2026-02-10T18:00:00","feasible":true}
[buffer] ask {"demand":null,"buffer":"primary packaging","requested":4,"date":"2026-02-10T06:00:00","onhand":242}
[buffer] answer {"demand":null,"buffer":"primary packaging","requested":4,"remainingShortage":0,"quantity":4,"date":"2026-02-10T06:00:00","plan":null}
[operation] answer {"demand":null,"operation":"form TAB-A","quantity":4,"start":"2026-02-10T01:00:00","end":"2026-02-10T18:00:00"}
[operation] ask {"demand":null,"operation":"blend TAB-A","quantity":4,"end":"2026-02-10T01:00:00"}
[feasible] {"operation":"blend TAB-A","start":"2026-02-08T17:00:00","end":"2026-02-10T01:00:00","reason":"capacity","siblings":[{"operation":"blend TAB-A","start":"2026-02-08T17:00:00","end":"2026-02-10T01:00:00"},{"operation":"form TAB-A","start":"2026-02-10T01:00:00","end":"2026-02-10T18:00:00"},{"operation":"inspect TAB-A","start":"2026-02-10T18:00:00","end":"2026-02-11T12:00:00"}]}
[resource] ask {"demand":null,"operation":"blend TAB-A","resource":"blender","start":"2026-02-08T17:00:00","end":"2026-02-10T01:00:00"}
[resource] candidate {"demand":null,"start":"2026-02-08T17:00:00","end":"2026-02-10T01:00:00","feasible":false}
[resource] overload {"demand":null,"operation":"blend TAB-A","loadPlanIndex":37,"overloadIndex":33,"events":[{"index":25,"date":"2026-02-04T11:00:00","type":1,"quantity":-1,"onhand":0,"maximum":2,"operation":"blend TAB-B"},{"index":26,"date":"2026-02-06T16:00:00","type":1,"quantity":1,"onhand":1,"maximum":2,"operation":"blend CAP-C"},{"index":27,"date":"2026-02-07T04:00:00","type":5,"quantity":0,"onhand":1,"maximum":2,"operation":"blend CAP-C"},{"index":28,"date":"2026-02-07T15:00:00","type":1,"quantity":1,"onhand":2,"maximum":2,"operation":"blend TAB-B"},{"index":29,"date":"2026-02-07T22:00:00","type":5,"quantity":0,"onhand":2,"maximum":2,"operation":"blend TAB-A"},{"index":30,"date":"2026-02-07T22:00:00","type":1,"quantity":1,"onhand":3,"maximum":2,"operation":"blend TAB-A"},{"index":31,"date":"2026-02-07T22:00:00","type":1,"quantity":-1,"onhand":2,"maximum":2,"operation":"blend CAP-C"},{"index":32,"date":"2026-02-07T23:00:00","type":5,"quantity":0,"onhand":2,"maximum":2,"operation":"blend TAB-B"},{"index":33,"date":"2026-02-08T17:00:00","type":1,"quantity":1,"onhand":3,"maximum":2,"operation":"blend TAB-A"},{"index":34,"date":"2026-02-08T18:00:00","type":1,"quantity":-1,"onhand":2,"maximum":2,"operation":"blend TAB-A"},{"index":35,"date":"2026-02-08T23:00:00","type":1,"quantity":-1,"onhand":1,"maximum":2,"operation":"blend TAB-B"},{"index":36,"date":"2026-02-09T05:00:00","type":5,"quantity":0,"onhand":1,"maximum":2,"operation":"blend TAB-A"},{"index":37,"date":"2026-02-10T01:00:00","type":1,"quantity":-1,"onhand":0,"maximum":2,"operation":"blend TAB-A"},{"index":38,"date":"2026-02-11T16:00:00","type":5,"quantity":0,"onhand":0,"maximum":2,"operation":"blend CAP-C"},{"index":39,"date":"2026-02-11T16:00:00","type":1,"quantity":1,"onhand":1,"maximum":2,"operation":"blend CAP-C"}]}
[resource] candidate {"demand":null,"iteration":1,"boundary":"2026-02-08T17:00:00","start":"2026-02-07T21:00:00","end":"2026-02-08T17:00:00","feasible":false}
[resource] overload {"demand":null,"operation":"blend TAB-A","loadPlanIndex":35,"overloadIndex":33,"events":[{"index":25,"date":"2026-02-04T11:00:00","type":1,"quantity":-1,"onhand":0,"maximum":2,"operation":"blend TAB-B"},{"index":26,"date":"2026-02-06T16:00:00","type":1,"quantity":1,"onhand":1,"maximum":2,"operation":"blend CAP-C"},{"index":27,"date":"2026-02-07T04:00:00","type":5,"quantity":0,"onhand":1,"maximum":2,"operation":"blend CAP-C"},{"index":28,"date":"2026-02-07T15:00:00","type":1,"quantity":1,"onhand":2,"maximum":2,"operation":"blend TAB-B"},{"index":29,"date":"2026-02-07T21:00:00","type":5,"quantity":0,"onhand":2,"maximum":2,"operation":"blend TAB-A"},{"index":30,"date":"2026-02-07T21:00:00","type":1,"quantity":1,"onhand":3,"maximum":2,"operation":"blend TAB-A"},{"index":31,"date":"2026-02-07T22:00:00","type":5,"quantity":0,"onhand":3,"maximum":2,"operation":"blend TAB-A"},{"index":32,"date":"2026-02-07T22:00:00","type":1,"quantity":1,"onhand":4,"maximum":2,"operation":"blend TAB-A"},{"index":33,"date":"2026-02-07T22:00:00","type":1,"quantity":-1,"onhand":3,"maximum":2,"operation":"blend CAP-C"},{"index":34,"date":"2026-02-07T23:00:00","type":5,"quantity":0,"onhand":3,"maximum":2,"operation":"blend TAB-B"},{"index":35,"date":"2026-02-08T17:00:00","type":1,"quantity":-1,"onhand":2,"maximum":2,"operation":"blend TAB-A"},{"index":36,"date":"2026-02-08T18:00:00","type":1,"quantity":-1,"onhand":1,"maximum":2,"operation":"blend TAB-A"},{"index":37,"date":"2026-02-08T23:00:00","type":1,"quantity":-1,"onhand":0,"maximum":2,"operation":"blend TAB-B"}]}
[resource] candidate {"demand":null,"iteration":2,"boundary":"2026-02-07T21:00:00","start":"2026-02-06T13:00:00","end":"2026-02-07T21:00:00","feasible":false}
[resource] overload {"demand":null,"operation":"blend TAB-A","loadPlanIndex":31,"overloadIndex":30,"events":[{"index":22,"date":"2026-02-03T10:00:00","type":1,"quantity":-1,"onhand":2,"maximum":2,"operation":"blend CAP-C"},{"index":23,"date":"2026-02-03T11:00:00","type":5,"quantity":0,"onhand":2,"maximum":2,"operation":"blend TAB-B"},{"index":24,"date":"2026-02-04T06:00:00","type":1,"quantity":-1,"onhand":1,"maximum":2,"operation":"blend TAB-A"},{"index":25,"date":"2026-02-04T11:00:00","type":1,"quantity":-1,"onhand":0,"maximum":2,"operation":"blend TAB-B"},{"index":26,"date":"2026-02-06T13:00:00","type":1,"quantity":1,"onhand":1,"maximum":2,"operation":"blend TAB-A"},{"index":27,"date":"2026-02-07T01:00:00","type":5,"quantity":0,"onhand":1,"maximum":2,"operation":"blend TAB-A"},{"index":28,"date":"2026-02-07T04:00:00","type":5,"quantity":0,"onhand":1,"maximum":2,"operation":"blend CAP-C"},{"index":29,"date":"2026-02-07T04:00:00","type":1,"quantity":1,"onhand":2,"maximum":2,"operation":"blend CAP-C"},{"index":30,"date":"2026-02-07T15:00:00","type":1,"quantity":1,"onhand":3,"maximum":2,"operation":"blend TAB-B"},{"index":31,"date":"2026-02-07T21:00:00","type":1,"quantity":-1,"onhand":2,"maximum":2,"operation":"blend TAB-A"},{"index":32,"date":"2026-02-07T22:00:00","type":5,"quantity":0,"onhand":2,"maximum":2,"operation":"blend TAB-A"},{"index":33,"date":"2026-02-07T22:00:00","type":1,"quantity":1,"onhand":3,"maximum":2,"operation":"blend TAB-A"}]}
[resource] candidate {"demand":null,"iteration":3,"boundary":"2026-02-07T15:00:00","start":"2026-02-06T07:00:00","end":"2026-02-07T15:00:00","feasible":false}
[resource] candidate {"demand":null,"iteration":4,"boundary":"2026-02-06T07:00:00","start":"2026-02-06T07:00:00","end":"2026-02-07T15:00:00","feasible":true}
[buffer] ask {"demand":null,"buffer":"active A","requested":4,"date":"2026-02-06T19:00:00","onhand":73}
[buffer] answer {"demand":null,"buffer":"active A","requested":4,"remainingShortage":0,"quantity":4,"date":"2026-02-06T19:00:00","plan":null}
[buffer] ask {"demand":null,"buffer":"excipient","requested":8,"date":"2026-02-06T19:00:00","onhand":364}
[buffer] answer {"demand":null,"buffer":"excipient","requested":8,"remainingShortage":0,"quantity":8,"date":"2026-02-06T19:00:00","plan":null}
[operation] answer {"demand":null,"operation":"blend TAB-A","quantity":4,"start":"2026-02-06T07:00:00","end":"2026-02-07T15:00:00"}
[operation] routing-answer {"demand":null,"operation":"batch TAB-A","quantity":4,"start":"2026-02-06T07:00:00","end":"2026-02-11T12:00:00"}
[buffer] replenish {"buffer":"tablet A","iteration":0,"requested":4,"replenished":4,"producerDate":"2026-02-11T12:00:00","eventCountBefore":13,"eventCountAfter":14,"remaining":0}
[buffer] answer {"demand":null,"buffer":"tablet A","requested":4,"remainingShortage":0,"quantity":4,"date":"2026-02-11T12:00:00","plan":"OperationPlan"}
[operation] answer {"demand":"medicine demand 022 TAB-A","operation":"release TAB-A","quantity":4,"start":"2026-02-11T12:00:00","end":"2026-02-11T18:00:00"}
[demand] reply {"demand":"medicine demand 022 TAB-A","attempt":1,"result":true,"quantity":4,"date":"2026-02-11T18:00:00"}
[demand] attempt {"demand":"medicine demand 031 TAB-A","attempt":1,"quantity":2,"requestDate":"2026-02-16T06:00:00","lastDate":"2030-12-31T00:00:00"}
[operation] ask {"demand":"medicine demand 031 TAB-A","operation":"release TAB-A","quantity":2,"end":"2026-02-16T06:00:00"}
[feasible] {"operation":"release TAB-A","start":"2026-02-16T00:00:00","end":"2026-02-16T06:00:00","reason":"final-material"}
[buffer] ask {"demand":null,"buffer":"tablet A","requested":2,"date":"2026-02-16T00:00:00","onhand":4}
[buffer] shortage {"buffer":"tablet A","iteration":0,"date":"2026-02-16T00:00:00","onhand":-2,"shortage":2}
[operation] routing-ask {"demand":null,"operation":"batch TAB-A","quantity":2,"operationPlanQuantity":2,"end":"2026-02-16T00:00:00","steps":["blend TAB-A","form TAB-A","inspect TAB-A"]}
[operation] ask {"demand":null,"operation":"inspect TAB-A","quantity":2,"end":"2026-02-16T00:00:00"}
[resource] ask {"demand":null,"operation":"inspect TAB-A","resource":"qa pharmacist 1","start":"2026-02-15T06:00:00","end":"2026-02-16T00:00:00"}
[resource] candidate {"demand":null,"start":"2026-02-15T06:00:00","end":"2026-02-16T00:00:00","feasible":true}
[resource] ask {"demand":null,"operation":"inspect TAB-A","resource":"qa pharmacist 2","start":"2026-02-15T05:03:09","end":"2026-02-16T00:00:00"}
[resource] candidate {"demand":null,"start":"2026-02-15T05:03:09","end":"2026-02-16T00:00:00","feasible":true}
[resource] ask {"demand":null,"operation":"inspect TAB-A","resource":"qa pharmacist 1","start":"2026-02-15T06:00:00","end":"2026-02-16T00:00:00"}
[resource] candidate {"demand":null,"start":"2026-02-15T06:00:00","end":"2026-02-16T00:00:00","feasible":true}
[operation] answer {"demand":null,"operation":"inspect TAB-A","quantity":2,"start":"2026-02-15T06:00:00","end":"2026-02-16T00:00:00"}
[operation] ask {"demand":null,"operation":"form TAB-A","quantity":2,"end":"2026-02-15T06:00:00"}
[resource] ask {"demand":null,"operation":"form TAB-A","resource":"forming line A","start":"2026-02-14T13:00:00","end":"2026-02-15T06:00:00"}
[resource] candidate {"demand":null,"start":"2026-02-14T13:00:00","end":"2026-02-15T06:00:00","feasible":true}
[buffer] ask {"demand":null,"buffer":"primary packaging","requested":2,"date":"2026-02-14T18:00:00","onhand":226}
[buffer] answer {"demand":null,"buffer":"primary packaging","requested":2,"remainingShortage":0,"quantity":2,"date":"2026-02-14T18:00:00","plan":null}
[operation] answer {"demand":null,"operation":"form TAB-A","quantity":2,"start":"2026-02-14T13:00:00","end":"2026-02-15T06:00:00"}
[operation] ask {"demand":null,"operation":"blend TAB-A","quantity":2,"end":"2026-02-14T13:00:00"}
[feasible] {"operation":"blend TAB-A","start":"2026-02-13T05:00:00","end":"2026-02-14T13:00:00","reason":"capacity","siblings":[{"operation":"blend TAB-A","start":"2026-02-13T05:00:00","end":"2026-02-14T13:00:00"},{"operation":"form TAB-A","start":"2026-02-14T13:00:00","end":"2026-02-15T06:00:00"},{"operation":"inspect TAB-A","start":"2026-02-15T06:00:00","end":"2026-02-16T00:00:00"}]}
[resource] ask {"demand":null,"operation":"blend TAB-A","resource":"blender","start":"2026-02-13T05:00:00","end":"2026-02-14T13:00:00"}
[resource] candidate {"demand":null,"start":"2026-02-13T05:00:00","end":"2026-02-14T13:00:00","feasible":false}
[resource] overload {"demand":null,"operation":"blend TAB-A","loadPlanIndex":49,"overloadIndex":45,"events":[{"index":37,"date":"2026-02-08T23:00:00","type":1,"quantity":-1,"onhand":0,"maximum":2,"operation":"blend TAB-B"},{"index":38,"date":"2026-02-11T04:00:00","type":1,"quantity":1,"onhand":1,"maximum":2,"operation":"blend CAP-C"},{"index":39,"date":"2026-02-11T16:00:00","type":5,"quantity":0,"onhand":1,"maximum":2,"operation":"blend CAP-C"},{"index":40,"date":"2026-02-12T03:00:00","type":1,"quantity":1,"onhand":2,"maximum":2,"operation":"blend TAB-B"},{"index":41,"date":"2026-02-12T10:00:00","type":5,"quantity":0,"onhand":2,"maximum":2,"operation":"blend TAB-A"},{"index":42,"date":"2026-02-12T10:00:00","type":1,"quantity":1,"onhand":3,"maximum":2,"operation":"blend TAB-A"},{"index":43,"date":"2026-02-12T10:00:00","type":1,"quantity":-1,"onhand":2,"maximum":2,"operation":"blend CAP-C"},{"index":44,"date":"2026-02-12T11:00:00","type":5,"quantity":0,"onhand":2,"maximum":2,"operation":"blend TAB-B"},{"index":45,"date":"2026-02-13T05:00:00","type":1,"quantity":1,"onhand":3,"maximum":2,"operation":"blend TAB-A"},{"index":46,"date":"2026-02-13T06:00:00","type":1,"quantity":-1,"onhand":2,"maximum":2,"operation":"blend TAB-A"},{"index":47,"date":"2026-02-13T11:00:00","type":1,"quantity":-1,"onhand":1,"maximum":2,"operation":"blend TAB-B"},{"index":48,"date":"2026-02-13T17:00:00","type":5,"quantity":0,"onhand":1,"maximum":2,"operation":"blend TAB-A"},{"index":49,"date":"2026-02-14T13:00:00","type":1,"quantity":-1,"onhand":0,"maximum":2,"operation":"blend TAB-A"}]}
[resource] candidate {"demand":null,"iteration":1,"boundary":"2026-02-13T05:00:00","start":"2026-02-12T09:00:00","end":"2026-02-13T05:00:00","feasible":false}
[resource] overload {"demand":null,"operation":"blend TAB-A","loadPlanIndex":47,"overloadIndex":45,"events":[{"index":37,"date":"2026-02-08T23:00:00","type":1,"quantity":-1,"onhand":0,"maximum":2,"operation":"blend TAB-B"},{"index":38,"date":"2026-02-11T04:00:00","type":1,"quantity":1,"onhand":1,"maximum":2,"operation":"blend CAP-C"},{"index":39,"date":"2026-02-11T16:00:00","type":5,"quantity":0,"onhand":1,"maximum":2,"operation":"blend CAP-C"},{"index":40,"date":"2026-02-12T03:00:00","type":1,"quantity":1,"onhand":2,"maximum":2,"operation":"blend TAB-B"},{"index":41,"date":"2026-02-12T09:00:00","type":5,"quantity":0,"onhand":2,"maximum":2,"operation":"blend TAB-A"},{"index":42,"date":"2026-02-12T09:00:00","type":1,"quantity":1,"onhand":3,"maximum":2,"operation":"blend TAB-A"},{"index":43,"date":"2026-02-12T10:00:00","type":5,"quantity":0,"onhand":3,"maximum":2,"operation":"blend TAB-A"},{"index":44,"date":"2026-02-12T10:00:00","type":1,"quantity":1,"onhand":4,"maximum":2,"operation":"blend TAB-A"},{"index":45,"date":"2026-02-12T10:00:00","type":1,"quantity":-1,"onhand":3,"maximum":2,"operation":"blend CAP-C"},{"index":46,"date":"2026-02-12T11:00:00","type":5,"quantity":0,"onhand":3,"maximum":2,"operation":"blend TAB-B"},{"index":47,"date":"2026-02-13T05:00:00","type":1,"quantity":-1,"onhand":2,"maximum":2,"operation":"blend TAB-A"},{"index":48,"date":"2026-02-13T06:00:00","type":1,"quantity":-1,"onhand":1,"maximum":2,"operation":"blend TAB-A"},{"index":49,"date":"2026-02-13T11:00:00","type":1,"quantity":-1,"onhand":0,"maximum":2,"operation":"blend TAB-B"}]}
[resource] candidate {"demand":null,"iteration":2,"boundary":"2026-02-12T09:00:00","start":"2026-02-11T01:00:00","end":"2026-02-12T09:00:00","feasible":false}
[resource] overload {"demand":null,"operation":"blend TAB-A","loadPlanIndex":43,"overloadIndex":42,"events":[{"index":34,"date":"2026-02-07T22:00:00","type":1,"quantity":-1,"onhand":2,"maximum":2,"operation":"blend CAP-C"},{"index":35,"date":"2026-02-07T23:00:00","type":5,"quantity":0,"onhand":2,"maximum":2,"operation":"blend TAB-B"},{"index":36,"date":"2026-02-08T18:00:00","type":1,"quantity":-1,"onhand":1,"maximum":2,"operation":"blend TAB-A"},{"index":37,"date":"2026-02-08T23:00:00","type":1,"quantity":-1,"onhand":0,"maximum":2,"operation":"blend TAB-B"},{"index":38,"date":"2026-02-11T01:00:00","type":1,"quantity":1,"onhand":1,"maximum":2,"operation":"blend TAB-A"},{"index":39,"date":"2026-02-11T13:00:00","type":5,"quantity":0,"onhand":1,"maximum":2,"operation":"blend TAB-A"},{"index":40,"date":"2026-02-11T16:00:00","type":5,"quantity":0,"onhand":1,"maximum":2,"operation":"blend CAP-C"},{"index":41,"date":"2026-02-11T16:00:00","type":1,"quantity":1,"onhand":2,"maximum":2,"operation":"blend CAP-C"},{"index":42,"date":"2026-02-12T03:00:00","type":1,"quantity":1,"onhand":3,"maximum":2,"operation":"blend TAB-B"},{"index":43,"date":"2026-02-12T09:00:00","type":1,"quantity":-1,"onhand":2,"maximum":2,"operation":"blend TAB-A"},{"index":44,"date":"2026-02-12T10:00:00","type":5,"quantity":0,"onhand":2,"maximum":2,"operation":"blend TAB-A"},{"index":45,"date":"2026-02-12T10:00:00","type":1,"quantity":1,"onhand":3,"maximum":2,"operation":"blend TAB-A"}]}
[resource] candidate {"demand":null,"iteration":3,"boundary":"2026-02-12T03:00:00","start":"2026-02-10T19:00:00","end":"2026-02-12T03:00:00","feasible":false}
[resource] candidate {"demand":null,"iteration":4,"boundary":"2026-02-10T19:00:00","start":"2026-02-10T19:00:00","end":"2026-02-12T03:00:00","feasible":true}
[buffer] ask {"demand":null,"buffer":"active A","requested":2,"date":"2026-02-11T07:00:00","onhand":67}
[buffer] answer {"demand":null,"buffer":"active A","requested":2,"remainingShortage":0,"quantity":2,"date":"2026-02-11T07:00:00","plan":null}
[buffer] ask {"demand":null,"buffer":"excipient","requested":4,"date":"2026-02-11T07:00:00","onhand":336}
[buffer] answer {"demand":null,"buffer":"excipient","requested":4,"remainingShortage":0,"quantity":4,"date":"2026-02-11T07:00:00","plan":null}
[operation] answer {"demand":null,"operation":"blend TAB-A","quantity":2,"start":"2026-02-10T19:00:00","end":"2026-02-12T03:00:00"}
[operation] routing-answer {"demand":null,"operation":"batch TAB-A","quantity":2,"start":"2026-02-10T19:00:00","end":"2026-02-16T00:00:00"}
[buffer] replenish {"buffer":"tablet A","iteration":0,"requested":2,"replenished":2,"producerDate":"2026-02-16T00:00:00","eventCountBefore":15,"eventCountAfter":16,"remaining":0}
[buffer] answer {"demand":null,"buffer":"tablet A","requested":2,"remainingShortage":0,"quantity":2,"date":"2026-02-16T00:00:00","plan":"OperationPlan"}
[operation] answer {"demand":"medicine demand 031 TAB-A","operation":"release TAB-A","quantity":2,"start":"2026-02-16T00:00:00","end":"2026-02-16T06:00:00"}
[demand] reply {"demand":"medicine demand 031 TAB-A","attempt":1,"result":true,"quantity":2,"date":"2026-02-16T06:00:00"}
[demand] attempt {"demand":"medicine demand 005 TAB-B","attempt":1,"quantity":6,"requestDate":"2026-02-03T06:00:00","lastDate":"2030-12-31T00:00:00"}
[operation] ask {"demand":"medicine demand 005 TAB-B","operation":"release TAB-B","quantity":6,"end":"2026-02-03T06:00:00"}
[feasible] {"operation":"release TAB-B","start":"2026-02-03T00:00:00","end":"2026-02-03T06:00:00","reason":"interval-material"}
[buffer] ask {"demand":null,"buffer":"tablet B","requested":6,"date":"2026-02-03T00:00:00","onhand":3}
[buffer] shortage {"buffer":"tablet B","iteration":0,"date":"2026-02-03T00:00:00","onhand":-6,"shortage":6}
[operation] routing-ask {"demand":null,"operation":"batch TAB-B","quantity":6,"operationPlanQuantity":6,"end":"2026-02-03T00:00:00","steps":["blend TAB-B","form TAB-B","inspect TAB-B"]}
[operation] ask {"demand":null,"operation":"inspect TAB-B","quantity":6,"end":"2026-02-03T00:00:00"}
[resource] ask {"demand":null,"operation":"inspect TAB-B","resource":"qa pharmacist 1","start":"2026-02-02T06:00:00","end":"2026-02-03T00:00:00"}
[resource] candidate {"demand":null,"start":"2026-02-02T06:00:00","end":"2026-02-03T00:00:00","feasible":true}
[resource] ask {"demand":null,"operation":"inspect TAB-B","resource":"qa pharmacist 2","start":"2026-02-02T05:03:09","end":"2026-02-03T00:00:00"}
[resource] candidate {"demand":null,"start":"2026-02-02T05:03:09","end":"2026-02-03T00:00:00","feasible":true}
[resource] ask {"demand":null,"operation":"inspect TAB-B","resource":"qa pharmacist 1","start":"2026-02-02T06:00:00","end":"2026-02-03T00:00:00"}
[resource] candidate {"demand":null,"start":"2026-02-02T06:00:00","end":"2026-02-03T00:00:00","feasible":true}
[operation] answer {"demand":null,"operation":"inspect TAB-B","quantity":6,"start":"2026-02-02T06:00:00","end":"2026-02-03T00:00:00"}
[operation] ask {"demand":null,"operation":"form TAB-B","quantity":6,"end":"2026-02-02T06:00:00"}
[resource] ask {"demand":null,"operation":"form TAB-B","resource":"forming line A","start":"2026-02-01T11:00:00","end":"2026-02-02T06:00:00"}
[resource] candidate {"demand":null,"start":"2026-02-01T11:00:00","end":"2026-02-02T06:00:00","feasible":true}
[buffer] ask {"demand":null,"buffer":"primary packaging","requested":6,"date":"2026-02-01T16:00:00","onhand":266}
[buffer] answer {"demand":null,"buffer":"primary packaging","requested":6,"remainingShortage":0,"quantity":6,"date":"2026-02-01T16:00:00","plan":null}
[operation] answer {"demand":null,"operation":"form TAB-B","quantity":6,"start":"2026-02-01T11:00:00","end":"2026-02-02T06:00:00"}
[operation] ask {"demand":null,"operation":"blend TAB-B","quantity":6,"end":"2026-02-01T11:00:00"}
[resource] ask {"demand":null,"operation":"blend TAB-B","resource":"blender","start":"2026-01-31T03:00:00","end":"2026-02-01T11:00:00"}
[resource] candidate {"demand":null,"start":"2026-01-31T03:00:00","end":"2026-02-01T11:00:00","feasible":true}
[buffer] ask {"demand":null,"buffer":"active B","requested":6,"date":"2026-01-31T11:00:00","onhand":72}
[buffer] answer {"demand":null,"buffer":"active B","requested":6,"remainingShortage":0,"quantity":6,"date":"2026-01-31T11:00:00","plan":null}
[buffer] ask {"demand":null,"buffer":"excipient","requested":12,"date":"2026-01-31T11:00:00","onhand":392}
[buffer] answer {"demand":null,"buffer":"excipient","requested":12,"remainingShortage":0,"quantity":12,"date":"2026-01-31T11:00:00","plan":null}
[operation] answer {"demand":null,"operation":"blend TAB-B","quantity":6,"start":"2026-01-31T03:00:00","end":"2026-02-01T11:00:00"}
[operation] routing-answer {"demand":null,"operation":"batch TAB-B","quantity":6,"start":"2026-01-31T03:00:00","end":"2026-02-03T00:00:00"}
[buffer] replenish {"buffer":"tablet B","iteration":0,"requested":6,"replenished":6,"producerDate":"2026-02-03T00:00:00","eventCountBefore":9,"eventCountAfter":10,"remaining":0}
[buffer] answer {"demand":null,"buffer":"tablet B","requested":6,"remainingShortage":0,"quantity":6,"date":"2026-02-03T00:00:00","plan":"OperationPlan"}
[operation] answer {"demand":"medicine demand 005 TAB-B","operation":"release TAB-B","quantity":6,"start":"2026-02-03T00:00:00","end":"2026-02-03T06:00:00"}
[demand] reply {"demand":"medicine demand 005 TAB-B","attempt":1,"result":true,"quantity":6,"date":"2026-02-03T06:00:00"}
[demand] attempt {"demand":"medicine demand 014 TAB-B","attempt":1,"quantity":3,"requestDate":"2026-02-07T18:00:00","lastDate":"2030-12-31T00:00:00"}
[operation] ask {"demand":"medicine demand 014 TAB-B","operation":"release TAB-B","quantity":3,"end":"2026-02-07T18:00:00"}
[feasible] {"operation":"release TAB-B","start":"2026-02-07T12:00:00","end":"2026-02-07T18:00:00","reason":"interval-material"}
[buffer] ask {"demand":null,"buffer":"tablet B","requested":3,"date":"2026-02-07T12:00:00","onhand":6}
[buffer] shortage {"buffer":"tablet B","iteration":0,"date":"2026-02-07T12:00:00","onhand":-3,"shortage":3}
[operation] routing-ask {"demand":null,"operation":"batch TAB-B","quantity":3,"operationPlanQuantity":3,"end":"2026-02-07T12:00:00","steps":["blend TAB-B","form TAB-B","inspect TAB-B"]}
[operation] ask {"demand":null,"operation":"inspect TAB-B","quantity":3,"end":"2026-02-07T12:00:00"}
[resource] ask {"demand":null,"operation":"inspect TAB-B","resource":"qa pharmacist 1","start":"2026-02-06T18:00:00","end":"2026-02-07T12:00:00"}
[resource] candidate {"demand":null,"start":"2026-02-06T18:00:00","end":"2026-02-07T12:00:00","feasible":true}
[resource] ask {"demand":null,"operation":"inspect TAB-B","resource":"qa pharmacist 2","start":"2026-02-06T17:03:09","end":"2026-02-07T12:00:00"}
[resource] candidate {"demand":null,"start":"2026-02-06T17:03:09","end":"2026-02-07T12:00:00","feasible":true}
[resource] ask {"demand":null,"operation":"inspect TAB-B","resource":"qa pharmacist 1","start":"2026-02-06T18:00:00","end":"2026-02-07T12:00:00"}
[resource] candidate {"demand":null,"start":"2026-02-06T18:00:00","end":"2026-02-07T12:00:00","feasible":true}
[operation] answer {"demand":null,"operation":"inspect TAB-B","quantity":3,"start":"2026-02-06T18:00:00","end":"2026-02-07T12:00:00"}
[operation] ask {"demand":null,"operation":"form TAB-B","quantity":3,"end":"2026-02-06T18:00:00"}
[resource] ask {"demand":null,"operation":"form TAB-B","resource":"forming line A","start":"2026-02-05T23:00:00","end":"2026-02-06T18:00:00"}
[resource] candidate {"demand":null,"start":"2026-02-05T23:00:00","end":"2026-02-06T18:00:00","feasible":true}
[buffer] ask {"demand":null,"buffer":"primary packaging","requested":3,"date":"2026-02-06T04:00:00","onhand":246}
[buffer] answer {"demand":null,"buffer":"primary packaging","requested":3,"remainingShortage":0,"quantity":3,"date":"2026-02-06T04:00:00","plan":null}
[operation] answer {"demand":null,"operation":"form TAB-B","quantity":3,"start":"2026-02-05T23:00:00","end":"2026-02-06T18:00:00"}
[operation] ask {"demand":null,"operation":"blend TAB-B","quantity":3,"end":"2026-02-05T23:00:00"}
[resource] ask {"demand":null,"operation":"blend TAB-B","resource":"blender","start":"2026-02-04T23:00:00","end":"2026-02-05T23:00:00"}
[resource] candidate {"demand":null,"start":"2026-02-04T23:00:00","end":"2026-02-05T23:00:00","feasible":true}
[buffer] ask {"demand":null,"buffer":"active B","requested":3,"date":"2026-02-04T23:00:00","onhand":60}
[buffer] answer {"demand":null,"buffer":"active B","requested":3,"remainingShortage":0,"quantity":3,"date":"2026-02-04T23:00:00","plan":null}
[buffer] ask {"demand":null,"buffer":"excipient","requested":6,"date":"2026-02-04T23:00:00","onhand":352}
[buffer] answer {"demand":null,"buffer":"excipient","requested":6,"remainingShortage":0,"quantity":6,"date":"2026-02-04T23:00:00","plan":null}
[operation] answer {"demand":null,"operation":"blend TAB-B","quantity":3,"start":"2026-02-04T23:00:00","end":"2026-02-05T23:00:00"}
[operation] routing-answer {"demand":null,"operation":"batch TAB-B","quantity":3,"start":"2026-02-04T23:00:00","end":"2026-02-07T12:00:00"}
[buffer] replenish {"buffer":"tablet B","iteration":0,"requested":3,"replenished":3,"producerDate":"2026-02-07T12:00:00","eventCountBefore":11,"eventCountAfter":12,"remaining":0}
[buffer] answer {"demand":null,"buffer":"tablet B","requested":3,"remainingShortage":0,"quantity":3,"date":"2026-02-07T12:00:00","plan":"OperationPlan"}
[operation] answer {"demand":"medicine demand 014 TAB-B","operation":"release TAB-B","quantity":3,"start":"2026-02-07T12:00:00","end":"2026-02-07T18:00:00"}
[demand] reply {"demand":"medicine demand 014 TAB-B","attempt":1,"result":true,"quantity":3,"date":"2026-02-07T18:00:00"}
[demand] attempt {"demand":"medicine demand 023 TAB-B","attempt":1,"quantity":6,"requestDate":"2026-02-12T06:00:00","lastDate":"2030-12-31T00:00:00"}
[operation] ask {"demand":"medicine demand 023 TAB-B","operation":"release TAB-B","quantity":6,"end":"2026-02-12T06:00:00"}
[feasible] {"operation":"release TAB-B","start":"2026-02-12T00:00:00","end":"2026-02-12T06:00:00","reason":"interval-material"}
[buffer] ask {"demand":null,"buffer":"tablet B","requested":6,"date":"2026-02-12T00:00:00","onhand":3}
[buffer] shortage {"buffer":"tablet B","iteration":0,"date":"2026-02-12T00:00:00","onhand":-6,"shortage":6}
[operation] routing-ask {"demand":null,"operation":"batch TAB-B","quantity":6,"operationPlanQuantity":6,"end":"2026-02-12T00:00:00","steps":["blend TAB-B","form TAB-B","inspect TAB-B"]}
[operation] ask {"demand":null,"operation":"inspect TAB-B","quantity":6,"end":"2026-02-12T00:00:00"}
[resource] ask {"demand":null,"operation":"inspect TAB-B","resource":"qa pharmacist 1","start":"2026-02-11T06:00:00","end":"2026-02-12T00:00:00"}
[resource] candidate {"demand":null,"start":"2026-02-11T06:00:00","end":"2026-02-12T00:00:00","feasible":true}
[resource] ask {"demand":null,"operation":"inspect TAB-B","resource":"qa pharmacist 2","start":"2026-02-11T05:03:09","end":"2026-02-12T00:00:00"}
[resource] candidate {"demand":null,"start":"2026-02-11T05:03:09","end":"2026-02-12T00:00:00","feasible":true}
[resource] ask {"demand":null,"operation":"inspect TAB-B","resource":"qa pharmacist 1","start":"2026-02-11T06:00:00","end":"2026-02-12T00:00:00"}
[resource] candidate {"demand":null,"start":"2026-02-11T06:00:00","end":"2026-02-12T00:00:00","feasible":true}
[operation] answer {"demand":null,"operation":"inspect TAB-B","quantity":6,"start":"2026-02-11T06:00:00","end":"2026-02-12T00:00:00"}
[operation] ask {"demand":null,"operation":"form TAB-B","quantity":6,"end":"2026-02-11T06:00:00"}
[resource] ask {"demand":null,"operation":"form TAB-B","resource":"forming line A","start":"2026-02-10T11:00:00","end":"2026-02-11T06:00:00"}
[resource] candidate {"demand":null,"start":"2026-02-10T11:00:00","end":"2026-02-11T06:00:00","feasible":true}
[buffer] ask {"demand":null,"buffer":"primary packaging","requested":6,"date":"2026-02-10T16:00:00","onhand":229}
[buffer] answer {"demand":null,"buffer":"primary packaging","requested":6,"remainingShortage":0,"quantity":6,"date":"2026-02-10T16:00:00","plan":null}
[operation] answer {"demand":null,"operation":"form TAB-B","quantity":6,"start":"2026-02-10T11:00:00","end":"2026-02-11T06:00:00"}
[operation] ask {"demand":null,"operation":"blend TAB-B","quantity":6,"end":"2026-02-10T11:00:00"}
[resource] ask {"demand":null,"operation":"blend TAB-B","resource":"blender","start":"2026-02-09T11:00:00","end":"2026-02-10T11:00:00"}
[resource] candidate {"demand":null,"start":"2026-02-09T11:00:00","end":"2026-02-10T11:00:00","feasible":true}
[buffer] ask {"demand":null,"buffer":"active B","requested":6,"date":"2026-02-09T11:00:00","onhand":54}
[buffer] answer {"demand":null,"buffer":"active B","requested":6,"remainingShortage":0,"quantity":6,"date":"2026-02-09T11:00:00","plan":null}
[buffer] ask {"demand":null,"buffer":"excipient","requested":12,"date":"2026-02-09T11:00:00","onhand":318}
[buffer] answer {"demand":null,"buffer":"excipient","requested":12,"remainingShortage":0,"quantity":12,"date":"2026-02-09T11:00:00","plan":null}
[operation] answer {"demand":null,"operation":"blend TAB-B","quantity":6,"start":"2026-02-09T11:00:00","end":"2026-02-10T11:00:00"}
[operation] routing-answer {"demand":null,"operation":"batch TAB-B","quantity":6,"start":"2026-02-09T11:00:00","end":"2026-02-12T00:00:00"}
[buffer] replenish {"buffer":"tablet B","iteration":0,"requested":6,"replenished":6,"producerDate":"2026-02-12T00:00:00","eventCountBefore":13,"eventCountAfter":14,"remaining":0}
[buffer] answer {"demand":null,"buffer":"tablet B","requested":6,"remainingShortage":0,"quantity":6,"date":"2026-02-12T00:00:00","plan":"OperationPlan"}
[operation] answer {"demand":"medicine demand 023 TAB-B","operation":"release TAB-B","quantity":6,"start":"2026-02-12T00:00:00","end":"2026-02-12T06:00:00"}
[demand] reply {"demand":"medicine demand 023 TAB-B","attempt":1,"result":true,"quantity":6,"date":"2026-02-12T06:00:00"}
[demand] attempt {"demand":"medicine demand 032 TAB-B","attempt":1,"quantity":3,"requestDate":"2026-02-16T18:00:00","lastDate":"2030-12-31T00:00:00"}
[operation] ask {"demand":"medicine demand 032 TAB-B","operation":"release TAB-B","quantity":3,"end":"2026-02-16T18:00:00"}
[feasible] {"operation":"release TAB-B","start":"2026-02-16T12:00:00","end":"2026-02-16T18:00:00","reason":"final-material"}
[buffer] ask {"demand":null,"buffer":"tablet B","requested":3,"date":"2026-02-16T12:00:00","onhand":6}
[buffer] shortage {"buffer":"tablet B","iteration":0,"date":"2026-02-16T12:00:00","onhand":-3,"shortage":3}
[operation] routing-ask {"demand":null,"operation":"batch TAB-B","quantity":3,"operationPlanQuantity":3,"end":"2026-02-16T12:00:00","steps":["blend TAB-B","form TAB-B","inspect TAB-B"]}
[operation] ask {"demand":null,"operation":"inspect TAB-B","quantity":3,"end":"2026-02-16T12:00:00"}
[resource] ask {"demand":null,"operation":"inspect TAB-B","resource":"qa pharmacist 1","start":"2026-02-15T18:00:00","end":"2026-02-16T12:00:00"}
[resource] candidate {"demand":null,"start":"2026-02-15T18:00:00","end":"2026-02-16T12:00:00","feasible":true}
[resource] ask {"demand":null,"operation":"inspect TAB-B","resource":"qa pharmacist 2","start":"2026-02-15T17:03:09","end":"2026-02-16T12:00:00"}
[resource] candidate {"demand":null,"start":"2026-02-15T17:03:09","end":"2026-02-16T12:00:00","feasible":true}
[resource] ask {"demand":null,"operation":"inspect TAB-B","resource":"qa pharmacist 1","start":"2026-02-15T18:00:00","end":"2026-02-16T12:00:00"}
[resource] candidate {"demand":null,"start":"2026-02-15T18:00:00","end":"2026-02-16T12:00:00","feasible":true}
[operation] answer {"demand":null,"operation":"inspect TAB-B","quantity":3,"start":"2026-02-15T18:00:00","end":"2026-02-16T12:00:00"}
[operation] ask {"demand":null,"operation":"form TAB-B","quantity":3,"end":"2026-02-15T18:00:00"}
[resource] ask {"demand":null,"operation":"form TAB-B","resource":"forming line A","start":"2026-02-14T23:00:00","end":"2026-02-15T18:00:00"}
[resource] candidate {"demand":null,"start":"2026-02-14T23:00:00","end":"2026-02-15T18:00:00","feasible":true}
[buffer] ask {"demand":null,"buffer":"primary packaging","requested":3,"date":"2026-02-15T04:00:00","onhand":209}
[buffer] answer {"demand":null,"buffer":"primary packaging","requested":3,"remainingShortage":0,"quantity":3,"date":"2026-02-15T04:00:00","plan":null}
[operation] answer {"demand":null,"operation":"form TAB-B","quantity":3,"start":"2026-02-14T23:00:00","end":"2026-02-15T18:00:00"}
[operation] ask {"demand":null,"operation":"blend TAB-B","quantity":3,"end":"2026-02-14T23:00:00"}
[resource] ask {"demand":null,"operation":"blend TAB-B","resource":"blender","start":"2026-02-13T23:00:00","end":"2026-02-14T23:00:00"}
[resource] candidate {"demand":null,"start":"2026-02-13T23:00:00","end":"2026-02-14T23:00:00","feasible":true}
[buffer] ask {"demand":null,"buffer":"active B","requested":3,"date":"2026-02-13T23:00:00","onhand":42}
[buffer] answer {"demand":null,"buffer":"active B","requested":3,"remainingShortage":0,"quantity":3,"date":"2026-02-13T23:00:00","plan":null}
[buffer] ask {"demand":null,"buffer":"excipient","requested":6,"date":"2026-02-13T23:00:00","onhand":278}
[buffer] answer {"demand":null,"buffer":"excipient","requested":6,"remainingShortage":0,"quantity":6,"date":"2026-02-13T23:00:00","plan":null}
[operation] answer {"demand":null,"operation":"blend TAB-B","quantity":3,"start":"2026-02-13T23:00:00","end":"2026-02-14T23:00:00"}
[operation] routing-answer {"demand":null,"operation":"batch TAB-B","quantity":3,"start":"2026-02-13T23:00:00","end":"2026-02-16T12:00:00"}
[buffer] replenish {"buffer":"tablet B","iteration":0,"requested":3,"replenished":3,"producerDate":"2026-02-16T12:00:00","eventCountBefore":15,"eventCountAfter":16,"remaining":0}
[buffer] answer {"demand":null,"buffer":"tablet B","requested":3,"remainingShortage":0,"quantity":3,"date":"2026-02-16T12:00:00","plan":"OperationPlan"}
[operation] answer {"demand":"medicine demand 032 TAB-B","operation":"release TAB-B","quantity":3,"start":"2026-02-16T12:00:00","end":"2026-02-16T18:00:00"}
[demand] reply {"demand":"medicine demand 032 TAB-B","attempt":1,"result":true,"quantity":3,"date":"2026-02-16T18:00:00"}
[demand] attempt {"demand":"medicine demand 006 CAP-C","attempt":1,"quantity":2,"requestDate":"2026-02-03T18:00:00","lastDate":"2030-12-31T00:00:00"}
[operation] ask {"demand":"medicine demand 006 CAP-C","operation":"release CAP-C","quantity":2,"end":"2026-02-03T18:00:00"}
[feasible] {"operation":"release CAP-C","start":"2026-02-03T12:00:00","end":"2026-02-03T18:00:00","reason":"interval-material"}
[buffer] ask {"demand":null,"buffer":"capsule C","requested":2,"date":"2026-02-03T12:00:00","onhand":5}
[buffer] shortage {"buffer":"capsule C","iteration":0,"date":"2026-02-03T12:00:00","onhand":-2,"shortage":2}
[operation] routing-ask {"demand":null,"operation":"batch CAP-C","quantity":2,"operationPlanQuantity":2,"end":"2026-02-03T12:00:00","steps":["blend CAP-C","form CAP-C","inspect CAP-C"]}
[operation] ask {"demand":null,"operation":"inspect CAP-C","quantity":2,"end":"2026-02-03T12:00:00"}
[resource] ask {"demand":null,"operation":"inspect CAP-C","resource":"qa pharmacist 1","start":"2026-02-02T18:00:00","end":"2026-02-03T12:00:00"}
[resource] candidate {"demand":null,"start":"2026-02-02T18:00:00","end":"2026-02-03T12:00:00","feasible":true}
[resource] ask {"demand":null,"operation":"inspect CAP-C","resource":"qa pharmacist 2","start":"2026-02-02T17:03:09","end":"2026-02-03T12:00:00"}
[resource] candidate {"demand":null,"start":"2026-02-02T17:03:09","end":"2026-02-03T12:00:00","feasible":true}
[resource] ask {"demand":null,"operation":"inspect CAP-C","resource":"qa pharmacist 1","start":"2026-02-02T18:00:00","end":"2026-02-03T12:00:00"}
[resource] candidate {"demand":null,"start":"2026-02-02T18:00:00","end":"2026-02-03T12:00:00","feasible":true}
[operation] answer {"demand":null,"operation":"inspect CAP-C","quantity":2,"start":"2026-02-02T18:00:00","end":"2026-02-03T12:00:00"}
[operation] ask {"demand":null,"operation":"form CAP-C","quantity":2,"end":"2026-02-02T18:00:00"}
[resource] ask {"demand":null,"operation":"form CAP-C","resource":"forming line A","start":"2026-02-01T21:00:00","end":"2026-02-02T18:00:00"}
[resource] candidate {"demand":null,"start":"2026-02-01T21:00:00","end":"2026-02-02T18:00:00","feasible":true}
[buffer] ask {"demand":null,"buffer":"primary packaging","requested":2,"date":"2026-02-02T02:00:00","onhand":260}
[buffer] answer {"demand":null,"buffer":"primary packaging","requested":2,"remainingShortage":0,"quantity":2,"date":"2026-02-02T02:00:00","plan":null}
[operation] answer {"demand":null,"operation":"form CAP-C","quantity":2,"start":"2026-02-01T21:00:00","end":"2026-02-02T18:00:00"}
[operation] ask {"demand":null,"operation":"blend CAP-C","quantity":2,"end":"2026-02-01T21:00:00"}
[feasible] {"operation":"blend CAP-C","start":"2026-01-31T15:00:00","end":"2026-02-01T21:00:00","reason":"capacity","siblings":[{"operation":"blend CAP-C","start":"2026-01-31T15:00:00","end":"2026-02-01T21:00:00"},{"operation":"form CAP-C","start":"2026-02-01T21:00:00","end":"2026-02-02T18:00:00"},{"operation":"inspect CAP-C","start":"2026-02-02T18:00:00","end":"2026-02-03T12:00:00"}]}
[resource] ask {"demand":null,"operation":"blend CAP-C","resource":"blender","start":"2026-01-31T15:00:00","end":"2026-02-01T21:00:00"}
[resource] candidate {"demand":null,"start":"2026-01-31T15:00:00","end":"2026-02-01T21:00:00","feasible":false}
[resource] overload {"demand":null,"operation":"blend CAP-C","loadPlanIndex":19,"overloadIndex":15,"events":[{"index":7,"date":"2026-01-29T20:00:00","type":1,"quantity":-1,"onhand":2,"maximum":2,"operation":"blend CAP-C"},{"index":8,"date":"2026-01-29T23:00:00","type":5,"quantity":0,"onhand":2,"maximum":2,"operation":"blend TAB-B"},{"index":9,"date":"2026-01-30T16:00:00","type":1,"quantity":-1,"onhand":1,"maximum":2,"operation":"blend TAB-A"},{"index":10,"date":"2026-01-30T17:00:00","type":1,"quantity":1,"onhand":2,"maximum":2,"operation":"blend TAB-A"},{"index":11,"date":"2026-01-30T23:00:00","type":1,"quantity":-1,"onhand":1,"maximum":2,"operation":"blend TAB-B"},{"index":12,"date":"2026-01-31T03:00:00","type":1,"quantity":1,"onhand":2,"maximum":2,"operation":"blend TAB-B"},{"index":13,"date":"2026-01-31T05:00:00","type":5,"quantity":0,"onhand":2,"maximum":2,"operation":"blend TAB-A"},{"index":14,"date":"2026-01-31T11:00:00","type":5,"quantity":0,"onhand":2,"maximum":2,"operation":"blend TAB-B"},{"index":15,"date":"2026-01-31T15:00:00","type":1,"quantity":1,"onhand":3,"maximum":2,"operation":"blend CAP-C"},{"index":16,"date":"2026-02-01T01:00:00","type":1,"quantity":-1,"onhand":2,"maximum":2,"operation":"blend TAB-A"},{"index":17,"date":"2026-02-01T03:00:00","type":5,"quantity":0,"onhand":2,"maximum":2,"operation":"blend CAP-C"},{"index":18,"date":"2026-02-01T11:00:00","type":1,"quantity":-1,"onhand":1,"maximum":2,"operation":"blend TAB-B"},{"index":19,"date":"2026-02-01T21:00:00","type":1,"quantity":-1,"onhand":0,"maximum":2,"operation":"blend CAP-C"},{"index":20,"date":"2026-02-02T07:00:00","type":5,"quantity":0,"onhand":0,"maximum":2,"operation":"blend TAB-A"},{"index":21,"date":"2026-02-02T07:00:00","type":1,"quantity":1,"onhand":1,"maximum":2,"operation":"blend TAB-A"}]}
[resource] candidate {"demand":null,"iteration":1,"boundary":"2026-01-31T15:00:00","start":"2026-01-30T09:00:00","end":"2026-01-31T15:00:00","feasible":false}
[resource] overload {"demand":null,"operation":"blend CAP-C","loadPlanIndex":17,"overloadIndex":15,"events":[{"index":7,"date":"2026-01-29T20:00:00","type":1,"quantity":-1,"onhand":2,"maximum":2,"operation":"blend CAP-C"},{"index":8,"date":"2026-01-29T23:00:00","type":5,"quantity":0,"onhand":2,"maximum":2,"operation":"blend TAB-B"},{"index":9,"date":"2026-01-30T09:00:00","type":1,"quantity":1,"onhand":3,"maximum":2,"operation":"blend CAP-C"},{"index":10,"date":"2026-01-30T16:00:00","type":1,"quantity":-1,"onhand":2,"maximum":2,"operation":"blend TAB-A"},{"index":11,"date":"2026-01-30T21:00:00","type":5,"quantity":0,"onhand":2,"maximum":2,"operation":"blend CAP-C"},{"index":12,"date":"2026-01-30T23:00:00","type":1,"quantity":-1,"onhand":1,"maximum":2,"operation":"blend TAB-B"},{"index":13,"date":"2026-01-31T03:00:00","type":1,"quantity":1,"onhand":2,"maximum":2,"operation":"blend TAB-B"},{"index":14,"date":"2026-01-31T05:00:00","type":5,"quantity":0,"onhand":2,"maximum":2,"operation":"blend TAB-A"},{"index":15,"date":"2026-01-31T05:00:00","type":1,"quantity":1,"onhand":3,"maximum":2,"operation":"blend TAB-A"},{"index":16,"date":"2026-01-31T11:00:00","type":5,"quantity":0,"onhand":3,"maximum":2,"operation":"blend TAB-B"},{"index":17,"date":"2026-01-31T15:00:00","type":1,"quantity":-1,"onhand":2,"maximum":2,"operation":"blend CAP-C"},{"index":18,"date":"2026-02-01T01:00:00","type":1,"quantity":-1,"onhand":1,"maximum":2,"operation":"blend TAB-A"},{"index":19,"date":"2026-02-01T11:00:00","type":1,"quantity":-1,"onhand":0,"maximum":2,"operation":"blend TAB-B"}]}
[resource] candidate {"demand":null,"iteration":2,"boundary":"2026-01-31T05:00:00","start":"2026-01-29T23:00:00","end":"2026-01-31T05:00:00","feasible":false}
[resource] overload {"demand":null,"operation":"blend CAP-C","loadPlanIndex":16,"overloadIndex":9,"events":[{"index":1,"date":"1971-01-01T00:00:00","type":4,"quantity":0,"onhand":2,"maximum":2,"operation":""},{"index":2,"date":"2026-01-28T23:00:00","type":1,"quantity":1,"onhand":1,"maximum":2,"operation":"blend CAP-C"},{"index":3,"date":"2026-01-29T02:00:00","type":5,"quantity":0,"onhand":1,"maximum":2,"operation":"blend CAP-C"},{"index":4,"date":"2026-01-29T15:00:00","type":1,"quantity":1,"onhand":2,"maximum":2,"operation":"blend TAB-B"},{"index":5,"date":"2026-01-29T20:00:00","type":5,"quantity":0,"onhand":2,"maximum":2,"operation":"blend TAB-A"},{"index":6,"date":"2026-01-29T20:00:00","type":1,"quantity":1,"onhand":3,"maximum":2,"operation":"blend TAB-A"},{"index":7,"date":"2026-01-29T20:00:00","type":1,"quantity":-1,"onhand":2,"maximum":2,"operation":"blend CAP-C"},{"index":8,"date":"2026-01-29T23:00:00","type":5,"quantity":0,"onhand":2,"maximum":2,"operation":"blend TAB-B"},{"index":9,"date":"2026-01-29T23:00:00","type":1,"quantity":1,"onhand":3,"maximum":2,"operation":"blend CAP-C"},{"index":10,"date":"2026-01-30T11:00:00","type":5,"quantity":0,"onhand":3,"maximum":2,"operation":"blend CAP-C"},{"index":11,"date":"2026-01-30T16:00:00","type":1,"quantity":-1,"onhand":2,"maximum":2,"operation":"blend TAB-A"},{"index":12,"date":"2026-01-30T23:00:00","type":1,"quantity":-1,"onhand":1,"maximum":2,"operation":"blend TAB-B"},{"index":13,"date":"2026-01-31T03:00:00","type":1,"quantity":1,"onhand":2,"maximum":2,"operation":"blend TAB-B"},{"index":14,"date":"2026-01-31T05:00:00","type":5,"quantity":0,"onhand":2,"maximum":2,"operation":"blend TAB-A"},{"index":15,"date":"2026-01-31T05:00:00","type":1,"quantity":1,"onhand":3,"maximum":2,"operation":"blend TAB-A"},{"index":16,"date":"2026-01-31T05:00:00","type":1,"quantity":-1,"onhand":2,"maximum":2,"operation":"blend CAP-C"},{"index":17,"date":"2026-01-31T11:00:00","type":5,"quantity":0,"onhand":2,"maximum":2,"operation":"blend TAB-B"},{"index":18,"date":"2026-02-01T01:00:00","type":1,"quantity":-1,"onhand":1,"maximum":2,"operation":"blend TAB-A"}]}
[resource] candidate {"demand":null,"iteration":3,"boundary":"2026-01-29T23:00:00","start":"2026-01-29T05:00:00","end":"2026-01-29T23:00:00","feasible":false}
[resource] overload {"demand":null,"operation":"blend CAP-C","loadPlanIndex":11,"overloadIndex":9,"events":[{"index":1,"date":"1971-01-01T00:00:00","type":4,"quantity":0,"onhand":2,"maximum":2,"operation":""},{"index":2,"date":"2026-01-28T23:00:00","type":1,"quantity":1,"onhand":1,"maximum":2,"operation":"blend CAP-C"},{"index":3,"date":"2026-01-29T02:00:00","type":5,"quantity":0,"onhand":1,"maximum":2,"operation":"blend CAP-C"},{"index":4,"date":"2026-01-29T05:00:00","type":5,"quantity":0,"onhand":1,"maximum":2,"operation":"blend CAP-C"},{"index":5,"date":"2026-01-29T05:00:00","type":1,"quantity":1,"onhand":2,"maximum":2,"operation":"blend CAP-C"},{"index":6,"date":"2026-01-29T15:00:00","type":1,"quantity":1,"onhand":3,"maximum":2,"operation":"blend TAB-B"},{"index":7,"date":"2026-01-29T20:00:00","type":5,"quantity":0,"onhand":3,"maximum":2,"operation":"blend TAB-A"},{"index":8,"date":"2026-01-29T20:00:00","type":1,"quantity":1,"onhand":4,"maximum":2,"operation":"blend TAB-A"},{"index":9,"date":"2026-01-29T20:00:00","type":1,"quantity":-1,"onhand":3,"maximum":2,"operation":"blend CAP-C"},{"index":10,"date":"2026-01-29T23:00:00","type":5,"quantity":0,"onhand":3,"maximum":2,"operation":"blend TAB-B"},{"index":11,"date":"2026-01-29T23:00:00","type":1,"quantity":-1,"onhand":2,"maximum":2,"operation":"blend CAP-C"},{"index":12,"date":"2026-01-30T16:00:00","type":1,"quantity":-1,"onhand":1,"maximum":2,"operation":"blend TAB-A"},{"index":13,"date":"2026-01-30T17:00:00","type":1,"quantity":1,"onhand":2,"maximum":2,"operation":"blend TAB-A"}]}
[resource] candidate {"demand":null,"iteration":4,"boundary":"2026-01-29T15:00:00","start":"2026-01-28T18:00:00","end":"2026-01-29T15:00:00","feasible":false}
[resource] candidate {"demand":null,"iteration":5,"boundary":"2026-01-28T18:00:00","start":"2026-01-28T18:00:00","end":"2026-01-29T15:00:00","feasible":true}
[buffer] ask {"demand":null,"buffer":"active C","requested":2,"date":"2026-01-28T21:00:00","onhand":90}
[buffer] answer {"demand":null,"buffer":"active C","requested":2,"remainingShortage":0,"quantity":2,"date":"2026-01-28T21:00:00","plan":null}
[buffer] ask {"demand":null,"buffer":"excipient","requested":4,"date":"2026-01-28T21:00:00","onhand":420}
[buffer] answer {"demand":null,"buffer":"excipient","requested":4,"remainingShortage":0,"quantity":4,"date":"2026-01-28T21:00:00","plan":null}
[operation] answer {"demand":null,"operation":"blend CAP-C","quantity":2,"start":"2026-01-28T18:00:00","end":"2026-01-29T15:00:00"}
[operation] routing-answer {"demand":null,"operation":"batch CAP-C","quantity":2,"start":"2026-01-28T18:00:00","end":"2026-02-03T12:00:00"}
[buffer] replenish {"buffer":"capsule C","iteration":0,"requested":2,"replenished":2,"producerDate":"2026-02-03T12:00:00","eventCountBefore":9,"eventCountAfter":10,"remaining":0}
[buffer] answer {"demand":null,"buffer":"capsule C","requested":2,"remainingShortage":0,"quantity":2,"date":"2026-02-03T12:00:00","plan":"OperationPlan"}
[operation] answer {"demand":"medicine demand 006 CAP-C","operation":"release CAP-C","quantity":2,"start":"2026-02-03T12:00:00","end":"2026-02-03T18:00:00"}
[demand] reply {"demand":"medicine demand 006 CAP-C","attempt":1,"result":true,"quantity":2,"date":"2026-02-03T18:00:00"}
[demand] attempt {"demand":"medicine demand 015 CAP-C","attempt":1,"quantity":5,"requestDate":"2026-02-08T06:00:00","lastDate":"2030-12-31T00:00:00"}
[operation] ask {"demand":"medicine demand 015 CAP-C","operation":"release CAP-C","quantity":5,"end":"2026-02-08T06:00:00"}
[feasible] {"operation":"release CAP-C","start":"2026-02-08T00:00:00","end":"2026-02-08T06:00:00","reason":"final-material"}
[buffer] ask {"demand":null,"buffer":"capsule C","requested":5,"date":"2026-02-08T00:00:00","onhand":2}
[buffer] shortage {"buffer":"capsule C","iteration":0,"date":"2026-02-08T00:00:00","onhand":-5,"shortage":5}
[operation] routing-ask {"demand":null,"operation":"batch CAP-C","quantity":5,"operationPlanQuantity":5,"end":"2026-02-08T00:00:00","steps":["blend CAP-C","form CAP-C","inspect CAP-C"]}
[operation] ask {"demand":null,"operation":"inspect CAP-C","quantity":5,"end":"2026-02-08T00:00:00"}
[resource] ask {"demand":null,"operation":"inspect CAP-C","resource":"qa pharmacist 1","start":"2026-02-07T06:00:00","end":"2026-02-08T00:00:00"}
[resource] candidate {"demand":null,"start":"2026-02-07T06:00:00","end":"2026-02-08T00:00:00","feasible":true}
[resource] ask {"demand":null,"operation":"inspect CAP-C","resource":"qa pharmacist 2","start":"2026-02-07T05:03:09","end":"2026-02-08T00:00:00"}
[resource] candidate {"demand":null,"start":"2026-02-07T05:03:09","end":"2026-02-08T00:00:00","feasible":true}
[resource] ask {"demand":null,"operation":"inspect CAP-C","resource":"qa pharmacist 1","start":"2026-02-07T06:00:00","end":"2026-02-08T00:00:00"}
[resource] candidate {"demand":null,"start":"2026-02-07T06:00:00","end":"2026-02-08T00:00:00","feasible":true}
[operation] answer {"demand":null,"operation":"inspect CAP-C","quantity":5,"start":"2026-02-07T06:00:00","end":"2026-02-08T00:00:00"}
[operation] ask {"demand":null,"operation":"form CAP-C","quantity":5,"end":"2026-02-07T06:00:00"}
[resource] ask {"demand":null,"operation":"form CAP-C","resource":"forming line A","start":"2026-02-06T09:00:00","end":"2026-02-07T06:00:00"}
[resource] candidate {"demand":null,"start":"2026-02-06T09:00:00","end":"2026-02-07T06:00:00","feasible":true}
[buffer] ask {"demand":null,"buffer":"primary packaging","requested":5,"date":"2026-02-06T14:00:00","onhand":241}
[buffer] answer {"demand":null,"buffer":"primary packaging","requested":5,"remainingShortage":0,"quantity":5,"date":"2026-02-06T14:00:00","plan":null}
[operation] answer {"demand":null,"operation":"form CAP-C","quantity":5,"start":"2026-02-06T09:00:00","end":"2026-02-07T06:00:00"}
[operation] ask {"demand":null,"operation":"blend CAP-C","quantity":5,"end":"2026-02-06T09:00:00"}
[resource] ask {"demand":null,"operation":"blend CAP-C","resource":"blender","start":"2026-02-05T03:00:00","end":"2026-02-06T09:00:00"}
[resource] candidate {"demand":null,"start":"2026-02-05T03:00:00","end":"2026-02-06T09:00:00","feasible":true}
[buffer] ask {"demand":null,"buffer":"active C","requested":5,"date":"2026-02-05T15:00:00","onhand":81}
[buffer] answer {"demand":null,"buffer":"active C","requested":5,"remainingShortage":0,"quantity":5,"date":"2026-02-05T15:00:00","plan":null}
[buffer] ask {"demand":null,"buffer":"excipient","requested":10,"date":"2026-02-05T15:00:00","onhand":342}
[buffer] answer {"demand":null,"buffer":"excipient","requested":10,"remainingShortage":0,"quantity":10,"date":"2026-02-05T15:00:00","plan":null}
[operation] answer {"demand":null,"operation":"blend CAP-C","quantity":5,"start":"2026-02-05T03:00:00","end":"2026-02-06T09:00:00"}
[operation] routing-answer {"demand":null,"operation":"batch CAP-C","quantity":5,"start":"2026-02-05T03:00:00","end":"2026-02-08T00:00:00"}
[buffer] replenish {"buffer":"capsule C","iteration":0,"requested":5,"replenished":5,"producerDate":"2026-02-08T00:00:00","eventCountBefore":11,"eventCountAfter":12,"remaining":0}
[buffer] answer {"demand":null,"buffer":"capsule C","requested":5,"remainingShortage":0,"quantity":5,"date":"2026-02-08T00:00:00","plan":"OperationPlan"}
[operation] answer {"demand":"medicine demand 015 CAP-C","operation":"release CAP-C","quantity":5,"start":"2026-02-08T00:00:00","end":"2026-02-08T06:00:00"}
[demand] reply {"demand":"medicine demand 015 CAP-C","attempt":1,"result":true,"quantity":5,"date":"2026-02-08T06:00:00"}
[demand] attempt {"demand":"medicine demand 024 CAP-C","attempt":1,"quantity":2,"requestDate":"2026-02-12T18:00:00","lastDate":"2030-12-31T00:00:00"}
[operation] ask {"demand":"medicine demand 024 CAP-C","operation":"release CAP-C","quantity":2,"end":"2026-02-12T18:00:00"}
[feasible] {"operation":"release CAP-C","start":"2026-02-12T12:00:00","end":"2026-02-12T18:00:00","reason":"interval-material"}
[buffer] ask {"demand":null,"buffer":"capsule C","requested":2,"date":"2026-02-12T12:00:00","onhand":5}
[buffer] shortage {"buffer":"capsule C","iteration":0,"date":"2026-02-12T12:00:00","onhand":-2,"shortage":2}
[operation] routing-ask {"demand":null,"operation":"batch CAP-C","quantity":2,"operationPlanQuantity":2,"end":"2026-02-12T12:00:00","steps":["blend CAP-C","form CAP-C","inspect CAP-C"]}
[operation] ask {"demand":null,"operation":"inspect CAP-C","quantity":2,"end":"2026-02-12T12:00:00"}
[resource] ask {"demand":null,"operation":"inspect CAP-C","resource":"qa pharmacist 1","start":"2026-02-11T18:00:00","end":"2026-02-12T12:00:00"}
[resource] candidate {"demand":null,"start":"2026-02-11T18:00:00","end":"2026-02-12T12:00:00","feasible":true}
[resource] ask {"demand":null,"operation":"inspect CAP-C","resource":"qa pharmacist 2","start":"2026-02-11T17:03:09","end":"2026-02-12T12:00:00"}
[resource] candidate {"demand":null,"start":"2026-02-11T17:03:09","end":"2026-02-12T12:00:00","feasible":true}
[resource] ask {"demand":null,"operation":"inspect CAP-C","resource":"qa pharmacist 1","start":"2026-02-11T18:00:00","end":"2026-02-12T12:00:00"}
[resource] candidate {"demand":null,"start":"2026-02-11T18:00:00","end":"2026-02-12T12:00:00","feasible":true}
[operation] answer {"demand":null,"operation":"inspect CAP-C","quantity":2,"start":"2026-02-11T18:00:00","end":"2026-02-12T12:00:00"}
[operation] ask {"demand":null,"operation":"form CAP-C","quantity":2,"end":"2026-02-11T18:00:00"}
[resource] ask {"demand":null,"operation":"form CAP-C","resource":"forming line A","start":"2026-02-10T21:00:00","end":"2026-02-11T18:00:00"}
[resource] candidate {"demand":null,"start":"2026-02-10T21:00:00","end":"2026-02-11T18:00:00","feasible":true}
[buffer] ask {"demand":null,"buffer":"primary packaging","requested":2,"date":"2026-02-11T02:00:00","onhand":216}
[buffer] answer {"demand":null,"buffer":"primary packaging","requested":2,"remainingShortage":0,"quantity":2,"date":"2026-02-11T02:00:00","plan":null}
[operation] answer {"demand":null,"operation":"form CAP-C","quantity":2,"start":"2026-02-10T21:00:00","end":"2026-02-11T18:00:00"}
[operation] ask {"demand":null,"operation":"blend CAP-C","quantity":2,"end":"2026-02-10T21:00:00"}
[resource] ask {"demand":null,"operation":"blend CAP-C","resource":"blender","start":"2026-02-09T15:00:00","end":"2026-02-10T21:00:00"}
[resource] candidate {"demand":null,"start":"2026-02-09T15:00:00","end":"2026-02-10T21:00:00","feasible":true}
[buffer] ask {"demand":null,"buffer":"active C","requested":2,"date":"2026-02-10T03:00:00","onhand":71}
[buffer] answer {"demand":null,"buffer":"active C","requested":2,"remainingShortage":0,"quantity":2,"date":"2026-02-10T03:00:00","plan":null}
[buffer] ask {"demand":null,"buffer":"excipient","requested":4,"date":"2026-02-10T03:00:00","onhand":292}
[buffer] answer {"demand":null,"buffer":"excipient","requested":4,"remainingShortage":0,"quantity":4,"date":"2026-02-10T03:00:00","plan":null}
[operation] answer {"demand":null,"operation":"blend CAP-C","quantity":2,"start":"2026-02-09T15:00:00","end":"2026-02-10T21:00:00"}
[operation] routing-answer {"demand":null,"operation":"batch CAP-C","quantity":2,"start":"2026-02-09T15:00:00","end":"2026-02-12T12:00:00"}
[buffer] replenish {"buffer":"capsule C","iteration":0,"requested":2,"replenished":2,"producerDate":"2026-02-12T12:00:00","eventCountBefore":13,"eventCountAfter":14,"remaining":0}
[buffer] answer {"demand":null,"buffer":"capsule C","requested":2,"remainingShortage":0,"quantity":2,"date":"2026-02-12T12:00:00","plan":"OperationPlan"}
[operation] answer {"demand":"medicine demand 024 CAP-C","operation":"release CAP-C","quantity":2,"start":"2026-02-12T12:00:00","end":"2026-02-12T18:00:00"}
[demand] reply {"demand":"medicine demand 024 CAP-C","attempt":1,"result":true,"quantity":2,"date":"2026-02-12T18:00:00"}
[demand] attempt {"demand":"medicine demand 033 CAP-C","attempt":1,"quantity":5,"requestDate":"2026-02-17T06:00:00","lastDate":"2030-12-31T00:00:00"}
[operation] ask {"demand":"medicine demand 033 CAP-C","operation":"release CAP-C","quantity":5,"end":"2026-02-17T06:00:00"}
[feasible] {"operation":"release CAP-C","start":"2026-02-17T00:00:00","end":"2026-02-17T06:00:00","reason":"final-material"}
[buffer] ask {"demand":null,"buffer":"capsule C","requested":5,"date":"2026-02-17T00:00:00","onhand":2}
[buffer] shortage {"buffer":"capsule C","iteration":0,"date":"2026-02-17T00:00:00","onhand":-5,"shortage":5}
[operation] routing-ask {"demand":null,"operation":"batch CAP-C","quantity":5,"operationPlanQuantity":5,"end":"2026-02-17T00:00:00","steps":["blend CAP-C","form CAP-C","inspect CAP-C"]}
[operation] ask {"demand":null,"operation":"inspect CAP-C","quantity":5,"end":"2026-02-17T00:00:00"}
[resource] ask {"demand":null,"operation":"inspect CAP-C","resource":"qa pharmacist 1","start":"2026-02-16T06:00:00","end":"2026-02-17T00:00:00"}
[resource] candidate {"demand":null,"start":"2026-02-16T06:00:00","end":"2026-02-17T00:00:00","feasible":true}
[resource] ask {"demand":null,"operation":"inspect CAP-C","resource":"qa pharmacist 2","start":"2026-02-16T05:03:09","end":"2026-02-17T00:00:00"}
[resource] candidate {"demand":null,"start":"2026-02-16T05:03:09","end":"2026-02-17T00:00:00","feasible":true}
[resource] ask {"demand":null,"operation":"inspect CAP-C","resource":"qa pharmacist 1","start":"2026-02-16T06:00:00","end":"2026-02-17T00:00:00"}
[resource] candidate {"demand":null,"start":"2026-02-16T06:00:00","end":"2026-02-17T00:00:00","feasible":true}
[operation] answer {"demand":null,"operation":"inspect CAP-C","quantity":5,"start":"2026-02-16T06:00:00","end":"2026-02-17T00:00:00"}
[operation] ask {"demand":null,"operation":"form CAP-C","quantity":5,"end":"2026-02-16T06:00:00"}
[resource] ask {"demand":null,"operation":"form CAP-C","resource":"forming line A","start":"2026-02-15T09:00:00","end":"2026-02-16T06:00:00"}
[resource] candidate {"demand":null,"start":"2026-02-15T09:00:00","end":"2026-02-16T06:00:00","feasible":true}
[buffer] ask {"demand":null,"buffer":"primary packaging","requested":5,"date":"2026-02-15T14:00:00","onhand":197}
[buffer] answer {"demand":null,"buffer":"primary packaging","requested":5,"remainingShortage":0,"quantity":5,"date":"2026-02-15T14:00:00","plan":null}
[operation] answer {"demand":null,"operation":"form CAP-C","quantity":5,"start":"2026-02-15T09:00:00","end":"2026-02-16T06:00:00"}
[operation] ask {"demand":null,"operation":"blend CAP-C","quantity":5,"end":"2026-02-15T09:00:00"}
[resource] ask {"demand":null,"operation":"blend CAP-C","resource":"blender","start":"2026-02-14T03:00:00","end":"2026-02-15T09:00:00"}
[resource] candidate {"demand":null,"start":"2026-02-14T03:00:00","end":"2026-02-15T09:00:00","feasible":true}
[buffer] ask {"demand":null,"buffer":"active C","requested":5,"date":"2026-02-14T15:00:00","onhand":67}
[buffer] answer {"demand":null,"buffer":"active C","requested":5,"remainingShortage":0,"quantity":5,"date":"2026-02-14T15:00:00","plan":null}
[buffer] ask {"demand":null,"buffer":"excipient","requested":10,"date":"2026-02-14T15:00:00","onhand":254}
[buffer] answer {"demand":null,"buffer":"excipient","requested":10,"remainingShortage":0,"quantity":10,"date":"2026-02-14T15:00:00","plan":null}
[operation] answer {"demand":null,"operation":"blend CAP-C","quantity":5,"start":"2026-02-14T03:00:00","end":"2026-02-15T09:00:00"}
[operation] routing-answer {"demand":null,"operation":"batch CAP-C","quantity":5,"start":"2026-02-14T03:00:00","end":"2026-02-17T00:00:00"}
[buffer] replenish {"buffer":"capsule C","iteration":0,"requested":5,"replenished":5,"producerDate":"2026-02-17T00:00:00","eventCountBefore":15,"eventCountAfter":16,"remaining":0}
[buffer] answer {"demand":null,"buffer":"capsule C","requested":5,"remainingShortage":0,"quantity":5,"date":"2026-02-17T00:00:00","plan":"OperationPlan"}
[operation] answer {"demand":"medicine demand 033 CAP-C","operation":"release CAP-C","quantity":5,"start":"2026-02-17T00:00:00","end":"2026-02-17T06:00:00"}
[demand] reply {"demand":"medicine demand 033 CAP-C","attempt":1,"result":true,"quantity":5,"date":"2026-02-17T06:00:00"}
[demand] attempt {"demand":"medicine demand 007 TAB-A","attempt":1,"quantity":2,"requestDate":"2026-02-04T06:00:00","lastDate":"2030-12-31T00:00:00"}
[operation] ask {"demand":"medicine demand 007 TAB-A","operation":"release TAB-A","quantity":2,"end":"2026-02-04T06:00:00"}
[feasible] {"operation":"release TAB-A","start":"2026-02-04T00:00:00","end":"2026-02-04T06:00:00","reason":"interval-material"}
[buffer] ask {"demand":null,"buffer":"tablet A","requested":2,"date":"2026-02-04T00:00:00","onhand":4}
[buffer] shortage {"buffer":"tablet A","iteration":0,"date":"2026-02-04T00:00:00","onhand":-2,"shortage":2}
[operation] routing-ask {"demand":null,"operation":"batch TAB-A","quantity":2,"operationPlanQuantity":2,"end":"2026-02-04T00:00:00","steps":["blend TAB-A","form TAB-A","inspect TAB-A"]}
[operation] ask {"demand":null,"operation":"inspect TAB-A","quantity":2,"end":"2026-02-04T00:00:00"}
[resource] ask {"demand":null,"operation":"inspect TAB-A","resource":"qa pharmacist 1","start":"2026-02-03T06:00:00","end":"2026-02-04T00:00:00"}
[resource] candidate {"demand":null,"start":"2026-02-03T06:00:00","end":"2026-02-04T00:00:00","feasible":true}
[resource] ask {"demand":null,"operation":"inspect TAB-A","resource":"qa pharmacist 2","start":"2026-02-03T05:03:09","end":"2026-02-04T00:00:00"}
[resource] candidate {"demand":null,"start":"2026-02-03T05:03:09","end":"2026-02-04T00:00:00","feasible":true}
[resource] ask {"demand":null,"operation":"inspect TAB-A","resource":"qa pharmacist 1","start":"2026-02-03T06:00:00","end":"2026-02-04T00:00:00"}
[resource] candidate {"demand":null,"start":"2026-02-03T06:00:00","end":"2026-02-04T00:00:00","feasible":true}
[operation] answer {"demand":null,"operation":"inspect TAB-A","quantity":2,"start":"2026-02-03T06:00:00","end":"2026-02-04T00:00:00"}
[operation] ask {"demand":null,"operation":"form TAB-A","quantity":2,"end":"2026-02-03T06:00:00"}
[resource] ask {"demand":null,"operation":"form TAB-A","resource":"forming line A","start":"2026-02-02T13:00:00","end":"2026-02-03T06:00:00"}
[resource] candidate {"demand":null,"start":"2026-02-02T13:00:00","end":"2026-02-03T06:00:00","feasible":true}
[buffer] ask {"demand":null,"buffer":"primary packaging","requested":2,"date":"2026-02-02T18:00:00","onhand":258}
[buffer] answer {"demand":null,"buffer":"primary packaging","requested":2,"remainingShortage":0,"quantity":2,"date":"2026-02-02T18:00:00","plan":null}
[operation] answer {"demand":null,"operation":"form TAB-A","quantity":2,"start":"2026-02-02T13:00:00","end":"2026-02-03T06:00:00"}
[operation] ask {"demand":null,"operation":"blend TAB-A","quantity":2,"end":"2026-02-02T13:00:00"}
[resource] ask {"demand":null,"operation":"blend TAB-A","resource":"blender","start":"2026-02-01T05:00:00","end":"2026-02-02T13:00:00"}
[resource] candidate {"demand":null,"start":"2026-02-01T05:00:00","end":"2026-02-02T13:00:00","feasible":true}
[buffer] ask {"demand":null,"buffer":"active A","requested":2,"date":"2026-02-01T17:00:00","onhand":79}
[buffer] answer {"demand":null,"buffer":"active A","requested":2,"remainingShortage":0,"quantity":2,"date":"2026-02-01T17:00:00","plan":null}
[buffer] ask {"demand":null,"buffer":"excipient","requested":4,"date":"2026-02-01T17:00:00","onhand":376}
[buffer] answer {"demand":null,"buffer":"excipient","requested":4,"remainingShortage":0,"quantity":4,"date":"2026-02-01T17:00:00","plan":null}
[operation] answer {"demand":null,"operation":"blend TAB-A","quantity":2,"start":"2026-02-01T05:00:00","end":"2026-02-02T13:00:00"}
[operation] routing-answer {"demand":null,"operation":"batch TAB-A","quantity":2,"start":"2026-02-01T05:00:00","end":"2026-02-04T00:00:00"}
[buffer] replenish {"buffer":"tablet A","iteration":0,"requested":2,"replenished":2,"producerDate":"2026-02-04T00:00:00","eventCountBefore":17,"eventCountAfter":18,"remaining":0}
[buffer] answer {"demand":null,"buffer":"tablet A","requested":2,"remainingShortage":0,"quantity":2,"date":"2026-02-04T00:00:00","plan":"OperationPlan"}
[operation] answer {"demand":"medicine demand 007 TAB-A","operation":"release TAB-A","quantity":2,"start":"2026-02-04T00:00:00","end":"2026-02-04T06:00:00"}
[demand] reply {"demand":"medicine demand 007 TAB-A","attempt":1,"result":true,"quantity":2,"date":"2026-02-04T06:00:00"}
[demand] attempt {"demand":"medicine demand 016 TAB-A","attempt":1,"quantity":4,"requestDate":"2026-02-08T18:00:00","lastDate":"2030-12-31T00:00:00"}
[operation] ask {"demand":"medicine demand 016 TAB-A","operation":"release TAB-A","quantity":4,"end":"2026-02-08T18:00:00"}
[feasible] {"operation":"release TAB-A","start":"2026-02-08T12:00:00","end":"2026-02-08T18:00:00","reason":"final-material"}
[buffer] ask {"demand":null,"buffer":"tablet A","requested":4,"date":"2026-02-08T12:00:00","onhand":2}
[buffer] shortage {"buffer":"tablet A","iteration":0,"date":"2026-02-08T12:00:00","onhand":-4,"shortage":4}
[operation] routing-ask {"demand":null,"operation":"batch TAB-A","quantity":4,"operationPlanQuantity":4,"end":"2026-02-08T12:00:00","steps":["blend TAB-A","form TAB-A","inspect TAB-A"]}
[operation] ask {"demand":null,"operation":"inspect TAB-A","quantity":4,"end":"2026-02-08T12:00:00"}
[resource] ask {"demand":null,"operation":"inspect TAB-A","resource":"qa pharmacist 1","start":"2026-02-07T18:00:00","end":"2026-02-08T12:00:00"}
[resource] candidate {"demand":null,"start":"2026-02-07T18:00:00","end":"2026-02-08T12:00:00","feasible":true}
[resource] ask {"demand":null,"operation":"inspect TAB-A","resource":"qa pharmacist 2","start":"2026-02-07T17:03:09","end":"2026-02-08T12:00:00"}
[resource] candidate {"demand":null,"start":"2026-02-07T17:03:09","end":"2026-02-08T12:00:00","feasible":true}
[resource] ask {"demand":null,"operation":"inspect TAB-A","resource":"qa pharmacist 1","start":"2026-02-07T18:00:00","end":"2026-02-08T12:00:00"}
[resource] candidate {"demand":null,"start":"2026-02-07T18:00:00","end":"2026-02-08T12:00:00","feasible":true}
[operation] answer {"demand":null,"operation":"inspect TAB-A","quantity":4,"start":"2026-02-07T18:00:00","end":"2026-02-08T12:00:00"}
[operation] ask {"demand":null,"operation":"form TAB-A","quantity":4,"end":"2026-02-07T18:00:00"}
[resource] ask {"demand":null,"operation":"form TAB-A","resource":"forming line A","start":"2026-02-07T01:00:00","end":"2026-02-07T18:00:00"}
[resource] candidate {"demand":null,"start":"2026-02-07T01:00:00","end":"2026-02-07T18:00:00","feasible":true}
[buffer] ask {"demand":null,"buffer":"primary packaging","requested":4,"date":"2026-02-07T06:00:00","onhand":234}
[buffer] answer {"demand":null,"buffer":"primary packaging","requested":4,"remainingShortage":0,"quantity":4,"date":"2026-02-07T06:00:00","plan":null}
[operation] answer {"demand":null,"operation":"form TAB-A","quantity":4,"start":"2026-02-07T01:00:00","end":"2026-02-07T18:00:00"}
[operation] ask {"demand":null,"operation":"blend TAB-A","quantity":4,"end":"2026-02-07T01:00:00"}
[resource] ask {"demand":null,"operation":"blend TAB-A","resource":"blender","start":"2026-02-06T05:00:00","end":"2026-02-07T01:00:00"}
[resource] candidate {"demand":null,"start":"2026-02-06T05:00:00","end":"2026-02-07T01:00:00","feasible":true}
[buffer] ask {"demand":null,"buffer":"active A","requested":4,"date":"2026-02-06T05:00:00","onhand":71}
[buffer] answer {"demand":null,"buffer":"active A","requested":4,"remainingShortage":0,"quantity":4,"date":"2026-02-06T05:00:00","plan":null}
[buffer] ask {"demand":null,"buffer":"excipient","requested":8,"date":"2026-02-06T05:00:00","onhand":328}
[buffer] answer {"demand":null,"buffer":"excipient","requested":8,"remainingShortage":0,"quantity":8,"date":"2026-02-06T05:00:00","plan":null}
[operation] answer {"demand":null,"operation":"blend TAB-A","quantity":4,"start":"2026-02-06T05:00:00","end":"2026-02-07T01:00:00"}
[operation] routing-answer {"demand":null,"operation":"batch TAB-A","quantity":4,"start":"2026-02-06T05:00:00","end":"2026-02-08T12:00:00"}
[buffer] replenish {"buffer":"tablet A","iteration":0,"requested":4,"replenished":4,"producerDate":"2026-02-08T12:00:00","eventCountBefore":19,"eventCountAfter":20,"remaining":0}
[buffer] answer {"demand":null,"buffer":"tablet A","requested":4,"remainingShortage":0,"quantity":4,"date":"2026-02-08T12:00:00","plan":"OperationPlan"}
[operation] answer {"demand":"medicine demand 016 TAB-A","operation":"release TAB-A","quantity":4,"start":"2026-02-08T12:00:00","end":"2026-02-08T18:00:00"}
[demand] reply {"demand":"medicine demand 016 TAB-A","attempt":1,"result":true,"quantity":4,"date":"2026-02-08T18:00:00"}
[demand] attempt {"demand":"medicine demand 025 TAB-A","attempt":1,"quantity":2,"requestDate":"2026-02-13T06:00:00","lastDate":"2030-12-31T00:00:00"}
[operation] ask {"demand":"medicine demand 025 TAB-A","operation":"release TAB-A","quantity":2,"end":"2026-02-13T06:00:00"}
[feasible] {"operation":"release TAB-A","start":"2026-02-13T00:00:00","end":"2026-02-13T06:00:00","reason":"interval-material"}
[buffer] ask {"demand":null,"buffer":"tablet A","requested":2,"date":"2026-02-13T00:00:00","onhand":4}
[buffer] shortage {"buffer":"tablet A","iteration":0,"date":"2026-02-13T00:00:00","onhand":-2,"shortage":2}
[operation] routing-ask {"demand":null,"operation":"batch TAB-A","quantity":2,"operationPlanQuantity":2,"end":"2026-02-13T00:00:00","steps":["blend TAB-A","form TAB-A","inspect TAB-A"]}
[operation] ask {"demand":null,"operation":"inspect TAB-A","quantity":2,"end":"2026-02-13T00:00:00"}
[resource] ask {"demand":null,"operation":"inspect TAB-A","resource":"qa pharmacist 1","start":"2026-02-12T06:00:00","end":"2026-02-13T00:00:00"}
[resource] candidate {"demand":null,"start":"2026-02-12T06:00:00","end":"2026-02-13T00:00:00","feasible":true}
[resource] ask {"demand":null,"operation":"inspect TAB-A","resource":"qa pharmacist 2","start":"2026-02-12T05:03:09","end":"2026-02-13T00:00:00"}
[resource] candidate {"demand":null,"start":"2026-02-12T05:03:09","end":"2026-02-13T00:00:00","feasible":true}
[resource] ask {"demand":null,"operation":"inspect TAB-A","resource":"qa pharmacist 1","start":"2026-02-12T06:00:00","end":"2026-02-13T00:00:00"}
[resource] candidate {"demand":null,"start":"2026-02-12T06:00:00","end":"2026-02-13T00:00:00","feasible":true}
[operation] answer {"demand":null,"operation":"inspect TAB-A","quantity":2,"start":"2026-02-12T06:00:00","end":"2026-02-13T00:00:00"}
[operation] ask {"demand":null,"operation":"form TAB-A","quantity":2,"end":"2026-02-12T06:00:00"}
[resource] ask {"demand":null,"operation":"form TAB-A","resource":"forming line A","start":"2026-02-11T13:00:00","end":"2026-02-12T06:00:00"}
[resource] candidate {"demand":null,"start":"2026-02-11T13:00:00","end":"2026-02-12T06:00:00","feasible":true}
[buffer] ask {"demand":null,"buffer":"primary packaging","requested":2,"date":"2026-02-11T18:00:00","onhand":208}
[buffer] answer {"demand":null,"buffer":"primary packaging","requested":2,"remainingShortage":0,"quantity":2,"date":"2026-02-11T18:00:00","plan":null}
[operation] answer {"demand":null,"operation":"form TAB-A","quantity":2,"start":"2026-02-11T13:00:00","end":"2026-02-12T06:00:00"}
[operation] ask {"demand":null,"operation":"blend TAB-A","quantity":2,"end":"2026-02-11T13:00:00"}
[resource] ask {"demand":null,"operation":"blend TAB-A","resource":"blender","start":"2026-02-10T17:00:00","end":"2026-02-11T13:00:00"}
[resource] candidate {"demand":null,"start":"2026-02-10T17:00:00","end":"2026-02-11T13:00:00","feasible":true}
[buffer] ask {"demand":null,"buffer":"active A","requested":2,"date":"2026-02-10T17:00:00","onhand":61}
[buffer] answer {"demand":null,"buffer":"active A","requested":2,"remainingShortage":0,"quantity":2,"date":"2026-02-10T17:00:00","plan":null}
[buffer] ask {"demand":null,"buffer":"excipient","requested":4,"date":"2026-02-10T17:00:00","onhand":276}
[buffer] answer {"demand":null,"buffer":"excipient","requested":4,"remainingShortage":0,"quantity":4,"date":"2026-02-10T17:00:00","plan":null}
[operation] answer {"demand":null,"operation":"blend TAB-A","quantity":2,"start":"2026-02-10T17:00:00","end":"2026-02-11T13:00:00"}
[operation] routing-answer {"demand":null,"operation":"batch TAB-A","quantity":2,"start":"2026-02-10T17:00:00","end":"2026-02-13T00:00:00"}
[buffer] replenish {"buffer":"tablet A","iteration":0,"requested":2,"replenished":2,"producerDate":"2026-02-13T00:00:00","eventCountBefore":21,"eventCountAfter":22,"remaining":0}
[buffer] answer {"demand":null,"buffer":"tablet A","requested":2,"remainingShortage":0,"quantity":2,"date":"2026-02-13T00:00:00","plan":"OperationPlan"}
[operation] answer {"demand":"medicine demand 025 TAB-A","operation":"release TAB-A","quantity":2,"start":"2026-02-13T00:00:00","end":"2026-02-13T06:00:00"}
[demand] reply {"demand":"medicine demand 025 TAB-A","attempt":1,"result":true,"quantity":2,"date":"2026-02-13T06:00:00"}
[demand] attempt {"demand":"medicine demand 034 TAB-A","attempt":1,"quantity":4,"requestDate":"2026-02-17T18:00:00","lastDate":"2030-12-31T00:00:00"}
[operation] ask {"demand":"medicine demand 034 TAB-A","operation":"release TAB-A","quantity":4,"end":"2026-02-17T18:00:00"}
[feasible] {"operation":"release TAB-A","start":"2026-02-17T12:00:00","end":"2026-02-17T18:00:00","reason":"final-material"}
[buffer] ask {"demand":null,"buffer":"tablet A","requested":4,"date":"2026-02-17T12:00:00","onhand":2}
[buffer] shortage {"buffer":"tablet A","iteration":0,"date":"2026-02-17T12:00:00","onhand":-4,"shortage":4}
[operation] routing-ask {"demand":null,"operation":"batch TAB-A","quantity":4,"operationPlanQuantity":4,"end":"2026-02-17T12:00:00","steps":["blend TAB-A","form TAB-A","inspect TAB-A"]}
[operation] ask {"demand":null,"operation":"inspect TAB-A","quantity":4,"end":"2026-02-17T12:00:00"}
[resource] ask {"demand":null,"operation":"inspect TAB-A","resource":"qa pharmacist 1","start":"2026-02-16T18:00:00","end":"2026-02-17T12:00:00"}
[resource] candidate {"demand":null,"start":"2026-02-16T18:00:00","end":"2026-02-17T12:00:00","feasible":true}
[resource] ask {"demand":null,"operation":"inspect TAB-A","resource":"qa pharmacist 2","start":"2026-02-16T17:03:09","end":"2026-02-17T12:00:00"}
[resource] candidate {"demand":null,"start":"2026-02-16T17:03:09","end":"2026-02-17T12:00:00","feasible":true}
[resource] ask {"demand":null,"operation":"inspect TAB-A","resource":"qa pharmacist 1","start":"2026-02-16T18:00:00","end":"2026-02-17T12:00:00"}
[resource] candidate {"demand":null,"start":"2026-02-16T18:00:00","end":"2026-02-17T12:00:00","feasible":true}
[operation] answer {"demand":null,"operation":"inspect TAB-A","quantity":4,"start":"2026-02-16T18:00:00","end":"2026-02-17T12:00:00"}
[operation] ask {"demand":null,"operation":"form TAB-A","quantity":4,"end":"2026-02-16T18:00:00"}
[resource] ask {"demand":null,"operation":"form TAB-A","resource":"forming line A","start":"2026-02-16T01:00:00","end":"2026-02-16T18:00:00"}
[resource] candidate {"demand":null,"start":"2026-02-16T01:00:00","end":"2026-02-16T18:00:00","feasible":true}
[buffer] ask {"demand":null,"buffer":"primary packaging","requested":4,"date":"2026-02-16T06:00:00","onhand":184}
[buffer] answer {"demand":null,"buffer":"primary packaging","requested":4,"remainingShortage":0,"quantity":4,"date":"2026-02-16T06:00:00","plan":null}
[operation] answer {"demand":null,"operation":"form TAB-A","quantity":4,"start":"2026-02-16T01:00:00","end":"2026-02-16T18:00:00"}
[operation] ask {"demand":null,"operation":"blend TAB-A","quantity":4,"end":"2026-02-16T01:00:00"}
[resource] ask {"demand":null,"operation":"blend TAB-A","resource":"blender","start":"2026-02-15T05:00:00","end":"2026-02-16T01:00:00"}
[resource] candidate {"demand":null,"start":"2026-02-15T05:00:00","end":"2026-02-16T01:00:00","feasible":true}
[buffer] ask {"demand":null,"buffer":"active A","requested":4,"date":"2026-02-15T05:00:00","onhand":53}
[buffer] answer {"demand":null,"buffer":"active A","requested":4,"remainingShortage":0,"quantity":4,"date":"2026-02-15T05:00:00","plan":null}
[buffer] ask {"demand":null,"buffer":"excipient","requested":8,"date":"2026-02-15T05:00:00","onhand":228}
[buffer] answer {"demand":null,"buffer":"excipient","requested":8,"remainingShortage":0,"quantity":8,"date":"2026-02-15T05:00:00","plan":null}
[operation] answer {"demand":null,"operation":"blend TAB-A","quantity":4,"start":"2026-02-15T05:00:00","end":"2026-02-16T01:00:00"}
[operation] routing-answer {"demand":null,"operation":"batch TAB-A","quantity":4,"start":"2026-02-15T05:00:00","end":"2026-02-17T12:00:00"}
[buffer] replenish {"buffer":"tablet A","iteration":0,"requested":4,"replenished":4,"producerDate":"2026-02-17T12:00:00","eventCountBefore":23,"eventCountAfter":24,"remaining":0}
[buffer] answer {"demand":null,"buffer":"tablet A","requested":4,"remainingShortage":0,"quantity":4,"date":"2026-02-17T12:00:00","plan":"OperationPlan"}
[operation] answer {"demand":"medicine demand 034 TAB-A","operation":"release TAB-A","quantity":4,"start":"2026-02-17T12:00:00","end":"2026-02-17T18:00:00"}
[demand] reply {"demand":"medicine demand 034 TAB-A","attempt":1,"result":true,"quantity":4,"date":"2026-02-17T18:00:00"}
[demand] attempt {"demand":"medicine demand 008 TAB-B","attempt":1,"quantity":3,"requestDate":"2026-02-04T18:00:00","lastDate":"2030-12-31T00:00:00"}
[operation] ask {"demand":"medicine demand 008 TAB-B","operation":"release TAB-B","quantity":3,"end":"2026-02-04T18:00:00"}
[feasible] {"operation":"release TAB-B","start":"2026-02-04T12:00:00","end":"2026-02-04T18:00:00","reason":"interval-material"}
[buffer] ask {"demand":null,"buffer":"tablet B","requested":3,"date":"2026-02-04T12:00:00","onhand":6}
[buffer] shortage {"buffer":"tablet B","iteration":0,"date":"2026-02-04T12:00:00","onhand":-3,"shortage":3}
[operation] routing-ask {"demand":null,"operation":"batch TAB-B","quantity":3,"operationPlanQuantity":3,"end":"2026-02-04T12:00:00","steps":["blend TAB-B","form TAB-B","inspect TAB-B"]}
[operation] ask {"demand":null,"operation":"inspect TAB-B","quantity":3,"end":"2026-02-04T12:00:00"}
[resource] ask {"demand":null,"operation":"inspect TAB-B","resource":"qa pharmacist 1","start":"2026-02-03T18:00:00","end":"2026-02-04T12:00:00"}
[resource] candidate {"demand":null,"start":"2026-02-03T18:00:00","end":"2026-02-04T12:00:00","feasible":true}
[resource] ask {"demand":null,"operation":"inspect TAB-B","resource":"qa pharmacist 2","start":"2026-02-03T17:03:09","end":"2026-02-04T12:00:00"}
[resource] candidate {"demand":null,"start":"2026-02-03T17:03:09","end":"2026-02-04T12:00:00","feasible":true}
[resource] ask {"demand":null,"operation":"inspect TAB-B","resource":"qa pharmacist 1","start":"2026-02-03T18:00:00","end":"2026-02-04T12:00:00"}
[resource] candidate {"demand":null,"start":"2026-02-03T18:00:00","end":"2026-02-04T12:00:00","feasible":true}
[operation] answer {"demand":null,"operation":"inspect TAB-B","quantity":3,"start":"2026-02-03T18:00:00","end":"2026-02-04T12:00:00"}
[operation] ask {"demand":null,"operation":"form TAB-B","quantity":3,"end":"2026-02-03T18:00:00"}
[resource] ask {"demand":null,"operation":"form TAB-B","resource":"forming line A","start":"2026-02-02T23:00:00","end":"2026-02-03T18:00:00"}
[resource] candidate {"demand":null,"start":"2026-02-02T23:00:00","end":"2026-02-03T18:00:00","feasible":true}
[buffer] ask {"demand":null,"buffer":"primary packaging","requested":3,"date":"2026-02-03T04:00:00","onhand":256}
[buffer] answer {"demand":null,"buffer":"primary packaging","requested":3,"remainingShortage":0,"quantity":3,"date":"2026-02-03T04:00:00","plan":null}
[operation] answer {"demand":null,"operation":"form TAB-B","quantity":3,"start":"2026-02-02T23:00:00","end":"2026-02-03T18:00:00"}
[operation] ask {"demand":null,"operation":"blend TAB-B","quantity":3,"end":"2026-02-02T23:00:00"}
[feasible] {"operation":"blend TAB-B","start":"2026-02-01T15:00:00","end":"2026-02-02T23:00:00","reason":"capacity","siblings":[{"operation":"blend TAB-B","start":"2026-02-01T15:00:00","end":"2026-02-02T23:00:00"},{"operation":"form TAB-B","start":"2026-02-02T23:00:00","end":"2026-02-03T18:00:00"},{"operation":"inspect TAB-B","start":"2026-02-03T18:00:00","end":"2026-02-04T12:00:00"}]}
[resource] ask {"demand":null,"operation":"blend TAB-B","resource":"blender","start":"2026-02-01T15:00:00","end":"2026-02-02T23:00:00"}
[resource] candidate {"demand":null,"start":"2026-02-01T15:00:00","end":"2026-02-02T23:00:00","feasible":false}
[resource] overload {"demand":null,"operation":"blend TAB-B","loadPlanIndex":29,"overloadIndex":28,"events":[{"index":20,"date":"2026-02-01T11:00:00","type":1,"quantity":-1,"onhand":1,"maximum":2,"operation":"blend TAB-B"},{"index":21,"date":"2026-02-01T15:00:00","type":1,"quantity":1,"onhand":2,"maximum":2,"operation":"blend TAB-B"},{"index":22,"date":"2026-02-01T17:00:00","type":5,"quantity":0,"onhand":2,"maximum":2,"operation":"blend TAB-A"},{"index":23,"date":"2026-02-01T19:00:00","type":1,"quantity":1,"onhand":3,"maximum":2,"operation":"blend TAB-A"},{"index":24,"date":"2026-02-01T23:00:00","type":5,"quantity":0,"onhand":3,"maximum":2,"operation":"blend TAB-B"},{"index":25,"date":"2026-02-02T07:00:00","type":5,"quantity":0,"onhand":3,"maximum":2,"operation":"blend TAB-A"},{"index":26,"date":"2026-02-02T13:00:00","type":1,"quantity":-1,"onhand":2,"maximum":2,"operation":"blend TAB-A"},{"index":27,"date":"2026-02-02T16:00:00","type":5,"quantity":0,"onhand":2,"maximum":2,"operation":"blend CAP-C"},{"index":28,"date":"2026-02-02T16:00:00","type":1,"quantity":1,"onhand":3,"maximum":2,"operation":"blend CAP-C"},{"index":29,"date":"2026-02-02T23:00:00","type":1,"quantity":-1,"onhand":2,"maximum":2,"operation":"blend TAB-B"},{"index":30,"date":"2026-02-03T03:00:00","type":1,"quantity":1,"onhand":3,"maximum":2,"operation":"blend TAB-B"},{"index":31,"date":"2026-02-03T03:00:00","type":1,"quantity":-1,"onhand":2,"maximum":2,"operation":"blend TAB-A"}]}
[resource] candidate {"demand":null,"iteration":1,"boundary":"2026-02-02T16:00:00","start":"2026-02-01T16:00:00","end":"2026-02-02T16:00:00","feasible":false}
[resource] overload {"demand":null,"operation":"blend TAB-B","loadPlanIndex":29,"overloadIndex":25,"events":[{"index":17,"date":"2026-01-31T11:00:00","type":5,"quantity":0,"onhand":2,"maximum":2,"operation":"blend TAB-B"},{"index":18,"date":"2026-02-01T01:00:00","type":1,"quantity":-1,"onhand":1,"maximum":2,"operation":"blend TAB-A"},{"index":19,"date":"2026-02-01T05:00:00","type":1,"quantity":1,"onhand":2,"maximum":2,"operation":"blend TAB-A"},{"index":20,"date":"2026-02-01T11:00:00","type":1,"quantity":-1,"onhand":1,"maximum":2,"operation":"blend TAB-B"},{"index":21,"date":"2026-02-01T16:00:00","type":5,"quantity":0,"onhand":1,"maximum":2,"operation":"blend TAB-B"},{"index":22,"date":"2026-02-01T16:00:00","type":1,"quantity":1,"onhand":2,"maximum":2,"operation":"blend TAB-B"},{"index":23,"date":"2026-02-01T17:00:00","type":5,"quantity":0,"onhand":2,"maximum":2,"operation":"blend TAB-A"},{"index":24,"date":"2026-02-02T07:00:00","type":5,"quantity":0,"onhand":2,"maximum":2,"operation":"blend TAB-A"},{"index":25,"date":"2026-02-02T07:00:00","type":1,"quantity":1,"onhand":3,"maximum":2,"operation":"blend TAB-A"},{"index":26,"date":"2026-02-02T13:00:00","type":1,"quantity":-1,"onhand":2,"maximum":2,"operation":"blend TAB-A"},{"index":27,"date":"2026-02-02T16:00:00","type":5,"quantity":0,"onhand":2,"maximum":2,"operation":"blend CAP-C"},{"index":28,"date":"2026-02-02T16:00:00","type":1,"quantity":1,"onhand":3,"maximum":2,"operation":"blend CAP-C"},{"index":29,"date":"2026-02-02T16:00:00","type":1,"quantity":-1,"onhand":2,"maximum":2,"operation":"blend TAB-B"},{"index":30,"date":"2026-02-03T03:00:00","type":1,"quantity":1,"onhand":3,"maximum":2,"operation":"blend TAB-B"},{"index":31,"date":"2026-02-03T03:00:00","type":1,"quantity":-1,"onhand":2,"maximum":2,"operation":"blend TAB-A"}]}
[resource] candidate {"demand":null,"iteration":2,"boundary":"2026-02-02T07:00:00","start":"2026-02-01T07:00:00","end":"2026-02-02T07:00:00","feasible":false}
[resource] overload {"demand":null,"operation":"blend TAB-B","loadPlanIndex":26,"overloadIndex":21,"events":[{"index":13,"date":"2026-01-30T17:00:00","type":1,"quantity":1,"onhand":2,"maximum":2,"operation":"blend TAB-A"},{"index":14,"date":"2026-01-30T23:00:00","type":1,"quantity":-1,"onhand":1,"maximum":2,"operation":"blend TAB-B"},{"index":15,"date":"2026-01-31T03:00:00","type":1,"quantity":1,"onhand":2,"maximum":2,"operation":"blend TAB-B"},{"index":16,"date":"2026-01-31T05:00:00","type":5,"quantity":0,"onhand":2,"maximum":2,"operation":"blend TAB-A"},{"index":17,"date":"2026-01-31T11:00:00","type":5,"quantity":0,"onhand":2,"maximum":2,"operation":"blend TAB-B"},{"index":18,"date":"2026-02-01T01:00:00","type":1,"quantity":-1,"onhand":1,"maximum":2,"operation":"blend TAB-A"},{"index":19,"date":"2026-02-01T05:00:00","type":1,"quantity":1,"onhand":2,"maximum":2,"operation":"blend TAB-A"},{"index":20,"date":"2026-02-01T07:00:00","type":5,"quantity":0,"onhand":2,"maximum":2,"operation":"blend TAB-B"},{"index":21,"date":"2026-02-01T07:00:00","type":1,"quantity":1,"onhand":3,"maximum":2,"operation":"blend TAB-B"},{"index":22,"date":"2026-02-01T11:00:00","type":1,"quantity":-1,"onhand":2,"maximum":2,"operation":"blend TAB-B"},{"index":23,"date":"2026-02-01T17:00:00","type":5,"quantity":0,"onhand":2,"maximum":2,"operation":"blend TAB-A"},{"index":24,"date":"2026-02-02T07:00:00","type":5,"quantity":0,"onhand":2,"maximum":2,"operation":"blend TAB-A"},{"index":25,"date":"2026-02-02T07:00:00","type":1,"quantity":1,"onhand":3,"maximum":2,"operation":"blend TAB-A"},{"index":26,"date":"2026-02-02T07:00:00","type":1,"quantity":-1,"onhand":2,"maximum":2,"operation":"blend TAB-B"},{"index":27,"date":"2026-02-02T13:00:00","type":1,"quantity":-1,"onhand":1,"maximum":2,"operation":"blend TAB-A"},{"index":28,"date":"2026-02-02T16:00:00","type":5,"quantity":0,"onhand":1,"maximum":2,"operation":"blend CAP-C"}]}
[resource] candidate {"demand":null,"iteration":3,"boundary":"2026-02-01T07:00:00","start":"2026-01-30T23:00:00","end":"2026-02-01T07:00:00","feasible":false}
[resource] overload {"demand":null,"operation":"blend TAB-B","loadPlanIndex":22,"overloadIndex":21,"events":[{"index":13,"date":"2026-01-30T17:00:00","type":1,"quantity":1,"onhand":2,"maximum":2,"operation":"blend TAB-A"},{"index":14,"date":"2026-01-30T23:00:00","type":1,"quantity":1,"onhand":3,"maximum":2,"operation":"blend TAB-B"},{"index":15,"date":"2026-01-30T23:00:00","type":1,"quantity":-1,"onhand":2,"maximum":2,"operation":"blend TAB-B"},{"index":16,"date":"2026-01-31T05:00:00","type":5,"quantity":0,"onhand":2,"maximum":2,"operation":"blend TAB-A"},{"index":17,"date":"2026-01-31T07:00:00","type":5,"quantity":0,"onhand":2,"maximum":2,"operation":"blend TAB-B"},{"index":18,"date":"2026-01-31T11:00:00","type":5,"quantity":0,"onhand":2,"maximum":2,"operation":"blend TAB-B"},{"index":19,"date":"2026-01-31T11:00:00","type":1,"quantity":1,"onhand":3,"maximum":2,"operation":"blend TAB-B"},{"index":20,"date":"2026-02-01T01:00:00","type":1,"quantity":-1,"onhand":2,"maximum":2,"operation":"blend TAB-A"},{"index":21,"date":"2026-02-01T05:00:00","type":1,"quantity":1,"onhand":3,"maximum":2,"operation":"blend TAB-A"},{"index":22,"date":"2026-02-01T07:00:00","type":1,"quantity":-1,"onhand":2,"maximum":2,"operation":"blend TAB-B"},{"index":23,"date":"2026-02-01T11:00:00","type":1,"quantity":-1,"onhand":1,"maximum":2,"operation":"blend TAB-B"},{"index":24,"date":"2026-02-01T17:00:00","type":5,"quantity":0,"onhand":1,"maximum":2,"operation":"blend TAB-A"}]}
[resource] candidate {"demand":null,"iteration":4,"boundary":"2026-02-01T05:00:00","start":"2026-01-31T05:00:00","end":"2026-02-01T05:00:00","feasible":false}
[resource] overload {"demand":null,"operation":"blend TAB-B","loadPlanIndex":22,"overloadIndex":19,"events":[{"index":11,"date":"2026-01-29T23:00:00","type":5,"quantity":0,"onhand":2,"maximum":2,"operation":"blend TAB-B"},{"index":12,"date":"2026-01-30T16:00:00","type":1,"quantity":-1,"onhand":1,"maximum":2,"operation":"blend TAB-A"},{"index":13,"date":"2026-01-30T17:00:00","type":1,"quantity":1,"onhand":2,"maximum":2,"operation":"blend TAB-A"},{"index":14,"date":"2026-01-30T23:00:00","type":1,"quantity":-1,"onhand":1,"maximum":2,"operation":"blend TAB-B"},{"index":15,"date":"2026-01-31T05:00:00","type":5,"quantity":0,"onhand":1,"maximum":2,"operation":"blend TAB-A"},{"index":16,"date":"2026-01-31T05:00:00","type":5,"quantity":0,"onhand":1,"maximum":2,"operation":"blend TAB-B"},{"index":17,"date":"2026-01-31T05:00:00","type":1,"quantity":1,"onhand":2,"maximum":2,"operation":"blend TAB-B"},{"index":18,"date":"2026-01-31T11:00:00","type":5,"quantity":0,"onhand":2,"maximum":2,"operation":"blend TAB-B"},{"index":19,"date":"2026-01-31T11:00:00","type":1,"quantity":1,"onhand":3,"maximum":2,"operation":"blend TAB-B"},{"index":20,"date":"2026-02-01T01:00:00","type":1,"quantity":-1,"onhand":2,"maximum":2,"operation":"blend TAB-A"},{"index":21,"date":"2026-02-01T05:00:00","type":1,"quantity":1,"onhand":3,"maximum":2,"operation":"blend TAB-A"},{"index":22,"date":"2026-02-01T05:00:00","type":1,"quantity":-1,"onhand":2,"maximum":2,"operation":"blend TAB-B"},{"index":23,"date":"2026-02-01T11:00:00","type":1,"quantity":-1,"onhand":1,"maximum":2,"operation":"blend TAB-B"},{"index":24,"date":"2026-02-01T17:00:00","type":5,"quantity":0,"onhand":1,"maximum":2,"operation":"blend TAB-A"}]}
[resource] candidate {"demand":null,"iteration":5,"boundary":"2026-01-31T11:00:00","start":"2026-01-30T11:00:00","end":"2026-01-31T11:00:00","feasible":false}
[resource] overload {"demand":null,"operation":"blend TAB-B","loadPlanIndex":20,"overloadIndex":17,"events":[{"index":9,"date":"2026-01-29T20:00:00","type":1,"quantity":1,"onhand":3,"maximum":2,"operation":"blend TAB-A"},{"index":10,"date":"2026-01-29T20:00:00","type":1,"quantity":-1,"onhand":2,"maximum":2,"operation":"blend CAP-C"},{"index":11,"date":"2026-01-29T23:00:00","type":5,"quantity":0,"onhand":2,"maximum":2,"operation":"blend TAB-B"},{"index":12,"date":"2026-01-30T11:00:00","type":5,"quantity":0,"onhand":2,"maximum":2,"operation":"blend TAB-B"},{"index":13,"date":"2026-01-30T11:00:00","type":1,"quantity":1,"onhand":3,"maximum":2,"operation":"blend TAB-B"},{"index":14,"date":"2026-01-30T16:00:00","type":1,"quantity":-1,"onhand":2,"maximum":2,"operation":"blend TAB-A"},{"index":15,"date":"2026-01-30T17:00:00","type":1,"quantity":1,"onhand":3,"maximum":2,"operation":"blend TAB-A"},{"index":16,"date":"2026-01-30T23:00:00","type":1,"quantity":-1,"onhand":2,"maximum":2,"operation":"blend TAB-B"},{"index":17,"date":"2026-01-31T03:00:00","type":1,"quantity":1,"onhand":3,"maximum":2,"operation":"blend TAB-B"},{"index":18,"date":"2026-01-31T05:00:00","type":5,"quantity":0,"onhand":3,"maximum":2,"operation":"blend TAB-A"},{"index":19,"date":"2026-01-31T11:00:00","type":5,"quantity":0,"onhand":3,"maximum":2,"operation":"blend TAB-B"},{"index":20,"date":"2026-01-31T11:00:00","type":1,"quantity":-1,"onhand":2,"maximum":2,"operation":"blend TAB-B"},{"index":21,"date":"2026-02-01T01:00:00","type":1,"quantity":-1,"onhand":1,"maximum":2,"operation":"blend TAB-A"},{"index":22,"date":"2026-02-01T05:00:00","type":1,"quantity":1,"onhand":2,"maximum":2,"operation":"blend TAB-A"}]}
[resource] candidate {"demand":null,"iteration":6,"boundary":"2026-01-31T03:00:00","start":"2026-01-30T03:00:00","end":"2026-01-31T03:00:00","feasible":false}
[resource] overload {"demand":null,"operation":"blend TAB-B","loadPlanIndex":18,"overloadIndex":15,"events":[{"index":7,"date":"2026-01-29T15:00:00","type":1,"quantity":-1,"onhand":2,"maximum":2,"operation":"blend CAP-C"},{"index":8,"date":"2026-01-29T20:00:00","type":5,"quantity":0,"onhand":2,"maximum":2,"operation":"blend TAB-A"},{"index":9,"date":"2026-01-29T20:00:00","type":1,"quantity":1,"onhand":3,"maximum":2,"operation":"blend TAB-A"},{"index":10,"date":"2026-01-29T20:00:00","type":1,"quantity":-1,"onhand":2,"maximum":2,"operation":"blend CAP-C"},{"index":11,"date":"2026-01-29T23:00:00","type":5,"quantity":0,"onhand":2,"maximum":2,"operation":"blend TAB-B"},{"index":12,"date":"2026-01-30T03:00:00","type":5,"quantity":0,"onhand":2,"maximum":2,"operation":"blend TAB-B"},{"index":13,"date":"2026-01-30T03:00:00","type":1,"quantity":1,"onhand":3,"maximum":2,"operation":"blend TAB-B"},{"index":14,"date":"2026-01-30T16:00:00","type":1,"quantity":-1,"onhand":2,"maximum":2,"operation":"blend TAB-A"},{"index":15,"date":"2026-01-30T17:00:00","type":1,"quantity":1,"onhand":3,"maximum":2,"operation":"blend TAB-A"},{"index":16,"date":"2026-01-30T23:00:00","type":1,"quantity":-1,"onhand":2,"maximum":2,"operation":"blend TAB-B"},{"index":17,"date":"2026-01-31T03:00:00","type":1,"quantity":1,"onhand":3,"maximum":2,"operation":"blend TAB-B"},{"index":18,"date":"2026-01-31T03:00:00","type":1,"quantity":-1,"onhand":2,"maximum":2,"operation":"blend TAB-B"},{"index":19,"date":"2026-01-31T05:00:00","type":5,"quantity":0,"onhand":2,"maximum":2,"operation":"blend TAB-A"},{"index":20,"date":"2026-01-31T11:00:00","type":5,"quantity":0,"onhand":2,"maximum":2,"operation":"blend TAB-B"}]}
[resource] candidate {"demand":null,"iteration":7,"boundary":"2026-01-30T17:00:00","start":"2026-01-29T09:00:00","end":"2026-01-30T17:00:00","feasible":false}
[resource] overload {"demand":null,"operation":"blend TAB-B","loadPlanIndex":16,"overloadIndex":12,"events":[{"index":4,"date":"2026-01-29T02:00:00","type":5,"quantity":0,"onhand":1,"maximum":2,"operation":"blend CAP-C"},{"index":5,"date":"2026-01-29T02:00:00","type":1,"quantity":1,"onhand":2,"maximum":2,"operation":"blend CAP-C"},{"index":6,"date":"2026-01-29T08:00:00","type":1,"quantity":1,"onhand":3,"maximum":2,"operation":"blend TAB-A"},{"index":7,"date":"2026-01-29T09:00:00","type":1,"quantity":1,"onhand":4,"maximum":2,"operation":"blend TAB-B"},{"index":8,"date":"2026-01-29T15:00:00","type":1,"quantity":1,"onhand":5,"maximum":2,"operation":"blend TAB-B"},{"index":9,"date":"2026-01-29T15:00:00","type":1,"quantity":-1,"onhand":4,"maximum":2,"operation":"blend CAP-C"},{"index":10,"date":"2026-01-29T17:00:00","type":5,"quantity":0,"onhand":4,"maximum":2,"operation":"blend TAB-B"},{"index":11,"date":"2026-01-29T20:00:00","type":5,"quantity":0,"onhand":4,"maximum":2,"operation":"blend TAB-A"},{"index":12,"date":"2026-01-29T20:00:00","type":1,"quantity":-1,"onhand":3,"maximum":2,"operation":"blend CAP-C"},{"index":13,"date":"2026-01-29T23:00:00","type":5,"quantity":0,"onhand":3,"maximum":2,"operation":"blend TAB-B"},{"index":14,"date":"2026-01-30T16:00:00","type":1,"quantity":-1,"onhand":2,"maximum":2,"operation":"blend TAB-A"},{"index":15,"date":"2026-01-30T17:00:00","type":1,"quantity":1,"onhand":3,"maximum":2,"operation":"blend TAB-A"},{"index":16,"date":"2026-01-30T17:00:00","type":1,"quantity":-1,"onhand":2,"maximum":2,"operation":"blend TAB-B"},{"index":17,"date":"2026-01-30T23:00:00","type":1,"quantity":-1,"onhand":1,"maximum":2,"operation":"blend TAB-B"},{"index":18,"date":"2026-01-31T03:00:00","type":1,"quantity":1,"onhand":2,"maximum":2,"operation":"blend TAB-B"}]}
[resource] candidate {"demand":null,"iteration":8,"boundary":"2026-01-29T08:00:00","start":"2026-01-28T03:00:00","end":"2026-01-29T08:00:00","feasible":false}
[resource] overload {"demand":null,"operation":"blend TAB-B","loadPlanIndex":8,"overloadIndex":7,"events":[{"index":0,"date":"1971-01-01T00:00:00","type":5,"quantity":0,"onhand":0,"maximum":2,"operation":""},{"index":1,"date":"1971-01-01T00:00:00","type":4,"quantity":0,"onhand":2,"maximum":2,"operation":""},{"index":2,"date":"2026-01-28T03:00:00","type":1,"quantity":1,"onhand":1,"maximum":2,"operation":"blend TAB-B"},{"index":3,"date":"2026-01-28T08:00:00","type":5,"quantity":0,"onhand":1,"maximum":2,"operation":"blend TAB-B"},{"index":4,"date":"2026-01-28T09:00:00","type":1,"quantity":1,"onhand":2,"maximum":2,"operation":"blend CAP-C"},{"index":5,"date":"2026-01-28T21:00:00","type":5,"quantity":0,"onhand":2,"maximum":2,"operation":"blend CAP-C"},{"index":6,"date":"2026-01-29T02:00:00","type":5,"quantity":0,"onhand":2,"maximum":2,"operation":"blend CAP-C"},{"index":7,"date":"2026-01-29T02:00:00","type":1,"quantity":1,"onhand":3,"maximum":2,"operation":"blend CAP-C"},{"index":8,"date":"2026-01-29T08:00:00","type":1,"quantity":-1,"onhand":2,"maximum":2,"operation":"blend TAB-B"},{"index":9,"date":"2026-01-29T15:00:00","type":1,"quantity":1,"onhand":3,"maximum":2,"operation":"blend TAB-B"},{"index":10,"date":"2026-01-29T15:00:00","type":1,"quantity":-1,"onhand":2,"maximum":2,"operation":"blend CAP-C"}]}
[resource] candidate {"demand":null,"iteration":9,"boundary":"2026-01-29T02:00:00","start":"2026-01-27T21:00:00","end":"2026-01-29T02:00:00","feasible":false}
[resource] candidate {"demand":null,"iteration":10,"boundary":"2026-01-27T21:00:00","start":"2026-01-27T21:00:00","end":"2026-01-29T02:00:00","feasible":true}
[buffer] ask {"demand":null,"buffer":"active B","requested":3,"date":"2026-01-28T02:00:00","onhand":75}
[buffer] answer {"demand":null,"buffer":"active B","requested":3,"remainingShortage":0,"quantity":3,"date":"2026-01-28T02:00:00","plan":null}
[buffer] ask {"demand":null,"buffer":"excipient","requested":6,"date":"2026-01-28T02:00:00","onhand":420}
[buffer] answer {"demand":null,"buffer":"excipient","requested":6,"remainingShortage":0,"quantity":6,"date":"2026-01-28T02:00:00","plan":null}
[operation] answer {"demand":null,"operation":"blend TAB-B","quantity":3,"start":"2026-01-27T21:00:00","end":"2026-01-29T02:00:00"}
[operation] routing-answer {"demand":null,"operation":"batch TAB-B","quantity":3,"start":"2026-01-27T21:00:00","end":"2026-02-04T12:00:00"}
[buffer] replenish {"buffer":"tablet B","iteration":0,"requested":3,"replenished":3,"producerDate":"2026-02-04T12:00:00","eventCountBefore":17,"eventCountAfter":18,"remaining":0}
[buffer] answer {"demand":null,"buffer":"tablet B","requested":3,"remainingShortage":0,"quantity":3,"date":"2026-02-04T12:00:00","plan":"OperationPlan"}
[operation] answer {"demand":"medicine demand 008 TAB-B","operation":"release TAB-B","quantity":3,"start":"2026-02-04T12:00:00","end":"2026-02-04T18:00:00"}
[demand] reply {"demand":"medicine demand 008 TAB-B","attempt":1,"result":true,"quantity":3,"date":"2026-02-04T18:00:00"}
[demand] attempt {"demand":"medicine demand 017 TAB-B","attempt":1,"quantity":6,"requestDate":"2026-02-09T06:00:00","lastDate":"2030-12-31T00:00:00"}
[operation] ask {"demand":"medicine demand 017 TAB-B","operation":"release TAB-B","quantity":6,"end":"2026-02-09T06:00:00"}
[feasible] {"operation":"release TAB-B","start":"2026-02-09T00:00:00","end":"2026-02-09T06:00:00","reason":"final-material"}
[buffer] ask {"demand":null,"buffer":"tablet B","requested":6,"date":"2026-02-09T00:00:00","onhand":3}
[buffer] shortage {"buffer":"tablet B","iteration":0,"date":"2026-02-09T00:00:00","onhand":-6,"shortage":6}
[operation] routing-ask {"demand":null,"operation":"batch TAB-B","quantity":6,"operationPlanQuantity":6,"end":"2026-02-09T00:00:00","steps":["blend TAB-B","form TAB-B","inspect TAB-B"]}
[operation] ask {"demand":null,"operation":"inspect TAB-B","quantity":6,"end":"2026-02-09T00:00:00"}
[resource] ask {"demand":null,"operation":"inspect TAB-B","resource":"qa pharmacist 1","start":"2026-02-08T06:00:00","end":"2026-02-09T00:00:00"}
[resource] candidate {"demand":null,"start":"2026-02-08T06:00:00","end":"2026-02-09T00:00:00","feasible":true}
[resource] ask {"demand":null,"operation":"inspect TAB-B","resource":"qa pharmacist 2","start":"2026-02-08T05:03:09","end":"2026-02-09T00:00:00"}
[resource] candidate {"demand":null,"start":"2026-02-08T05:03:09","end":"2026-02-09T00:00:00","feasible":true}
[resource] ask {"demand":null,"operation":"inspect TAB-B","resource":"qa pharmacist 1","start":"2026-02-08T06:00:00","end":"2026-02-09T00:00:00"}
[resource] candidate {"demand":null,"start":"2026-02-08T06:00:00","end":"2026-02-09T00:00:00","feasible":true}
[operation] answer {"demand":null,"operation":"inspect TAB-B","quantity":6,"start":"2026-02-08T06:00:00","end":"2026-02-09T00:00:00"}
[operation] ask {"demand":null,"operation":"form TAB-B","quantity":6,"end":"2026-02-08T06:00:00"}
[resource] ask {"demand":null,"operation":"form TAB-B","resource":"forming line A","start":"2026-02-07T11:00:00","end":"2026-02-08T06:00:00"}
[resource] candidate {"demand":null,"start":"2026-02-07T11:00:00","end":"2026-02-08T06:00:00","feasible":true}
[buffer] ask {"demand":null,"buffer":"primary packaging","requested":6,"date":"2026-02-07T16:00:00","onhand":227}
[buffer] answer {"demand":null,"buffer":"primary packaging","requested":6,"remainingShortage":0,"quantity":6,"date":"2026-02-07T16:00:00","plan":null}
[operation] answer {"demand":null,"operation":"form TAB-B","quantity":6,"start":"2026-02-07T11:00:00","end":"2026-02-08T06:00:00"}
[operation] ask {"demand":null,"operation":"blend TAB-B","quantity":6,"end":"2026-02-07T11:00:00"}
[feasible] {"operation":"blend TAB-B","start":"2026-02-06T03:00:00","end":"2026-02-07T11:00:00","reason":"capacity","siblings":[{"operation":"blend TAB-B","start":"2026-02-06T03:00:00","end":"2026-02-07T11:00:00"},{"operation":"form TAB-B","start":"2026-02-07T11:00:00","end":"2026-02-08T06:00:00"},{"operation":"inspect TAB-B","start":"2026-02-08T06:00:00","end":"2026-02-09T00:00:00"}]}
[resource] ask {"demand":null,"operation":"blend TAB-B","resource":"blender","start":"2026-02-06T03:00:00","end":"2026-02-07T11:00:00"}
[resource] candidate {"demand":null,"start":"2026-02-06T03:00:00","end":"2026-02-07T11:00:00","feasible":false}
[resource] overload {"demand":null,"operation":"blend TAB-B","loadPlanIndex":53,"overloadIndex":52,"events":[{"index":44,"date":"2026-02-06T05:00:00","type":5,"quantity":0,"onhand":2,"maximum":2,"operation":"blend TAB-A"},{"index":45,"date":"2026-02-06T05:00:00","type":1,"quantity":1,"onhand":3,"maximum":2,"operation":"blend TAB-A"},{"index":46,"date":"2026-02-06T07:00:00","type":1,"quantity":1,"onhand":4,"maximum":2,"operation":"blend TAB-A"},{"index":47,"date":"2026-02-06T09:00:00","type":1,"quantity":-1,"onhand":3,"maximum":2,"operation":"blend CAP-C"},{"index":48,"date":"2026-02-06T11:00:00","type":5,"quantity":0,"onhand":3,"maximum":2,"operation":"blend TAB-B"},{"index":49,"date":"2026-02-06T19:00:00","type":5,"quantity":0,"onhand":3,"maximum":2,"operation":"blend TAB-A"},{"index":50,"date":"2026-02-07T01:00:00","type":1,"quantity":-1,"onhand":2,"maximum":2,"operation":"blend TAB-A"},{"index":51,"date":"2026-02-07T04:00:00","type":5,"quantity":0,"onhand":2,"maximum":2,"operation":"blend CAP-C"},{"index":52,"date":"2026-02-07T04:00:00","type":1,"quantity":1,"onhand":3,"maximum":2,"operation":"blend CAP-C"},{"index":53,"date":"2026-02-07T11:00:00","type":1,"quantity":-1,"onhand":2,"maximum":2,"operation":"blend TAB-B"},{"index":54,"date":"2026-02-07T15:00:00","type":1,"quantity":1,"onhand":3,"maximum":2,"operation":"blend TAB-B"},{"index":55,"date":"2026-02-07T15:00:00","type":1,"quantity":-1,"onhand":2,"maximum":2,"operation":"blend TAB-A"}]}
[resource] candidate {"demand":null,"iteration":1,"boundary":"2026-02-07T04:00:00","start":"2026-02-05T20:00:00","end":"2026-02-07T04:00:00","feasible":false}
[resource] overload {"demand":null,"operation":"blend TAB-B","loadPlanIndex":53,"overloadIndex":49,"events":[{"index":41,"date":"2026-02-05T15:00:00","type":5,"quantity":0,"onhand":2,"maximum":2,"operation":"blend CAP-C"},{"index":42,"date":"2026-02-05T17:00:00","type":1,"quantity":1,"onhand":3,"maximum":2,"operation":"blend TAB-A"},{"index":43,"date":"2026-02-05T20:00:00","type":1,"quantity":1,"onhand":4,"maximum":2,"operation":"blend TAB-B"},{"index":44,"date":"2026-02-05T23:00:00","type":1,"quantity":-1,"onhand":3,"maximum":2,"operation":"blend TAB-B"},{"index":45,"date":"2026-02-06T04:00:00","type":5,"quantity":0,"onhand":3,"maximum":2,"operation":"blend TAB-B"},{"index":46,"date":"2026-02-06T05:00:00","type":5,"quantity":0,"onhand":3,"maximum":2,"operation":"blend TAB-A"},{"index":47,"date":"2026-02-06T09:00:00","type":1,"quantity":-1,"onhand":2,"maximum":2,"operation":"blend CAP-C"},{"index":48,"date":"2026-02-06T19:00:00","type":5,"quantity":0,"onhand":2,"maximum":2,"operation":"blend TAB-A"},{"index":49,"date":"2026-02-06T19:00:00","type":1,"quantity":1,"onhand":3,"maximum":2,"operation":"blend TAB-A"},{"index":50,"date":"2026-02-07T01:00:00","type":1,"quantity":-1,"onhand":2,"maximum":2,"operation":"blend TAB-A"},{"index":51,"date":"2026-02-07T04:00:00","type":5,"quantity":0,"onhand":2,"maximum":2,"operation":"blend CAP-C"},{"index":52,"date":"2026-02-07T04:00:00","type":1,"quantity":1,"onhand":3,"maximum":2,"operation":"blend CAP-C"},{"index":53,"date":"2026-02-07T04:00:00","type":1,"quantity":-1,"onhand":2,"maximum":2,"operation":"blend TAB-B"},{"index":54,"date":"2026-02-07T15:00:00","type":1,"quantity":1,"onhand":3,"maximum":2,"operation":"blend TAB-B"},{"index":55,"date":"2026-02-07T15:00:00","type":1,"quantity":-1,"onhand":2,"maximum":2,"operation":"blend TAB-A"}]}
[resource] candidate {"demand":null,"iteration":2,"boundary":"2026-02-06T19:00:00","start":"2026-02-05T11:00:00","end":"2026-02-06T19:00:00","feasible":false}
[resource] overload {"demand":null,"operation":"blend TAB-B","loadPlanIndex":50,"overloadIndex":45,"events":[{"index":37,"date":"2026-02-04T11:00:00","type":1,"quantity":-1,"onhand":0,"maximum":2,"operation":"blend TAB-B"},{"index":38,"date":"2026-02-04T23:00:00","type":5,"quantity":0,"onhand":0,"maximum":2,"operation":"blend TAB-B"},{"index":39,"date":"2026-02-04T23:00:00","type":1,"quantity":1,"onhand":1,"maximum":2,"operation":"blend TAB-B"},{"index":40,"date":"2026-02-05T03:00:00","type":1,"quantity":1,"onhand":2,"maximum":2,"operation":"blend CAP-C"},{"index":41,"date":"2026-02-05T11:00:00","type":1,"quantity":1,"onhand":3,"maximum":2,"operation":"blend TAB-B"},{"index":42,"date":"2026-02-05T15:00:00","type":5,"quantity":0,"onhand":3,"maximum":2,"operation":"blend CAP-C"},{"index":43,"date":"2026-02-05T17:00:00","type":1,"quantity":1,"onhand":4,"maximum":2,"operation":"blend TAB-A"},{"index":44,"date":"2026-02-05T19:00:00","type":5,"quantity":0,"onhand":4,"maximum":2,"operation":"blend TAB-B"},{"index":45,"date":"2026-02-05T23:00:00","type":1,"quantity":-1,"onhand":3,"maximum":2,"operation":"blend TAB-B"},{"index":46,"date":"2026-02-06T05:00:00","type":5,"quantity":0,"onhand":3,"maximum":2,"operation":"blend TAB-A"},{"index":47,"date":"2026-02-06T09:00:00","type":1,"quantity":-1,"onhand":2,"maximum":2,"operation":"blend CAP-C"},{"index":48,"date":"2026-02-06T19:00:00","type":5,"quantity":0,"onhand":2,"maximum":2,"operation":"blend TAB-A"},{"index":49,"date":"2026-02-06T19:00:00","type":1,"quantity":1,"onhand":3,"maximum":2,"operation":"blend TAB-A"},{"index":50,"date":"2026-02-06T19:00:00","type":1,"quantity":-1,"onhand":2,"maximum":2,"operation":"blend TAB-B"},{"index":51,"date":"2026-02-07T01:00:00","type":1,"quantity":-1,"onhand":1,"maximum":2,"operation":"blend TAB-A"},{"index":52,"date":"2026-02-07T04:00:00","type":5,"quantity":0,"onhand":1,"maximum":2,"operation":"blend CAP-C"}]}
[resource] candidate {"demand":null,"iteration":3,"boundary":"2026-02-05T11:00:00","start":"2026-02-04T11:00:00","end":"2026-02-05T11:00:00","feasible":false}
[resource] overload {"demand":null,"operation":"blend TAB-B","loadPlanIndex":43,"overloadIndex":42,"events":[{"index":34,"date":"2026-02-03T10:00:00","type":1,"quantity":-1,"onhand":2,"maximum":2,"operation":"blend CAP-C"},{"index":35,"date":"2026-02-03T11:00:00","type":5,"quantity":0,"onhand":2,"maximum":2,"operation":"blend TAB-B"},{"index":36,"date":"2026-02-04T06:00:00","type":1,"quantity":-1,"onhand":1,"maximum":2,"operation":"blend TAB-A"},{"index":37,"date":"2026-02-04T11:00:00","type":5,"quantity":0,"onhand":1,"maximum":2,"operation":"blend TAB-B"},{"index":38,"date":"2026-02-04T11:00:00","type":1,"quantity":1,"onhand":2,"maximum":2,"operation":"blend TAB-B"},{"index":39,"date":"2026-02-04T11:00:00","type":1,"quantity":-1,"onhand":1,"maximum":2,"operation":"blend TAB-B"},{"index":40,"date":"2026-02-04T23:00:00","type":5,"quantity":0,"onhand":1,"maximum":2,"operation":"blend TAB-B"},{"index":41,"date":"2026-02-04T23:00:00","type":1,"quantity":1,"onhand":2,"maximum":2,"operation":"blend TAB-B"},{"index":42,"date":"2026-02-05T03:00:00","type":1,"quantity":1,"onhand":3,"maximum":2,"operation":"blend CAP-C"},{"index":43,"date":"2026-02-05T11:00:00","type":1,"quantity":-1,"onhand":2,"maximum":2,"operation":"blend TAB-B"},{"index":44,"date":"2026-02-05T15:00:00","type":5,"quantity":0,"onhand":2,"maximum":2,"operation":"blend CAP-C"},{"index":45,"date":"2026-02-05T23:00:00","type":1,"quantity":-1,"onhand":1,"maximum":2,"operation":"blend TAB-B"}]}
[resource] candidate {"demand":null,"iteration":4,"boundary":"2026-02-05T03:00:00","start":"2026-02-04T03:00:00","end":"2026-02-05T03:00:00","feasible":false}
[resource] overload {"demand":null,"operation":"blend TAB-B","loadPlanIndex":43,"overloadIndex":37,"events":[{"index":29,"date":"2026-02-02T16:00:00","type":1,"quantity":1,"onhand":2,"maximum":2,"operation":"blend CAP-C"},{"index":30,"date":"2026-02-03T03:00:00","type":1,"quantity":1,"onhand":3,"maximum":2,"operation":"blend TAB-B"},{"index":31,"date":"2026-02-03T03:00:00","type":1,"quantity":-1,"onhand":2,"maximum":2,"operation":"blend TAB-A"},{"index":32,"date":"2026-02-03T10:00:00","type":5,"quantity":0,"onhand":2,"maximum":2,"operation":"blend TAB-A"},{"index":33,"date":"2026-02-03T10:00:00","type":1,"quantity":1,"onhand":3,"maximum":2,"operation":"blend TAB-A"},{"index":34,"date":"2026-02-03T10:00:00","type":1,"quantity":-1,"onhand":2,"maximum":2,"operation":"blend CAP-C"},{"index":35,"date":"2026-02-03T11:00:00","type":5,"quantity":0,"onhand":2,"maximum":2,"operation":"blend TAB-B"},{"index":36,"date":"2026-02-04T03:00:00","type":5,"quantity":0,"onhand":2,"maximum":2,"operation":"blend TAB-B"},{"index":37,"date":"2026-02-04T03:00:00","type":1,"quantity":1,"onhand":3,"maximum":2,"operation":"blend TAB-B"},{"index":38,"date":"2026-02-04T06:00:00","type":1,"quantity":-1,"onhand":2,"maximum":2,"operation":"blend TAB-A"},{"index":39,"date":"2026-02-04T11:00:00","type":1,"quantity":-1,"onhand":1,"maximum":2,"operation":"blend TAB-B"},{"index":40,"date":"2026-02-04T23:00:00","type":5,"quantity":0,"onhand":1,"maximum":2,"operation":"blend TAB-B"},{"index":41,"date":"2026-02-04T23:00:00","type":1,"quantity":1,"onhand":2,"maximum":2,"operation":"blend TAB-B"},{"index":42,"date":"2026-02-05T03:00:00","type":1,"quantity":1,"onhand":3,"maximum":2,"operation":"blend CAP-C"},{"index":43,"date":"2026-02-05T03:00:00","type":1,"quantity":-1,"onhand":2,"maximum":2,"operation":"blend TAB-B"},{"index":44,"date":"2026-02-05T15:00:00","type":5,"quantity":0,"onhand":2,"maximum":2,"operation":"blend CAP-C"},{"index":45,"date":"2026-02-05T23:00:00","type":1,"quantity":-1,"onhand":1,"maximum":2,"operation":"blend TAB-B"}]}
[resource] candidate {"demand":null,"iteration":5,"boundary":"2026-02-04T03:00:00","start":"2026-02-02T19:00:00","end":"2026-02-04T03:00:00","feasible":false}
[resource] overload {"demand":null,"operation":"blend TAB-B","loadPlanIndex":38,"overloadIndex":36,"events":[{"index":28,"date":"2026-02-02T16:00:00","type":5,"quantity":0,"onhand":1,"maximum":2,"operation":"blend CAP-C"},{"index":29,"date":"2026-02-02T16:00:00","type":1,"quantity":1,"onhand":2,"maximum":2,"operation":"blend CAP-C"},{"index":30,"date":"2026-02-02T19:00:00","type":1,"quantity":1,"onhand":3,"maximum":2,"operation":"blend TAB-B"},{"index":31,"date":"2026-02-02T22:00:00","type":1,"quantity":1,"onhand":4,"maximum":2,"operation":"blend TAB-A"},{"index":32,"date":"2026-02-03T03:00:00","type":5,"quantity":0,"onhand":4,"maximum":2,"operation":"blend TAB-B"},{"index":33,"date":"2026-02-03T03:00:00","type":1,"quantity":1,"onhand":5,"maximum":2,"operation":"blend TAB-B"},{"index":34,"date":"2026-02-03T03:00:00","type":1,"quantity":-1,"onhand":4,"maximum":2,"operation":"blend TAB-A"},{"index":35,"date":"2026-02-03T10:00:00","type":5,"quantity":0,"onhand":4,"maximum":2,"operation":"blend TAB-A"},{"index":36,"date":"2026-02-03T10:00:00","type":1,"quantity":-1,"onhand":3,"maximum":2,"operation":"blend CAP-C"},{"index":37,"date":"2026-02-03T11:00:00","type":5,"quantity":0,"onhand":3,"maximum":2,"operation":"blend TAB-B"},{"index":38,"date":"2026-02-04T03:00:00","type":1,"quantity":-1,"onhand":2,"maximum":2,"operation":"blend TAB-B"},{"index":39,"date":"2026-02-04T06:00:00","type":1,"quantity":-1,"onhand":1,"maximum":2,"operation":"blend TAB-A"},{"index":40,"date":"2026-02-04T11:00:00","type":1,"quantity":-1,"onhand":0,"maximum":2,"operation":"blend TAB-B"}]}
[resource] candidate {"demand":null,"iteration":6,"boundary":"2026-02-02T19:00:00","start":"2026-02-01T11:00:00","end":"2026-02-02T19:00:00","feasible":false}
[resource] overload {"demand":null,"operation":"blend TAB-B","loadPlanIndex":32,"overloadIndex":31,"events":[{"index":23,"date":"2026-02-01T11:00:00","type":1,"quantity":1,"onhand":3,"maximum":2,"operation":"blend TAB-B"},{"index":24,"date":"2026-02-01T11:00:00","type":1,"quantity":-1,"onhand":2,"maximum":2,"operation":"blend TAB-B"},{"index":25,"date":"2026-02-01T17:00:00","type":5,"quantity":0,"onhand":2,"maximum":2,"operation":"blend TAB-A"},{"index":26,"date":"2026-02-01T19:00:00","type":5,"quantity":0,"onhand":2,"maximum":2,"operation":"blend TAB-B"},{"index":27,"date":"2026-02-01T19:00:00","type":1,"quantity":1,"onhand":3,"maximum":2,"operation":"blend TAB-A"},{"index":28,"date":"2026-02-02T07:00:00","type":5,"quantity":0,"onhand":3,"maximum":2,"operation":"blend TAB-A"},{"index":29,"date":"2026-02-02T13:00:00","type":1,"quantity":-1,"onhand":2,"maximum":2,"operation":"blend TAB-A"},{"index":30,"date":"2026-02-02T16:00:00","type":5,"quantity":0,"onhand":2,"maximum":2,"operation":"blend CAP-C"},{"index":31,"date":"2026-02-02T16:00:00","type":1,"quantity":1,"onhand":3,"maximum":2,"operation":"blend CAP-C"},{"index":32,"date":"2026-02-02T19:00:00","type":1,"quantity":-1,"onhand":2,"maximum":2,"operation":"blend TAB-B"},{"index":33,"date":"2026-02-03T03:00:00","type":1,"quantity":1,"onhand":3,"maximum":2,"operation":"blend TAB-B"},{"index":34,"date":"2026-02-03T03:00:00","type":1,"quantity":-1,"onhand":2,"maximum":2,"operation":"blend TAB-A"}]}
[resource] candidate {"demand":null,"iteration":7,"boundary":"2026-02-02T16:00:00","start":"2026-02-01T16:00:00","end":"2026-02-02T16:00:00","feasible":false}
[resource] overload {"demand":null,"operation":"blend TAB-B","loadPlanIndex":32,"overloadIndex":28,"events":[{"index":20,"date":"2026-01-31T11:00:00","type":5,"quantity":0,"onhand":2,"maximum":2,"operation":"blend TAB-B"},{"index":21,"date":"2026-02-01T01:00:00","type":1,"quantity":-1,"onhand":1,"maximum":2,"operation":"blend TAB-A"},{"index":22,"date":"2026-02-01T05:00:00","type":1,"quantity":1,"onhand":2,"maximum":2,"operation":"blend TAB-A"},{"index":23,"date":"2026-02-01T11:00:00","type":1,"quantity":-1,"onhand":1,"maximum":2,"operation":"blend TAB-B"},{"index":24,"date":"2026-02-01T16:00:00","type":5,"quantity":0,"onhand":1,"maximum":2,"operation":"blend TAB-B"},{"index":25,"date":"2026-02-01T16:00:00","type":1,"quantity":1,"onhand":2,"maximum":2,"operation":"blend TAB-B"},{"index":26,"date":"2026-02-01T17:00:00","type":5,"quantity":0,"onhand":2,"maximum":2,"operation":"blend TAB-A"},{"index":27,"date":"2026-02-02T07:00:00","type":5,"quantity":0,"onhand":2,"maximum":2,"operation":"blend TAB-A"},{"index":28,"date":"2026-02-02T07:00:00","type":1,"quantity":1,"onhand":3,"maximum":2,"operation":"blend TAB-A"},{"index":29,"date":"2026-02-02T13:00:00","type":1,"quantity":-1,"onhand":2,"maximum":2,"operation":"blend TAB-A"},{"index":30,"date":"2026-02-02T16:00:00","type":5,"quantity":0,"onhand":2,"maximum":2,"operation":"blend CAP-C"},{"index":31,"date":"2026-02-02T16:00:00","type":1,"quantity":1,"onhand":3,"maximum":2,"operation":"blend CAP-C"},{"index":32,"date":"2026-02-02T16:00:00","type":1,"quantity":-1,"onhand":2,"maximum":2,"operation":"blend TAB-B"},{"index":33,"date":"2026-02-03T03:00:00","type":1,"quantity":1,"onhand":3,"maximum":2,"operation":"blend TAB-B"},{"index":34,"date":"2026-02-03T03:00:00","type":1,"quantity":-1,"onhand":2,"maximum":2,"operation":"blend TAB-A"}]}
[resource] candidate {"demand":null,"iteration":8,"boundary":"2026-02-02T07:00:00","start":"2026-02-01T07:00:00","end":"2026-02-02T07:00:00","feasible":false}
[resource] overload {"demand":null,"operation":"blend TAB-B","loadPlanIndex":29,"overloadIndex":24,"events":[{"index":16,"date":"2026-01-30T17:00:00","type":1,"quantity":1,"onhand":2,"maximum":2,"operation":"blend TAB-A"},{"index":17,"date":"2026-01-30T23:00:00","type":1,"quantity":-1,"onhand":1,"maximum":2,"operation":"blend TAB-B"},{"index":18,"date":"2026-01-31T03:00:00","type":1,"quantity":1,"onhand":2,"maximum":2,"operation":"blend TAB-B"},{"index":19,"date":"2026-01-31T05:00:00","type":5,"quantity":0,"onhand":2,"maximum":2,"operation":"blend TAB-A"},{"index":20,"date":"2026-01-31T11:00:00","type":5,"quantity":0,"onhand":2,"maximum":2,"operation":"blend TAB-B"},{"index":21,"date":"2026-02-01T01:00:00","type":1,"quantity":-1,"onhand":1,"maximum":2,"operation":"blend TAB-A"},{"index":22,"date":"2026-02-01T05:00:00","type":1,"quantity":1,"onhand":2,"maximum":2,"operation":"blend TAB-A"},{"index":23,"date":"2026-02-01T07:00:00","type":5,"quantity":0,"onhand":2,"maximum":2,"operation":"blend TAB-B"},{"index":24,"date":"2026-02-01T07:00:00","type":1,"quantity":1,"onhand":3,"maximum":2,"operation":"blend TAB-B"},{"index":25,"date":"2026-02-01T11:00:00","type":1,"quantity":-1,"onhand":2,"maximum":2,"operation":"blend TAB-B"},{"index":26,"date":"2026-02-01T17:00:00","type":5,"quantity":0,"onhand":2,"maximum":2,"operation":"blend TAB-A"},{"index":27,"date":"2026-02-02T07:00:00","type":5,"quantity":0,"onhand":2,"maximum":2,"operation":"blend TAB-A"},{"index":28,"date":"2026-02-02T07:00:00","type":1,"quantity":1,"onhand":3,"maximum":2,"operation":"blend TAB-A"},{"index":29,"date":"2026-02-02T07:00:00","type":1,"quantity":-1,"onhand":2,"maximum":2,"operation":"blend TAB-B"},{"index":30,"date":"2026-02-02T13:00:00","type":1,"quantity":-1,"onhand":1,"maximum":2,"operation":"blend TAB-A"},{"index":31,"date":"2026-02-02T16:00:00","type":5,"quantity":0,"onhand":1,"maximum":2,"operation":"blend CAP-C"}]}
[resource] candidate {"demand":null,"iteration":9,"boundary":"2026-02-01T07:00:00","start":"2026-01-30T23:00:00","end":"2026-02-01T07:00:00","feasible":false}
[resource] overload {"demand":null,"operation":"blend TAB-B","loadPlanIndex":25,"overloadIndex":24,"events":[{"index":16,"date":"2026-01-30T17:00:00","type":1,"quantity":1,"onhand":2,"maximum":2,"operation":"blend TAB-A"},{"index":17,"date":"2026-01-30T23:00:00","type":1,"quantity":1,"onhand":3,"maximum":2,"operation":"blend TAB-B"},{"index":18,"date":"2026-01-30T23:00:00","type":1,"quantity":-1,"onhand":2,"maximum":2,"operation":"blend TAB-B"},{"index":19,"date":"2026-01-31T05:00:00","type":5,"quantity":0,"onhand":2,"maximum":2,"operation":"blend TAB-A"},{"index":20,"date":"2026-01-31T07:00:00","type":5,"quantity":0,"onhand":2,"maximum":2,"operation":"blend TAB-B"},{"index":21,"date":"2026-01-31T11:00:00","type":5,"quantity":0,"onhand":2,"maximum":2,"operation":"blend TAB-B"},{"index":22,"date":"2026-01-31T11:00:00","type":1,"quantity":1,"onhand":3,"maximum":2,"operation":"blend TAB-B"},{"index":23,"date":"2026-02-01T01:00:00","type":1,"quantity":-1,"onhand":2,"maximum":2,"operation":"blend TAB-A"},{"index":24,"date":"2026-02-01T05:00:00","type":1,"quantity":1,"onhand":3,"maximum":2,"operation":"blend TAB-A"},{"index":25,"date":"2026-02-01T07:00:00","type":1,"quantity":-1,"onhand":2,"maximum":2,"operation":"blend TAB-B"},{"index":26,"date":"2026-02-01T11:00:00","type":1,"quantity":-1,"onhand":1,"maximum":2,"operation":"blend TAB-B"},{"index":27,"date":"2026-02-01T17:00:00","type":5,"quantity":0,"onhand":1,"maximum":2,"operation":"blend TAB-A"}]}
[resource] candidate {"demand":null,"iteration":10,"boundary":"2026-02-01T05:00:00","start":"2026-01-31T05:00:00","end":"2026-02-01T05:00:00","feasible":false}
[resource] overload {"demand":null,"operation":"blend TAB-B","loadPlanIndex":25,"overloadIndex":22,"events":[{"index":14,"date":"2026-01-29T23:00:00","type":5,"quantity":0,"onhand":2,"maximum":2,"operation":"blend TAB-B"},{"index":15,"date":"2026-01-30T16:00:00","type":1,"quantity":-1,"onhand":1,"maximum":2,"operation":"blend TAB-A"},{"index":16,"date":"2026-01-30T17:00:00","type":1,"quantity":1,"onhand":2,"maximum":2,"operation":"blend TAB-A"},{"index":17,"date":"2026-01-30T23:00:00","type":1,"quantity":-1,"onhand":1,"maximum":2,"operation":"blend TAB-B"},{"index":18,"date":"2026-01-31T05:00:00","type":5,"quantity":0,"onhand":1,"maximum":2,"operation":"blend TAB-A"},{"index":19,"date":"2026-01-31T05:00:00","type":5,"quantity":0,"onhand":1,"maximum":2,"operation":"blend TAB-B"},{"index":20,"date":"2026-01-31T05:00:00","type":1,"quantity":1,"onhand":2,"maximum":2,"operation":"blend TAB-B"},{"index":21,"date":"2026-01-31T11:00:00","type":5,"quantity":0,"onhand":2,"maximum":2,"operation":"blend TAB-B"},{"index":22,"date":"2026-01-31T11:00:00","type":1,"quantity":1,"onhand":3,"maximum":2,"operation":"blend TAB-B"},{"index":23,"date":"2026-02-01T01:00:00","type":1,"quantity":-1,"onhand":2,"maximum":2,"operation":"blend TAB-A"},{"index":24,"date":"2026-02-01T05:00:00","type":1,"quantity":1,"onhand":3,"maximum":2,"operation":"blend TAB-A"},{"index":25,"date":"2026-02-01T05:00:00","type":1,"quantity":-1,"onhand":2,"maximum":2,"operation":"blend TAB-B"},{"index":26,"date":"2026-02-01T11:00:00","type":1,"quantity":-1,"onhand":1,"maximum":2,"operation":"blend TAB-B"},{"index":27,"date":"2026-02-01T17:00:00","type":5,"quantity":0,"onhand":1,"maximum":2,"operation":"blend TAB-A"}]}
[resource] candidate {"demand":null,"iteration":11,"boundary":"2026-01-31T11:00:00","start":"2026-01-30T11:00:00","end":"2026-01-31T11:00:00","feasible":false}
[resource] overload {"demand":null,"operation":"blend TAB-B","loadPlanIndex":23,"overloadIndex":20,"events":[{"index":12,"date":"2026-01-29T20:00:00","type":1,"quantity":1,"onhand":3,"maximum":2,"operation":"blend TAB-A"},{"index":13,"date":"2026-01-29T20:00:00","type":1,"quantity":-1,"onhand":2,"maximum":2,"operation":"blend CAP-C"},{"index":14,"date":"2026-01-29T23:00:00","type":5,"quantity":0,"onhand":2,"maximum":2,"operation":"blend TAB-B"},{"index":15,"date":"2026-01-30T11:00:00","type":5,"quantity":0,"onhand":2,"maximum":2,"operation":"blend TAB-B"},{"index":16,"date":"2026-01-30T11:00:00","type":1,"quantity":1,"onhand":3,"maximum":2,"operation":"blend TAB-B"},{"index":17,"date":"2026-01-30T16:00:00","type":1,"quantity":-1,"onhand":2,"maximum":2,"operation":"blend TAB-A"},{"index":18,"date":"2026-01-30T17:00:00","type":1,"quantity":1,"onhand":3,"maximum":2,"operation":"blend TAB-A"},{"index":19,"date":"2026-01-30T23:00:00","type":1,"quantity":-1,"onhand":2,"maximum":2,"operation":"blend TAB-B"},{"index":20,"date":"2026-01-31T03:00:00","type":1,"quantity":1,"onhand":3,"maximum":2,"operation":"blend TAB-B"},{"index":21,"date":"2026-01-31T05:00:00","type":5,"quantity":0,"onhand":3,"maximum":2,"operation":"blend TAB-A"},{"index":22,"date":"2026-01-31T11:00:00","type":5,"quantity":0,"onhand":3,"maximum":2,"operation":"blend TAB-B"},{"index":23,"date":"2026-01-31T11:00:00","type":1,"quantity":-1,"onhand":2,"maximum":2,"operation":"blend TAB-B"},{"index":24,"date":"2026-02-01T01:00:00","type":1,"quantity":-1,"onhand":1,"maximum":2,"operation":"blend TAB-A"},{"index":25,"date":"2026-02-01T05:00:00","type":1,"quantity":1,"onhand":2,"maximum":2,"operation":"blend TAB-A"}]}
[resource] candidate {"demand":null,"iteration":12,"boundary":"2026-01-31T03:00:00","start":"2026-01-30T03:00:00","end":"2026-01-31T03:00:00","feasible":false}
[resource] overload {"demand":null,"operation":"blend TAB-B","loadPlanIndex":21,"overloadIndex":18,"events":[{"index":10,"date":"2026-01-29T15:00:00","type":1,"quantity":-1,"onhand":2,"maximum":2,"operation":"blend CAP-C"},{"index":11,"date":"2026-01-29T20:00:00","type":5,"quantity":0,"onhand":2,"maximum":2,"operation":"blend TAB-A"},{"index":12,"date":"2026-01-29T20:00:00","type":1,"quantity":1,"onhand":3,"maximum":2,"operation":"blend TAB-A"},{"index":13,"date":"2026-01-29T20:00:00","type":1,"quantity":-1,"onhand":2,"maximum":2,"operation":"blend CAP-C"},{"index":14,"date":"2026-01-29T23:00:00","type":5,"quantity":0,"onhand":2,"maximum":2,"operation":"blend TAB-B"},{"index":15,"date":"2026-01-30T03:00:00","type":5,"quantity":0,"onhand":2,"maximum":2,"operation":"blend TAB-B"},{"index":16,"date":"2026-01-30T03:00:00","type":1,"quantity":1,"onhand":3,"maximum":2,"operation":"blend TAB-B"},{"index":17,"date":"2026-01-30T16:00:00","type":1,"quantity":-1,"onhand":2,"maximum":2,"operation":"blend TAB-A"},{"index":18,"date":"2026-01-30T17:00:00","type":1,"quantity":1,"onhand":3,"maximum":2,"operation":"blend TAB-A"},{"index":19,"date":"2026-01-30T23:00:00","type":1,"quantity":-1,"onhand":2,"maximum":2,"operation":"blend TAB-B"},{"index":20,"date":"2026-01-31T03:00:00","type":1,"quantity":1,"onhand":3,"maximum":2,"operation":"blend TAB-B"},{"index":21,"date":"2026-01-31T03:00:00","type":1,"quantity":-1,"onhand":2,"maximum":2,"operation":"blend TAB-B"},{"index":22,"date":"2026-01-31T05:00:00","type":5,"quantity":0,"onhand":2,"maximum":2,"operation":"blend TAB-A"},{"index":23,"date":"2026-01-31T11:00:00","type":5,"quantity":0,"onhand":2,"maximum":2,"operation":"blend TAB-B"}]}
[resource] candidate {"demand":null,"iteration":13,"boundary":"2026-01-30T17:00:00","start":"2026-01-29T09:00:00","end":"2026-01-30T17:00:00","feasible":false}
[resource] overload {"demand":null,"operation":"blend TAB-B","loadPlanIndex":19,"overloadIndex":15,"events":[{"index":7,"date":"2026-01-29T02:00:00","type":1,"quantity":1,"onhand":3,"maximum":2,"operation":"blend CAP-C"},{"index":8,"date":"2026-01-29T02:00:00","type":1,"quantity":-1,"onhand":2,"maximum":2,"operation":"blend TAB-B"},{"index":9,"date":"2026-01-29T08:00:00","type":1,"quantity":1,"onhand":3,"maximum":2,"operation":"blend TAB-A"},{"index":10,"date":"2026-01-29T09:00:00","type":1,"quantity":1,"onhand":4,"maximum":2,"operation":"blend TAB-B"},{"index":11,"date":"2026-01-29T15:00:00","type":1,"quantity":1,"onhand":5,"maximum":2,"operation":"blend TAB-B"},{"index":12,"date":"2026-01-29T15:00:00","type":1,"quantity":-1,"onhand":4,"maximum":2,"operation":"blend CAP-C"},{"index":13,"date":"2026-01-29T17:00:00","type":5,"quantity":0,"onhand":4,"maximum":2,"operation":"blend TAB-B"},{"index":14,"date":"2026-01-29T20:00:00","type":5,"quantity":0,"onhand":4,"maximum":2,"operation":"blend TAB-A"},{"index":15,"date":"2026-01-29T20:00:00","type":1,"quantity":-1,"onhand":3,"maximum":2,"operation":"blend CAP-C"},{"index":16,"date":"2026-01-29T23:00:00","type":5,"quantity":0,"onhand":3,"maximum":2,"operation":"blend TAB-B"},{"index":17,"date":"2026-01-30T16:00:00","type":1,"quantity":-1,"onhand":2,"maximum":2,"operation":"blend TAB-A"},{"index":18,"date":"2026-01-30T17:00:00","type":1,"quantity":1,"onhand":3,"maximum":2,"operation":"blend TAB-A"},{"index":19,"date":"2026-01-30T17:00:00","type":1,"quantity":-1,"onhand":2,"maximum":2,"operation":"blend TAB-B"},{"index":20,"date":"2026-01-30T23:00:00","type":1,"quantity":-1,"onhand":1,"maximum":2,"operation":"blend TAB-B"},{"index":21,"date":"2026-01-31T03:00:00","type":1,"quantity":1,"onhand":2,"maximum":2,"operation":"blend TAB-B"}]}
[resource] candidate {"demand":null,"iteration":14,"boundary":"2026-01-29T08:00:00","start":"2026-01-28T08:00:00","end":"2026-01-29T08:00:00","feasible":false}
[resource] overload {"demand":null,"operation":"blend TAB-B","loadPlanIndex":11,"overloadIndex":10,"events":[{"index":2,"date":"2026-01-27T21:00:00","type":1,"quantity":1,"onhand":1,"maximum":2,"operation":"blend TAB-B"},{"index":3,"date":"2026-01-28T02:00:00","type":5,"quantity":0,"onhand":1,"maximum":2,"operation":"blend TAB-B"},{"index":4,"date":"2026-01-28T08:00:00","type":5,"quantity":0,"onhand":1,"maximum":2,"operation":"blend TAB-B"},{"index":5,"date":"2026-01-28T08:00:00","type":1,"quantity":1,"onhand":2,"maximum":2,"operation":"blend TAB-B"},{"index":6,"date":"2026-01-28T09:00:00","type":1,"quantity":1,"onhand":3,"maximum":2,"operation":"blend CAP-C"},{"index":7,"date":"2026-01-28T21:00:00","type":5,"quantity":0,"onhand":3,"maximum":2,"operation":"blend CAP-C"},{"index":8,"date":"2026-01-29T02:00:00","type":5,"quantity":0,"onhand":3,"maximum":2,"operation":"blend CAP-C"},{"index":9,"date":"2026-01-29T02:00:00","type":1,"quantity":1,"onhand":4,"maximum":2,"operation":"blend CAP-C"},{"index":10,"date":"2026-01-29T02:00:00","type":1,"quantity":-1,"onhand":3,"maximum":2,"operation":"blend TAB-B"},{"index":11,"date":"2026-01-29T08:00:00","type":1,"quantity":-1,"onhand":2,"maximum":2,"operation":"blend TAB-B"},{"index":12,"date":"2026-01-29T15:00:00","type":1,"quantity":1,"onhand":3,"maximum":2,"operation":"blend TAB-B"},{"index":13,"date":"2026-01-29T15:00:00","type":1,"quantity":-1,"onhand":2,"maximum":2,"operation":"blend CAP-C"}]}
[resource] candidate {"demand":null,"iteration":15,"boundary":"2026-01-28T09:00:00","start":"2026-01-27T04:00:00","end":"2026-01-28T09:00:00","feasible":false}
[resource] candidate {"demand":null,"iteration":16,"boundary":"2026-01-27T04:00:00","start":"2026-01-27T04:00:00","end":"2026-01-28T09:00:00","feasible":true}
[buffer] ask {"demand":null,"buffer":"active B","requested":6,"date":"2026-01-27T09:00:00","onhand":75}
[buffer] answer {"demand":null,"buffer":"active B","requested":6,"remainingShortage":0,"quantity":6,"date":"2026-01-27T09:00:00","plan":null}
[buffer] ask {"demand":null,"buffer":"excipient","requested":12,"date":"2026-01-27T09:00:00","onhand":420}
[buffer] answer {"demand":null,"buffer":"excipient","requested":12,"remainingShortage":0,"quantity":12,"date":"2026-01-27T09:00:00","plan":null}
[operation] answer {"demand":null,"operation":"blend TAB-B","quantity":6,"start":"2026-01-27T04:00:00","end":"2026-01-28T09:00:00"}
[operation] routing-answer {"demand":null,"operation":"batch TAB-B","quantity":6,"start":"2026-01-27T04:00:00","end":"2026-02-09T00:00:00"}
[buffer] replenish {"buffer":"tablet B","iteration":0,"requested":6,"replenished":6,"producerDate":"2026-02-09T00:00:00","eventCountBefore":19,"eventCountAfter":20,"remaining":0}
[buffer] answer {"demand":null,"buffer":"tablet B","requested":6,"remainingShortage":0,"quantity":6,"date":"2026-02-09T00:00:00","plan":"OperationPlan"}
[operation] answer {"demand":"medicine demand 017 TAB-B","operation":"release TAB-B","quantity":6,"start":"2026-02-09T00:00:00","end":"2026-02-09T06:00:00"}
[demand] reply {"demand":"medicine demand 017 TAB-B","attempt":1,"result":true,"quantity":6,"date":"2026-02-09T06:00:00"}
[demand] attempt {"demand":"medicine demand 026 TAB-B","attempt":1,"quantity":3,"requestDate":"2026-02-13T18:00:00","lastDate":"2030-12-31T00:00:00"}
[operation] ask {"demand":"medicine demand 026 TAB-B","operation":"release TAB-B","quantity":3,"end":"2026-02-13T18:00:00"}
[feasible] {"operation":"release TAB-B","start":"2026-02-13T12:00:00","end":"2026-02-13T18:00:00","reason":"interval-material"}
[buffer] ask {"demand":null,"buffer":"tablet B","requested":3,"date":"2026-02-13T12:00:00","onhand":6}
[buffer] shortage {"buffer":"tablet B","iteration":0,"date":"2026-02-13T12:00:00","onhand":-3,"shortage":3}
[operation] routing-ask {"demand":null,"operation":"batch TAB-B","quantity":3,"operationPlanQuantity":3,"end":"2026-02-13T12:00:00","steps":["blend TAB-B","form TAB-B","inspect TAB-B"]}
[operation] ask {"demand":null,"operation":"inspect TAB-B","quantity":3,"end":"2026-02-13T12:00:00"}
[resource] ask {"demand":null,"operation":"inspect TAB-B","resource":"qa pharmacist 1","start":"2026-02-12T18:00:00","end":"2026-02-13T12:00:00"}
[resource] candidate {"demand":null,"start":"2026-02-12T18:00:00","end":"2026-02-13T12:00:00","feasible":true}
[resource] ask {"demand":null,"operation":"inspect TAB-B","resource":"qa pharmacist 2","start":"2026-02-12T17:03:09","end":"2026-02-13T12:00:00"}
[resource] candidate {"demand":null,"start":"2026-02-12T17:03:09","end":"2026-02-13T12:00:00","feasible":true}
[resource] ask {"demand":null,"operation":"inspect TAB-B","resource":"qa pharmacist 1","start":"2026-02-12T18:00:00","end":"2026-02-13T12:00:00"}
[resource] candidate {"demand":null,"start":"2026-02-12T18:00:00","end":"2026-02-13T12:00:00","feasible":true}
[operation] answer {"demand":null,"operation":"inspect TAB-B","quantity":3,"start":"2026-02-12T18:00:00","end":"2026-02-13T12:00:00"}
[operation] ask {"demand":null,"operation":"form TAB-B","quantity":3,"end":"2026-02-12T18:00:00"}
[resource] ask {"demand":null,"operation":"form TAB-B","resource":"forming line A","start":"2026-02-11T23:00:00","end":"2026-02-12T18:00:00"}
[resource] candidate {"demand":null,"start":"2026-02-11T23:00:00","end":"2026-02-12T18:00:00","feasible":true}
[buffer] ask {"demand":null,"buffer":"primary packaging","requested":3,"date":"2026-02-12T04:00:00","onhand":197}
[buffer] answer {"demand":null,"buffer":"primary packaging","requested":3,"remainingShortage":0,"quantity":3,"date":"2026-02-12T04:00:00","plan":null}
[operation] answer {"demand":null,"operation":"form TAB-B","quantity":3,"start":"2026-02-11T23:00:00","end":"2026-02-12T18:00:00"}
[operation] ask {"demand":null,"operation":"blend TAB-B","quantity":3,"end":"2026-02-11T23:00:00"}
[feasible] {"operation":"blend TAB-B","start":"2026-02-10T15:00:00","end":"2026-02-11T23:00:00","reason":"capacity","siblings":[{"operation":"blend TAB-B","start":"2026-02-10T15:00:00","end":"2026-02-11T23:00:00"},{"operation":"form TAB-B","start":"2026-02-11T23:00:00","end":"2026-02-12T18:00:00"},{"operation":"inspect TAB-B","start":"2026-02-12T18:00:00","end":"2026-02-13T12:00:00"}]}
[resource] ask {"demand":null,"operation":"blend TAB-B","resource":"blender","start":"2026-02-10T15:00:00","end":"2026-02-11T23:00:00"}
[resource] candidate {"demand":null,"start":"2026-02-10T15:00:00","end":"2026-02-11T23:00:00","feasible":false}
[resource] overload {"demand":null,"operation":"blend TAB-B","loadPlanIndex":77,"overloadIndex":76,"events":[{"index":68,"date":"2026-02-10T17:00:00","type":5,"quantity":0,"onhand":2,"maximum":2,"operation":"blend TAB-A"},{"index":69,"date":"2026-02-10T17:00:00","type":1,"quantity":1,"onhand":3,"maximum":2,"operation":"blend TAB-A"},{"index":70,"date":"2026-02-10T19:00:00","type":1,"quantity":1,"onhand":4,"maximum":2,"operation":"blend TAB-A"},{"index":71,"date":"2026-02-10T21:00:00","type":1,"quantity":-1,"onhand":3,"maximum":2,"operation":"blend CAP-C"},{"index":72,"date":"2026-02-10T23:00:00","type":5,"quantity":0,"onhand":3,"maximum":2,"operation":"blend TAB-B"},{"index":73,"date":"2026-02-11T07:00:00","type":5,"quantity":0,"onhand":3,"maximum":2,"operation":"blend TAB-A"},{"index":74,"date":"2026-02-11T13:00:00","type":1,"quantity":-1,"onhand":2,"maximum":2,"operation":"blend TAB-A"},{"index":75,"date":"2026-02-11T16:00:00","type":5,"quantity":0,"onhand":2,"maximum":2,"operation":"blend CAP-C"},{"index":76,"date":"2026-02-11T16:00:00","type":1,"quantity":1,"onhand":3,"maximum":2,"operation":"blend CAP-C"},{"index":77,"date":"2026-02-11T23:00:00","type":1,"quantity":-1,"onhand":2,"maximum":2,"operation":"blend TAB-B"},{"index":78,"date":"2026-02-12T03:00:00","type":1,"quantity":1,"onhand":3,"maximum":2,"operation":"blend TAB-B"},{"index":79,"date":"2026-02-12T03:00:00","type":1,"quantity":-1,"onhand":2,"maximum":2,"operation":"blend TAB-A"}]}
[resource] candidate {"demand":null,"iteration":1,"boundary":"2026-02-11T16:00:00","start":"2026-02-10T08:00:00","end":"2026-02-11T16:00:00","feasible":false}
[resource] overload {"demand":null,"operation":"blend TAB-B","loadPlanIndex":77,"overloadIndex":73,"events":[{"index":65,"date":"2026-02-10T03:00:00","type":5,"quantity":0,"onhand":2,"maximum":2,"operation":"blend CAP-C"},{"index":66,"date":"2026-02-10T05:00:00","type":1,"quantity":1,"onhand":3,"maximum":2,"operation":"blend TAB-A"},{"index":67,"date":"2026-02-10T08:00:00","type":1,"quantity":1,"onhand":4,"maximum":2,"operation":"blend TAB-B"},{"index":68,"date":"2026-02-10T11:00:00","type":1,"quantity":-1,"onhand":3,"maximum":2,"operation":"blend TAB-B"},{"index":69,"date":"2026-02-10T16:00:00","type":5,"quantity":0,"onhand":3,"maximum":2,"operation":"blend TAB-B"},{"index":70,"date":"2026-02-10T17:00:00","type":5,"quantity":0,"onhand":3,"maximum":2,"operation":"blend TAB-A"},{"index":71,"date":"2026-02-10T21:00:00","type":1,"quantity":-1,"onhand":2,"maximum":2,"operation":"blend CAP-C"},{"index":72,"date":"2026-02-11T07:00:00","type":5,"quantity":0,"onhand":2,"maximum":2,"operation":"blend TAB-A"},{"index":73,"date":"2026-02-11T07:00:00","type":1,"quantity":1,"onhand":3,"maximum":2,"operation":"blend TAB-A"},{"index":74,"date":"2026-02-11T13:00:00","type":1,"quantity":-1,"onhand":2,"maximum":2,"operation":"blend TAB-A"},{"index":75,"date":"2026-02-11T16:00:00","type":5,"quantity":0,"onhand":2,"maximum":2,"operation":"blend CAP-C"},{"index":76,"date":"2026-02-11T16:00:00","type":1,"quantity":1,"onhand":3,"maximum":2,"operation":"blend CAP-C"},{"index":77,"date":"2026-02-11T16:00:00","type":1,"quantity":-1,"onhand":2,"maximum":2,"operation":"blend TAB-B"},{"index":78,"date":"2026-02-12T03:00:00","type":1,"quantity":1,"onhand":3,"maximum":2,"operation":"blend TAB-B"},{"index":79,"date":"2026-02-12T03:00:00","type":1,"quantity":-1,"onhand":2,"maximum":2,"operation":"blend TAB-A"}]}
[resource] candidate {"demand":null,"iteration":2,"boundary":"2026-02-11T07:00:00","start":"2026-02-09T23:00:00","end":"2026-02-11T07:00:00","feasible":false}
[resource] overload {"demand":null,"operation":"blend TAB-B","loadPlanIndex":74,"overloadIndex":69,"events":[{"index":61,"date":"2026-02-08T23:00:00","type":1,"quantity":-1,"onhand":0,"maximum":2,"operation":"blend TAB-B"},{"index":62,"date":"2026-02-09T11:00:00","type":5,"quantity":0,"onhand":0,"maximum":2,"operation":"blend TAB-B"},{"index":63,"date":"2026-02-09T11:00:00","type":1,"quantity":1,"onhand":1,"maximum":2,"operation":"blend TAB-B"},{"index":64,"date":"2026-02-09T15:00:00","type":1,"quantity":1,"onhand":2,"maximum":2,"operation":"blend CAP-C"},{"index":65,"date":"2026-02-09T23:00:00","type":1,"quantity":1,"onhand":3,"maximum":2,"operation":"blend TAB-B"},{"index":66,"date":"2026-02-10T03:00:00","type":5,"quantity":0,"onhand":3,"maximum":2,"operation":"blend CAP-C"},{"index":67,"date":"2026-02-10T05:00:00","type":1,"quantity":1,"onhand":4,"maximum":2,"operation":"blend TAB-A"},{"index":68,"date":"2026-02-10T07:00:00","type":5,"quantity":0,"onhand":4,"maximum":2,"operation":"blend TAB-B"},{"index":69,"date":"2026-02-10T11:00:00","type":1,"quantity":-1,"onhand":3,"maximum":2,"operation":"blend TAB-B"},{"index":70,"date":"2026-02-10T17:00:00","type":5,"quantity":0,"onhand":3,"maximum":2,"operation":"blend TAB-A"},{"index":71,"date":"2026-02-10T21:00:00","type":1,"quantity":-1,"onhand":2,"maximum":2,"operation":"blend CAP-C"},{"index":72,"date":"2026-02-11T07:00:00","type":5,"quantity":0,"onhand":2,"maximum":2,"operation":"blend TAB-A"},{"index":73,"date":"2026-02-11T07:00:00","type":1,"quantity":1,"onhand":3,"maximum":2,"operation":"blend TAB-A"},{"index":74,"date":"2026-02-11T07:00:00","type":1,"quantity":-1,"onhand":2,"maximum":2,"operation":"blend TAB-B"},{"index":75,"date":"2026-02-11T13:00:00","type":1,"quantity":-1,"onhand":1,"maximum":2,"operation":"blend TAB-A"},{"index":76,"date":"2026-02-11T16:00:00","type":5,"quantity":0,"onhand":1,"maximum":2,"operation":"blend CAP-C"}]}
[resource] candidate {"demand":null,"iteration":3,"boundary":"2026-02-09T23:00:00","start":"2026-02-08T23:00:00","end":"2026-02-09T23:00:00","feasible":false}
[resource] overload {"demand":null,"operation":"blend TAB-B","loadPlanIndex":67,"overloadIndex":66,"events":[{"index":58,"date":"2026-02-07T22:00:00","type":1,"quantity":-1,"onhand":2,"maximum":2,"operation":"blend CAP-C"},{"index":59,"date":"2026-02-07T23:00:00","type":5,"quantity":0,"onhand":2,"maximum":2,"operation":"blend TAB-B"},{"index":60,"date":"2026-02-08T18:00:00","type":1,"quantity":-1,"onhand":1,"maximum":2,"operation":"blend TAB-A"},{"index":61,"date":"2026-02-08T23:00:00","type":5,"quantity":0,"onhand":1,"maximum":2,"operation":"blend TAB-B"},{"index":62,"date":"2026-02-08T23:00:00","type":1,"quantity":1,"onhand":2,"maximum":2,"operation":"blend TAB-B"},{"index":63,"date":"2026-02-08T23:00:00","type":1,"quantity":-1,"onhand":1,"maximum":2,"operation":"blend TAB-B"},{"index":64,"date":"2026-02-09T11:00:00","type":5,"quantity":0,"onhand":1,"maximum":2,"operation":"blend TAB-B"},{"index":65,"date":"2026-02-09T11:00:00","type":1,"quantity":1,"onhand":2,"maximum":2,"operation":"blend TAB-B"},{"index":66,"date":"2026-02-09T15:00:00","type":1,"quantity":1,"onhand":3,"maximum":2,"operation":"blend CAP-C"},{"index":67,"date":"2026-02-09T23:00:00","type":1,"quantity":-1,"onhand":2,"maximum":2,"operation":"blend TAB-B"},{"index":68,"date":"2026-02-10T03:00:00","type":5,"quantity":0,"onhand":2,"maximum":2,"operation":"blend CAP-C"},{"index":69,"date":"2026-02-10T11:00:00","type":1,"quantity":-1,"onhand":1,"maximum":2,"operation":"blend TAB-B"}]}
[resource] candidate {"demand":null,"iteration":4,"boundary":"2026-02-09T15:00:00","start":"2026-02-08T15:00:00","end":"2026-02-09T15:00:00","feasible":false}
[resource] overload {"demand":null,"operation":"blend TAB-B","loadPlanIndex":67,"overloadIndex":61,"events":[{"index":53,"date":"2026-02-07T04:00:00","type":1,"quantity":1,"onhand":2,"maximum":2,"operation":"blend CAP-C"},{"index":54,"date":"2026-02-07T15:00:00","type":1,"quantity":1,"onhand":3,"maximum":2,"operation":"blend TAB-B"},{"index":55,"date":"2026-02-07T15:00:00","type":1,"quantity":-1,"onhand":2,"maximum":2,"operation":"blend TAB-A"},{"index":56,"date":"2026-02-07T22:00:00","type":5,"quantity":0,"onhand":2,"maximum":2,"operation":"blend TAB-A"},{"index":57,"date":"2026-02-07T22:00:00","type":1,"quantity":1,"onhand":3,"maximum":2,"operation":"blend TAB-A"},{"index":58,"date":"2026-02-07T22:00:00","type":1,"quantity":-1,"onhand":2,"maximum":2,"operation":"blend CAP-C"},{"index":59,"date":"2026-02-07T23:00:00","type":5,"quantity":0,"onhand":2,"maximum":2,"operation":"blend TAB-B"},{"index":60,"date":"2026-02-08T15:00:00","type":5,"quantity":0,"onhand":2,"maximum":2,"operation":"blend TAB-B"},{"index":61,"date":"2026-02-08T15:00:00","type":1,"quantity":1,"onhand":3,"maximum":2,"operation":"blend TAB-B"},{"index":62,"date":"2026-02-08T18:00:00","type":1,"quantity":-1,"onhand":2,"maximum":2,"operation":"blend TAB-A"},{"index":63,"date":"2026-02-08T23:00:00","type":1,"quantity":-1,"onhand":1,"maximum":2,"operation":"blend TAB-B"},{"index":64,"date":"2026-02-09T11:00:00","type":5,"quantity":0,"onhand":1,"maximum":2,"operation":"blend TAB-B"},{"index":65,"date":"2026-02-09T11:00:00","type":1,"quantity":1,"onhand":2,"maximum":2,"operation":"blend TAB-B"},{"index":66,"date":"2026-02-09T15:00:00","type":1,"quantity":1,"onhand":3,"maximum":2,"operation":"blend CAP-C"},{"index":67,"date":"2026-02-09T15:00:00","type":1,"quantity":-1,"onhand":2,"maximum":2,"operation":"blend TAB-B"},{"index":68,"date":"2026-02-10T03:00:00","type":5,"quantity":0,"onhand":2,"maximum":2,"operation":"blend CAP-C"},{"index":69,"date":"2026-02-10T11:00:00","type":1,"quantity":-1,"onhand":1,"maximum":2,"operation":"blend TAB-B"}]}
[resource] candidate {"demand":null,"iteration":5,"boundary":"2026-02-08T15:00:00","start":"2026-02-07T07:00:00","end":"2026-02-08T15:00:00","feasible":false}
[resource] overload {"demand":null,"operation":"blend TAB-B","loadPlanIndex":62,"overloadIndex":60,"events":[{"index":52,"date":"2026-02-07T04:00:00","type":5,"quantity":0,"onhand":1,"maximum":2,"operation":"blend CAP-C"},{"index":53,"date":"2026-02-07T04:00:00","type":1,"quantity":1,"onhand":2,"maximum":2,"operation":"blend CAP-C"},{"index":54,"date":"2026-02-07T07:00:00","type":1,"quantity":1,"onhand":3,"maximum":2,"operation":"blend TAB-B"},{"index":55,"date":"2026-02-07T10:00:00","type":1,"quantity":1,"onhand":4,"maximum":2,"operation":"blend TAB-A"},{"index":56,"date":"2026-02-07T15:00:00","type":5,"quantity":0,"onhand":4,"maximum":2,"operation":"blend TAB-B"},{"index":57,"date":"2026-02-07T15:00:00","type":1,"quantity":1,"onhand":5,"maximum":2,"operation":"blend TAB-B"},{"index":58,"date":"2026-02-07T15:00:00","type":1,"quantity":-1,"onhand":4,"maximum":2,"operation":"blend TAB-A"},{"index":59,"date":"2026-02-07T22:00:00","type":5,"quantity":0,"onhand":4,"maximum":2,"operation":"blend TAB-A"},{"index":60,"date":"2026-02-07T22:00:00","type":1,"quantity":-1,"onhand":3,"maximum":2,"operation":"blend CAP-C"},{"index":61,"date":"2026-02-07T23:00:00","type":5,"quantity":0,"onhand":3,"maximum":2,"operation":"blend TAB-B"},{"index":62,"date":"2026-02-08T15:00:00","type":1,"quantity":-1,"onhand":2,"maximum":2,"operation":"blend TAB-B"},{"index":63,"date":"2026-02-08T18:00:00","type":1,"quantity":-1,"onhand":1,"maximum":2,"operation":"blend TAB-A"},{"index":64,"date":"2026-02-08T23:00:00","type":1,"quantity":-1,"onhand":0,"maximum":2,"operation":"blend TAB-B"}]}
[resource] candidate {"demand":null,"iteration":6,"boundary":"2026-02-07T07:00:00","start":"2026-02-05T23:00:00","end":"2026-02-07T07:00:00","feasible":false}
[resource] overload {"demand":null,"operation":"blend TAB-B","loadPlanIndex":56,"overloadIndex":55,"events":[{"index":47,"date":"2026-02-06T05:00:00","type":5,"quantity":0,"onhand":2,"maximum":2,"operation":"blend TAB-A"},{"index":48,"date":"2026-02-06T05:00:00","type":1,"quantity":1,"onhand":3,"maximum":2,"operation":"blend TAB-A"},{"index":49,"date":"2026-02-06T07:00:00","type":5,"quantity":0,"onhand":3,"maximum":2,"operation":"blend TAB-B"},{"index":50,"date":"2026-02-06T07:00:00","type":1,"quantity":1,"onhand":4,"maximum":2,"operation":"blend TAB-A"},{"index":51,"date":"2026-02-06T09:00:00","type":1,"quantity":-1,"onhand":3,"maximum":2,"operation":"blend CAP-C"},{"index":52,"date":"2026-02-06T19:00:00","type":5,"quantity":0,"onhand":3,"maximum":2,"operation":"blend TAB-A"},{"index":53,"date":"2026-02-07T01:00:00","type":1,"quantity":-1,"onhand":2,"maximum":2,"operation":"blend TAB-A"},{"index":54,"date":"2026-02-07T04:00:00","type":5,"quantity":0,"onhand":2,"maximum":2,"operation":"blend CAP-C"},{"index":55,"date":"2026-02-07T04:00:00","type":1,"quantity":1,"onhand":3,"maximum":2,"operation":"blend CAP-C"},{"index":56,"date":"2026-02-07T07:00:00","type":1,"quantity":-1,"onhand":2,"maximum":2,"operation":"blend TAB-B"},{"index":57,"date":"2026-02-07T15:00:00","type":1,"quantity":1,"onhand":3,"maximum":2,"operation":"blend TAB-B"},{"index":58,"date":"2026-02-07T15:00:00","type":1,"quantity":-1,"onhand":2,"maximum":2,"operation":"blend TAB-A"}]}
[resource] candidate {"demand":null,"iteration":7,"boundary":"2026-02-07T04:00:00","start":"2026-02-05T20:00:00","end":"2026-02-07T04:00:00","feasible":false}
[resource] overload {"demand":null,"operation":"blend TAB-B","loadPlanIndex":56,"overloadIndex":52,"events":[{"index":44,"date":"2026-02-05T15:00:00","type":5,"quantity":0,"onhand":2,"maximum":2,"operation":"blend CAP-C"},{"index":45,"date":"2026-02-05T17:00:00","type":1,"quantity":1,"onhand":3,"maximum":2,"operation":"blend TAB-A"},{"index":46,"date":"2026-02-05T20:00:00","type":1,"quantity":1,"onhand":4,"maximum":2,"operation":"blend TAB-B"},{"index":47,"date":"2026-02-05T23:00:00","type":1,"quantity":-1,"onhand":3,"maximum":2,"operation":"blend TAB-B"},{"index":48,"date":"2026-02-06T04:00:00","type":5,"quantity":0,"onhand":3,"maximum":2,"operation":"blend TAB-B"},{"index":49,"date":"2026-02-06T05:00:00","type":5,"quantity":0,"onhand":3,"maximum":2,"operation":"blend TAB-A"},{"index":50,"date":"2026-02-06T09:00:00","type":1,"quantity":-1,"onhand":2,"maximum":2,"operation":"blend CAP-C"},{"index":51,"date":"2026-02-06T19:00:00","type":5,"quantity":0,"onhand":2,"maximum":2,"operation":"blend TAB-A"},{"index":52,"date":"2026-02-06T19:00:00","type":1,"quantity":1,"onhand":3,"maximum":2,"operation":"blend TAB-A"},{"index":53,"date":"2026-02-07T01:00:00","type":1,"quantity":-1,"onhand":2,"maximum":2,"operation":"blend TAB-A"},{"index":54,"date":"2026-02-07T04:00:00","type":5,"quantity":0,"onhand":2,"maximum":2,"operation":"blend CAP-C"},{"index":55,"date":"2026-02-07T04:00:00","type":1,"quantity":1,"onhand":3,"maximum":2,"operation":"blend CAP-C"},{"index":56,"date":"2026-02-07T04:00:00","type":1,"quantity":-1,"onhand":2,"maximum":2,"operation":"blend TAB-B"},{"index":57,"date":"2026-02-07T15:00:00","type":1,"quantity":1,"onhand":3,"maximum":2,"operation":"blend TAB-B"},{"index":58,"date":"2026-02-07T15:00:00","type":1,"quantity":-1,"onhand":2,"maximum":2,"operation":"blend TAB-A"}]}
[resource] candidate {"demand":null,"iteration":8,"boundary":"2026-02-06T19:00:00","start":"2026-02-05T11:00:00","end":"2026-02-06T19:00:00","feasible":false}
[resource] overload {"demand":null,"operation":"blend TAB-B","loadPlanIndex":53,"overloadIndex":48,"events":[{"index":40,"date":"2026-02-04T11:00:00","type":1,"quantity":-1,"onhand":0,"maximum":2,"operation":"blend TAB-B"},{"index":41,"date":"2026-02-04T23:00:00","type":5,"quantity":0,"onhand":0,"maximum":2,"operation":"blend TAB-B"},{"index":42,"date":"2026-02-04T23:00:00","type":1,"quantity":1,"onhand":1,"maximum":2,"operation":"blend TAB-B"},{"index":43,"date":"2026-02-05T03:00:00","type":1,"quantity":1,"onhand":2,"maximum":2,"operation":"blend CAP-C"},{"index":44,"date":"2026-02-05T11:00:00","type":1,"quantity":1,"onhand":3,"maximum":2,"operation":"blend TAB-B"},{"index":45,"date":"2026-02-05T15:00:00","type":5,"quantity":0,"onhand":3,"maximum":2,"operation":"blend CAP-C"},{"index":46,"date":"2026-02-05T17:00:00","type":1,"quantity":1,"onhand":4,"maximum":2,"operation":"blend TAB-A"},{"index":47,"date":"2026-02-05T19:00:00","type":5,"quantity":0,"onhand":4,"maximum":2,"operation":"blend TAB-B"},{"index":48,"date":"2026-02-05T23:00:00","type":1,"quantity":-1,"onhand":3,"maximum":2,"operation":"blend TAB-B"},{"index":49,"date":"2026-02-06T05:00:00","type":5,"quantity":0,"onhand":3,"maximum":2,"operation":"blend TAB-A"},{"index":50,"date":"2026-02-06T09:00:00","type":1,"quantity":-1,"onhand":2,"maximum":2,"operation":"blend CAP-C"},{"index":51,"date":"2026-02-06T19:00:00","type":5,"quantity":0,"onhand":2,"maximum":2,"operation":"blend TAB-A"},{"index":52,"date":"2026-02-06T19:00:00","type":1,"quantity":1,"onhand":3,"maximum":2,"operation":"blend TAB-A"},{"index":53,"date":"2026-02-06T19:00:00","type":1,"quantity":-1,"onhand":2,"maximum":2,"operation":"blend TAB-B"},{"index":54,"date":"2026-02-07T01:00:00","type":1,"quantity":-1,"onhand":1,"maximum":2,"operation":"blend TAB-A"},{"index":55,"date":"2026-02-07T04:00:00","type":5,"quantity":0,"onhand":1,"maximum":2,"operation":"blend CAP-C"}]}
[resource] candidate {"demand":null,"iteration":9,"boundary":"2026-02-05T11:00:00","start":"2026-02-04T11:00:00","end":"2026-02-05T11:00:00","feasible":false}
[resource] overload {"demand":null,"operation":"blend TAB-B","loadPlanIndex":46,"overloadIndex":45,"events":[{"index":37,"date":"2026-02-03T10:00:00","type":1,"quantity":-1,"onhand":2,"maximum":2,"operation":"blend CAP-C"},{"index":38,"date":"2026-02-03T11:00:00","type":5,"quantity":0,"onhand":2,"maximum":2,"operation":"blend TAB-B"},{"index":39,"date":"2026-02-04T06:00:00","type":1,"quantity":-1,"onhand":1,"maximum":2,"operation":"blend TAB-A"},{"index":40,"date":"2026-02-04T11:00:00","type":5,"quantity":0,"onhand":1,"maximum":2,"operation":"blend TAB-B"},{"index":41,"date":"2026-02-04T11:00:00","type":1,"quantity":1,"onhand":2,"maximum":2,"operation":"blend TAB-B"},{"index":42,"date":"2026-02-04T11:00:00","type":1,"quantity":-1,"onhand":1,"maximum":2,"operation":"blend TAB-B"},{"index":43,"date":"2026-02-04T23:00:00","type":5,"quantity":0,"onhand":1,"maximum":2,"operation":"blend TAB-B"},{"index":44,"date":"2026-02-04T23:00:00","type":1,"quantity":1,"onhand":2,"maximum":2,"operation":"blend TAB-B"},{"index":45,"date":"2026-02-05T03:00:00","type":1,"quantity":1,"onhand":3,"maximum":2,"operation":"blend CAP-C"},{"index":46,"date":"2026-02-05T11:00:00","type":1,"quantity":-1,"onhand":2,"maximum":2,"operation":"blend TAB-B"},{"index":47,"date":"2026-02-05T15:00:00","type":5,"quantity":0,"onhand":2,"maximum":2,"operation":"blend CAP-C"},{"index":48,"date":"2026-02-05T23:00:00","type":1,"quantity":-1,"onhand":1,"maximum":2,"operation":"blend TAB-B"}]}
[resource] candidate {"demand":null,"iteration":10,"boundary":"2026-02-05T03:00:00","start":"2026-02-04T03:00:00","end":"2026-02-05T03:00:00","feasible":false}
[resource] overload {"demand":null,"operation":"blend TAB-B","loadPlanIndex":46,"overloadIndex":40,"events":[{"index":32,"date":"2026-02-02T16:00:00","type":1,"quantity":1,"onhand":2,"maximum":2,"operation":"blend CAP-C"},{"index":33,"date":"2026-02-03T03:00:00","type":1,"quantity":1,"onhand":3,"maximum":2,"operation":"blend TAB-B"},{"index":34,"date":"2026-02-03T03:00:00","type":1,"quantity":-1,"onhand":2,"maximum":2,"operation":"blend TAB-A"},{"index":35,"date":"2026-02-03T10:00:00","type":5,"quantity":0,"onhand":2,"maximum":2,"operation":"blend TAB-A"},{"index":36,"date":"2026-02-03T10:00:00","type":1,"quantity":1,"onhand":3,"maximum":2,"operation":"blend TAB-A"},{"index":37,"date":"2026-02-03T10:00:00","type":1,"quantity":-1,"onhand":2,"maximum":2,"operation":"blend CAP-C"},{"index":38,"date":"2026-02-03T11:00:00","type":5,"quantity":0,"onhand":2,"maximum":2,"operation":"blend TAB-B"},{"index":39,"date":"2026-02-04T03:00:00","type":5,"quantity":0,"onhand":2,"maximum":2,"operation":"blend TAB-B"},{"index":40,"date":"2026-02-04T03:00:00","type":1,"quantity":1,"onhand":3,"maximum":2,"operation":"blend TAB-B"},{"index":41,"date":"2026-02-04T06:00:00","type":1,"quantity":-1,"onhand":2,"maximum":2,"operation":"blend TAB-A"},{"index":42,"date":"2026-02-04T11:00:00","type":1,"quantity":-1,"onhand":1,"maximum":2,"operation":"blend TAB-B"},{"index":43,"date":"2026-02-04T23:00:00","type":5,"quantity":0,"onhand":1,"maximum":2,"operation":"blend TAB-B"},{"index":44,"date":"2026-02-04T23:00:00","type":1,"quantity":1,"onhand":2,"maximum":2,"operation":"blend TAB-B"},{"index":45,"date":"2026-02-05T03:00:00","type":1,"quantity":1,"onhand":3,"maximum":2,"operation":"blend CAP-C"},{"index":46,"date":"2026-02-05T03:00:00","type":1,"quantity":-1,"onhand":2,"maximum":2,"operation":"blend TAB-B"},{"index":47,"date":"2026-02-05T15:00:00","type":5,"quantity":0,"onhand":2,"maximum":2,"operation":"blend CAP-C"},{"index":48,"date":"2026-02-05T23:00:00","type":1,"quantity":-1,"onhand":1,"maximum":2,"operation":"blend TAB-B"}]}
[resource] candidate {"demand":null,"iteration":11,"boundary":"2026-02-04T03:00:00","start":"2026-02-02T19:00:00","end":"2026-02-04T03:00:00","feasible":false}
[resource] overload {"demand":null,"operation":"blend TAB-B","loadPlanIndex":41,"overloadIndex":39,"events":[{"index":31,"date":"2026-02-02T16:00:00","type":5,"quantity":0,"onhand":1,"maximum":2,"operation":"blend CAP-C"},{"index":32,"date":"2026-02-02T16:00:00","type":1,"quantity":1,"onhand":2,"maximum":2,"operation":"blend CAP-C"},{"index":33,"date":"2026-02-02T19:00:00","type":1,"quantity":1,"onhand":3,"maximum":2,"operation":"blend TAB-B"},{"index":34,"date":"2026-02-02T22:00:00","type":1,"quantity":1,"onhand":4,"maximum":2,"operation":"blend TAB-A"},{"index":35,"date":"2026-02-03T03:00:00","type":5,"quantity":0,"onhand":4,"maximum":2,"operation":"blend TAB-B"},{"index":36,"date":"2026-02-03T03:00:00","type":1,"quantity":1,"onhand":5,"maximum":2,"operation":"blend TAB-B"},{"index":37,"date":"2026-02-03T03:00:00","type":1,"quantity":-1,"onhand":4,"maximum":2,"operation":"blend TAB-A"},{"index":38,"date":"2026-02-03T10:00:00","type":5,"quantity":0,"onhand":4,"maximum":2,"operation":"blend TAB-A"},{"index":39,"date":"2026-02-03T10:00:00","type":1,"quantity":-1,"onhand":3,"maximum":2,"operation":"blend CAP-C"},{"index":40,"date":"2026-02-03T11:00:00","type":5,"quantity":0,"onhand":3,"maximum":2,"operation":"blend TAB-B"},{"index":41,"date":"2026-02-04T03:00:00","type":1,"quantity":-1,"onhand":2,"maximum":2,"operation":"blend TAB-B"},{"index":42,"date":"2026-02-04T06:00:00","type":1,"quantity":-1,"onhand":1,"maximum":2,"operation":"blend TAB-A"},{"index":43,"date":"2026-02-04T11:00:00","type":1,"quantity":-1,"onhand":0,"maximum":2,"operation":"blend TAB-B"}]}
[resource] candidate {"demand":null,"iteration":12,"boundary":"2026-02-02T19:00:00","start":"2026-02-01T11:00:00","end":"2026-02-02T19:00:00","feasible":false}
[resource] overload {"demand":null,"operation":"blend TAB-B","loadPlanIndex":35,"overloadIndex":34,"events":[{"index":26,"date":"2026-02-01T11:00:00","type":1,"quantity":1,"onhand":3,"maximum":2,"operation":"blend TAB-B"},{"index":27,"date":"2026-02-01T11:00:00","type":1,"quantity":-1,"onhand":2,"maximum":2,"operation":"blend TAB-B"},{"index":28,"date":"2026-02-01T17:00:00","type":5,"quantity":0,"onhand":2,"maximum":2,"operation":"blend TAB-A"},{"index":29,"date":"2026-02-01T19:00:00","type":5,"quantity":0,"onhand":2,"maximum":2,"operation":"blend TAB-B"},{"index":30,"date":"2026-02-01T19:00:00","type":1,"quantity":1,"onhand":3,"maximum":2,"operation":"blend TAB-A"},{"index":31,"date":"2026-02-02T07:00:00","type":5,"quantity":0,"onhand":3,"maximum":2,"operation":"blend TAB-A"},{"index":32,"date":"2026-02-02T13:00:00","type":1,"quantity":-1,"onhand":2,"maximum":2,"operation":"blend TAB-A"},{"index":33,"date":"2026-02-02T16:00:00","type":5,"quantity":0,"onhand":2,"maximum":2,"operation":"blend CAP-C"},{"index":34,"date":"2026-02-02T16:00:00","type":1,"quantity":1,"onhand":3,"maximum":2,"operation":"blend CAP-C"},{"index":35,"date":"2026-02-02T19:00:00","type":1,"quantity":-1,"onhand":2,"maximum":2,"operation":"blend TAB-B"},{"index":36,"date":"2026-02-03T03:00:00","type":1,"quantity":1,"onhand":3,"maximum":2,"operation":"blend TAB-B"},{"index":37,"date":"2026-02-03T03:00:00","type":1,"quantity":-1,"onhand":2,"maximum":2,"operation":"blend TAB-A"}]}
[resource] candidate {"demand":null,"iteration":13,"boundary":"2026-02-02T16:00:00","start":"2026-02-01T16:00:00","end":"2026-02-02T16:00:00","feasible":false}
[resource] overload {"demand":null,"operation":"blend TAB-B","loadPlanIndex":35,"overloadIndex":31,"events":[{"index":23,"date":"2026-01-31T11:00:00","type":5,"quantity":0,"onhand":2,"maximum":2,"operation":"blend TAB-B"},{"index":24,"date":"2026-02-01T01:00:00","type":1,"quantity":-1,"onhand":1,"maximum":2,"operation":"blend TAB-A"},{"index":25,"date":"2026-02-01T05:00:00","type":1,"quantity":1,"onhand":2,"maximum":2,"operation":"blend TAB-A"},{"index":26,"date":"2026-02-01T11:00:00","type":1,"quantity":-1,"onhand":1,"maximum":2,"operation":"blend TAB-B"},{"index":27,"date":"2026-02-01T16:00:00","type":5,"quantity":0,"onhand":1,"maximum":2,"operation":"blend TAB-B"},{"index":28,"date":"2026-02-01T16:00:00","type":1,"quantity":1,"onhand":2,"maximum":2,"operation":"blend TAB-B"},{"index":29,"date":"2026-02-01T17:00:00","type":5,"quantity":0,"onhand":2,"maximum":2,"operation":"blend TAB-A"},{"index":30,"date":"2026-02-02T07:00:00","type":5,"quantity":0,"onhand":2,"maximum":2,"operation":"blend TAB-A"},{"index":31,"date":"2026-02-02T07:00:00","type":1,"quantity":1,"onhand":3,"maximum":2,"operation":"blend TAB-A"},{"index":32,"date":"2026-02-02T13:00:00","type":1,"quantity":-1,"onhand":2,"maximum":2,"operation":"blend TAB-A"},{"index":33,"date":"2026-02-02T16:00:00","type":5,"quantity":0,"onhand":2,"maximum":2,"operation":"blend CAP-C"},{"index":34,"date":"2026-02-02T16:00:00","type":1,"quantity":1,"onhand":3,"maximum":2,"operation":"blend CAP-C"},{"index":35,"date":"2026-02-02T16:00:00","type":1,"quantity":-1,"onhand":2,"maximum":2,"operation":"blend TAB-B"},{"index":36,"date":"2026-02-03T03:00:00","type":1,"quantity":1,"onhand":3,"maximum":2,"operation":"blend TAB-B"},{"index":37,"date":"2026-02-03T03:00:00","type":1,"quantity":-1,"onhand":2,"maximum":2,"operation":"blend TAB-A"}]}
[resource] candidate {"demand":null,"iteration":14,"boundary":"2026-02-02T07:00:00","start":"2026-02-01T07:00:00","end":"2026-02-02T07:00:00","feasible":false}
[resource] overload {"demand":null,"operation":"blend TAB-B","loadPlanIndex":32,"overloadIndex":27,"events":[{"index":19,"date":"2026-01-30T17:00:00","type":1,"quantity":1,"onhand":2,"maximum":2,"operation":"blend TAB-A"},{"index":20,"date":"2026-01-30T23:00:00","type":1,"quantity":-1,"onhand":1,"maximum":2,"operation":"blend TAB-B"},{"index":21,"date":"2026-01-31T03:00:00","type":1,"quantity":1,"onhand":2,"maximum":2,"operation":"blend TAB-B"},{"index":22,"date":"2026-01-31T05:00:00","type":5,"quantity":0,"onhand":2,"maximum":2,"operation":"blend TAB-A"},{"index":23,"date":"2026-01-31T11:00:00","type":5,"quantity":0,"onhand":2,"maximum":2,"operation":"blend TAB-B"},{"index":24,"date":"2026-02-01T01:00:00","type":1,"quantity":-1,"onhand":1,"maximum":2,"operation":"blend TAB-A"},{"index":25,"date":"2026-02-01T05:00:00","type":1,"quantity":1,"onhand":2,"maximum":2,"operation":"blend TAB-A"},{"index":26,"date":"2026-02-01T07:00:00","type":5,"quantity":0,"onhand":2,"maximum":2,"operation":"blend TAB-B"},{"index":27,"date":"2026-02-01T07:00:00","type":1,"quantity":1,"onhand":3,"maximum":2,"operation":"blend TAB-B"},{"index":28,"date":"2026-02-01T11:00:00","type":1,"quantity":-1,"onhand":2,"maximum":2,"operation":"blend TAB-B"},{"index":29,"date":"2026-02-01T17:00:00","type":5,"quantity":0,"onhand":2,"maximum":2,"operation":"blend TAB-A"},{"index":30,"date":"2026-02-02T07:00:00","type":5,"quantity":0,"onhand":2,"maximum":2,"operation":"blend TAB-A"},{"index":31,"date":"2026-02-02T07:00:00","type":1,"quantity":1,"onhand":3,"maximum":2,"operation":"blend TAB-A"},{"index":32,"date":"2026-02-02T07:00:00","type":1,"quantity":-1,"onhand":2,"maximum":2,"operation":"blend TAB-B"},{"index":33,"date":"2026-02-02T13:00:00","type":1,"quantity":-1,"onhand":1,"maximum":2,"operation":"blend TAB-A"},{"index":34,"date":"2026-02-02T16:00:00","type":5,"quantity":0,"onhand":1,"maximum":2,"operation":"blend CAP-C"}]}
[resource] candidate {"demand":null,"iteration":15,"boundary":"2026-02-01T07:00:00","start":"2026-01-30T23:00:00","end":"2026-02-01T07:00:00","feasible":false}
[resource] overload {"demand":null,"operation":"blend TAB-B","loadPlanIndex":28,"overloadIndex":27,"events":[{"index":19,"date":"2026-01-30T17:00:00","type":1,"quantity":1,"onhand":2,"maximum":2,"operation":"blend TAB-A"},{"index":20,"date":"2026-01-30T23:00:00","type":1,"quantity":1,"onhand":3,"maximum":2,"operation":"blend TAB-B"},{"index":21,"date":"2026-01-30T23:00:00","type":1,"quantity":-1,"onhand":2,"maximum":2,"operation":"blend TAB-B"},{"index":22,"date":"2026-01-31T05:00:00","type":5,"quantity":0,"onhand":2,"maximum":2,"operation":"blend TAB-A"},{"index":23,"date":"2026-01-31T07:00:00","type":5,"quantity":0,"onhand":2,"maximum":2,"operation":"blend TAB-B"},{"index":24,"date":"2026-01-31T11:00:00","type":5,"quantity":0,"onhand":2,"maximum":2,"operation":"blend TAB-B"},{"index":25,"date":"2026-01-31T11:00:00","type":1,"quantity":1,"onhand":3,"maximum":2,"operation":"blend TAB-B"},{"index":26,"date":"2026-02-01T01:00:00","type":1,"quantity":-1,"onhand":2,"maximum":2,"operation":"blend TAB-A"},{"index":27,"date":"2026-02-01T05:00:00","type":1,"quantity":1,"onhand":3,"maximum":2,"operation":"blend TAB-A"},{"index":28,"date":"2026-02-01T07:00:00","type":1,"quantity":-1,"onhand":2,"maximum":2,"operation":"blend TAB-B"},{"index":29,"date":"2026-02-01T11:00:00","type":1,"quantity":-1,"onhand":1,"maximum":2,"operation":"blend TAB-B"},{"index":30,"date":"2026-02-01T17:00:00","type":5,"quantity":0,"onhand":1,"maximum":2,"operation":"blend TAB-A"}]}
[resource] candidate {"demand":null,"iteration":16,"boundary":"2026-02-01T05:00:00","start":"2026-01-31T05:00:00","end":"2026-02-01T05:00:00","feasible":false}
[resource] overload {"demand":null,"operation":"blend TAB-B","loadPlanIndex":28,"overloadIndex":25,"events":[{"index":17,"date":"2026-01-29T23:00:00","type":5,"quantity":0,"onhand":2,"maximum":2,"operation":"blend TAB-B"},{"index":18,"date":"2026-01-30T16:00:00","type":1,"quantity":-1,"onhand":1,"maximum":2,"operation":"blend TAB-A"},{"index":19,"date":"2026-01-30T17:00:00","type":1,"quantity":1,"onhand":2,"maximum":2,"operation":"blend TAB-A"},{"index":20,"date":"2026-01-30T23:00:00","type":1,"quantity":-1,"onhand":1,"maximum":2,"operation":"blend TAB-B"},{"index":21,"date":"2026-01-31T05:00:00","type":5,"quantity":0,"onhand":1,"maximum":2,"operation":"blend TAB-A"},{"index":22,"date":"2026-01-31T05:00:00","type":5,"quantity":0,"onhand":1,"maximum":2,"operation":"blend TAB-B"},{"index":23,"date":"2026-01-31T05:00:00","type":1,"quantity":1,"onhand":2,"maximum":2,"operation":"blend TAB-B"},{"index":24,"date":"2026-01-31T11:00:00","type":5,"quantity":0,"onhand":2,"maximum":2,"operation":"blend TAB-B"},{"index":25,"date":"2026-01-31T11:00:00","type":1,"quantity":1,"onhand":3,"maximum":2,"operation":"blend TAB-B"},{"index":26,"date":"2026-02-01T01:00:00","type":1,"quantity":-1,"onhand":2,"maximum":2,"operation":"blend TAB-A"},{"index":27,"date":"2026-02-01T05:00:00","type":1,"quantity":1,"onhand":3,"maximum":2,"operation":"blend TAB-A"},{"index":28,"date":"2026-02-01T05:00:00","type":1,"quantity":-1,"onhand":2,"maximum":2,"operation":"blend TAB-B"},{"index":29,"date":"2026-02-01T11:00:00","type":1,"quantity":-1,"onhand":1,"maximum":2,"operation":"blend TAB-B"},{"index":30,"date":"2026-02-01T17:00:00","type":5,"quantity":0,"onhand":1,"maximum":2,"operation":"blend TAB-A"}]}
[resource] candidate {"demand":null,"iteration":17,"boundary":"2026-01-31T11:00:00","start":"2026-01-30T11:00:00","end":"2026-01-31T11:00:00","feasible":false}
[resource] overload {"demand":null,"operation":"blend TAB-B","loadPlanIndex":26,"overloadIndex":23,"events":[{"index":15,"date":"2026-01-29T20:00:00","type":1,"quantity":1,"onhand":3,"maximum":2,"operation":"blend TAB-A"},{"index":16,"date":"2026-01-29T20:00:00","type":1,"quantity":-1,"onhand":2,"maximum":2,"operation":"blend CAP-C"},{"index":17,"date":"2026-01-29T23:00:00","type":5,"quantity":0,"onhand":2,"maximum":2,"operation":"blend TAB-B"},{"index":18,"date":"2026-01-30T11:00:00","type":5,"quantity":0,"onhand":2,"maximum":2,"operation":"blend TAB-B"},{"index":19,"date":"2026-01-30T11:00:00","type":1,"quantity":1,"onhand":3,"maximum":2,"operation":"blend TAB-B"},{"index":20,"date":"2026-01-30T16:00:00","type":1,"quantity":-1,"onhand":2,"maximum":2,"operation":"blend TAB-A"},{"index":21,"date":"2026-01-30T17:00:00","type":1,"quantity":1,"onhand":3,"maximum":2,"operation":"blend TAB-A"},{"index":22,"date":"2026-01-30T23:00:00","type":1,"quantity":-1,"onhand":2,"maximum":2,"operation":"blend TAB-B"},{"index":23,"date":"2026-01-31T03:00:00","type":1,"quantity":1,"onhand":3,"maximum":2,"operation":"blend TAB-B"},{"index":24,"date":"2026-01-31T05:00:00","type":5,"quantity":0,"onhand":3,"maximum":2,"operation":"blend TAB-A"},{"index":25,"date":"2026-01-31T11:00:00","type":5,"quantity":0,"onhand":3,"maximum":2,"operation":"blend TAB-B"},{"index":26,"date":"2026-01-31T11:00:00","type":1,"quantity":-1,"onhand":2,"maximum":2,"operation":"blend TAB-B"},{"index":27,"date":"2026-02-01T01:00:00","type":1,"quantity":-1,"onhand":1,"maximum":2,"operation":"blend TAB-A"},{"index":28,"date":"2026-02-01T05:00:00","type":1,"quantity":1,"onhand":2,"maximum":2,"operation":"blend TAB-A"}]}
[resource] candidate {"demand":null,"iteration":18,"boundary":"2026-01-31T03:00:00","start":"2026-01-30T03:00:00","end":"2026-01-31T03:00:00","feasible":false}
[resource] overload {"demand":null,"operation":"blend TAB-B","loadPlanIndex":24,"overloadIndex":21,"events":[{"index":13,"date":"2026-01-29T15:00:00","type":1,"quantity":-1,"onhand":2,"maximum":2,"operation":"blend CAP-C"},{"index":14,"date":"2026-01-29T20:00:00","type":5,"quantity":0,"onhand":2,"maximum":2,"operation":"blend TAB-A"},{"index":15,"date":"2026-01-29T20:00:00","type":1,"quantity":1,"onhand":3,"maximum":2,"operation":"blend TAB-A"},{"index":16,"date":"2026-01-29T20:00:00","type":1,"quantity":-1,"onhand":2,"maximum":2,"operation":"blend CAP-C"},{"index":17,"date":"2026-01-29T23:00:00","type":5,"quantity":0,"onhand":2,"maximum":2,"operation":"blend TAB-B"},{"index":18,"date":"2026-01-30T03:00:00","type":5,"quantity":0,"onhand":2,"maximum":2,"operation":"blend TAB-B"},{"index":19,"date":"2026-01-30T03:00:00","type":1,"quantity":1,"onhand":3,"maximum":2,"operation":"blend TAB-B"},{"index":20,"date":"2026-01-30T16:00:00","type":1,"quantity":-1,"onhand":2,"maximum":2,"operation":"blend TAB-A"},{"index":21,"date":"2026-01-30T17:00:00","type":1,"quantity":1,"onhand":3,"maximum":2,"operation":"blend TAB-A"},{"index":22,"date":"2026-01-30T23:00:00","type":1,"quantity":-1,"onhand":2,"maximum":2,"operation":"blend TAB-B"},{"index":23,"date":"2026-01-31T03:00:00","type":1,"quantity":1,"onhand":3,"maximum":2,"operation":"blend TAB-B"},{"index":24,"date":"2026-01-31T03:00:00","type":1,"quantity":-1,"onhand":2,"maximum":2,"operation":"blend TAB-B"},{"index":25,"date":"2026-01-31T05:00:00","type":5,"quantity":0,"onhand":2,"maximum":2,"operation":"blend TAB-A"},{"index":26,"date":"2026-01-31T11:00:00","type":5,"quantity":0,"onhand":2,"maximum":2,"operation":"blend TAB-B"}]}
[resource] candidate {"demand":null,"iteration":19,"boundary":"2026-01-30T17:00:00","start":"2026-01-29T09:00:00","end":"2026-01-30T17:00:00","feasible":false}
[resource] overload {"demand":null,"operation":"blend TAB-B","loadPlanIndex":22,"overloadIndex":18,"events":[{"index":10,"date":"2026-01-29T02:00:00","type":1,"quantity":1,"onhand":3,"maximum":2,"operation":"blend CAP-C"},{"index":11,"date":"2026-01-29T02:00:00","type":1,"quantity":-1,"onhand":2,"maximum":2,"operation":"blend TAB-B"},{"index":12,"date":"2026-01-29T08:00:00","type":1,"quantity":1,"onhand":3,"maximum":2,"operation":"blend TAB-A"},{"index":13,"date":"2026-01-29T09:00:00","type":1,"quantity":1,"onhand":4,"maximum":2,"operation":"blend TAB-B"},{"index":14,"date":"2026-01-29T15:00:00","type":1,"quantity":1,"onhand":5,"maximum":2,"operation":"blend TAB-B"},{"index":15,"date":"2026-01-29T15:00:00","type":1,"quantity":-1,"onhand":4,"maximum":2,"operation":"blend CAP-C"},{"index":16,"date":"2026-01-29T17:00:00","type":5,"quantity":0,"onhand":4,"maximum":2,"operation":"blend TAB-B"},{"index":17,"date":"2026-01-29T20:00:00","type":5,"quantity":0,"onhand":4,"maximum":2,"operation":"blend TAB-A"},{"index":18,"date":"2026-01-29T20:00:00","type":1,"quantity":-1,"onhand":3,"maximum":2,"operation":"blend CAP-C"},{"index":19,"date":"2026-01-29T23:00:00","type":5,"quantity":0,"onhand":3,"maximum":2,"operation":"blend TAB-B"},{"index":20,"date":"2026-01-30T16:00:00","type":1,"quantity":-1,"onhand":2,"maximum":2,"operation":"blend TAB-A"},{"index":21,"date":"2026-01-30T17:00:00","type":1,"quantity":1,"onhand":3,"maximum":2,"operation":"blend TAB-A"},{"index":22,"date":"2026-01-30T17:00:00","type":1,"quantity":-1,"onhand":2,"maximum":2,"operation":"blend TAB-B"},{"index":23,"date":"2026-01-30T23:00:00","type":1,"quantity":-1,"onhand":1,"maximum":2,"operation":"blend TAB-B"},{"index":24,"date":"2026-01-31T03:00:00","type":1,"quantity":1,"onhand":2,"maximum":2,"operation":"blend TAB-B"}]}
[resource] candidate {"demand":null,"iteration":20,"boundary":"2026-01-29T08:00:00","start":"2026-01-28T08:00:00","end":"2026-01-29T08:00:00","feasible":false}
[resource] overload {"demand":null,"operation":"blend TAB-B","loadPlanIndex":14,"overloadIndex":13,"events":[{"index":5,"date":"2026-01-28T02:00:00","type":1,"quantity":1,"onhand":2,"maximum":2,"operation":"blend TAB-B"},{"index":6,"date":"2026-01-28T08:00:00","type":5,"quantity":0,"onhand":2,"maximum":2,"operation":"blend TAB-B"},{"index":7,"date":"2026-01-28T08:00:00","type":1,"quantity":1,"onhand":3,"maximum":2,"operation":"blend TAB-B"},{"index":8,"date":"2026-01-28T09:00:00","type":1,"quantity":1,"onhand":4,"maximum":2,"operation":"blend CAP-C"},{"index":9,"date":"2026-01-28T09:00:00","type":1,"quantity":-1,"onhand":3,"maximum":2,"operation":"blend TAB-B"},{"index":10,"date":"2026-01-28T21:00:00","type":5,"quantity":0,"onhand":3,"maximum":2,"operation":"blend CAP-C"},{"index":11,"date":"2026-01-29T02:00:00","type":5,"quantity":0,"onhand":3,"maximum":2,"operation":"blend CAP-C"},{"index":12,"date":"2026-01-29T02:00:00","type":1,"quantity":1,"onhand":4,"maximum":2,"operation":"blend CAP-C"},{"index":13,"date":"2026-01-29T02:00:00","type":1,"quantity":-1,"onhand":3,"maximum":2,"operation":"blend TAB-B"},{"index":14,"date":"2026-01-29T08:00:00","type":1,"quantity":-1,"onhand":2,"maximum":2,"operation":"blend TAB-B"},{"index":15,"date":"2026-01-29T15:00:00","type":1,"quantity":1,"onhand":3,"maximum":2,"operation":"blend TAB-B"},{"index":16,"date":"2026-01-29T15:00:00","type":1,"quantity":-1,"onhand":2,"maximum":2,"operation":"blend CAP-C"}]}
[resource] candidate {"demand":null,"iteration":21,"boundary":"2026-01-28T08:00:00","start":"2026-01-27T03:00:00","end":"2026-01-28T08:00:00","feasible":false}
[resource] overload {"demand":null,"operation":"blend TAB-B","loadPlanIndex":8,"overloadIndex":7,"events":[{"index":0,"date":"1971-01-01T00:00:00","type":5,"quantity":0,"onhand":0,"maximum":2,"operation":""},{"index":1,"date":"1971-01-01T00:00:00","type":4,"quantity":0,"onhand":2,"maximum":2,"operation":""},{"index":2,"date":"2026-01-27T03:00:00","type":1,"quantity":1,"onhand":1,"maximum":2,"operation":"blend TAB-B"},{"index":3,"date":"2026-01-27T08:00:00","type":5,"quantity":0,"onhand":1,"maximum":2,"operation":"blend TAB-B"},{"index":4,"date":"2026-01-27T09:00:00","type":5,"quantity":0,"onhand":1,"maximum":2,"operation":"blend TAB-B"},{"index":5,"date":"2026-01-27T09:00:00","type":1,"quantity":1,"onhand":2,"maximum":2,"operation":"blend TAB-B"},{"index":6,"date":"2026-01-28T02:00:00","type":5,"quantity":0,"onhand":2,"maximum":2,"operation":"blend TAB-B"},{"index":7,"date":"2026-01-28T02:00:00","type":1,"quantity":1,"onhand":3,"maximum":2,"operation":"blend TAB-B"},{"index":8,"date":"2026-01-28T08:00:00","type":1,"quantity":-1,"onhand":2,"maximum":2,"operation":"blend TAB-B"},{"index":9,"date":"2026-01-28T09:00:00","type":1,"quantity":1,"onhand":3,"maximum":2,"operation":"blend CAP-C"},{"index":10,"date":"2026-01-28T09:00:00","type":1,"quantity":-1,"onhand":2,"maximum":2,"operation":"blend TAB-B"}]}
[resource] candidate {"demand":null,"iteration":22,"boundary":"2026-01-28T02:00:00","start":"2026-01-26T21:00:00","end":"2026-01-28T02:00:00","feasible":false}
[resource] candidate {"demand":null,"iteration":23,"boundary":"2026-01-26T21:00:00","start":"2026-01-26T21:00:00","end":"2026-01-28T02:00:00","feasible":true}
[buffer] ask {"demand":null,"buffer":"active B","requested":3,"date":"2026-01-27T02:00:00","onhand":75}
[buffer] answer {"demand":null,"buffer":"active B","requested":3,"remainingShortage":0,"quantity":3,"date":"2026-01-27T02:00:00","plan":null}
[buffer] ask {"demand":null,"buffer":"excipient","requested":6,"date":"2026-01-27T02:00:00","onhand":420}
[buffer] answer {"demand":null,"buffer":"excipient","requested":6,"remainingShortage":0,"quantity":6,"date":"2026-01-27T02:00:00","plan":null}
[operation] answer {"demand":null,"operation":"blend TAB-B","quantity":3,"start":"2026-01-26T21:00:00","end":"2026-01-28T02:00:00"}
[operation] routing-answer {"demand":null,"operation":"batch TAB-B","quantity":3,"start":"2026-01-26T21:00:00","end":"2026-02-13T12:00:00"}
[buffer] replenish {"buffer":"tablet B","iteration":0,"requested":3,"replenished":3,"producerDate":"2026-02-13T12:00:00","eventCountBefore":21,"eventCountAfter":22,"remaining":0}
[buffer] answer {"demand":null,"buffer":"tablet B","requested":3,"remainingShortage":0,"quantity":3,"date":"2026-02-13T12:00:00","plan":"OperationPlan"}
[operation] answer {"demand":"medicine demand 026 TAB-B","operation":"release TAB-B","quantity":3,"start":"2026-02-13T12:00:00","end":"2026-02-13T18:00:00"}
[demand] reply {"demand":"medicine demand 026 TAB-B","attempt":1,"result":true,"quantity":3,"date":"2026-02-13T18:00:00"}
[demand] attempt {"demand":"medicine demand 035 TAB-B","attempt":1,"quantity":6,"requestDate":"2026-02-18T06:00:00","lastDate":"2030-12-31T00:00:00"}
[operation] ask {"demand":"medicine demand 035 TAB-B","operation":"release TAB-B","quantity":6,"end":"2026-02-18T06:00:00"}
[feasible] {"operation":"release TAB-B","start":"2026-02-18T00:00:00","end":"2026-02-18T06:00:00","reason":"final-material"}
[buffer] ask {"demand":null,"buffer":"tablet B","requested":6,"date":"2026-02-18T00:00:00","onhand":3}
[buffer] shortage {"buffer":"tablet B","iteration":0,"date":"2026-02-18T00:00:00","onhand":-6,"shortage":6}
[operation] routing-ask {"demand":null,"operation":"batch TAB-B","quantity":6,"operationPlanQuantity":6,"end":"2026-02-18T00:00:00","steps":["blend TAB-B","form TAB-B","inspect TAB-B"]}
[operation] ask {"demand":null,"operation":"inspect TAB-B","quantity":6,"end":"2026-02-18T00:00:00"}
[resource] ask {"demand":null,"operation":"inspect TAB-B","resource":"qa pharmacist 1","start":"2026-02-17T06:00:00","end":"2026-02-18T00:00:00"}
[resource] candidate {"demand":null,"start":"2026-02-17T06:00:00","end":"2026-02-18T00:00:00","feasible":true}
[resource] ask {"demand":null,"operation":"inspect TAB-B","resource":"qa pharmacist 2","start":"2026-02-17T05:03:09","end":"2026-02-18T00:00:00"}
[resource] candidate {"demand":null,"start":"2026-02-17T05:03:09","end":"2026-02-18T00:00:00","feasible":true}
[resource] ask {"demand":null,"operation":"inspect TAB-B","resource":"qa pharmacist 1","start":"2026-02-17T06:00:00","end":"2026-02-18T00:00:00"}
[resource] candidate {"demand":null,"start":"2026-02-17T06:00:00","end":"2026-02-18T00:00:00","feasible":true}
[operation] answer {"demand":null,"operation":"inspect TAB-B","quantity":6,"start":"2026-02-17T06:00:00","end":"2026-02-18T00:00:00"}
[operation] ask {"demand":null,"operation":"form TAB-B","quantity":6,"end":"2026-02-17T06:00:00"}
[resource] ask {"demand":null,"operation":"form TAB-B","resource":"forming line A","start":"2026-02-16T11:00:00","end":"2026-02-17T06:00:00"}
[resource] candidate {"demand":null,"start":"2026-02-16T11:00:00","end":"2026-02-17T06:00:00","feasible":true}
[buffer] ask {"demand":null,"buffer":"primary packaging","requested":6,"date":"2026-02-16T16:00:00","onhand":168}
[buffer] answer {"demand":null,"buffer":"primary packaging","requested":6,"remainingShortage":0,"quantity":6,"date":"2026-02-16T16:00:00","plan":null}
[operation] answer {"demand":null,"operation":"form TAB-B","quantity":6,"start":"2026-02-16T11:00:00","end":"2026-02-17T06:00:00"}
[operation] ask {"demand":null,"operation":"blend TAB-B","quantity":6,"end":"2026-02-16T11:00:00"}
[feasible] {"operation":"blend TAB-B","start":"2026-02-15T03:00:00","end":"2026-02-16T11:00:00","reason":"capacity","siblings":[{"operation":"blend TAB-B","start":"2026-02-15T03:00:00","end":"2026-02-16T11:00:00"},{"operation":"form TAB-B","start":"2026-02-16T11:00:00","end":"2026-02-17T06:00:00"},{"operation":"inspect TAB-B","start":"2026-02-17T06:00:00","end":"2026-02-18T00:00:00"}]}
[resource] ask {"demand":null,"operation":"blend TAB-B","resource":"blender","start":"2026-02-15T03:00:00","end":"2026-02-16T11:00:00"}
[resource] candidate {"demand":null,"start":"2026-02-15T03:00:00","end":"2026-02-16T11:00:00","feasible":false}
[resource] overload {"demand":null,"operation":"blend TAB-B","loadPlanIndex":97,"overloadIndex":93,"events":[{"index":85,"date":"2026-02-13T11:00:00","type":1,"quantity":-1,"onhand":0,"maximum":2,"operation":"blend TAB-B"},{"index":86,"date":"2026-02-13T23:00:00","type":5,"quantity":0,"onhand":0,"maximum":2,"operation":"blend TAB-B"},{"index":87,"date":"2026-02-13T23:00:00","type":1,"quantity":1,"onhand":1,"maximum":2,"operation":"blend TAB-B"},{"index":88,"date":"2026-02-14T03:00:00","type":1,"quantity":1,"onhand":2,"maximum":2,"operation":"blend CAP-C"},{"index":89,"date":"2026-02-14T15:00:00","type":5,"quantity":0,"onhand":2,"maximum":2,"operation":"blend CAP-C"},{"index":90,"date":"2026-02-14T23:00:00","type":1,"quantity":-1,"onhand":1,"maximum":2,"operation":"blend TAB-B"},{"index":91,"date":"2026-02-15T03:00:00","type":1,"quantity":1,"onhand":2,"maximum":2,"operation":"blend TAB-B"},{"index":92,"date":"2026-02-15T05:00:00","type":5,"quantity":0,"onhand":2,"maximum":2,"operation":"blend TAB-A"},{"index":93,"date":"2026-02-15T05:00:00","type":1,"quantity":1,"onhand":3,"maximum":2,"operation":"blend TAB-A"},{"index":94,"date":"2026-02-15T09:00:00","type":1,"quantity":-1,"onhand":2,"maximum":2,"operation":"blend CAP-C"},{"index":95,"date":"2026-02-15T11:00:00","type":5,"quantity":0,"onhand":2,"maximum":2,"operation":"blend TAB-B"},{"index":96,"date":"2026-02-16T01:00:00","type":1,"quantity":-1,"onhand":1,"maximum":2,"operation":"blend TAB-A"},{"index":97,"date":"2026-02-16T11:00:00","type":1,"quantity":-1,"onhand":0,"maximum":2,"operation":"blend TAB-B"}]}
[resource] candidate {"demand":null,"iteration":1,"boundary":"2026-02-15T05:00:00","start":"2026-02-14T05:00:00","end":"2026-02-15T05:00:00","feasible":false}
[resource] overload {"demand":null,"operation":"blend TAB-B","loadPlanIndex":95,"overloadIndex":90,"events":[{"index":82,"date":"2026-02-12T10:00:00","type":1,"quantity":-1,"onhand":2,"maximum":2,"operation":"blend CAP-C"},{"index":83,"date":"2026-02-12T11:00:00","type":5,"quantity":0,"onhand":2,"maximum":2,"operation":"blend TAB-B"},{"index":84,"date":"2026-02-13T06:00:00","type":1,"quantity":-1,"onhand":1,"maximum":2,"operation":"blend TAB-A"},{"index":85,"date":"2026-02-13T11:00:00","type":1,"quantity":-1,"onhand":0,"maximum":2,"operation":"blend TAB-B"},{"index":86,"date":"2026-02-13T23:00:00","type":5,"quantity":0,"onhand":0,"maximum":2,"operation":"blend TAB-B"},{"index":87,"date":"2026-02-13T23:00:00","type":1,"quantity":1,"onhand":1,"maximum":2,"operation":"blend TAB-B"},{"index":88,"date":"2026-02-14T03:00:00","type":1,"quantity":1,"onhand":2,"maximum":2,"operation":"blend CAP-C"},{"index":89,"date":"2026-02-14T05:00:00","type":5,"quantity":0,"onhand":2,"maximum":2,"operation":"blend TAB-B"},{"index":90,"date":"2026-02-14T05:00:00","type":1,"quantity":1,"onhand":3,"maximum":2,"operation":"blend TAB-B"},{"index":91,"date":"2026-02-14T15:00:00","type":5,"quantity":0,"onhand":3,"maximum":2,"operation":"blend CAP-C"},{"index":92,"date":"2026-02-14T23:00:00","type":1,"quantity":-1,"onhand":2,"maximum":2,"operation":"blend TAB-B"},{"index":93,"date":"2026-02-15T05:00:00","type":5,"quantity":0,"onhand":2,"maximum":2,"operation":"blend TAB-A"},{"index":94,"date":"2026-02-15T05:00:00","type":1,"quantity":1,"onhand":3,"maximum":2,"operation":"blend TAB-A"},{"index":95,"date":"2026-02-15T05:00:00","type":1,"quantity":-1,"onhand":2,"maximum":2,"operation":"blend TAB-B"},{"index":96,"date":"2026-02-15T09:00:00","type":1,"quantity":-1,"onhand":1,"maximum":2,"operation":"blend CAP-C"},{"index":97,"date":"2026-02-16T01:00:00","type":1,"quantity":-1,"onhand":0,"maximum":2,"operation":"blend TAB-A"}]}
[resource] candidate {"demand":null,"iteration":2,"boundary":"2026-02-14T05:00:00","start":"2026-02-13T05:00:00","end":"2026-02-14T05:00:00","feasible":false}
[resource] overload {"demand":null,"operation":"blend TAB-B","loadPlanIndex":91,"overloadIndex":90,"events":[{"index":82,"date":"2026-02-12T10:00:00","type":1,"quantity":-1,"onhand":2,"maximum":2,"operation":"blend CAP-C"},{"index":83,"date":"2026-02-12T11:00:00","type":5,"quantity":0,"onhand":2,"maximum":2,"operation":"blend TAB-B"},{"index":84,"date":"2026-02-13T05:00:00","type":5,"quantity":0,"onhand":2,"maximum":2,"operation":"blend TAB-B"},{"index":85,"date":"2026-02-13T05:00:00","type":1,"quantity":1,"onhand":3,"maximum":2,"operation":"blend TAB-B"},{"index":86,"date":"2026-02-13T06:00:00","type":1,"quantity":-1,"onhand":2,"maximum":2,"operation":"blend TAB-A"},{"index":87,"date":"2026-02-13T11:00:00","type":1,"quantity":-1,"onhand":1,"maximum":2,"operation":"blend TAB-B"},{"index":88,"date":"2026-02-13T23:00:00","type":5,"quantity":0,"onhand":1,"maximum":2,"operation":"blend TAB-B"},{"index":89,"date":"2026-02-13T23:00:00","type":1,"quantity":1,"onhand":2,"maximum":2,"operation":"blend TAB-B"},{"index":90,"date":"2026-02-14T03:00:00","type":1,"quantity":1,"onhand":3,"maximum":2,"operation":"blend CAP-C"},{"index":91,"date":"2026-02-14T05:00:00","type":1,"quantity":-1,"onhand":2,"maximum":2,"operation":"blend TAB-B"},{"index":92,"date":"2026-02-14T15:00:00","type":5,"quantity":0,"onhand":2,"maximum":2,"operation":"blend CAP-C"},{"index":93,"date":"2026-02-14T23:00:00","type":1,"quantity":-1,"onhand":1,"maximum":2,"operation":"blend TAB-B"}]}
[resource] candidate {"demand":null,"iteration":3,"boundary":"2026-02-14T03:00:00","start":"2026-02-13T03:00:00","end":"2026-02-14T03:00:00","feasible":false}
[resource] overload {"demand":null,"operation":"blend TAB-B","loadPlanIndex":91,"overloadIndex":85,"events":[{"index":77,"date":"2026-02-11T16:00:00","type":1,"quantity":1,"onhand":2,"maximum":2,"operation":"blend CAP-C"},{"index":78,"date":"2026-02-12T03:00:00","type":1,"quantity":1,"onhand":3,"maximum":2,"operation":"blend TAB-B"},{"index":79,"date":"2026-02-12T03:00:00","type":1,"quantity":-1,"onhand":2,"maximum":2,"operation":"blend TAB-A"},{"index":80,"date":"2026-02-12T10:00:00","type":5,"quantity":0,"onhand":2,"maximum":2,"operation":"blend TAB-A"},{"index":81,"date":"2026-02-12T10:00:00","type":1,"quantity":1,"onhand":3,"maximum":2,"operation":"blend TAB-A"},{"index":82,"date":"2026-02-12T10:00:00","type":1,"quantity":-1,"onhand":2,"maximum":2,"operation":"blend CAP-C"},{"index":83,"date":"2026-02-12T11:00:00","type":5,"quantity":0,"onhand":2,"maximum":2,"operation":"blend TAB-B"},{"index":84,"date":"2026-02-13T03:00:00","type":5,"quantity":0,"onhand":2,"maximum":2,"operation":"blend TAB-B"},{"index":85,"date":"2026-02-13T03:00:00","type":1,"quantity":1,"onhand":3,"maximum":2,"operation":"blend TAB-B"},{"index":86,"date":"2026-02-13T06:00:00","type":1,"quantity":-1,"onhand":2,"maximum":2,"operation":"blend TAB-A"},{"index":87,"date":"2026-02-13T11:00:00","type":1,"quantity":-1,"onhand":1,"maximum":2,"operation":"blend TAB-B"},{"index":88,"date":"2026-02-13T23:00:00","type":5,"quantity":0,"onhand":1,"maximum":2,"operation":"blend TAB-B"},{"index":89,"date":"2026-02-13T23:00:00","type":1,"quantity":1,"onhand":2,"maximum":2,"operation":"blend TAB-B"},{"index":90,"date":"2026-02-14T03:00:00","type":1,"quantity":1,"onhand":3,"maximum":2,"operation":"blend CAP-C"},{"index":91,"date":"2026-02-14T03:00:00","type":1,"quantity":-1,"onhand":2,"maximum":2,"operation":"blend TAB-B"},{"index":92,"date":"2026-02-14T15:00:00","type":5,"quantity":0,"onhand":2,"maximum":2,"operation":"blend CAP-C"},{"index":93,"date":"2026-02-14T23:00:00","type":1,"quantity":-1,"onhand":1,"maximum":2,"operation":"blend TAB-B"}]}
[resource] candidate {"demand":null,"iteration":4,"boundary":"2026-02-13T03:00:00","start":"2026-02-11T19:00:00","end":"2026-02-13T03:00:00","feasible":false}
[resource] overload {"demand":null,"operation":"blend TAB-B","loadPlanIndex":86,"overloadIndex":84,"events":[{"index":76,"date":"2026-02-11T16:00:00","type":5,"quantity":0,"onhand":1,"maximum":2,"operation":"blend CAP-C"},{"index":77,"date":"2026-02-11T16:00:00","type":1,"quantity":1,"onhand":2,"maximum":2,"operation":"blend CAP-C"},{"index":78,"date":"2026-02-11T19:00:00","type":1,"quantity":1,"onhand":3,"maximum":2,"operation":"blend TAB-B"},{"index":79,"date":"2026-02-11T22:00:00","type":1,"quantity":1,"onhand":4,"maximum":2,"operation":"blend TAB-A"},{"index":80,"date":"2026-02-12T03:00:00","type":5,"quantity":0,"onhand":4,"maximum":2,"operation":"blend TAB-B"},{"index":81,"date":"2026-02-12T03:00:00","type":1,"quantity":1,"onhand":5,"maximum":2,"operation":"blend TAB-B"},{"index":82,"date":"2026-02-12T03:00:00","type":1,"quantity":-1,"onhand":4,"maximum":2,"operation":"blend TAB-A"},{"index":83,"date":"2026-02-12T10:00:00","type":5,"quantity":0,"onhand":4,"maximum":2,"operation":"blend TAB-A"},{"index":84,"date":"2026-02-12T10:00:00","type":1,"quantity":-1,"onhand":3,"maximum":2,"operation":"blend CAP-C"},{"index":85,"date":"2026-02-12T11:00:00","type":5,"quantity":0,"onhand":3,"maximum":2,"operation":"blend TAB-B"},{"index":86,"date":"2026-02-13T03:00:00","type":1,"quantity":-1,"onhand":2,"maximum":2,"operation":"blend TAB-B"},{"index":87,"date":"2026-02-13T06:00:00","type":1,"quantity":-1,"onhand":1,"maximum":2,"operation":"blend TAB-A"},{"index":88,"date":"2026-02-13T11:00:00","type":1,"quantity":-1,"onhand":0,"maximum":2,"operation":"blend TAB-B"}]}
[resource] candidate {"demand":null,"iteration":5,"boundary":"2026-02-11T19:00:00","start":"2026-02-10T11:00:00","end":"2026-02-11T19:00:00","feasible":false}
[resource] overload {"demand":null,"operation":"blend TAB-B","loadPlanIndex":80,"overloadIndex":79,"events":[{"index":71,"date":"2026-02-10T17:00:00","type":5,"quantity":0,"onhand":2,"maximum":2,"operation":"blend TAB-A"},{"index":72,"date":"2026-02-10T17:00:00","type":1,"quantity":1,"onhand":3,"maximum":2,"operation":"blend TAB-A"},{"index":73,"date":"2026-02-10T19:00:00","type":5,"quantity":0,"onhand":3,"maximum":2,"operation":"blend TAB-B"},{"index":74,"date":"2026-02-10T19:00:00","type":1,"quantity":1,"onhand":4,"maximum":2,"operation":"blend TAB-A"},{"index":75,"date":"2026-02-10T21:00:00","type":1,"quantity":-1,"onhand":3,"maximum":2,"operation":"blend CAP-C"},{"index":76,"date":"2026-02-11T07:00:00","type":5,"quantity":0,"onhand":3,"maximum":2,"operation":"blend TAB-A"},{"index":77,"date":"2026-02-11T13:00:00","type":1,"quantity":-1,"onhand":2,"maximum":2,"operation":"blend TAB-A"},{"index":78,"date":"2026-02-11T16:00:00","type":5,"quantity":0,"onhand":2,"maximum":2,"operation":"blend CAP-C"},{"index":79,"date":"2026-02-11T16:00:00","type":1,"quantity":1,"onhand":3,"maximum":2,"operation":"blend CAP-C"},{"index":80,"date":"2026-02-11T19:00:00","type":1,"quantity":-1,"onhand":2,"maximum":2,"operation":"blend TAB-B"},{"index":81,"date":"2026-02-12T03:00:00","type":1,"quantity":1,"onhand":3,"maximum":2,"operation":"blend TAB-B"},{"index":82,"date":"2026-02-12T03:00:00","type":1,"quantity":-1,"onhand":2,"maximum":2,"operation":"blend TAB-A"}]}
[resource] candidate {"demand":null,"iteration":6,"boundary":"2026-02-11T16:00:00","start":"2026-02-10T08:00:00","end":"2026-02-11T16:00:00","feasible":false}
[resource] overload {"demand":null,"operation":"blend TAB-B","loadPlanIndex":80,"overloadIndex":76,"events":[{"index":68,"date":"2026-02-10T03:00:00","type":5,"quantity":0,"onhand":2,"maximum":2,"operation":"blend CAP-C"},{"index":69,"date":"2026-02-10T05:00:00","type":1,"quantity":1,"onhand":3,"maximum":2,"operation":"blend TAB-A"},{"index":70,"date":"2026-02-10T08:00:00","type":1,"quantity":1,"onhand":4,"maximum":2,"operation":"blend TAB-B"},{"index":71,"date":"2026-02-10T11:00:00","type":1,"quantity":-1,"onhand":3,"maximum":2,"operation":"blend TAB-B"},{"index":72,"date":"2026-02-10T16:00:00","type":5,"quantity":0,"onhand":3,"maximum":2,"operation":"blend TAB-B"},{"index":73,"date":"2026-02-10T17:00:00","type":5,"quantity":0,"onhand":3,"maximum":2,"operation":"blend TAB-A"},{"index":74,"date":"2026-02-10T21:00:00","type":1,"quantity":-1,"onhand":2,"maximum":2,"operation":"blend CAP-C"},{"index":75,"date":"2026-02-11T07:00:00","type":5,"quantity":0,"onhand":2,"maximum":2,"operation":"blend TAB-A"},{"index":76,"date":"2026-02-11T07:00:00","type":1,"quantity":1,"onhand":3,"maximum":2,"operation":"blend TAB-A"},{"index":77,"date":"2026-02-11T13:00:00","type":1,"quantity":-1,"onhand":2,"maximum":2,"operation":"blend TAB-A"},{"index":78,"date":"2026-02-11T16:00:00","type":5,"quantity":0,"onhand":2,"maximum":2,"operation":"blend CAP-C"},{"index":79,"date":"2026-02-11T16:00:00","type":1,"quantity":1,"onhand":3,"maximum":2,"operation":"blend CAP-C"},{"index":80,"date":"2026-02-11T16:00:00","type":1,"quantity":-1,"onhand":2,"maximum":2,"operation":"blend TAB-B"},{"index":81,"date":"2026-02-12T03:00:00","type":1,"quantity":1,"onhand":3,"maximum":2,"operation":"blend TAB-B"},{"index":82,"date":"2026-02-12T03:00:00","type":1,"quantity":-1,"onhand":2,"maximum":2,"operation":"blend TAB-A"}]}
[resource] candidate {"demand":null,"iteration":7,"boundary":"2026-02-11T07:00:00","start":"2026-02-09T23:00:00","end":"2026-02-11T07:00:00","feasible":false}
[resource] overload {"demand":null,"operation":"blend TAB-B","loadPlanIndex":77,"overloadIndex":72,"events":[{"index":64,"date":"2026-02-08T23:00:00","type":1,"quantity":-1,"onhand":0,"maximum":2,"operation":"blend TAB-B"},{"index":65,"date":"2026-02-09T11:00:00","type":5,"quantity":0,"onhand":0,"maximum":2,"operation":"blend TAB-B"},{"index":66,"date":"2026-02-09T11:00:00","type":1,"quantity":1,"onhand":1,"maximum":2,"operation":"blend TAB-B"},{"index":67,"date":"2026-02-09T15:00:00","type":1,"quantity":1,"onhand":2,"maximum":2,"operation":"blend CAP-C"},{"index":68,"date":"2026-02-09T23:00:00","type":1,"quantity":1,"onhand":3,"maximum":2,"operation":"blend TAB-B"},{"index":69,"date":"2026-02-10T03:00:00","type":5,"quantity":0,"onhand":3,"maximum":2,"operation":"blend CAP-C"},{"index":70,"date":"2026-02-10T05:00:00","type":1,"quantity":1,"onhand":4,"maximum":2,"operation":"blend TAB-A"},{"index":71,"date":"2026-02-10T07:00:00","type":5,"quantity":0,"onhand":4,"maximum":2,"operation":"blend TAB-B"},{"index":72,"date":"2026-02-10T11:00:00","type":1,"quantity":-1,"onhand":3,"maximum":2,"operation":"blend TAB-B"},{"index":73,"date":"2026-02-10T17:00:00","type":5,"quantity":0,"onhand":3,"maximum":2,"operation":"blend TAB-A"},{"index":74,"date":"2026-02-10T21:00:00","type":1,"quantity":-1,"onhand":2,"maximum":2,"operation":"blend CAP-C"},{"index":75,"date":"2026-02-11T07:00:00","type":5,"quantity":0,"onhand":2,"maximum":2,"operation":"blend TAB-A"},{"index":76,"date":"2026-02-11T07:00:00","type":1,"quantity":1,"onhand":3,"maximum":2,"operation":"blend TAB-A"},{"index":77,"date":"2026-02-11T07:00:00","type":1,"quantity":-1,"onhand":2,"maximum":2,"operation":"blend TAB-B"},{"index":78,"date":"2026-02-11T13:00:00","type":1,"quantity":-1,"onhand":1,"maximum":2,"operation":"blend TAB-A"},{"index":79,"date":"2026-02-11T16:00:00","type":5,"quantity":0,"onhand":1,"maximum":2,"operation":"blend CAP-C"}]}
[resource] candidate {"demand":null,"iteration":8,"boundary":"2026-02-09T23:00:00","start":"2026-02-08T23:00:00","end":"2026-02-09T23:00:00","feasible":false}
[resource] overload {"demand":null,"operation":"blend TAB-B","loadPlanIndex":70,"overloadIndex":69,"events":[{"index":61,"date":"2026-02-07T22:00:00","type":1,"quantity":-1,"onhand":2,"maximum":2,"operation":"blend CAP-C"},{"index":62,"date":"2026-02-07T23:00:00","type":5,"quantity":0,"onhand":2,"maximum":2,"operation":"blend TAB-B"},{"index":63,"date":"2026-02-08T18:00:00","type":1,"quantity":-1,"onhand":1,"maximum":2,"operation":"blend TAB-A"},{"index":64,"date":"2026-02-08T23:00:00","type":5,"quantity":0,"onhand":1,"maximum":2,"operation":"blend TAB-B"},{"index":65,"date":"2026-02-08T23:00:00","type":1,"quantity":1,"onhand":2,"maximum":2,"operation":"blend TAB-B"},{"index":66,"date":"2026-02-08T23:00:00","type":1,"quantity":-1,"onhand":1,"maximum":2,"operation":"blend TAB-B"},{"index":67,"date":"2026-02-09T11:00:00","type":5,"quantity":0,"onhand":1,"maximum":2,"operation":"blend TAB-B"},{"index":68,"date":"2026-02-09T11:00:00","type":1,"quantity":1,"onhand":2,"maximum":2,"operation":"blend TAB-B"},{"index":69,"date":"2026-02-09T15:00:00","type":1,"quantity":1,"onhand":3,"maximum":2,"operation":"blend CAP-C"},{"index":70,"date":"2026-02-09T23:00:00","type":1,"quantity":-1,"onhand":2,"maximum":2,"operation":"blend TAB-B"},{"index":71,"date":"2026-02-10T03:00:00","type":5,"quantity":0,"onhand":2,"maximum":2,"operation":"blend CAP-C"},{"index":72,"date":"2026-02-10T11:00:00","type":1,"quantity":-1,"onhand":1,"maximum":2,"operation":"blend TAB-B"}]}
[resource] candidate {"demand":null,"iteration":9,"boundary":"2026-02-09T15:00:00","start":"2026-02-08T15:00:00","end":"2026-02-09T15:00:00","feasible":false}
[resource] overload {"demand":null,"operation":"blend TAB-B","loadPlanIndex":70,"overloadIndex":64,"events":[{"index":56,"date":"2026-02-07T04:00:00","type":1,"quantity":1,"onhand":2,"maximum":2,"operation":"blend CAP-C"},{"index":57,"date":"2026-02-07T15:00:00","type":1,"quantity":1,"onhand":3,"maximum":2,"operation":"blend TAB-B"},{"index":58,"date":"2026-02-07T15:00:00","type":1,"quantity":-1,"onhand":2,"maximum":2,"operation":"blend TAB-A"},{"index":59,"date":"2026-02-07T22:00:00","type":5,"quantity":0,"onhand":2,"maximum":2,"operation":"blend TAB-A"},{"index":60,"date":"2026-02-07T22:00:00","type":1,"quantity":1,"onhand":3,"maximum":2,"operation":"blend TAB-A"},{"index":61,"date":"2026-02-07T22:00:00","type":1,"quantity":-1,"onhand":2,"maximum":2,"operation":"blend CAP-C"},{"index":62,"date":"2026-02-07T23:00:00","type":5,"quantity":0,"onhand":2,"maximum":2,"operation":"blend TAB-B"},{"index":63,"date":"2026-02-08T15:00:00","type":5,"quantity":0,"onhand":2,"maximum":2,"operation":"blend TAB-B"},{"index":64,"date":"2026-02-08T15:00:00","type":1,"quantity":1,"onhand":3,"maximum":2,"operation":"blend TAB-B"},{"index":65,"date":"2026-02-08T18:00:00","type":1,"quantity":-1,"onhand":2,"maximum":2,"operation":"blend TAB-A"},{"index":66,"date":"2026-02-08T23:00:00","type":1,"quantity":-1,"onhand":1,"maximum":2,"operation":"blend TAB-B"},{"index":67,"date":"2026-02-09T11:00:00","type":5,"quantity":0,"onhand":1,"maximum":2,"operation":"blend TAB-B"},{"index":68,"date":"2026-02-09T11:00:00","type":1,"quantity":1,"onhand":2,"maximum":2,"operation":"blend TAB-B"},{"index":69,"date":"2026-02-09T15:00:00","type":1,"quantity":1,"onhand":3,"maximum":2,"operation":"blend CAP-C"},{"index":70,"date":"2026-02-09T15:00:00","type":1,"quantity":-1,"onhand":2,"maximum":2,"operation":"blend TAB-B"},{"index":71,"date":"2026-02-10T03:00:00","type":5,"quantity":0,"onhand":2,"maximum":2,"operation":"blend CAP-C"},{"index":72,"date":"2026-02-10T11:00:00","type":1,"quantity":-1,"onhand":1,"maximum":2,"operation":"blend TAB-B"}]}
[resource] candidate {"demand":null,"iteration":10,"boundary":"2026-02-08T15:00:00","start":"2026-02-07T07:00:00","end":"2026-02-08T15:00:00","feasible":false}
[resource] overload {"demand":null,"operation":"blend TAB-B","loadPlanIndex":65,"overloadIndex":63,"events":[{"index":55,"date":"2026-02-07T04:00:00","type":5,"quantity":0,"onhand":1,"maximum":2,"operation":"blend CAP-C"},{"index":56,"date":"2026-02-07T04:00:00","type":1,"quantity":1,"onhand":2,"maximum":2,"operation":"blend CAP-C"},{"index":57,"date":"2026-02-07T07:00:00","type":1,"quantity":1,"onhand":3,"maximum":2,"operation":"blend TAB-B"},{"index":58,"date":"2026-02-07T10:00:00","type":1,"quantity":1,"onhand":4,"maximum":2,"operation":"blend TAB-A"},{"index":59,"date":"2026-02-07T15:00:00","type":5,"quantity":0,"onhand":4,"maximum":2,"operation":"blend TAB-B"},{"index":60,"date":"2026-02-07T15:00:00","type":1,"quantity":1,"onhand":5,"maximum":2,"operation":"blend TAB-B"},{"index":61,"date":"2026-02-07T15:00:00","type":1,"quantity":-1,"onhand":4,"maximum":2,"operation":"blend TAB-A"},{"index":62,"date":"2026-02-07T22:00:00","type":5,"quantity":0,"onhand":4,"maximum":2,"operation":"blend TAB-A"},{"index":63,"date":"2026-02-07T22:00:00","type":1,"quantity":-1,"onhand":3,"maximum":2,"operation":"blend CAP-C"},{"index":64,"date":"2026-02-07T23:00:00","type":5,"quantity":0,"onhand":3,"maximum":2,"operation":"blend TAB-B"},{"index":65,"date":"2026-02-08T15:00:00","type":1,"quantity":-1,"onhand":2,"maximum":2,"operation":"blend TAB-B"},{"index":66,"date":"2026-02-08T18:00:00","type":1,"quantity":-1,"onhand":1,"maximum":2,"operation":"blend TAB-A"},{"index":67,"date":"2026-02-08T23:00:00","type":1,"quantity":-1,"onhand":0,"maximum":2,"operation":"blend TAB-B"}]}
[resource] candidate {"demand":null,"iteration":11,"boundary":"2026-02-07T07:00:00","start":"2026-02-05T23:00:00","end":"2026-02-07T07:00:00","feasible":false}
[resource] overload {"demand":null,"operation":"blend TAB-B","loadPlanIndex":59,"overloadIndex":58,"events":[{"index":50,"date":"2026-02-06T05:00:00","type":5,"quantity":0,"onhand":2,"maximum":2,"operation":"blend TAB-A"},{"index":51,"date":"2026-02-06T05:00:00","type":1,"quantity":1,"onhand":3,"maximum":2,"operation":"blend TAB-A"},{"index":52,"date":"2026-02-06T07:00:00","type":5,"quantity":0,"onhand":3,"maximum":2,"operation":"blend TAB-B"},{"index":53,"date":"2026-02-06T07:00:00","type":1,"quantity":1,"onhand":4,"maximum":2,"operation":"blend TAB-A"},{"index":54,"date":"2026-02-06T09:00:00","type":1,"quantity":-1,"onhand":3,"maximum":2,"operation":"blend CAP-C"},{"index":55,"date":"2026-02-06T19:00:00","type":5,"quantity":0,"onhand":3,"maximum":2,"operation":"blend TAB-A"},{"index":56,"date":"2026-02-07T01:00:00","type":1,"quantity":-1,"onhand":2,"maximum":2,"operation":"blend TAB-A"},{"index":57,"date":"2026-02-07T04:00:00","type":5,"quantity":0,"onhand":2,"maximum":2,"operation":"blend CAP-C"},{"index":58,"date":"2026-02-07T04:00:00","type":1,"quantity":1,"onhand":3,"maximum":2,"operation":"blend CAP-C"},{"index":59,"date":"2026-02-07T07:00:00","type":1,"quantity":-1,"onhand":2,"maximum":2,"operation":"blend TAB-B"},{"index":60,"date":"2026-02-07T15:00:00","type":1,"quantity":1,"onhand":3,"maximum":2,"operation":"blend TAB-B"},{"index":61,"date":"2026-02-07T15:00:00","type":1,"quantity":-1,"onhand":2,"maximum":2,"operation":"blend TAB-A"}]}
[resource] candidate {"demand":null,"iteration":12,"boundary":"2026-02-07T04:00:00","start":"2026-02-05T20:00:00","end":"2026-02-07T04:00:00","feasible":false}
[resource] overload {"demand":null,"operation":"blend TAB-B","loadPlanIndex":59,"overloadIndex":55,"events":[{"index":47,"date":"2026-02-05T15:00:00","type":5,"quantity":0,"onhand":2,"maximum":2,"operation":"blend CAP-C"},{"index":48,"date":"2026-02-05T17:00:00","type":1,"quantity":1,"onhand":3,"maximum":2,"operation":"blend TAB-A"},{"index":49,"date":"2026-02-05T20:00:00","type":1,"quantity":1,"onhand":4,"maximum":2,"operation":"blend TAB-B"},{"index":50,"date":"2026-02-05T23:00:00","type":1,"quantity":-1,"onhand":3,"maximum":2,"operation":"blend TAB-B"},{"index":51,"date":"2026-02-06T04:00:00","type":5,"quantity":0,"onhand":3,"maximum":2,"operation":"blend TAB-B"},{"index":52,"date":"2026-02-06T05:00:00","type":5,"quantity":0,"onhand":3,"maximum":2,"operation":"blend TAB-A"},{"index":53,"date":"2026-02-06T09:00:00","type":1,"quantity":-1,"onhand":2,"maximum":2,"operation":"blend CAP-C"},{"index":54,"date":"2026-02-06T19:00:00","type":5,"quantity":0,"onhand":2,"maximum":2,"operation":"blend TAB-A"},{"index":55,"date":"2026-02-06T19:00:00","type":1,"quantity":1,"onhand":3,"maximum":2,"operation":"blend TAB-A"},{"index":56,"date":"2026-02-07T01:00:00","type":1,"quantity":-1,"onhand":2,"maximum":2,"operation":"blend TAB-A"},{"index":57,"date":"2026-02-07T04:00:00","type":5,"quantity":0,"onhand":2,"maximum":2,"operation":"blend CAP-C"},{"index":58,"date":"2026-02-07T04:00:00","type":1,"quantity":1,"onhand":3,"maximum":2,"operation":"blend CAP-C"},{"index":59,"date":"2026-02-07T04:00:00","type":1,"quantity":-1,"onhand":2,"maximum":2,"operation":"blend TAB-B"},{"index":60,"date":"2026-02-07T15:00:00","type":1,"quantity":1,"onhand":3,"maximum":2,"operation":"blend TAB-B"},{"index":61,"date":"2026-02-07T15:00:00","type":1,"quantity":-1,"onhand":2,"maximum":2,"operation":"blend TAB-A"}]}
[resource] candidate {"demand":null,"iteration":13,"boundary":"2026-02-06T19:00:00","start":"2026-02-05T11:00:00","end":"2026-02-06T19:00:00","feasible":false}
[resource] overload {"demand":null,"operation":"blend TAB-B","loadPlanIndex":56,"overloadIndex":51,"events":[{"index":43,"date":"2026-02-04T11:00:00","type":1,"quantity":-1,"onhand":0,"maximum":2,"operation":"blend TAB-B"},{"index":44,"date":"2026-02-04T23:00:00","type":5,"quantity":0,"onhand":0,"maximum":2,"operation":"blend TAB-B"},{"index":45,"date":"2026-02-04T23:00:00","type":1,"quantity":1,"onhand":1,"maximum":2,"operation":"blend TAB-B"},{"index":46,"date":"2026-02-05T03:00:00","type":1,"quantity":1,"onhand":2,"maximum":2,"operation":"blend CAP-C"},{"index":47,"date":"2026-02-05T11:00:00","type":1,"quantity":1,"onhand":3,"maximum":2,"operation":"blend TAB-B"},{"index":48,"date":"2026-02-05T15:00:00","type":5,"quantity":0,"onhand":3,"maximum":2,"operation":"blend CAP-C"},{"index":49,"date":"2026-02-05T17:00:00","type":1,"quantity":1,"onhand":4,"maximum":2,"operation":"blend TAB-A"},{"index":50,"date":"2026-02-05T19:00:00","type":5,"quantity":0,"onhand":4,"maximum":2,"operation":"blend TAB-B"},{"index":51,"date":"2026-02-05T23:00:00","type":1,"quantity":-1,"onhand":3,"maximum":2,"operation":"blend TAB-B"},{"index":52,"date":"2026-02-06T05:00:00","type":5,"quantity":0,"onhand":3,"maximum":2,"operation":"blend TAB-A"},{"index":53,"date":"2026-02-06T09:00:00","type":1,"quantity":-1,"onhand":2,"maximum":2,"operation":"blend CAP-C"},{"index":54,"date":"2026-02-06T19:00:00","type":5,"quantity":0,"onhand":2,"maximum":2,"operation":"blend TAB-A"},{"index":55,"date":"2026-02-06T19:00:00","type":1,"quantity":1,"onhand":3,"maximum":2,"operation":"blend TAB-A"},{"index":56,"date":"2026-02-06T19:00:00","type":1,"quantity":-1,"onhand":2,"maximum":2,"operation":"blend TAB-B"},{"index":57,"date":"2026-02-07T01:00:00","type":1,"quantity":-1,"onhand":1,"maximum":2,"operation":"blend TAB-A"},{"index":58,"date":"2026-02-07T04:00:00","type":5,"quantity":0,"onhand":1,"maximum":2,"operation":"blend CAP-C"}]}
[resource] candidate {"demand":null,"iteration":14,"boundary":"2026-02-05T11:00:00","start":"2026-02-04T11:00:00","end":"2026-02-05T11:00:00","feasible":false}
[resource] overload {"demand":null,"operation":"blend TAB-B","loadPlanIndex":49,"overloadIndex":48,"events":[{"index":40,"date":"2026-02-03T10:00:00","type":1,"quantity":-1,"onhand":2,"maximum":2,"operation":"blend CAP-C"},{"index":41,"date":"2026-02-03T11:00:00","type":5,"quantity":0,"onhand":2,"maximum":2,"operation":"blend TAB-B"},{"index":42,"date":"2026-02-04T06:00:00","type":1,"quantity":-1,"onhand":1,"maximum":2,"operation":"blend TAB-A"},{"index":43,"date":"2026-02-04T11:00:00","type":5,"quantity":0,"onhand":1,"maximum":2,"operation":"blend TAB-B"},{"index":44,"date":"2026-02-04T11:00:00","type":1,"quantity":1,"onhand":2,"maximum":2,"operation":"blend TAB-B"},{"index":45,"date":"2026-02-04T11:00:00","type":1,"quantity":-1,"onhand":1,"maximum":2,"operation":"blend TAB-B"},{"index":46,"date":"2026-02-04T23:00:00","type":5,"quantity":0,"onhand":1,"maximum":2,"operation":"blend TAB-B"},{"index":47,"date":"2026-02-04T23:00:00","type":1,"quantity":1,"onhand":2,"maximum":2,"operation":"blend TAB-B"},{"index":48,"date":"2026-02-05T03:00:00","type":1,"quantity":1,"onhand":3,"maximum":2,"operation":"blend CAP-C"},{"index":49,"date":"2026-02-05T11:00:00","type":1,"quantity":-1,"onhand":2,"maximum":2,"operation":"blend TAB-B"},{"index":50,"date":"2026-02-05T15:00:00","type":5,"quantity":0,"onhand":2,"maximum":2,"operation":"blend CAP-C"},{"index":51,"date":"2026-02-05T23:00:00","type":1,"quantity":-1,"onhand":1,"maximum":2,"operation":"blend TAB-B"}]}
[resource] candidate {"demand":null,"iteration":15,"boundary":"2026-02-05T03:00:00","start":"2026-02-04T03:00:00","end":"2026-02-05T03:00:00","feasible":false}
[resource] overload {"demand":null,"operation":"blend TAB-B","loadPlanIndex":49,"overloadIndex":43,"events":[{"index":35,"date":"2026-02-02T16:00:00","type":1,"quantity":1,"onhand":2,"maximum":2,"operation":"blend CAP-C"},{"index":36,"date":"2026-02-03T03:00:00","type":1,"quantity":1,"onhand":3,"maximum":2,"operation":"blend TAB-B"},{"index":37,"date":"2026-02-03T03:00:00","type":1,"quantity":-1,"onhand":2,"maximum":2,"operation":"blend TAB-A"},{"index":38,"date":"2026-02-03T10:00:00","type":5,"quantity":0,"onhand":2,"maximum":2,"operation":"blend TAB-A"},{"index":39,"date":"2026-02-03T10:00:00","type":1,"quantity":1,"onhand":3,"maximum":2,"operation":"blend TAB-A"},{"index":40,"date":"2026-02-03T10:00:00","type":1,"quantity":-1,"onhand":2,"maximum":2,"operation":"blend CAP-C"},{"index":41,"date":"2026-02-03T11:00:00","type":5,"quantity":0,"onhand":2,"maximum":2,"operation":"blend TAB-B"},{"index":42,"date":"2026-02-04T03:00:00","type":5,"quantity":0,"onhand":2,"maximum":2,"operation":"blend TAB-B"},{"index":43,"date":"2026-02-04T03:00:00","type":1,"quantity":1,"onhand":3,"maximum":2,"operation":"blend TAB-B"},{"index":44,"date":"2026-02-04T06:00:00","type":1,"quantity":-1,"onhand":2,"maximum":2,"operation":"blend TAB-A"},{"index":45,"date":"2026-02-04T11:00:00","type":1,"quantity":-1,"onhand":1,"maximum":2,"operation":"blend TAB-B"},{"index":46,"date":"2026-02-04T23:00:00","type":5,"quantity":0,"onhand":1,"maximum":2,"operation":"blend TAB-B"},{"index":47,"date":"2026-02-04T23:00:00","type":1,"quantity":1,"onhand":2,"maximum":2,"operation":"blend TAB-B"},{"index":48,"date":"2026-02-05T03:00:00","type":1,"quantity":1,"onhand":3,"maximum":2,"operation":"blend CAP-C"},{"index":49,"date":"2026-02-05T03:00:00","type":1,"quantity":-1,"onhand":2,"maximum":2,"operation":"blend TAB-B"},{"index":50,"date":"2026-02-05T15:00:00","type":5,"quantity":0,"onhand":2,"maximum":2,"operation":"blend CAP-C"},{"index":51,"date":"2026-02-05T23:00:00","type":1,"quantity":-1,"onhand":1,"maximum":2,"operation":"blend TAB-B"}]}
[resource] candidate {"demand":null,"iteration":16,"boundary":"2026-02-04T03:00:00","start":"2026-02-02T19:00:00","end":"2026-02-04T03:00:00","feasible":false}
[resource] overload {"demand":null,"operation":"blend TAB-B","loadPlanIndex":44,"overloadIndex":42,"events":[{"index":34,"date":"2026-02-02T16:00:00","type":5,"quantity":0,"onhand":1,"maximum":2,"operation":"blend CAP-C"},{"index":35,"date":"2026-02-02T16:00:00","type":1,"quantity":1,"onhand":2,"maximum":2,"operation":"blend CAP-C"},{"index":36,"date":"2026-02-02T19:00:00","type":1,"quantity":1,"onhand":3,"maximum":2,"operation":"blend TAB-B"},{"index":37,"date":"2026-02-02T22:00:00","type":1,"quantity":1,"onhand":4,"maximum":2,"operation":"blend TAB-A"},{"index":38,"date":"2026-02-03T03:00:00","type":5,"quantity":0,"onhand":4,"maximum":2,"operation":"blend TAB-B"},{"index":39,"date":"2026-02-03T03:00:00","type":1,"quantity":1,"onhand":5,"maximum":2,"operation":"blend TAB-B"},{"index":40,"date":"2026-02-03T03:00:00","type":1,"quantity":-1,"onhand":4,"maximum":2,"operation":"blend TAB-A"},{"index":41,"date":"2026-02-03T10:00:00","type":5,"quantity":0,"onhand":4,"maximum":2,"operation":"blend TAB-A"},{"index":42,"date":"2026-02-03T10:00:00","type":1,"quantity":-1,"onhand":3,"maximum":2,"operation":"blend CAP-C"},{"index":43,"date":"2026-02-03T11:00:00","type":5,"quantity":0,"onhand":3,"maximum":2,"operation":"blend TAB-B"},{"index":44,"date":"2026-02-04T03:00:00","type":1,"quantity":-1,"onhand":2,"maximum":2,"operation":"blend TAB-B"},{"index":45,"date":"2026-02-04T06:00:00","type":1,"quantity":-1,"onhand":1,"maximum":2,"operation":"blend TAB-A"},{"index":46,"date":"2026-02-04T11:00:00","type":1,"quantity":-1,"onhand":0,"maximum":2,"operation":"blend TAB-B"}]}
[resource] candidate {"demand":null,"iteration":17,"boundary":"2026-02-02T19:00:00","start":"2026-02-01T11:00:00","end":"2026-02-02T19:00:00","feasible":false}
[resource] overload {"demand":null,"operation":"blend TAB-B","loadPlanIndex":38,"overloadIndex":37,"events":[{"index":29,"date":"2026-02-01T11:00:00","type":1,"quantity":1,"onhand":3,"maximum":2,"operation":"blend TAB-B"},{"index":30,"date":"2026-02-01T11:00:00","type":1,"quantity":-1,"onhand":2,"maximum":2,"operation":"blend TAB-B"},{"index":31,"date":"2026-02-01T17:00:00","type":5,"quantity":0,"onhand":2,"maximum":2,"operation":"blend TAB-A"},{"index":32,"date":"2026-02-01T19:00:00","type":5,"quantity":0,"onhand":2,"maximum":2,"operation":"blend TAB-B"},{"index":33,"date":"2026-02-01T19:00:00","type":1,"quantity":1,"onhand":3,"maximum":2,"operation":"blend TAB-A"},{"index":34,"date":"2026-02-02T07:00:00","type":5,"quantity":0,"onhand":3,"maximum":2,"operation":"blend TAB-A"},{"index":35,"date":"2026-02-02T13:00:00","type":1,"quantity":-1,"onhand":2,"maximum":2,"operation":"blend TAB-A"},{"index":36,"date":"2026-02-02T16:00:00","type":5,"quantity":0,"onhand":2,"maximum":2,"operation":"blend CAP-C"},{"index":37,"date":"2026-02-02T16:00:00","type":1,"quantity":1,"onhand":3,"maximum":2,"operation":"blend CAP-C"},{"index":38,"date":"2026-02-02T19:00:00","type":1,"quantity":-1,"onhand":2,"maximum":2,"operation":"blend TAB-B"},{"index":39,"date":"2026-02-03T03:00:00","type":1,"quantity":1,"onhand":3,"maximum":2,"operation":"blend TAB-B"},{"index":40,"date":"2026-02-03T03:00:00","type":1,"quantity":-1,"onhand":2,"maximum":2,"operation":"blend TAB-A"}]}
[resource] candidate {"demand":null,"iteration":18,"boundary":"2026-02-02T16:00:00","start":"2026-02-01T16:00:00","end":"2026-02-02T16:00:00","feasible":false}
[resource] overload {"demand":null,"operation":"blend TAB-B","loadPlanIndex":38,"overloadIndex":34,"events":[{"index":26,"date":"2026-01-31T11:00:00","type":5,"quantity":0,"onhand":2,"maximum":2,"operation":"blend TAB-B"},{"index":27,"date":"2026-02-01T01:00:00","type":1,"quantity":-1,"onhand":1,"maximum":2,"operation":"blend TAB-A"},{"index":28,"date":"2026-02-01T05:00:00","type":1,"quantity":1,"onhand":2,"maximum":2,"operation":"blend TAB-A"},{"index":29,"date":"2026-02-01T11:00:00","type":1,"quantity":-1,"onhand":1,"maximum":2,"operation":"blend TAB-B"},{"index":30,"date":"2026-02-01T16:00:00","type":5,"quantity":0,"onhand":1,"maximum":2,"operation":"blend TAB-B"},{"index":31,"date":"2026-02-01T16:00:00","type":1,"quantity":1,"onhand":2,"maximum":2,"operation":"blend TAB-B"},{"index":32,"date":"2026-02-01T17:00:00","type":5,"quantity":0,"onhand":2,"maximum":2,"operation":"blend TAB-A"},{"index":33,"date":"2026-02-02T07:00:00","type":5,"quantity":0,"onhand":2,"maximum":2,"operation":"blend TAB-A"},{"index":34,"date":"2026-02-02T07:00:00","type":1,"quantity":1,"onhand":3,"maximum":2,"operation":"blend TAB-A"},{"index":35,"date":"2026-02-02T13:00:00","type":1,"quantity":-1,"onhand":2,"maximum":2,"operation":"blend TAB-A"},{"index":36,"date":"2026-02-02T16:00:00","type":5,"quantity":0,"onhand":2,"maximum":2,"operation":"blend CAP-C"},{"index":37,"date":"2026-02-02T16:00:00","type":1,"quantity":1,"onhand":3,"maximum":2,"operation":"blend CAP-C"},{"index":38,"date":"2026-02-02T16:00:00","type":1,"quantity":-1,"onhand":2,"maximum":2,"operation":"blend TAB-B"},{"index":39,"date":"2026-02-03T03:00:00","type":1,"quantity":1,"onhand":3,"maximum":2,"operation":"blend TAB-B"},{"index":40,"date":"2026-02-03T03:00:00","type":1,"quantity":-1,"onhand":2,"maximum":2,"operation":"blend TAB-A"}]}
[resource] candidate {"demand":null,"iteration":19,"boundary":"2026-02-02T07:00:00","start":"2026-02-01T07:00:00","end":"2026-02-02T07:00:00","feasible":false}
[resource] overload {"demand":null,"operation":"blend TAB-B","loadPlanIndex":35,"overloadIndex":30,"events":[{"index":22,"date":"2026-01-30T17:00:00","type":1,"quantity":1,"onhand":2,"maximum":2,"operation":"blend TAB-A"},{"index":23,"date":"2026-01-30T23:00:00","type":1,"quantity":-1,"onhand":1,"maximum":2,"operation":"blend TAB-B"},{"index":24,"date":"2026-01-31T03:00:00","type":1,"quantity":1,"onhand":2,"maximum":2,"operation":"blend TAB-B"},{"index":25,"date":"2026-01-31T05:00:00","type":5,"quantity":0,"onhand":2,"maximum":2,"operation":"blend TAB-A"},{"index":26,"date":"2026-01-31T11:00:00","type":5,"quantity":0,"onhand":2,"maximum":2,"operation":"blend TAB-B"},{"index":27,"date":"2026-02-01T01:00:00","type":1,"quantity":-1,"onhand":1,"maximum":2,"operation":"blend TAB-A"},{"index":28,"date":"2026-02-01T05:00:00","type":1,"quantity":1,"onhand":2,"maximum":2,"operation":"blend TAB-A"},{"index":29,"date":"2026-02-01T07:00:00","type":5,"quantity":0,"onhand":2,"maximum":2,"operation":"blend TAB-B"},{"index":30,"date":"2026-02-01T07:00:00","type":1,"quantity":1,"onhand":3,"maximum":2,"operation":"blend TAB-B"},{"index":31,"date":"2026-02-01T11:00:00","type":1,"quantity":-1,"onhand":2,"maximum":2,"operation":"blend TAB-B"},{"index":32,"date":"2026-02-01T17:00:00","type":5,"quantity":0,"onhand":2,"maximum":2,"operation":"blend TAB-A"},{"index":33,"date":"2026-02-02T07:00:00","type":5,"quantity":0,"onhand":2,"maximum":2,"operation":"blend TAB-A"},{"index":34,"date":"2026-02-02T07:00:00","type":1,"quantity":1,"onhand":3,"maximum":2,"operation":"blend TAB-A"},{"index":35,"date":"2026-02-02T07:00:00","type":1,"quantity":-1,"onhand":2,"maximum":2,"operation":"blend TAB-B"},{"index":36,"date":"2026-02-02T13:00:00","type":1,"quantity":-1,"onhand":1,"maximum":2,"operation":"blend TAB-A"},{"index":37,"date":"2026-02-02T16:00:00","type":5,"quantity":0,"onhand":1,"maximum":2,"operation":"blend CAP-C"}]}
[resource] candidate {"demand":null,"iteration":20,"boundary":"2026-02-01T07:00:00","start":"2026-01-30T23:00:00","end":"2026-02-01T07:00:00","feasible":false}
[resource] overload {"demand":null,"operation":"blend TAB-B","loadPlanIndex":31,"overloadIndex":30,"events":[{"index":22,"date":"2026-01-30T17:00:00","type":1,"quantity":1,"onhand":2,"maximum":2,"operation":"blend TAB-A"},{"index":23,"date":"2026-01-30T23:00:00","type":1,"quantity":1,"onhand":3,"maximum":2,"operation":"blend TAB-B"},{"index":24,"date":"2026-01-30T23:00:00","type":1,"quantity":-1,"onhand":2,"maximum":2,"operation":"blend TAB-B"},{"index":25,"date":"2026-01-31T05:00:00","type":5,"quantity":0,"onhand":2,"maximum":2,"operation":"blend TAB-A"},{"index":26,"date":"2026-01-31T07:00:00","type":5,"quantity":0,"onhand":2,"maximum":2,"operation":"blend TAB-B"},{"index":27,"date":"2026-01-31T11:00:00","type":5,"quantity":0,"onhand":2,"maximum":2,"operation":"blend TAB-B"},{"index":28,"date":"2026-01-31T11:00:00","type":1,"quantity":1,"onhand":3,"maximum":2,"operation":"blend TAB-B"},{"index":29,"date":"2026-02-01T01:00:00","type":1,"quantity":-1,"onhand":2,"maximum":2,"operation":"blend TAB-A"},{"index":30,"date":"2026-02-01T05:00:00","type":1,"quantity":1,"onhand":3,"maximum":2,"operation":"blend TAB-A"},{"index":31,"date":"2026-02-01T07:00:00","type":1,"quantity":-1,"onhand":2,"maximum":2,"operation":"blend TAB-B"},{"index":32,"date":"2026-02-01T11:00:00","type":1,"quantity":-1,"onhand":1,"maximum":2,"operation":"blend TAB-B"},{"index":33,"date":"2026-02-01T17:00:00","type":5,"quantity":0,"onhand":1,"maximum":2,"operation":"blend TAB-A"}]}
[resource] candidate {"demand":null,"iteration":21,"boundary":"2026-02-01T05:00:00","start":"2026-01-31T05:00:00","end":"2026-02-01T05:00:00","feasible":false}
[resource] overload {"demand":null,"operation":"blend TAB-B","loadPlanIndex":31,"overloadIndex":28,"events":[{"index":20,"date":"2026-01-29T23:00:00","type":5,"quantity":0,"onhand":2,"maximum":2,"operation":"blend TAB-B"},{"index":21,"date":"2026-01-30T16:00:00","type":1,"quantity":-1,"onhand":1,"maximum":2,"operation":"blend TAB-A"},{"index":22,"date":"2026-01-30T17:00:00","type":1,"quantity":1,"onhand":2,"maximum":2,"operation":"blend TAB-A"},{"index":23,"date":"2026-01-30T23:00:00","type":1,"quantity":-1,"onhand":1,"maximum":2,"operation":"blend TAB-B"},{"index":24,"date":"2026-01-31T05:00:00","type":5,"quantity":0,"onhand":1,"maximum":2,"operation":"blend TAB-A"},{"index":25,"date":"2026-01-31T05:00:00","type":5,"quantity":0,"onhand":1,"maximum":2,"operation":"blend TAB-B"},{"index":26,"date":"2026-01-31T05:00:00","type":1,"quantity":1,"onhand":2,"maximum":2,"operation":"blend TAB-B"},{"index":27,"date":"2026-01-31T11:00:00","type":5,"quantity":0,"onhand":2,"maximum":2,"operation":"blend TAB-B"},{"index":28,"date":"2026-01-31T11:00:00","type":1,"quantity":1,"onhand":3,"maximum":2,"operation":"blend TAB-B"},{"index":29,"date":"2026-02-01T01:00:00","type":1,"quantity":-1,"onhand":2,"maximum":2,"operation":"blend TAB-A"},{"index":30,"date":"2026-02-01T05:00:00","type":1,"quantity":1,"onhand":3,"maximum":2,"operation":"blend TAB-A"},{"index":31,"date":"2026-02-01T05:00:00","type":1,"quantity":-1,"onhand":2,"maximum":2,"operation":"blend TAB-B"},{"index":32,"date":"2026-02-01T11:00:00","type":1,"quantity":-1,"onhand":1,"maximum":2,"operation":"blend TAB-B"},{"index":33,"date":"2026-02-01T17:00:00","type":5,"quantity":0,"onhand":1,"maximum":2,"operation":"blend TAB-A"}]}
[resource] candidate {"demand":null,"iteration":22,"boundary":"2026-01-31T11:00:00","start":"2026-01-30T11:00:00","end":"2026-01-31T11:00:00","feasible":false}
[resource] overload {"demand":null,"operation":"blend TAB-B","loadPlanIndex":29,"overloadIndex":26,"events":[{"index":18,"date":"2026-01-29T20:00:00","type":1,"quantity":1,"onhand":3,"maximum":2,"operation":"blend TAB-A"},{"index":19,"date":"2026-01-29T20:00:00","type":1,"quantity":-1,"onhand":2,"maximum":2,"operation":"blend CAP-C"},{"index":20,"date":"2026-01-29T23:00:00","type":5,"quantity":0,"onhand":2,"maximum":2,"operation":"blend TAB-B"},{"index":21,"date":"2026-01-30T11:00:00","type":5,"quantity":0,"onhand":2,"maximum":2,"operation":"blend TAB-B"},{"index":22,"date":"2026-01-30T11:00:00","type":1,"quantity":1,"onhand":3,"maximum":2,"operation":"blend TAB-B"},{"index":23,"date":"2026-01-30T16:00:00","type":1,"quantity":-1,"onhand":2,"maximum":2,"operation":"blend TAB-A"},{"index":24,"date":"2026-01-30T17:00:00","type":1,"quantity":1,"onhand":3,"maximum":2,"operation":"blend TAB-A"},{"index":25,"date":"2026-01-30T23:00:00","type":1,"quantity":-1,"onhand":2,"maximum":2,"operation":"blend TAB-B"},{"index":26,"date":"2026-01-31T03:00:00","type":1,"quantity":1,"onhand":3,"maximum":2,"operation":"blend TAB-B"},{"index":27,"date":"2026-01-31T05:00:00","type":5,"quantity":0,"onhand":3,"maximum":2,"operation":"blend TAB-A"},{"index":28,"date":"2026-01-31T11:00:00","type":5,"quantity":0,"onhand":3,"maximum":2,"operation":"blend TAB-B"},{"index":29,"date":"2026-01-31T11:00:00","type":1,"quantity":-1,"onhand":2,"maximum":2,"operation":"blend TAB-B"},{"index":30,"date":"2026-02-01T01:00:00","type":1,"quantity":-1,"onhand":1,"maximum":2,"operation":"blend TAB-A"},{"index":31,"date":"2026-02-01T05:00:00","type":1,"quantity":1,"onhand":2,"maximum":2,"operation":"blend TAB-A"}]}
[resource] candidate {"demand":null,"iteration":23,"boundary":"2026-01-31T03:00:00","start":"2026-01-30T03:00:00","end":"2026-01-31T03:00:00","feasible":false}
[resource] overload {"demand":null,"operation":"blend TAB-B","loadPlanIndex":27,"overloadIndex":24,"events":[{"index":16,"date":"2026-01-29T15:00:00","type":1,"quantity":-1,"onhand":2,"maximum":2,"operation":"blend CAP-C"},{"index":17,"date":"2026-01-29T20:00:00","type":5,"quantity":0,"onhand":2,"maximum":2,"operation":"blend TAB-A"},{"index":18,"date":"2026-01-29T20:00:00","type":1,"quantity":1,"onhand":3,"maximum":2,"operation":"blend TAB-A"},{"index":19,"date":"2026-01-29T20:00:00","type":1,"quantity":-1,"onhand":2,"maximum":2,"operation":"blend CAP-C"},{"index":20,"date":"2026-01-29T23:00:00","type":5,"quantity":0,"onhand":2,"maximum":2,"operation":"blend TAB-B"},{"index":21,"date":"2026-01-30T03:00:00","type":5,"quantity":0,"onhand":2,"maximum":2,"operation":"blend TAB-B"},{"index":22,"date":"2026-01-30T03:00:00","type":1,"quantity":1,"onhand":3,"maximum":2,"operation":"blend TAB-B"},{"index":23,"date":"2026-01-30T16:00:00","type":1,"quantity":-1,"onhand":2,"maximum":2,"operation":"blend TAB-A"},{"index":24,"date":"2026-01-30T17:00:00","type":1,"quantity":1,"onhand":3,"maximum":2,"operation":"blend TAB-A"},{"index":25,"date":"2026-01-30T23:00:00","type":1,"quantity":-1,"onhand":2,"maximum":2,"operation":"blend TAB-B"},{"index":26,"date":"2026-01-31T03:00:00","type":1,"quantity":1,"onhand":3,"maximum":2,"operation":"blend TAB-B"},{"index":27,"date":"2026-01-31T03:00:00","type":1,"quantity":-1,"onhand":2,"maximum":2,"operation":"blend TAB-B"},{"index":28,"date":"2026-01-31T05:00:00","type":5,"quantity":0,"onhand":2,"maximum":2,"operation":"blend TAB-A"},{"index":29,"date":"2026-01-31T11:00:00","type":5,"quantity":0,"onhand":2,"maximum":2,"operation":"blend TAB-B"}]}
[resource] candidate {"demand":null,"iteration":24,"boundary":"2026-01-30T17:00:00","start":"2026-01-29T09:00:00","end":"2026-01-30T17:00:00","feasible":false}
[resource] overload {"demand":null,"operation":"blend TAB-B","loadPlanIndex":25,"overloadIndex":21,"events":[{"index":13,"date":"2026-01-29T02:00:00","type":1,"quantity":1,"onhand":3,"maximum":2,"operation":"blend CAP-C"},{"index":14,"date":"2026-01-29T02:00:00","type":1,"quantity":-1,"onhand":2,"maximum":2,"operation":"blend TAB-B"},{"index":15,"date":"2026-01-29T08:00:00","type":1,"quantity":1,"onhand":3,"maximum":2,"operation":"blend TAB-A"},{"index":16,"date":"2026-01-29T09:00:00","type":1,"quantity":1,"onhand":4,"maximum":2,"operation":"blend TAB-B"},{"index":17,"date":"2026-01-29T15:00:00","type":1,"quantity":1,"onhand":5,"maximum":2,"operation":"blend TAB-B"},{"index":18,"date":"2026-01-29T15:00:00","type":1,"quantity":-1,"onhand":4,"maximum":2,"operation":"blend CAP-C"},{"index":19,"date":"2026-01-29T17:00:00","type":5,"quantity":0,"onhand":4,"maximum":2,"operation":"blend TAB-B"},{"index":20,"date":"2026-01-29T20:00:00","type":5,"quantity":0,"onhand":4,"maximum":2,"operation":"blend TAB-A"},{"index":21,"date":"2026-01-29T20:00:00","type":1,"quantity":-1,"onhand":3,"maximum":2,"operation":"blend CAP-C"},{"index":22,"date":"2026-01-29T23:00:00","type":5,"quantity":0,"onhand":3,"maximum":2,"operation":"blend TAB-B"},{"index":23,"date":"2026-01-30T16:00:00","type":1,"quantity":-1,"onhand":2,"maximum":2,"operation":"blend TAB-A"},{"index":24,"date":"2026-01-30T17:00:00","type":1,"quantity":1,"onhand":3,"maximum":2,"operation":"blend TAB-A"},{"index":25,"date":"2026-01-30T17:00:00","type":1,"quantity":-1,"onhand":2,"maximum":2,"operation":"blend TAB-B"},{"index":26,"date":"2026-01-30T23:00:00","type":1,"quantity":-1,"onhand":1,"maximum":2,"operation":"blend TAB-B"},{"index":27,"date":"2026-01-31T03:00:00","type":1,"quantity":1,"onhand":2,"maximum":2,"operation":"blend TAB-B"}]}
[resource] candidate {"demand":null,"iteration":25,"boundary":"2026-01-29T08:00:00","start":"2026-01-28T08:00:00","end":"2026-01-29T08:00:00","feasible":false}
[resource] overload {"demand":null,"operation":"blend TAB-B","loadPlanIndex":17,"overloadIndex":16,"events":[{"index":8,"date":"2026-01-28T02:00:00","type":1,"quantity":-1,"onhand":2,"maximum":2,"operation":"blend TAB-B"},{"index":9,"date":"2026-01-28T08:00:00","type":5,"quantity":0,"onhand":2,"maximum":2,"operation":"blend TAB-B"},{"index":10,"date":"2026-01-28T08:00:00","type":1,"quantity":1,"onhand":3,"maximum":2,"operation":"blend TAB-B"},{"index":11,"date":"2026-01-28T09:00:00","type":1,"quantity":1,"onhand":4,"maximum":2,"operation":"blend CAP-C"},{"index":12,"date":"2026-01-28T09:00:00","type":1,"quantity":-1,"onhand":3,"maximum":2,"operation":"blend TAB-B"},{"index":13,"date":"2026-01-28T21:00:00","type":5,"quantity":0,"onhand":3,"maximum":2,"operation":"blend CAP-C"},{"index":14,"date":"2026-01-29T02:00:00","type":5,"quantity":0,"onhand":3,"maximum":2,"operation":"blend CAP-C"},{"index":15,"date":"2026-01-29T02:00:00","type":1,"quantity":1,"onhand":4,"maximum":2,"operation":"blend CAP-C"},{"index":16,"date":"2026-01-29T02:00:00","type":1,"quantity":-1,"onhand":3,"maximum":2,"operation":"blend TAB-B"},{"index":17,"date":"2026-01-29T08:00:00","type":1,"quantity":-1,"onhand":2,"maximum":2,"operation":"blend TAB-B"},{"index":18,"date":"2026-01-29T15:00:00","type":1,"quantity":1,"onhand":3,"maximum":2,"operation":"blend TAB-B"},{"index":19,"date":"2026-01-29T15:00:00","type":1,"quantity":-1,"onhand":2,"maximum":2,"operation":"blend CAP-C"}]}
[resource] candidate {"demand":null,"iteration":26,"boundary":"2026-01-28T08:00:00","start":"2026-01-27T08:00:00","end":"2026-01-28T08:00:00","feasible":false}
[resource] overload {"demand":null,"operation":"blend TAB-B","loadPlanIndex":11,"overloadIndex":10,"events":[{"index":2,"date":"2026-01-26T21:00:00","type":1,"quantity":1,"onhand":1,"maximum":2,"operation":"blend TAB-B"},{"index":3,"date":"2026-01-27T02:00:00","type":5,"quantity":0,"onhand":1,"maximum":2,"operation":"blend TAB-B"},{"index":4,"date":"2026-01-27T08:00:00","type":5,"quantity":0,"onhand":1,"maximum":2,"operation":"blend TAB-B"},{"index":5,"date":"2026-01-27T08:00:00","type":1,"quantity":1,"onhand":2,"maximum":2,"operation":"blend TAB-B"},{"index":6,"date":"2026-01-27T09:00:00","type":5,"quantity":0,"onhand":2,"maximum":2,"operation":"blend TAB-B"},{"index":7,"date":"2026-01-27T09:00:00","type":1,"quantity":1,"onhand":3,"maximum":2,"operation":"blend TAB-B"},{"index":8,"date":"2026-01-28T02:00:00","type":5,"quantity":0,"onhand":3,"maximum":2,"operation":"blend TAB-B"},{"index":9,"date":"2026-01-28T02:00:00","type":1,"quantity":1,"onhand":4,"maximum":2,"operation":"blend TAB-B"},{"index":10,"date":"2026-01-28T02:00:00","type":1,"quantity":-1,"onhand":3,"maximum":2,"operation":"blend TAB-B"},{"index":11,"date":"2026-01-28T08:00:00","type":1,"quantity":-1,"onhand":2,"maximum":2,"operation":"blend TAB-B"},{"index":12,"date":"2026-01-28T09:00:00","type":1,"quantity":1,"onhand":3,"maximum":2,"operation":"blend CAP-C"},{"index":13,"date":"2026-01-28T09:00:00","type":1,"quantity":-1,"onhand":2,"maximum":2,"operation":"blend TAB-B"}]}
[resource] candidate {"demand":null,"iteration":27,"boundary":"2026-01-27T09:00:00","start":"2026-01-26T04:00:00","end":"2026-01-27T09:00:00","feasible":false}
[resource] candidate {"demand":null,"iteration":28,"boundary":"2026-01-26T04:00:00","start":"2026-01-26T04:00:00","end":"2026-01-27T09:00:00","feasible":true}
[buffer] ask {"demand":null,"buffer":"active B","requested":6,"date":"2026-01-26T09:00:00","onhand":75}
[buffer] answer {"demand":null,"buffer":"active B","requested":6,"remainingShortage":0,"quantity":6,"date":"2026-01-26T09:00:00","plan":null}
[buffer] ask {"demand":null,"buffer":"excipient","requested":12,"date":"2026-01-26T09:00:00","onhand":420}
[buffer] answer {"demand":null,"buffer":"excipient","requested":12,"remainingShortage":0,"quantity":12,"date":"2026-01-26T09:00:00","plan":null}
[operation] answer {"demand":null,"operation":"blend TAB-B","quantity":6,"start":"2026-01-26T04:00:00","end":"2026-01-27T09:00:00"}
[operation] routing-answer {"demand":null,"operation":"batch TAB-B","quantity":6,"start":"2026-01-26T04:00:00","end":"2026-02-18T00:00:00"}
[buffer] replenish {"buffer":"tablet B","iteration":0,"requested":6,"replenished":6,"producerDate":"2026-02-18T00:00:00","eventCountBefore":23,"eventCountAfter":24,"remaining":0}
[buffer] answer {"demand":null,"buffer":"tablet B","requested":6,"remainingShortage":0,"quantity":6,"date":"2026-02-18T00:00:00","plan":"OperationPlan"}
[operation] answer {"demand":"medicine demand 035 TAB-B","operation":"release TAB-B","quantity":6,"start":"2026-02-18T00:00:00","end":"2026-02-18T06:00:00"}
[demand] reply {"demand":"medicine demand 035 TAB-B","attempt":1,"result":true,"quantity":6,"date":"2026-02-18T06:00:00"}
[demand] attempt {"demand":"medicine demand 009 CAP-C","attempt":1,"quantity":5,"requestDate":"2026-02-05T06:00:00","lastDate":"2030-12-31T00:00:00"}
[operation] ask {"demand":"medicine demand 009 CAP-C","operation":"release CAP-C","quantity":5,"end":"2026-02-05T06:00:00"}
[feasible] {"operation":"release CAP-C","start":"2026-02-05T00:00:00","end":"2026-02-05T06:00:00","reason":"interval-material"}
[buffer] ask {"demand":null,"buffer":"capsule C","requested":5,"date":"2026-02-05T00:00:00","onhand":2}
[buffer] shortage {"buffer":"capsule C","iteration":0,"date":"2026-02-05T00:00:00","onhand":-5,"shortage":5}
[operation] routing-ask {"demand":null,"operation":"batch CAP-C","quantity":5,"operationPlanQuantity":5,"end":"2026-02-05T00:00:00","steps":["blend CAP-C","form CAP-C","inspect CAP-C"]}
[operation] ask {"demand":null,"operation":"inspect CAP-C","quantity":5,"end":"2026-02-05T00:00:00"}
[resource] ask {"demand":null,"operation":"inspect CAP-C","resource":"qa pharmacist 1","start":"2026-02-04T06:00:00","end":"2026-02-05T00:00:00"}
[resource] candidate {"demand":null,"start":"2026-02-04T06:00:00","end":"2026-02-05T00:00:00","feasible":true}
[resource] ask {"demand":null,"operation":"inspect CAP-C","resource":"qa pharmacist 2","start":"2026-02-04T05:03:09","end":"2026-02-05T00:00:00"}
[resource] candidate {"demand":null,"start":"2026-02-04T05:03:09","end":"2026-02-05T00:00:00","feasible":true}
[resource] ask {"demand":null,"operation":"inspect CAP-C","resource":"qa pharmacist 1","start":"2026-02-04T06:00:00","end":"2026-02-05T00:00:00"}
[resource] candidate {"demand":null,"start":"2026-02-04T06:00:00","end":"2026-02-05T00:00:00","feasible":true}
[operation] answer {"demand":null,"operation":"inspect CAP-C","quantity":5,"start":"2026-02-04T06:00:00","end":"2026-02-05T00:00:00"}
[operation] ask {"demand":null,"operation":"form CAP-C","quantity":5,"end":"2026-02-04T06:00:00"}
[resource] ask {"demand":null,"operation":"form CAP-C","resource":"forming line A","start":"2026-02-03T09:00:00","end":"2026-02-04T06:00:00"}
[resource] candidate {"demand":null,"start":"2026-02-03T09:00:00","end":"2026-02-04T06:00:00","feasible":true}
[buffer] ask {"demand":null,"buffer":"primary packaging","requested":5,"date":"2026-02-03T14:00:00","onhand":253}
[buffer] answer {"demand":null,"buffer":"primary packaging","requested":5,"remainingShortage":0,"quantity":5,"date":"2026-02-03T14:00:00","plan":null}
[operation] answer {"demand":null,"operation":"form CAP-C","quantity":5,"start":"2026-02-03T09:00:00","end":"2026-02-04T06:00:00"}
[operation] ask {"demand":null,"operation":"blend CAP-C","quantity":5,"end":"2026-02-03T09:00:00"}
[feasible] {"operation":"blend CAP-C","start":"2026-02-02T15:00:00","end":"2026-02-03T09:00:00","reason":"capacity","siblings":[{"operation":"blend CAP-C","start":"2026-02-02T15:00:00","end":"2026-02-03T09:00:00"},{"operation":"form CAP-C","start":"2026-02-03T09:00:00","end":"2026-02-04T06:00:00"},{"operation":"inspect CAP-C","start":"2026-02-04T06:00:00","end":"2026-02-05T00:00:00"}]}
[resource] ask {"demand":null,"operation":"blend CAP-C","resource":"blender","start":"2026-02-02T15:00:00","end":"2026-02-03T09:00:00"}
[resource] candidate {"demand":null,"start":"2026-02-02T15:00:00","end":"2026-02-03T09:00:00","feasible":false}
[resource] overload {"demand":null,"operation":"blend CAP-C","loadPlanIndex":43,"overloadIndex":42,"events":[{"index":34,"date":"2026-02-02T07:00:00","type":5,"quantity":0,"onhand":1,"maximum":2,"operation":"blend TAB-A"},{"index":35,"date":"2026-02-02T07:00:00","type":1,"quantity":1,"onhand":2,"maximum":2,"operation":"blend TAB-A"},{"index":36,"date":"2026-02-02T13:00:00","type":1,"quantity":-1,"onhand":1,"maximum":2,"operation":"blend TAB-A"},{"index":37,"date":"2026-02-02T15:00:00","type":5,"quantity":0,"onhand":1,"maximum":2,"operation":"blend CAP-C"},{"index":38,"date":"2026-02-02T15:00:00","type":1,"quantity":1,"onhand":2,"maximum":2,"operation":"blend CAP-C"},{"index":39,"date":"2026-02-02T16:00:00","type":5,"quantity":0,"onhand":2,"maximum":2,"operation":"blend CAP-C"},{"index":40,"date":"2026-02-02T16:00:00","type":1,"quantity":1,"onhand":3,"maximum":2,"operation":"blend CAP-C"},{"index":41,"date":"2026-02-03T03:00:00","type":1,"quantity":1,"onhand":4,"maximum":2,"operation":"blend TAB-B"},{"index":42,"date":"2026-02-03T03:00:00","type":1,"quantity":-1,"onhand":3,"maximum":2,"operation":"blend TAB-A"},{"index":43,"date":"2026-02-03T09:00:00","type":1,"quantity":-1,"onhand":2,"maximum":2,"operation":"blend CAP-C"},{"index":44,"date":"2026-02-03T10:00:00","type":5,"quantity":0,"onhand":2,"maximum":2,"operation":"blend TAB-A"},{"index":45,"date":"2026-02-03T10:00:00","type":1,"quantity":1,"onhand":3,"maximum":2,"operation":"blend TAB-A"}]}
[resource] candidate {"demand":null,"iteration":1,"boundary":"2026-02-02T16:00:00","start":"2026-02-01T22:00:00","end":"2026-02-02T16:00:00","feasible":false}
[resource] overload {"demand":null,"operation":"blend CAP-C","loadPlanIndex":41,"overloadIndex":37,"events":[{"index":29,"date":"2026-01-31T11:00:00","type":5,"quantity":0,"onhand":2,"maximum":2,"operation":"blend TAB-B"},{"index":30,"date":"2026-02-01T01:00:00","type":1,"quantity":-1,"onhand":1,"maximum":2,"operation":"blend TAB-A"},{"index":31,"date":"2026-02-01T05:00:00","type":1,"quantity":1,"onhand":2,"maximum":2,"operation":"blend TAB-A"},{"index":32,"date":"2026-02-01T11:00:00","type":1,"quantity":-1,"onhand":1,"maximum":2,"operation":"blend TAB-B"},{"index":33,"date":"2026-02-01T17:00:00","type":5,"quantity":0,"onhand":1,"maximum":2,"operation":"blend TAB-A"},{"index":34,"date":"2026-02-01T22:00:00","type":5,"quantity":0,"onhand":1,"maximum":2,"operation":"blend CAP-C"},{"index":35,"date":"2026-02-01T22:00:00","type":1,"quantity":1,"onhand":2,"maximum":2,"operation":"blend CAP-C"},{"index":36,"date":"2026-02-02T07:00:00","type":5,"quantity":0,"onhand":2,"maximum":2,"operation":"blend TAB-A"},{"index":37,"date":"2026-02-02T07:00:00","type":1,"quantity":1,"onhand":3,"maximum":2,"operation":"blend TAB-A"},{"index":38,"date":"2026-02-02T13:00:00","type":1,"quantity":-1,"onhand":2,"maximum":2,"operation":"blend TAB-A"},{"index":39,"date":"2026-02-02T16:00:00","type":5,"quantity":0,"onhand":2,"maximum":2,"operation":"blend CAP-C"},{"index":40,"date":"2026-02-02T16:00:00","type":1,"quantity":1,"onhand":3,"maximum":2,"operation":"blend CAP-C"},{"index":41,"date":"2026-02-02T16:00:00","type":1,"quantity":-1,"onhand":2,"maximum":2,"operation":"blend CAP-C"},{"index":42,"date":"2026-02-03T03:00:00","type":1,"quantity":1,"onhand":3,"maximum":2,"operation":"blend TAB-B"},{"index":43,"date":"2026-02-03T03:00:00","type":1,"quantity":-1,"onhand":2,"maximum":2,"operation":"blend TAB-A"}]}
[resource] candidate {"demand":null,"iteration":2,"boundary":"2026-02-02T07:00:00","start":"2026-02-01T01:00:00","end":"2026-02-02T07:00:00","feasible":false}
[resource] candidate {"demand":null,"iteration":3,"boundary":"2026-02-01T01:00:00","start":"2026-02-01T01:00:00","end":"2026-02-02T07:00:00","feasible":true}
[buffer] ask {"demand":null,"buffer":"active C","requested":5,"date":"2026-02-01T13:00:00","onhand":83}
[buffer] answer {"demand":null,"buffer":"active C","requested":5,"remainingShortage":0,"quantity":5,"date":"2026-02-01T13:00:00","plan":null}
[buffer] ask {"demand":null,"buffer":"excipient","requested":10,"date":"2026-02-01T13:00:00","onhand":340}
[buffer] answer {"demand":null,"buffer":"excipient","requested":10,"remainingShortage":0,"quantity":10,"date":"2026-02-01T13:00:00","plan":null}
[operation] answer {"demand":null,"operation":"blend CAP-C","quantity":5,"start":"2026-02-01T01:00:00","end":"2026-02-02T07:00:00"}
[operation] routing-answer {"demand":null,"operation":"batch CAP-C","quantity":5,"start":"2026-02-01T01:00:00","end":"2026-02-05T00:00:00"}
[buffer] replenish {"buffer":"capsule C","iteration":0,"requested":5,"replenished":5,"producerDate":"2026-02-05T00:00:00","eventCountBefore":17,"eventCountAfter":18,"remaining":0}
[buffer] answer {"demand":null,"buffer":"capsule C","requested":5,"remainingShortage":0,"quantity":5,"date":"2026-02-05T00:00:00","plan":"OperationPlan"}
[operation] answer {"demand":"medicine demand 009 CAP-C","operation":"release CAP-C","quantity":5,"start":"2026-02-05T00:00:00","end":"2026-02-05T06:00:00"}
[demand] reply {"demand":"medicine demand 009 CAP-C","attempt":1,"result":true,"quantity":5,"date":"2026-02-05T06:00:00"}
[demand] attempt {"demand":"medicine demand 018 CAP-C","attempt":1,"quantity":2,"requestDate":"2026-02-09T18:00:00","lastDate":"2030-12-31T00:00:00"}
[operation] ask {"demand":"medicine demand 018 CAP-C","operation":"release CAP-C","quantity":2,"end":"2026-02-09T18:00:00"}
[feasible] {"operation":"release CAP-C","start":"2026-02-09T12:00:00","end":"2026-02-09T18:00:00","reason":"interval-material"}
[buffer] ask {"demand":null,"buffer":"capsule C","requested":2,"date":"2026-02-09T12:00:00","onhand":5}
[buffer] shortage {"buffer":"capsule C","iteration":0,"date":"2026-02-09T12:00:00","onhand":-2,"shortage":2}
[operation] routing-ask {"demand":null,"operation":"batch CAP-C","quantity":2,"operationPlanQuantity":2,"end":"2026-02-09T12:00:00","steps":["blend CAP-C","form CAP-C","inspect CAP-C"]}
[operation] ask {"demand":null,"operation":"inspect CAP-C","quantity":2,"end":"2026-02-09T12:00:00"}
[resource] ask {"demand":null,"operation":"inspect CAP-C","resource":"qa pharmacist 1","start":"2026-02-08T18:00:00","end":"2026-02-09T12:00:00"}
[resource] candidate {"demand":null,"start":"2026-02-08T18:00:00","end":"2026-02-09T12:00:00","feasible":true}
[resource] ask {"demand":null,"operation":"inspect CAP-C","resource":"qa pharmacist 2","start":"2026-02-08T17:03:09","end":"2026-02-09T12:00:00"}
[resource] candidate {"demand":null,"start":"2026-02-08T17:03:09","end":"2026-02-09T12:00:00","feasible":true}
[resource] ask {"demand":null,"operation":"inspect CAP-C","resource":"qa pharmacist 1","start":"2026-02-08T18:00:00","end":"2026-02-09T12:00:00"}
[resource] candidate {"demand":null,"start":"2026-02-08T18:00:00","end":"2026-02-09T12:00:00","feasible":true}
[operation] answer {"demand":null,"operation":"inspect CAP-C","quantity":2,"start":"2026-02-08T18:00:00","end":"2026-02-09T12:00:00"}
[operation] ask {"demand":null,"operation":"form CAP-C","quantity":2,"end":"2026-02-08T18:00:00"}
[resource] ask {"demand":null,"operation":"form CAP-C","resource":"forming line A","start":"2026-02-07T21:00:00","end":"2026-02-08T18:00:00"}
[resource] candidate {"demand":null,"start":"2026-02-07T21:00:00","end":"2026-02-08T18:00:00","feasible":true}
[buffer] ask {"demand":null,"buffer":"primary packaging","requested":2,"date":"2026-02-08T02:00:00","onhand":216}
[buffer] answer {"demand":null,"buffer":"primary packaging","requested":2,"remainingShortage":0,"quantity":2,"date":"2026-02-08T02:00:00","plan":null}
[operation] answer {"demand":null,"operation":"form CAP-C","quantity":2,"start":"2026-02-07T21:00:00","end":"2026-02-08T18:00:00"}
[operation] ask {"demand":null,"operation":"blend CAP-C","quantity":2,"end":"2026-02-07T21:00:00"}
[feasible] {"operation":"blend CAP-C","start":"2026-02-07T03:00:00","end":"2026-02-07T21:00:00","reason":"capacity","siblings":[{"operation":"blend CAP-C","start":"2026-02-07T03:00:00","end":"2026-02-07T21:00:00"},{"operation":"form CAP-C","start":"2026-02-07T21:00:00","end":"2026-02-08T18:00:00"},{"operation":"inspect CAP-C","start":"2026-02-08T18:00:00","end":"2026-02-09T12:00:00"}]}
[resource] ask {"demand":null,"operation":"blend CAP-C","resource":"blender","start":"2026-02-07T03:00:00","end":"2026-02-07T21:00:00"}
[resource] candidate {"demand":null,"start":"2026-02-07T03:00:00","end":"2026-02-07T21:00:00","feasible":false}
[resource] overload {"demand":null,"operation":"blend CAP-C","loadPlanIndex":67,"overloadIndex":66,"events":[{"index":58,"date":"2026-02-06T19:00:00","type":5,"quantity":0,"onhand":1,"maximum":2,"operation":"blend TAB-A"},{"index":59,"date":"2026-02-06T19:00:00","type":1,"quantity":1,"onhand":2,"maximum":2,"operation":"blend TAB-A"},{"index":60,"date":"2026-02-07T01:00:00","type":1,"quantity":-1,"onhand":1,"maximum":2,"operation":"blend TAB-A"},{"index":61,"date":"2026-02-07T03:00:00","type":5,"quantity":0,"onhand":1,"maximum":2,"operation":"blend CAP-C"},{"index":62,"date":"2026-02-07T03:00:00","type":1,"quantity":1,"onhand":2,"maximum":2,"operation":"blend CAP-C"},{"index":63,"date":"2026-02-07T04:00:00","type":5,"quantity":0,"onhand":2,"maximum":2,"operation":"blend CAP-C"},{"index":64,"date":"2026-02-07T04:00:00","type":1,"quantity":1,"onhand":3,"maximum":2,"operation":"blend CAP-C"},{"index":65,"date":"2026-02-07T15:00:00","type":1,"quantity":1,"onhand":4,"maximum":2,"operation":"blend TAB-B"},{"index":66,"date":"2026-02-07T15:00:00","type":1,"quantity":-1,"onhand":3,"maximum":2,"operation":"blend TAB-A"},{"index":67,"date":"2026-02-07T21:00:00","type":1,"quantity":-1,"onhand":2,"maximum":2,"operation":"blend CAP-C"},{"index":68,"date":"2026-02-07T22:00:00","type":5,"quantity":0,"onhand":2,"maximum":2,"operation":"blend TAB-A"},{"index":69,"date":"2026-02-07T22:00:00","type":1,"quantity":1,"onhand":3,"maximum":2,"operation":"blend TAB-A"}]}
[resource] candidate {"demand":null,"iteration":1,"boundary":"2026-02-07T04:00:00","start":"2026-02-06T10:00:00","end":"2026-02-07T04:00:00","feasible":false}
[resource] overload {"demand":null,"operation":"blend CAP-C","loadPlanIndex":65,"overloadIndex":61,"events":[{"index":53,"date":"2026-02-05T15:00:00","type":5,"quantity":0,"onhand":2,"maximum":2,"operation":"blend CAP-C"},{"index":54,"date":"2026-02-05T23:00:00","type":1,"quantity":-1,"onhand":1,"maximum":2,"operation":"blend TAB-B"},{"index":55,"date":"2026-02-06T05:00:00","type":5,"quantity":0,"onhand":1,"maximum":2,"operation":"blend TAB-A"},{"index":56,"date":"2026-02-06T05:00:00","type":1,"quantity":1,"onhand":2,"maximum":2,"operation":"blend TAB-A"},{"index":57,"date":"2026-02-06T09:00:00","type":1,"quantity":-1,"onhand":1,"maximum":2,"operation":"blend CAP-C"},{"index":58,"date":"2026-02-06T10:00:00","type":5,"quantity":0,"onhand":1,"maximum":2,"operation":"blend CAP-C"},{"index":59,"date":"2026-02-06T10:00:00","type":1,"quantity":1,"onhand":2,"maximum":2,"operation":"blend CAP-C"},{"index":60,"date":"2026-02-06T19:00:00","type":5,"quantity":0,"onhand":2,"maximum":2,"operation":"blend TAB-A"},{"index":61,"date":"2026-02-06T19:00:00","type":1,"quantity":1,"onhand":3,"maximum":2,"operation":"blend TAB-A"},{"index":62,"date":"2026-02-07T01:00:00","type":1,"quantity":-1,"onhand":2,"maximum":2,"operation":"blend TAB-A"},{"index":63,"date":"2026-02-07T04:00:00","type":5,"quantity":0,"onhand":2,"maximum":2,"operation":"blend CAP-C"},{"index":64,"date":"2026-02-07T04:00:00","type":1,"quantity":1,"onhand":3,"maximum":2,"operation":"blend CAP-C"},{"index":65,"date":"2026-02-07T04:00:00","type":1,"quantity":-1,"onhand":2,"maximum":2,"operation":"blend CAP-C"},{"index":66,"date":"2026-02-07T15:00:00","type":1,"quantity":1,"onhand":3,"maximum":2,"operation":"blend TAB-B"},{"index":67,"date":"2026-02-07T15:00:00","type":1,"quantity":-1,"onhand":2,"maximum":2,"operation":"blend TAB-A"}]}
[resource] candidate {"demand":null,"iteration":2,"boundary":"2026-02-06T19:00:00","start":"2026-02-06T01:00:00","end":"2026-02-06T19:00:00","feasible":false}
[resource] overload {"demand":null,"operation":"blend CAP-C","loadPlanIndex":62,"overloadIndex":58,"events":[{"index":50,"date":"2026-02-04T23:00:00","type":5,"quantity":0,"onhand":0,"maximum":2,"operation":"blend TAB-B"},{"index":51,"date":"2026-02-04T23:00:00","type":1,"quantity":1,"onhand":1,"maximum":2,"operation":"blend TAB-B"},{"index":52,"date":"2026-02-05T03:00:00","type":1,"quantity":1,"onhand":2,"maximum":2,"operation":"blend CAP-C"},{"index":53,"date":"2026-02-05T15:00:00","type":5,"quantity":0,"onhand":2,"maximum":2,"operation":"blend CAP-C"},{"index":54,"date":"2026-02-05T23:00:00","type":1,"quantity":-1,"onhand":1,"maximum":2,"operation":"blend TAB-B"},{"index":55,"date":"2026-02-06T01:00:00","type":5,"quantity":0,"onhand":1,"maximum":2,"operation":"blend CAP-C"},{"index":56,"date":"2026-02-06T01:00:00","type":1,"quantity":1,"onhand":2,"maximum":2,"operation":"blend CAP-C"},{"index":57,"date":"2026-02-06T05:00:00","type":5,"quantity":0,"onhand":2,"maximum":2,"operation":"blend TAB-A"},{"index":58,"date":"2026-02-06T05:00:00","type":1,"quantity":1,"onhand":3,"maximum":2,"operation":"blend TAB-A"},{"index":59,"date":"2026-02-06T09:00:00","type":1,"quantity":-1,"onhand":2,"maximum":2,"operation":"blend CAP-C"},{"index":60,"date":"2026-02-06T19:00:00","type":5,"quantity":0,"onhand":2,"maximum":2,"operation":"blend TAB-A"},{"index":61,"date":"2026-02-06T19:00:00","type":1,"quantity":1,"onhand":3,"maximum":2,"operation":"blend TAB-A"},{"index":62,"date":"2026-02-06T19:00:00","type":1,"quantity":-1,"onhand":2,"maximum":2,"operation":"blend CAP-C"},{"index":63,"date":"2026-02-07T01:00:00","type":1,"quantity":-1,"onhand":1,"maximum":2,"operation":"blend TAB-A"},{"index":64,"date":"2026-02-07T04:00:00","type":5,"quantity":0,"onhand":1,"maximum":2,"operation":"blend CAP-C"}]}
[resource] candidate {"demand":null,"iteration":3,"boundary":"2026-02-06T05:00:00","start":"2026-02-04T23:00:00","end":"2026-02-06T05:00:00","feasible":false}
[resource] overload {"demand":null,"operation":"blend CAP-C","loadPlanIndex":59,"overloadIndex":55,"events":[{"index":47,"date":"2026-02-03T11:00:00","type":5,"quantity":0,"onhand":2,"maximum":2,"operation":"blend TAB-B"},{"index":48,"date":"2026-02-04T06:00:00","type":1,"quantity":-1,"onhand":1,"maximum":2,"operation":"blend TAB-A"},{"index":49,"date":"2026-02-04T11:00:00","type":1,"quantity":-1,"onhand":0,"maximum":2,"operation":"blend TAB-B"},{"index":50,"date":"2026-02-04T23:00:00","type":5,"quantity":0,"onhand":0,"maximum":2,"operation":"blend TAB-B"},{"index":51,"date":"2026-02-04T23:00:00","type":1,"quantity":1,"onhand":1,"maximum":2,"operation":"blend CAP-C"},{"index":52,"date":"2026-02-04T23:00:00","type":1,"quantity":1,"onhand":2,"maximum":2,"operation":"blend TAB-B"},{"index":53,"date":"2026-02-05T11:00:00","type":5,"quantity":0,"onhand":2,"maximum":2,"operation":"blend CAP-C"},{"index":54,"date":"2026-02-05T15:00:00","type":5,"quantity":0,"onhand":2,"maximum":2,"operation":"blend CAP-C"},{"index":55,"date":"2026-02-05T15:00:00","type":1,"quantity":1,"onhand":3,"maximum":2,"operation":"blend CAP-C"},{"index":56,"date":"2026-02-05T23:00:00","type":1,"quantity":-1,"onhand":2,"maximum":2,"operation":"blend TAB-B"},{"index":57,"date":"2026-02-06T05:00:00","type":5,"quantity":0,"onhand":2,"maximum":2,"operation":"blend TAB-A"},{"index":58,"date":"2026-02-06T05:00:00","type":1,"quantity":1,"onhand":3,"maximum":2,"operation":"blend TAB-A"},{"index":59,"date":"2026-02-06T05:00:00","type":1,"quantity":-1,"onhand":2,"maximum":2,"operation":"blend CAP-C"},{"index":60,"date":"2026-02-06T09:00:00","type":1,"quantity":-1,"onhand":1,"maximum":2,"operation":"blend CAP-C"},{"index":61,"date":"2026-02-06T19:00:00","type":5,"quantity":0,"onhand":1,"maximum":2,"operation":"blend TAB-A"}]}
[resource] candidate {"demand":null,"iteration":4,"boundary":"2026-02-05T15:00:00","start":"2026-02-04T09:00:00","end":"2026-02-05T15:00:00","feasible":false}
[resource] overload {"demand":null,"operation":"blend CAP-C","loadPlanIndex":56,"overloadIndex":54,"events":[{"index":46,"date":"2026-02-03T10:00:00","type":1,"quantity":-1,"onhand":2,"maximum":2,"operation":"blend CAP-C"},{"index":47,"date":"2026-02-03T11:00:00","type":5,"quantity":0,"onhand":2,"maximum":2,"operation":"blend TAB-B"},{"index":48,"date":"2026-02-04T06:00:00","type":1,"quantity":-1,"onhand":1,"maximum":2,"operation":"blend TAB-A"},{"index":49,"date":"2026-02-04T09:00:00","type":1,"quantity":1,"onhand":2,"maximum":2,"operation":"blend CAP-C"},{"index":50,"date":"2026-02-04T11:00:00","type":1,"quantity":-1,"onhand":1,"maximum":2,"operation":"blend TAB-B"},{"index":51,"date":"2026-02-04T15:00:00","type":1,"quantity":1,"onhand":2,"maximum":2,"operation":"blend TAB-B"},{"index":52,"date":"2026-02-04T21:00:00","type":5,"quantity":0,"onhand":2,"maximum":2,"operation":"blend CAP-C"},{"index":53,"date":"2026-02-04T23:00:00","type":5,"quantity":0,"onhand":2,"maximum":2,"operation":"blend TAB-B"},{"index":54,"date":"2026-02-05T03:00:00","type":1,"quantity":1,"onhand":3,"maximum":2,"operation":"blend CAP-C"},{"index":55,"date":"2026-02-05T15:00:00","type":5,"quantity":0,"onhand":3,"maximum":2,"operation":"blend CAP-C"},{"index":56,"date":"2026-02-05T15:00:00","type":1,"quantity":-1,"onhand":2,"maximum":2,"operation":"blend CAP-C"},{"index":57,"date":"2026-02-05T23:00:00","type":1,"quantity":-1,"onhand":1,"maximum":2,"operation":"blend TAB-B"},{"index":58,"date":"2026-02-06T05:00:00","type":5,"quantity":0,"onhand":1,"maximum":2,"operation":"blend TAB-A"}]}
[resource] candidate {"demand":null,"iteration":5,"boundary":"2026-02-05T03:00:00","start":"2026-02-03T21:00:00","end":"2026-02-05T03:00:00","feasible":false}
[resource] overload {"demand":null,"operation":"blend CAP-C","loadPlanIndex":55,"overloadIndex":48,"events":[{"index":40,"date":"2026-02-02T16:00:00","type":5,"quantity":0,"onhand":1,"maximum":2,"operation":"blend CAP-C"},{"index":41,"date":"2026-02-02T16:00:00","type":1,"quantity":1,"onhand":2,"maximum":2,"operation":"blend CAP-C"},{"index":42,"date":"2026-02-03T03:00:00","type":1,"quantity":1,"onhand":3,"maximum":2,"operation":"blend TAB-B"},{"index":43,"date":"2026-02-03T03:00:00","type":1,"quantity":-1,"onhand":2,"maximum":2,"operation":"blend TAB-A"},{"index":44,"date":"2026-02-03T10:00:00","type":5,"quantity":0,"onhand":2,"maximum":2,"operation":"blend TAB-A"},{"index":45,"date":"2026-02-03T10:00:00","type":1,"quantity":1,"onhand":3,"maximum":2,"operation":"blend TAB-A"},{"index":46,"date":"2026-02-03T10:00:00","type":1,"quantity":-1,"onhand":2,"maximum":2,"operation":"blend CAP-C"},{"index":47,"date":"2026-02-03T11:00:00","type":5,"quantity":0,"onhand":2,"maximum":2,"operation":"blend TAB-B"},{"index":48,"date":"2026-02-03T21:00:00","type":1,"quantity":1,"onhand":3,"maximum":2,"operation":"blend CAP-C"},{"index":49,"date":"2026-02-04T06:00:00","type":1,"quantity":-1,"onhand":2,"maximum":2,"operation":"blend TAB-A"},{"index":50,"date":"2026-02-04T09:00:00","type":5,"quantity":0,"onhand":2,"maximum":2,"operation":"blend CAP-C"},{"index":51,"date":"2026-02-04T11:00:00","type":1,"quantity":-1,"onhand":1,"maximum":2,"operation":"blend TAB-B"},{"index":52,"date":"2026-02-04T15:00:00","type":1,"quantity":1,"onhand":2,"maximum":2,"operation":"blend TAB-B"},{"index":53,"date":"2026-02-04T23:00:00","type":5,"quantity":0,"onhand":2,"maximum":2,"operation":"blend TAB-B"},{"index":54,"date":"2026-02-05T03:00:00","type":1,"quantity":1,"onhand":3,"maximum":2,"operation":"blend CAP-C"},{"index":55,"date":"2026-02-05T03:00:00","type":1,"quantity":-1,"onhand":2,"maximum":2,"operation":"blend CAP-C"},{"index":56,"date":"2026-02-05T15:00:00","type":5,"quantity":0,"onhand":2,"maximum":2,"operation":"blend CAP-C"},{"index":57,"date":"2026-02-05T23:00:00","type":1,"quantity":-1,"onhand":1,"maximum":2,"operation":"blend TAB-B"}]}
[resource] candidate {"demand":null,"iteration":6,"boundary":"2026-02-03T21:00:00","start":"2026-02-03T03:00:00","end":"2026-02-03T21:00:00","feasible":false}
[resource] overload {"demand":null,"operation":"blend CAP-C","loadPlanIndex":50,"overloadIndex":48,"events":[{"index":40,"date":"2026-02-02T16:00:00","type":5,"quantity":0,"onhand":1,"maximum":2,"operation":"blend CAP-C"},{"index":41,"date":"2026-02-02T16:00:00","type":1,"quantity":1,"onhand":2,"maximum":2,"operation":"blend CAP-C"},{"index":42,"date":"2026-02-03T03:00:00","type":5,"quantity":0,"onhand":2,"maximum":2,"operation":"blend CAP-C"},{"index":43,"date":"2026-02-03T03:00:00","type":1,"quantity":1,"onhand":3,"maximum":2,"operation":"blend CAP-C"},{"index":44,"date":"2026-02-03T03:00:00","type":1,"quantity":1,"onhand":4,"maximum":2,"operation":"blend TAB-B"},{"index":45,"date":"2026-02-03T03:00:00","type":1,"quantity":-1,"onhand":3,"maximum":2,"operation":"blend TAB-A"},{"index":46,"date":"2026-02-03T10:00:00","type":5,"quantity":0,"onhand":3,"maximum":2,"operation":"blend TAB-A"},{"index":47,"date":"2026-02-03T10:00:00","type":1,"quantity":1,"onhand":4,"maximum":2,"operation":"blend TAB-A"},{"index":48,"date":"2026-02-03T10:00:00","type":1,"quantity":-1,"onhand":3,"maximum":2,"operation":"blend CAP-C"},{"index":49,"date":"2026-02-03T11:00:00","type":5,"quantity":0,"onhand":3,"maximum":2,"operation":"blend TAB-B"},{"index":50,"date":"2026-02-03T21:00:00","type":1,"quantity":-1,"onhand":2,"maximum":2,"operation":"blend CAP-C"},{"index":51,"date":"2026-02-04T06:00:00","type":1,"quantity":-1,"onhand":1,"maximum":2,"operation":"blend TAB-A"},{"index":52,"date":"2026-02-04T11:00:00","type":1,"quantity":-1,"onhand":0,"maximum":2,"operation":"blend TAB-B"}]}
[resource] candidate {"demand":null,"iteration":7,"boundary":"2026-02-03T03:00:00","start":"2026-02-02T09:00:00","end":"2026-02-03T03:00:00","feasible":false}
[resource] overload {"demand":null,"operation":"blend CAP-C","loadPlanIndex":45,"overloadIndex":43,"events":[{"index":35,"date":"2026-02-01T17:00:00","type":1,"quantity":1,"onhand":2,"maximum":2,"operation":"blend TAB-A"},{"index":36,"date":"2026-02-02T07:00:00","type":5,"quantity":0,"onhand":2,"maximum":2,"operation":"blend TAB-A"},{"index":37,"date":"2026-02-02T07:00:00","type":1,"quantity":1,"onhand":3,"maximum":2,"operation":"blend TAB-A"},{"index":38,"date":"2026-02-02T07:00:00","type":1,"quantity":-1,"onhand":2,"maximum":2,"operation":"blend CAP-C"},{"index":39,"date":"2026-02-02T09:00:00","type":5,"quantity":0,"onhand":2,"maximum":2,"operation":"blend CAP-C"},{"index":40,"date":"2026-02-02T09:00:00","type":1,"quantity":1,"onhand":3,"maximum":2,"operation":"blend CAP-C"},{"index":41,"date":"2026-02-02T13:00:00","type":1,"quantity":-1,"onhand":2,"maximum":2,"operation":"blend TAB-A"},{"index":42,"date":"2026-02-02T16:00:00","type":5,"quantity":0,"onhand":2,"maximum":2,"operation":"blend CAP-C"},{"index":43,"date":"2026-02-02T16:00:00","type":1,"quantity":1,"onhand":3,"maximum":2,"operation":"blend CAP-C"},{"index":44,"date":"2026-02-03T03:00:00","type":1,"quantity":1,"onhand":4,"maximum":2,"operation":"blend TAB-B"},{"index":45,"date":"2026-02-03T03:00:00","type":1,"quantity":-1,"onhand":3,"maximum":2,"operation":"blend CAP-C"},{"index":46,"date":"2026-02-03T03:00:00","type":1,"quantity":-1,"onhand":2,"maximum":2,"operation":"blend TAB-A"},{"index":47,"date":"2026-02-03T10:00:00","type":5,"quantity":0,"onhand":2,"maximum":2,"operation":"blend TAB-A"}]}
[resource] candidate {"demand":null,"iteration":8,"boundary":"2026-02-02T16:00:00","start":"2026-02-01T22:00:00","end":"2026-02-02T16:00:00","feasible":false}
[resource] overload {"demand":null,"operation":"blend CAP-C","loadPlanIndex":44,"overloadIndex":40,"events":[{"index":32,"date":"2026-02-01T11:00:00","type":1,"quantity":-1,"onhand":1,"maximum":2,"operation":"blend TAB-B"},{"index":33,"date":"2026-02-01T13:00:00","type":5,"quantity":0,"onhand":1,"maximum":2,"operation":"blend CAP-C"},{"index":34,"date":"2026-02-01T17:00:00","type":5,"quantity":0,"onhand":1,"maximum":2,"operation":"blend TAB-A"},{"index":35,"date":"2026-02-01T17:00:00","type":1,"quantity":1,"onhand":2,"maximum":2,"operation":"blend TAB-A"},{"index":36,"date":"2026-02-01T22:00:00","type":5,"quantity":0,"onhand":2,"maximum":2,"operation":"blend CAP-C"},{"index":37,"date":"2026-02-01T22:00:00","type":1,"quantity":1,"onhand":3,"maximum":2,"operation":"blend CAP-C"},{"index":38,"date":"2026-02-02T07:00:00","type":5,"quantity":0,"onhand":3,"maximum":2,"operation":"blend TAB-A"},{"index":39,"date":"2026-02-02T07:00:00","type":1,"quantity":1,"onhand":4,"maximum":2,"operation":"blend TAB-A"},{"index":40,"date":"2026-02-02T07:00:00","type":1,"quantity":-1,"onhand":3,"maximum":2,"operation":"blend CAP-C"},{"index":41,"date":"2026-02-02T13:00:00","type":1,"quantity":-1,"onhand":2,"maximum":2,"operation":"blend TAB-A"},{"index":42,"date":"2026-02-02T16:00:00","type":5,"quantity":0,"onhand":2,"maximum":2,"operation":"blend CAP-C"},{"index":43,"date":"2026-02-02T16:00:00","type":1,"quantity":1,"onhand":3,"maximum":2,"operation":"blend CAP-C"},{"index":44,"date":"2026-02-02T16:00:00","type":1,"quantity":-1,"onhand":2,"maximum":2,"operation":"blend CAP-C"},{"index":45,"date":"2026-02-03T03:00:00","type":1,"quantity":1,"onhand":3,"maximum":2,"operation":"blend TAB-B"},{"index":46,"date":"2026-02-03T03:00:00","type":1,"quantity":-1,"onhand":2,"maximum":2,"operation":"blend TAB-A"}]}
[resource] candidate {"demand":null,"iteration":9,"boundary":"2026-02-01T22:00:00","start":"2026-01-31T16:00:00","end":"2026-02-01T22:00:00","feasible":false}
[resource] overload {"demand":null,"operation":"blend CAP-C","loadPlanIndex":38,"overloadIndex":37,"events":[{"index":29,"date":"2026-01-31T11:00:00","type":5,"quantity":0,"onhand":2,"maximum":2,"operation":"blend TAB-B"},{"index":30,"date":"2026-01-31T16:00:00","type":1,"quantity":1,"onhand":3,"maximum":2,"operation":"blend CAP-C"},{"index":31,"date":"2026-02-01T01:00:00","type":1,"quantity":-1,"onhand":2,"maximum":2,"operation":"blend TAB-A"},{"index":32,"date":"2026-02-01T04:00:00","type":5,"quantity":0,"onhand":2,"maximum":2,"operation":"blend CAP-C"},{"index":33,"date":"2026-02-01T11:00:00","type":1,"quantity":-1,"onhand":1,"maximum":2,"operation":"blend TAB-B"},{"index":34,"date":"2026-02-01T13:00:00","type":5,"quantity":0,"onhand":1,"maximum":2,"operation":"blend CAP-C"},{"index":35,"date":"2026-02-01T13:00:00","type":1,"quantity":1,"onhand":2,"maximum":2,"operation":"blend CAP-C"},{"index":36,"date":"2026-02-01T17:00:00","type":5,"quantity":0,"onhand":2,"maximum":2,"operation":"blend TAB-A"},{"index":37,"date":"2026-02-01T17:00:00","type":1,"quantity":1,"onhand":3,"maximum":2,"operation":"blend TAB-A"},{"index":38,"date":"2026-02-01T22:00:00","type":1,"quantity":-1,"onhand":2,"maximum":2,"operation":"blend CAP-C"},{"index":39,"date":"2026-02-02T07:00:00","type":5,"quantity":0,"onhand":2,"maximum":2,"operation":"blend TAB-A"},{"index":40,"date":"2026-02-02T07:00:00","type":1,"quantity":1,"onhand":3,"maximum":2,"operation":"blend TAB-A"}]}
[resource] candidate {"demand":null,"iteration":10,"boundary":"2026-02-01T17:00:00","start":"2026-01-31T11:00:00","end":"2026-02-01T17:00:00","feasible":false}
[resource] overload {"demand":null,"operation":"blend CAP-C","loadPlanIndex":38,"overloadIndex":30,"events":[{"index":22,"date":"2026-01-29T20:00:00","type":1,"quantity":-1,"onhand":2,"maximum":2,"operation":"blend CAP-C"},{"index":23,"date":"2026-01-29T23:00:00","type":5,"quantity":0,"onhand":2,"maximum":2,"operation":"blend TAB-B"},{"index":24,"date":"2026-01-30T16:00:00","type":1,"quantity":-1,"onhand":1,"maximum":2,"operation":"blend TAB-A"},{"index":25,"date":"2026-01-30T17:00:00","type":1,"quantity":1,"onhand":2,"maximum":2,"operation":"blend TAB-A"},{"index":26,"date":"2026-01-30T23:00:00","type":1,"quantity":-1,"onhand":1,"maximum":2,"operation":"blend TAB-B"},{"index":27,"date":"2026-01-31T03:00:00","type":1,"quantity":1,"onhand":2,"maximum":2,"operation":"blend TAB-B"},{"index":28,"date":"2026-01-31T05:00:00","type":5,"quantity":0,"onhand":2,"maximum":2,"operation":"blend TAB-A"},{"index":29,"date":"2026-01-31T11:00:00","type":5,"quantity":0,"onhand":2,"maximum":2,"operation":"blend TAB-B"},{"index":30,"date":"2026-01-31T11:00:00","type":1,"quantity":1,"onhand":3,"maximum":2,"operation":"blend CAP-C"},{"index":31,"date":"2026-01-31T23:00:00","type":5,"quantity":0,"onhand":3,"maximum":2,"operation":"blend CAP-C"},{"index":32,"date":"2026-02-01T01:00:00","type":1,"quantity":-1,"onhand":2,"maximum":2,"operation":"blend TAB-A"},{"index":33,"date":"2026-02-01T11:00:00","type":1,"quantity":-1,"onhand":1,"maximum":2,"operation":"blend TAB-B"},{"index":34,"date":"2026-02-01T13:00:00","type":5,"quantity":0,"onhand":1,"maximum":2,"operation":"blend CAP-C"},{"index":35,"date":"2026-02-01T13:00:00","type":1,"quantity":1,"onhand":2,"maximum":2,"operation":"blend CAP-C"},{"index":36,"date":"2026-02-01T17:00:00","type":5,"quantity":0,"onhand":2,"maximum":2,"operation":"blend TAB-A"},{"index":37,"date":"2026-02-01T17:00:00","type":1,"quantity":1,"onhand":3,"maximum":2,"operation":"blend TAB-A"},{"index":38,"date":"2026-02-01T17:00:00","type":1,"quantity":-1,"onhand":2,"maximum":2,"operation":"blend CAP-C"},{"index":39,"date":"2026-02-02T07:00:00","type":5,"quantity":0,"onhand":2,"maximum":2,"operation":"blend TAB-A"},{"index":40,"date":"2026-02-02T07:00:00","type":1,"quantity":1,"onhand":3,"maximum":2,"operation":"blend TAB-A"}]}
[resource] candidate {"demand":null,"iteration":11,"boundary":"2026-01-31T11:00:00","start":"2026-01-30T05:00:00","end":"2026-01-31T11:00:00","feasible":false}
[resource] overload {"demand":null,"operation":"blend CAP-C","loadPlanIndex":32,"overloadIndex":30,"events":[{"index":22,"date":"2026-01-29T20:00:00","type":1,"quantity":-1,"onhand":2,"maximum":2,"operation":"blend CAP-C"},{"index":23,"date":"2026-01-29T23:00:00","type":5,"quantity":0,"onhand":2,"maximum":2,"operation":"blend TAB-B"},{"index":24,"date":"2026-01-30T05:00:00","type":1,"quantity":1,"onhand":3,"maximum":2,"operation":"blend CAP-C"},{"index":25,"date":"2026-01-30T16:00:00","type":1,"quantity":-1,"onhand":2,"maximum":2,"operation":"blend TAB-A"},{"index":26,"date":"2026-01-30T17:00:00","type":5,"quantity":0,"onhand":2,"maximum":2,"operation":"blend CAP-C"},{"index":27,"date":"2026-01-30T23:00:00","type":1,"quantity":-1,"onhand":1,"maximum":2,"operation":"blend TAB-B"},{"index":28,"date":"2026-01-31T03:00:00","type":1,"quantity":1,"onhand":2,"maximum":2,"operation":"blend TAB-B"},{"index":29,"date":"2026-01-31T05:00:00","type":5,"quantity":0,"onhand":2,"maximum":2,"operation":"blend TAB-A"},{"index":30,"date":"2026-01-31T05:00:00","type":1,"quantity":1,"onhand":3,"maximum":2,"operation":"blend TAB-A"},{"index":31,"date":"2026-01-31T11:00:00","type":5,"quantity":0,"onhand":3,"maximum":2,"operation":"blend TAB-B"},{"index":32,"date":"2026-01-31T11:00:00","type":1,"quantity":-1,"onhand":2,"maximum":2,"operation":"blend CAP-C"},{"index":33,"date":"2026-02-01T01:00:00","type":1,"quantity":1,"onhand":3,"maximum":2,"operation":"blend CAP-C"},{"index":34,"date":"2026-02-01T01:00:00","type":1,"quantity":-1,"onhand":2,"maximum":2,"operation":"blend TAB-A"}]}
[resource] candidate {"demand":null,"iteration":12,"boundary":"2026-01-31T05:00:00","start":"2026-01-29T23:00:00","end":"2026-01-31T05:00:00","feasible":false}
[resource] overload {"demand":null,"operation":"blend CAP-C","loadPlanIndex":31,"overloadIndex":24,"events":[{"index":16,"date":"2026-01-29T02:00:00","type":1,"quantity":1,"onhand":3,"maximum":2,"operation":"blend CAP-C"},{"index":17,"date":"2026-01-29T02:00:00","type":1,"quantity":-1,"onhand":2,"maximum":2,"operation":"blend TAB-B"},{"index":18,"date":"2026-01-29T15:00:00","type":1,"quantity":1,"onhand":3,"maximum":2,"operation":"blend TAB-B"},{"index":19,"date":"2026-01-29T15:00:00","type":1,"quantity":-1,"onhand":2,"maximum":2,"operation":"blend CAP-C"},{"index":20,"date":"2026-01-29T20:00:00","type":5,"quantity":0,"onhand":2,"maximum":2,"operation":"blend TAB-A"},{"index":21,"date":"2026-01-29T20:00:00","type":1,"quantity":1,"onhand":3,"maximum":2,"operation":"blend TAB-A"},{"index":22,"date":"2026-01-29T20:00:00","type":1,"quantity":-1,"onhand":2,"maximum":2,"operation":"blend CAP-C"},{"index":23,"date":"2026-01-29T23:00:00","type":5,"quantity":0,"onhand":2,"maximum":2,"operation":"blend TAB-B"},{"index":24,"date":"2026-01-29T23:00:00","type":1,"quantity":1,"onhand":3,"maximum":2,"operation":"blend CAP-C"},{"index":25,"date":"2026-01-30T11:00:00","type":5,"quantity":0,"onhand":3,"maximum":2,"operation":"blend CAP-C"},{"index":26,"date":"2026-01-30T16:00:00","type":1,"quantity":-1,"onhand":2,"maximum":2,"operation":"blend TAB-A"},{"index":27,"date":"2026-01-30T23:00:00","type":1,"quantity":-1,"onhand":1,"maximum":2,"operation":"blend TAB-B"},{"index":28,"date":"2026-01-31T03:00:00","type":1,"quantity":1,"onhand":2,"maximum":2,"operation":"blend TAB-B"},{"index":29,"date":"2026-01-31T05:00:00","type":5,"quantity":0,"onhand":2,"maximum":2,"operation":"blend TAB-A"},{"index":30,"date":"2026-01-31T05:00:00","type":1,"quantity":1,"onhand":3,"maximum":2,"operation":"blend TAB-A"},{"index":31,"date":"2026-01-31T05:00:00","type":1,"quantity":-1,"onhand":2,"maximum":2,"operation":"blend CAP-C"},{"index":32,"date":"2026-01-31T11:00:00","type":5,"quantity":0,"onhand":2,"maximum":2,"operation":"blend TAB-B"},{"index":33,"date":"2026-02-01T01:00:00","type":1,"quantity":1,"onhand":3,"maximum":2,"operation":"blend CAP-C"}]}
[resource] candidate {"demand":null,"iteration":13,"boundary":"2026-01-29T23:00:00","start":"2026-01-29T05:00:00","end":"2026-01-29T23:00:00","feasible":false}
[resource] overload {"demand":null,"operation":"blend CAP-C","loadPlanIndex":26,"overloadIndex":24,"events":[{"index":16,"date":"2026-01-29T02:00:00","type":1,"quantity":1,"onhand":3,"maximum":2,"operation":"blend CAP-C"},{"index":17,"date":"2026-01-29T02:00:00","type":1,"quantity":-1,"onhand":2,"maximum":2,"operation":"blend TAB-B"},{"index":18,"date":"2026-01-29T05:00:00","type":5,"quantity":0,"onhand":2,"maximum":2,"operation":"blend CAP-C"},{"index":19,"date":"2026-01-29T05:00:00","type":1,"quantity":1,"onhand":3,"maximum":2,"operation":"blend CAP-C"},{"index":20,"date":"2026-01-29T15:00:00","type":1,"quantity":1,"onhand":4,"maximum":2,"operation":"blend TAB-B"},{"index":21,"date":"2026-01-29T15:00:00","type":1,"quantity":-1,"onhand":3,"maximum":2,"operation":"blend CAP-C"},{"index":22,"date":"2026-01-29T20:00:00","type":5,"quantity":0,"onhand":3,"maximum":2,"operation":"blend TAB-A"},{"index":23,"date":"2026-01-29T20:00:00","type":1,"quantity":1,"onhand":4,"maximum":2,"operation":"blend TAB-A"},{"index":24,"date":"2026-01-29T20:00:00","type":1,"quantity":-1,"onhand":3,"maximum":2,"operation":"blend CAP-C"},{"index":25,"date":"2026-01-29T23:00:00","type":5,"quantity":0,"onhand":3,"maximum":2,"operation":"blend TAB-B"},{"index":26,"date":"2026-01-29T23:00:00","type":1,"quantity":-1,"onhand":2,"maximum":2,"operation":"blend CAP-C"},{"index":27,"date":"2026-01-30T16:00:00","type":1,"quantity":-1,"onhand":1,"maximum":2,"operation":"blend TAB-A"},{"index":28,"date":"2026-01-30T17:00:00","type":1,"quantity":1,"onhand":2,"maximum":2,"operation":"blend TAB-A"}]}
[resource] candidate {"demand":null,"iteration":14,"boundary":"2026-01-29T05:00:00","start":"2026-01-27T23:00:00","end":"2026-01-29T05:00:00","feasible":false}
[resource] overload {"demand":null,"operation":"blend CAP-C","loadPlanIndex":20,"overloadIndex":19,"events":[{"index":11,"date":"2026-01-28T02:00:00","type":1,"quantity":1,"onhand":4,"maximum":2,"operation":"blend TAB-B"},{"index":12,"date":"2026-01-28T02:00:00","type":1,"quantity":-1,"onhand":3,"maximum":2,"operation":"blend TAB-B"},{"index":13,"date":"2026-01-28T09:00:00","type":1,"quantity":-1,"onhand":2,"maximum":2,"operation":"blend TAB-B"},{"index":14,"date":"2026-01-28T11:00:00","type":5,"quantity":0,"onhand":2,"maximum":2,"operation":"blend CAP-C"},{"index":15,"date":"2026-01-28T21:00:00","type":5,"quantity":0,"onhand":2,"maximum":2,"operation":"blend CAP-C"},{"index":16,"date":"2026-01-28T21:00:00","type":1,"quantity":1,"onhand":3,"maximum":2,"operation":"blend CAP-C"},{"index":17,"date":"2026-01-29T02:00:00","type":5,"quantity":0,"onhand":3,"maximum":2,"operation":"blend CAP-C"},{"index":18,"date":"2026-01-29T02:00:00","type":1,"quantity":1,"onhand":4,"maximum":2,"operation":"blend CAP-C"},{"index":19,"date":"2026-01-29T02:00:00","type":1,"quantity":-1,"onhand":3,"maximum":2,"operation":"blend TAB-B"},{"index":20,"date":"2026-01-29T05:00:00","type":1,"quantity":-1,"onhand":2,"maximum":2,"operation":"blend CAP-C"},{"index":21,"date":"2026-01-29T15:00:00","type":1,"quantity":1,"onhand":3,"maximum":2,"operation":"blend TAB-B"},{"index":22,"date":"2026-01-29T15:00:00","type":1,"quantity":-1,"onhand":2,"maximum":2,"operation":"blend CAP-C"}]}
[resource] candidate {"demand":null,"iteration":15,"boundary":"2026-01-28T21:00:00","start":"2026-01-27T15:00:00","end":"2026-01-28T21:00:00","feasible":false}
[resource] overload {"demand":null,"operation":"blend CAP-C","loadPlanIndex":17,"overloadIndex":12,"events":[{"index":4,"date":"2026-01-27T02:00:00","type":5,"quantity":0,"onhand":1,"maximum":2,"operation":"blend TAB-B"},{"index":5,"date":"2026-01-27T02:00:00","type":1,"quantity":1,"onhand":2,"maximum":2,"operation":"blend TAB-B"},{"index":6,"date":"2026-01-27T09:00:00","type":5,"quantity":0,"onhand":2,"maximum":2,"operation":"blend TAB-B"},{"index":7,"date":"2026-01-27T09:00:00","type":1,"quantity":1,"onhand":3,"maximum":2,"operation":"blend TAB-B"},{"index":8,"date":"2026-01-27T09:00:00","type":1,"quantity":-1,"onhand":2,"maximum":2,"operation":"blend TAB-B"},{"index":9,"date":"2026-01-27T15:00:00","type":1,"quantity":1,"onhand":3,"maximum":2,"operation":"blend CAP-C"},{"index":10,"date":"2026-01-28T02:00:00","type":5,"quantity":0,"onhand":3,"maximum":2,"operation":"blend TAB-B"},{"index":11,"date":"2026-01-28T02:00:00","type":1,"quantity":1,"onhand":4,"maximum":2,"operation":"blend TAB-B"},{"index":12,"date":"2026-01-28T02:00:00","type":1,"quantity":-1,"onhand":3,"maximum":2,"operation":"blend TAB-B"},{"index":13,"date":"2026-01-28T03:00:00","type":5,"quantity":0,"onhand":3,"maximum":2,"operation":"blend CAP-C"},{"index":14,"date":"2026-01-28T09:00:00","type":1,"quantity":-1,"onhand":2,"maximum":2,"operation":"blend TAB-B"},{"index":15,"date":"2026-01-28T21:00:00","type":5,"quantity":0,"onhand":2,"maximum":2,"operation":"blend CAP-C"},{"index":16,"date":"2026-01-28T21:00:00","type":1,"quantity":1,"onhand":3,"maximum":2,"operation":"blend CAP-C"},{"index":17,"date":"2026-01-28T21:00:00","type":1,"quantity":-1,"onhand":2,"maximum":2,"operation":"blend CAP-C"},{"index":18,"date":"2026-01-29T02:00:00","type":5,"quantity":0,"onhand":2,"maximum":2,"operation":"blend CAP-C"},{"index":19,"date":"2026-01-29T02:00:00","type":1,"quantity":1,"onhand":3,"maximum":2,"operation":"blend CAP-C"}]}
[resource] candidate {"demand":null,"iteration":16,"boundary":"2026-01-27T15:00:00","start":"2026-01-26T09:00:00","end":"2026-01-27T15:00:00","feasible":false}
[resource] overload {"demand":null,"operation":"blend CAP-C","loadPlanIndex":11,"overloadIndex":10,"events":[{"index":2,"date":"2026-01-26T04:00:00","type":1,"quantity":1,"onhand":1,"maximum":2,"operation":"blend TAB-B"},{"index":3,"date":"2026-01-26T09:00:00","type":5,"quantity":0,"onhand":1,"maximum":2,"operation":"blend TAB-B"},{"index":4,"date":"2026-01-26T09:00:00","type":1,"quantity":1,"onhand":2,"maximum":2,"operation":"blend CAP-C"},{"index":5,"date":"2026-01-26T18:00:00","type":1,"quantity":1,"onhand":3,"maximum":2,"operation":"blend TAB-B"},{"index":6,"date":"2026-01-26T21:00:00","type":5,"quantity":0,"onhand":3,"maximum":2,"operation":"blend CAP-C"},{"index":7,"date":"2026-01-27T02:00:00","type":5,"quantity":0,"onhand":3,"maximum":2,"operation":"blend TAB-B"},{"index":8,"date":"2026-01-27T09:00:00","type":5,"quantity":0,"onhand":3,"maximum":2,"operation":"blend TAB-B"},{"index":9,"date":"2026-01-27T09:00:00","type":1,"quantity":1,"onhand":4,"maximum":2,"operation":"blend TAB-B"},{"index":10,"date":"2026-01-27T09:00:00","type":1,"quantity":-1,"onhand":3,"maximum":2,"operation":"blend TAB-B"},{"index":11,"date":"2026-01-27T15:00:00","type":1,"quantity":-1,"onhand":2,"maximum":2,"operation":"blend CAP-C"},{"index":12,"date":"2026-01-28T02:00:00","type":5,"quantity":0,"onhand":2,"maximum":2,"operation":"blend TAB-B"},{"index":13,"date":"2026-01-28T02:00:00","type":1,"quantity":1,"onhand":3,"maximum":2,"operation":"blend TAB-B"}]}
[resource] candidate {"demand":null,"iteration":17,"boundary":"2026-01-26T18:00:00","start":"2026-01-25T21:00:00","end":"2026-01-26T18:00:00","feasible":false}
[resource] candidate {"demand":null,"iteration":18,"boundary":"2026-01-25T21:00:00","start":"2026-01-25T21:00:00","end":"2026-01-26T18:00:00","feasible":true}
[buffer] ask {"demand":null,"buffer":"active C","requested":2,"date":"2026-01-26T00:00:00","onhand":90}
[buffer] answer {"demand":null,"buffer":"active C","requested":2,"remainingShortage":0,"quantity":2,"date":"2026-01-26T00:00:00","plan":null}
[buffer] ask {"demand":null,"buffer":"excipient","requested":4,"date":"2026-01-26T00:00:00","onhand":420}
[buffer] answer {"demand":null,"buffer":"excipient","requested":4,"remainingShortage":0,"quantity":4,"date":"2026-01-26T00:00:00","plan":null}
[operation] answer {"demand":null,"operation":"blend CAP-C","quantity":2,"start":"2026-01-25T21:00:00","end":"2026-01-26T18:00:00"}
[operation] routing-answer {"demand":null,"operation":"batch CAP-C","quantity":2,"start":"2026-01-25T21:00:00","end":"2026-02-09T12:00:00"}
[buffer] replenish {"buffer":"capsule C","iteration":0,"requested":2,"replenished":2,"producerDate":"2026-02-09T12:00:00","eventCountBefore":19,"eventCountAfter":20,"remaining":0}
[buffer] answer {"demand":null,"buffer":"capsule C","requested":2,"remainingShortage":0,"quantity":2,"date":"2026-02-09T12:00:00","plan":"OperationPlan"}
[operation] answer {"demand":"medicine demand 018 CAP-C","operation":"release CAP-C","quantity":2,"start":"2026-02-09T12:00:00","end":"2026-02-09T18:00:00"}
[demand] reply {"demand":"medicine demand 018 CAP-C","attempt":1,"result":true,"quantity":2,"date":"2026-02-09T18:00:00"}
[demand] attempt {"demand":"medicine demand 027 CAP-C","attempt":1,"quantity":5,"requestDate":"2026-02-14T06:00:00","lastDate":"2030-12-31T00:00:00"}
[operation] ask {"demand":"medicine demand 027 CAP-C","operation":"release CAP-C","quantity":5,"end":"2026-02-14T06:00:00"}
[feasible] {"operation":"release CAP-C","start":"2026-02-14T00:00:00","end":"2026-02-14T06:00:00","reason":"interval-material"}
[buffer] ask {"demand":null,"buffer":"capsule C","requested":5,"date":"2026-02-14T00:00:00","onhand":2}
[buffer] shortage {"buffer":"capsule C","iteration":0,"date":"2026-02-14T00:00:00","onhand":-5,"shortage":5}
[operation] routing-ask {"demand":null,"operation":"batch CAP-C","quantity":5,"operationPlanQuantity":5,"end":"2026-02-14T00:00:00","steps":["blend CAP-C","form CAP-C","inspect CAP-C"]}
[operation] ask {"demand":null,"operation":"inspect CAP-C","quantity":5,"end":"2026-02-14T00:00:00"}
[resource] ask {"demand":null,"operation":"inspect CAP-C","resource":"qa pharmacist 1","start":"2026-02-13T06:00:00","end":"2026-02-14T00:00:00"}
[resource] candidate {"demand":null,"start":"2026-02-13T06:00:00","end":"2026-02-14T00:00:00","feasible":true}
[resource] ask {"demand":null,"operation":"inspect CAP-C","resource":"qa pharmacist 2","start":"2026-02-13T05:03:09","end":"2026-02-14T00:00:00"}
[resource] candidate {"demand":null,"start":"2026-02-13T05:03:09","end":"2026-02-14T00:00:00","feasible":true}
[resource] ask {"demand":null,"operation":"inspect CAP-C","resource":"qa pharmacist 1","start":"2026-02-13T06:00:00","end":"2026-02-14T00:00:00"}
[resource] candidate {"demand":null,"start":"2026-02-13T06:00:00","end":"2026-02-14T00:00:00","feasible":true}
[operation] answer {"demand":null,"operation":"inspect CAP-C","quantity":5,"start":"2026-02-13T06:00:00","end":"2026-02-14T00:00:00"}
[operation] ask {"demand":null,"operation":"form CAP-C","quantity":5,"end":"2026-02-13T06:00:00"}
[resource] ask {"demand":null,"operation":"form CAP-C","resource":"forming line A","start":"2026-02-12T09:00:00","end":"2026-02-13T06:00:00"}
[resource] candidate {"demand":null,"start":"2026-02-12T09:00:00","end":"2026-02-13T06:00:00","feasible":true}
[buffer] ask {"demand":null,"buffer":"primary packaging","requested":5,"date":"2026-02-12T14:00:00","onhand":187}
[buffer] answer {"demand":null,"buffer":"primary packaging","requested":5,"remainingShortage":0,"quantity":5,"date":"2026-02-12T14:00:00","plan":null}
[operation] answer {"demand":null,"operation":"form CAP-C","quantity":5,"start":"2026-02-12T09:00:00","end":"2026-02-13T06:00:00"}
[operation] ask {"demand":null,"operation":"blend CAP-C","quantity":5,"end":"2026-02-12T09:00:00"}
[feasible] {"operation":"blend CAP-C","start":"2026-02-11T15:00:00","end":"2026-02-12T09:00:00","reason":"capacity","siblings":[{"operation":"blend CAP-C","start":"2026-02-11T15:00:00","end":"2026-02-12T09:00:00"},{"operation":"form CAP-C","start":"2026-02-12T09:00:00","end":"2026-02-13T06:00:00"},{"operation":"inspect CAP-C","start":"2026-02-13T06:00:00","end":"2026-02-14T00:00:00"}]}
[resource] ask {"demand":null,"operation":"blend CAP-C","resource":"blender","start":"2026-02-11T15:00:00","end":"2026-02-12T09:00:00"}
[resource] candidate {"demand":null,"start":"2026-02-11T15:00:00","end":"2026-02-12T09:00:00","feasible":false}
[resource] overload {"demand":null,"operation":"blend CAP-C","loadPlanIndex":91,"overloadIndex":90,"events":[{"index":82,"date":"2026-02-11T07:00:00","type":5,"quantity":0,"onhand":1,"maximum":2,"operation":"blend TAB-A"},{"index":83,"date":"2026-02-11T07:00:00","type":1,"quantity":1,"onhand":2,"maximum":2,"operation":"blend TAB-A"},{"index":84,"date":"2026-02-11T13:00:00","type":1,"quantity":-1,"onhand":1,"maximum":2,"operation":"blend TAB-A"},{"index":85,"date":"2026-02-11T15:00:00","type":5,"quantity":0,"onhand":1,"maximum":2,"operation":"blend CAP-C"},{"index":86,"date":"2026-02-11T15:00:00","type":1,"quantity":1,"onhand":2,"maximum":2,"operation":"blend CAP-C"},{"index":87,"date":"2026-02-11T16:00:00","type":5,"quantity":0,"onhand":2,"maximum":2,"operation":"blend CAP-C"},{"index":88,"date":"2026-02-11T16:00:00","type":1,"quantity":1,"onhand":3,"maximum":2,"operation":"blend CAP-C"},{"index":89,"date":"2026-02-12T03:00:00","type":1,"quantity":1,"onhand":4,"maximum":2,"operation":"blend TAB-B"},{"index":90,"date":"2026-02-12T03:00:00","type":1,"quantity":-1,"onhand":3,"maximum":2,"operation":"blend TAB-A"},{"index":91,"date":"2026-02-12T09:00:00","type":1,"quantity":-1,"onhand":2,"maximum":2,"operation":"blend CAP-C"},{"index":92,"date":"2026-02-12T10:00:00","type":5,"quantity":0,"onhand":2,"maximum":2,"operation":"blend TAB-A"},{"index":93,"date":"2026-02-12T10:00:00","type":1,"quantity":1,"onhand":3,"maximum":2,"operation":"blend TAB-A"}]}
[resource] candidate {"demand":null,"iteration":1,"boundary":"2026-02-11T16:00:00","start":"2026-02-10T22:00:00","end":"2026-02-11T16:00:00","feasible":false}
[resource] overload {"demand":null,"operation":"blend CAP-C","loadPlanIndex":89,"overloadIndex":85,"events":[{"index":77,"date":"2026-02-10T03:00:00","type":5,"quantity":0,"onhand":2,"maximum":2,"operation":"blend CAP-C"},{"index":78,"date":"2026-02-10T11:00:00","type":1,"quantity":-1,"onhand":1,"maximum":2,"operation":"blend TAB-B"},{"index":79,"date":"2026-02-10T17:00:00","type":5,"quantity":0,"onhand":1,"maximum":2,"operation":"blend TAB-A"},{"index":80,"date":"2026-02-10T17:00:00","type":1,"quantity":1,"onhand":2,"maximum":2,"operation":"blend TAB-A"},{"index":81,"date":"2026-02-10T21:00:00","type":1,"quantity":-1,"onhand":1,"maximum":2,"operation":"blend CAP-C"},{"index":82,"date":"2026-02-10T22:00:00","type":5,"quantity":0,"onhand":1,"maximum":2,"operation":"blend CAP-C"},{"index":83,"date":"2026-02-10T22:00:00","type":1,"quantity":1,"onhand":2,"maximum":2,"operation":"blend CAP-C"},{"index":84,"date":"2026-02-11T07:00:00","type":5,"quantity":0,"onhand":2,"maximum":2,"operation":"blend TAB-A"},{"index":85,"date":"2026-02-11T07:00:00","type":1,"quantity":1,"onhand":3,"maximum":2,"operation":"blend TAB-A"},{"index":86,"date":"2026-02-11T13:00:00","type":1,"quantity":-1,"onhand":2,"maximum":2,"operation":"blend TAB-A"},{"index":87,"date":"2026-02-11T16:00:00","type":5,"quantity":0,"onhand":2,"maximum":2,"operation":"blend CAP-C"},{"index":88,"date":"2026-02-11T16:00:00","type":1,"quantity":1,"onhand":3,"maximum":2,"operation":"blend CAP-C"},{"index":89,"date":"2026-02-11T16:00:00","type":1,"quantity":-1,"onhand":2,"maximum":2,"operation":"blend CAP-C"},{"index":90,"date":"2026-02-12T03:00:00","type":1,"quantity":1,"onhand":3,"maximum":2,"operation":"blend TAB-B"},{"index":91,"date":"2026-02-12T03:00:00","type":1,"quantity":-1,"onhand":2,"maximum":2,"operation":"blend TAB-A"}]}
[resource] candidate {"demand":null,"iteration":2,"boundary":"2026-02-11T07:00:00","start":"2026-02-10T13:00:00","end":"2026-02-11T07:00:00","feasible":false}
[resource] overload {"demand":null,"operation":"blend CAP-C","loadPlanIndex":86,"overloadIndex":82,"events":[{"index":74,"date":"2026-02-09T11:00:00","type":5,"quantity":0,"onhand":0,"maximum":2,"operation":"blend TAB-B"},{"index":75,"date":"2026-02-09T11:00:00","type":1,"quantity":1,"onhand":1,"maximum":2,"operation":"blend TAB-B"},{"index":76,"date":"2026-02-09T15:00:00","type":1,"quantity":1,"onhand":2,"maximum":2,"operation":"blend CAP-C"},{"index":77,"date":"2026-02-10T03:00:00","type":5,"quantity":0,"onhand":2,"maximum":2,"operation":"blend CAP-C"},{"index":78,"date":"2026-02-10T11:00:00","type":1,"quantity":-1,"onhand":1,"maximum":2,"operation":"blend TAB-B"},{"index":79,"date":"2026-02-10T13:00:00","type":5,"quantity":0,"onhand":1,"maximum":2,"operation":"blend CAP-C"},{"index":80,"date":"2026-02-10T13:00:00","type":1,"quantity":1,"onhand":2,"maximum":2,"operation":"blend CAP-C"},{"index":81,"date":"2026-02-10T17:00:00","type":5,"quantity":0,"onhand":2,"maximum":2,"operation":"blend TAB-A"},{"index":82,"date":"2026-02-10T17:00:00","type":1,"quantity":1,"onhand":3,"maximum":2,"operation":"blend TAB-A"},{"index":83,"date":"2026-02-10T21:00:00","type":1,"quantity":-1,"onhand":2,"maximum":2,"operation":"blend CAP-C"},{"index":84,"date":"2026-02-11T07:00:00","type":5,"quantity":0,"onhand":2,"maximum":2,"operation":"blend TAB-A"},{"index":85,"date":"2026-02-11T07:00:00","type":1,"quantity":1,"onhand":3,"maximum":2,"operation":"blend TAB-A"},{"index":86,"date":"2026-02-11T07:00:00","type":1,"quantity":-1,"onhand":2,"maximum":2,"operation":"blend CAP-C"},{"index":87,"date":"2026-02-11T13:00:00","type":1,"quantity":-1,"onhand":1,"maximum":2,"operation":"blend TAB-A"},{"index":88,"date":"2026-02-11T16:00:00","type":5,"quantity":0,"onhand":1,"maximum":2,"operation":"blend CAP-C"}]}
[resource] candidate {"demand":null,"iteration":3,"boundary":"2026-02-10T17:00:00","start":"2026-02-09T11:00:00","end":"2026-02-10T17:00:00","feasible":false}
[resource] overload {"demand":null,"operation":"blend CAP-C","loadPlanIndex":83,"overloadIndex":79,"events":[{"index":71,"date":"2026-02-07T23:00:00","type":5,"quantity":0,"onhand":2,"maximum":2,"operation":"blend TAB-B"},{"index":72,"date":"2026-02-08T18:00:00","type":1,"quantity":-1,"onhand":1,"maximum":2,"operation":"blend TAB-A"},{"index":73,"date":"2026-02-08T23:00:00","type":1,"quantity":-1,"onhand":0,"maximum":2,"operation":"blend TAB-B"},{"index":74,"date":"2026-02-09T11:00:00","type":5,"quantity":0,"onhand":0,"maximum":2,"operation":"blend TAB-B"},{"index":75,"date":"2026-02-09T11:00:00","type":1,"quantity":1,"onhand":1,"maximum":2,"operation":"blend CAP-C"},{"index":76,"date":"2026-02-09T11:00:00","type":1,"quantity":1,"onhand":2,"maximum":2,"operation":"blend TAB-B"},{"index":77,"date":"2026-02-09T23:00:00","type":5,"quantity":0,"onhand":2,"maximum":2,"operation":"blend CAP-C"},{"index":78,"date":"2026-02-10T03:00:00","type":5,"quantity":0,"onhand":2,"maximum":2,"operation":"blend CAP-C"},{"index":79,"date":"2026-02-10T03:00:00","type":1,"quantity":1,"onhand":3,"maximum":2,"operation":"blend CAP-C"},{"index":80,"date":"2026-02-10T11:00:00","type":1,"quantity":-1,"onhand":2,"maximum":2,"operation":"blend TAB-B"},{"index":81,"date":"2026-02-10T17:00:00","type":5,"quantity":0,"onhand":2,"maximum":2,"operation":"blend TAB-A"},{"index":82,"date":"2026-02-10T17:00:00","type":1,"quantity":1,"onhand":3,"maximum":2,"operation":"blend TAB-A"},{"index":83,"date":"2026-02-10T17:00:00","type":1,"quantity":-1,"onhand":2,"maximum":2,"operation":"blend CAP-C"},{"index":84,"date":"2026-02-10T21:00:00","type":1,"quantity":-1,"onhand":1,"maximum":2,"operation":"blend CAP-C"},{"index":85,"date":"2026-02-11T07:00:00","type":5,"quantity":0,"onhand":1,"maximum":2,"operation":"blend TAB-A"}]}
[resource] candidate {"demand":null,"iteration":4,"boundary":"2026-02-10T03:00:00","start":"2026-02-08T21:00:00","end":"2026-02-10T03:00:00","feasible":false}
[resource] overload {"demand":null,"operation":"blend CAP-C","loadPlanIndex":80,"overloadIndex":78,"events":[{"index":70,"date":"2026-02-07T22:00:00","type":1,"quantity":-1,"onhand":2,"maximum":2,"operation":"blend CAP-C"},{"index":71,"date":"2026-02-07T23:00:00","type":5,"quantity":0,"onhand":2,"maximum":2,"operation":"blend TAB-B"},{"index":72,"date":"2026-02-08T18:00:00","type":1,"quantity":-1,"onhand":1,"maximum":2,"operation":"blend TAB-A"},{"index":73,"date":"2026-02-08T21:00:00","type":1,"quantity":1,"onhand":2,"maximum":2,"operation":"blend CAP-C"},{"index":74,"date":"2026-02-08T23:00:00","type":1,"quantity":-1,"onhand":1,"maximum":2,"operation":"blend TAB-B"},{"index":75,"date":"2026-02-09T03:00:00","type":1,"quantity":1,"onhand":2,"maximum":2,"operation":"blend TAB-B"},{"index":76,"date":"2026-02-09T09:00:00","type":5,"quantity":0,"onhand":2,"maximum":2,"operation":"blend CAP-C"},{"index":77,"date":"2026-02-09T11:00:00","type":5,"quantity":0,"onhand":2,"maximum":2,"operation":"blend TAB-B"},{"index":78,"date":"2026-02-09T15:00:00","type":1,"quantity":1,"onhand":3,"maximum":2,"operation":"blend CAP-C"},{"index":79,"date":"2026-02-10T03:00:00","type":5,"quantity":0,"onhand":3,"maximum":2,"operation":"blend CAP-C"},{"index":80,"date":"2026-02-10T03:00:00","type":1,"quantity":-1,"onhand":2,"maximum":2,"operation":"blend CAP-C"},{"index":81,"date":"2026-02-10T11:00:00","type":1,"quantity":-1,"onhand":1,"maximum":2,"operation":"blend TAB-B"},{"index":82,"date":"2026-02-10T17:00:00","type":5,"quantity":0,"onhand":1,"maximum":2,"operation":"blend TAB-A"}]}
[resource] candidate {"demand":null,"iteration":5,"boundary":"2026-02-09T15:00:00","start":"2026-02-08T09:00:00","end":"2026-02-09T15:00:00","feasible":false}
[resource] overload {"demand":null,"operation":"blend CAP-C","loadPlanIndex":79,"overloadIndex":72,"events":[{"index":64,"date":"2026-02-07T04:00:00","type":5,"quantity":0,"onhand":1,"maximum":2,"operation":"blend CAP-C"},{"index":65,"date":"2026-02-07T04:00:00","type":1,"quantity":1,"onhand":2,"maximum":2,"operation":"blend CAP-C"},{"index":66,"date":"2026-02-07T15:00:00","type":1,"quantity":1,"onhand":3,"maximum":2,"operation":"blend TAB-B"},{"index":67,"date":"2026-02-07T15:00:00","type":1,"quantity":-1,"onhand":2,"maximum":2,"operation":"blend TAB-A"},{"index":68,"date":"2026-02-07T22:00:00","type":5,"quantity":0,"onhand":2,"maximum":2,"operation":"blend TAB-A"},{"index":69,"date":"2026-02-07T22:00:00","type":1,"quantity":1,"onhand":3,"maximum":2,"operation":"blend TAB-A"},{"index":70,"date":"2026-02-07T22:00:00","type":1,"quantity":-1,"onhand":2,"maximum":2,"operation":"blend CAP-C"},{"index":71,"date":"2026-02-07T23:00:00","type":5,"quantity":0,"onhand":2,"maximum":2,"operation":"blend TAB-B"},{"index":72,"date":"2026-02-08T09:00:00","type":1,"quantity":1,"onhand":3,"maximum":2,"operation":"blend CAP-C"},{"index":73,"date":"2026-02-08T18:00:00","type":1,"quantity":-1,"onhand":2,"maximum":2,"operation":"blend TAB-A"},{"index":74,"date":"2026-02-08T21:00:00","type":5,"quantity":0,"onhand":2,"maximum":2,"operation":"blend CAP-C"},{"index":75,"date":"2026-02-08T23:00:00","type":1,"quantity":-1,"onhand":1,"maximum":2,"operation":"blend TAB-B"},{"index":76,"date":"2026-02-09T03:00:00","type":1,"quantity":1,"onhand":2,"maximum":2,"operation":"blend TAB-B"},{"index":77,"date":"2026-02-09T11:00:00","type":5,"quantity":0,"onhand":2,"maximum":2,"operation":"blend TAB-B"},{"index":78,"date":"2026-02-09T15:00:00","type":1,"quantity":1,"onhand":3,"maximum":2,"operation":"blend CAP-C"},{"index":79,"date":"2026-02-09T15:00:00","type":1,"quantity":-1,"onhand":2,"maximum":2,"operation":"blend CAP-C"},{"index":80,"date":"2026-02-10T03:00:00","type":5,"quantity":0,"onhand":2,"maximum":2,"operation":"blend CAP-C"},{"index":81,"date":"2026-02-10T11:00:00","type":1,"quantity":-1,"onhand":1,"maximum":2,"operation":"blend TAB-B"}]}
[resource] candidate {"demand":null,"iteration":6,"boundary":"2026-02-08T09:00:00","start":"2026-02-07T15:00:00","end":"2026-02-08T09:00:00","feasible":false}
[resource] overload {"demand":null,"operation":"blend CAP-C","loadPlanIndex":74,"overloadIndex":72,"events":[{"index":64,"date":"2026-02-07T04:00:00","type":5,"quantity":0,"onhand":1,"maximum":2,"operation":"blend CAP-C"},{"index":65,"date":"2026-02-07T04:00:00","type":1,"quantity":1,"onhand":2,"maximum":2,"operation":"blend CAP-C"},{"index":66,"date":"2026-02-07T15:00:00","type":5,"quantity":0,"onhand":2,"maximum":2,"operation":"blend CAP-C"},{"index":67,"date":"2026-02-07T15:00:00","type":1,"quantity":1,"onhand":3,"maximum":2,"operation":"blend CAP-C"},{"index":68,"date":"2026-02-07T15:00:00","type":1,"quantity":1,"onhand":4,"maximum":2,"operation":"blend TAB-B"},{"index":69,"date":"2026-02-07T15:00:00","type":1,"quantity":-1,"onhand":3,"maximum":2,"operation":"blend TAB-A"},{"index":70,"date":"2026-02-07T22:00:00","type":5,"quantity":0,"onhand":3,"maximum":2,"operation":"blend TAB-A"},{"index":71,"date":"2026-02-07T22:00:00","type":1,"quantity":1,"onhand":4,"maximum":2,"operation":"blend TAB-A"},{"index":72,"date":"2026-02-07T22:00:00","type":1,"quantity":-1,"onhand":3,"maximum":2,"operation":"blend CAP-C"},{"index":73,"date":"2026-02-07T23:00:00","type":5,"quantity":0,"onhand":3,"maximum":2,"operation":"blend TAB-B"},{"index":74,"date":"2026-02-08T09:00:00","type":1,"quantity":-1,"onhand":2,"maximum":2,"operation":"blend CAP-C"},{"index":75,"date":"2026-02-08T18:00:00","type":1,"quantity":-1,"onhand":1,"maximum":2,"operation":"blend TAB-A"},{"index":76,"date":"2026-02-08T23:00:00","type":1,"quantity":-1,"onhand":0,"maximum":2,"operation":"blend TAB-B"}]}
[resource] candidate {"demand":null,"iteration":7,"boundary":"2026-02-07T15:00:00","start":"2026-02-06T21:00:00","end":"2026-02-07T15:00:00","feasible":false}
[resource] overload {"demand":null,"operation":"blend CAP-C","loadPlanIndex":69,"overloadIndex":67,"events":[{"index":59,"date":"2026-02-06T05:00:00","type":1,"quantity":1,"onhand":2,"maximum":2,"operation":"blend TAB-A"},{"index":60,"date":"2026-02-06T09:00:00","type":1,"quantity":-1,"onhand":1,"maximum":2,"operation":"blend CAP-C"},{"index":61,"date":"2026-02-06T19:00:00","type":5,"quantity":0,"onhand":1,"maximum":2,"operation":"blend TAB-A"},{"index":62,"date":"2026-02-06T19:00:00","type":1,"quantity":1,"onhand":2,"maximum":2,"operation":"blend TAB-A"},{"index":63,"date":"2026-02-06T21:00:00","type":5,"quantity":0,"onhand":2,"maximum":2,"operation":"blend CAP-C"},{"index":64,"date":"2026-02-06T21:00:00","type":1,"quantity":1,"onhand":3,"maximum":2,"operation":"blend CAP-C"},{"index":65,"date":"2026-02-07T01:00:00","type":1,"quantity":-1,"onhand":2,"maximum":2,"operation":"blend TAB-A"},{"index":66,"date":"2026-02-07T04:00:00","type":5,"quantity":0,"onhand":2,"maximum":2,"operation":"blend CAP-C"},{"index":67,"date":"2026-02-07T04:00:00","type":1,"quantity":1,"onhand":3,"maximum":2,"operation":"blend CAP-C"},{"index":68,"date":"2026-02-07T15:00:00","type":1,"quantity":1,"onhand":4,"maximum":2,"operation":"blend TAB-B"},{"index":69,"date":"2026-02-07T15:00:00","type":1,"quantity":-1,"onhand":3,"maximum":2,"operation":"blend CAP-C"},{"index":70,"date":"2026-02-07T15:00:00","type":1,"quantity":-1,"onhand":2,"maximum":2,"operation":"blend TAB-A"},{"index":71,"date":"2026-02-07T22:00:00","type":5,"quantity":0,"onhand":2,"maximum":2,"operation":"blend TAB-A"}]}
[resource] candidate {"demand":null,"iteration":8,"boundary":"2026-02-07T04:00:00","start":"2026-02-06T10:00:00","end":"2026-02-07T04:00:00","feasible":false}
[resource] overload {"demand":null,"operation":"blend CAP-C","loadPlanIndex":68,"overloadIndex":64,"events":[{"index":56,"date":"2026-02-05T15:00:00","type":5,"quantity":0,"onhand":2,"maximum":2,"operation":"blend CAP-C"},{"index":57,"date":"2026-02-05T23:00:00","type":1,"quantity":-1,"onhand":1,"maximum":2,"operation":"blend TAB-B"},{"index":58,"date":"2026-02-06T05:00:00","type":5,"quantity":0,"onhand":1,"maximum":2,"operation":"blend TAB-A"},{"index":59,"date":"2026-02-06T05:00:00","type":1,"quantity":1,"onhand":2,"maximum":2,"operation":"blend TAB-A"},{"index":60,"date":"2026-02-06T09:00:00","type":1,"quantity":-1,"onhand":1,"maximum":2,"operation":"blend CAP-C"},{"index":61,"date":"2026-02-06T10:00:00","type":5,"quantity":0,"onhand":1,"maximum":2,"operation":"blend CAP-C"},{"index":62,"date":"2026-02-06T10:00:00","type":1,"quantity":1,"onhand":2,"maximum":2,"operation":"blend CAP-C"},{"index":63,"date":"2026-02-06T19:00:00","type":5,"quantity":0,"onhand":2,"maximum":2,"operation":"blend TAB-A"},{"index":64,"date":"2026-02-06T19:00:00","type":1,"quantity":1,"onhand":3,"maximum":2,"operation":"blend TAB-A"},{"index":65,"date":"2026-02-07T01:00:00","type":1,"quantity":-1,"onhand":2,"maximum":2,"operation":"blend TAB-A"},{"index":66,"date":"2026-02-07T04:00:00","type":5,"quantity":0,"onhand":2,"maximum":2,"operation":"blend CAP-C"},{"index":67,"date":"2026-02-07T04:00:00","type":1,"quantity":1,"onhand":3,"maximum":2,"operation":"blend CAP-C"},{"index":68,"date":"2026-02-07T04:00:00","type":1,"quantity":-1,"onhand":2,"maximum":2,"operation":"blend CAP-C"},{"index":69,"date":"2026-02-07T15:00:00","type":1,"quantity":1,"onhand":3,"maximum":2,"operation":"blend TAB-B"},{"index":70,"date":"2026-02-07T15:00:00","type":1,"quantity":-1,"onhand":2,"maximum":2,"operation":"blend TAB-A"}]}
[resource] candidate {"demand":null,"iteration":9,"boundary":"2026-02-06T19:00:00","start":"2026-02-06T01:00:00","end":"2026-02-06T19:00:00","feasible":false}
[resource] overload {"demand":null,"operation":"blend CAP-C","loadPlanIndex":65,"overloadIndex":61,"events":[{"index":53,"date":"2026-02-04T23:00:00","type":5,"quantity":0,"onhand":0,"maximum":2,"operation":"blend TAB-B"},{"index":54,"date":"2026-02-04T23:00:00","type":1,"quantity":1,"onhand":1,"maximum":2,"operation":"blend TAB-B"},{"index":55,"date":"2026-02-05T03:00:00","type":1,"quantity":1,"onhand":2,"maximum":2,"operation":"blend CAP-C"},{"index":56,"date":"2026-02-05T15:00:00","type":5,"quantity":0,"onhand":2,"maximum":2,"operation":"blend CAP-C"},{"index":57,"date":"2026-02-05T23:00:00","type":1,"quantity":-1,"onhand":1,"maximum":2,"operation":"blend TAB-B"},{"index":58,"date":"2026-02-06T01:00:00","type":5,"quantity":0,"onhand":1,"maximum":2,"operation":"blend CAP-C"},{"index":59,"date":"2026-02-06T01:00:00","type":1,"quantity":1,"onhand":2,"maximum":2,"operation":"blend CAP-C"},{"index":60,"date":"2026-02-06T05:00:00","type":5,"quantity":0,"onhand":2,"maximum":2,"operation":"blend TAB-A"},{"index":61,"date":"2026-02-06T05:00:00","type":1,"quantity":1,"onhand":3,"maximum":2,"operation":"blend TAB-A"},{"index":62,"date":"2026-02-06T09:00:00","type":1,"quantity":-1,"onhand":2,"maximum":2,"operation":"blend CAP-C"},{"index":63,"date":"2026-02-06T19:00:00","type":5,"quantity":0,"onhand":2,"maximum":2,"operation":"blend TAB-A"},{"index":64,"date":"2026-02-06T19:00:00","type":1,"quantity":1,"onhand":3,"maximum":2,"operation":"blend TAB-A"},{"index":65,"date":"2026-02-06T19:00:00","type":1,"quantity":-1,"onhand":2,"maximum":2,"operation":"blend CAP-C"},{"index":66,"date":"2026-02-07T01:00:00","type":1,"quantity":-1,"onhand":1,"maximum":2,"operation":"blend TAB-A"},{"index":67,"date":"2026-02-07T04:00:00","type":5,"quantity":0,"onhand":1,"maximum":2,"operation":"blend CAP-C"}]}
[resource] candidate {"demand":null,"iteration":10,"boundary":"2026-02-06T05:00:00","start":"2026-02-04T23:00:00","end":"2026-02-06T05:00:00","feasible":false}
[resource] overload {"demand":null,"operation":"blend CAP-C","loadPlanIndex":62,"overloadIndex":58,"events":[{"index":50,"date":"2026-02-03T11:00:00","type":5,"quantity":0,"onhand":2,"maximum":2,"operation":"blend TAB-B"},{"index":51,"date":"2026-02-04T06:00:00","type":1,"quantity":-1,"onhand":1,"maximum":2,"operation":"blend TAB-A"},{"index":52,"date":"2026-02-04T11:00:00","type":1,"quantity":-1,"onhand":0,"maximum":2,"operation":"blend TAB-B"},{"index":53,"date":"2026-02-04T23:00:00","type":5,"quantity":0,"onhand":0,"maximum":2,"operation":"blend TAB-B"},{"index":54,"date":"2026-02-04T23:00:00","type":1,"quantity":1,"onhand":1,"maximum":2,"operation":"blend CAP-C"},{"index":55,"date":"2026-02-04T23:00:00","type":1,"quantity":1,"onhand":2,"maximum":2,"operation":"blend TAB-B"},{"index":56,"date":"2026-02-05T11:00:00","type":5,"quantity":0,"onhand":2,"maximum":2,"operation":"blend CAP-C"},{"index":57,"date":"2026-02-05T15:00:00","type":5,"quantity":0,"onhand":2,"maximum":2,"operation":"blend CAP-C"},{"index":58,"date":"2026-02-05T15:00:00","type":1,"quantity":1,"onhand":3,"maximum":2,"operation":"blend CAP-C"},{"index":59,"date":"2026-02-05T23:00:00","type":1,"quantity":-1,"onhand":2,"maximum":2,"operation":"blend TAB-B"},{"index":60,"date":"2026-02-06T05:00:00","type":5,"quantity":0,"onhand":2,"maximum":2,"operation":"blend TAB-A"},{"index":61,"date":"2026-02-06T05:00:00","type":1,"quantity":1,"onhand":3,"maximum":2,"operation":"blend TAB-A"},{"index":62,"date":"2026-02-06T05:00:00","type":1,"quantity":-1,"onhand":2,"maximum":2,"operation":"blend CAP-C"},{"index":63,"date":"2026-02-06T09:00:00","type":1,"quantity":-1,"onhand":1,"maximum":2,"operation":"blend CAP-C"},{"index":64,"date":"2026-02-06T19:00:00","type":5,"quantity":0,"onhand":1,"maximum":2,"operation":"blend TAB-A"}]}
[resource] candidate {"demand":null,"iteration":11,"boundary":"2026-02-05T15:00:00","start":"2026-02-04T09:00:00","end":"2026-02-05T15:00:00","feasible":false}
[resource] overload {"demand":null,"operation":"blend CAP-C","loadPlanIndex":59,"overloadIndex":57,"events":[{"index":49,"date":"2026-02-03T10:00:00","type":1,"quantity":-1,"onhand":2,"maximum":2,"operation":"blend CAP-C"},{"index":50,"date":"2026-02-03T11:00:00","type":5,"quantity":0,"onhand":2,"maximum":2,"operation":"blend TAB-B"},{"index":51,"date":"2026-02-04T06:00:00","type":1,"quantity":-1,"onhand":1,"maximum":2,"operation":"blend TAB-A"},{"index":52,"date":"2026-02-04T09:00:00","type":1,"quantity":1,"onhand":2,"maximum":2,"operation":"blend CAP-C"},{"index":53,"date":"2026-02-04T11:00:00","type":1,"quantity":-1,"onhand":1,"maximum":2,"operation":"blend TAB-B"},{"index":54,"date":"2026-02-04T15:00:00","type":1,"quantity":1,"onhand":2,"maximum":2,"operation":"blend TAB-B"},{"index":55,"date":"2026-02-04T21:00:00","type":5,"quantity":0,"onhand":2,"maximum":2,"operation":"blend CAP-C"},{"index":56,"date":"2026-02-04T23:00:00","type":5,"quantity":0,"onhand":2,"maximum":2,"operation":"blend TAB-B"},{"index":57,"date":"2026-02-05T03:00:00","type":1,"quantity":1,"onhand":3,"maximum":2,"operation":"blend CAP-C"},{"index":58,"date":"2026-02-05T15:00:00","type":5,"quantity":0,"onhand":3,"maximum":2,"operation":"blend CAP-C"},{"index":59,"date":"2026-02-05T15:00:00","type":1,"quantity":-1,"onhand":2,"maximum":2,"operation":"blend CAP-C"},{"index":60,"date":"2026-02-05T23:00:00","type":1,"quantity":-1,"onhand":1,"maximum":2,"operation":"blend TAB-B"},{"index":61,"date":"2026-02-06T05:00:00","type":5,"quantity":0,"onhand":1,"maximum":2,"operation":"blend TAB-A"}]}
[resource] candidate {"demand":null,"iteration":12,"boundary":"2026-02-05T03:00:00","start":"2026-02-03T21:00:00","end":"2026-02-05T03:00:00","feasible":false}
[resource] overload {"demand":null,"operation":"blend CAP-C","loadPlanIndex":58,"overloadIndex":51,"events":[{"index":43,"date":"2026-02-02T16:00:00","type":5,"quantity":0,"onhand":1,"maximum":2,"operation":"blend CAP-C"},{"index":44,"date":"2026-02-02T16:00:00","type":1,"quantity":1,"onhand":2,"maximum":2,"operation":"blend CAP-C"},{"index":45,"date":"2026-02-03T03:00:00","type":1,"quantity":1,"onhand":3,"maximum":2,"operation":"blend TAB-B"},{"index":46,"date":"2026-02-03T03:00:00","type":1,"quantity":-1,"onhand":2,"maximum":2,"operation":"blend TAB-A"},{"index":47,"date":"2026-02-03T10:00:00","type":5,"quantity":0,"onhand":2,"maximum":2,"operation":"blend TAB-A"},{"index":48,"date":"2026-02-03T10:00:00","type":1,"quantity":1,"onhand":3,"maximum":2,"operation":"blend TAB-A"},{"index":49,"date":"2026-02-03T10:00:00","type":1,"quantity":-1,"onhand":2,"maximum":2,"operation":"blend CAP-C"},{"index":50,"date":"2026-02-03T11:00:00","type":5,"quantity":0,"onhand":2,"maximum":2,"operation":"blend TAB-B"},{"index":51,"date":"2026-02-03T21:00:00","type":1,"quantity":1,"onhand":3,"maximum":2,"operation":"blend CAP-C"},{"index":52,"date":"2026-02-04T06:00:00","type":1,"quantity":-1,"onhand":2,"maximum":2,"operation":"blend TAB-A"},{"index":53,"date":"2026-02-04T09:00:00","type":5,"quantity":0,"onhand":2,"maximum":2,"operation":"blend CAP-C"},{"index":54,"date":"2026-02-04T11:00:00","type":1,"quantity":-1,"onhand":1,"maximum":2,"operation":"blend TAB-B"},{"index":55,"date":"2026-02-04T15:00:00","type":1,"quantity":1,"onhand":2,"maximum":2,"operation":"blend TAB-B"},{"index":56,"date":"2026-02-04T23:00:00","type":5,"quantity":0,"onhand":2,"maximum":2,"operation":"blend TAB-B"},{"index":57,"date":"2026-02-05T03:00:00","type":1,"quantity":1,"onhand":3,"maximum":2,"operation":"blend CAP-C"},{"index":58,"date":"2026-02-05T03:00:00","type":1,"quantity":-1,"onhand":2,"maximum":2,"operation":"blend CAP-C"},{"index":59,"date":"2026-02-05T15:00:00","type":5,"quantity":0,"onhand":2,"maximum":2,"operation":"blend CAP-C"},{"index":60,"date":"2026-02-05T23:00:00","type":1,"quantity":-1,"onhand":1,"maximum":2,"operation":"blend TAB-B"}]}
[resource] candidate {"demand":null,"iteration":13,"boundary":"2026-02-03T21:00:00","start":"2026-02-03T03:00:00","end":"2026-02-03T21:00:00","feasible":false}
[resource] overload {"demand":null,"operation":"blend CAP-C","loadPlanIndex":53,"overloadIndex":51,"events":[{"index":43,"date":"2026-02-02T16:00:00","type":5,"quantity":0,"onhand":1,"maximum":2,"operation":"blend CAP-C"},{"index":44,"date":"2026-02-02T16:00:00","type":1,"quantity":1,"onhand":2,"maximum":2,"operation":"blend CAP-C"},{"index":45,"date":"2026-02-03T03:00:00","type":5,"quantity":0,"onhand":2,"maximum":2,"operation":"blend CAP-C"},{"index":46,"date":"2026-02-03T03:00:00","type":1,"quantity":1,"onhand":3,"maximum":2,"operation":"blend CAP-C"},{"index":47,"date":"2026-02-03T03:00:00","type":1,"quantity":1,"onhand":4,"maximum":2,"operation":"blend TAB-B"},{"index":48,"date":"2026-02-03T03:00:00","type":1,"quantity":-1,"onhand":3,"maximum":2,"operation":"blend TAB-A"},{"index":49,"date":"2026-02-03T10:00:00","type":5,"quantity":0,"onhand":3,"maximum":2,"operation":"blend TAB-A"},{"index":50,"date":"2026-02-03T10:00:00","type":1,"quantity":1,"onhand":4,"maximum":2,"operation":"blend TAB-A"},{"index":51,"date":"2026-02-03T10:00:00","type":1,"quantity":-1,"onhand":3,"maximum":2,"operation":"blend CAP-C"},{"index":52,"date":"2026-02-03T11:00:00","type":5,"quantity":0,"onhand":3,"maximum":2,"operation":"blend TAB-B"},{"index":53,"date":"2026-02-03T21:00:00","type":1,"quantity":-1,"onhand":2,"maximum":2,"operation":"blend CAP-C"},{"index":54,"date":"2026-02-04T06:00:00","type":1,"quantity":-1,"onhand":1,"maximum":2,"operation":"blend TAB-A"},{"index":55,"date":"2026-02-04T11:00:00","type":1,"quantity":-1,"onhand":0,"maximum":2,"operation":"blend TAB-B"}]}
[resource] candidate {"demand":null,"iteration":14,"boundary":"2026-02-03T03:00:00","start":"2026-02-02T09:00:00","end":"2026-02-03T03:00:00","feasible":false}
[resource] overload {"demand":null,"operation":"blend CAP-C","loadPlanIndex":48,"overloadIndex":46,"events":[{"index":38,"date":"2026-02-01T17:00:00","type":1,"quantity":1,"onhand":2,"maximum":2,"operation":"blend TAB-A"},{"index":39,"date":"2026-02-02T07:00:00","type":5,"quantity":0,"onhand":2,"maximum":2,"operation":"blend TAB-A"},{"index":40,"date":"2026-02-02T07:00:00","type":1,"quantity":1,"onhand":3,"maximum":2,"operation":"blend TAB-A"},{"index":41,"date":"2026-02-02T07:00:00","type":1,"quantity":-1,"onhand":2,"maximum":2,"operation":"blend CAP-C"},{"index":42,"date":"2026-02-02T09:00:00","type":5,"quantity":0,"onhand":2,"maximum":2,"operation":"blend CAP-C"},{"index":43,"date":"2026-02-02T09:00:00","type":1,"quantity":1,"onhand":3,"maximum":2,"operation":"blend CAP-C"},{"index":44,"date":"2026-02-02T13:00:00","type":1,"quantity":-1,"onhand":2,"maximum":2,"operation":"blend TAB-A"},{"index":45,"date":"2026-02-02T16:00:00","type":5,"quantity":0,"onhand":2,"maximum":2,"operation":"blend CAP-C"},{"index":46,"date":"2026-02-02T16:00:00","type":1,"quantity":1,"onhand":3,"maximum":2,"operation":"blend CAP-C"},{"index":47,"date":"2026-02-03T03:00:00","type":1,"quantity":1,"onhand":4,"maximum":2,"operation":"blend TAB-B"},{"index":48,"date":"2026-02-03T03:00:00","type":1,"quantity":-1,"onhand":3,"maximum":2,"operation":"blend CAP-C"},{"index":49,"date":"2026-02-03T03:00:00","type":1,"quantity":-1,"onhand":2,"maximum":2,"operation":"blend TAB-A"},{"index":50,"date":"2026-02-03T10:00:00","type":5,"quantity":0,"onhand":2,"maximum":2,"operation":"blend TAB-A"}]}
[resource] candidate {"demand":null,"iteration":15,"boundary":"2026-02-02T16:00:00","start":"2026-02-01T22:00:00","end":"2026-02-02T16:00:00","feasible":false}
[resource] overload {"demand":null,"operation":"blend CAP-C","loadPlanIndex":47,"overloadIndex":43,"events":[{"index":35,"date":"2026-02-01T11:00:00","type":1,"quantity":-1,"onhand":1,"maximum":2,"operation":"blend TAB-B"},{"index":36,"date":"2026-02-01T13:00:00","type":5,"quantity":0,"onhand":1,"maximum":2,"operation":"blend CAP-C"},{"index":37,"date":"2026-02-01T17:00:00","type":5,"quantity":0,"onhand":1,"maximum":2,"operation":"blend TAB-A"},{"index":38,"date":"2026-02-01T17:00:00","type":1,"quantity":1,"onhand":2,"maximum":2,"operation":"blend TAB-A"},{"index":39,"date":"2026-02-01T22:00:00","type":5,"quantity":0,"onhand":2,"maximum":2,"operation":"blend CAP-C"},{"index":40,"date":"2026-02-01T22:00:00","type":1,"quantity":1,"onhand":3,"maximum":2,"operation":"blend CAP-C"},{"index":41,"date":"2026-02-02T07:00:00","type":5,"quantity":0,"onhand":3,"maximum":2,"operation":"blend TAB-A"},{"index":42,"date":"2026-02-02T07:00:00","type":1,"quantity":1,"onhand":4,"maximum":2,"operation":"blend TAB-A"},{"index":43,"date":"2026-02-02T07:00:00","type":1,"quantity":-1,"onhand":3,"maximum":2,"operation":"blend CAP-C"},{"index":44,"date":"2026-02-02T13:00:00","type":1,"quantity":-1,"onhand":2,"maximum":2,"operation":"blend TAB-A"},{"index":45,"date":"2026-02-02T16:00:00","type":5,"quantity":0,"onhand":2,"maximum":2,"operation":"blend CAP-C"},{"index":46,"date":"2026-02-02T16:00:00","type":1,"quantity":1,"onhand":3,"maximum":2,"operation":"blend CAP-C"},{"index":47,"date":"2026-02-02T16:00:00","type":1,"quantity":-1,"onhand":2,"maximum":2,"operation":"blend CAP-C"},{"index":48,"date":"2026-02-03T03:00:00","type":1,"quantity":1,"onhand":3,"maximum":2,"operation":"blend TAB-B"},{"index":49,"date":"2026-02-03T03:00:00","type":1,"quantity":-1,"onhand":2,"maximum":2,"operation":"blend TAB-A"}]}
[resource] candidate {"demand":null,"iteration":16,"boundary":"2026-02-01T22:00:00","start":"2026-01-31T16:00:00","end":"2026-02-01T22:00:00","feasible":false}
[resource] overload {"demand":null,"operation":"blend CAP-C","loadPlanIndex":41,"overloadIndex":40,"events":[{"index":32,"date":"2026-01-31T11:00:00","type":5,"quantity":0,"onhand":2,"maximum":2,"operation":"blend TAB-B"},{"index":33,"date":"2026-01-31T16:00:00","type":1,"quantity":1,"onhand":3,"maximum":2,"operation":"blend CAP-C"},{"index":34,"date":"2026-02-01T01:00:00","type":1,"quantity":-1,"onhand":2,"maximum":2,"operation":"blend TAB-A"},{"index":35,"date":"2026-02-01T04:00:00","type":5,"quantity":0,"onhand":2,"maximum":2,"operation":"blend CAP-C"},{"index":36,"date":"2026-02-01T11:00:00","type":1,"quantity":-1,"onhand":1,"maximum":2,"operation":"blend TAB-B"},{"index":37,"date":"2026-02-01T13:00:00","type":5,"quantity":0,"onhand":1,"maximum":2,"operation":"blend CAP-C"},{"index":38,"date":"2026-02-01T13:00:00","type":1,"quantity":1,"onhand":2,"maximum":2,"operation":"blend CAP-C"},{"index":39,"date":"2026-02-01T17:00:00","type":5,"quantity":0,"onhand":2,"maximum":2,"operation":"blend TAB-A"},{"index":40,"date":"2026-02-01T17:00:00","type":1,"quantity":1,"onhand":3,"maximum":2,"operation":"blend TAB-A"},{"index":41,"date":"2026-02-01T22:00:00","type":1,"quantity":-1,"onhand":2,"maximum":2,"operation":"blend CAP-C"},{"index":42,"date":"2026-02-02T07:00:00","type":5,"quantity":0,"onhand":2,"maximum":2,"operation":"blend TAB-A"},{"index":43,"date":"2026-02-02T07:00:00","type":1,"quantity":1,"onhand":3,"maximum":2,"operation":"blend TAB-A"}]}
[resource] candidate {"demand":null,"iteration":17,"boundary":"2026-02-01T17:00:00","start":"2026-01-31T11:00:00","end":"2026-02-01T17:00:00","feasible":false}
[resource] overload {"demand":null,"operation":"blend CAP-C","loadPlanIndex":41,"overloadIndex":33,"events":[{"index":25,"date":"2026-01-29T20:00:00","type":1,"quantity":-1,"onhand":2,"maximum":2,"operation":"blend CAP-C"},{"index":26,"date":"2026-01-29T23:00:00","type":5,"quantity":0,"onhand":2,"maximum":2,"operation":"blend TAB-B"},{"index":27,"date":"2026-01-30T16:00:00","type":1,"quantity":-1,"onhand":1,"maximum":2,"operation":"blend TAB-A"},{"index":28,"date":"2026-01-30T17:00:00","type":1,"quantity":1,"onhand":2,"maximum":2,"operation":"blend TAB-A"},{"index":29,"date":"2026-01-30T23:00:00","type":1,"quantity":-1,"onhand":1,"maximum":2,"operation":"blend TAB-B"},{"index":30,"date":"2026-01-31T03:00:00","type":1,"quantity":1,"onhand":2,"maximum":2,"operation":"blend TAB-B"},{"index":31,"date":"2026-01-31T05:00:00","type":5,"quantity":0,"onhand":2,"maximum":2,"operation":"blend TAB-A"},{"index":32,"date":"2026-01-31T11:00:00","type":5,"quantity":0,"onhand":2,"maximum":2,"operation":"blend TAB-B"},{"index":33,"date":"2026-01-31T11:00:00","type":1,"quantity":1,"onhand":3,"maximum":2,"operation":"blend CAP-C"},{"index":34,"date":"2026-01-31T23:00:00","type":5,"quantity":0,"onhand":3,"maximum":2,"operation":"blend CAP-C"},{"index":35,"date":"2026-02-01T01:00:00","type":1,"quantity":-1,"onhand":2,"maximum":2,"operation":"blend TAB-A"},{"index":36,"date":"2026-02-01T11:00:00","type":1,"quantity":-1,"onhand":1,"maximum":2,"operation":"blend TAB-B"},{"index":37,"date":"2026-02-01T13:00:00","type":5,"quantity":0,"onhand":1,"maximum":2,"operation":"blend CAP-C"},{"index":38,"date":"2026-02-01T13:00:00","type":1,"quantity":1,"onhand":2,"maximum":2,"operation":"blend CAP-C"},{"index":39,"date":"2026-02-01T17:00:00","type":5,"quantity":0,"onhand":2,"maximum":2,"operation":"blend TAB-A"},{"index":40,"date":"2026-02-01T17:00:00","type":1,"quantity":1,"onhand":3,"maximum":2,"operation":"blend TAB-A"},{"index":41,"date":"2026-02-01T17:00:00","type":1,"quantity":-1,"onhand":2,"maximum":2,"operation":"blend CAP-C"},{"index":42,"date":"2026-02-02T07:00:00","type":5,"quantity":0,"onhand":2,"maximum":2,"operation":"blend TAB-A"},{"index":43,"date":"2026-02-02T07:00:00","type":1,"quantity":1,"onhand":3,"maximum":2,"operation":"blend TAB-A"}]}
[resource] candidate {"demand":null,"iteration":18,"boundary":"2026-01-31T11:00:00","start":"2026-01-30T05:00:00","end":"2026-01-31T11:00:00","feasible":false}
[resource] overload {"demand":null,"operation":"blend CAP-C","loadPlanIndex":35,"overloadIndex":33,"events":[{"index":25,"date":"2026-01-29T20:00:00","type":1,"quantity":-1,"onhand":2,"maximum":2,"operation":"blend CAP-C"},{"index":26,"date":"2026-01-29T23:00:00","type":5,"quantity":0,"onhand":2,"maximum":2,"operation":"blend TAB-B"},{"index":27,"date":"2026-01-30T05:00:00","type":1,"quantity":1,"onhand":3,"maximum":2,"operation":"blend CAP-C"},{"index":28,"date":"2026-01-30T16:00:00","type":1,"quantity":-1,"onhand":2,"maximum":2,"operation":"blend TAB-A"},{"index":29,"date":"2026-01-30T17:00:00","type":5,"quantity":0,"onhand":2,"maximum":2,"operation":"blend CAP-C"},{"index":30,"date":"2026-01-30T23:00:00","type":1,"quantity":-1,"onhand":1,"maximum":2,"operation":"blend TAB-B"},{"index":31,"date":"2026-01-31T03:00:00","type":1,"quantity":1,"onhand":2,"maximum":2,"operation":"blend TAB-B"},{"index":32,"date":"2026-01-31T05:00:00","type":5,"quantity":0,"onhand":2,"maximum":2,"operation":"blend TAB-A"},{"index":33,"date":"2026-01-31T05:00:00","type":1,"quantity":1,"onhand":3,"maximum":2,"operation":"blend TAB-A"},{"index":34,"date":"2026-01-31T11:00:00","type":5,"quantity":0,"onhand":3,"maximum":2,"operation":"blend TAB-B"},{"index":35,"date":"2026-01-31T11:00:00","type":1,"quantity":-1,"onhand":2,"maximum":2,"operation":"blend CAP-C"},{"index":36,"date":"2026-02-01T01:00:00","type":1,"quantity":1,"onhand":3,"maximum":2,"operation":"blend CAP-C"},{"index":37,"date":"2026-02-01T01:00:00","type":1,"quantity":-1,"onhand":2,"maximum":2,"operation":"blend TAB-A"}]}
[resource] candidate {"demand":null,"iteration":19,"boundary":"2026-01-31T05:00:00","start":"2026-01-29T23:00:00","end":"2026-01-31T05:00:00","feasible":false}
[resource] overload {"demand":null,"operation":"blend CAP-C","loadPlanIndex":34,"overloadIndex":27,"events":[{"index":19,"date":"2026-01-29T02:00:00","type":1,"quantity":1,"onhand":3,"maximum":2,"operation":"blend CAP-C"},{"index":20,"date":"2026-01-29T02:00:00","type":1,"quantity":-1,"onhand":2,"maximum":2,"operation":"blend TAB-B"},{"index":21,"date":"2026-01-29T15:00:00","type":1,"quantity":1,"onhand":3,"maximum":2,"operation":"blend TAB-B"},{"index":22,"date":"2026-01-29T15:00:00","type":1,"quantity":-1,"onhand":2,"maximum":2,"operation":"blend CAP-C"},{"index":23,"date":"2026-01-29T20:00:00","type":5,"quantity":0,"onhand":2,"maximum":2,"operation":"blend TAB-A"},{"index":24,"date":"2026-01-29T20:00:00","type":1,"quantity":1,"onhand":3,"maximum":2,"operation":"blend TAB-A"},{"index":25,"date":"2026-01-29T20:00:00","type":1,"quantity":-1,"onhand":2,"maximum":2,"operation":"blend CAP-C"},{"index":26,"date":"2026-01-29T23:00:00","type":5,"quantity":0,"onhand":2,"maximum":2,"operation":"blend TAB-B"},{"index":27,"date":"2026-01-29T23:00:00","type":1,"quantity":1,"onhand":3,"maximum":2,"operation":"blend CAP-C"},{"index":28,"date":"2026-01-30T11:00:00","type":5,"quantity":0,"onhand":3,"maximum":2,"operation":"blend CAP-C"},{"index":29,"date":"2026-01-30T16:00:00","type":1,"quantity":-1,"onhand":2,"maximum":2,"operation":"blend TAB-A"},{"index":30,"date":"2026-01-30T23:00:00","type":1,"quantity":-1,"onhand":1,"maximum":2,"operation":"blend TAB-B"},{"index":31,"date":"2026-01-31T03:00:00","type":1,"quantity":1,"onhand":2,"maximum":2,"operation":"blend TAB-B"},{"index":32,"date":"2026-01-31T05:00:00","type":5,"quantity":0,"onhand":2,"maximum":2,"operation":"blend TAB-A"},{"index":33,"date":"2026-01-31T05:00:00","type":1,"quantity":1,"onhand":3,"maximum":2,"operation":"blend TAB-A"},{"index":34,"date":"2026-01-31T05:00:00","type":1,"quantity":-1,"onhand":2,"maximum":2,"operation":"blend CAP-C"},{"index":35,"date":"2026-01-31T11:00:00","type":5,"quantity":0,"onhand":2,"maximum":2,"operation":"blend TAB-B"},{"index":36,"date":"2026-02-01T01:00:00","type":1,"quantity":1,"onhand":3,"maximum":2,"operation":"blend CAP-C"}]}
[resource] candidate {"demand":null,"iteration":20,"boundary":"2026-01-29T23:00:00","start":"2026-01-29T05:00:00","end":"2026-01-29T23:00:00","feasible":false}
[resource] overload {"demand":null,"operation":"blend CAP-C","loadPlanIndex":29,"overloadIndex":27,"events":[{"index":19,"date":"2026-01-29T02:00:00","type":1,"quantity":1,"onhand":3,"maximum":2,"operation":"blend CAP-C"},{"index":20,"date":"2026-01-29T02:00:00","type":1,"quantity":-1,"onhand":2,"maximum":2,"operation":"blend TAB-B"},{"index":21,"date":"2026-01-29T05:00:00","type":5,"quantity":0,"onhand":2,"maximum":2,"operation":"blend CAP-C"},{"index":22,"date":"2026-01-29T05:00:00","type":1,"quantity":1,"onhand":3,"maximum":2,"operation":"blend CAP-C"},{"index":23,"date":"2026-01-29T15:00:00","type":1,"quantity":1,"onhand":4,"maximum":2,"operation":"blend TAB-B"},{"index":24,"date":"2026-01-29T15:00:00","type":1,"quantity":-1,"onhand":3,"maximum":2,"operation":"blend CAP-C"},{"index":25,"date":"2026-01-29T20:00:00","type":5,"quantity":0,"onhand":3,"maximum":2,"operation":"blend TAB-A"},{"index":26,"date":"2026-01-29T20:00:00","type":1,"quantity":1,"onhand":4,"maximum":2,"operation":"blend TAB-A"},{"index":27,"date":"2026-01-29T20:00:00","type":1,"quantity":-1,"onhand":3,"maximum":2,"operation":"blend CAP-C"},{"index":28,"date":"2026-01-29T23:00:00","type":5,"quantity":0,"onhand":3,"maximum":2,"operation":"blend TAB-B"},{"index":29,"date":"2026-01-29T23:00:00","type":1,"quantity":-1,"onhand":2,"maximum":2,"operation":"blend CAP-C"},{"index":30,"date":"2026-01-30T16:00:00","type":1,"quantity":-1,"onhand":1,"maximum":2,"operation":"blend TAB-A"},{"index":31,"date":"2026-01-30T17:00:00","type":1,"quantity":1,"onhand":2,"maximum":2,"operation":"blend TAB-A"}]}
[resource] candidate {"demand":null,"iteration":21,"boundary":"2026-01-29T05:00:00","start":"2026-01-27T23:00:00","end":"2026-01-29T05:00:00","feasible":false}
[resource] overload {"demand":null,"operation":"blend CAP-C","loadPlanIndex":23,"overloadIndex":22,"events":[{"index":14,"date":"2026-01-28T02:00:00","type":1,"quantity":1,"onhand":4,"maximum":2,"operation":"blend TAB-B"},{"index":15,"date":"2026-01-28T02:00:00","type":1,"quantity":-1,"onhand":3,"maximum":2,"operation":"blend TAB-B"},{"index":16,"date":"2026-01-28T09:00:00","type":1,"quantity":-1,"onhand":2,"maximum":2,"operation":"blend TAB-B"},{"index":17,"date":"2026-01-28T11:00:00","type":5,"quantity":0,"onhand":2,"maximum":2,"operation":"blend CAP-C"},{"index":18,"date":"2026-01-28T21:00:00","type":5,"quantity":0,"onhand":2,"maximum":2,"operation":"blend CAP-C"},{"index":19,"date":"2026-01-28T21:00:00","type":1,"quantity":1,"onhand":3,"maximum":2,"operation":"blend CAP-C"},{"index":20,"date":"2026-01-29T02:00:00","type":5,"quantity":0,"onhand":3,"maximum":2,"operation":"blend CAP-C"},{"index":21,"date":"2026-01-29T02:00:00","type":1,"quantity":1,"onhand":4,"maximum":2,"operation":"blend CAP-C"},{"index":22,"date":"2026-01-29T02:00:00","type":1,"quantity":-1,"onhand":3,"maximum":2,"operation":"blend TAB-B"},{"index":23,"date":"2026-01-29T05:00:00","type":1,"quantity":-1,"onhand":2,"maximum":2,"operation":"blend CAP-C"},{"index":24,"date":"2026-01-29T15:00:00","type":1,"quantity":1,"onhand":3,"maximum":2,"operation":"blend TAB-B"},{"index":25,"date":"2026-01-29T15:00:00","type":1,"quantity":-1,"onhand":2,"maximum":2,"operation":"blend CAP-C"}]}
[resource] candidate {"demand":null,"iteration":22,"boundary":"2026-01-28T21:00:00","start":"2026-01-27T15:00:00","end":"2026-01-28T21:00:00","feasible":false}
[resource] overload {"demand":null,"operation":"blend CAP-C","loadPlanIndex":20,"overloadIndex":15,"events":[{"index":7,"date":"2026-01-27T02:00:00","type":5,"quantity":0,"onhand":1,"maximum":2,"operation":"blend TAB-B"},{"index":8,"date":"2026-01-27T02:00:00","type":1,"quantity":1,"onhand":2,"maximum":2,"operation":"blend TAB-B"},{"index":9,"date":"2026-01-27T09:00:00","type":5,"quantity":0,"onhand":2,"maximum":2,"operation":"blend TAB-B"},{"index":10,"date":"2026-01-27T09:00:00","type":1,"quantity":1,"onhand":3,"maximum":2,"operation":"blend TAB-B"},{"index":11,"date":"2026-01-27T09:00:00","type":1,"quantity":-1,"onhand":2,"maximum":2,"operation":"blend TAB-B"},{"index":12,"date":"2026-01-27T15:00:00","type":1,"quantity":1,"onhand":3,"maximum":2,"operation":"blend CAP-C"},{"index":13,"date":"2026-01-28T02:00:00","type":5,"quantity":0,"onhand":3,"maximum":2,"operation":"blend TAB-B"},{"index":14,"date":"2026-01-28T02:00:00","type":1,"quantity":1,"onhand":4,"maximum":2,"operation":"blend TAB-B"},{"index":15,"date":"2026-01-28T02:00:00","type":1,"quantity":-1,"onhand":3,"maximum":2,"operation":"blend TAB-B"},{"index":16,"date":"2026-01-28T03:00:00","type":5,"quantity":0,"onhand":3,"maximum":2,"operation":"blend CAP-C"},{"index":17,"date":"2026-01-28T09:00:00","type":1,"quantity":-1,"onhand":2,"maximum":2,"operation":"blend TAB-B"},{"index":18,"date":"2026-01-28T21:00:00","type":5,"quantity":0,"onhand":2,"maximum":2,"operation":"blend CAP-C"},{"index":19,"date":"2026-01-28T21:00:00","type":1,"quantity":1,"onhand":3,"maximum":2,"operation":"blend CAP-C"},{"index":20,"date":"2026-01-28T21:00:00","type":1,"quantity":-1,"onhand":2,"maximum":2,"operation":"blend CAP-C"},{"index":21,"date":"2026-01-29T02:00:00","type":5,"quantity":0,"onhand":2,"maximum":2,"operation":"blend CAP-C"},{"index":22,"date":"2026-01-29T02:00:00","type":1,"quantity":1,"onhand":3,"maximum":2,"operation":"blend CAP-C"}]}
[resource] candidate {"demand":null,"iteration":23,"boundary":"2026-01-27T15:00:00","start":"2026-01-26T09:00:00","end":"2026-01-27T15:00:00","feasible":false}
[resource] overload {"demand":null,"operation":"blend CAP-C","loadPlanIndex":14,"overloadIndex":13,"events":[{"index":5,"date":"2026-01-26T09:00:00","type":5,"quantity":0,"onhand":2,"maximum":2,"operation":"blend TAB-B"},{"index":6,"date":"2026-01-26T09:00:00","type":1,"quantity":1,"onhand":3,"maximum":2,"operation":"blend CAP-C"},{"index":7,"date":"2026-01-26T18:00:00","type":1,"quantity":1,"onhand":4,"maximum":2,"operation":"blend TAB-B"},{"index":8,"date":"2026-01-26T18:00:00","type":1,"quantity":-1,"onhand":3,"maximum":2,"operation":"blend CAP-C"},{"index":9,"date":"2026-01-26T21:00:00","type":5,"quantity":0,"onhand":3,"maximum":2,"operation":"blend CAP-C"},{"index":10,"date":"2026-01-27T02:00:00","type":5,"quantity":0,"onhand":3,"maximum":2,"operation":"blend TAB-B"},{"index":11,"date":"2026-01-27T09:00:00","type":5,"quantity":0,"onhand":3,"maximum":2,"operation":"blend TAB-B"},{"index":12,"date":"2026-01-27T09:00:00","type":1,"quantity":1,"onhand":4,"maximum":2,"operation":"blend TAB-B"},{"index":13,"date":"2026-01-27T09:00:00","type":1,"quantity":-1,"onhand":3,"maximum":2,"operation":"blend TAB-B"},{"index":14,"date":"2026-01-27T15:00:00","type":1,"quantity":-1,"onhand":2,"maximum":2,"operation":"blend CAP-C"},{"index":15,"date":"2026-01-28T02:00:00","type":5,"quantity":0,"onhand":2,"maximum":2,"operation":"blend TAB-B"},{"index":16,"date":"2026-01-28T02:00:00","type":1,"quantity":1,"onhand":3,"maximum":2,"operation":"blend TAB-B"}]}
[resource] candidate {"demand":null,"iteration":24,"boundary":"2026-01-26T09:00:00","start":"2026-01-25T12:00:00","end":"2026-01-26T09:00:00","feasible":false}
[resource] overload {"demand":null,"operation":"blend CAP-C","loadPlanIndex":8,"overloadIndex":6,"events":[{"index":0,"date":"1971-01-01T00:00:00","type":5,"quantity":0,"onhand":0,"maximum":2,"operation":""},{"index":1,"date":"1971-01-01T00:00:00","type":4,"quantity":0,"onhand":2,"maximum":2,"operation":""},{"index":2,"date":"2026-01-25T12:00:00","type":1,"quantity":1,"onhand":1,"maximum":2,"operation":"blend CAP-C"},{"index":3,"date":"2026-01-25T15:00:00","type":5,"quantity":0,"onhand":1,"maximum":2,"operation":"blend CAP-C"},{"index":4,"date":"2026-01-26T00:00:00","type":5,"quantity":0,"onhand":1,"maximum":2,"operation":"blend CAP-C"},{"index":5,"date":"2026-01-26T00:00:00","type":1,"quantity":1,"onhand":2,"maximum":2,"operation":"blend CAP-C"},{"index":6,"date":"2026-01-26T01:00:00","type":1,"quantity":1,"onhand":3,"maximum":2,"operation":"blend TAB-B"},{"index":7,"date":"2026-01-26T09:00:00","type":5,"quantity":0,"onhand":3,"maximum":2,"operation":"blend TAB-B"},{"index":8,"date":"2026-01-26T09:00:00","type":1,"quantity":-1,"onhand":2,"maximum":2,"operation":"blend CAP-C"},{"index":9,"date":"2026-01-26T18:00:00","type":1,"quantity":-1,"onhand":1,"maximum":2,"operation":"blend CAP-C"},{"index":10,"date":"2026-01-27T02:00:00","type":5,"quantity":0,"onhand":1,"maximum":2,"operation":"blend TAB-B"}]}
[resource] candidate {"demand":null,"iteration":25,"boundary":"2026-01-26T01:00:00","start":"2026-01-25T04:00:00","end":"2026-01-26T01:00:00","feasible":false}
[resource] candidate {"demand":null,"iteration":26,"boundary":"2026-01-25T04:00:00","start":"2026-01-25T04:00:00","end":"2026-01-26T01:00:00","feasible":true}
[buffer] ask {"demand":null,"buffer":"active C","requested":5,"date":"2026-01-25T07:00:00","onhand":90}
[buffer] answer {"demand":null,"buffer":"active C","requested":5,"remainingShortage":0,"quantity":5,"date":"2026-01-25T07:00:00","plan":null}
[buffer] ask {"demand":null,"buffer":"excipient","requested":10,"date":"2026-01-25T07:00:00","onhand":420}
[buffer] answer {"demand":null,"buffer":"excipient","requested":10,"remainingShortage":0,"quantity":10,"date":"2026-01-25T07:00:00","plan":null}
[operation] answer {"demand":null,"operation":"blend CAP-C","quantity":5,"start":"2026-01-25T04:00:00","end":"2026-01-26T01:00:00"}
[operation] routing-answer {"demand":null,"operation":"batch CAP-C","quantity":5,"start":"2026-01-25T04:00:00","end":"2026-02-14T00:00:00"}
[buffer] replenish {"buffer":"capsule C","iteration":0,"requested":5,"replenished":5,"producerDate":"2026-02-14T00:00:00","eventCountBefore":21,"eventCountAfter":22,"remaining":0}
[buffer] answer {"demand":null,"buffer":"capsule C","requested":5,"remainingShortage":0,"quantity":5,"date":"2026-02-14T00:00:00","plan":"OperationPlan"}
[operation] answer {"demand":"medicine demand 027 CAP-C","operation":"release CAP-C","quantity":5,"start":"2026-02-14T00:00:00","end":"2026-02-14T06:00:00"}
[demand] reply {"demand":"medicine demand 027 CAP-C","attempt":1,"result":true,"quantity":5,"date":"2026-02-14T06:00:00"}
[demand] attempt {"demand":"medicine demand 036 CAP-C","attempt":1,"quantity":2,"requestDate":"2026-02-18T18:00:00","lastDate":"2030-12-31T00:00:00"}
[operation] ask {"demand":"medicine demand 036 CAP-C","operation":"release CAP-C","quantity":2,"end":"2026-02-18T18:00:00"}
[feasible] {"operation":"release CAP-C","start":"2026-02-18T12:00:00","end":"2026-02-18T18:00:00","reason":"final-material"}
[buffer] ask {"demand":null,"buffer":"capsule C","requested":2,"date":"2026-02-18T12:00:00","onhand":5}
[buffer] shortage {"buffer":"capsule C","iteration":0,"date":"2026-02-18T12:00:00","onhand":-2,"shortage":2}
[operation] routing-ask {"demand":null,"operation":"batch CAP-C","quantity":2,"operationPlanQuantity":2,"end":"2026-02-18T12:00:00","steps":["blend CAP-C","form CAP-C","inspect CAP-C"]}
[operation] ask {"demand":null,"operation":"inspect CAP-C","quantity":2,"end":"2026-02-18T12:00:00"}
[resource] ask {"demand":null,"operation":"inspect CAP-C","resource":"qa pharmacist 1","start":"2026-02-17T18:00:00","end":"2026-02-18T12:00:00"}
[resource] candidate {"demand":null,"start":"2026-02-17T18:00:00","end":"2026-02-18T12:00:00","feasible":true}
[resource] ask {"demand":null,"operation":"inspect CAP-C","resource":"qa pharmacist 2","start":"2026-02-17T17:03:09","end":"2026-02-18T12:00:00"}
[resource] candidate {"demand":null,"start":"2026-02-17T17:03:09","end":"2026-02-18T12:00:00","feasible":true}
[resource] ask {"demand":null,"operation":"inspect CAP-C","resource":"qa pharmacist 1","start":"2026-02-17T18:00:00","end":"2026-02-18T12:00:00"}
[resource] candidate {"demand":null,"start":"2026-02-17T18:00:00","end":"2026-02-18T12:00:00","feasible":true}
[operation] answer {"demand":null,"operation":"inspect CAP-C","quantity":2,"start":"2026-02-17T18:00:00","end":"2026-02-18T12:00:00"}
[operation] ask {"demand":null,"operation":"form CAP-C","quantity":2,"end":"2026-02-17T18:00:00"}
[resource] ask {"demand":null,"operation":"form CAP-C","resource":"forming line A","start":"2026-02-16T21:00:00","end":"2026-02-17T18:00:00"}
[resource] candidate {"demand":null,"start":"2026-02-16T21:00:00","end":"2026-02-17T18:00:00","feasible":true}
[buffer] ask {"demand":null,"buffer":"primary packaging","requested":2,"date":"2026-02-17T02:00:00","onhand":150}
[buffer] answer {"demand":null,"buffer":"primary packaging","requested":2,"remainingShortage":0,"quantity":2,"date":"2026-02-17T02:00:00","plan":null}
[operation] answer {"demand":null,"operation":"form CAP-C","quantity":2,"start":"2026-02-16T21:00:00","end":"2026-02-17T18:00:00"}
[operation] ask {"demand":null,"operation":"blend CAP-C","quantity":2,"end":"2026-02-16T21:00:00"}
[resource] ask {"demand":null,"operation":"blend CAP-C","resource":"blender","start":"2026-02-16T03:00:00","end":"2026-02-16T21:00:00"}
[resource] candidate {"demand":null,"start":"2026-02-16T03:00:00","end":"2026-02-16T21:00:00","feasible":true}
[buffer] ask {"demand":null,"buffer":"active C","requested":2,"date":"2026-02-16T03:00:00","onhand":50}
[buffer] answer {"demand":null,"buffer":"active C","requested":2,"remainingShortage":0,"quantity":2,"date":"2026-02-16T03:00:00","plan":null}
[buffer] ask {"demand":null,"buffer":"excipient","requested":4,"date":"2026-02-16T03:00:00","onhand":160}
[buffer] answer {"demand":null,"buffer":"excipient","requested":4,"remainingShortage":0,"quantity":4,"date":"2026-02-16T03:00:00","plan":null}
[operation] answer {"demand":null,"operation":"blend CAP-C","quantity":2,"start":"2026-02-16T03:00:00","end":"2026-02-16T21:00:00"}
[operation] routing-answer {"demand":null,"operation":"batch CAP-C","quantity":2,"start":"2026-02-16T03:00:00","end":"2026-02-18T12:00:00"}
[buffer] replenish {"buffer":"capsule C","iteration":0,"requested":2,"replenished":2,"producerDate":"2026-02-18T12:00:00","eventCountBefore":23,"eventCountAfter":24,"remaining":0}
[buffer] answer {"demand":null,"buffer":"capsule C","requested":2,"remainingShortage":0,"quantity":2,"date":"2026-02-18T12:00:00","plan":"OperationPlan"}
[operation] answer {"demand":"medicine demand 036 CAP-C","operation":"release CAP-C","quantity":2,"start":"2026-02-18T12:00:00","end":"2026-02-18T18:00:00"}
[demand] reply {"demand":"medicine demand 036 CAP-C","attempt":1,"result":true,"quantity":2,"date":"2026-02-18T18:00:00"}
[feasible] {"operation":"blend TAB-A","start":"2026-02-03T10:00:00","end":"2026-02-04T06:00:00","reason":"precedence","siblings":[{"operation":"blend TAB-A","start":"2026-02-03T10:00:00","end":"2026-02-04T06:00:00"},{"operation":"form TAB-A","start":"2026-02-04T01:00:00","end":"2026-02-04T18:00:00"},{"operation":"inspect TAB-A","start":"2026-02-04T18:00:00","end":"2026-02-05T12:00:00"}]}
[feasible] {"operation":"batch TAB-A","start":"2026-02-03T10:00:00","end":"2026-02-05T12:00:00","reason":"child"}
[feasible] {"operation":"blend TAB-A","start":"2026-02-03T10:00:00","end":"2026-02-04T06:00:00","reason":"precedence","siblings":[{"operation":"blend TAB-A","start":"2026-02-03T10:00:00","end":"2026-02-04T06:00:00"},{"operation":"form TAB-A","start":"2026-02-04T01:00:00","end":"2026-02-04T18:00:00"},{"operation":"inspect TAB-A","start":"2026-02-04T18:00:00","end":"2026-02-05T12:00:00"}]}
[feasible] {"operation":"blend TAB-A","start":"2026-02-07T22:00:00","end":"2026-02-08T18:00:00","reason":"precedence","siblings":[{"operation":"blend TAB-A","start":"2026-02-07T22:00:00","end":"2026-02-08T18:00:00"},{"operation":"form TAB-A","start":"2026-02-08T13:00:00","end":"2026-02-09T06:00:00"},{"operation":"inspect TAB-A","start":"2026-02-09T06:00:00","end":"2026-02-10T00:00:00"}]}
[feasible] {"operation":"batch TAB-A","start":"2026-02-07T22:00:00","end":"2026-02-10T00:00:00","reason":"child"}
[feasible] {"operation":"blend TAB-A","start":"2026-02-07T22:00:00","end":"2026-02-08T18:00:00","reason":"precedence","siblings":[{"operation":"blend TAB-A","start":"2026-02-07T22:00:00","end":"2026-02-08T18:00:00"},{"operation":"form TAB-A","start":"2026-02-08T13:00:00","end":"2026-02-09T06:00:00"},{"operation":"inspect TAB-A","start":"2026-02-09T06:00:00","end":"2026-02-10T00:00:00"}]}
[feasible] {"operation":"blend TAB-A","start":"2026-02-12T10:00:00","end":"2026-02-13T06:00:00","reason":"precedence","siblings":[{"operation":"blend TAB-A","start":"2026-02-12T10:00:00","end":"2026-02-13T06:00:00"},{"operation":"form TAB-A","start":"2026-02-13T01:00:00","end":"2026-02-13T18:00:00"},{"operation":"inspect TAB-A","start":"2026-02-13T18:00:00","end":"2026-02-14T12:00:00"}]}
[feasible] {"operation":"batch TAB-A","start":"2026-02-12T10:00:00","end":"2026-02-14T12:00:00","reason":"child"}
[feasible] {"operation":"blend TAB-A","start":"2026-02-12T10:00:00","end":"2026-02-13T06:00:00","reason":"precedence","siblings":[{"operation":"blend TAB-A","start":"2026-02-12T10:00:00","end":"2026-02-13T06:00:00"},{"operation":"form TAB-A","start":"2026-02-13T01:00:00","end":"2026-02-13T18:00:00"},{"operation":"inspect TAB-A","start":"2026-02-13T18:00:00","end":"2026-02-14T12:00:00"}]}
