[demand] attempt {"demand":"order 1","attempt":1,"quantity":10,"requestDate":"2009-01-20T00:00:00","lastDate":"2014-01-19T00:00:00"}
[operation] ask {"demand":"order 1","operation":"delivery end item","quantity":10,"end":"2009-01-20T00:00:00"}
[buffer] ask {"demand":null,"buffer":"end item","requested":10,"date":"2009-01-19T00:00:00","onhand":0}
[operation] ask {"demand":null,"operation":"make end item","quantity":10,"end":"2009-01-19T00:00:00"}
[resource] ask {"demand":null,"operation":"make end item","resource":"Resource","start":"2009-01-18T00:00:00","end":"2009-01-19T00:00:00"}
[resource] candidate {"demand":null,"start":"2009-01-18T00:00:00","end":"2009-01-19T00:00:00","feasible":true}
[operation] answer {"demand":null,"operation":"make end item","quantity":10,"start":"2009-01-18T00:00:00","end":"2009-01-19T00:00:00"}
[buffer] answer {"demand":null,"buffer":"end item","requested":10,"available":0,"shortage":10,"replenished":10,"quantity":10,"date":"2009-01-19T00:00:00","plan":"OperationPlan"}
[operation] answer {"demand":"order 1","operation":"delivery end item","quantity":10,"start":"2009-01-19T00:00:00","end":"2009-01-20T00:00:00"}
[demand] reply {"demand":"order 1","attempt":1,"result":true,"quantity":10,"date":"2009-01-20T00:00:00"}
[demand] attempt {"demand":"order 2","attempt":1,"quantity":10,"requestDate":"2009-01-20T00:00:00","lastDate":"2014-01-19T00:00:00"}
[operation] ask {"demand":"order 2","operation":"delivery end item","quantity":10,"end":"2009-01-20T00:00:00"}
[buffer] ask {"demand":null,"buffer":"end item","requested":10,"date":"2009-01-19T00:00:00","onhand":0}
[operation] ask {"demand":null,"operation":"make end item","quantity":10,"end":"2009-01-19T00:00:00"}
[resource] ask {"demand":null,"operation":"make end item","resource":"Resource","start":"2009-01-18T00:00:00","end":"2009-01-19T00:00:00"}
[resource] candidate {"demand":null,"start":"2009-01-18T00:00:00","end":"2009-01-19T00:00:00","feasible":false}
[resource] candidate {"demand":null,"iteration":1,"start":"2009-01-17T23:00:00","end":"2009-01-18T23:00:00","feasible":false}
[resource] candidate {"demand":null,"iteration":2,"start":"2009-01-17T22:00:00","end":"2009-01-18T22:00:00","feasible":false}
[resource] candidate {"demand":null,"iteration":3,"start":"2009-01-17T21:00:00","end":"2009-01-18T21:00:00","feasible":false}
[resource] candidate {"demand":null,"iteration":4,"start":"2009-01-17T20:00:00","end":"2009-01-18T20:00:00","feasible":false}
[resource] candidate {"demand":null,"iteration":5,"start":"2009-01-17T19:00:00","end":"2009-01-18T19:00:00","feasible":false}
[resource] candidate {"demand":null,"iteration":6,"start":"2009-01-17T18:00:00","end":"2009-01-18T18:00:00","feasible":false}
[resource] candidate {"demand":null,"iteration":7,"start":"2009-01-17T17:00:00","end":"2009-01-18T17:00:00","feasible":false}
[resource] candidate {"demand":null,"iteration":8,"start":"2009-01-17T16:00:00","end":"2009-01-18T16:00:00","feasible":false}
[resource] candidate {"demand":null,"iteration":9,"start":"2009-01-17T15:00:00","end":"2009-01-18T15:00:00","feasible":false}
[resource] candidate {"demand":null,"iteration":10,"start":"2009-01-17T14:00:00","end":"2009-01-18T14:00:00","feasible":false}
[resource] candidate {"demand":null,"iteration":11,"start":"2009-01-17T13:00:00","end":"2009-01-18T13:00:00","feasible":false}
[resource] candidate {"demand":null,"iteration":12,"start":"2009-01-17T12:00:00","end":"2009-01-18T12:00:00","feasible":false}
[resource] candidate {"demand":null,"iteration":13,"start":"2009-01-17T11:00:00","end":"2009-01-18T11:00:00","feasible":false}
[resource] candidate {"demand":null,"iteration":14,"start":"2009-01-17T10:00:00","end":"2009-01-18T10:00:00","feasible":false}
[resource] candidate {"demand":null,"iteration":15,"start":"2009-01-17T09:00:00","end":"2009-01-18T09:00:00","feasible":false}
[resource] candidate {"demand":null,"iteration":16,"start":"2009-01-17T08:00:00","end":"2009-01-18T08:00:00","feasible":false}
[resource] candidate {"demand":null,"iteration":17,"start":"2009-01-17T07:00:00","end":"2009-01-18T07:00:00","feasible":false}
[resource] candidate {"demand":null,"iteration":18,"start":"2009-01-17T06:00:00","end":"2009-01-18T06:00:00","feasible":false}
[resource] candidate {"demand":null,"iteration":19,"start":"2009-01-17T05:00:00","end":"2009-01-18T05:00:00","feasible":false}
[resource] candidate {"demand":null,"iteration":20,"start":"2009-01-17T04:00:00","end":"2009-01-18T04:00:00","feasible":false}
[resource] candidate {"demand":null,"iteration":21,"start":"2009-01-17T03:00:00","end":"2009-01-18T03:00:00","feasible":false}
[resource] candidate {"demand":null,"iteration":22,"start":"2009-01-17T02:00:00","end":"2009-01-18T02:00:00","feasible":false}
[resource] candidate {"demand":null,"iteration":23,"start":"2009-01-17T01:00:00","end":"2009-01-18T01:00:00","feasible":false}
[resource] candidate {"demand":null,"iteration":24,"start":"2009-01-17T00:00:00","end":"2009-01-18T00:00:00","feasible":true}
[operation] answer {"demand":null,"operation":"make end item","quantity":10,"start":"2009-01-17T00:00:00","end":"2009-01-18T00:00:00"}
[buffer] answer {"demand":null,"buffer":"end item","requested":10,"available":0,"shortage":10,"replenished":10,"quantity":10,"date":"2009-01-19T00:00:00","plan":"OperationPlan"}
[operation] answer {"demand":"order 2","operation":"delivery end item","quantity":10,"start":"2009-01-19T00:00:00","end":"2009-01-20T00:00:00"}
[demand] reply {"demand":"order 2","attempt":1,"result":true,"quantity":10,"date":"2009-01-20T00:00:00"}
[demand] attempt {"demand":"order 3","attempt":1,"quantity":10,"requestDate":"2009-01-17T12:00:00","lastDate":"2014-01-16T12:00:00"}
[operation] ask {"demand":"order 3","operation":"delivery end item","quantity":10,"end":"2009-01-17T12:00:00"}
[buffer] ask {"demand":null,"buffer":"end item","requested":10,"date":"2009-01-16T12:00:00","onhand":0}
[operation] ask {"demand":null,"operation":"make end item","quantity":10,"end":"2009-01-16T12:00:00"}
[resource] ask {"demand":null,"operation":"make end item","resource":"Resource","start":"2009-01-15T12:00:00","end":"2009-01-16T12:00:00"}
[resource] candidate {"demand":null,"start":"2009-01-15T12:00:00","end":"2009-01-16T12:00:00","feasible":true}
[operation] answer {"demand":null,"operation":"make end item","quantity":10,"start":"2009-01-15T12:00:00","end":"2009-01-16T12:00:00"}
[buffer] answer {"demand":null,"buffer":"end item","requested":10,"available":0,"shortage":10,"replenished":10,"quantity":10,"date":"2009-01-16T12:00:00","plan":"OperationPlan"}
[operation] answer {"demand":"order 3","operation":"delivery end item","quantity":10,"start":"2009-01-16T12:00:00","end":"2009-01-17T12:00:00"}
[demand] reply {"demand":"order 3","attempt":1,"result":true,"quantity":10,"date":"2009-01-17T12:00:00"}
[demand] attempt {"demand":"order 4","attempt":1,"quantity":10,"requestDate":"2009-01-20T00:00:00","lastDate":"2014-01-19T00:00:00"}
[operation] ask {"demand":"order 4","operation":"delivery end item","quantity":10,"end":"2009-01-20T00:00:00"}
[buffer] ask {"demand":null,"buffer":"end item","requested":10,"date":"2009-01-19T00:00:00","onhand":10}
[demand] reply {"demand":"order 4","attempt":1,"result":false,"quantity":0,"date":"2009-01-21T00:00:00"}
[demand] attempt {"demand":"order 4","attempt":2,"quantity":10,"requestDate":"2009-01-21T00:00:00","lastDate":"2014-01-19T00:00:00"}
[operation] ask {"demand":"order 4","operation":"delivery end item","quantity":10,"end":"2009-01-21T00:00:00"}
[buffer] ask {"demand":null,"buffer":"end item","requested":10,"date":"2009-01-20T00:00:00","onhand":0}
[operation] ask {"demand":null,"operation":"make end item","quantity":10,"end":"2009-01-20T00:00:00"}
[resource] ask {"demand":null,"operation":"make end item","resource":"Resource","start":"2009-01-19T00:00:00","end":"2009-01-20T00:00:00"}
[resource] candidate {"demand":null,"start":"2009-01-19T00:00:00","end":"2009-01-20T00:00:00","feasible":true}
[operation] answer {"demand":null,"operation":"make end item","quantity":10,"start":"2009-01-19T00:00:00","end":"2009-01-20T00:00:00"}
[buffer] answer {"demand":null,"buffer":"end item","requested":10,"available":0,"shortage":10,"replenished":10,"quantity":10,"date":"2009-01-20T00:00:00","plan":"OperationPlan"}
[operation] answer {"demand":"order 4","operation":"delivery end item","quantity":10,"start":"2009-01-20T00:00:00","end":"2009-01-21T00:00:00"}
[demand] reply {"demand":"order 4","attempt":2,"result":true,"quantity":10,"date":"2009-01-21T00:00:00"}
[demand] attempt {"demand":"order 5","attempt":1,"quantity":10,"requestDate":"2009-01-20T00:00:00","lastDate":"2014-01-19T00:00:00"}
[operation] ask {"demand":"order 5","operation":"delivery end item","quantity":10,"end":"2009-01-20T00:00:00"}
[buffer] ask {"demand":null,"buffer":"end item","requested":10,"date":"2009-01-19T00:00:00","onhand":10}
[demand] reply {"demand":"order 5","attempt":1,"result":false,"quantity":0,"date":"2009-01-21T00:00:00"}
[demand] attempt {"demand":"order 5","attempt":2,"quantity":10,"requestDate":"2009-01-21T00:00:00","lastDate":"2014-01-19T00:00:00"}
[operation] ask {"demand":"order 5","operation":"delivery end item","quantity":10,"end":"2009-01-21T00:00:00"}
[buffer] ask {"demand":null,"buffer":"end item","requested":10,"date":"2009-01-20T00:00:00","onhand":0}
[operation] ask {"demand":null,"operation":"make end item","quantity":10,"end":"2009-01-20T00:00:00"}
[resource] ask {"demand":null,"operation":"make end item","resource":"Resource","start":"2009-01-19T00:00:00","end":"2009-01-20T00:00:00"}
[resource] candidate {"demand":null,"start":"2009-01-19T00:00:00","end":"2009-01-20T00:00:00","feasible":false}
[resource] candidate {"demand":null,"iteration":1,"start":"2009-01-18T23:00:00","end":"2009-01-19T23:00:00","feasible":false}
[resource] candidate {"demand":null,"iteration":2,"start":"2009-01-18T22:00:00","end":"2009-01-19T22:00:00","feasible":false}
[resource] candidate {"demand":null,"iteration":3,"start":"2009-01-18T21:00:00","end":"2009-01-19T21:00:00","feasible":false}
[resource] candidate {"demand":null,"iteration":4,"start":"2009-01-18T20:00:00","end":"2009-01-19T20:00:00","feasible":false}
[resource] candidate {"demand":null,"iteration":5,"start":"2009-01-18T19:00:00","end":"2009-01-19T19:00:00","feasible":false}
[resource] candidate {"demand":null,"iteration":6,"start":"2009-01-18T18:00:00","end":"2009-01-19T18:00:00","feasible":false}
[resource] candidate {"demand":null,"iteration":7,"start":"2009-01-18T17:00:00","end":"2009-01-19T17:00:00","feasible":false}
[resource] candidate {"demand":null,"iteration":8,"start":"2009-01-18T16:00:00","end":"2009-01-19T16:00:00","feasible":false}
[resource] candidate {"demand":null,"iteration":9,"start":"2009-01-18T15:00:00","end":"2009-01-19T15:00:00","feasible":false}
[resource] candidate {"demand":null,"iteration":10,"start":"2009-01-18T14:00:00","end":"2009-01-19T14:00:00","feasible":false}
[resource] candidate {"demand":null,"iteration":11,"start":"2009-01-18T13:00:00","end":"2009-01-19T13:00:00","feasible":false}
[resource] candidate {"demand":null,"iteration":12,"start":"2009-01-18T12:00:00","end":"2009-01-19T12:00:00","feasible":false}
[resource] candidate {"demand":null,"iteration":13,"start":"2009-01-18T11:00:00","end":"2009-01-19T11:00:00","feasible":false}
[resource] candidate {"demand":null,"iteration":14,"start":"2009-01-18T10:00:00","end":"2009-01-19T10:00:00","feasible":false}
[resource] candidate {"demand":null,"iteration":15,"start":"2009-01-18T09:00:00","end":"2009-01-19T09:00:00","feasible":false}
[resource] candidate {"demand":null,"iteration":16,"start":"2009-01-18T08:00:00","end":"2009-01-19T08:00:00","feasible":false}
[resource] candidate {"demand":null,"iteration":17,"start":"2009-01-18T07:00:00","end":"2009-01-19T07:00:00","feasible":false}
[resource] candidate {"demand":null,"iteration":18,"start":"2009-01-18T06:00:00","end":"2009-01-19T06:00:00","feasible":false}
[resource] candidate {"demand":null,"iteration":19,"start":"2009-01-18T05:00:00","end":"2009-01-19T05:00:00","feasible":false}
[resource] candidate {"demand":null,"iteration":20,"start":"2009-01-18T04:00:00","end":"2009-01-19T04:00:00","feasible":false}
[resource] candidate {"demand":null,"iteration":21,"start":"2009-01-18T03:00:00","end":"2009-01-19T03:00:00","feasible":false}
[resource] candidate {"demand":null,"iteration":22,"start":"2009-01-18T02:00:00","end":"2009-01-19T02:00:00","feasible":false}
[resource] candidate {"demand":null,"iteration":23,"start":"2009-01-18T01:00:00","end":"2009-01-19T01:00:00","feasible":false}
[resource] candidate {"demand":null,"iteration":24,"start":"2009-01-18T00:00:00","end":"2009-01-19T00:00:00","feasible":false}
[resource] candidate {"demand":null,"iteration":25,"start":"2009-01-17T23:00:00","end":"2009-01-18T23:00:00","feasible":false}
[resource] candidate {"demand":null,"iteration":26,"start":"2009-01-17T22:00:00","end":"2009-01-18T22:00:00","feasible":false}
[resource] candidate {"demand":null,"iteration":27,"start":"2009-01-17T21:00:00","end":"2009-01-18T21:00:00","feasible":false}
[resource] candidate {"demand":null,"iteration":28,"start":"2009-01-17T20:00:00","end":"2009-01-18T20:00:00","feasible":false}
[resource] candidate {"demand":null,"iteration":29,"start":"2009-01-17T19:00:00","end":"2009-01-18T19:00:00","feasible":false}
[resource] candidate {"demand":null,"iteration":30,"start":"2009-01-17T18:00:00","end":"2009-01-18T18:00:00","feasible":false}
[resource] candidate {"demand":null,"iteration":31,"start":"2009-01-17T17:00:00","end":"2009-01-18T17:00:00","feasible":false}
[resource] candidate {"demand":null,"iteration":32,"start":"2009-01-17T16:00:00","end":"2009-01-18T16:00:00","feasible":false}
[resource] candidate {"demand":null,"iteration":33,"start":"2009-01-17T15:00:00","end":"2009-01-18T15:00:00","feasible":false}
[resource] candidate {"demand":null,"iteration":34,"start":"2009-01-17T14:00:00","end":"2009-01-18T14:00:00","feasible":false}
[resource] candidate {"demand":null,"iteration":35,"start":"2009-01-17T13:00:00","end":"2009-01-18T13:00:00","feasible":false}
[resource] candidate {"demand":null,"iteration":36,"start":"2009-01-17T12:00:00","end":"2009-01-18T12:00:00","feasible":false}
[resource] candidate {"demand":null,"iteration":37,"start":"2009-01-17T11:00:00","end":"2009-01-18T11:00:00","feasible":false}
[resource] candidate {"demand":null,"iteration":38,"start":"2009-01-17T10:00:00","end":"2009-01-18T10:00:00","feasible":false}
[resource] candidate {"demand":null,"iteration":39,"start":"2009-01-17T09:00:00","end":"2009-01-18T09:00:00","feasible":false}
[resource] candidate {"demand":null,"iteration":40,"start":"2009-01-17T08:00:00","end":"2009-01-18T08:00:00","feasible":false}
[resource] candidate {"demand":null,"iteration":41,"start":"2009-01-17T07:00:00","end":"2009-01-18T07:00:00","feasible":false}
[resource] candidate {"demand":null,"iteration":42,"start":"2009-01-17T06:00:00","end":"2009-01-18T06:00:00","feasible":false}
[resource] candidate {"demand":null,"iteration":43,"start":"2009-01-17T05:00:00","end":"2009-01-18T05:00:00","feasible":false}
[resource] candidate {"demand":null,"iteration":44,"start":"2009-01-17T04:00:00","end":"2009-01-18T04:00:00","feasible":false}
[resource] candidate {"demand":null,"iteration":45,"start":"2009-01-17T03:00:00","end":"2009-01-18T03:00:00","feasible":false}
[resource] candidate {"demand":null,"iteration":46,"start":"2009-01-17T02:00:00","end":"2009-01-18T02:00:00","feasible":false}
[resource] candidate {"demand":null,"iteration":47,"start":"2009-01-17T01:00:00","end":"2009-01-18T01:00:00","feasible":false}
[resource] candidate {"demand":null,"iteration":48,"start":"2009-01-17T00:00:00","end":"2009-01-18T00:00:00","feasible":false}
[resource] candidate {"demand":null,"iteration":49,"start":"2009-01-16T23:00:00","end":"2009-01-17T23:00:00","feasible":false}
[resource] candidate {"demand":null,"iteration":50,"start":"2009-01-16T22:00:00","end":"2009-01-17T22:00:00","feasible":false}
[resource] candidate {"demand":null,"iteration":51,"start":"2009-01-16T21:00:00","end":"2009-01-17T21:00:00","feasible":false}
[resource] candidate {"demand":null,"iteration":52,"start":"2009-01-16T20:00:00","end":"2009-01-17T20:00:00","feasible":false}
[resource] candidate {"demand":null,"iteration":53,"start":"2009-01-16T19:00:00","end":"2009-01-17T19:00:00","feasible":false}
[resource] candidate {"demand":null,"iteration":54,"start":"2009-01-16T18:00:00","end":"2009-01-17T18:00:00","feasible":false}
[resource] candidate {"demand":null,"iteration":55,"start":"2009-01-16T17:00:00","end":"2009-01-17T17:00:00","feasible":false}
[resource] candidate {"demand":null,"iteration":56,"start":"2009-01-16T16:00:00","end":"2009-01-17T16:00:00","feasible":false}
[resource] candidate {"demand":null,"iteration":57,"start":"2009-01-16T15:00:00","end":"2009-01-17T15:00:00","feasible":false}
[resource] candidate {"demand":null,"iteration":58,"start":"2009-01-16T14:00:00","end":"2009-01-17T14:00:00","feasible":false}
[resource] candidate {"demand":null,"iteration":59,"start":"2009-01-16T13:00:00","end":"2009-01-17T13:00:00","feasible":false}
[resource] candidate {"demand":null,"iteration":60,"start":"2009-01-16T12:00:00","end":"2009-01-17T12:00:00","feasible":false}
[resource] candidate {"demand":null,"iteration":61,"start":"2009-01-16T11:00:00","end":"2009-01-17T11:00:00","feasible":false}
[resource] candidate {"demand":null,"iteration":62,"start":"2009-01-16T10:00:00","end":"2009-01-17T10:00:00","feasible":false}
[resource] candidate {"demand":null,"iteration":63,"start":"2009-01-16T09:00:00","end":"2009-01-17T09:00:00","feasible":false}
[resource] candidate {"demand":null,"iteration":64,"start":"2009-01-16T08:00:00","end":"2009-01-17T08:00:00","feasible":false}
[resource] candidate {"demand":null,"iteration":65,"start":"2009-01-16T07:00:00","end":"2009-01-17T07:00:00","feasible":false}
[resource] candidate {"demand":null,"iteration":66,"start":"2009-01-16T06:00:00","end":"2009-01-17T06:00:00","feasible":false}
[resource] candidate {"demand":null,"iteration":67,"start":"2009-01-16T05:00:00","end":"2009-01-17T05:00:00","feasible":false}
[resource] candidate {"demand":null,"iteration":68,"start":"2009-01-16T04:00:00","end":"2009-01-17T04:00:00","feasible":false}
[resource] candidate {"demand":null,"iteration":69,"start":"2009-01-16T03:00:00","end":"2009-01-17T03:00:00","feasible":false}
[resource] candidate {"demand":null,"iteration":70,"start":"2009-01-16T02:00:00","end":"2009-01-17T02:00:00","feasible":false}
[resource] candidate {"demand":null,"iteration":71,"start":"2009-01-16T01:00:00","end":"2009-01-17T01:00:00","feasible":false}
[resource] candidate {"demand":null,"iteration":72,"start":"2009-01-16T00:00:00","end":"2009-01-17T00:00:00","feasible":false}
[resource] candidate {"demand":null,"iteration":73,"start":"2009-01-15T23:00:00","end":"2009-01-16T23:00:00","feasible":false}
[resource] candidate {"demand":null,"iteration":74,"start":"2009-01-15T22:00:00","end":"2009-01-16T22:00:00","feasible":false}
[resource] candidate {"demand":null,"iteration":75,"start":"2009-01-15T21:00:00","end":"2009-01-16T21:00:00","feasible":false}
[resource] candidate {"demand":null,"iteration":76,"start":"2009-01-15T20:00:00","end":"2009-01-16T20:00:00","feasible":false}
[resource] candidate {"demand":null,"iteration":77,"start":"2009-01-15T19:00:00","end":"2009-01-16T19:00:00","feasible":false}
[resource] candidate {"demand":null,"iteration":78,"start":"2009-01-15T18:00:00","end":"2009-01-16T18:00:00","feasible":false}
[resource] candidate {"demand":null,"iteration":79,"start":"2009-01-15T17:00:00","end":"2009-01-16T17:00:00","feasible":false}
[resource] candidate {"demand":null,"iteration":80,"start":"2009-01-15T16:00:00","end":"2009-01-16T16:00:00","feasible":false}
[resource] candidate {"demand":null,"iteration":81,"start":"2009-01-15T15:00:00","end":"2009-01-16T15:00:00","feasible":false}
[resource] candidate {"demand":null,"iteration":82,"start":"2009-01-15T14:00:00","end":"2009-01-16T14:00:00","feasible":false}
[resource] candidate {"demand":null,"iteration":83,"start":"2009-01-15T13:00:00","end":"2009-01-16T13:00:00","feasible":false}
[resource] candidate {"demand":null,"iteration":84,"start":"2009-01-15T12:00:00","end":"2009-01-16T12:00:00","feasible":false}
[resource] candidate {"demand":null,"iteration":85,"start":"2009-01-15T11:00:00","end":"2009-01-16T11:00:00","feasible":false}
[resource] candidate {"demand":null,"iteration":86,"start":"2009-01-15T10:00:00","end":"2009-01-16T10:00:00","feasible":false}
[resource] candidate {"demand":null,"iteration":87,"start":"2009-01-15T09:00:00","end":"2009-01-16T09:00:00","feasible":false}
[resource] candidate {"demand":null,"iteration":88,"start":"2009-01-15T08:00:00","end":"2009-01-16T08:00:00","feasible":false}
[resource] candidate {"demand":null,"iteration":89,"start":"2009-01-15T07:00:00","end":"2009-01-16T07:00:00","feasible":false}
[resource] candidate {"demand":null,"iteration":90,"start":"2009-01-15T06:00:00","end":"2009-01-16T06:00:00","feasible":false}
[resource] candidate {"demand":null,"iteration":91,"start":"2009-01-15T05:00:00","end":"2009-01-16T05:00:00","feasible":false}
[resource] candidate {"demand":null,"iteration":92,"start":"2009-01-15T04:00:00","end":"2009-01-16T04:00:00","feasible":false}
[resource] candidate {"demand":null,"iteration":93,"start":"2009-01-15T03:00:00","end":"2009-01-16T03:00:00","feasible":false}
[resource] candidate {"demand":null,"iteration":94,"start":"2009-01-15T02:00:00","end":"2009-01-16T02:00:00","feasible":false}
[resource] candidate {"demand":null,"iteration":95,"start":"2009-01-15T01:00:00","end":"2009-01-16T01:00:00","feasible":false}
[resource] candidate {"demand":null,"iteration":96,"start":"2009-01-15T00:00:00","end":"2009-01-16T00:00:00","feasible":false}
[operation] capacity-reject {"demand":null,"operation":"make end item","start":"2009-01-19T00:00:00","end":"2009-01-20T00:00:00","answerQuantity":0,"answerDate":"2030-12-30T19:00:00"}
[buffer] answer {"demand":null,"buffer":"end item","requested":10,"available":0,"shortage":10,"replenished":0,"quantity":0,"date":"2009-01-21T00:00:00","plan":null}
[operation] material-reject {"demand":"order 5","operation":"delivery end item","start":"2009-01-20T00:00:00","end":"2009-01-21T00:00:00","asked":10,"answerQuantity":0,"answerDate":"2009-01-21T00:00:00"}
[demand] reply {"demand":"order 5","attempt":2,"result":false,"quantity":0,"date":"2009-01-22T00:00:00"}
[demand] attempt {"demand":"order 5","attempt":3,"quantity":10,"requestDate":"2009-01-22T00:00:00","lastDate":"2014-01-19T00:00:00"}
[operation] ask {"demand":"order 5","operation":"delivery end item","quantity":10,"end":"2009-01-22T00:00:00"}
[buffer] ask {"demand":null,"buffer":"end item","requested":10,"date":"2009-01-21T00:00:00","onhand":10}
[demand] reply {"demand":"order 5","attempt":3,"result":false,"quantity":0,"date":"2009-01-23T00:00:00"}
[demand] attempt {"demand":"order 5","attempt":4,"quantity":10,"requestDate":"2009-01-23T00:00:00","lastDate":"2014-01-19T00:00:00"}
[operation] ask {"demand":"order 5","operation":"delivery end item","quantity":10,"end":"2009-01-23T00:00:00"}
[buffer] ask {"demand":null,"buffer":"end item","requested":10,"date":"2009-01-22T00:00:00","onhand":10}
[demand] reply {"demand":"order 5","attempt":4,"result":false,"quantity":0,"date":"2009-01-24T00:00:00"}
[demand] attempt {"demand":"order 5","attempt":5,"quantity":10,"requestDate":"2009-01-24T00:00:00","lastDate":"2014-01-19T00:00:00"}
[operation] ask {"demand":"order 5","operation":"delivery end item","quantity":10,"end":"2009-01-24T00:00:00"}
[buffer] ask {"demand":null,"buffer":"end item","requested":10,"date":"2009-01-23T00:00:00","onhand":10}
[demand] reply {"demand":"order 5","attempt":5,"result":false,"quantity":0,"date":"2009-01-25T00:00:00"}
[demand] attempt {"demand":"order 5","attempt":6,"quantity":10,"requestDate":"2009-01-25T00:00:00","lastDate":"2014-01-19T00:00:00"}
[operation] ask {"demand":"order 5","operation":"delivery end item","quantity":10,"end":"2009-01-25T00:00:00"}
[buffer] ask {"demand":null,"buffer":"end item","requested":10,"date":"2009-01-24T00:00:00","onhand":10}
[demand] reply {"demand":"order 5","attempt":6,"result":false,"quantity":0,"date":"2009-01-26T00:00:00"}
[demand] attempt {"demand":"order 5","attempt":7,"quantity":10,"requestDate":"2009-01-26T00:00:00","lastDate":"2014-01-19T00:00:00"}
[operation] ask {"demand":"order 5","operation":"delivery end item","quantity":10,"end":"2009-01-26T00:00:00"}
[buffer] ask {"demand":null,"buffer":"end item","requested":10,"date":"2009-01-25T00:00:00","onhand":10}
[demand] reply {"demand":"order 5","attempt":7,"result":false,"quantity":0,"date":"2009-01-27T00:00:00"}
[demand] attempt {"demand":"order 5","attempt":8,"quantity":10,"requestDate":"2009-01-27T00:00:00","lastDate":"2014-01-19T00:00:00"}
[operation] ask {"demand":"order 5","operation":"delivery end item","quantity":10,"end":"2009-01-27T00:00:00"}
[buffer] ask {"demand":null,"buffer":"end item","requested":10,"date":"2009-01-26T00:00:00","onhand":10}
[demand] reply {"demand":"order 5","attempt":8,"result":false,"quantity":0,"date":"2009-01-28T00:00:00"}
[demand] attempt {"demand":"order 5","attempt":9,"quantity":10,"requestDate":"2009-01-28T00:00:00","lastDate":"2014-01-19T00:00:00"}
[operation] ask {"demand":"order 5","operation":"delivery end item","quantity":10,"end":"2009-01-28T00:00:00"}
[buffer] ask {"demand":null,"buffer":"end item","requested":10,"date":"2009-01-27T00:00:00","onhand":10}
[demand] reply {"demand":"order 5","attempt":9,"result":false,"quantity":0,"date":"2009-01-29T00:00:00"}
[demand] attempt {"demand":"order 5","attempt":10,"quantity":10,"requestDate":"2009-01-29T00:00:00","lastDate":"2014-01-19T00:00:00"}
[operation] ask {"demand":"order 5","operation":"delivery end item","quantity":10,"end":"2009-01-29T00:00:00"}
[buffer] ask {"demand":null,"buffer":"end item","requested":10,"date":"2009-01-28T00:00:00","onhand":10}
[demand] reply {"demand":"order 5","attempt":10,"result":false,"quantity":0,"date":"2009-01-30T00:00:00"}
[demand] attempt {"demand":"order 5","attempt":11,"quantity":10,"requestDate":"2009-01-30T00:00:00","lastDate":"2014-01-19T00:00:00"}
[operation] ask {"demand":"order 5","operation":"delivery end item","quantity":10,"end":"2009-01-30T00:00:00"}
[buffer] ask {"demand":null,"buffer":"end item","requested":10,"date":"2009-01-29T00:00:00","onhand":10}
[demand] reply {"demand":"order 5","attempt":11,"result":false,"quantity":0,"date":"2009-01-31T00:00:00"}
[demand] attempt {"demand":"order 5","attempt":12,"quantity":10,"requestDate":"2009-01-31T00:00:00","lastDate":"2014-01-19T00:00:00"}
[operation] ask {"demand":"order 5","operation":"delivery end item","quantity":10,"end":"2009-01-31T00:00:00"}
[buffer] ask {"demand":null,"buffer":"end item","requested":10,"date":"2009-01-30T00:00:00","onhand":10}
[demand] reply {"demand":"order 5","attempt":12,"result":false,"quantity":0,"date":"2009-02-01T00:00:00"}
[demand] attempt {"demand":"order 5","attempt":13,"quantity":10,"requestDate":"2009-02-01T00:00:00","lastDate":"2014-01-19T00:00:00"}
[operation] ask {"demand":"order 5","operation":"delivery end item","quantity":10,"end":"2009-02-01T00:00:00"}
[buffer] ask {"demand":null,"buffer":"end item","requested":10,"date":"2009-01-31T00:00:00","onhand":10}
[demand] reply {"demand":"order 5","attempt":13,"result":false,"quantity":0,"date":"2009-02-02T00:00:00"}
[demand] attempt {"demand":"order 5","attempt":14,"quantity":10,"requestDate":"2009-02-02T00:00:00","lastDate":"2014-01-19T00:00:00"}
[operation] ask {"demand":"order 5","operation":"delivery end item","quantity":10,"end":"2009-02-02T00:00:00"}
[buffer] ask {"demand":null,"buffer":"end item","requested":10,"date":"2009-02-01T00:00:00","onhand":10}
[demand] reply {"demand":"order 5","attempt":14,"result":false,"quantity":0,"date":"2009-02-03T00:00:00"}
[demand] attempt {"demand":"order 5","attempt":15,"quantity":10,"requestDate":"2009-02-03T00:00:00","lastDate":"2014-01-19T00:00:00"}
[operation] ask {"demand":"order 5","operation":"delivery end item","quantity":10,"end":"2009-02-03T00:00:00"}
[buffer] ask {"demand":null,"buffer":"end item","requested":10,"date":"2009-02-02T00:00:00","onhand":10}
[demand] reply {"demand":"order 5","attempt":15,"result":false,"quantity":0,"date":"2009-02-04T00:00:00"}
[demand] attempt {"demand":"order 5","attempt":16,"quantity":10,"requestDate":"2009-02-04T00:00:00","lastDate":"2014-01-19T00:00:00"}
[operation] ask {"demand":"order 5","operation":"delivery end item","quantity":10,"end":"2009-02-04T00:00:00"}
[buffer] ask {"demand":null,"buffer":"end item","requested":10,"date":"2009-02-03T00:00:00","onhand":10}
[demand] reply {"demand":"order 5","attempt":16,"result":false,"quantity":0,"date":"2009-02-05T00:00:00"}
[demand] attempt {"demand":"order 5","attempt":17,"quantity":10,"requestDate":"2009-02-05T00:00:00","lastDate":"2014-01-19T00:00:00"}
[operation] ask {"demand":"order 5","operation":"delivery end item","quantity":10,"end":"2009-02-05T00:00:00"}
[buffer] ask {"demand":null,"buffer":"end item","requested":10,"date":"2009-02-04T00:00:00","onhand":10}
[demand] reply {"demand":"order 5","attempt":17,"result":false,"quantity":0,"date":"2009-02-06T00:00:00"}
[demand] attempt {"demand":"order 5","attempt":18,"quantity":10,"requestDate":"2009-02-06T00:00:00","lastDate":"2014-01-19T00:00:00"}
[operation] ask {"demand":"order 5","operation":"delivery end item","quantity":10,"end":"2009-02-06T00:00:00"}
[buffer] ask {"demand":null,"buffer":"end item","requested":10,"date":"2009-02-05T00:00:00","onhand":10}
[demand] reply {"demand":"order 5","attempt":18,"result":false,"quantity":0,"date":"2009-02-07T00:00:00"}
[demand] attempt {"demand":"order 5","attempt":19,"quantity":10,"requestDate":"2009-02-07T00:00:00","lastDate":"2014-01-19T00:00:00"}
[operation] ask {"demand":"order 5","operation":"delivery end item","quantity":10,"end":"2009-02-07T00:00:00"}
[buffer] ask {"demand":null,"buffer":"end item","requested":10,"date":"2009-02-06T00:00:00","onhand":10}
[demand] reply {"demand":"order 5","attempt":19,"result":false,"quantity":0,"date":"2009-02-08T00:00:00"}
[demand] attempt {"demand":"order 5","attempt":20,"quantity":10,"requestDate":"2009-02-08T00:00:00","lastDate":"2014-01-19T00:00:00"}
[operation] ask {"demand":"order 5","operation":"delivery end item","quantity":10,"end":"2009-02-08T00:00:00"}
[buffer] ask {"demand":null,"buffer":"end item","requested":10,"date":"2009-02-07T00:00:00","onhand":10}
[demand] reply {"demand":"order 5","attempt":20,"result":false,"quantity":0,"date":"2009-02-09T00:00:00"}
[demand] attempt {"demand":"order 5","attempt":21,"quantity":10,"requestDate":"2009-02-09T00:00:00","lastDate":"2014-01-19T00:00:00"}
[operation] ask {"demand":"order 5","operation":"delivery end item","quantity":10,"end":"2009-02-09T00:00:00"}
[buffer] ask {"demand":null,"buffer":"end item","requested":10,"date":"2009-02-08T00:00:00","onhand":10}
[demand] reply {"demand":"order 5","attempt":21,"result":false,"quantity":0,"date":"2009-02-10T00:00:00"}
[demand] attempt {"demand":"order 5","attempt":22,"quantity":10,"requestDate":"2009-02-10T00:00:00","lastDate":"2014-01-19T00:00:00"}
[operation] ask {"demand":"order 5","operation":"delivery end item","quantity":10,"end":"2009-02-10T00:00:00"}
[buffer] ask {"demand":null,"buffer":"end item","requested":10,"date":"2009-02-09T00:00:00","onhand":10}
[demand] reply {"demand":"order 5","attempt":22,"result":false,"quantity":0,"date":"2009-02-11T00:00:00"}
[demand] attempt {"demand":"order 5","attempt":23,"quantity":10,"requestDate":"2009-02-11T00:00:00","lastDate":"2014-01-19T00:00:00"}
[operation] ask {"demand":"order 5","operation":"delivery end item","quantity":10,"end":"2009-02-11T00:00:00"}
[buffer] ask {"demand":null,"buffer":"end item","requested":10,"date":"2009-02-10T00:00:00","onhand":10}
[demand] reply {"demand":"order 5","attempt":23,"result":false,"quantity":0,"date":"2009-02-12T00:00:00"}
[demand] attempt {"demand":"order 5","attempt":24,"quantity":10,"requestDate":"2009-02-12T00:00:00","lastDate":"2014-01-19T00:00:00"}
[operation] ask {"demand":"order 5","operation":"delivery end item","quantity":10,"end":"2009-02-12T00:00:00"}
[buffer] ask {"demand":null,"buffer":"end item","requested":10,"date":"2009-02-11T00:00:00","onhand":10}
[demand] reply {"demand":"order 5","attempt":24,"result":false,"quantity":0,"date":"2009-02-13T00:00:00"}
[demand] attempt {"demand":"order 5","attempt":25,"quantity":10,"requestDate":"2009-02-13T00:00:00","lastDate":"2014-01-19T00:00:00"}
[operation] ask {"demand":"order 5","operation":"delivery end item","quantity":10,"end":"2009-02-13T00:00:00"}
[buffer] ask {"demand":null,"buffer":"end item","requested":10,"date":"2009-02-12T00:00:00","onhand":10}
[demand] reply {"demand":"order 5","attempt":25,"result":false,"quantity":0,"date":"2009-02-14T00:00:00"}
[demand] attempt {"demand":"order 5","attempt":26,"quantity":10,"requestDate":"2009-02-14T00:00:00","lastDate":"2014-01-19T00:00:00"}
[operation] ask {"demand":"order 5","operation":"delivery end item","quantity":10,"end":"2009-02-14T00:00:00"}
[buffer] ask {"demand":null,"buffer":"end item","requested":10,"date":"2009-02-13T00:00:00","onhand":10}
[demand] reply {"demand":"order 5","attempt":26,"result":false,"quantity":0,"date":"2009-02-15T00:00:00"}
[demand] attempt {"demand":"order 5","attempt":27,"quantity":10,"requestDate":"2009-02-15T00:00:00","lastDate":"2014-01-19T00:00:00"}
[operation] ask {"demand":"order 5","operation":"delivery end item","quantity":10,"end":"2009-02-15T00:00:00"}
[buffer] ask {"demand":null,"buffer":"end item","requested":10,"date":"2009-02-14T00:00:00","onhand":10}
[demand] reply {"demand":"order 5","attempt":27,"result":false,"quantity":0,"date":"2009-02-16T00:00:00"}
[demand] attempt {"demand":"order 5","attempt":28,"quantity":10,"requestDate":"2009-02-16T00:00:00","lastDate":"2014-01-19T00:00:00"}
[operation] ask {"demand":"order 5","operation":"delivery end item","quantity":10,"end":"2009-02-16T00:00:00"}
[buffer] ask {"demand":null,"buffer":"end item","requested":10,"date":"2009-02-15T00:00:00","onhand":10}
[demand] reply {"demand":"order 5","attempt":28,"result":false,"quantity":0,"date":"2009-02-17T00:00:00"}
[demand] attempt {"demand":"order 5","attempt":29,"quantity":10,"requestDate":"2009-02-17T00:00:00","lastDate":"2014-01-19T00:00:00"}
[operation] ask {"demand":"order 5","operation":"delivery end item","quantity":10,"end":"2009-02-17T00:00:00"}
[buffer] ask {"demand":null,"buffer":"end item","requested":10,"date":"2009-02-16T00:00:00","onhand":10}
[demand] reply {"demand":"order 5","attempt":29,"result":false,"quantity":0,"date":"2009-02-18T00:00:00"}
[demand] attempt {"demand":"order 5","attempt":30,"quantity":10,"requestDate":"2009-02-18T00:00:00","lastDate":"2014-01-19T00:00:00"}
[operation] ask {"demand":"order 5","operation":"delivery end item","quantity":10,"end":"2009-02-18T00:00:00"}
[buffer] ask {"demand":null,"buffer":"end item","requested":10,"date":"2009-02-17T00:00:00","onhand":10}
[demand] reply {"demand":"order 5","attempt":30,"result":false,"quantity":0,"date":"2009-02-19T00:00:00"}
[demand] attempt {"demand":"order 5","attempt":31,"quantity":10,"requestDate":"2009-02-19T00:00:00","lastDate":"2014-01-19T00:00:00"}
[operation] ask {"demand":"order 5","operation":"delivery end item","quantity":10,"end":"2009-02-19T00:00:00"}
[buffer] ask {"demand":null,"buffer":"end item","requested":10,"date":"2009-02-18T00:00:00","onhand":10}
[demand] reply {"demand":"order 5","attempt":31,"result":false,"quantity":0,"date":"2009-02-20T00:00:00"}
[demand] attempt {"demand":"order 5","attempt":32,"quantity":10,"requestDate":"2009-02-20T00:00:00","lastDate":"2014-01-19T00:00:00"}
[operation] ask {"demand":"order 5","operation":"delivery end item","quantity":10,"end":"2009-02-20T00:00:00"}
[buffer] ask {"demand":null,"buffer":"end item","requested":10,"date":"2009-02-19T00:00:00","onhand":10}
[demand] reply {"demand":"order 5","attempt":32,"result":false,"quantity":0,"date":"2009-02-21T00:00:00"}
[demand] attempt {"demand":"order 5","attempt":33,"quantity":10,"requestDate":"2009-02-21T00:00:00","lastDate":"2014-01-19T00:00:00"}
[operation] ask {"demand":"order 5","operation":"delivery end item","quantity":10,"end":"2009-02-21T00:00:00"}
[buffer] ask {"demand":null,"buffer":"end item","requested":10,"date":"2009-02-20T00:00:00","onhand":10}
[demand] reply {"demand":"order 5","attempt":33,"result":false,"quantity":0,"date":"2009-02-22T00:00:00"}
[demand] attempt {"demand":"order 5","attempt":34,"quantity":10,"requestDate":"2009-02-22T00:00:00","lastDate":"2014-01-19T00:00:00"}
[operation] ask {"demand":"order 5","operation":"delivery end item","quantity":10,"end":"2009-02-22T00:00:00"}
[buffer] ask {"demand":null,"buffer":"end item","requested":10,"date":"2009-02-21T00:00:00","onhand":10}
[demand] reply {"demand":"order 5","attempt":34,"result":false,"quantity":0,"date":"2009-02-23T00:00:00"}
[demand] attempt {"demand":"order 5","attempt":35,"quantity":10,"requestDate":"2009-02-23T00:00:00","lastDate":"2014-01-19T00:00:00"}
[operation] ask {"demand":"order 5","operation":"delivery end item","quantity":10,"end":"2009-02-23T00:00:00"}
[buffer] ask {"demand":null,"buffer":"end item","requested":10,"date":"2009-02-22T00:00:00","onhand":10}
[demand] reply {"demand":"order 5","attempt":35,"result":false,"quantity":0,"date":"2009-02-24T00:00:00"}
[demand] attempt {"demand":"order 5","attempt":36,"quantity":10,"requestDate":"2009-02-24T00:00:00","lastDate":"2014-01-19T00:00:00"}
[operation] ask {"demand":"order 5","operation":"delivery end item","quantity":10,"end":"2009-02-24T00:00:00"}
[buffer] ask {"demand":null,"buffer":"end item","requested":10,"date":"2009-02-23T00:00:00","onhand":10}
[demand] reply {"demand":"order 5","attempt":36,"result":false,"quantity":0,"date":"2009-02-25T00:00:00"}
[demand] attempt {"demand":"order 5","attempt":37,"quantity":10,"requestDate":"2009-02-25T00:00:00","lastDate":"2014-01-19T00:00:00"}
[operation] ask {"demand":"order 5","operation":"delivery end item","quantity":10,"end":"2009-02-25T00:00:00"}
[buffer] ask {"demand":null,"buffer":"end item","requested":10,"date":"2009-02-24T00:00:00","onhand":10}
[demand] reply {"demand":"order 5","attempt":37,"result":false,"quantity":0,"date":"2009-02-26T00:00:00"}
[demand] attempt {"demand":"order 5","attempt":38,"quantity":10,"requestDate":"2009-02-26T00:00:00","lastDate":"2014-01-19T00:00:00"}
[operation] ask {"demand":"order 5","operation":"delivery end item","quantity":10,"end":"2009-02-26T00:00:00"}
[buffer] ask {"demand":null,"buffer":"end item","requested":10,"date":"2009-02-25T00:00:00","onhand":10}
[demand] reply {"demand":"order 5","attempt":38,"result":false,"quantity":0,"date":"2009-02-27T00:00:00"}
[demand] attempt {"demand":"order 5","attempt":39,"quantity":10,"requestDate":"2009-02-27T00:00:00","lastDate":"2014-01-19T00:00:00"}
[operation] ask {"demand":"order 5","operation":"delivery end item","quantity":10,"end":"2009-02-27T00:00:00"}
[buffer] ask {"demand":null,"buffer":"end item","requested":10,"date":"2009-02-26T00:00:00","onhand":10}
[demand] reply {"demand":"order 5","attempt":39,"result":false,"quantity":0,"date":"2009-02-28T00:00:00"}
[demand] attempt {"demand":"order 5","attempt":40,"quantity":10,"requestDate":"2009-02-28T00:00:00","lastDate":"2014-01-19T00:00:00"}
[operation] ask {"demand":"order 5","operation":"delivery end item","quantity":10,"end":"2009-02-28T00:00:00"}
[buffer] ask {"demand":null,"buffer":"end item","requested":10,"date":"2009-02-27T00:00:00","onhand":10}
[demand] reply {"demand":"order 5","attempt":40,"result":false,"quantity":0,"date":"2009-03-01T00:00:00"}
[demand] attempt {"demand":"order 5","attempt":41,"quantity":10,"requestDate":"2009-03-01T00:00:00","lastDate":"2014-01-19T00:00:00"}
[operation] ask {"demand":"order 5","operation":"delivery end item","quantity":10,"end":"2009-03-01T00:00:00"}
[buffer] ask {"demand":null,"buffer":"end item","requested":10,"date":"2009-02-28T00:00:00","onhand":10}
[demand] reply {"demand":"order 5","attempt":41,"result":false,"quantity":0,"date":"2009-03-02T00:00:00"}
[demand] attempt {"demand":"order 5","attempt":42,"quantity":10,"requestDate":"2009-03-02T00:00:00","lastDate":"2014-01-19T00:00:00"}
[operation] ask {"demand":"order 5","operation":"delivery end item","quantity":10,"end":"2009-03-02T00:00:00"}
[buffer] ask {"demand":null,"buffer":"end item","requested":10,"date":"2009-03-01T00:00:00","onhand":10}
[demand] reply {"demand":"order 5","attempt":42,"result":false,"quantity":0,"date":"2009-03-03T00:00:00"}
[demand] attempt {"demand":"order 5","attempt":43,"quantity":10,"requestDate":"2009-03-03T00:00:00","lastDate":"2014-01-19T00:00:00"}
[operation] ask {"demand":"order 5","operation":"delivery end item","quantity":10,"end":"2009-03-03T00:00:00"}
[buffer] ask {"demand":null,"buffer":"end item","requested":10,"date":"2009-03-02T00:00:00","onhand":10}
[demand] reply {"demand":"order 5","attempt":43,"result":false,"quantity":0,"date":"2009-03-04T00:00:00"}
[demand] attempt {"demand":"order 5","attempt":44,"quantity":10,"requestDate":"2009-03-04T00:00:00","lastDate":"2014-01-19T00:00:00"}
[operation] ask {"demand":"order 5","operation":"delivery end item","quantity":10,"end":"2009-03-04T00:00:00"}
[buffer] ask {"demand":null,"buffer":"end item","requested":10,"date":"2009-03-03T00:00:00","onhand":10}
[demand] reply {"demand":"order 5","attempt":44,"result":false,"quantity":0,"date":"2009-03-05T00:00:00"}
[demand] attempt {"demand":"order 5","attempt":45,"quantity":10,"requestDate":"2009-03-05T00:00:00","lastDate":"2014-01-19T00:00:00"}
[operation] ask {"demand":"order 5","operation":"delivery end item","quantity":10,"end":"2009-03-05T00:00:00"}
[buffer] ask {"demand":null,"buffer":"end item","requested":10,"date":"2009-03-04T00:00:00","onhand":10}
[demand] reply {"demand":"order 5","attempt":45,"result":false,"quantity":0,"date":"2009-03-06T00:00:00"}
[demand] attempt {"demand":"order 5","attempt":46,"quantity":10,"requestDate":"2009-03-06T00:00:00","lastDate":"2014-01-19T00:00:00"}
[operation] ask {"demand":"order 5","operation":"delivery end item","quantity":10,"end":"2009-03-06T00:00:00"}
[buffer] ask {"demand":null,"buffer":"end item","requested":10,"date":"2009-03-05T00:00:00","onhand":10}
[demand] reply {"demand":"order 5","attempt":46,"result":false,"quantity":0,"date":"2009-03-07T00:00:00"}
[demand] attempt {"demand":"order 5","attempt":47,"quantity":10,"requestDate":"2009-03-07T00:00:00","lastDate":"2014-01-19T00:00:00"}
[operation] ask {"demand":"order 5","operation":"delivery end item","quantity":10,"end":"2009-03-07T00:00:00"}
[buffer] ask {"demand":null,"buffer":"end item","requested":10,"date":"2009-03-06T00:00:00","onhand":10}
[demand] reply {"demand":"order 5","attempt":47,"result":false,"quantity":0,"date":"2009-03-08T00:00:00"}
[demand] attempt {"demand":"order 5","attempt":48,"quantity":10,"requestDate":"2009-03-08T00:00:00","lastDate":"2014-01-19T00:00:00"}
[operation] ask {"demand":"order 5","operation":"delivery end item","quantity":10,"end":"2009-03-08T00:00:00"}
[buffer] ask {"demand":null,"buffer":"end item","requested":10,"date":"2009-03-07T00:00:00","onhand":10}
[demand] reply {"demand":"order 5","attempt":48,"result":false,"quantity":0,"date":"2009-03-09T00:00:00"}
[demand] attempt {"demand":"order 5","attempt":49,"quantity":10,"requestDate":"2009-03-09T00:00:00","lastDate":"2014-01-19T00:00:00"}
[operation] ask {"demand":"order 5","operation":"delivery end item","quantity":10,"end":"2009-03-09T00:00:00"}
[buffer] ask {"demand":null,"buffer":"end item","requested":10,"date":"2009-03-08T00:00:00","onhand":10}
[demand] reply {"demand":"order 5","attempt":49,"result":false,"quantity":0,"date":"2009-03-10T00:00:00"}
[demand] attempt {"demand":"order 5","attempt":50,"quantity":10,"requestDate":"2009-03-10T00:00:00","lastDate":"2014-01-19T00:00:00"}
[operation] ask {"demand":"order 5","operation":"delivery end item","quantity":10,"end":"2009-03-10T00:00:00"}
[buffer] ask {"demand":null,"buffer":"end item","requested":10,"date":"2009-03-09T00:00:00","onhand":10}
[demand] reply {"demand":"order 5","attempt":50,"result":false,"quantity":0,"date":"2009-03-11T00:00:00"}
[demand] attempt {"demand":"order 5","attempt":51,"quantity":10,"requestDate":"2009-03-11T00:00:00","lastDate":"2014-01-19T00:00:00"}
[operation] ask {"demand":"order 5","operation":"delivery end item","quantity":10,"end":"2009-03-11T00:00:00"}
[buffer] ask {"demand":null,"buffer":"end item","requested":10,"date":"2009-03-10T00:00:00","onhand":10}
[demand] reply {"demand":"order 5","attempt":51,"result":false,"quantity":0,"date":"2009-03-12T00:00:00"}
[demand] attempt {"demand":"order 5","attempt":52,"quantity":10,"requestDate":"2009-03-12T00:00:00","lastDate":"2014-01-19T00:00:00"}
[operation] ask {"demand":"order 5","operation":"delivery end item","quantity":10,"end":"2009-03-12T00:00:00"}
[buffer] ask {"demand":null,"buffer":"end item","requested":10,"date":"2009-03-11T00:00:00","onhand":10}
[demand] reply {"demand":"order 5","attempt":52,"result":false,"quantity":0,"date":"2009-03-13T00:00:00"}
[demand] attempt {"demand":"order 5","attempt":53,"quantity":10,"requestDate":"2009-03-13T00:00:00","lastDate":"2014-01-19T00:00:00"}
[operation] ask {"demand":"order 5","operation":"delivery end item","quantity":10,"end":"2009-03-13T00:00:00"}
[buffer] ask {"demand":null,"buffer":"end item","requested":10,"date":"2009-03-12T00:00:00","onhand":10}
[demand] reply {"demand":"order 5","attempt":53,"result":false,"quantity":0,"date":"2009-03-14T00:00:00"}
[demand] attempt {"demand":"order 5","attempt":54,"quantity":10,"requestDate":"2009-03-14T00:00:00","lastDate":"2014-01-19T00:00:00"}
[operation] ask {"demand":"order 5","operation":"delivery end item","quantity":10,"end":"2009-03-14T00:00:00"}
[buffer] ask {"demand":null,"buffer":"end item","requested":10,"date":"2009-03-13T00:00:00","onhand":10}
[demand] reply {"demand":"order 5","attempt":54,"result":false,"quantity":0,"date":"2009-03-15T00:00:00"}
[demand] attempt {"demand":"order 5","attempt":55,"quantity":10,"requestDate":"2009-03-15T00:00:00","lastDate":"2014-01-19T00:00:00"}
[operation] ask {"demand":"order 5","operation":"delivery end item","quantity":10,"end":"2009-03-15T00:00:00"}
[buffer] ask {"demand":null,"buffer":"end item","requested":10,"date":"2009-03-14T00:00:00","onhand":10}
[demand] reply {"demand":"order 5","attempt":55,"result":false,"quantity":0,"date":"2009-03-16T00:00:00"}
[demand] attempt {"demand":"order 5","attempt":56,"quantity":10,"requestDate":"2009-03-16T00:00:00","lastDate":"2014-01-19T00:00:00"}
[operation] ask {"demand":"order 5","operation":"delivery end item","quantity":10,"end":"2009-03-16T00:00:00"}
[buffer] ask {"demand":null,"buffer":"end item","requested":10,"date":"2009-03-15T00:00:00","onhand":10}
[demand] reply {"demand":"order 5","attempt":56,"result":false,"quantity":0,"date":"2009-03-17T00:00:00"}
[demand] attempt {"demand":"order 5","attempt":57,"quantity":10,"requestDate":"2009-03-17T00:00:00","lastDate":"2014-01-19T00:00:00"}
[operation] ask {"demand":"order 5","operation":"delivery end item","quantity":10,"end":"2009-03-17T00:00:00"}
[buffer] ask {"demand":null,"buffer":"end item","requested":10,"date":"2009-03-16T00:00:00","onhand":10}
[demand] reply {"demand":"order 5","attempt":57,"result":false,"quantity":0,"date":"2009-03-18T00:00:00"}
[demand] attempt {"demand":"order 5","attempt":58,"quantity":10,"requestDate":"2009-03-18T00:00:00","lastDate":"2014-01-19T00:00:00"}
[operation] ask {"demand":"order 5","operation":"delivery end item","quantity":10,"end":"2009-03-18T00:00:00"}
[buffer] ask {"demand":null,"buffer":"end item","requested":10,"date":"2009-03-17T00:00:00","onhand":10}
[demand] reply {"demand":"order 5","attempt":58,"result":false,"quantity":0,"date":"2009-03-19T00:00:00"}
[demand] attempt {"demand":"order 5","attempt":59,"quantity":10,"requestDate":"2009-03-19T00:00:00","lastDate":"2014-01-19T00:00:00"}
[operation] ask {"demand":"order 5","operation":"delivery end item","quantity":10,"end":"2009-03-19T00:00:00"}
[buffer] ask {"demand":null,"buffer":"end item","requested":10,"date":"2009-03-18T00:00:00","onhand":10}
[demand] reply {"demand":"order 5","attempt":59,"result":false,"quantity":0,"date":"2009-03-20T00:00:00"}
[demand] attempt {"demand":"order 5","attempt":60,"quantity":10,"requestDate":"2009-03-20T00:00:00","lastDate":"2014-01-19T00:00:00"}
[operation] ask {"demand":"order 5","operation":"delivery end item","quantity":10,"end":"2009-03-20T00:00:00"}
[buffer] ask {"demand":null,"buffer":"end item","requested":10,"date":"2009-03-19T00:00:00","onhand":10}
[demand] reply {"demand":"order 5","attempt":60,"result":false,"quantity":0,"date":"2009-03-21T00:00:00"}
[demand] attempt {"demand":"order 5","attempt":61,"quantity":10,"requestDate":"2009-03-21T00:00:00","lastDate":"2014-01-19T00:00:00"}
[operation] ask {"demand":"order 5","operation":"delivery end item","quantity":10,"end":"2009-03-21T00:00:00"}
[buffer] ask {"demand":null,"buffer":"end item","requested":10,"date":"2009-03-20T00:00:00","onhand":10}
[demand] reply {"demand":"order 5","attempt":61,"result":false,"quantity":0,"date":"2009-03-22T00:00:00"}
[demand] attempt {"demand":"order 5","attempt":62,"quantity":10,"requestDate":"2009-03-22T00:00:00","lastDate":"2014-01-19T00:00:00"}
[operation] ask {"demand":"order 5","operation":"delivery end item","quantity":10,"end":"2009-03-22T00:00:00"}
[buffer] ask {"demand":null,"buffer":"end item","requested":10,"date":"2009-03-21T00:00:00","onhand":10}
[demand] reply {"demand":"order 5","attempt":62,"result":false,"quantity":0,"date":"2009-03-23T00:00:00"}
[demand] attempt {"demand":"order 5","attempt":63,"quantity":10,"requestDate":"2009-03-23T00:00:00","lastDate":"2014-01-19T00:00:00"}
[operation] ask {"demand":"order 5","operation":"delivery end item","quantity":10,"end":"2009-03-23T00:00:00"}
[buffer] ask {"demand":null,"buffer":"end item","requested":10,"date":"2009-03-22T00:00:00","onhand":10}
[demand] reply {"demand":"order 5","attempt":63,"result":false,"quantity":0,"date":"2009-03-24T00:00:00"}
[demand] attempt {"demand":"order 5","attempt":64,"quantity":10,"requestDate":"2009-03-24T00:00:00","lastDate":"2014-01-19T00:00:00"}
[operation] ask {"demand":"order 5","operation":"delivery end item","quantity":10,"end":"2009-03-24T00:00:00"}
[buffer] ask {"demand":null,"buffer":"end item","requested":10,"date":"2009-03-23T00:00:00","onhand":10}
[demand] reply {"demand":"order 5","attempt":64,"result":false,"quantity":0,"date":"2009-03-25T00:00:00"}
[demand] attempt {"demand":"order 5","attempt":65,"quantity":10,"requestDate":"2009-03-25T00:00:00","lastDate":"2014-01-19T00:00:00"}
[operation] ask {"demand":"order 5","operation":"delivery end item","quantity":10,"end":"2009-03-25T00:00:00"}
[buffer] ask {"demand":null,"buffer":"end item","requested":10,"date":"2009-03-24T00:00:00","onhand":10}
[demand] reply {"demand":"order 5","attempt":65,"result":false,"quantity":0,"date":"2009-03-26T00:00:00"}
[demand] attempt {"demand":"order 5","attempt":66,"quantity":10,"requestDate":"2009-03-26T00:00:00","lastDate":"2014-01-19T00:00:00"}
[operation] ask {"demand":"order 5","operation":"delivery end item","quantity":10,"end":"2009-03-26T00:00:00"}
[buffer] ask {"demand":null,"buffer":"end item","requested":10,"date":"2009-03-25T00:00:00","onhand":10}
[demand] reply {"demand":"order 5","attempt":66,"result":false,"quantity":0,"date":"2009-03-27T00:00:00"}
[demand] attempt {"demand":"order 5","attempt":67,"quantity":10,"requestDate":"2009-03-27T00:00:00","lastDate":"2014-01-19T00:00:00"}
[operation] ask {"demand":"order 5","operation":"delivery end item","quantity":10,"end":"2009-03-27T00:00:00"}
[buffer] ask {"demand":null,"buffer":"end item","requested":10,"date":"2009-03-26T00:00:00","onhand":10}
[demand] reply {"demand":"order 5","attempt":67,"result":false,"quantity":0,"date":"2009-03-28T00:00:00"}
[demand] attempt {"demand":"order 5","attempt":68,"quantity":10,"requestDate":"2009-03-28T00:00:00","lastDate":"2014-01-19T00:00:00"}
[operation] ask {"demand":"order 5","operation":"delivery end item","quantity":10,"end":"2009-03-28T00:00:00"}
[buffer] ask {"demand":null,"buffer":"end item","requested":10,"date":"2009-03-27T00:00:00","onhand":10}
[demand] reply {"demand":"order 5","attempt":68,"result":false,"quantity":0,"date":"2009-03-29T00:00:00"}
[demand] attempt {"demand":"order 5","attempt":69,"quantity":10,"requestDate":"2009-03-29T00:00:00","lastDate":"2014-01-19T00:00:00"}
[operation] ask {"demand":"order 5","operation":"delivery end item","quantity":10,"end":"2009-03-29T00:00:00"}
[buffer] ask {"demand":null,"buffer":"end item","requested":10,"date":"2009-03-28T00:00:00","onhand":10}
[demand] reply {"demand":"order 5","attempt":69,"result":false,"quantity":0,"date":"2009-03-30T00:00:00"}
[demand] attempt {"demand":"order 5","attempt":70,"quantity":10,"requestDate":"2009-03-30T00:00:00","lastDate":"2014-01-19T00:00:00"}
[operation] ask {"demand":"order 5","operation":"delivery end item","quantity":10,"end":"2009-03-30T00:00:00"}
[buffer] ask {"demand":null,"buffer":"end item","requested":10,"date":"2009-03-29T00:00:00","onhand":10}
[demand] reply {"demand":"order 5","attempt":70,"result":false,"quantity":0,"date":"2009-03-31T00:00:00"}
[demand] attempt {"demand":"order 5","attempt":71,"quantity":10,"requestDate":"2009-03-31T00:00:00","lastDate":"2014-01-19T00:00:00"}
[operation] ask {"demand":"order 5","operation":"delivery end item","quantity":10,"end":"2009-03-31T00:00:00"}
[buffer] ask {"demand":null,"buffer":"end item","requested":10,"date":"2009-03-30T00:00:00","onhand":10}
[demand] reply {"demand":"order 5","attempt":71,"result":false,"quantity":0,"date":"2009-04-01T00:00:00"}
[demand] attempt {"demand":"order 5","attempt":72,"quantity":10,"requestDate":"2009-04-01T00:00:00","lastDate":"2014-01-19T00:00:00"}
[operation] ask {"demand":"order 5","operation":"delivery end item","quantity":10,"end":"2009-04-01T00:00:00"}
[buffer] ask {"demand":null,"buffer":"end item","requested":10,"date":"2009-03-31T00:00:00","onhand":10}
[demand] reply {"demand":"order 5","attempt":72,"result":false,"quantity":0,"date":"2009-04-02T00:00:00"}
[demand] attempt {"demand":"order 5","attempt":73,"quantity":10,"requestDate":"2009-04-02T00:00:00","lastDate":"2014-01-19T00:00:00"}
[operation] ask {"demand":"order 5","operation":"delivery end item","quantity":10,"end":"2009-04-02T00:00:00"}
[buffer] ask {"demand":null,"buffer":"end item","requested":10,"date":"2009-04-01T00:00:00","onhand":10}
[demand] reply {"demand":"order 5","attempt":73,"result":false,"quantity":0,"date":"2009-04-03T00:00:00"}
[demand] attempt {"demand":"order 5","attempt":74,"quantity":10,"requestDate":"2009-04-03T00:00:00","lastDate":"2014-01-19T00:00:00"}
[operation] ask {"demand":"order 5","operation":"delivery end item","quantity":10,"end":"2009-04-03T00:00:00"}
[buffer] ask {"demand":null,"buffer":"end item","requested":10,"date":"2009-04-02T00:00:00","onhand":10}
[demand] reply {"demand":"order 5","attempt":74,"result":false,"quantity":0,"date":"2009-04-04T00:00:00"}
[demand] attempt {"demand":"order 5","attempt":75,"quantity":10,"requestDate":"2009-04-04T00:00:00","lastDate":"2014-01-19T00:00:00"}
[operation] ask {"demand":"order 5","operation":"delivery end item","quantity":10,"end":"2009-04-04T00:00:00"}
[buffer] ask {"demand":null,"buffer":"end item","requested":10,"date":"2009-04-03T00:00:00","onhand":10}
[demand] reply {"demand":"order 5","attempt":75,"result":false,"quantity":0,"date":"2009-04-05T00:00:00"}
[demand] attempt {"demand":"order 5","attempt":76,"quantity":10,"requestDate":"2009-04-05T00:00:00","lastDate":"2014-01-19T00:00:00"}
[operation] ask {"demand":"order 5","operation":"delivery end item","quantity":10,"end":"2009-04-05T00:00:00"}
[buffer] ask {"demand":null,"buffer":"end item","requested":10,"date":"2009-04-04T00:00:00","onhand":10}
[demand] reply {"demand":"order 5","attempt":76,"result":false,"quantity":0,"date":"2009-04-06T00:00:00"}
[demand] attempt {"demand":"order 5","attempt":77,"quantity":10,"requestDate":"2009-04-06T00:00:00","lastDate":"2014-01-19T00:00:00"}
[operation] ask {"demand":"order 5","operation":"delivery end item","quantity":10,"end":"2009-04-06T00:00:00"}
[buffer] ask {"demand":null,"buffer":"end item","requested":10,"date":"2009-04-05T00:00:00","onhand":10}
[demand] reply {"demand":"order 5","attempt":77,"result":false,"quantity":0,"date":"2009-04-07T00:00:00"}
[demand] attempt {"demand":"order 5","attempt":78,"quantity":10,"requestDate":"2009-04-07T00:00:00","lastDate":"2014-01-19T00:00:00"}
[operation] ask {"demand":"order 5","operation":"delivery end item","quantity":10,"end":"2009-04-07T00:00:00"}
[buffer] ask {"demand":null,"buffer":"end item","requested":10,"date":"2009-04-06T00:00:00","onhand":10}
[demand] reply {"demand":"order 5","attempt":78,"result":false,"quantity":0,"date":"2009-04-08T00:00:00"}
[demand] attempt {"demand":"order 5","attempt":79,"quantity":10,"requestDate":"2009-04-08T00:00:00","lastDate":"2014-01-19T00:00:00"}
[operation] ask {"demand":"order 5","operation":"delivery end item","quantity":10,"end":"2009-04-08T00:00:00"}
[buffer] ask {"demand":null,"buffer":"end item","requested":10,"date":"2009-04-07T00:00:00","onhand":10}
[demand] reply {"demand":"order 5","attempt":79,"result":false,"quantity":0,"date":"2009-04-09T00:00:00"}
[demand] attempt {"demand":"order 5","attempt":80,"quantity":10,"requestDate":"2009-04-09T00:00:00","lastDate":"2014-01-19T00:00:00"}
[operation] ask {"demand":"order 5","operation":"delivery end item","quantity":10,"end":"2009-04-09T00:00:00"}
[buffer] ask {"demand":null,"buffer":"end item","requested":10,"date":"2009-04-08T00:00:00","onhand":10}
[demand] reply {"demand":"order 5","attempt":80,"result":false,"quantity":0,"date":"2009-04-10T00:00:00"}
[demand] attempt {"demand":"order 5","attempt":81,"quantity":10,"requestDate":"2009-04-10T00:00:00","lastDate":"2014-01-19T00:00:00"}
[operation] ask {"demand":"order 5","operation":"delivery end item","quantity":10,"end":"2009-04-10T00:00:00"}
[buffer] ask {"demand":null,"buffer":"end item","requested":10,"date":"2009-04-09T00:00:00","onhand":10}
[demand] reply {"demand":"order 5","attempt":81,"result":false,"quantity":0,"date":"2009-04-11T00:00:00"}
[demand] attempt {"demand":"order 5","attempt":82,"quantity":10,"requestDate":"2009-04-11T00:00:00","lastDate":"2014-01-19T00:00:00"}
[operation] ask {"demand":"order 5","operation":"delivery end item","quantity":10,"end":"2009-04-11T00:00:00"}
[buffer] ask {"demand":null,"buffer":"end item","requested":10,"date":"2009-04-10T00:00:00","onhand":10}
[demand] reply {"demand":"order 5","attempt":82,"result":false,"quantity":0,"date":"2009-04-12T00:00:00"}
[demand] attempt {"demand":"order 5","attempt":83,"quantity":10,"requestDate":"2009-04-12T00:00:00","lastDate":"2014-01-19T00:00:00"}
[operation] ask {"demand":"order 5","operation":"delivery end item","quantity":10,"end":"2009-04-12T00:00:00"}
[buffer] ask {"demand":null,"buffer":"end item","requested":10,"date":"2009-04-11T00:00:00","onhand":10}
[demand] reply {"demand":"order 5","attempt":83,"result":false,"quantity":0,"date":"2009-04-13T00:00:00"}
[demand] attempt {"demand":"order 5","attempt":84,"quantity":10,"requestDate":"2009-04-13T00:00:00","lastDate":"2014-01-19T00:00:00"}
[operation] ask {"demand":"order 5","operation":"delivery end item","quantity":10,"end":"2009-04-13T00:00:00"}
[buffer] ask {"demand":null,"buffer":"end item","requested":10,"date":"2009-04-12T00:00:00","onhand":10}
[demand] reply {"demand":"order 5","attempt":84,"result":false,"quantity":0,"date":"2009-04-14T00:00:00"}
[demand] attempt {"demand":"order 5","attempt":85,"quantity":10,"requestDate":"2009-04-14T00:00:00","lastDate":"2014-01-19T00:00:00"}
[operation] ask {"demand":"order 5","operation":"delivery end item","quantity":10,"end":"2009-04-14T00:00:00"}
[buffer] ask {"demand":null,"buffer":"end item","requested":10,"date":"2009-04-13T00:00:00","onhand":10}
[demand] reply {"demand":"order 5","attempt":85,"result":false,"quantity":0,"date":"2009-04-15T00:00:00"}
[demand] attempt {"demand":"order 5","attempt":86,"quantity":10,"requestDate":"2009-04-15T00:00:00","lastDate":"2014-01-19T00:00:00"}
[operation] ask {"demand":"order 5","operation":"delivery end item","quantity":10,"end":"2009-04-15T00:00:00"}
[buffer] ask {"demand":null,"buffer":"end item","requested":10,"date":"2009-04-14T00:00:00","onhand":10}
[demand] reply {"demand":"order 5","attempt":86,"result":false,"quantity":0,"date":"2009-04-16T00:00:00"}
[demand] attempt {"demand":"order 5","attempt":87,"quantity":10,"requestDate":"2009-04-16T00:00:00","lastDate":"2014-01-19T00:00:00"}
[operation] ask {"demand":"order 5","operation":"delivery end item","quantity":10,"end":"2009-04-16T00:00:00"}
[buffer] ask {"demand":null,"buffer":"end item","requested":10,"date":"2009-04-15T00:00:00","onhand":10}
[demand] reply {"demand":"order 5","attempt":87,"result":false,"quantity":0,"date":"2009-04-17T00:00:00"}
[demand] attempt {"demand":"order 5","attempt":88,"quantity":10,"requestDate":"2009-04-17T00:00:00","lastDate":"2014-01-19T00:00:00"}
[operation] ask {"demand":"order 5","operation":"delivery end item","quantity":10,"end":"2009-04-17T00:00:00"}
[buffer] ask {"demand":null,"buffer":"end item","requested":10,"date":"2009-04-16T00:00:00","onhand":10}
[demand] reply {"demand":"order 5","attempt":88,"result":false,"quantity":0,"date":"2009-04-18T00:00:00"}
[demand] attempt {"demand":"order 5","attempt":89,"quantity":10,"requestDate":"2009-04-18T00:00:00","lastDate":"2014-01-19T00:00:00"}
[operation] ask {"demand":"order 5","operation":"delivery end item","quantity":10,"end":"2009-04-18T00:00:00"}
[buffer] ask {"demand":null,"buffer":"end item","requested":10,"date":"2009-04-17T00:00:00","onhand":10}
[demand] reply {"demand":"order 5","attempt":89,"result":false,"quantity":0,"date":"2009-04-19T00:00:00"}
[demand] attempt {"demand":"order 5","attempt":90,"quantity":10,"requestDate":"2009-04-19T00:00:00","lastDate":"2014-01-19T00:00:00"}
[operation] ask {"demand":"order 5","operation":"delivery end item","quantity":10,"end":"2009-04-19T00:00:00"}
[buffer] ask {"demand":null,"buffer":"end item","requested":10,"date":"2009-04-18T00:00:00","onhand":10}
[demand] reply {"demand":"order 5","attempt":90,"result":false,"quantity":0,"date":"2009-04-20T00:00:00"}
[demand] attempt {"demand":"order 5","attempt":91,"quantity":10,"requestDate":"2009-04-20T00:00:00","lastDate":"2014-01-19T00:00:00"}
[operation] ask {"demand":"order 5","operation":"delivery end item","quantity":10,"end":"2009-04-20T00:00:00"}
[buffer] ask {"demand":null,"buffer":"end item","requested":10,"date":"2009-04-19T00:00:00","onhand":10}
[demand] reply {"demand":"order 5","attempt":91,"result":false,"quantity":0,"date":"2009-04-21T00:00:00"}
[demand] attempt {"demand":"order 5","attempt":92,"quantity":10,"requestDate":"2009-04-21T00:00:00","lastDate":"2014-01-19T00:00:00"}
[operation] ask {"demand":"order 5","operation":"delivery end item","quantity":10,"end":"2009-04-21T00:00:00"}
[buffer] ask {"demand":null,"buffer":"end item","requested":10,"date":"2009-04-20T00:00:00","onhand":10}
[demand] reply {"demand":"order 5","attempt":92,"result":false,"quantity":0,"date":"2009-04-22T00:00:00"}
[demand] attempt {"demand":"order 5","attempt":93,"quantity":10,"requestDate":"2009-04-22T00:00:00","lastDate":"2014-01-19T00:00:00"}
[operation] ask {"demand":"order 5","operation":"delivery end item","quantity":10,"end":"2009-04-22T00:00:00"}
[buffer] ask {"demand":null,"buffer":"end item","requested":10,"date":"2009-04-21T00:00:00","onhand":10}
[demand] reply {"demand":"order 5","attempt":93,"result":false,"quantity":0,"date":"2009-04-23T00:00:00"}
[demand] attempt {"demand":"order 5","attempt":94,"quantity":10,"requestDate":"2009-04-23T00:00:00","lastDate":"2014-01-19T00:00:00"}
[operation] ask {"demand":"order 5","operation":"delivery end item","quantity":10,"end":"2009-04-23T00:00:00"}
[buffer] ask {"demand":null,"buffer":"end item","requested":10,"date":"2009-04-22T00:00:00","onhand":10}
[demand] reply {"demand":"order 5","attempt":94,"result":false,"quantity":0,"date":"2009-04-24T00:00:00"}
[demand] attempt {"demand":"order 5","attempt":95,"quantity":10,"requestDate":"2009-04-24T00:00:00","lastDate":"2014-01-19T00:00:00"}
[operation] ask {"demand":"order 5","operation":"delivery end item","quantity":10,"end":"2009-04-24T00:00:00"}
[buffer] ask {"demand":null,"buffer":"end item","requested":10,"date":"2009-04-23T00:00:00","onhand":10}
[demand] reply {"demand":"order 5","attempt":95,"result":false,"quantity":0,"date":"2009-04-25T00:00:00"}
[demand] attempt {"demand":"order 5","attempt":96,"quantity":10,"requestDate":"2009-04-25T00:00:00","lastDate":"2014-01-19T00:00:00"}
[operation] ask {"demand":"order 5","operation":"delivery end item","quantity":10,"end":"2009-04-25T00:00:00"}
[buffer] ask {"demand":null,"buffer":"end item","requested":10,"date":"2009-04-24T00:00:00","onhand":10}
[demand] reply {"demand":"order 5","attempt":96,"result":false,"quantity":0,"date":"2009-04-26T00:00:00"}
[demand] attempt {"demand":"order 5","attempt":97,"quantity":10,"requestDate":"2009-04-26T00:00:00","lastDate":"2014-01-19T00:00:00"}
[operation] ask {"demand":"order 5","operation":"delivery end item","quantity":10,"end":"2009-04-26T00:00:00"}
[buffer] ask {"demand":null,"buffer":"end item","requested":10,"date":"2009-04-25T00:00:00","onhand":10}
[demand] reply {"demand":"order 5","attempt":97,"result":false,"quantity":0,"date":"2009-04-27T00:00:00"}
[demand] attempt {"demand":"order 5","attempt":98,"quantity":10,"requestDate":"2009-04-27T00:00:00","lastDate":"2014-01-19T00:00:00"}
[operation] ask {"demand":"order 5","operation":"delivery end item","quantity":10,"end":"2009-04-27T00:00:00"}
[buffer] ask {"demand":null,"buffer":"end item","requested":10,"date":"2009-04-26T00:00:00","onhand":10}
[demand] reply {"demand":"order 5","attempt":98,"result":false,"quantity":0,"date":"2009-04-28T00:00:00"}
[demand] attempt {"demand":"order 5","attempt":99,"quantity":10,"requestDate":"2009-04-28T00:00:00","lastDate":"2014-01-19T00:00:00"}
[operation] ask {"demand":"order 5","operation":"delivery end item","quantity":10,"end":"2009-04-28T00:00:00"}
[buffer] ask {"demand":null,"buffer":"end item","requested":10,"date":"2009-04-27T00:00:00","onhand":10}
[demand] reply {"demand":"order 5","attempt":99,"result":false,"quantity":0,"date":"2009-04-29T00:00:00"}
[demand] attempt {"demand":"order 5","attempt":100,"quantity":10,"requestDate":"2009-04-29T00:00:00","lastDate":"2014-01-19T00:00:00"}
[operation] ask {"demand":"order 5","operation":"delivery end item","quantity":10,"end":"2009-04-29T00:00:00"}
[buffer] ask {"demand":null,"buffer":"end item","requested":10,"date":"2009-04-28T00:00:00","onhand":10}
[demand] reply {"demand":"order 5","attempt":100,"result":false,"quantity":0,"date":"2009-04-30T00:00:00"}
[demand] attempt {"demand":"order 5","attempt":101,"quantity":10,"requestDate":"2009-04-30T00:00:00","lastDate":"2014-01-19T00:00:00"}
[operation] ask {"demand":"order 5","operation":"delivery end item","quantity":10,"end":"2009-04-30T00:00:00"}
[buffer] ask {"demand":null,"buffer":"end item","requested":10,"date":"2009-04-29T00:00:00","onhand":10}
[demand] reply {"demand":"order 5","attempt":101,"result":false,"quantity":0,"date":"2009-05-01T00:00:00"}
[demand] attempt {"demand":"order 5","attempt":102,"quantity":10,"requestDate":"2009-05-01T00:00:00","lastDate":"2014-01-19T00:00:00"}
[operation] ask {"demand":"order 5","operation":"delivery end item","quantity":10,"end":"2009-05-01T00:00:00"}
[buffer] ask {"demand":null,"buffer":"end item","requested":10,"date":"2009-04-30T00:00:00","onhand":10}
[demand] reply {"demand":"order 5","attempt":102,"result":false,"quantity":0,"date":"2009-05-02T00:00:00"}
[demand] attempt {"demand":"order 5","attempt":103,"quantity":10,"requestDate":"2009-05-02T00:00:00","lastDate":"2014-01-19T00:00:00"}
[operation] ask {"demand":"order 5","operation":"delivery end item","quantity":10,"end":"2009-05-02T00:00:00"}
[buffer] ask {"demand":null,"buffer":"end item","requested":10,"date":"2009-05-01T00:00:00","onhand":10}
[demand] reply {"demand":"order 5","attempt":103,"result":false,"quantity":0,"date":"2009-05-03T00:00:00"}
[demand] attempt {"demand":"order 5","attempt":104,"quantity":10,"requestDate":"2009-05-03T00:00:00","lastDate":"2014-01-19T00:00:00"}
[operation] ask {"demand":"order 5","operation":"delivery end item","quantity":10,"end":"2009-05-03T00:00:00"}
[buffer] ask {"demand":null,"buffer":"end item","requested":10,"date":"2009-05-02T00:00:00","onhand":10}
[demand] reply {"demand":"order 5","attempt":104,"result":false,"quantity":0,"date":"2009-05-04T00:00:00"}
[demand] attempt {"demand":"order 5","attempt":105,"quantity":10,"requestDate":"2009-05-04T00:00:00","lastDate":"2014-01-19T00:00:00"}
[operation] ask {"demand":"order 5","operation":"delivery end item","quantity":10,"end":"2009-05-04T00:00:00"}
[buffer] ask {"demand":null,"buffer":"end item","requested":10,"date":"2009-05-03T00:00:00","onhand":10}
[demand] reply {"demand":"order 5","attempt":105,"result":false,"quantity":0,"date":"2009-05-05T00:00:00"}
[demand] attempt {"demand":"order 5","attempt":106,"quantity":10,"requestDate":"2009-05-05T00:00:00","lastDate":"2014-01-19T00:00:00"}
[operation] ask {"demand":"order 5","operation":"delivery end item","quantity":10,"end":"2009-05-05T00:00:00"}
[buffer] ask {"demand":null,"buffer":"end item","requested":10,"date":"2009-05-04T00:00:00","onhand":10}
[demand] reply {"demand":"order 5","attempt":106,"result":false,"quantity":0,"date":"2009-05-06T00:00:00"}
[demand] attempt {"demand":"order 5","attempt":107,"quantity":10,"requestDate":"2009-05-06T00:00:00","lastDate":"2014-01-19T00:00:00"}
[operation] ask {"demand":"order 5","operation":"delivery end item","quantity":10,"end":"2009-05-06T00:00:00"}
[buffer] ask {"demand":null,"buffer":"end item","requested":10,"date":"2009-05-05T00:00:00","onhand":10}
[demand] reply {"demand":"order 5","attempt":107,"result":false,"quantity":0,"date":"2009-05-07T00:00:00"}
[demand] attempt {"demand":"order 5","attempt":108,"quantity":10,"requestDate":"2009-05-07T00:00:00","lastDate":"2014-01-19T00:00:00"}
[operation] ask {"demand":"order 5","operation":"delivery end item","quantity":10,"end":"2009-05-07T00:00:00"}
[buffer] ask {"demand":null,"buffer":"end item","requested":10,"date":"2009-05-06T00:00:00","onhand":10}
[demand] reply {"demand":"order 5","attempt":108,"result":false,"quantity":0,"date":"2009-05-08T00:00:00"}
[demand] attempt {"demand":"order 5","attempt":109,"quantity":10,"requestDate":"2009-05-08T00:00:00","lastDate":"2014-01-19T00:00:00"}
[operation] ask {"demand":"order 5","operation":"delivery end item","quantity":10,"end":"2009-05-08T00:00:00"}
[buffer] ask {"demand":null,"buffer":"end item","requested":10,"date":"2009-05-07T00:00:00","onhand":10}
[demand] reply {"demand":"order 5","attempt":109,"result":false,"quantity":0,"date":"2009-05-09T00:00:00"}
[demand] attempt {"demand":"order 5","attempt":110,"quantity":10,"requestDate":"2009-05-09T00:00:00","lastDate":"2014-01-19T00:00:00"}
[operation] ask {"demand":"order 5","operation":"delivery end item","quantity":10,"end":"2009-05-09T00:00:00"}
[buffer] ask {"demand":null,"buffer":"end item","requested":10,"date":"2009-05-08T00:00:00","onhand":10}
[demand] reply {"demand":"order 5","attempt":110,"result":false,"quantity":0,"date":"2009-05-10T00:00:00"}
[demand] attempt {"demand":"order 5","attempt":111,"quantity":10,"requestDate":"2009-05-10T00:00:00","lastDate":"2014-01-19T00:00:00"}
[operation] ask {"demand":"order 5","operation":"delivery end item","quantity":10,"end":"2009-05-10T00:00:00"}
[buffer] ask {"demand":null,"buffer":"end item","requested":10,"date":"2009-05-09T00:00:00","onhand":10}
[demand] reply {"demand":"order 5","attempt":111,"result":false,"quantity":0,"date":"2009-05-11T00:00:00"}
[demand] attempt {"demand":"order 5","attempt":112,"quantity":10,"requestDate":"2009-05-11T00:00:00","lastDate":"2014-01-19T00:00:00"}
[operation] ask {"demand":"order 5","operation":"delivery end item","quantity":10,"end":"2009-05-11T00:00:00"}
[buffer] ask {"demand":null,"buffer":"end item","requested":10,"date":"2009-05-10T00:00:00","onhand":10}
[demand] reply {"demand":"order 5","attempt":112,"result":false,"quantity":0,"date":"2009-05-12T00:00:00"}
[demand] attempt {"demand":"order 5","attempt":113,"quantity":10,"requestDate":"2009-05-12T00:00:00","lastDate":"2014-01-19T00:00:00"}
[operation] ask {"demand":"order 5","operation":"delivery end item","quantity":10,"end":"2009-05-12T00:00:00"}
[buffer] ask {"demand":null,"buffer":"end item","requested":10,"date":"2009-05-11T00:00:00","onhand":10}
[demand] reply {"demand":"order 5","attempt":113,"result":false,"quantity":0,"date":"2009-05-13T00:00:00"}
[demand] attempt {"demand":"order 5","attempt":114,"quantity":10,"requestDate":"2009-05-13T00:00:00","lastDate":"2014-01-19T00:00:00"}
[operation] ask {"demand":"order 5","operation":"delivery end item","quantity":10,"end":"2009-05-13T00:00:00"}
[buffer] ask {"demand":null,"buffer":"end item","requested":10,"date":"2009-05-12T00:00:00","onhand":10}
[demand] reply {"demand":"order 5","attempt":114,"result":false,"quantity":0,"date":"2009-05-14T00:00:00"}
[demand] attempt {"demand":"order 5","attempt":115,"quantity":10,"requestDate":"2009-05-14T00:00:00","lastDate":"2014-01-19T00:00:00"}
[operation] ask {"demand":"order 5","operation":"delivery end item","quantity":10,"end":"2009-05-14T00:00:00"}
[buffer] ask {"demand":null,"buffer":"end item","requested":10,"date":"2009-05-13T00:00:00","onhand":10}
[demand] reply {"demand":"order 5","attempt":115,"result":false,"quantity":0,"date":"2009-05-15T00:00:00"}
[demand] attempt {"demand":"order 5","attempt":116,"quantity":10,"requestDate":"2009-05-15T00:00:00","lastDate":"2014-01-19T00:00:00"}
[operation] ask {"demand":"order 5","operation":"delivery end item","quantity":10,"end":"2009-05-15T00:00:00"}
[buffer] ask {"demand":null,"buffer":"end item","requested":10,"date":"2009-05-14T00:00:00","onhand":10}
[demand] reply {"demand":"order 5","attempt":116,"result":false,"quantity":0,"date":"2009-05-16T00:00:00"}
[demand] attempt {"demand":"order 5","attempt":117,"quantity":10,"requestDate":"2009-05-16T00:00:00","lastDate":"2014-01-19T00:00:00"}
[operation] ask {"demand":"order 5","operation":"delivery end item","quantity":10,"end":"2009-05-16T00:00:00"}
[buffer] ask {"demand":null,"buffer":"end item","requested":10,"date":"2009-05-15T00:00:00","onhand":10}
[demand] reply {"demand":"order 5","attempt":117,"result":false,"quantity":0,"date":"2009-05-17T00:00:00"}
[demand] attempt {"demand":"order 5","attempt":118,"quantity":10,"requestDate":"2009-05-17T00:00:00","lastDate":"2014-01-19T00:00:00"}
[operation] ask {"demand":"order 5","operation":"delivery end item","quantity":10,"end":"2009-05-17T00:00:00"}
[buffer] ask {"demand":null,"buffer":"end item","requested":10,"date":"2009-05-16T00:00:00","onhand":10}
[demand] reply {"demand":"order 5","attempt":118,"result":false,"quantity":0,"date":"2009-05-18T00:00:00"}
[demand] attempt {"demand":"order 5","attempt":119,"quantity":10,"requestDate":"2009-05-18T00:00:00","lastDate":"2014-01-19T00:00:00"}
[operation] ask {"demand":"order 5","operation":"delivery end item","quantity":10,"end":"2009-05-18T00:00:00"}
[buffer] ask {"demand":null,"buffer":"end item","requested":10,"date":"2009-05-17T00:00:00","onhand":10}
[demand] reply {"demand":"order 5","attempt":119,"result":false,"quantity":0,"date":"2009-05-19T00:00:00"}
[demand] attempt {"demand":"order 5","attempt":120,"quantity":10,"requestDate":"2009-05-19T00:00:00","lastDate":"2014-01-19T00:00:00"}
[operation] ask {"demand":"order 5","operation":"delivery end item","quantity":10,"end":"2009-05-19T00:00:00"}
[buffer] ask {"demand":null,"buffer":"end item","requested":10,"date":"2009-05-18T00:00:00","onhand":10}
[demand] reply {"demand":"order 5","attempt":120,"result":false,"quantity":0,"date":"2009-05-20T00:00:00"}
[demand] attempt {"demand":"order 5","attempt":121,"quantity":10,"requestDate":"2009-05-20T00:00:00","lastDate":"2014-01-19T00:00:00"}
[operation] ask {"demand":"order 5","operation":"delivery end item","quantity":10,"end":"2009-05-20T00:00:00"}
[buffer] ask {"demand":null,"buffer":"end item","requested":10,"date":"2009-05-19T00:00:00","onhand":10}
[demand] reply {"demand":"order 5","attempt":121,"result":false,"quantity":0,"date":"2009-05-21T00:00:00"}
[demand] attempt {"demand":"order 5","attempt":122,"quantity":10,"requestDate":"2009-05-21T00:00:00","lastDate":"2014-01-19T00:00:00"}
[operation] ask {"demand":"order 5","operation":"delivery end item","quantity":10,"end":"2009-05-21T00:00:00"}
[buffer] ask {"demand":null,"buffer":"end item","requested":10,"date":"2009-05-20T00:00:00","onhand":10}
[demand] reply {"demand":"order 5","attempt":122,"result":false,"quantity":0,"date":"2009-05-22T00:00:00"}
[demand] attempt {"demand":"order 5","attempt":123,"quantity":10,"requestDate":"2009-05-22T00:00:00","lastDate":"2014-01-19T00:00:00"}
[operation] ask {"demand":"order 5","operation":"delivery end item","quantity":10,"end":"2009-05-22T00:00:00"}
[buffer] ask {"demand":null,"buffer":"end item","requested":10,"date":"2009-05-21T00:00:00","onhand":10}
[demand] reply {"demand":"order 5","attempt":123,"result":false,"quantity":0,"date":"2009-05-23T00:00:00"}
[demand] attempt {"demand":"order 5","attempt":124,"quantity":10,"requestDate":"2009-05-23T00:00:00","lastDate":"2014-01-19T00:00:00"}
[operation] ask {"demand":"order 5","operation":"delivery end item","quantity":10,"end":"2009-05-23T00:00:00"}
[buffer] ask {"demand":null,"buffer":"end item","requested":10,"date":"2009-05-22T00:00:00","onhand":10}
[demand] reply {"demand":"order 5","attempt":124,"result":false,"quantity":0,"date":"2009-05-24T00:00:00"}
[demand] attempt {"demand":"order 5","attempt":125,"quantity":10,"requestDate":"2009-05-24T00:00:00","lastDate":"2014-01-19T00:00:00"}
[operation] ask {"demand":"order 5","operation":"delivery end item","quantity":10,"end":"2009-05-24T00:00:00"}
[buffer] ask {"demand":null,"buffer":"end item","requested":10,"date":"2009-05-23T00:00:00","onhand":10}
[demand] reply {"demand":"order 5","attempt":125,"result":false,"quantity":0,"date":"2009-05-25T00:00:00"}
[demand] attempt {"demand":"order 5","attempt":126,"quantity":10,"requestDate":"2009-05-25T00:00:00","lastDate":"2014-01-19T00:00:00"}
[operation] ask {"demand":"order 5","operation":"delivery end item","quantity":10,"end":"2009-05-25T00:00:00"}
[buffer] ask {"demand":null,"buffer":"end item","requested":10,"date":"2009-05-24T00:00:00","onhand":10}
[demand] reply {"demand":"order 5","attempt":126,"result":false,"quantity":0,"date":"2009-05-26T00:00:00"}
[demand] attempt {"demand":"order 5","attempt":127,"quantity":10,"requestDate":"2009-05-26T00:00:00","lastDate":"2014-01-19T00:00:00"}
[operation] ask {"demand":"order 5","operation":"delivery end item","quantity":10,"end":"2009-05-26T00:00:00"}
[buffer] ask {"demand":null,"buffer":"end item","requested":10,"date":"2009-05-25T00:00:00","onhand":10}
[demand] reply {"demand":"order 5","attempt":127,"result":false,"quantity":0,"date":"2009-05-27T00:00:00"}
[demand] attempt {"demand":"order 5","attempt":128,"quantity":10,"requestDate":"2009-05-27T00:00:00","lastDate":"2014-01-19T00:00:00"}
[operation] ask {"demand":"order 5","operation":"delivery end item","quantity":10,"end":"2009-05-27T00:00:00"}
[buffer] ask {"demand":null,"buffer":"end item","requested":10,"date":"2009-05-26T00:00:00","onhand":10}
[demand] reply {"demand":"order 5","attempt":128,"result":false,"quantity":0,"date":"2009-05-28T00:00:00"}
[demand] attempt {"demand":"order 5","attempt":129,"quantity":10,"requestDate":"2009-05-28T00:00:00","lastDate":"2014-01-19T00:00:00"}
[operation] ask {"demand":"order 5","operation":"delivery end item","quantity":10,"end":"2009-05-28T00:00:00"}
[buffer] ask {"demand":null,"buffer":"end item","requested":10,"date":"2009-05-27T00:00:00","onhand":10}
[demand] reply {"demand":"order 5","attempt":129,"result":false,"quantity":0,"date":"2009-05-29T00:00:00"}
[demand] attempt {"demand":"order 5","attempt":130,"quantity":10,"requestDate":"2009-05-29T00:00:00","lastDate":"2014-01-19T00:00:00"}
[operation] ask {"demand":"order 5","operation":"delivery end item","quantity":10,"end":"2009-05-29T00:00:00"}
[buffer] ask {"demand":null,"buffer":"end item","requested":10,"date":"2009-05-28T00:00:00","onhand":10}
[demand] reply {"demand":"order 5","attempt":130,"result":false,"quantity":0,"date":"2009-05-30T00:00:00"}
[demand] attempt {"demand":"order 5","attempt":131,"quantity":10,"requestDate":"2009-05-30T00:00:00","lastDate":"2014-01-19T00:00:00"}
[operation] ask {"demand":"order 5","operation":"delivery end item","quantity":10,"end":"2009-05-30T00:00:00"}
[buffer] ask {"demand":null,"buffer":"end item","requested":10,"date":"2009-05-29T00:00:00","onhand":10}
[demand] reply {"demand":"order 5","attempt":131,"result":false,"quantity":0,"date":"2009-05-31T00:00:00"}
[demand] attempt {"demand":"order 5","attempt":132,"quantity":10,"requestDate":"2009-05-31T00:00:00","lastDate":"2014-01-19T00:00:00"}
[operation] ask {"demand":"order 5","operation":"delivery end item","quantity":10,"end":"2009-05-31T00:00:00"}
[buffer] ask {"demand":null,"buffer":"end item","requested":10,"date":"2009-05-30T00:00:00","onhand":10}
[demand] reply {"demand":"order 5","attempt":132,"result":false,"quantity":0,"date":"2009-06-01T00:00:00"}
[demand] attempt {"demand":"order 5","attempt":133,"quantity":10,"requestDate":"2009-06-01T00:00:00","lastDate":"2014-01-19T00:00:00"}
[operation] ask {"demand":"order 5","operation":"delivery end item","quantity":10,"end":"2009-06-01T00:00:00"}
[buffer] ask {"demand":null,"buffer":"end item","requested":10,"date":"2009-05-31T00:00:00","onhand":10}
[demand] reply {"demand":"order 5","attempt":133,"result":false,"quantity":0,"date":"2009-06-02T00:00:00"}
[demand] attempt {"demand":"order 5","attempt":134,"quantity":10,"requestDate":"2009-06-02T00:00:00","lastDate":"2014-01-19T00:00:00"}
[operation] ask {"demand":"order 5","operation":"delivery end item","quantity":10,"end":"2009-06-02T00:00:00"}
[buffer] ask {"demand":null,"buffer":"end item","requested":10,"date":"2009-06-01T00:00:00","onhand":10}
[demand] reply {"demand":"order 5","attempt":134,"result":false,"quantity":0,"date":"2009-06-03T00:00:00"}
[demand] attempt {"demand":"order 5","attempt":135,"quantity":10,"requestDate":"2009-06-03T00:00:00","lastDate":"2014-01-19T00:00:00"}
[operation] ask {"demand":"order 5","operation":"delivery end item","quantity":10,"end":"2009-06-03T00:00:00"}
[buffer] ask {"demand":null,"buffer":"end item","requested":10,"date":"2009-06-02T00:00:00","onhand":10}
[demand] reply {"demand":"order 5","attempt":135,"result":false,"quantity":0,"date":"2009-06-04T00:00:00"}
[demand] attempt {"demand":"order 5","attempt":136,"quantity":10,"requestDate":"2009-06-04T00:00:00","lastDate":"2014-01-19T00:00:00"}
[operation] ask {"demand":"order 5","operation":"delivery end item","quantity":10,"end":"2009-06-04T00:00:00"}
[buffer] ask {"demand":null,"buffer":"end item","requested":10,"date":"2009-06-03T00:00:00","onhand":10}
[demand] reply {"demand":"order 5","attempt":136,"result":false,"quantity":0,"date":"2009-06-05T00:00:00"}
[demand] attempt {"demand":"order 5","attempt":137,"quantity":10,"requestDate":"2009-06-05T00:00:00","lastDate":"2014-01-19T00:00:00"}
[operation] ask {"demand":"order 5","operation":"delivery end item","quantity":10,"end":"2009-06-05T00:00:00"}
[buffer] ask {"demand":null,"buffer":"end item","requested":10,"date":"2009-06-04T00:00:00","onhand":10}
[demand] reply {"demand":"order 5","attempt":137,"result":false,"quantity":0,"date":"2009-06-06T00:00:00"}
[demand] attempt {"demand":"order 5","attempt":138,"quantity":10,"requestDate":"2009-06-06T00:00:00","lastDate":"2014-01-19T00:00:00"}
[operation] ask {"demand":"order 5","operation":"delivery end item","quantity":10,"end":"2009-06-06T00:00:00"}
[buffer] ask {"demand":null,"buffer":"end item","requested":10,"date":"2009-06-05T00:00:00","onhand":10}
[demand] reply {"demand":"order 5","attempt":138,"result":false,"quantity":0,"date":"2009-06-07T00:00:00"}
[demand] attempt {"demand":"order 5","attempt":139,"quantity":10,"requestDate":"2009-06-07T00:00:00","lastDate":"2014-01-19T00:00:00"}
[operation] ask {"demand":"order 5","operation":"delivery end item","quantity":10,"end":"2009-06-07T00:00:00"}
[buffer] ask {"demand":null,"buffer":"end item","requested":10,"date":"2009-06-06T00:00:00","onhand":10}
[demand] reply {"demand":"order 5","attempt":139,"result":false,"quantity":0,"date":"2009-06-08T00:00:00"}
[demand] attempt {"demand":"order 5","attempt":140,"quantity":10,"requestDate":"2009-06-08T00:00:00","lastDate":"2014-01-19T00:00:00"}
[operation] ask {"demand":"order 5","operation":"delivery end item","quantity":10,"end":"2009-06-08T00:00:00"}
[buffer] ask {"demand":null,"buffer":"end item","requested":10,"date":"2009-06-07T00:00:00","onhand":10}
[demand] reply {"demand":"order 5","attempt":140,"result":false,"quantity":0,"date":"2009-06-09T00:00:00"}
[demand] attempt {"demand":"order 5","attempt":141,"quantity":10,"requestDate":"2009-06-09T00:00:00","lastDate":"2014-01-19T00:00:00"}
[operation] ask {"demand":"order 5","operation":"delivery end item","quantity":10,"end":"2009-06-09T00:00:00"}
[buffer] ask {"demand":null,"buffer":"end item","requested":10,"date":"2009-06-08T00:00:00","onhand":10}
[demand] reply {"demand":"order 5","attempt":141,"result":false,"quantity":0,"date":"2009-06-10T00:00:00"}
[demand] attempt {"demand":"order 5","attempt":142,"quantity":10,"requestDate":"2009-06-10T00:00:00","lastDate":"2014-01-19T00:00:00"}
[operation] ask {"demand":"order 5","operation":"delivery end item","quantity":10,"end":"2009-06-10T00:00:00"}
[buffer] ask {"demand":null,"buffer":"end item","requested":10,"date":"2009-06-09T00:00:00","onhand":10}
[demand] reply {"demand":"order 5","attempt":142,"result":false,"quantity":0,"date":"2009-06-11T00:00:00"}
[demand] attempt {"demand":"order 5","attempt":143,"quantity":10,"requestDate":"2009-06-11T00:00:00","lastDate":"2014-01-19T00:00:00"}
[operation] ask {"demand":"order 5","operation":"delivery end item","quantity":10,"end":"2009-06-11T00:00:00"}
[buffer] ask {"demand":null,"buffer":"end item","requested":10,"date":"2009-06-10T00:00:00","onhand":10}
[demand] reply {"demand":"order 5","attempt":143,"result":false,"quantity":0,"date":"2009-06-12T00:00:00"}
[demand] attempt {"demand":"order 5","attempt":144,"quantity":10,"requestDate":"2009-06-12T00:00:00","lastDate":"2014-01-19T00:00:00"}
[operation] ask {"demand":"order 5","operation":"delivery end item","quantity":10,"end":"2009-06-12T00:00:00"}
[buffer] ask {"demand":null,"buffer":"end item","requested":10,"date":"2009-06-11T00:00:00","onhand":10}
[demand] reply {"demand":"order 5","attempt":144,"result":false,"quantity":0,"date":"2009-06-13T00:00:00"}
[demand] attempt {"demand":"order 5","attempt":145,"quantity":10,"requestDate":"2009-06-13T00:00:00","lastDate":"2014-01-19T00:00:00"}
[operation] ask {"demand":"order 5","operation":"delivery end item","quantity":10,"end":"2009-06-13T00:00:00"}
[buffer] ask {"demand":null,"buffer":"end item","requested":10,"date":"2009-06-12T00:00:00","onhand":10}
[demand] reply {"demand":"order 5","attempt":145,"result":false,"quantity":0,"date":"2009-06-14T00:00:00"}
[demand] attempt {"demand":"order 5","attempt":146,"quantity":10,"requestDate":"2009-06-14T00:00:00","lastDate":"2014-01-19T00:00:00"}
[operation] ask {"demand":"order 5","operation":"delivery end item","quantity":10,"end":"2009-06-14T00:00:00"}
[buffer] ask {"demand":null,"buffer":"end item","requested":10,"date":"2009-06-13T00:00:00","onhand":10}
[demand] reply {"demand":"order 5","attempt":146,"result":false,"quantity":0,"date":"2009-06-15T00:00:00"}
[demand] attempt {"demand":"order 5","attempt":147,"quantity":10,"requestDate":"2009-06-15T00:00:00","lastDate":"2014-01-19T00:00:00"}
[operation] ask {"demand":"order 5","operation":"delivery end item","quantity":10,"end":"2009-06-15T00:00:00"}
[buffer] ask {"demand":null,"buffer":"end item","requested":10,"date":"2009-06-14T00:00:00","onhand":10}
[demand] reply {"demand":"order 5","attempt":147,"result":false,"quantity":0,"date":"2009-06-16T00:00:00"}
[demand] attempt {"demand":"order 5","attempt":148,"quantity":10,"requestDate":"2009-06-16T00:00:00","lastDate":"2014-01-19T00:00:00"}
[operation] ask {"demand":"order 5","operation":"delivery end item","quantity":10,"end":"2009-06-16T00:00:00"}
[buffer] ask {"demand":null,"buffer":"end item","requested":10,"date":"2009-06-15T00:00:00","onhand":10}
[demand] reply {"demand":"order 5","attempt":148,"result":false,"quantity":0,"date":"2009-06-17T00:00:00"}
[demand] attempt {"demand":"order 5","attempt":149,"quantity":10,"requestDate":"2009-06-17T00:00:00","lastDate":"2014-01-19T00:00:00"}
[operation] ask {"demand":"order 5","operation":"delivery end item","quantity":10,"end":"2009-06-17T00:00:00"}
[buffer] ask {"demand":null,"buffer":"end item","requested":10,"date":"2009-06-16T00:00:00","onhand":10}
[demand] reply {"demand":"order 5","attempt":149,"result":false,"quantity":0,"date":"2009-06-18T00:00:00"}
[demand] attempt {"demand":"order 5","attempt":150,"quantity":10,"requestDate":"2009-06-18T00:00:00","lastDate":"2014-01-19T00:00:00"}
[operation] ask {"demand":"order 5","operation":"delivery end item","quantity":10,"end":"2009-06-18T00:00:00"}
[buffer] ask {"demand":null,"buffer":"end item","requested":10,"date":"2009-06-17T00:00:00","onhand":10}
[demand] reply {"demand":"order 5","attempt":150,"result":false,"quantity":0,"date":"2009-06-19T00:00:00"}
[demand] attempt {"demand":"order 5","attempt":151,"quantity":10,"requestDate":"2009-06-19T00:00:00","lastDate":"2014-01-19T00:00:00"}
[operation] ask {"demand":"order 5","operation":"delivery end item","quantity":10,"end":"2009-06-19T00:00:00"}
[buffer] ask {"demand":null,"buffer":"end item","requested":10,"date":"2009-06-18T00:00:00","onhand":10}
[demand] reply {"demand":"order 5","attempt":151,"result":false,"quantity":0,"date":"2009-06-20T00:00:00"}
[demand] attempt {"demand":"order 5","attempt":152,"quantity":10,"requestDate":"2009-06-20T00:00:00","lastDate":"2014-01-19T00:00:00"}
[operation] ask {"demand":"order 5","operation":"delivery end item","quantity":10,"end":"2009-06-20T00:00:00"}
[buffer] ask {"demand":null,"buffer":"end item","requested":10,"date":"2009-06-19T00:00:00","onhand":10}
[demand] reply {"demand":"order 5","attempt":152,"result":false,"quantity":0,"date":"2009-06-21T00:00:00"}
[demand] attempt {"demand":"order 5","attempt":153,"quantity":10,"requestDate":"2009-06-21T00:00:00","lastDate":"2014-01-19T00:00:00"}
[operation] ask {"demand":"order 5","operation":"delivery end item","quantity":10,"end":"2009-06-21T00:00:00"}
[buffer] ask {"demand":null,"buffer":"end item","requested":10,"date":"2009-06-20T00:00:00","onhand":10}
[demand] reply {"demand":"order 5","attempt":153,"result":false,"quantity":0,"date":"2009-06-22T00:00:00"}
[demand] attempt {"demand":"order 5","attempt":154,"quantity":10,"requestDate":"2009-06-22T00:00:00","lastDate":"2014-01-19T00:00:00"}
[operation] ask {"demand":"order 5","operation":"delivery end item","quantity":10,"end":"2009-06-22T00:00:00"}
[buffer] ask {"demand":null,"buffer":"end item","requested":10,"date":"2009-06-21T00:00:00","onhand":10}
[demand] reply {"demand":"order 5","attempt":154,"result":false,"quantity":0,"date":"2009-06-23T00:00:00"}
[demand] attempt {"demand":"order 5","attempt":155,"quantity":10,"requestDate":"2009-06-23T00:00:00","lastDate":"2014-01-19T00:00:00"}
[operation] ask {"demand":"order 5","operation":"delivery end item","quantity":10,"end":"2009-06-23T00:00:00"}
[buffer] ask {"demand":null,"buffer":"end item","requested":10,"date":"2009-06-22T00:00:00","onhand":10}
[demand] reply {"demand":"order 5","attempt":155,"result":false,"quantity":0,"date":"2009-06-24T00:00:00"}
[demand] attempt {"demand":"order 5","attempt":156,"quantity":10,"requestDate":"2009-06-24T00:00:00","lastDate":"2014-01-19T00:00:00"}
[operation] ask {"demand":"order 5","operation":"delivery end item","quantity":10,"end":"2009-06-24T00:00:00"}
[buffer] ask {"demand":null,"buffer":"end item","requested":10,"date":"2009-06-23T00:00:00","onhand":10}
[demand] reply {"demand":"order 5","attempt":156,"result":false,"quantity":0,"date":"2009-06-25T00:00:00"}
[demand] attempt {"demand":"order 5","attempt":157,"quantity":10,"requestDate":"2009-06-25T00:00:00","lastDate":"2014-01-19T00:00:00"}
[operation] ask {"demand":"order 5","operation":"delivery end item","quantity":10,"end":"2009-06-25T00:00:00"}
[buffer] ask {"demand":null,"buffer":"end item","requested":10,"date":"2009-06-24T00:00:00","onhand":10}
[demand] reply {"demand":"order 5","attempt":157,"result":false,"quantity":0,"date":"2009-06-26T00:00:00"}
[demand] attempt {"demand":"order 5","attempt":158,"quantity":10,"requestDate":"2009-06-26T00:00:00","lastDate":"2014-01-19T00:00:00"}
[operation] ask {"demand":"order 5","operation":"delivery end item","quantity":10,"end":"2009-06-26T00:00:00"}
[buffer] ask {"demand":null,"buffer":"end item","requested":10,"date":"2009-06-25T00:00:00","onhand":10}
[demand] reply {"demand":"order 5","attempt":158,"result":false,"quantity":0,"date":"2009-06-27T00:00:00"}
[demand] attempt {"demand":"order 5","attempt":159,"quantity":10,"requestDate":"2009-06-27T00:00:00","lastDate":"2014-01-19T00:00:00"}
[operation] ask {"demand":"order 5","operation":"delivery end item","quantity":10,"end":"2009-06-27T00:00:00"}
[buffer] ask {"demand":null,"buffer":"end item","requested":10,"date":"2009-06-26T00:00:00","onhand":10}
[demand] reply {"demand":"order 5","attempt":159,"result":false,"quantity":0,"date":"2009-06-28T00:00:00"}
[demand] attempt {"demand":"order 5","attempt":160,"quantity":10,"requestDate":"2009-06-28T00:00:00","lastDate":"2014-01-19T00:00:00"}
[operation] ask {"demand":"order 5","operation":"delivery end item","quantity":10,"end":"2009-06-28T00:00:00"}
[buffer] ask {"demand":null,"buffer":"end item","requested":10,"date":"2009-06-27T00:00:00","onhand":10}
[demand] reply {"demand":"order 5","attempt":160,"result":false,"quantity":0,"date":"2009-06-29T00:00:00"}
[demand] attempt {"demand":"order 5","attempt":161,"quantity":10,"requestDate":"2009-06-29T00:00:00","lastDate":"2014-01-19T00:00:00"}
[operation] ask {"demand":"order 5","operation":"delivery end item","quantity":10,"end":"2009-06-29T00:00:00"}
[buffer] ask {"demand":null,"buffer":"end item","requested":10,"date":"2009-06-28T00:00:00","onhand":10}
[demand] reply {"demand":"order 5","attempt":161,"result":false,"quantity":0,"date":"2009-06-30T00:00:00"}
[demand] attempt {"demand":"order 5","attempt":162,"quantity":10,"requestDate":"2009-06-30T00:00:00","lastDate":"2014-01-19T00:00:00"}
[operation] ask {"demand":"order 5","operation":"delivery end item","quantity":10,"end":"2009-06-30T00:00:00"}
[buffer] ask {"demand":null,"buffer":"end item","requested":10,"date":"2009-06-29T00:00:00","onhand":10}
[demand] reply {"demand":"order 5","attempt":162,"result":false,"quantity":0,"date":"2009-07-01T00:00:00"}
[demand] attempt {"demand":"order 5","attempt":163,"quantity":10,"requestDate":"2009-07-01T00:00:00","lastDate":"2014-01-19T00:00:00"}
[operation] ask {"demand":"order 5","operation":"delivery end item","quantity":10,"end":"2009-07-01T00:00:00"}
[buffer] ask {"demand":null,"buffer":"end item","requested":10,"date":"2009-06-30T00:00:00","onhand":10}
[demand] reply {"demand":"order 5","attempt":163,"result":false,"quantity":0,"date":"2009-07-02T00:00:00"}
[demand] attempt {"demand":"order 5","attempt":164,"quantity":10,"requestDate":"2009-07-02T00:00:00","lastDate":"2014-01-19T00:00:00"}
[operation] ask {"demand":"order 5","operation":"delivery end item","quantity":10,"end":"2009-07-02T00:00:00"}
[buffer] ask {"demand":null,"buffer":"end item","requested":10,"date":"2009-07-01T00:00:00","onhand":10}
[demand] reply {"demand":"order 5","attempt":164,"result":false,"quantity":0,"date":"2009-07-03T00:00:00"}
[demand] attempt {"demand":"order 5","attempt":165,"quantity":10,"requestDate":"2009-07-03T00:00:00","lastDate":"2014-01-19T00:00:00"}
[operation] ask {"demand":"order 5","operation":"delivery end item","quantity":10,"end":"2009-07-03T00:00:00"}
[buffer] ask {"demand":null,"buffer":"end item","requested":10,"date":"2009-07-02T00:00:00","onhand":10}
[demand] reply {"demand":"order 5","attempt":165,"result":false,"quantity":0,"date":"2009-07-04T00:00:00"}
[demand] attempt {"demand":"order 5","attempt":166,"quantity":10,"requestDate":"2009-07-04T00:00:00","lastDate":"2014-01-19T00:00:00"}
[operation] ask {"demand":"order 5","operation":"delivery end item","quantity":10,"end":"2009-07-04T00:00:00"}
[buffer] ask {"demand":null,"buffer":"end item","requested":10,"date":"2009-07-03T00:00:00","onhand":10}
[demand] reply {"demand":"order 5","attempt":166,"result":false,"quantity":0,"date":"2009-07-05T00:00:00"}
[demand] attempt {"demand":"order 5","attempt":167,"quantity":10,"requestDate":"2009-07-05T00:00:00","lastDate":"2014-01-19T00:00:00"}
[operation] ask {"demand":"order 5","operation":"delivery end item","quantity":10,"end":"2009-07-05T00:00:00"}
[buffer] ask {"demand":null,"buffer":"end item","requested":10,"date":"2009-07-04T00:00:00","onhand":10}
[demand] reply {"demand":"order 5","attempt":167,"result":false,"quantity":0,"date":"2009-07-06T00:00:00"}
[demand] attempt {"demand":"order 5","attempt":168,"quantity":10,"requestDate":"2009-07-06T00:00:00","lastDate":"2014-01-19T00:00:00"}
[operation] ask {"demand":"order 5","operation":"delivery end item","quantity":10,"end":"2009-07-06T00:00:00"}
[buffer] ask {"demand":null,"buffer":"end item","requested":10,"date":"2009-07-05T00:00:00","onhand":10}
[demand] reply {"demand":"order 5","attempt":168,"result":false,"quantity":0,"date":"2009-07-07T00:00:00"}
[demand] attempt {"demand":"order 5","attempt":169,"quantity":10,"requestDate":"2009-07-07T00:00:00","lastDate":"2014-01-19T00:00:00"}
[operation] ask {"demand":"order 5","operation":"delivery end item","quantity":10,"end":"2009-07-07T00:00:00"}
[buffer] ask {"demand":null,"buffer":"end item","requested":10,"date":"2009-07-06T00:00:00","onhand":10}
[demand] reply {"demand":"order 5","attempt":169,"result":false,"quantity":0,"date":"2009-07-08T00:00:00"}
[demand] attempt {"demand":"order 5","attempt":170,"quantity":10,"requestDate":"2009-07-08T00:00:00","lastDate":"2014-01-19T00:00:00"}
[operation] ask {"demand":"order 5","operation":"delivery end item","quantity":10,"end":"2009-07-08T00:00:00"}
[buffer] ask {"demand":null,"buffer":"end item","requested":10,"date":"2009-07-07T00:00:00","onhand":10}
[demand] reply {"demand":"order 5","attempt":170,"result":false,"quantity":0,"date":"2009-07-09T00:00:00"}
[demand] attempt {"demand":"order 5","attempt":171,"quantity":10,"requestDate":"2009-07-09T00:00:00","lastDate":"2014-01-19T00:00:00"}
[operation] ask {"demand":"order 5","operation":"delivery end item","quantity":10,"end":"2009-07-09T00:00:00"}
[buffer] ask {"demand":null,"buffer":"end item","requested":10,"date":"2009-07-08T00:00:00","onhand":10}
[demand] reply {"demand":"order 5","attempt":171,"result":false,"quantity":0,"date":"2009-07-10T00:00:00"}
[demand] attempt {"demand":"order 5","attempt":172,"quantity":10,"requestDate":"2009-07-10T00:00:00","lastDate":"2014-01-19T00:00:00"}
[operation] ask {"demand":"order 5","operation":"delivery end item","quantity":10,"end":"2009-07-10T00:00:00"}
[buffer] ask {"demand":null,"buffer":"end item","requested":10,"date":"2009-07-09T00:00:00","onhand":10}
[demand] reply {"demand":"order 5","attempt":172,"result":false,"quantity":0,"date":"2009-07-11T00:00:00"}
[demand] attempt {"demand":"order 5","attempt":173,"quantity":10,"requestDate":"2009-07-11T00:00:00","lastDate":"2014-01-19T00:00:00"}
[operation] ask {"demand":"order 5","operation":"delivery end item","quantity":10,"end":"2009-07-11T00:00:00"}
[buffer] ask {"demand":null,"buffer":"end item","requested":10,"date":"2009-07-10T00:00:00","onhand":10}
[demand] reply {"demand":"order 5","attempt":173,"result":false,"quantity":0,"date":"2009-07-12T00:00:00"}
[demand] attempt {"demand":"order 5","attempt":174,"quantity":10,"requestDate":"2009-07-12T00:00:00","lastDate":"2014-01-19T00:00:00"}
[operation] ask {"demand":"order 5","operation":"delivery end item","quantity":10,"end":"2009-07-12T00:00:00"}
[buffer] ask {"demand":null,"buffer":"end item","requested":10,"date":"2009-07-11T00:00:00","onhand":10}
[demand] reply {"demand":"order 5","attempt":174,"result":false,"quantity":0,"date":"2009-07-13T00:00:00"}
[demand] attempt {"demand":"order 5","attempt":175,"quantity":10,"requestDate":"2009-07-13T00:00:00","lastDate":"2014-01-19T00:00:00"}
[operation] ask {"demand":"order 5","operation":"delivery end item","quantity":10,"end":"2009-07-13T00:00:00"}
[buffer] ask {"demand":null,"buffer":"end item","requested":10,"date":"2009-07-12T00:00:00","onhand":10}
[demand] reply {"demand":"order 5","attempt":175,"result":false,"quantity":0,"date":"2009-07-14T00:00:00"}
[demand] attempt {"demand":"order 5","attempt":176,"quantity":10,"requestDate":"2009-07-14T00:00:00","lastDate":"2014-01-19T00:00:00"}
[operation] ask {"demand":"order 5","operation":"delivery end item","quantity":10,"end":"2009-07-14T00:00:00"}
[buffer] ask {"demand":null,"buffer":"end item","requested":10,"date":"2009-07-13T00:00:00","onhand":10}
[demand] reply {"demand":"order 5","attempt":176,"result":false,"quantity":0,"date":"2009-07-15T00:00:00"}
[demand] attempt {"demand":"order 5","attempt":177,"quantity":10,"requestDate":"2009-07-15T00:00:00","lastDate":"2014-01-19T00:00:00"}
[operation] ask {"demand":"order 5","operation":"delivery end item","quantity":10,"end":"2009-07-15T00:00:00"}
[buffer] ask {"demand":null,"buffer":"end item","requested":10,"date":"2009-07-14T00:00:00","onhand":10}
[demand] reply {"demand":"order 5","attempt":177,"result":false,"quantity":0,"date":"2009-07-16T00:00:00"}
[demand] attempt {"demand":"order 5","attempt":178,"quantity":10,"requestDate":"2009-07-16T00:00:00","lastDate":"2014-01-19T00:00:00"}
[operation] ask {"demand":"order 5","operation":"delivery end item","quantity":10,"end":"2009-07-16T00:00:00"}
[buffer] ask {"demand":null,"buffer":"end item","requested":10,"date":"2009-07-15T00:00:00","onhand":10}
[demand] reply {"demand":"order 5","attempt":178,"result":false,"quantity":0,"date":"2009-07-17T00:00:00"}
[demand] attempt {"demand":"order 5","attempt":179,"quantity":10,"requestDate":"2009-07-17T00:00:00","lastDate":"2014-01-19T00:00:00"}
[operation] ask {"demand":"order 5","operation":"delivery end item","quantity":10,"end":"2009-07-17T00:00:00"}
[buffer] ask {"demand":null,"buffer":"end item","requested":10,"date":"2009-07-16T00:00:00","onhand":10}
[demand] reply {"demand":"order 5","attempt":179,"result":false,"quantity":0,"date":"2009-07-18T00:00:00"}
[demand] attempt {"demand":"order 5","attempt":180,"quantity":10,"requestDate":"2009-07-18T00:00:00","lastDate":"2014-01-19T00:00:00"}
[operation] ask {"demand":"order 5","operation":"delivery end item","quantity":10,"end":"2009-07-18T00:00:00"}
[buffer] ask {"demand":null,"buffer":"end item","requested":10,"date":"2009-07-17T00:00:00","onhand":10}
[demand] reply {"demand":"order 5","attempt":180,"result":false,"quantity":0,"date":"2009-07-19T00:00:00"}
[demand] attempt {"demand":"order 5","attempt":181,"quantity":10,"requestDate":"2009-07-19T00:00:00","lastDate":"2014-01-19T00:00:00"}
[operation] ask {"demand":"order 5","operation":"delivery end item","quantity":10,"end":"2009-07-19T00:00:00"}
[buffer] ask {"demand":null,"buffer":"end item","requested":10,"date":"2009-07-18T00:00:00","onhand":10}
[demand] reply {"demand":"order 5","attempt":181,"result":false,"quantity":0,"date":"2009-07-20T00:00:00"}
[demand] attempt {"demand":"order 5","attempt":182,"quantity":10,"requestDate":"2009-07-20T00:00:00","lastDate":"2014-01-19T00:00:00"}
[operation] ask {"demand":"order 5","operation":"delivery end item","quantity":10,"end":"2009-07-20T00:00:00"}
[buffer] ask {"demand":null,"buffer":"end item","requested":10,"date":"2009-07-19T00:00:00","onhand":10}
[demand] reply {"demand":"order 5","attempt":182,"result":false,"quantity":0,"date":"2009-07-21T00:00:00"}
[demand] attempt {"demand":"order 5","attempt":183,"quantity":10,"requestDate":"2009-07-21T00:00:00","lastDate":"2014-01-19T00:00:00"}
[operation] ask {"demand":"order 5","operation":"delivery end item","quantity":10,"end":"2009-07-21T00:00:00"}
[buffer] ask {"demand":null,"buffer":"end item","requested":10,"date":"2009-07-20T00:00:00","onhand":10}
[demand] reply {"demand":"order 5","attempt":183,"result":false,"quantity":0,"date":"2009-07-22T00:00:00"}
[demand] attempt {"demand":"order 5","attempt":184,"quantity":10,"requestDate":"2009-07-22T00:00:00","lastDate":"2014-01-19T00:00:00"}
[operation] ask {"demand":"order 5","operation":"delivery end item","quantity":10,"end":"2009-07-22T00:00:00"}
[buffer] ask {"demand":null,"buffer":"end item","requested":10,"date":"2009-07-21T00:00:00","onhand":10}
[demand] reply {"demand":"order 5","attempt":184,"result":false,"quantity":0,"date":"2009-07-23T00:00:00"}
[demand] attempt {"demand":"order 5","attempt":185,"quantity":10,"requestDate":"2009-07-23T00:00:00","lastDate":"2014-01-19T00:00:00"}
[operation] ask {"demand":"order 5","operation":"delivery end item","quantity":10,"end":"2009-07-23T00:00:00"}
[buffer] ask {"demand":null,"buffer":"end item","requested":10,"date":"2009-07-22T00:00:00","onhand":10}
[demand] reply {"demand":"order 5","attempt":185,"result":false,"quantity":0,"date":"2009-07-24T00:00:00"}
[demand] attempt {"demand":"order 5","attempt":186,"quantity":10,"requestDate":"2009-07-24T00:00:00","lastDate":"2014-01-19T00:00:00"}
[operation] ask {"demand":"order 5","operation":"delivery end item","quantity":10,"end":"2009-07-24T00:00:00"}
[buffer] ask {"demand":null,"buffer":"end item","requested":10,"date":"2009-07-23T00:00:00","onhand":10}
[demand] reply {"demand":"order 5","attempt":186,"result":false,"quantity":0,"date":"2009-07-25T00:00:00"}
[demand] attempt {"demand":"order 5","attempt":187,"quantity":10,"requestDate":"2009-07-25T00:00:00","lastDate":"2014-01-19T00:00:00"}
[operation] ask {"demand":"order 5","operation":"delivery end item","quantity":10,"end":"2009-07-25T00:00:00"}
[buffer] ask {"demand":null,"buffer":"end item","requested":10,"date":"2009-07-24T00:00:00","onhand":10}
[demand] reply {"demand":"order 5","attempt":187,"result":false,"quantity":0,"date":"2009-07-26T00:00:00"}
[demand] attempt {"demand":"order 5","attempt":188,"quantity":10,"requestDate":"2009-07-26T00:00:00","lastDate":"2014-01-19T00:00:00"}
[operation] ask {"demand":"order 5","operation":"delivery end item","quantity":10,"end":"2009-07-26T00:00:00"}
[buffer] ask {"demand":null,"buffer":"end item","requested":10,"date":"2009-07-25T00:00:00","onhand":10}
[demand] reply {"demand":"order 5","attempt":188,"result":false,"quantity":0,"date":"2009-07-27T00:00:00"}
[demand] attempt {"demand":"order 5","attempt":189,"quantity":10,"requestDate":"2009-07-27T00:00:00","lastDate":"2014-01-19T00:00:00"}
[operation] ask {"demand":"order 5","operation":"delivery end item","quantity":10,"end":"2009-07-27T00:00:00"}
[buffer] ask {"demand":null,"buffer":"end item","requested":10,"date":"2009-07-26T00:00:00","onhand":10}
[demand] reply {"demand":"order 5","attempt":189,"result":false,"quantity":0,"date":"2009-07-28T00:00:00"}
[demand] attempt {"demand":"order 5","attempt":190,"quantity":10,"requestDate":"2009-07-28T00:00:00","lastDate":"2014-01-19T00:00:00"}
[operation] ask {"demand":"order 5","operation":"delivery end item","quantity":10,"end":"2009-07-28T00:00:00"}
[buffer] ask {"demand":null,"buffer":"end item","requested":10,"date":"2009-07-27T00:00:00","onhand":10}
[demand] reply {"demand":"order 5","attempt":190,"result":false,"quantity":0,"date":"2009-07-29T00:00:00"}
[demand] attempt {"demand":"order 5","attempt":191,"quantity":10,"requestDate":"2009-07-29T00:00:00","lastDate":"2014-01-19T00:00:00"}
[operation] ask {"demand":"order 5","operation":"delivery end item","quantity":10,"end":"2009-07-29T00:00:00"}
[buffer] ask {"demand":null,"buffer":"end item","requested":10,"date":"2009-07-28T00:00:00","onhand":10}
[demand] reply {"demand":"order 5","attempt":191,"result":false,"quantity":0,"date":"2009-07-30T00:00:00"}
[demand] attempt {"demand":"order 5","attempt":192,"quantity":10,"requestDate":"2009-07-30T00:00:00","lastDate":"2014-01-19T00:00:00"}
[operation] ask {"demand":"order 5","operation":"delivery end item","quantity":10,"end":"2009-07-30T00:00:00"}
[buffer] ask {"demand":null,"buffer":"end item","requested":10,"date":"2009-07-29T00:00:00","onhand":10}
[demand] reply {"demand":"order 5","attempt":192,"result":false,"quantity":0,"date":"2009-07-31T00:00:00"}
[demand] attempt {"demand":"order 5","attempt":193,"quantity":10,"requestDate":"2009-07-31T00:00:00","lastDate":"2014-01-19T00:00:00"}
[operation] ask {"demand":"order 5","operation":"delivery end item","quantity":10,"end":"2009-07-31T00:00:00"}
[buffer] ask {"demand":null,"buffer":"end item","requested":10,"date":"2009-07-30T00:00:00","onhand":10}
[demand] reply {"demand":"order 5","attempt":193,"result":false,"quantity":0,"date":"2009-08-01T00:00:00"}
[demand] attempt {"demand":"order 5","attempt":194,"quantity":10,"requestDate":"2009-08-01T00:00:00","lastDate":"2014-01-19T00:00:00"}
[operation] ask {"demand":"order 5","operation":"delivery end item","quantity":10,"end":"2009-08-01T00:00:00"}
[buffer] ask {"demand":null,"buffer":"end item","requested":10,"date":"2009-07-31T00:00:00","onhand":10}
[demand] reply {"demand":"order 5","attempt":194,"result":false,"quantity":0,"date":"2009-08-02T00:00:00"}
[demand] attempt {"demand":"order 5","attempt":195,"quantity":10,"requestDate":"2009-08-02T00:00:00","lastDate":"2014-01-19T00:00:00"}
[operation] ask {"demand":"order 5","operation":"delivery end item","quantity":10,"end":"2009-08-02T00:00:00"}
[buffer] ask {"demand":null,"buffer":"end item","requested":10,"date":"2009-08-01T00:00:00","onhand":10}
[demand] reply {"demand":"order 5","attempt":195,"result":false,"quantity":0,"date":"2009-08-03T00:00:00"}
[demand] attempt {"demand":"order 5","attempt":196,"quantity":10,"requestDate":"2009-08-03T00:00:00","lastDate":"2014-01-19T00:00:00"}
[operation] ask {"demand":"order 5","operation":"delivery end item","quantity":10,"end":"2009-08-03T00:00:00"}
[buffer] ask {"demand":null,"buffer":"end item","requested":10,"date":"2009-08-02T00:00:00","onhand":10}
[demand] reply {"demand":"order 5","attempt":196,"result":false,"quantity":0,"date":"2009-08-04T00:00:00"}
[demand] attempt {"demand":"order 5","attempt":197,"quantity":10,"requestDate":"2009-08-04T00:00:00","lastDate":"2014-01-19T00:00:00"}
[operation] ask {"demand":"order 5","operation":"delivery end item","quantity":10,"end":"2009-08-04T00:00:00"}
[buffer] ask {"demand":null,"buffer":"end item","requested":10,"date":"2009-08-03T00:00:00","onhand":10}
[demand] reply {"demand":"order 5","attempt":197,"result":false,"quantity":0,"date":"2009-08-05T00:00:00"}
[demand] attempt {"demand":"order 5","attempt":198,"quantity":10,"requestDate":"2009-08-05T00:00:00","lastDate":"2014-01-19T00:00:00"}
[operation] ask {"demand":"order 5","operation":"delivery end item","quantity":10,"end":"2009-08-05T00:00:00"}
[buffer] ask {"demand":null,"buffer":"end item","requested":10,"date":"2009-08-04T00:00:00","onhand":10}
[demand] reply {"demand":"order 5","attempt":198,"result":false,"quantity":0,"date":"2009-08-06T00:00:00"}
[demand] attempt {"demand":"order 5","attempt":199,"quantity":10,"requestDate":"2009-08-06T00:00:00","lastDate":"2014-01-19T00:00:00"}
[operation] ask {"demand":"order 5","operation":"delivery end item","quantity":10,"end":"2009-08-06T00:00:00"}
[buffer] ask {"demand":null,"buffer":"end item","requested":10,"date":"2009-08-05T00:00:00","onhand":10}
[demand] reply {"demand":"order 5","attempt":199,"result":false,"quantity":0,"date":"2009-08-07T00:00:00"}
[demand] attempt {"demand":"order 5","attempt":200,"quantity":10,"requestDate":"2009-08-07T00:00:00","lastDate":"2014-01-19T00:00:00"}
[operation] ask {"demand":"order 5","operation":"delivery end item","quantity":10,"end":"2009-08-07T00:00:00"}
[buffer] ask {"demand":null,"buffer":"end item","requested":10,"date":"2009-08-06T00:00:00","onhand":10}
[demand] reply {"demand":"order 5","attempt":200,"result":false,"quantity":0,"date":"2009-08-08T00:00:00"}
[demand] attempt {"demand":"order 5","attempt":201,"quantity":10,"requestDate":"2009-08-08T00:00:00","lastDate":"2014-01-19T00:00:00"}
[operation] ask {"demand":"order 5","operation":"delivery end item","quantity":10,"end":"2009-08-08T00:00:00"}
[buffer] ask {"demand":null,"buffer":"end item","requested":10,"date":"2009-08-07T00:00:00","onhand":10}
[demand] reply {"demand":"order 5","attempt":201,"result":false,"quantity":0,"date":"2009-08-09T00:00:00"}
[demand] attempt {"demand":"order 5","attempt":202,"quantity":10,"requestDate":"2009-08-09T00:00:00","lastDate":"2014-01-19T00:00:00"}
[operation] ask {"demand":"order 5","operation":"delivery end item","quantity":10,"end":"2009-08-09T00:00:00"}
[buffer] ask {"demand":null,"buffer":"end item","requested":10,"date":"2009-08-08T00:00:00","onhand":10}
[demand] reply {"demand":"order 5","attempt":202,"result":false,"quantity":0,"date":"2009-08-10T00:00:00"}
[demand] attempt {"demand":"order 5","attempt":203,"quantity":10,"requestDate":"2009-08-10T00:00:00","lastDate":"2014-01-19T00:00:00"}
[operation] ask {"demand":"order 5","operation":"delivery end item","quantity":10,"end":"2009-08-10T00:00:00"}
[buffer] ask {"demand":null,"buffer":"end item","requested":10,"date":"2009-08-09T00:00:00","onhand":10}
[demand] reply {"demand":"order 5","attempt":203,"result":false,"quantity":0,"date":"2009-08-11T00:00:00"}
[demand] attempt {"demand":"order 5","attempt":204,"quantity":10,"requestDate":"2009-08-11T00:00:00","lastDate":"2014-01-19T00:00:00"}
[operation] ask {"demand":"order 5","operation":"delivery end item","quantity":10,"end":"2009-08-11T00:00:00"}
[buffer] ask {"demand":null,"buffer":"end item","requested":10,"date":"2009-08-10T00:00:00","onhand":10}
[demand] reply {"demand":"order 5","attempt":204,"result":false,"quantity":0,"date":"2009-08-12T00:00:00"}
[demand] attempt {"demand":"order 5","attempt":205,"quantity":10,"requestDate":"2009-08-12T00:00:00","lastDate":"2014-01-19T00:00:00"}
[operation] ask {"demand":"order 5","operation":"delivery end item","quantity":10,"end":"2009-08-12T00:00:00"}
[buffer] ask {"demand":null,"buffer":"end item","requested":10,"date":"2009-08-11T00:00:00","onhand":10}
[demand] reply {"demand":"order 5","attempt":205,"result":false,"quantity":0,"date":"2009-08-13T00:00:00"}
[demand] attempt {"demand":"order 5","attempt":206,"quantity":10,"requestDate":"2009-08-13T00:00:00","lastDate":"2014-01-19T00:00:00"}
[operation] ask {"demand":"order 5","operation":"delivery end item","quantity":10,"end":"2009-08-13T00:00:00"}
[buffer] ask {"demand":null,"buffer":"end item","requested":10,"date":"2009-08-12T00:00:00","onhand":10}
[demand] reply {"demand":"order 5","attempt":206,"result":false,"quantity":0,"date":"2009-08-14T00:00:00"}
[demand] attempt {"demand":"order 5","attempt":207,"quantity":10,"requestDate":"2009-08-14T00:00:00","lastDate":"2014-01-19T00:00:00"}
[operation] ask {"demand":"order 5","operation":"delivery end item","quantity":10,"end":"2009-08-14T00:00:00"}
[buffer] ask {"demand":null,"buffer":"end item","requested":10,"date":"2009-08-13T00:00:00","onhand":10}
[demand] reply {"demand":"order 5","attempt":207,"result":false,"quantity":0,"date":"2009-08-15T00:00:00"}
[demand] attempt {"demand":"order 5","attempt":208,"quantity":10,"requestDate":"2009-08-15T00:00:00","lastDate":"2014-01-19T00:00:00"}
[operation] ask {"demand":"order 5","operation":"delivery end item","quantity":10,"end":"2009-08-15T00:00:00"}
[buffer] ask {"demand":null,"buffer":"end item","requested":10,"date":"2009-08-14T00:00:00","onhand":10}
[demand] reply {"demand":"order 5","attempt":208,"result":false,"quantity":0,"date":"2009-08-16T00:00:00"}
[demand] attempt {"demand":"order 5","attempt":209,"quantity":10,"requestDate":"2009-08-16T00:00:00","lastDate":"2014-01-19T00:00:00"}
[operation] ask {"demand":"order 5","operation":"delivery end item","quantity":10,"end":"2009-08-16T00:00:00"}
[buffer] ask {"demand":null,"buffer":"end item","requested":10,"date":"2009-08-15T00:00:00","onhand":10}
[demand] reply {"demand":"order 5","attempt":209,"result":false,"quantity":0,"date":"2009-08-17T00:00:00"}
[demand] attempt {"demand":"order 5","attempt":210,"quantity":10,"requestDate":"2009-08-17T00:00:00","lastDate":"2014-01-19T00:00:00"}
[operation] ask {"demand":"order 5","operation":"delivery end item","quantity":10,"end":"2009-08-17T00:00:00"}
[buffer] ask {"demand":null,"buffer":"end item","requested":10,"date":"2009-08-16T00:00:00","onhand":10}
[demand] reply {"demand":"order 5","attempt":210,"result":false,"quantity":0,"date":"2009-08-18T00:00:00"}
[demand] attempt {"demand":"order 5","attempt":211,"quantity":10,"requestDate":"2009-08-18T00:00:00","lastDate":"2014-01-19T00:00:00"}
[operation] ask {"demand":"order 5","operation":"delivery end item","quantity":10,"end":"2009-08-18T00:00:00"}
[buffer] ask {"demand":null,"buffer":"end item","requested":10,"date":"2009-08-17T00:00:00","onhand":10}
[demand] reply {"demand":"order 5","attempt":211,"result":false,"quantity":0,"date":"2009-08-19T00:00:00"}
[demand] attempt {"demand":"order 5","attempt":212,"quantity":10,"requestDate":"2009-08-19T00:00:00","lastDate":"2014-01-19T00:00:00"}
[operation] ask {"demand":"order 5","operation":"delivery end item","quantity":10,"end":"2009-08-19T00:00:00"}
[buffer] ask {"demand":null,"buffer":"end item","requested":10,"date":"2009-08-18T00:00:00","onhand":10}
[demand] reply {"demand":"order 5","attempt":212,"result":false,"quantity":0,"date":"2009-08-20T00:00:00"}
[demand] attempt {"demand":"order 5","attempt":213,"quantity":10,"requestDate":"2009-08-20T00:00:00","lastDate":"2014-01-19T00:00:00"}
[operation] ask {"demand":"order 5","operation":"delivery end item","quantity":10,"end":"2009-08-20T00:00:00"}
[buffer] ask {"demand":null,"buffer":"end item","requested":10,"date":"2009-08-19T00:00:00","onhand":10}
[demand] reply {"demand":"order 5","attempt":213,"result":false,"quantity":0,"date":"2009-08-21T00:00:00"}
[demand] attempt {"demand":"order 5","attempt":214,"quantity":10,"requestDate":"2009-08-21T00:00:00","lastDate":"2014-01-19T00:00:00"}
[operation] ask {"demand":"order 5","operation":"delivery end item","quantity":10,"end":"2009-08-21T00:00:00"}
[buffer] ask {"demand":null,"buffer":"end item","requested":10,"date":"2009-08-20T00:00:00","onhand":10}
[demand] reply {"demand":"order 5","attempt":214,"result":false,"quantity":0,"date":"2009-08-22T00:00:00"}
[demand] attempt {"demand":"order 5","attempt":215,"quantity":10,"requestDate":"2009-08-22T00:00:00","lastDate":"2014-01-19T00:00:00"}
[operation] ask {"demand":"order 5","operation":"delivery end item","quantity":10,"end":"2009-08-22T00:00:00"}
[buffer] ask {"demand":null,"buffer":"end item","requested":10,"date":"2009-08-21T00:00:00","onhand":10}
[demand] reply {"demand":"order 5","attempt":215,"result":false,"quantity":0,"date":"2009-08-23T00:00:00"}
[demand] attempt {"demand":"order 5","attempt":216,"quantity":10,"requestDate":"2009-08-23T00:00:00","lastDate":"2014-01-19T00:00:00"}
[operation] ask {"demand":"order 5","operation":"delivery end item","quantity":10,"end":"2009-08-23T00:00:00"}
[buffer] ask {"demand":null,"buffer":"end item","requested":10,"date":"2009-08-22T00:00:00","onhand":10}
[demand] reply {"demand":"order 5","attempt":216,"result":false,"quantity":0,"date":"2009-08-24T00:00:00"}
[demand] attempt {"demand":"order 5","attempt":217,"quantity":10,"requestDate":"2009-08-24T00:00:00","lastDate":"2014-01-19T00:00:00"}
[operation] ask {"demand":"order 5","operation":"delivery end item","quantity":10,"end":"2009-08-24T00:00:00"}
[buffer] ask {"demand":null,"buffer":"end item","requested":10,"date":"2009-08-23T00:00:00","onhand":10}
[demand] reply {"demand":"order 5","attempt":217,"result":false,"quantity":0,"date":"2009-08-25T00:00:00"}
[demand] attempt {"demand":"order 5","attempt":218,"quantity":10,"requestDate":"2009-08-25T00:00:00","lastDate":"2014-01-19T00:00:00"}
[operation] ask {"demand":"order 5","operation":"delivery end item","quantity":10,"end":"2009-08-25T00:00:00"}
[buffer] ask {"demand":null,"buffer":"end item","requested":10,"date":"2009-08-24T00:00:00","onhand":10}
[demand] reply {"demand":"order 5","attempt":218,"result":false,"quantity":0,"date":"2009-08-26T00:00:00"}
[demand] attempt {"demand":"order 5","attempt":219,"quantity":10,"requestDate":"2009-08-26T00:00:00","lastDate":"2014-01-19T00:00:00"}
[operation] ask {"demand":"order 5","operation":"delivery end item","quantity":10,"end":"2009-08-26T00:00:00"}
[buffer] ask {"demand":null,"buffer":"end item","requested":10,"date":"2009-08-25T00:00:00","onhand":10}
[demand] reply {"demand":"order 5","attempt":219,"result":false,"quantity":0,"date":"2009-08-27T00:00:00"}
[demand] attempt {"demand":"order 5","attempt":220,"quantity":10,"requestDate":"2009-08-27T00:00:00","lastDate":"2014-01-19T00:00:00"}
[operation] ask {"demand":"order 5","operation":"delivery end item","quantity":10,"end":"2009-08-27T00:00:00"}
[buffer] ask {"demand":null,"buffer":"end item","requested":10,"date":"2009-08-26T00:00:00","onhand":10}
[demand] reply {"demand":"order 5","attempt":220,"result":false,"quantity":0,"date":"2009-08-28T00:00:00"}
[demand] attempt {"demand":"order 5","attempt":221,"quantity":10,"requestDate":"2009-08-28T00:00:00","lastDate":"2014-01-19T00:00:00"}
[operation] ask {"demand":"order 5","operation":"delivery end item","quantity":10,"end":"2009-08-28T00:00:00"}
[buffer] ask {"demand":null,"buffer":"end item","requested":10,"date":"2009-08-27T00:00:00","onhand":10}
[demand] reply {"demand":"order 5","attempt":221,"result":false,"quantity":0,"date":"2009-08-29T00:00:00"}
[demand] attempt {"demand":"order 5","attempt":222,"quantity":10,"requestDate":"2009-08-29T00:00:00","lastDate":"2014-01-19T00:00:00"}
[operation] ask {"demand":"order 5","operation":"delivery end item","quantity":10,"end":"2009-08-29T00:00:00"}
[buffer] ask {"demand":null,"buffer":"end item","requested":10,"date":"2009-08-28T00:00:00","onhand":10}
[demand] reply {"demand":"order 5","attempt":222,"result":false,"quantity":0,"date":"2009-08-30T00:00:00"}
[demand] attempt {"demand":"order 5","attempt":223,"quantity":10,"requestDate":"2009-08-30T00:00:00","lastDate":"2014-01-19T00:00:00"}
[operation] ask {"demand":"order 5","operation":"delivery end item","quantity":10,"end":"2009-08-30T00:00:00"}
[buffer] ask {"demand":null,"buffer":"end item","requested":10,"date":"2009-08-29T00:00:00","onhand":10}
[demand] reply {"demand":"order 5","attempt":223,"result":false,"quantity":0,"date":"2009-08-31T00:00:00"}
[demand] attempt {"demand":"order 5","attempt":224,"quantity":10,"requestDate":"2009-08-31T00:00:00","lastDate":"2014-01-19T00:00:00"}
[operation] ask {"demand":"order 5","operation":"delivery end item","quantity":10,"end":"2009-08-31T00:00:00"}
[buffer] ask {"demand":null,"buffer":"end item","requested":10,"date":"2009-08-30T00:00:00","onhand":10}
[demand] reply {"demand":"order 5","attempt":224,"result":false,"quantity":0,"date":"2009-09-01T00:00:00"}
[demand] attempt {"demand":"order 5","attempt":225,"quantity":10,"requestDate":"2009-09-01T00:00:00","lastDate":"2014-01-19T00:00:00"}
[operation] ask {"demand":"order 5","operation":"delivery end item","quantity":10,"end":"2009-09-01T00:00:00"}
[buffer] ask {"demand":null,"buffer":"end item","requested":10,"date":"2009-08-31T00:00:00","onhand":10}
[demand] reply {"demand":"order 5","attempt":225,"result":false,"quantity":0,"date":"2009-09-02T00:00:00"}
[demand] attempt {"demand":"order 5","attempt":226,"quantity":10,"requestDate":"2009-09-02T00:00:00","lastDate":"2014-01-19T00:00:00"}
[operation] ask {"demand":"order 5","operation":"delivery end item","quantity":10,"end":"2009-09-02T00:00:00"}
[buffer] ask {"demand":null,"buffer":"end item","requested":10,"date":"2009-09-01T00:00:00","onhand":10}
[demand] reply {"demand":"order 5","attempt":226,"result":false,"quantity":0,"date":"2009-09-03T00:00:00"}
[demand] attempt {"demand":"order 5","attempt":227,"quantity":10,"requestDate":"2009-09-03T00:00:00","lastDate":"2014-01-19T00:00:00"}
[operation] ask {"demand":"order 5","operation":"delivery end item","quantity":10,"end":"2009-09-03T00:00:00"}
[buffer] ask {"demand":null,"buffer":"end item","requested":10,"date":"2009-09-02T00:00:00","onhand":10}
[demand] reply {"demand":"order 5","attempt":227,"result":false,"quantity":0,"date":"2009-09-04T00:00:00"}
[demand] attempt {"demand":"order 5","attempt":228,"quantity":10,"requestDate":"2009-09-04T00:00:00","lastDate":"2014-01-19T00:00:00"}
[operation] ask {"demand":"order 5","operation":"delivery end item","quantity":10,"end":"2009-09-04T00:00:00"}
[buffer] ask {"demand":null,"buffer":"end item","requested":10,"date":"2009-09-03T00:00:00","onhand":10}
[demand] reply {"demand":"order 5","attempt":228,"result":false,"quantity":0,"date":"2009-09-05T00:00:00"}
[demand] attempt {"demand":"order 5","attempt":229,"quantity":10,"requestDate":"2009-09-05T00:00:00","lastDate":"2014-01-19T00:00:00"}
[operation] ask {"demand":"order 5","operation":"delivery end item","quantity":10,"end":"2009-09-05T00:00:00"}
[buffer] ask {"demand":null,"buffer":"end item","requested":10,"date":"2009-09-04T00:00:00","onhand":10}
[demand] reply {"demand":"order 5","attempt":229,"result":false,"quantity":0,"date":"2009-09-06T00:00:00"}
[demand] attempt {"demand":"order 5","attempt":230,"quantity":10,"requestDate":"2009-09-06T00:00:00","lastDate":"2014-01-19T00:00:00"}
[operation] ask {"demand":"order 5","operation":"delivery end item","quantity":10,"end":"2009-09-06T00:00:00"}
[buffer] ask {"demand":null,"buffer":"end item","requested":10,"date":"2009-09-05T00:00:00","onhand":10}
[demand] reply {"demand":"order 5","attempt":230,"result":false,"quantity":0,"date":"2009-09-07T00:00:00"}
[demand] attempt {"demand":"order 5","attempt":231,"quantity":10,"requestDate":"2009-09-07T00:00:00","lastDate":"2014-01-19T00:00:00"}
[operation] ask {"demand":"order 5","operation":"delivery end item","quantity":10,"end":"2009-09-07T00:00:00"}
[buffer] ask {"demand":null,"buffer":"end item","requested":10,"date":"2009-09-06T00:00:00","onhand":10}
[demand] reply {"demand":"order 5","attempt":231,"result":false,"quantity":0,"date":"2009-09-08T00:00:00"}
[demand] attempt {"demand":"order 5","attempt":232,"quantity":10,"requestDate":"2009-09-08T00:00:00","lastDate":"2014-01-19T00:00:00"}
[operation] ask {"demand":"order 5","operation":"delivery end item","quantity":10,"end":"2009-09-08T00:00:00"}
[buffer] ask {"demand":null,"buffer":"end item","requested":10,"date":"2009-09-07T00:00:00","onhand":10}
[demand] reply {"demand":"order 5","attempt":232,"result":false,"quantity":0,"date":"2009-09-09T00:00:00"}
[demand] attempt {"demand":"order 5","attempt":233,"quantity":10,"requestDate":"2009-09-09T00:00:00","lastDate":"2014-01-19T00:00:00"}
[operation] ask {"demand":"order 5","operation":"delivery end item","quantity":10,"end":"2009-09-09T00:00:00"}
[buffer] ask {"demand":null,"buffer":"end item","requested":10,"date":"2009-09-08T00:00:00","onhand":10}
[demand] reply {"demand":"order 5","attempt":233,"result":false,"quantity":0,"date":"2009-09-10T00:00:00"}
[demand] attempt {"demand":"order 5","attempt":234,"quantity":10,"requestDate":"2009-09-10T00:00:00","lastDate":"2014-01-19T00:00:00"}
[operation] ask {"demand":"order 5","operation":"delivery end item","quantity":10,"end":"2009-09-10T00:00:00"}
[buffer] ask {"demand":null,"buffer":"end item","requested":10,"date":"2009-09-09T00:00:00","onhand":10}
[demand] reply {"demand":"order 5","attempt":234,"result":false,"quantity":0,"date":"2009-09-11T00:00:00"}
[demand] attempt {"demand":"order 5","attempt":235,"quantity":10,"requestDate":"2009-09-11T00:00:00","lastDate":"2014-01-19T00:00:00"}
[operation] ask {"demand":"order 5","operation":"delivery end item","quantity":10,"end":"2009-09-11T00:00:00"}
[buffer] ask {"demand":null,"buffer":"end item","requested":10,"date":"2009-09-10T00:00:00","onhand":10}
[demand] reply {"demand":"order 5","attempt":235,"result":false,"quantity":0,"date":"2009-09-12T00:00:00"}
[demand] attempt {"demand":"order 5","attempt":236,"quantity":10,"requestDate":"2009-09-12T00:00:00","lastDate":"2014-01-19T00:00:00"}
[operation] ask {"demand":"order 5","operation":"delivery end item","quantity":10,"end":"2009-09-12T00:00:00"}
[buffer] ask {"demand":null,"buffer":"end item","requested":10,"date":"2009-09-11T00:00:00","onhand":10}
[demand] reply {"demand":"order 5","attempt":236,"result":false,"quantity":0,"date":"2009-09-13T00:00:00"}
[demand] attempt {"demand":"order 5","attempt":237,"quantity":10,"requestDate":"2009-09-13T00:00:00","lastDate":"2014-01-19T00:00:00"}
[operation] ask {"demand":"order 5","operation":"delivery end item","quantity":10,"end":"2009-09-13T00:00:00"}
[buffer] ask {"demand":null,"buffer":"end item","requested":10,"date":"2009-09-12T00:00:00","onhand":10}
[demand] reply {"demand":"order 5","attempt":237,"result":false,"quantity":0,"date":"2009-09-14T00:00:00"}
[demand] attempt {"demand":"order 5","attempt":238,"quantity":10,"requestDate":"2009-09-14T00:00:00","lastDate":"2014-01-19T00:00:00"}
[operation] ask {"demand":"order 5","operation":"delivery end item","quantity":10,"end":"2009-09-14T00:00:00"}
[buffer] ask {"demand":null,"buffer":"end item","requested":10,"date":"2009-09-13T00:00:00","onhand":10}
[demand] reply {"demand":"order 5","attempt":238,"result":false,"quantity":0,"date":"2009-09-15T00:00:00"}
[demand] attempt {"demand":"order 5","attempt":239,"quantity":10,"requestDate":"2009-09-15T00:00:00","lastDate":"2014-01-19T00:00:00"}
[operation] ask {"demand":"order 5","operation":"delivery end item","quantity":10,"end":"2009-09-15T00:00:00"}
[buffer] ask {"demand":null,"buffer":"end item","requested":10,"date":"2009-09-14T00:00:00","onhand":10}
[demand] reply {"demand":"order 5","attempt":239,"result":false,"quantity":0,"date":"2009-09-16T00:00:00"}
[demand] attempt {"demand":"order 5","attempt":240,"quantity":10,"requestDate":"2009-09-16T00:00:00","lastDate":"2014-01-19T00:00:00"}
[operation] ask {"demand":"order 5","operation":"delivery end item","quantity":10,"end":"2009-09-16T00:00:00"}
[buffer] ask {"demand":null,"buffer":"end item","requested":10,"date":"2009-09-15T00:00:00","onhand":10}
[demand] reply {"demand":"order 5","attempt":240,"result":false,"quantity":0,"date":"2009-09-17T00:00:00"}
[demand] attempt {"demand":"order 5","attempt":241,"quantity":10,"requestDate":"2009-09-17T00:00:00","lastDate":"2014-01-19T00:00:00"}
[operation] ask {"demand":"order 5","operation":"delivery end item","quantity":10,"end":"2009-09-17T00:00:00"}
[buffer] ask {"demand":null,"buffer":"end item","requested":10,"date":"2009-09-16T00:00:00","onhand":10}
[demand] reply {"demand":"order 5","attempt":241,"result":false,"quantity":0,"date":"2009-09-18T00:00:00"}
[demand] attempt {"demand":"order 5","attempt":242,"quantity":10,"requestDate":"2009-09-18T00:00:00","lastDate":"2014-01-19T00:00:00"}
[operation] ask {"demand":"order 5","operation":"delivery end item","quantity":10,"end":"2009-09-18T00:00:00"}
[buffer] ask {"demand":null,"buffer":"end item","requested":10,"date":"2009-09-17T00:00:00","onhand":10}
[demand] reply {"demand":"order 5","attempt":242,"result":false,"quantity":0,"date":"2009-09-19T00:00:00"}
[demand] attempt {"demand":"order 5","attempt":243,"quantity":10,"requestDate":"2009-09-19T00:00:00","lastDate":"2014-01-19T00:00:00"}
[operation] ask {"demand":"order 5","operation":"delivery end item","quantity":10,"end":"2009-09-19T00:00:00"}
[buffer] ask {"demand":null,"buffer":"end item","requested":10,"date":"2009-09-18T00:00:00","onhand":10}
[demand] reply {"demand":"order 5","attempt":243,"result":false,"quantity":0,"date":"2009-09-20T00:00:00"}
[demand] attempt {"demand":"order 5","attempt":244,"quantity":10,"requestDate":"2009-09-20T00:00:00","lastDate":"2014-01-19T00:00:00"}
[operation] ask {"demand":"order 5","operation":"delivery end item","quantity":10,"end":"2009-09-20T00:00:00"}
[buffer] ask {"demand":null,"buffer":"end item","requested":10,"date":"2009-09-19T00:00:00","onhand":10}
[demand] reply {"demand":"order 5","attempt":244,"result":false,"quantity":0,"date":"2009-09-21T00:00:00"}
[demand] attempt {"demand":"order 5","attempt":245,"quantity":10,"requestDate":"2009-09-21T00:00:00","lastDate":"2014-01-19T00:00:00"}
[operation] ask {"demand":"order 5","operation":"delivery end item","quantity":10,"end":"2009-09-21T00:00:00"}
[buffer] ask {"demand":null,"buffer":"end item","requested":10,"date":"2009-09-20T00:00:00","onhand":10}
[demand] reply {"demand":"order 5","attempt":245,"result":false,"quantity":0,"date":"2009-09-22T00:00:00"}
[demand] attempt {"demand":"order 5","attempt":246,"quantity":10,"requestDate":"2009-09-22T00:00:00","lastDate":"2014-01-19T00:00:00"}
[operation] ask {"demand":"order 5","operation":"delivery end item","quantity":10,"end":"2009-09-22T00:00:00"}
[buffer] ask {"demand":null,"buffer":"end item","requested":10,"date":"2009-09-21T00:00:00","onhand":10}
[demand] reply {"demand":"order 5","attempt":246,"result":false,"quantity":0,"date":"2009-09-23T00:00:00"}
[demand] attempt {"demand":"order 5","attempt":247,"quantity":10,"requestDate":"2009-09-23T00:00:00","lastDate":"2014-01-19T00:00:00"}
[operation] ask {"demand":"order 5","operation":"delivery end item","quantity":10,"end":"2009-09-23T00:00:00"}
[buffer] ask {"demand":null,"buffer":"end item","requested":10,"date":"2009-09-22T00:00:00","onhand":10}
[demand] reply {"demand":"order 5","attempt":247,"result":false,"quantity":0,"date":"2009-09-24T00:00:00"}
[demand] attempt {"demand":"order 5","attempt":248,"quantity":10,"requestDate":"2009-09-24T00:00:00","lastDate":"2014-01-19T00:00:00"}
[operation] ask {"demand":"order 5","operation":"delivery end item","quantity":10,"end":"2009-09-24T00:00:00"}
[buffer] ask {"demand":null,"buffer":"end item","requested":10,"date":"2009-09-23T00:00:00","onhand":10}
[demand] reply {"demand":"order 5","attempt":248,"result":false,"quantity":0,"date":"2009-09-25T00:00:00"}
[demand] attempt {"demand":"order 5","attempt":249,"quantity":10,"requestDate":"2009-09-25T00:00:00","lastDate":"2014-01-19T00:00:00"}
[operation] ask {"demand":"order 5","operation":"delivery end item","quantity":10,"end":"2009-09-25T00:00:00"}
[buffer] ask {"demand":null,"buffer":"end item","requested":10,"date":"2009-09-24T00:00:00","onhand":10}
[demand] reply {"demand":"order 5","attempt":249,"result":false,"quantity":0,"date":"2009-09-26T00:00:00"}
[demand] attempt {"demand":"order 5","attempt":250,"quantity":10,"requestDate":"2009-09-26T00:00:00","lastDate":"2014-01-19T00:00:00"}
[operation] ask {"demand":"order 5","operation":"delivery end item","quantity":10,"end":"2009-09-26T00:00:00"}
[buffer] ask {"demand":null,"buffer":"end item","requested":10,"date":"2009-09-25T00:00:00","onhand":10}
[demand] reply {"demand":"order 5","attempt":250,"result":false,"quantity":0,"date":"2009-09-27T00:00:00"}
[demand] attempt {"demand":"order 5","attempt":251,"quantity":10,"requestDate":"2009-09-27T00:00:00","lastDate":"2014-01-19T00:00:00"}
[operation] ask {"demand":"order 5","operation":"delivery end item","quantity":10,"end":"2009-09-27T00:00:00"}
[buffer] ask {"demand":null,"buffer":"end item","requested":10,"date":"2009-09-26T00:00:00","onhand":10}
[demand] reply {"demand":"order 5","attempt":251,"result":false,"quantity":0,"date":"2009-09-28T00:00:00"}
[demand] attempt {"demand":"order 5","attempt":252,"quantity":10,"requestDate":"2009-09-28T00:00:00","lastDate":"2014-01-19T00:00:00"}
[operation] ask {"demand":"order 5","operation":"delivery end item","quantity":10,"end":"2009-09-28T00:00:00"}
[buffer] ask {"demand":null,"buffer":"end item","requested":10,"date":"2009-09-27T00:00:00","onhand":10}
[demand] reply {"demand":"order 5","attempt":252,"result":false,"quantity":0,"date":"2009-09-29T00:00:00"}
[demand] attempt {"demand":"order 5","attempt":253,"quantity":10,"requestDate":"2009-09-29T00:00:00","lastDate":"2014-01-19T00:00:00"}
[operation] ask {"demand":"order 5","operation":"delivery end item","quantity":10,"end":"2009-09-29T00:00:00"}
[buffer] ask {"demand":null,"buffer":"end item","requested":10,"date":"2009-09-28T00:00:00","onhand":10}
[demand] reply {"demand":"order 5","attempt":253,"result":false,"quantity":0,"date":"2009-09-30T00:00:00"}
[demand] attempt {"demand":"order 5","attempt":254,"quantity":10,"requestDate":"2009-09-30T00:00:00","lastDate":"2014-01-19T00:00:00"}
[operation] ask {"demand":"order 5","operation":"delivery end item","quantity":10,"end":"2009-09-30T00:00:00"}
[buffer] ask {"demand":null,"buffer":"end item","requested":10,"date":"2009-09-29T00:00:00","onhand":10}
[demand] reply {"demand":"order 5","attempt":254,"result":false,"quantity":0,"date":"2009-10-01T00:00:00"}
[demand] attempt {"demand":"order 5","attempt":255,"quantity":10,"requestDate":"2009-10-01T00:00:00","lastDate":"2014-01-19T00:00:00"}
[operation] ask {"demand":"order 5","operation":"delivery end item","quantity":10,"end":"2009-10-01T00:00:00"}
[buffer] ask {"demand":null,"buffer":"end item","requested":10,"date":"2009-09-30T00:00:00","onhand":10}
[demand] reply {"demand":"order 5","attempt":255,"result":false,"quantity":0,"date":"2009-10-02T00:00:00"}
[demand] attempt {"demand":"order 5","attempt":256,"quantity":10,"requestDate":"2009-10-02T00:00:00","lastDate":"2014-01-19T00:00:00"}
[operation] ask {"demand":"order 5","operation":"delivery end item","quantity":10,"end":"2009-10-02T00:00:00"}
[buffer] ask {"demand":null,"buffer":"end item","requested":10,"date":"2009-10-01T00:00:00","onhand":10}
[demand] reply {"demand":"order 5","attempt":256,"result":false,"quantity":0,"date":"2009-10-03T00:00:00"}
[demand] attempt {"demand":"order 5","attempt":257,"quantity":10,"requestDate":"2009-10-03T00:00:00","lastDate":"2014-01-19T00:00:00"}
[operation] ask {"demand":"order 5","operation":"delivery end item","quantity":10,"end":"2009-10-03T00:00:00"}
[buffer] ask {"demand":null,"buffer":"end item","requested":10,"date":"2009-10-02T00:00:00","onhand":10}
[demand] reply {"demand":"order 5","attempt":257,"result":false,"quantity":0,"date":"2009-10-04T00:00:00"}
[demand] attempt {"demand":"order 5","attempt":258,"quantity":10,"requestDate":"2009-10-04T00:00:00","lastDate":"2014-01-19T00:00:00"}
[operation] ask {"demand":"order 5","operation":"delivery end item","quantity":10,"end":"2009-10-04T00:00:00"}
[buffer] ask {"demand":null,"buffer":"end item","requested":10,"date":"2009-10-03T00:00:00","onhand":10}
[demand] reply {"demand":"order 5","attempt":258,"result":false,"quantity":0,"date":"2009-10-05T00:00:00"}
[demand] attempt {"demand":"order 5","attempt":259,"quantity":10,"requestDate":"2009-10-05T00:00:00","lastDate":"2014-01-19T00:00:00"}
[operation] ask {"demand":"order 5","operation":"delivery end item","quantity":10,"end":"2009-10-05T00:00:00"}
[buffer] ask {"demand":null,"buffer":"end item","requested":10,"date":"2009-10-04T00:00:00","onhand":10}
[demand] reply {"demand":"order 5","attempt":259,"result":false,"quantity":0,"date":"2009-10-06T00:00:00"}
[demand] attempt {"demand":"order 5","attempt":260,"quantity":10,"requestDate":"2009-10-06T00:00:00","lastDate":"2014-01-19T00:00:00"}
[operation] ask {"demand":"order 5","operation":"delivery end item","quantity":10,"end":"2009-10-06T00:00:00"}
[buffer] ask {"demand":null,"buffer":"end item","requested":10,"date":"2009-10-05T00:00:00","onhand":10}
[demand] reply {"demand":"order 5","attempt":260,"result":false,"quantity":0,"date":"2009-10-07T00:00:00"}
[demand] attempt {"demand":"order 5","attempt":261,"quantity":10,"requestDate":"2009-10-07T00:00:00","lastDate":"2014-01-19T00:00:00"}
[operation] ask {"demand":"order 5","operation":"delivery end item","quantity":10,"end":"2009-10-07T00:00:00"}
[buffer] ask {"demand":null,"buffer":"end item","requested":10,"date":"2009-10-06T00:00:00","onhand":10}
[demand] reply {"demand":"order 5","attempt":261,"result":false,"quantity":0,"date":"2009-10-08T00:00:00"}
[demand] attempt {"demand":"order 5","attempt":262,"quantity":10,"requestDate":"2009-10-08T00:00:00","lastDate":"2014-01-19T00:00:00"}
[operation] ask {"demand":"order 5","operation":"delivery end item","quantity":10,"end":"2009-10-08T00:00:00"}
[buffer] ask {"demand":null,"buffer":"end item","requested":10,"date":"2009-10-07T00:00:00","onhand":10}
[demand] reply {"demand":"order 5","attempt":262,"result":false,"quantity":0,"date":"2009-10-09T00:00:00"}
[demand] attempt {"demand":"order 5","attempt":263,"quantity":10,"requestDate":"2009-10-09T00:00:00","lastDate":"2014-01-19T00:00:00"}
[operation] ask {"demand":"order 5","operation":"delivery end item","quantity":10,"end":"2009-10-09T00:00:00"}
[buffer] ask {"demand":null,"buffer":"end item","requested":10,"date":"2009-10-08T00:00:00","onhand":10}
[demand] reply {"demand":"order 5","attempt":263,"result":false,"quantity":0,"date":"2009-10-10T00:00:00"}
[demand] attempt {"demand":"order 5","attempt":264,"quantity":10,"requestDate":"2009-10-10T00:00:00","lastDate":"2014-01-19T00:00:00"}
[operation] ask {"demand":"order 5","operation":"delivery end item","quantity":10,"end":"2009-10-10T00:00:00"}
[buffer] ask {"demand":null,"buffer":"end item","requested":10,"date":"2009-10-09T00:00:00","onhand":10}
[demand] reply {"demand":"order 5","attempt":264,"result":false,"quantity":0,"date":"2009-10-11T00:00:00"}
[demand] attempt {"demand":"order 5","attempt":265,"quantity":10,"requestDate":"2009-10-11T00:00:00","lastDate":"2014-01-19T00:00:00"}
[operation] ask {"demand":"order 5","operation":"delivery end item","quantity":10,"end":"2009-10-11T00:00:00"}
[buffer] ask {"demand":null,"buffer":"end item","requested":10,"date":"2009-10-10T00:00:00","onhand":10}
[demand] reply {"demand":"order 5","attempt":265,"result":false,"quantity":0,"date":"2009-10-12T00:00:00"}
[demand] attempt {"demand":"order 5","attempt":266,"quantity":10,"requestDate":"2009-10-12T00:00:00","lastDate":"2014-01-19T00:00:00"}
[operation] ask {"demand":"order 5","operation":"delivery end item","quantity":10,"end":"2009-10-12T00:00:00"}
[buffer] ask {"demand":null,"buffer":"end item","requested":10,"date":"2009-10-11T00:00:00","onhand":10}
[demand] reply {"demand":"order 5","attempt":266,"result":false,"quantity":0,"date":"2009-10-13T00:00:00"}
[demand] attempt {"demand":"order 5","attempt":267,"quantity":10,"requestDate":"2009-10-13T00:00:00","lastDate":"2014-01-19T00:00:00"}
[operation] ask {"demand":"order 5","operation":"delivery end item","quantity":10,"end":"2009-10-13T00:00:00"}
[buffer] ask {"demand":null,"buffer":"end item","requested":10,"date":"2009-10-12T00:00:00","onhand":10}
[demand] reply {"demand":"order 5","attempt":267,"result":false,"quantity":0,"date":"2009-10-14T00:00:00"}
[demand] attempt {"demand":"order 5","attempt":268,"quantity":10,"requestDate":"2009-10-14T00:00:00","lastDate":"2014-01-19T00:00:00"}
[operation] ask {"demand":"order 5","operation":"delivery end item","quantity":10,"end":"2009-10-14T00:00:00"}
[buffer] ask {"demand":null,"buffer":"end item","requested":10,"date":"2009-10-13T00:00:00","onhand":10}
[demand] reply {"demand":"order 5","attempt":268,"result":false,"quantity":0,"date":"2009-10-15T00:00:00"}
[demand] attempt {"demand":"order 5","attempt":269,"quantity":10,"requestDate":"2009-10-15T00:00:00","lastDate":"2014-01-19T00:00:00"}
[operation] ask {"demand":"order 5","operation":"delivery end item","quantity":10,"end":"2009-10-15T00:00:00"}
[buffer] ask {"demand":null,"buffer":"end item","requested":10,"date":"2009-10-14T00:00:00","onhand":10}
[demand] reply {"demand":"order 5","attempt":269,"result":false,"quantity":0,"date":"2009-10-16T00:00:00"}
[demand] attempt {"demand":"order 5","attempt":270,"quantity":10,"requestDate":"2009-10-16T00:00:00","lastDate":"2014-01-19T00:00:00"}
[operation] ask {"demand":"order 5","operation":"delivery end item","quantity":10,"end":"2009-10-16T00:00:00"}
[buffer] ask {"demand":null,"buffer":"end item","requested":10,"date":"2009-10-15T00:00:00","onhand":10}
[demand] reply {"demand":"order 5","attempt":270,"result":false,"quantity":0,"date":"2009-10-17T00:00:00"}
[demand] attempt {"demand":"order 5","attempt":271,"quantity":10,"requestDate":"2009-10-17T00:00:00","lastDate":"2014-01-19T00:00:00"}
[operation] ask {"demand":"order 5","operation":"delivery end item","quantity":10,"end":"2009-10-17T00:00:00"}
[buffer] ask {"demand":null,"buffer":"end item","requested":10,"date":"2009-10-16T00:00:00","onhand":10}
[demand] reply {"demand":"order 5","attempt":271,"result":false,"quantity":0,"date":"2009-10-18T00:00:00"}
[demand] attempt {"demand":"order 5","attempt":272,"quantity":10,"requestDate":"2009-10-18T00:00:00","lastDate":"2014-01-19T00:00:00"}
[operation] ask {"demand":"order 5","operation":"delivery end item","quantity":10,"end":"2009-10-18T00:00:00"}
[buffer] ask {"demand":null,"buffer":"end item","requested":10,"date":"2009-10-17T00:00:00","onhand":10}
[demand] reply {"demand":"order 5","attempt":272,"result":false,"quantity":0,"date":"2009-10-19T00:00:00"}
[demand] attempt {"demand":"order 5","attempt":273,"quantity":10,"requestDate":"2009-10-19T00:00:00","lastDate":"2014-01-19T00:00:00"}
[operation] ask {"demand":"order 5","operation":"delivery end item","quantity":10,"end":"2009-10-19T00:00:00"}
[buffer] ask {"demand":null,"buffer":"end item","requested":10,"date":"2009-10-18T00:00:00","onhand":10}
[demand] reply {"demand":"order 5","attempt":273,"result":false,"quantity":0,"date":"2009-10-20T00:00:00"}
[demand] attempt {"demand":"order 5","attempt":274,"quantity":10,"requestDate":"2009-10-20T00:00:00","lastDate":"2014-01-19T00:00:00"}
[operation] ask {"demand":"order 5","operation":"delivery end item","quantity":10,"end":"2009-10-20T00:00:00"}
[buffer] ask {"demand":null,"buffer":"end item","requested":10,"date":"2009-10-19T00:00:00","onhand":10}
[demand] reply {"demand":"order 5","attempt":274,"result":false,"quantity":0,"date":"2009-10-21T00:00:00"}
[demand] attempt {"demand":"order 5","attempt":275,"quantity":10,"requestDate":"2009-10-21T00:00:00","lastDate":"2014-01-19T00:00:00"}
[operation] ask {"demand":"order 5","operation":"delivery end item","quantity":10,"end":"2009-10-21T00:00:00"}
[buffer] ask {"demand":null,"buffer":"end item","requested":10,"date":"2009-10-20T00:00:00","onhand":10}
[demand] reply {"demand":"order 5","attempt":275,"result":false,"quantity":0,"date":"2009-10-22T00:00:00"}
[demand] attempt {"demand":"order 5","attempt":276,"quantity":10,"requestDate":"2009-10-22T00:00:00","lastDate":"2014-01-19T00:00:00"}
[operation] ask {"demand":"order 5","operation":"delivery end item","quantity":10,"end":"2009-10-22T00:00:00"}
[buffer] ask {"demand":null,"buffer":"end item","requested":10,"date":"2009-10-21T00:00:00","onhand":10}
[demand] reply {"demand":"order 5","attempt":276,"result":false,"quantity":0,"date":"2009-10-23T00:00:00"}
[demand] attempt {"demand":"order 5","attempt":277,"quantity":10,"requestDate":"2009-10-23T00:00:00","lastDate":"2014-01-19T00:00:00"}
[operation] ask {"demand":"order 5","operation":"delivery end item","quantity":10,"end":"2009-10-23T00:00:00"}
[buffer] ask {"demand":null,"buffer":"end item","requested":10,"date":"2009-10-22T00:00:00","onhand":10}
[demand] reply {"demand":"order 5","attempt":277,"result":false,"quantity":0,"date":"2009-10-24T00:00:00"}
[demand] attempt {"demand":"order 5","attempt":278,"quantity":10,"requestDate":"2009-10-24T00:00:00","lastDate":"2014-01-19T00:00:00"}
[operation] ask {"demand":"order 5","operation":"delivery end item","quantity":10,"end":"2009-10-24T00:00:00"}
[buffer] ask {"demand":null,"buffer":"end item","requested":10,"date":"2009-10-23T00:00:00","onhand":10}
[demand] reply {"demand":"order 5","attempt":278,"result":false,"quantity":0,"date":"2009-10-25T00:00:00"}
[demand] attempt {"demand":"order 5","attempt":279,"quantity":10,"requestDate":"2009-10-25T00:00:00","lastDate":"2014-01-19T00:00:00"}
[operation] ask {"demand":"order 5","operation":"delivery end item","quantity":10,"end":"2009-10-25T00:00:00"}
[buffer] ask {"demand":null,"buffer":"end item","requested":10,"date":"2009-10-24T00:00:00","onhand":10}
[demand] reply {"demand":"order 5","attempt":279,"result":false,"quantity":0,"date":"2009-10-26T00:00:00"}
[demand] attempt {"demand":"order 5","attempt":280,"quantity":10,"requestDate":"2009-10-26T00:00:00","lastDate":"2014-01-19T00:00:00"}
[operation] ask {"demand":"order 5","operation":"delivery end item","quantity":10,"end":"2009-10-26T00:00:00"}
[buffer] ask {"demand":null,"buffer":"end item","requested":10,"date":"2009-10-25T00:00:00","onhand":10}
[demand] reply {"demand":"order 5","attempt":280,"result":false,"quantity":0,"date":"2009-10-27T00:00:00"}
[demand] attempt {"demand":"order 5","attempt":281,"quantity":10,"requestDate":"2009-10-27T00:00:00","lastDate":"2014-01-19T00:00:00"}
[operation] ask {"demand":"order 5","operation":"delivery end item","quantity":10,"end":"2009-10-27T00:00:00"}
[buffer] ask {"demand":null,"buffer":"end item","requested":10,"date":"2009-10-26T00:00:00","onhand":10}
[demand] reply {"demand":"order 5","attempt":281,"result":false,"quantity":0,"date":"2009-10-28T00:00:00"}
[demand] attempt {"demand":"order 5","attempt":282,"quantity":10,"requestDate":"2009-10-28T00:00:00","lastDate":"2014-01-19T00:00:00"}
[operation] ask {"demand":"order 5","operation":"delivery end item","quantity":10,"end":"2009-10-28T00:00:00"}
[buffer] ask {"demand":null,"buffer":"end item","requested":10,"date":"2009-10-27T00:00:00","onhand":10}
[demand] reply {"demand":"order 5","attempt":282,"result":false,"quantity":0,"date":"2009-10-29T00:00:00"}
[demand] attempt {"demand":"order 5","attempt":283,"quantity":10,"requestDate":"2009-10-29T00:00:00","lastDate":"2014-01-19T00:00:00"}
[operation] ask {"demand":"order 5","operation":"delivery end item","quantity":10,"end":"2009-10-29T00:00:00"}
[buffer] ask {"demand":null,"buffer":"end item","requested":10,"date":"2009-10-28T00:00:00","onhand":10}
[demand] reply {"demand":"order 5","attempt":283,"result":false,"quantity":0,"date":"2009-10-30T00:00:00"}
[demand] attempt {"demand":"order 5","attempt":284,"quantity":10,"requestDate":"2009-10-30T00:00:00","lastDate":"2014-01-19T00:00:00"}
[operation] ask {"demand":"order 5","operation":"delivery end item","quantity":10,"end":"2009-10-30T00:00:00"}
[buffer] ask {"demand":null,"buffer":"end item","requested":10,"date":"2009-10-29T00:00:00","onhand":10}
[demand] reply {"demand":"order 5","attempt":284,"result":false,"quantity":0,"date":"2009-10-31T00:00:00"}
[demand] attempt {"demand":"order 5","attempt":285,"quantity":10,"requestDate":"2009-10-31T00:00:00","lastDate":"2014-01-19T00:00:00"}
[operation] ask {"demand":"order 5","operation":"delivery end item","quantity":10,"end":"2009-10-31T00:00:00"}
[buffer] ask {"demand":null,"buffer":"end item","requested":10,"date":"2009-10-30T00:00:00","onhand":10}
[demand] reply {"demand":"order 5","attempt":285,"result":false,"quantity":0,"date":"2009-11-01T00:00:00"}
[demand] attempt {"demand":"order 5","attempt":286,"quantity":10,"requestDate":"2009-11-01T00:00:00","lastDate":"2014-01-19T00:00:00"}
[operation] ask {"demand":"order 5","operation":"delivery end item","quantity":10,"end":"2009-11-01T00:00:00"}
[buffer] ask {"demand":null,"buffer":"end item","requested":10,"date":"2009-10-31T00:00:00","onhand":10}
[demand] reply {"demand":"order 5","attempt":286,"result":false,"quantity":0,"date":"2009-11-02T00:00:00"}
[demand] attempt {"demand":"order 5","attempt":287,"quantity":10,"requestDate":"2009-11-02T00:00:00","lastDate":"2014-01-19T00:00:00"}
[operation] ask {"demand":"order 5","operation":"delivery end item","quantity":10,"end":"2009-11-02T00:00:00"}
[buffer] ask {"demand":null,"buffer":"end item","requested":10,"date":"2009-11-01T00:00:00","onhand":10}
[demand] reply {"demand":"order 5","attempt":287,"result":false,"quantity":0,"date":"2009-11-03T00:00:00"}
[demand] attempt {"demand":"order 5","attempt":288,"quantity":10,"requestDate":"2009-11-03T00:00:00","lastDate":"2014-01-19T00:00:00"}
[operation] ask {"demand":"order 5","operation":"delivery end item","quantity":10,"end":"2009-11-03T00:00:00"}
[buffer] ask {"demand":null,"buffer":"end item","requested":10,"date":"2009-11-02T00:00:00","onhand":10}
[demand] reply {"demand":"order 5","attempt":288,"result":false,"quantity":0,"date":"2009-11-04T00:00:00"}
[demand] attempt {"demand":"order 5","attempt":289,"quantity":10,"requestDate":"2009-11-04T00:00:00","lastDate":"2014-01-19T00:00:00"}
[operation] ask {"demand":"order 5","operation":"delivery end item","quantity":10,"end":"2009-11-04T00:00:00"}
[buffer] ask {"demand":null,"buffer":"end item","requested":10,"date":"2009-11-03T00:00:00","onhand":10}
[demand] reply {"demand":"order 5","attempt":289,"result":false,"quantity":0,"date":"2009-11-05T00:00:00"}
[demand] attempt {"demand":"order 5","attempt":290,"quantity":10,"requestDate":"2009-11-05T00:00:00","lastDate":"2014-01-19T00:00:00"}
[operation] ask {"demand":"order 5","operation":"delivery end item","quantity":10,"end":"2009-11-05T00:00:00"}
[buffer] ask {"demand":null,"buffer":"end item","requested":10,"date":"2009-11-04T00:00:00","onhand":10}
[demand] reply {"demand":"order 5","attempt":290,"result":false,"quantity":0,"date":"2009-11-06T00:00:00"}
[demand] attempt {"demand":"order 5","attempt":291,"quantity":10,"requestDate":"2009-11-06T00:00:00","lastDate":"2014-01-19T00:00:00"}
[operation] ask {"demand":"order 5","operation":"delivery end item","quantity":10,"end":"2009-11-06T00:00:00"}
[buffer] ask {"demand":null,"buffer":"end item","requested":10,"date":"2009-11-05T00:00:00","onhand":10}
[demand] reply {"demand":"order 5","attempt":291,"result":false,"quantity":0,"date":"2009-11-07T00:00:00"}
[demand] attempt {"demand":"order 5","attempt":292,"quantity":10,"requestDate":"2009-11-07T00:00:00","lastDate":"2014-01-19T00:00:00"}
[operation] ask {"demand":"order 5","operation":"delivery end item","quantity":10,"end":"2009-11-07T00:00:00"}
[buffer] ask {"demand":null,"buffer":"end item","requested":10,"date":"2009-11-06T00:00:00","onhand":10}
[demand] reply {"demand":"order 5","attempt":292,"result":false,"quantity":0,"date":"2009-11-08T00:00:00"}
[demand] attempt {"demand":"order 5","attempt":293,"quantity":10,"requestDate":"2009-11-08T00:00:00","lastDate":"2014-01-19T00:00:00"}
[operation] ask {"demand":"order 5","operation":"delivery end item","quantity":10,"end":"2009-11-08T00:00:00"}
[buffer] ask {"demand":null,"buffer":"end item","requested":10,"date":"2009-11-07T00:00:00","onhand":10}
[demand] reply {"demand":"order 5","attempt":293,"result":false,"quantity":0,"date":"2009-11-09T00:00:00"}
[demand] attempt {"demand":"order 5","attempt":294,"quantity":10,"requestDate":"2009-11-09T00:00:00","lastDate":"2014-01-19T00:00:00"}
[operation] ask {"demand":"order 5","operation":"delivery end item","quantity":10,"end":"2009-11-09T00:00:00"}
[buffer] ask {"demand":null,"buffer":"end item","requested":10,"date":"2009-11-08T00:00:00","onhand":10}
[demand] reply {"demand":"order 5","attempt":294,"result":false,"quantity":0,"date":"2009-11-10T00:00:00"}
[demand] attempt {"demand":"order 5","attempt":295,"quantity":10,"requestDate":"2009-11-10T00:00:00","lastDate":"2014-01-19T00:00:00"}
[operation] ask {"demand":"order 5","operation":"delivery end item","quantity":10,"end":"2009-11-10T00:00:00"}
[buffer] ask {"demand":null,"buffer":"end item","requested":10,"date":"2009-11-09T00:00:00","onhand":10}
[demand] reply {"demand":"order 5","attempt":295,"result":false,"quantity":0,"date":"2009-11-11T00:00:00"}
[demand] attempt {"demand":"order 5","attempt":296,"quantity":10,"requestDate":"2009-11-11T00:00:00","lastDate":"2014-01-19T00:00:00"}
[operation] ask {"demand":"order 5","operation":"delivery end item","quantity":10,"end":"2009-11-11T00:00:00"}
[buffer] ask {"demand":null,"buffer":"end item","requested":10,"date":"2009-11-10T00:00:00","onhand":10}
[demand] reply {"demand":"order 5","attempt":296,"result":false,"quantity":0,"date":"2009-11-12T00:00:00"}
[demand] attempt {"demand":"order 5","attempt":297,"quantity":10,"requestDate":"2009-11-12T00:00:00","lastDate":"2014-01-19T00:00:00"}
[operation] ask {"demand":"order 5","operation":"delivery end item","quantity":10,"end":"2009-11-12T00:00:00"}
[buffer] ask {"demand":null,"buffer":"end item","requested":10,"date":"2009-11-11T00:00:00","onhand":10}
[demand] reply {"demand":"order 5","attempt":297,"result":false,"quantity":0,"date":"2009-11-13T00:00:00"}
[demand] attempt {"demand":"order 5","attempt":298,"quantity":10,"requestDate":"2009-11-13T00:00:00","lastDate":"2014-01-19T00:00:00"}
[operation] ask {"demand":"order 5","operation":"delivery end item","quantity":10,"end":"2009-11-13T00:00:00"}
[buffer] ask {"demand":null,"buffer":"end item","requested":10,"date":"2009-11-12T00:00:00","onhand":10}
[demand] reply {"demand":"order 5","attempt":298,"result":false,"quantity":0,"date":"2009-11-14T00:00:00"}
[demand] attempt {"demand":"order 5","attempt":299,"quantity":10,"requestDate":"2009-11-14T00:00:00","lastDate":"2014-01-19T00:00:00"}
[operation] ask {"demand":"order 5","operation":"delivery end item","quantity":10,"end":"2009-11-14T00:00:00"}
[buffer] ask {"demand":null,"buffer":"end item","requested":10,"date":"2009-11-13T00:00:00","onhand":10}
[demand] reply {"demand":"order 5","attempt":299,"result":false,"quantity":0,"date":"2009-11-15T00:00:00"}
[demand] attempt {"demand":"order 5","attempt":300,"quantity":10,"requestDate":"2009-11-15T00:00:00","lastDate":"2014-01-19T00:00:00"}
[operation] ask {"demand":"order 5","operation":"delivery end item","quantity":10,"end":"2009-11-15T00:00:00"}
[buffer] ask {"demand":null,"buffer":"end item","requested":10,"date":"2009-11-14T00:00:00","onhand":10}
[demand] reply {"demand":"order 5","attempt":300,"result":false,"quantity":0,"date":"2009-11-16T00:00:00"}
[demand] attempt {"demand":"order 5","attempt":301,"quantity":10,"requestDate":"2009-11-16T00:00:00","lastDate":"2014-01-19T00:00:00"}
[operation] ask {"demand":"order 5","operation":"delivery end item","quantity":10,"end":"2009-11-16T00:00:00"}
[buffer] ask {"demand":null,"buffer":"end item","requested":10,"date":"2009-11-15T00:00:00","onhand":10}
[demand] reply {"demand":"order 5","attempt":301,"result":false,"quantity":0,"date":"2009-11-17T00:00:00"}
[demand] attempt {"demand":"order 5","attempt":302,"quantity":10,"requestDate":"2009-11-17T00:00:00","lastDate":"2014-01-19T00:00:00"}
[operation] ask {"demand":"order 5","operation":"delivery end item","quantity":10,"end":"2009-11-17T00:00:00"}
[buffer] ask {"demand":null,"buffer":"end item","requested":10,"date":"2009-11-16T00:00:00","onhand":10}
[demand] reply {"demand":"order 5","attempt":302,"result":false,"quantity":0,"date":"2009-11-18T00:00:00"}
[demand] attempt {"demand":"order 5","attempt":303,"quantity":10,"requestDate":"2009-11-18T00:00:00","lastDate":"2014-01-19T00:00:00"}
[operation] ask {"demand":"order 5","operation":"delivery end item","quantity":10,"end":"2009-11-18T00:00:00"}
[buffer] ask {"demand":null,"buffer":"end item","requested":10,"date":"2009-11-17T00:00:00","onhand":10}
[demand] reply {"demand":"order 5","attempt":303,"result":false,"quantity":0,"date":"2009-11-19T00:00:00"}
[demand] attempt {"demand":"order 5","attempt":304,"quantity":10,"requestDate":"2009-11-19T00:00:00","lastDate":"2014-01-19T00:00:00"}
[operation] ask {"demand":"order 5","operation":"delivery end item","quantity":10,"end":"2009-11-19T00:00:00"}
[buffer] ask {"demand":null,"buffer":"end item","requested":10,"date":"2009-11-18T00:00:00","onhand":10}
[demand] reply {"demand":"order 5","attempt":304,"result":false,"quantity":0,"date":"2009-11-20T00:00:00"}
[demand] attempt {"demand":"order 5","attempt":305,"quantity":10,"requestDate":"2009-11-20T00:00:00","lastDate":"2014-01-19T00:00:00"}
[operation] ask {"demand":"order 5","operation":"delivery end item","quantity":10,"end":"2009-11-20T00:00:00"}
[buffer] ask {"demand":null,"buffer":"end item","requested":10,"date":"2009-11-19T00:00:00","onhand":10}
[demand] reply {"demand":"order 5","attempt":305,"result":false,"quantity":0,"date":"2009-11-21T00:00:00"}
[demand] attempt {"demand":"order 5","attempt":306,"quantity":10,"requestDate":"2009-11-21T00:00:00","lastDate":"2014-01-19T00:00:00"}
[operation] ask {"demand":"order 5","operation":"delivery end item","quantity":10,"end":"2009-11-21T00:00:00"}
[buffer] ask {"demand":null,"buffer":"end item","requested":10,"date":"2009-11-20T00:00:00","onhand":10}
[demand] reply {"demand":"order 5","attempt":306,"result":false,"quantity":0,"date":"2009-11-22T00:00:00"}
[demand] attempt {"demand":"order 5","attempt":307,"quantity":10,"requestDate":"2009-11-22T00:00:00","lastDate":"2014-01-19T00:00:00"}
[operation] ask {"demand":"order 5","operation":"delivery end item","quantity":10,"end":"2009-11-22T00:00:00"}
[buffer] ask {"demand":null,"buffer":"end item","requested":10,"date":"2009-11-21T00:00:00","onhand":10}
[demand] reply {"demand":"order 5","attempt":307,"result":false,"quantity":0,"date":"2009-11-23T00:00:00"}
[demand] attempt {"demand":"order 5","attempt":308,"quantity":10,"requestDate":"2009-11-23T00:00:00","lastDate":"2014-01-19T00:00:00"}
[operation] ask {"demand":"order 5","operation":"delivery end item","quantity":10,"end":"2009-11-23T00:00:00"}
[buffer] ask {"demand":null,"buffer":"end item","requested":10,"date":"2009-11-22T00:00:00","onhand":10}
[demand] reply {"demand":"order 5","attempt":308,"result":false,"quantity":0,"date":"2009-11-24T00:00:00"}
[demand] attempt {"demand":"order 5","attempt":309,"quantity":10,"requestDate":"2009-11-24T00:00:00","lastDate":"2014-01-19T00:00:00"}
[operation] ask {"demand":"order 5","operation":"delivery end item","quantity":10,"end":"2009-11-24T00:00:00"}
[buffer] ask {"demand":null,"buffer":"end item","requested":10,"date":"2009-11-23T00:00:00","onhand":10}
[demand] reply {"demand":"order 5","attempt":309,"result":false,"quantity":0,"date":"2009-11-25T00:00:00"}
[demand] attempt {"demand":"order 5","attempt":310,"quantity":10,"requestDate":"2009-11-25T00:00:00","lastDate":"2014-01-19T00:00:00"}
[operation] ask {"demand":"order 5","operation":"delivery end item","quantity":10,"end":"2009-11-25T00:00:00"}
[buffer] ask {"demand":null,"buffer":"end item","requested":10,"date":"2009-11-24T00:00:00","onhand":10}
[demand] reply {"demand":"order 5","attempt":310,"result":false,"quantity":0,"date":"2009-11-26T00:00:00"}
[demand] attempt {"demand":"order 5","attempt":311,"quantity":10,"requestDate":"2009-11-26T00:00:00","lastDate":"2014-01-19T00:00:00"}
[operation] ask {"demand":"order 5","operation":"delivery end item","quantity":10,"end":"2009-11-26T00:00:00"}
[buffer] ask {"demand":null,"buffer":"end item","requested":10,"date":"2009-11-25T00:00:00","onhand":10}
[demand] reply {"demand":"order 5","attempt":311,"result":false,"quantity":0,"date":"2009-11-27T00:00:00"}
[demand] attempt {"demand":"order 5","attempt":312,"quantity":10,"requestDate":"2009-11-27T00:00:00","lastDate":"2014-01-19T00:00:00"}
[operation] ask {"demand":"order 5","operation":"delivery end item","quantity":10,"end":"2009-11-27T00:00:00"}
[buffer] ask {"demand":null,"buffer":"end item","requested":10,"date":"2009-11-26T00:00:00","onhand":10}
[demand] reply {"demand":"order 5","attempt":312,"result":false,"quantity":0,"date":"2009-11-28T00:00:00"}
[demand] attempt {"demand":"order 5","attempt":313,"quantity":10,"requestDate":"2009-11-28T00:00:00","lastDate":"2014-01-19T00:00:00"}
[operation] ask {"demand":"order 5","operation":"delivery end item","quantity":10,"end":"2009-11-28T00:00:00"}
[buffer] ask {"demand":null,"buffer":"end item","requested":10,"date":"2009-11-27T00:00:00","onhand":10}
[demand] reply {"demand":"order 5","attempt":313,"result":false,"quantity":0,"date":"2009-11-29T00:00:00"}
[demand] attempt {"demand":"order 5","attempt":314,"quantity":10,"requestDate":"2009-11-29T00:00:00","lastDate":"2014-01-19T00:00:00"}
[operation] ask {"demand":"order 5","operation":"delivery end item","quantity":10,"end":"2009-11-29T00:00:00"}
[buffer] ask {"demand":null,"buffer":"end item","requested":10,"date":"2009-11-28T00:00:00","onhand":10}
[demand] reply {"demand":"order 5","attempt":314,"result":false,"quantity":0,"date":"2009-11-30T00:00:00"}
[demand] attempt {"demand":"order 5","attempt":315,"quantity":10,"requestDate":"2009-11-30T00:00:00","lastDate":"2014-01-19T00:00:00"}
[operation] ask {"demand":"order 5","operation":"delivery end item","quantity":10,"end":"2009-11-30T00:00:00"}
[buffer] ask {"demand":null,"buffer":"end item","requested":10,"date":"2009-11-29T00:00:00","onhand":10}
[demand] reply {"demand":"order 5","attempt":315,"result":false,"quantity":0,"date":"2009-12-01T00:00:00"}
[demand] attempt {"demand":"order 5","attempt":316,"quantity":10,"requestDate":"2009-12-01T00:00:00","lastDate":"2014-01-19T00:00:00"}
[operation] ask {"demand":"order 5","operation":"delivery end item","quantity":10,"end":"2009-12-01T00:00:00"}
[buffer] ask {"demand":null,"buffer":"end item","requested":10,"date":"2009-11-30T00:00:00","onhand":10}
[demand] reply {"demand":"order 5","attempt":316,"result":false,"quantity":0,"date":"2009-12-02T00:00:00"}
[demand] attempt {"demand":"order 5","attempt":317,"quantity":10,"requestDate":"2009-12-02T00:00:00","lastDate":"2014-01-19T00:00:00"}
[operation] ask {"demand":"order 5","operation":"delivery end item","quantity":10,"end":"2009-12-02T00:00:00"}
[buffer] ask {"demand":null,"buffer":"end item","requested":10,"date":"2009-12-01T00:00:00","onhand":10}
[demand] reply {"demand":"order 5","attempt":317,"result":false,"quantity":0,"date":"2009-12-03T00:00:00"}
[demand] attempt {"demand":"order 5","attempt":318,"quantity":10,"requestDate":"2009-12-03T00:00:00","lastDate":"2014-01-19T00:00:00"}
[operation] ask {"demand":"order 5","operation":"delivery end item","quantity":10,"end":"2009-12-03T00:00:00"}
[buffer] ask {"demand":null,"buffer":"end item","requested":10,"date":"2009-12-02T00:00:00","onhand":10}
[demand] reply {"demand":"order 5","attempt":318,"result":false,"quantity":0,"date":"2009-12-04T00:00:00"}
[demand] attempt {"demand":"order 5","attempt":319,"quantity":10,"requestDate":"2009-12-04T00:00:00","lastDate":"2014-01-19T00:00:00"}
[operation] ask {"demand":"order 5","operation":"delivery end item","quantity":10,"end":"2009-12-04T00:00:00"}
[buffer] ask {"demand":null,"buffer":"end item","requested":10,"date":"2009-12-03T00:00:00","onhand":10}
[demand] reply {"demand":"order 5","attempt":319,"result":false,"quantity":0,"date":"2009-12-05T00:00:00"}
[demand] attempt {"demand":"order 5","attempt":320,"quantity":10,"requestDate":"2009-12-05T00:00:00","lastDate":"2014-01-19T00:00:00"}
[operation] ask {"demand":"order 5","operation":"delivery end item","quantity":10,"end":"2009-12-05T00:00:00"}
[buffer] ask {"demand":null,"buffer":"end item","requested":10,"date":"2009-12-04T00:00:00","onhand":10}
[demand] reply {"demand":"order 5","attempt":320,"result":false,"quantity":0,"date":"2009-12-06T00:00:00"}
[demand] attempt {"demand":"order 5","attempt":321,"quantity":10,"requestDate":"2009-12-06T00:00:00","lastDate":"2014-01-19T00:00:00"}
[operation] ask {"demand":"order 5","operation":"delivery end item","quantity":10,"end":"2009-12-06T00:00:00"}
[buffer] ask {"demand":null,"buffer":"end item","requested":10,"date":"2009-12-05T00:00:00","onhand":10}
[demand] reply {"demand":"order 5","attempt":321,"result":false,"quantity":0,"date":"2009-12-07T00:00:00"}
[demand] attempt {"demand":"order 5","attempt":322,"quantity":10,"requestDate":"2009-12-07T00:00:00","lastDate":"2014-01-19T00:00:00"}
[operation] ask {"demand":"order 5","operation":"delivery end item","quantity":10,"end":"2009-12-07T00:00:00"}
[buffer] ask {"demand":null,"buffer":"end item","requested":10,"date":"2009-12-06T00:00:00","onhand":10}
[demand] reply {"demand":"order 5","attempt":322,"result":false,"quantity":0,"date":"2009-12-08T00:00:00"}
[demand] attempt {"demand":"order 5","attempt":323,"quantity":10,"requestDate":"2009-12-08T00:00:00","lastDate":"2014-01-19T00:00:00"}
[operation] ask {"demand":"order 5","operation":"delivery end item","quantity":10,"end":"2009-12-08T00:00:00"}
[buffer] ask {"demand":null,"buffer":"end item","requested":10,"date":"2009-12-07T00:00:00","onhand":10}
[demand] reply {"demand":"order 5","attempt":323,"result":false,"quantity":0,"date":"2009-12-09T00:00:00"}
[demand] attempt {"demand":"order 5","attempt":324,"quantity":10,"requestDate":"2009-12-09T00:00:00","lastDate":"2014-01-19T00:00:00"}
[operation] ask {"demand":"order 5","operation":"delivery end item","quantity":10,"end":"2009-12-09T00:00:00"}
[buffer] ask {"demand":null,"buffer":"end item","requested":10,"date":"2009-12-08T00:00:00","onhand":10}
[demand] reply {"demand":"order 5","attempt":324,"result":false,"quantity":0,"date":"2009-12-10T00:00:00"}
[demand] attempt {"demand":"order 5","attempt":325,"quantity":10,"requestDate":"2009-12-10T00:00:00","lastDate":"2014-01-19T00:00:00"}
[operation] ask {"demand":"order 5","operation":"delivery end item","quantity":10,"end":"2009-12-10T00:00:00"}
[buffer] ask {"demand":null,"buffer":"end item","requested":10,"date":"2009-12-09T00:00:00","onhand":10}
[demand] reply {"demand":"order 5","attempt":325,"result":false,"quantity":0,"date":"2009-12-11T00:00:00"}
[demand] attempt {"demand":"order 5","attempt":326,"quantity":10,"requestDate":"2009-12-11T00:00:00","lastDate":"2014-01-19T00:00:00"}
[operation] ask {"demand":"order 5","operation":"delivery end item","quantity":10,"end":"2009-12-11T00:00:00"}
[buffer] ask {"demand":null,"buffer":"end item","requested":10,"date":"2009-12-10T00:00:00","onhand":10}
[demand] reply {"demand":"order 5","attempt":326,"result":false,"quantity":0,"date":"2009-12-12T00:00:00"}
[demand] attempt {"demand":"order 5","attempt":327,"quantity":10,"requestDate":"2009-12-12T00:00:00","lastDate":"2014-01-19T00:00:00"}
[operation] ask {"demand":"order 5","operation":"delivery end item","quantity":10,"end":"2009-12-12T00:00:00"}
[buffer] ask {"demand":null,"buffer":"end item","requested":10,"date":"2009-12-11T00:00:00","onhand":10}
[demand] reply {"demand":"order 5","attempt":327,"result":false,"quantity":0,"date":"2009-12-13T00:00:00"}
[demand] attempt {"demand":"order 5","attempt":328,"quantity":10,"requestDate":"2009-12-13T00:00:00","lastDate":"2014-01-19T00:00:00"}
[operation] ask {"demand":"order 5","operation":"delivery end item","quantity":10,"end":"2009-12-13T00:00:00"}
[buffer] ask {"demand":null,"buffer":"end item","requested":10,"date":"2009-12-12T00:00:00","onhand":10}
[demand] reply {"demand":"order 5","attempt":328,"result":false,"quantity":0,"date":"2009-12-14T00:00:00"}
[demand] attempt {"demand":"order 5","attempt":329,"quantity":10,"requestDate":"2009-12-14T00:00:00","lastDate":"2014-01-19T00:00:00"}
[operation] ask {"demand":"order 5","operation":"delivery end item","quantity":10,"end":"2009-12-14T00:00:00"}
[buffer] ask {"demand":null,"buffer":"end item","requested":10,"date":"2009-12-13T00:00:00","onhand":10}
[demand] reply {"demand":"order 5","attempt":329,"result":false,"quantity":0,"date":"2009-12-15T00:00:00"}
[demand] attempt {"demand":"order 5","attempt":330,"quantity":10,"requestDate":"2009-12-15T00:00:00","lastDate":"2014-01-19T00:00:00"}
[operation] ask {"demand":"order 5","operation":"delivery end item","quantity":10,"end":"2009-12-15T00:00:00"}
[buffer] ask {"demand":null,"buffer":"end item","requested":10,"date":"2009-12-14T00:00:00","onhand":10}
[demand] reply {"demand":"order 5","attempt":330,"result":false,"quantity":0,"date":"2009-12-16T00:00:00"}
[demand] attempt {"demand":"order 5","attempt":331,"quantity":10,"requestDate":"2009-12-16T00:00:00","lastDate":"2014-01-19T00:00:00"}
[operation] ask {"demand":"order 5","operation":"delivery end item","quantity":10,"end":"2009-12-16T00:00:00"}
[buffer] ask {"demand":null,"buffer":"end item","requested":10,"date":"2009-12-15T00:00:00","onhand":10}
[demand] reply {"demand":"order 5","attempt":331,"result":false,"quantity":0,"date":"2009-12-17T00:00:00"}
[demand] attempt {"demand":"order 5","attempt":332,"quantity":10,"requestDate":"2009-12-17T00:00:00","lastDate":"2014-01-19T00:00:00"}
[operation] ask {"demand":"order 5","operation":"delivery end item","quantity":10,"end":"2009-12-17T00:00:00"}
[buffer] ask {"demand":null,"buffer":"end item","requested":10,"date":"2009-12-16T00:00:00","onhand":10}
[demand] reply {"demand":"order 5","attempt":332,"result":false,"quantity":0,"date":"2009-12-18T00:00:00"}
[demand] attempt {"demand":"order 5","attempt":333,"quantity":10,"requestDate":"2009-12-18T00:00:00","lastDate":"2014-01-19T00:00:00"}
[operation] ask {"demand":"order 5","operation":"delivery end item","quantity":10,"end":"2009-12-18T00:00:00"}
[buffer] ask {"demand":null,"buffer":"end item","requested":10,"date":"2009-12-17T00:00:00","onhand":10}
[demand] reply {"demand":"order 5","attempt":333,"result":false,"quantity":0,"date":"2009-12-19T00:00:00"}
[demand] attempt {"demand":"order 5","attempt":334,"quantity":10,"requestDate":"2009-12-19T00:00:00","lastDate":"2014-01-19T00:00:00"}
[operation] ask {"demand":"order 5","operation":"delivery end item","quantity":10,"end":"2009-12-19T00:00:00"}
[buffer] ask {"demand":null,"buffer":"end item","requested":10,"date":"2009-12-18T00:00:00","onhand":10}
[demand] reply {"demand":"order 5","attempt":334,"result":false,"quantity":0,"date":"2009-12-20T00:00:00"}
[demand] attempt {"demand":"order 5","attempt":335,"quantity":10,"requestDate":"2009-12-20T00:00:00","lastDate":"2014-01-19T00:00:00"}
[operation] ask {"demand":"order 5","operation":"delivery end item","quantity":10,"end":"2009-12-20T00:00:00"}
[buffer] ask {"demand":null,"buffer":"end item","requested":10,"date":"2009-12-19T00:00:00","onhand":10}
[demand] reply {"demand":"order 5","attempt":335,"result":false,"quantity":0,"date":"2009-12-21T00:00:00"}
[demand] attempt {"demand":"order 5","attempt":336,"quantity":10,"requestDate":"2009-12-21T00:00:00","lastDate":"2014-01-19T00:00:00"}
[operation] ask {"demand":"order 5","operation":"delivery end item","quantity":10,"end":"2009-12-21T00:00:00"}
[buffer] ask {"demand":null,"buffer":"end item","requested":10,"date":"2009-12-20T00:00:00","onhand":10}
[demand] reply {"demand":"order 5","attempt":336,"result":false,"quantity":0,"date":"2009-12-22T00:00:00"}
[demand] attempt {"demand":"order 5","attempt":337,"quantity":10,"requestDate":"2009-12-22T00:00:00","lastDate":"2014-01-19T00:00:00"}
[operation] ask {"demand":"order 5","operation":"delivery end item","quantity":10,"end":"2009-12-22T00:00:00"}
[buffer] ask {"demand":null,"buffer":"end item","requested":10,"date":"2009-12-21T00:00:00","onhand":10}
[demand] reply {"demand":"order 5","attempt":337,"result":false,"quantity":0,"date":"2009-12-23T00:00:00"}
[demand] attempt {"demand":"order 5","attempt":338,"quantity":10,"requestDate":"2009-12-23T00:00:00","lastDate":"2014-01-19T00:00:00"}
[operation] ask {"demand":"order 5","operation":"delivery end item","quantity":10,"end":"2009-12-23T00:00:00"}
[buffer] ask {"demand":null,"buffer":"end item","requested":10,"date":"2009-12-22T00:00:00","onhand":10}
[demand] reply {"demand":"order 5","attempt":338,"result":false,"quantity":0,"date":"2009-12-24T00:00:00"}
[demand] attempt {"demand":"order 5","attempt":339,"quantity":10,"requestDate":"2009-12-24T00:00:00","lastDate":"2014-01-19T00:00:00"}
[operation] ask {"demand":"order 5","operation":"delivery end item","quantity":10,"end":"2009-12-24T00:00:00"}
[buffer] ask {"demand":null,"buffer":"end item","requested":10,"date":"2009-12-23T00:00:00","onhand":10}
[demand] reply {"demand":"order 5","attempt":339,"result":false,"quantity":0,"date":"2009-12-25T00:00:00"}
[demand] attempt {"demand":"order 5","attempt":340,"quantity":10,"requestDate":"2009-12-25T00:00:00","lastDate":"2014-01-19T00:00:00"}
[operation] ask {"demand":"order 5","operation":"delivery end item","quantity":10,"end":"2009-12-25T00:00:00"}
[buffer] ask {"demand":null,"buffer":"end item","requested":10,"date":"2009-12-24T00:00:00","onhand":10}
[demand] reply {"demand":"order 5","attempt":340,"result":false,"quantity":0,"date":"2009-12-26T00:00:00"}
[demand] attempt {"demand":"order 5","attempt":341,"quantity":10,"requestDate":"2009-12-26T00:00:00","lastDate":"2014-01-19T00:00:00"}
[operation] ask {"demand":"order 5","operation":"delivery end item","quantity":10,"end":"2009-12-26T00:00:00"}
[buffer] ask {"demand":null,"buffer":"end item","requested":10,"date":"2009-12-25T00:00:00","onhand":10}
[demand] reply {"demand":"order 5","attempt":341,"result":false,"quantity":0,"date":"2009-12-27T00:00:00"}
[demand] attempt {"demand":"order 5","attempt":342,"quantity":10,"requestDate":"2009-12-27T00:00:00","lastDate":"2014-01-19T00:00:00"}
[operation] ask {"demand":"order 5","operation":"delivery end item","quantity":10,"end":"2009-12-27T00:00:00"}
[buffer] ask {"demand":null,"buffer":"end item","requested":10,"date":"2009-12-26T00:00:00","onhand":10}
[demand] reply {"demand":"order 5","attempt":342,"result":false,"quantity":0,"date":"2009-12-28T00:00:00"}
[demand] attempt {"demand":"order 5","attempt":343,"quantity":10,"requestDate":"2009-12-28T00:00:00","lastDate":"2014-01-19T00:00:00"}
[operation] ask {"demand":"order 5","operation":"delivery end item","quantity":10,"end":"2009-12-28T00:00:00"}
[buffer] ask {"demand":null,"buffer":"end item","requested":10,"date":"2009-12-27T00:00:00","onhand":10}
[demand] reply {"demand":"order 5","attempt":343,"result":false,"quantity":0,"date":"2009-12-29T00:00:00"}
[demand] attempt {"demand":"order 5","attempt":344,"quantity":10,"requestDate":"2009-12-29T00:00:00","lastDate":"2014-01-19T00:00:00"}
[operation] ask {"demand":"order 5","operation":"delivery end item","quantity":10,"end":"2009-12-29T00:00:00"}
[buffer] ask {"demand":null,"buffer":"end item","requested":10,"date":"2009-12-28T00:00:00","onhand":10}
[demand] reply {"demand":"order 5","attempt":344,"result":false,"quantity":0,"date":"2009-12-30T00:00:00"}
[demand] attempt {"demand":"order 5","attempt":345,"quantity":10,"requestDate":"2009-12-30T00:00:00","lastDate":"2014-01-19T00:00:00"}
[operation] ask {"demand":"order 5","operation":"delivery end item","quantity":10,"end":"2009-12-30T00:00:00"}
[buffer] ask {"demand":null,"buffer":"end item","requested":10,"date":"2009-12-29T00:00:00","onhand":10}
[demand] reply {"demand":"order 5","attempt":345,"result":false,"quantity":0,"date":"2009-12-31T00:00:00"}
[demand] attempt {"demand":"order 5","attempt":346,"quantity":10,"requestDate":"2009-12-31T00:00:00","lastDate":"2014-01-19T00:00:00"}
[operation] ask {"demand":"order 5","operation":"delivery end item","quantity":10,"end":"2009-12-31T00:00:00"}
[buffer] ask {"demand":null,"buffer":"end item","requested":10,"date":"2009-12-30T00:00:00","onhand":10}
[demand] reply {"demand":"order 5","attempt":346,"result":false,"quantity":0,"date":"2010-01-01T00:00:00"}
[demand] attempt {"demand":"order 5","attempt":347,"quantity":10,"requestDate":"2010-01-01T00:00:00","lastDate":"2014-01-19T00:00:00"}
[operation] ask {"demand":"order 5","operation":"delivery end item","quantity":10,"end":"2010-01-01T00:00:00"}
[buffer] ask {"demand":null,"buffer":"end item","requested":10,"date":"2009-12-31T00:00:00","onhand":10}
[demand] reply {"demand":"order 5","attempt":347,"result":false,"quantity":0,"date":"2010-01-02T00:00:00"}
[demand] attempt {"demand":"order 5","attempt":348,"quantity":10,"requestDate":"2010-01-02T00:00:00","lastDate":"2014-01-19T00:00:00"}
[operation] ask {"demand":"order 5","operation":"delivery end item","quantity":10,"end":"2010-01-02T00:00:00"}
[buffer] ask {"demand":null,"buffer":"end item","requested":10,"date":"2010-01-01T00:00:00","onhand":10}
[demand] reply {"demand":"order 5","attempt":348,"result":false,"quantity":0,"date":"2010-01-03T00:00:00"}
[demand] attempt {"demand":"order 5","attempt":349,"quantity":10,"requestDate":"2010-01-03T00:00:00","lastDate":"2014-01-19T00:00:00"}
[operation] ask {"demand":"order 5","operation":"delivery end item","quantity":10,"end":"2010-01-03T00:00:00"}
[buffer] ask {"demand":null,"buffer":"end item","requested":10,"date":"2010-01-02T00:00:00","onhand":10}
[demand] reply {"demand":"order 5","attempt":349,"result":false,"quantity":0,"date":"2010-01-04T00:00:00"}
[demand] attempt {"demand":"order 5","attempt":350,"quantity":10,"requestDate":"2010-01-04T00:00:00","lastDate":"2014-01-19T00:00:00"}
[operation] ask {"demand":"order 5","operation":"delivery end item","quantity":10,"end":"2010-01-04T00:00:00"}
[buffer] ask {"demand":null,"buffer":"end item","requested":10,"date":"2010-01-03T00:00:00","onhand":10}
[demand] reply {"demand":"order 5","attempt":350,"result":false,"quantity":0,"date":"2010-01-05T00:00:00"}
[demand] attempt {"demand":"order 5","attempt":351,"quantity":10,"requestDate":"2010-01-05T00:00:00","lastDate":"2014-01-19T00:00:00"}
[operation] ask {"demand":"order 5","operation":"delivery end item","quantity":10,"end":"2010-01-05T00:00:00"}
[buffer] ask {"demand":null,"buffer":"end item","requested":10,"date":"2010-01-04T00:00:00","onhand":10}
[demand] reply {"demand":"order 5","attempt":351,"result":false,"quantity":0,"date":"2010-01-06T00:00:00"}
[demand] attempt {"demand":"order 5","attempt":352,"quantity":10,"requestDate":"2010-01-06T00:00:00","lastDate":"2014-01-19T00:00:00"}
[operation] ask {"demand":"order 5","operation":"delivery end item","quantity":10,"end":"2010-01-06T00:00:00"}
[buffer] ask {"demand":null,"buffer":"end item","requested":10,"date":"2010-01-05T00:00:00","onhand":10}
[demand] reply {"demand":"order 5","attempt":352,"result":false,"quantity":0,"date":"2010-01-07T00:00:00"}
[demand] attempt {"demand":"order 5","attempt":353,"quantity":10,"requestDate":"2010-01-07T00:00:00","lastDate":"2014-01-19T00:00:00"}
[operation] ask {"demand":"order 5","operation":"delivery end item","quantity":10,"end":"2010-01-07T00:00:00"}
[buffer] ask {"demand":null,"buffer":"end item","requested":10,"date":"2010-01-06T00:00:00","onhand":10}
[demand] reply {"demand":"order 5","attempt":353,"result":false,"quantity":0,"date":"2010-01-08T00:00:00"}
[demand] attempt {"demand":"order 5","attempt":354,"quantity":10,"requestDate":"2010-01-08T00:00:00","lastDate":"2014-01-19T00:00:00"}
[operation] ask {"demand":"order 5","operation":"delivery end item","quantity":10,"end":"2010-01-08T00:00:00"}
[buffer] ask {"demand":null,"buffer":"end item","requested":10,"date":"2010-01-07T00:00:00","onhand":10}
[demand] reply {"demand":"order 5","attempt":354,"result":false,"quantity":0,"date":"2010-01-09T00:00:00"}
[demand] attempt {"demand":"order 5","attempt":355,"quantity":10,"requestDate":"2010-01-09T00:00:00","lastDate":"2014-01-19T00:00:00"}
[operation] ask {"demand":"order 5","operation":"delivery end item","quantity":10,"end":"2010-01-09T00:00:00"}
[buffer] ask {"demand":null,"buffer":"end item","requested":10,"date":"2010-01-08T00:00:00","onhand":10}
[demand] reply {"demand":"order 5","attempt":355,"result":false,"quantity":0,"date":"2010-01-10T00:00:00"}
[demand] attempt {"demand":"order 5","attempt":356,"quantity":10,"requestDate":"2010-01-10T00:00:00","lastDate":"2014-01-19T00:00:00"}
[operation] ask {"demand":"order 5","operation":"delivery end item","quantity":10,"end":"2010-01-10T00:00:00"}
[buffer] ask {"demand":null,"buffer":"end item","requested":10,"date":"2010-01-09T00:00:00","onhand":10}
[demand] reply {"demand":"order 5","attempt":356,"result":false,"quantity":0,"date":"2010-01-11T00:00:00"}
[demand] attempt {"demand":"order 5","attempt":357,"quantity":10,"requestDate":"2010-01-11T00:00:00","lastDate":"2014-01-19T00:00:00"}
[operation] ask {"demand":"order 5","operation":"delivery end item","quantity":10,"end":"2010-01-11T00:00:00"}
[buffer] ask {"demand":null,"buffer":"end item","requested":10,"date":"2010-01-10T00:00:00","onhand":10}
[demand] reply {"demand":"order 5","attempt":357,"result":false,"quantity":0,"date":"2010-01-12T00:00:00"}
[demand] attempt {"demand":"order 5","attempt":358,"quantity":10,"requestDate":"2010-01-12T00:00:00","lastDate":"2014-01-19T00:00:00"}
[operation] ask {"demand":"order 5","operation":"delivery end item","quantity":10,"end":"2010-01-12T00:00:00"}
[buffer] ask {"demand":null,"buffer":"end item","requested":10,"date":"2010-01-11T00:00:00","onhand":10}
[demand] reply {"demand":"order 5","attempt":358,"result":false,"quantity":0,"date":"2010-01-13T00:00:00"}
[demand] attempt {"demand":"order 5","attempt":359,"quantity":10,"requestDate":"2010-01-13T00:00:00","lastDate":"2014-01-19T00:00:00"}
[operation] ask {"demand":"order 5","operation":"delivery end item","quantity":10,"end":"2010-01-13T00:00:00"}
[buffer] ask {"demand":null,"buffer":"end item","requested":10,"date":"2010-01-12T00:00:00","onhand":10}
[demand] reply {"demand":"order 5","attempt":359,"result":false,"quantity":0,"date":"2010-01-14T00:00:00"}
[demand] attempt {"demand":"order 5","attempt":360,"quantity":10,"requestDate":"2010-01-14T00:00:00","lastDate":"2014-01-19T00:00:00"}
[operation] ask {"demand":"order 5","operation":"delivery end item","quantity":10,"end":"2010-01-14T00:00:00"}
[buffer] ask {"demand":null,"buffer":"end item","requested":10,"date":"2010-01-13T00:00:00","onhand":10}
[demand] reply {"demand":"order 5","attempt":360,"result":false,"quantity":0,"date":"2010-01-15T00:00:00"}
[demand] attempt {"demand":"order 5","attempt":361,"quantity":10,"requestDate":"2010-01-15T00:00:00","lastDate":"2014-01-19T00:00:00"}
[operation] ask {"demand":"order 5","operation":"delivery end item","quantity":10,"end":"2010-01-15T00:00:00"}
[buffer] ask {"demand":null,"buffer":"end item","requested":10,"date":"2010-01-14T00:00:00","onhand":10}
[demand] reply {"demand":"order 5","attempt":361,"result":false,"quantity":0,"date":"2010-01-16T00:00:00"}
[demand] attempt {"demand":"order 5","attempt":362,"quantity":10,"requestDate":"2010-01-16T00:00:00","lastDate":"2014-01-19T00:00:00"}
[operation] ask {"demand":"order 5","operation":"delivery end item","quantity":10,"end":"2010-01-16T00:00:00"}
[buffer] ask {"demand":null,"buffer":"end item","requested":10,"date":"2010-01-15T00:00:00","onhand":10}
[demand] reply {"demand":"order 5","attempt":362,"result":false,"quantity":0,"date":"2010-01-17T00:00:00"}
[demand] attempt {"demand":"order 5","attempt":363,"quantity":10,"requestDate":"2010-01-17T00:00:00","lastDate":"2014-01-19T00:00:00"}
[operation] ask {"demand":"order 5","operation":"delivery end item","quantity":10,"end":"2010-01-17T00:00:00"}
[buffer] ask {"demand":null,"buffer":"end item","requested":10,"date":"2010-01-16T00:00:00","onhand":10}
[demand] reply {"demand":"order 5","attempt":363,"result":false,"quantity":0,"date":"2010-01-18T00:00:00"}
[demand] attempt {"demand":"order 5","attempt":364,"quantity":10,"requestDate":"2010-01-18T00:00:00","lastDate":"2014-01-19T00:00:00"}
[operation] ask {"demand":"order 5","operation":"delivery end item","quantity":10,"end":"2010-01-18T00:00:00"}
[buffer] ask {"demand":null,"buffer":"end item","requested":10,"date":"2010-01-17T00:00:00","onhand":10}
[demand] reply {"demand":"order 5","attempt":364,"result":false,"quantity":0,"date":"2010-01-19T00:00:00"}
[demand] attempt {"demand":"order 5","attempt":365,"quantity":10,"requestDate":"2010-01-19T00:00:00","lastDate":"2014-01-19T00:00:00"}
[operation] ask {"demand":"order 5","operation":"delivery end item","quantity":10,"end":"2010-01-19T00:00:00"}
[buffer] ask {"demand":null,"buffer":"end item","requested":10,"date":"2010-01-18T00:00:00","onhand":10}
[demand] reply {"demand":"order 5","attempt":365,"result":false,"quantity":0,"date":"2010-01-20T00:00:00"}
[demand] attempt {"demand":"order 5","attempt":366,"quantity":10,"requestDate":"2010-01-20T00:00:00","lastDate":"2014-01-19T00:00:00"}
[operation] ask {"demand":"order 5","operation":"delivery end item","quantity":10,"end":"2010-01-20T00:00:00"}
[buffer] ask {"demand":null,"buffer":"end item","requested":10,"date":"2010-01-19T00:00:00","onhand":10}
[demand] reply {"demand":"order 5","attempt":366,"result":false,"quantity":0,"date":"2010-01-21T00:00:00"}
[demand] attempt {"demand":"order 5","attempt":367,"quantity":10,"requestDate":"2010-01-21T00:00:00","lastDate":"2014-01-19T00:00:00"}
[operation] ask {"demand":"order 5","operation":"delivery end item","quantity":10,"end":"2010-01-21T00:00:00"}
[buffer] ask {"demand":null,"buffer":"end item","requested":10,"date":"2010-01-20T00:00:00","onhand":10}
[demand] reply {"demand":"order 5","attempt":367,"result":false,"quantity":0,"date":"2010-01-22T00:00:00"}
[demand] attempt {"demand":"order 5","attempt":368,"quantity":10,"requestDate":"2010-01-22T00:00:00","lastDate":"2014-01-19T00:00:00"}
[operation] ask {"demand":"order 5","operation":"delivery end item","quantity":10,"end":"2010-01-22T00:00:00"}
[buffer] ask {"demand":null,"buffer":"end item","requested":10,"date":"2010-01-21T00:00:00","onhand":10}
[demand] reply {"demand":"order 5","attempt":368,"result":false,"quantity":0,"date":"2010-01-23T00:00:00"}
[demand] attempt {"demand":"order 5","attempt":369,"quantity":10,"requestDate":"2010-01-23T00:00:00","lastDate":"2014-01-19T00:00:00"}
[operation] ask {"demand":"order 5","operation":"delivery end item","quantity":10,"end":"2010-01-23T00:00:00"}
[buffer] ask {"demand":null,"buffer":"end item","requested":10,"date":"2010-01-22T00:00:00","onhand":10}
[demand] reply {"demand":"order 5","attempt":369,"result":false,"quantity":0,"date":"2010-01-24T00:00:00"}
[demand] attempt {"demand":"order 5","attempt":370,"quantity":10,"requestDate":"2010-01-24T00:00:00","lastDate":"2014-01-19T00:00:00"}
[operation] ask {"demand":"order 5","operation":"delivery end item","quantity":10,"end":"2010-01-24T00:00:00"}
[buffer] ask {"demand":null,"buffer":"end item","requested":10,"date":"2010-01-23T00:00:00","onhand":10}
[demand] reply {"demand":"order 5","attempt":370,"result":false,"quantity":0,"date":"2010-01-25T00:00:00"}
[demand] attempt {"demand":"order 5","attempt":371,"quantity":10,"requestDate":"2010-01-25T00:00:00","lastDate":"2014-01-19T00:00:00"}
[operation] ask {"demand":"order 5","operation":"delivery end item","quantity":10,"end":"2010-01-25T00:00:00"}
[buffer] ask {"demand":null,"buffer":"end item","requested":10,"date":"2010-01-24T00:00:00","onhand":10}
[demand] reply {"demand":"order 5","attempt":371,"result":false,"quantity":0,"date":"2010-01-26T00:00:00"}
[demand] attempt {"demand":"order 5","attempt":372,"quantity":10,"requestDate":"2010-01-26T00:00:00","lastDate":"2014-01-19T00:00:00"}
[operation] ask {"demand":"order 5","operation":"delivery end item","quantity":10,"end":"2010-01-26T00:00:00"}
[buffer] ask {"demand":null,"buffer":"end item","requested":10,"date":"2010-01-25T00:00:00","onhand":10}
[demand] reply {"demand":"order 5","attempt":372,"result":false,"quantity":0,"date":"2010-01-27T00:00:00"}
[demand] attempt {"demand":"order 5","attempt":373,"quantity":10,"requestDate":"2010-01-27T00:00:00","lastDate":"2014-01-19T00:00:00"}
[operation] ask {"demand":"order 5","operation":"delivery end item","quantity":10,"end":"2010-01-27T00:00:00"}
[buffer] ask {"demand":null,"buffer":"end item","requested":10,"date":"2010-01-26T00:00:00","onhand":10}
[demand] reply {"demand":"order 5","attempt":373,"result":false,"quantity":0,"date":"2010-01-28T00:00:00"}
[demand] attempt {"demand":"order 5","attempt":374,"quantity":10,"requestDate":"2010-01-28T00:00:00","lastDate":"2014-01-19T00:00:00"}
[operation] ask {"demand":"order 5","operation":"delivery end item","quantity":10,"end":"2010-01-28T00:00:00"}
[buffer] ask {"demand":null,"buffer":"end item","requested":10,"date":"2010-01-27T00:00:00","onhand":10}
[demand] reply {"demand":"order 5","attempt":374,"result":false,"quantity":0,"date":"2010-01-29T00:00:00"}
[demand] attempt {"demand":"order 5","attempt":375,"quantity":10,"requestDate":"2010-01-29T00:00:00","lastDate":"2014-01-19T00:00:00"}
[operation] ask {"demand":"order 5","operation":"delivery end item","quantity":10,"end":"2010-01-29T00:00:00"}
[buffer] ask {"demand":null,"buffer":"end item","requested":10,"date":"2010-01-28T00:00:00","onhand":10}
[demand] reply {"demand":"order 5","attempt":375,"result":false,"quantity":0,"date":"2010-01-30T00:00:00"}
[demand] attempt {"demand":"order 5","attempt":376,"quantity":10,"requestDate":"2010-01-30T00:00:00","lastDate":"2014-01-19T00:00:00"}
[operation] ask {"demand":"order 5","operation":"delivery end item","quantity":10,"end":"2010-01-30T00:00:00"}
[buffer] ask {"demand":null,"buffer":"end item","requested":10,"date":"2010-01-29T00:00:00","onhand":10}
[demand] reply {"demand":"order 5","attempt":376,"result":false,"quantity":0,"date":"2010-01-31T00:00:00"}
[demand] attempt {"demand":"order 5","attempt":377,"quantity":10,"requestDate":"2010-01-31T00:00:00","lastDate":"2014-01-19T00:00:00"}
[operation] ask {"demand":"order 5","operation":"delivery end item","quantity":10,"end":"2010-01-31T00:00:00"}
[buffer] ask {"demand":null,"buffer":"end item","requested":10,"date":"2010-01-30T00:00:00","onhand":10}
[demand] reply {"demand":"order 5","attempt":377,"result":false,"quantity":0,"date":"2010-02-01T00:00:00"}
[demand] attempt {"demand":"order 5","attempt":378,"quantity":10,"requestDate":"2010-02-01T00:00:00","lastDate":"2014-01-19T00:00:00"}
[operation] ask {"demand":"order 5","operation":"delivery end item","quantity":10,"end":"2010-02-01T00:00:00"}
[buffer] ask {"demand":null,"buffer":"end item","requested":10,"date":"2010-01-31T00:00:00","onhand":10}
[demand] reply {"demand":"order 5","attempt":378,"result":false,"quantity":0,"date":"2010-02-02T00:00:00"}
[demand] attempt {"demand":"order 5","attempt":379,"quantity":10,"requestDate":"2010-02-02T00:00:00","lastDate":"2014-01-19T00:00:00"}
[operation] ask {"demand":"order 5","operation":"delivery end item","quantity":10,"end":"2010-02-02T00:00:00"}
[buffer] ask {"demand":null,"buffer":"end item","requested":10,"date":"2010-02-01T00:00:00","onhand":10}
[demand] reply {"demand":"order 5","attempt":379,"result":false,"quantity":0,"date":"2010-02-03T00:00:00"}
[demand] attempt {"demand":"order 5","attempt":380,"quantity":10,"requestDate":"2010-02-03T00:00:00","lastDate":"2014-01-19T00:00:00"}
[operation] ask {"demand":"order 5","operation":"delivery end item","quantity":10,"end":"2010-02-03T00:00:00"}
[buffer] ask {"demand":null,"buffer":"end item","requested":10,"date":"2010-02-02T00:00:00","onhand":10}
[demand] reply {"demand":"order 5","attempt":380,"result":false,"quantity":0,"date":"2010-02-04T00:00:00"}
[demand] attempt {"demand":"order 5","attempt":381,"quantity":10,"requestDate":"2010-02-04T00:00:00","lastDate":"2014-01-19T00:00:00"}
[operation] ask {"demand":"order 5","operation":"delivery end item","quantity":10,"end":"2010-02-04T00:00:00"}
[buffer] ask {"demand":null,"buffer":"end item","requested":10,"date":"2010-02-03T00:00:00","onhand":10}
[demand] reply {"demand":"order 5","attempt":381,"result":false,"quantity":0,"date":"2010-02-05T00:00:00"}
[demand] attempt {"demand":"order 5","attempt":382,"quantity":10,"requestDate":"2010-02-05T00:00:00","lastDate":"2014-01-19T00:00:00"}
[operation] ask {"demand":"order 5","operation":"delivery end item","quantity":10,"end":"2010-02-05T00:00:00"}
[buffer] ask {"demand":null,"buffer":"end item","requested":10,"date":"2010-02-04T00:00:00","onhand":10}
[demand] reply {"demand":"order 5","attempt":382,"result":false,"quantity":0,"date":"2010-02-06T00:00:00"}
[demand] attempt {"demand":"order 5","attempt":383,"quantity":10,"requestDate":"2010-02-06T00:00:00","lastDate":"2014-01-19T00:00:00"}
[operation] ask {"demand":"order 5","operation":"delivery end item","quantity":10,"end":"2010-02-06T00:00:00"}
[buffer] ask {"demand":null,"buffer":"end item","requested":10,"date":"2010-02-05T00:00:00","onhand":10}
[demand] reply {"demand":"order 5","attempt":383,"result":false,"quantity":0,"date":"2010-02-07T00:00:00"}
[demand] attempt {"demand":"order 5","attempt":384,"quantity":10,"requestDate":"2010-02-07T00:00:00","lastDate":"2014-01-19T00:00:00"}
[operation] ask {"demand":"order 5","operation":"delivery end item","quantity":10,"end":"2010-02-07T00:00:00"}
[buffer] ask {"demand":null,"buffer":"end item","requested":10,"date":"2010-02-06T00:00:00","onhand":10}
[demand] reply {"demand":"order 5","attempt":384,"result":false,"quantity":0,"date":"2010-02-08T00:00:00"}
[demand] attempt {"demand":"order 5","attempt":385,"quantity":10,"requestDate":"2010-02-08T00:00:00","lastDate":"2014-01-19T00:00:00"}
[operation] ask {"demand":"order 5","operation":"delivery end item","quantity":10,"end":"2010-02-08T00:00:00"}
[buffer] ask {"demand":null,"buffer":"end item","requested":10,"date":"2010-02-07T00:00:00","onhand":10}
[demand] reply {"demand":"order 5","attempt":385,"result":false,"quantity":0,"date":"2010-02-09T00:00:00"}
[demand] attempt {"demand":"order 5","attempt":386,"quantity":10,"requestDate":"2010-02-09T00:00:00","lastDate":"2014-01-19T00:00:00"}
[operation] ask {"demand":"order 5","operation":"delivery end item","quantity":10,"end":"2010-02-09T00:00:00"}
[buffer] ask {"demand":null,"buffer":"end item","requested":10,"date":"2010-02-08T00:00:00","onhand":10}
[demand] reply {"demand":"order 5","attempt":386,"result":false,"quantity":0,"date":"2010-02-10T00:00:00"}
[demand] attempt {"demand":"order 5","attempt":387,"quantity":10,"requestDate":"2010-02-10T00:00:00","lastDate":"2014-01-19T00:00:00"}
[operation] ask {"demand":"order 5","operation":"delivery end item","quantity":10,"end":"2010-02-10T00:00:00"}
[buffer] ask {"demand":null,"buffer":"end item","requested":10,"date":"2010-02-09T00:00:00","onhand":10}
[demand] reply {"demand":"order 5","attempt":387,"result":false,"quantity":0,"date":"2010-02-11T00:00:00"}
[demand] attempt {"demand":"order 5","attempt":388,"quantity":10,"requestDate":"2010-02-11T00:00:00","lastDate":"2014-01-19T00:00:00"}
[operation] ask {"demand":"order 5","operation":"delivery end item","quantity":10,"end":"2010-02-11T00:00:00"}
[buffer] ask {"demand":null,"buffer":"end item","requested":10,"date":"2010-02-10T00:00:00","onhand":10}
[demand] reply {"demand":"order 5","attempt":388,"result":false,"quantity":0,"date":"2010-02-12T00:00:00"}
[demand] attempt {"demand":"order 5","attempt":389,"quantity":10,"requestDate":"2010-02-12T00:00:00","lastDate":"2014-01-19T00:00:00"}
[operation] ask {"demand":"order 5","operation":"delivery end item","quantity":10,"end":"2010-02-12T00:00:00"}
[buffer] ask {"demand":null,"buffer":"end item","requested":10,"date":"2010-02-11T00:00:00","onhand":10}
[demand] reply {"demand":"order 5","attempt":389,"result":false,"quantity":0,"date":"2010-02-13T00:00:00"}
[demand] attempt {"demand":"order 5","attempt":390,"quantity":10,"requestDate":"2010-02-13T00:00:00","lastDate":"2014-01-19T00:00:00"}
[operation] ask {"demand":"order 5","operation":"delivery end item","quantity":10,"end":"2010-02-13T00:00:00"}
[buffer] ask {"demand":null,"buffer":"end item","requested":10,"date":"2010-02-12T00:00:00","onhand":10}
[demand] reply {"demand":"order 5","attempt":390,"result":false,"quantity":0,"date":"2010-02-14T00:00:00"}
[demand] attempt {"demand":"order 5","attempt":391,"quantity":10,"requestDate":"2010-02-14T00:00:00","lastDate":"2014-01-19T00:00:00"}
[operation] ask {"demand":"order 5","operation":"delivery end item","quantity":10,"end":"2010-02-14T00:00:00"}
[buffer] ask {"demand":null,"buffer":"end item","requested":10,"date":"2010-02-13T00:00:00","onhand":10}
[demand] reply {"demand":"order 5","attempt":391,"result":false,"quantity":0,"date":"2010-02-15T00:00:00"}
[demand] attempt {"demand":"order 5","attempt":392,"quantity":10,"requestDate":"2010-02-15T00:00:00","lastDate":"2014-01-19T00:00:00"}
[operation] ask {"demand":"order 5","operation":"delivery end item","quantity":10,"end":"2010-02-15T00:00:00"}
[buffer] ask {"demand":null,"buffer":"end item","requested":10,"date":"2010-02-14T00:00:00","onhand":10}
[demand] reply {"demand":"order 5","attempt":392,"result":false,"quantity":0,"date":"2010-02-16T00:00:00"}
[demand] attempt {"demand":"order 5","attempt":393,"quantity":10,"requestDate":"2010-02-16T00:00:00","lastDate":"2014-01-19T00:00:00"}
[operation] ask {"demand":"order 5","operation":"delivery end item","quantity":10,"end":"2010-02-16T00:00:00"}
[buffer] ask {"demand":null,"buffer":"end item","requested":10,"date":"2010-02-15T00:00:00","onhand":10}
[demand] reply {"demand":"order 5","attempt":393,"result":false,"quantity":0,"date":"2010-02-17T00:00:00"}
[demand] attempt {"demand":"order 5","attempt":394,"quantity":10,"requestDate":"2010-02-17T00:00:00","lastDate":"2014-01-19T00:00:00"}
[operation] ask {"demand":"order 5","operation":"delivery end item","quantity":10,"end":"2010-02-17T00:00:00"}
[buffer] ask {"demand":null,"buffer":"end item","requested":10,"date":"2010-02-16T00:00:00","onhand":10}
[demand] reply {"demand":"order 5","attempt":394,"result":false,"quantity":0,"date":"2010-02-18T00:00:00"}
[demand] attempt {"demand":"order 5","attempt":395,"quantity":10,"requestDate":"2010-02-18T00:00:00","lastDate":"2014-01-19T00:00:00"}
[operation] ask {"demand":"order 5","operation":"delivery end item","quantity":10,"end":"2010-02-18T00:00:00"}
[buffer] ask {"demand":null,"buffer":"end item","requested":10,"date":"2010-02-17T00:00:00","onhand":10}
[demand] reply {"demand":"order 5","attempt":395,"result":false,"quantity":0,"date":"2010-02-19T00:00:00"}
[demand] attempt {"demand":"order 5","attempt":396,"quantity":10,"requestDate":"2010-02-19T00:00:00","lastDate":"2014-01-19T00:00:00"}
[operation] ask {"demand":"order 5","operation":"delivery end item","quantity":10,"end":"2010-02-19T00:00:00"}
[buffer] ask {"demand":null,"buffer":"end item","requested":10,"date":"2010-02-18T00:00:00","onhand":10}
[demand] reply {"demand":"order 5","attempt":396,"result":false,"quantity":0,"date":"2010-02-20T00:00:00"}
[demand] attempt {"demand":"order 5","attempt":397,"quantity":10,"requestDate":"2010-02-20T00:00:00","lastDate":"2014-01-19T00:00:00"}
[operation] ask {"demand":"order 5","operation":"delivery end item","quantity":10,"end":"2010-02-20T00:00:00"}
[buffer] ask {"demand":null,"buffer":"end item","requested":10,"date":"2010-02-19T00:00:00","onhand":10}
[demand] reply {"demand":"order 5","attempt":397,"result":false,"quantity":0,"date":"2010-02-21T00:00:00"}
[demand] attempt {"demand":"order 5","attempt":398,"quantity":10,"requestDate":"2010-02-21T00:00:00","lastDate":"2014-01-19T00:00:00"}
[operation] ask {"demand":"order 5","operation":"delivery end item","quantity":10,"end":"2010-02-21T00:00:00"}
[buffer] ask {"demand":null,"buffer":"end item","requested":10,"date":"2010-02-20T00:00:00","onhand":10}
[demand] reply {"demand":"order 5","attempt":398,"result":false,"quantity":0,"date":"2010-02-22T00:00:00"}
[demand] attempt {"demand":"order 5","attempt":399,"quantity":10,"requestDate":"2010-02-22T00:00:00","lastDate":"2014-01-19T00:00:00"}
[operation] ask {"demand":"order 5","operation":"delivery end item","quantity":10,"end":"2010-02-22T00:00:00"}
[buffer] ask {"demand":null,"buffer":"end item","requested":10,"date":"2010-02-21T00:00:00","onhand":10}
[demand] reply {"demand":"order 5","attempt":399,"result":false,"quantity":0,"date":"2010-02-23T00:00:00"}
[demand] attempt {"demand":"order 5","attempt":400,"quantity":10,"requestDate":"2010-02-23T00:00:00","lastDate":"2014-01-19T00:00:00"}
[operation] ask {"demand":"order 5","operation":"delivery end item","quantity":10,"end":"2010-02-23T00:00:00"}
[buffer] ask {"demand":null,"buffer":"end item","requested":10,"date":"2010-02-22T00:00:00","onhand":10}
[demand] reply {"demand":"order 5","attempt":400,"result":false,"quantity":0,"date":"2010-02-24T00:00:00"}
[demand] attempt {"demand":"order 5","attempt":401,"quantity":10,"requestDate":"2010-02-24T00:00:00","lastDate":"2014-01-19T00:00:00"}
[operation] ask {"demand":"order 5","operation":"delivery end item","quantity":10,"end":"2010-02-24T00:00:00"}
[buffer] ask {"demand":null,"buffer":"end item","requested":10,"date":"2010-02-23T00:00:00","onhand":10}
[demand] reply {"demand":"order 5","attempt":401,"result":false,"quantity":0,"date":"2010-02-25T00:00:00"}
[demand] attempt {"demand":"order 5","attempt":402,"quantity":10,"requestDate":"2010-02-25T00:00:00","lastDate":"2014-01-19T00:00:00"}
[operation] ask {"demand":"order 5","operation":"delivery end item","quantity":10,"end":"2010-02-25T00:00:00"}
[buffer] ask {"demand":null,"buffer":"end item","requested":10,"date":"2010-02-24T00:00:00","onhand":10}
[demand] reply {"demand":"order 5","attempt":402,"result":false,"quantity":0,"date":"2010-02-26T00:00:00"}
[demand] attempt {"demand":"order 5","attempt":403,"quantity":10,"requestDate":"2010-02-26T00:00:00","lastDate":"2014-01-19T00:00:00"}
[operation] ask {"demand":"order 5","operation":"delivery end item","quantity":10,"end":"2010-02-26T00:00:00"}
[buffer] ask {"demand":null,"buffer":"end item","requested":10,"date":"2010-02-25T00:00:00","onhand":10}
[demand] reply {"demand":"order 5","attempt":403,"result":false,"quantity":0,"date":"2010-02-27T00:00:00"}
[demand] attempt {"demand":"order 5","attempt":404,"quantity":10,"requestDate":"2010-02-27T00:00:00","lastDate":"2014-01-19T00:00:00"}
[operation] ask {"demand":"order 5","operation":"delivery end item","quantity":10,"end":"2010-02-27T00:00:00"}
[buffer] ask {"demand":null,"buffer":"end item","requested":10,"date":"2010-02-26T00:00:00","onhand":10}
[demand] reply {"demand":"order 5","attempt":404,"result":false,"quantity":0,"date":"2010-02-28T00:00:00"}
[demand] attempt {"demand":"order 5","attempt":405,"quantity":10,"requestDate":"2010-02-28T00:00:00","lastDate":"2014-01-19T00:00:00"}
[operation] ask {"demand":"order 5","operation":"delivery end item","quantity":10,"end":"2010-02-28T00:00:00"}
[buffer] ask {"demand":null,"buffer":"end item","requested":10,"date":"2010-02-27T00:00:00","onhand":10}
[demand] reply {"demand":"order 5","attempt":405,"result":false,"quantity":0,"date":"2010-03-01T00:00:00"}
[demand] attempt {"demand":"order 5","attempt":406,"quantity":10,"requestDate":"2010-03-01T00:00:00","lastDate":"2014-01-19T00:00:00"}
[operation] ask {"demand":"order 5","operation":"delivery end item","quantity":10,"end":"2010-03-01T00:00:00"}
[buffer] ask {"demand":null,"buffer":"end item","requested":10,"date":"2010-02-28T00:00:00","onhand":10}
[demand] reply {"demand":"order 5","attempt":406,"result":false,"quantity":0,"date":"2010-03-02T00:00:00"}
[demand] attempt {"demand":"order 5","attempt":407,"quantity":10,"requestDate":"2010-03-02T00:00:00","lastDate":"2014-01-19T00:00:00"}
[operation] ask {"demand":"order 5","operation":"delivery end item","quantity":10,"end":"2010-03-02T00:00:00"}
[buffer] ask {"demand":null,"buffer":"end item","requested":10,"date":"2010-03-01T00:00:00","onhand":10}
[demand] reply {"demand":"order 5","attempt":407,"result":false,"quantity":0,"date":"2010-03-03T00:00:00"}
[demand] attempt {"demand":"order 5","attempt":408,"quantity":10,"requestDate":"2010-03-03T00:00:00","lastDate":"2014-01-19T00:00:00"}
[operation] ask {"demand":"order 5","operation":"delivery end item","quantity":10,"end":"2010-03-03T00:00:00"}
[buffer] ask {"demand":null,"buffer":"end item","requested":10,"date":"2010-03-02T00:00:00","onhand":10}
[demand] reply {"demand":"order 5","attempt":408,"result":false,"quantity":0,"date":"2010-03-04T00:00:00"}
[demand] attempt {"demand":"order 5","attempt":409,"quantity":10,"requestDate":"2010-03-04T00:00:00","lastDate":"2014-01-19T00:00:00"}
[operation] ask {"demand":"order 5","operation":"delivery end item","quantity":10,"end":"2010-03-04T00:00:00"}
[buffer] ask {"demand":null,"buffer":"end item","requested":10,"date":"2010-03-03T00:00:00","onhand":10}
[demand] reply {"demand":"order 5","attempt":409,"result":false,"quantity":0,"date":"2010-03-05T00:00:00"}
[demand] attempt {"demand":"order 5","attempt":410,"quantity":10,"requestDate":"2010-03-05T00:00:00","lastDate":"2014-01-19T00:00:00"}
[operation] ask {"demand":"order 5","operation":"delivery end item","quantity":10,"end":"2010-03-05T00:00:00"}
[buffer] ask {"demand":null,"buffer":"end item","requested":10,"date":"2010-03-04T00:00:00","onhand":10}
[demand] reply {"demand":"order 5","attempt":410,"result":false,"quantity":0,"date":"2010-03-06T00:00:00"}
[demand] attempt {"demand":"order 5","attempt":411,"quantity":10,"requestDate":"2010-03-06T00:00:00","lastDate":"2014-01-19T00:00:00"}
[operation] ask {"demand":"order 5","operation":"delivery end item","quantity":10,"end":"2010-03-06T00:00:00"}
[buffer] ask {"demand":null,"buffer":"end item","requested":10,"date":"2010-03-05T00:00:00","onhand":10}
[demand] reply {"demand":"order 5","attempt":411,"result":false,"quantity":0,"date":"2010-03-07T00:00:00"}
[demand] attempt {"demand":"order 5","attempt":412,"quantity":10,"requestDate":"2010-03-07T00:00:00","lastDate":"2014-01-19T00:00:00"}
[operation] ask {"demand":"order 5","operation":"delivery end item","quantity":10,"end":"2010-03-07T00:00:00"}
[buffer] ask {"demand":null,"buffer":"end item","requested":10,"date":"2010-03-06T00:00:00","onhand":10}
[demand] reply {"demand":"order 5","attempt":412,"result":false,"quantity":0,"date":"2010-03-08T00:00:00"}
[demand] attempt {"demand":"order 5","attempt":413,"quantity":10,"requestDate":"2010-03-08T00:00:00","lastDate":"2014-01-19T00:00:00"}
[operation] ask {"demand":"order 5","operation":"delivery end item","quantity":10,"end":"2010-03-08T00:00:00"}
[buffer] ask {"demand":null,"buffer":"end item","requested":10,"date":"2010-03-07T00:00:00","onhand":10}
[demand] reply {"demand":"order 5","attempt":413,"result":false,"quantity":0,"date":"2010-03-09T00:00:00"}
[demand] attempt {"demand":"order 5","attempt":414,"quantity":10,"requestDate":"2010-03-09T00:00:00","lastDate":"2014-01-19T00:00:00"}
[operation] ask {"demand":"order 5","operation":"delivery end item","quantity":10,"end":"2010-03-09T00:00:00"}
[buffer] ask {"demand":null,"buffer":"end item","requested":10,"date":"2010-03-08T00:00:00","onhand":10}
[demand] reply {"demand":"order 5","attempt":414,"result":false,"quantity":0,"date":"2010-03-10T00:00:00"}
[demand] attempt {"demand":"order 5","attempt":415,"quantity":10,"requestDate":"2010-03-10T00:00:00","lastDate":"2014-01-19T00:00:00"}
[operation] ask {"demand":"order 5","operation":"delivery end item","quantity":10,"end":"2010-03-10T00:00:00"}
[buffer] ask {"demand":null,"buffer":"end item","requested":10,"date":"2010-03-09T00:00:00","onhand":10}
[demand] reply {"demand":"order 5","attempt":415,"result":false,"quantity":0,"date":"2010-03-11T00:00:00"}
[demand] attempt {"demand":"order 5","attempt":416,"quantity":10,"requestDate":"2010-03-11T00:00:00","lastDate":"2014-01-19T00:00:00"}
[operation] ask {"demand":"order 5","operation":"delivery end item","quantity":10,"end":"2010-03-11T00:00:00"}
[buffer] ask {"demand":null,"buffer":"end item","requested":10,"date":"2010-03-10T00:00:00","onhand":10}
[demand] reply {"demand":"order 5","attempt":416,"result":false,"quantity":0,"date":"2010-03-12T00:00:00"}
[demand] attempt {"demand":"order 5","attempt":417,"quantity":10,"requestDate":"2010-03-12T00:00:00","lastDate":"2014-01-19T00:00:00"}
[operation] ask {"demand":"order 5","operation":"delivery end item","quantity":10,"end":"2010-03-12T00:00:00"}
[buffer] ask {"demand":null,"buffer":"end item","requested":10,"date":"2010-03-11T00:00:00","onhand":10}
[demand] reply {"demand":"order 5","attempt":417,"result":false,"quantity":0,"date":"2010-03-13T00:00:00"}
[demand] attempt {"demand":"order 5","attempt":418,"quantity":10,"requestDate":"2010-03-13T00:00:00","lastDate":"2014-01-19T00:00:00"}
[operation] ask {"demand":"order 5","operation":"delivery end item","quantity":10,"end":"2010-03-13T00:00:00"}
[buffer] ask {"demand":null,"buffer":"end item","requested":10,"date":"2010-03-12T00:00:00","onhand":10}
[demand] reply {"demand":"order 5","attempt":418,"result":false,"quantity":0,"date":"2010-03-14T00:00:00"}
[demand] attempt {"demand":"order 5","attempt":419,"quantity":10,"requestDate":"2010-03-14T00:00:00","lastDate":"2014-01-19T00:00:00"}
[operation] ask {"demand":"order 5","operation":"delivery end item","quantity":10,"end":"2010-03-14T00:00:00"}
[buffer] ask {"demand":null,"buffer":"end item","requested":10,"date":"2010-03-13T00:00:00","onhand":10}
[demand] reply {"demand":"order 5","attempt":419,"result":false,"quantity":0,"date":"2010-03-15T00:00:00"}
[demand] attempt {"demand":"order 5","attempt":420,"quantity":10,"requestDate":"2010-03-15T00:00:00","lastDate":"2014-01-19T00:00:00"}
[operation] ask {"demand":"order 5","operation":"delivery end item","quantity":10,"end":"2010-03-15T00:00:00"}
[buffer] ask {"demand":null,"buffer":"end item","requested":10,"date":"2010-03-14T00:00:00","onhand":10}
[demand] reply {"demand":"order 5","attempt":420,"result":false,"quantity":0,"date":"2010-03-16T00:00:00"}
[demand] attempt {"demand":"order 5","attempt":421,"quantity":10,"requestDate":"2010-03-16T00:00:00","lastDate":"2014-01-19T00:00:00"}
[operation] ask {"demand":"order 5","operation":"delivery end item","quantity":10,"end":"2010-03-16T00:00:00"}
[buffer] ask {"demand":null,"buffer":"end item","requested":10,"date":"2010-03-15T00:00:00","onhand":10}
[demand] reply {"demand":"order 5","attempt":421,"result":false,"quantity":0,"date":"2010-03-17T00:00:00"}
[demand] attempt {"demand":"order 5","attempt":422,"quantity":10,"requestDate":"2010-03-17T00:00:00","lastDate":"2014-01-19T00:00:00"}
[operation] ask {"demand":"order 5","operation":"delivery end item","quantity":10,"end":"2010-03-17T00:00:00"}
[buffer] ask {"demand":null,"buffer":"end item","requested":10,"date":"2010-03-16T00:00:00","onhand":10}
[demand] reply {"demand":"order 5","attempt":422,"result":false,"quantity":0,"date":"2010-03-18T00:00:00"}
[demand] attempt {"demand":"order 5","attempt":423,"quantity":10,"requestDate":"2010-03-18T00:00:00","lastDate":"2014-01-19T00:00:00"}
[operation] ask {"demand":"order 5","operation":"delivery end item","quantity":10,"end":"2010-03-18T00:00:00"}
[buffer] ask {"demand":null,"buffer":"end item","requested":10,"date":"2010-03-17T00:00:00","onhand":10}
[demand] reply {"demand":"order 5","attempt":423,"result":false,"quantity":0,"date":"2010-03-19T00:00:00"}
[demand] attempt {"demand":"order 5","attempt":424,"quantity":10,"requestDate":"2010-03-19T00:00:00","lastDate":"2014-01-19T00:00:00"}
[operation] ask {"demand":"order 5","operation":"delivery end item","quantity":10,"end":"2010-03-19T00:00:00"}
[buffer] ask {"demand":null,"buffer":"end item","requested":10,"date":"2010-03-18T00:00:00","onhand":10}
[demand] reply {"demand":"order 5","attempt":424,"result":false,"quantity":0,"date":"2010-03-20T00:00:00"}
[demand] attempt {"demand":"order 5","attempt":425,"quantity":10,"requestDate":"2010-03-20T00:00:00","lastDate":"2014-01-19T00:00:00"}
[operation] ask {"demand":"order 5","operation":"delivery end item","quantity":10,"end":"2010-03-20T00:00:00"}
[buffer] ask {"demand":null,"buffer":"end item","requested":10,"date":"2010-03-19T00:00:00","onhand":10}
[demand] reply {"demand":"order 5","attempt":425,"result":false,"quantity":0,"date":"2010-03-21T00:00:00"}
[demand] attempt {"demand":"order 5","attempt":426,"quantity":10,"requestDate":"2010-03-21T00:00:00","lastDate":"2014-01-19T00:00:00"}
[operation] ask {"demand":"order 5","operation":"delivery end item","quantity":10,"end":"2010-03-21T00:00:00"}
[buffer] ask {"demand":null,"buffer":"end item","requested":10,"date":"2010-03-20T00:00:00","onhand":10}
[demand] reply {"demand":"order 5","attempt":426,"result":false,"quantity":0,"date":"2010-03-22T00:00:00"}
[demand] attempt {"demand":"order 5","attempt":427,"quantity":10,"requestDate":"2010-03-22T00:00:00","lastDate":"2014-01-19T00:00:00"}
[operation] ask {"demand":"order 5","operation":"delivery end item","quantity":10,"end":"2010-03-22T00:00:00"}
[buffer] ask {"demand":null,"buffer":"end item","requested":10,"date":"2010-03-21T00:00:00","onhand":10}
[demand] reply {"demand":"order 5","attempt":427,"result":false,"quantity":0,"date":"2010-03-23T00:00:00"}
[demand] attempt {"demand":"order 5","attempt":428,"quantity":10,"requestDate":"2010-03-23T00:00:00","lastDate":"2014-01-19T00:00:00"}
[operation] ask {"demand":"order 5","operation":"delivery end item","quantity":10,"end":"2010-03-23T00:00:00"}
[buffer] ask {"demand":null,"buffer":"end item","requested":10,"date":"2010-03-22T00:00:00","onhand":10}
[demand] reply {"demand":"order 5","attempt":428,"result":false,"quantity":0,"date":"2010-03-24T00:00:00"}
[demand] attempt {"demand":"order 5","attempt":429,"quantity":10,"requestDate":"2010-03-24T00:00:00","lastDate":"2014-01-19T00:00:00"}
[operation] ask {"demand":"order 5","operation":"delivery end item","quantity":10,"end":"2010-03-24T00:00:00"}
[buffer] ask {"demand":null,"buffer":"end item","requested":10,"date":"2010-03-23T00:00:00","onhand":10}
[demand] reply {"demand":"order 5","attempt":429,"result":false,"quantity":0,"date":"2010-03-25T00:00:00"}
[demand] attempt {"demand":"order 5","attempt":430,"quantity":10,"requestDate":"2010-03-25T00:00:00","lastDate":"2014-01-19T00:00:00"}
[operation] ask {"demand":"order 5","operation":"delivery end item","quantity":10,"end":"2010-03-25T00:00:00"}
[buffer] ask {"demand":null,"buffer":"end item","requested":10,"date":"2010-03-24T00:00:00","onhand":10}
[demand] reply {"demand":"order 5","attempt":430,"result":false,"quantity":0,"date":"2010-03-26T00:00:00"}
[demand] attempt {"demand":"order 5","attempt":431,"quantity":10,"requestDate":"2010-03-26T00:00:00","lastDate":"2014-01-19T00:00:00"}
[operation] ask {"demand":"order 5","operation":"delivery end item","quantity":10,"end":"2010-03-26T00:00:00"}
[buffer] ask {"demand":null,"buffer":"end item","requested":10,"date":"2010-03-25T00:00:00","onhand":10}
[demand] reply {"demand":"order 5","attempt":431,"result":false,"quantity":0,"date":"2010-03-27T00:00:00"}
[demand] attempt {"demand":"order 5","attempt":432,"quantity":10,"requestDate":"2010-03-27T00:00:00","lastDate":"2014-01-19T00:00:00"}
[operation] ask {"demand":"order 5","operation":"delivery end item","quantity":10,"end":"2010-03-27T00:00:00"}
[buffer] ask {"demand":null,"buffer":"end item","requested":10,"date":"2010-03-26T00:00:00","onhand":10}
[demand] reply {"demand":"order 5","attempt":432,"result":false,"quantity":0,"date":"2010-03-28T00:00:00"}
[demand] attempt {"demand":"order 5","attempt":433,"quantity":10,"requestDate":"2010-03-28T00:00:00","lastDate":"2014-01-19T00:00:00"}
[operation] ask {"demand":"order 5","operation":"delivery end item","quantity":10,"end":"2010-03-28T00:00:00"}
[buffer] ask {"demand":null,"buffer":"end item","requested":10,"date":"2010-03-27T00:00:00","onhand":10}
[demand] reply {"demand":"order 5","attempt":433,"result":false,"quantity":0,"date":"2010-03-29T00:00:00"}
[demand] attempt {"demand":"order 5","attempt":434,"quantity":10,"requestDate":"2010-03-29T00:00:00","lastDate":"2014-01-19T00:00:00"}
[operation] ask {"demand":"order 5","operation":"delivery end item","quantity":10,"end":"2010-03-29T00:00:00"}
[buffer] ask {"demand":null,"buffer":"end item","requested":10,"date":"2010-03-28T00:00:00","onhand":10}
[demand] reply {"demand":"order 5","attempt":434,"result":false,"quantity":0,"date":"2010-03-30T00:00:00"}
[demand] attempt {"demand":"order 5","attempt":435,"quantity":10,"requestDate":"2010-03-30T00:00:00","lastDate":"2014-01-19T00:00:00"}
[operation] ask {"demand":"order 5","operation":"delivery end item","quantity":10,"end":"2010-03-30T00:00:00"}
[buffer] ask {"demand":null,"buffer":"end item","requested":10,"date":"2010-03-29T00:00:00","onhand":10}
[demand] reply {"demand":"order 5","attempt":435,"result":false,"quantity":0,"date":"2010-03-31T00:00:00"}
[demand] attempt {"demand":"order 5","attempt":436,"quantity":10,"requestDate":"2010-03-31T00:00:00","lastDate":"2014-01-19T00:00:00"}
[operation] ask {"demand":"order 5","operation":"delivery end item","quantity":10,"end":"2010-03-31T00:00:00"}
[buffer] ask {"demand":null,"buffer":"end item","requested":10,"date":"2010-03-30T00:00:00","onhand":10}
[demand] reply {"demand":"order 5","attempt":436,"result":false,"quantity":0,"date":"2010-04-01T00:00:00"}
[demand] attempt {"demand":"order 5","attempt":437,"quantity":10,"requestDate":"2010-04-01T00:00:00","lastDate":"2014-01-19T00:00:00"}
[operation] ask {"demand":"order 5","operation":"delivery end item","quantity":10,"end":"2010-04-01T00:00:00"}
[buffer] ask {"demand":null,"buffer":"end item","requested":10,"date":"2010-03-31T00:00:00","onhand":10}
[demand] reply {"demand":"order 5","attempt":437,"result":false,"quantity":0,"date":"2010-04-02T00:00:00"}
[demand] attempt {"demand":"order 5","attempt":438,"quantity":10,"requestDate":"2010-04-02T00:00:00","lastDate":"2014-01-19T00:00:00"}
[operation] ask {"demand":"order 5","operation":"delivery end item","quantity":10,"end":"2010-04-02T00:00:00"}
[buffer] ask {"demand":null,"buffer":"end item","requested":10,"date":"2010-04-01T00:00:00","onhand":10}
[demand] reply {"demand":"order 5","attempt":438,"result":false,"quantity":0,"date":"2010-04-03T00:00:00"}
[demand] attempt {"demand":"order 5","attempt":439,"quantity":10,"requestDate":"2010-04-03T00:00:00","lastDate":"2014-01-19T00:00:00"}
[operation] ask {"demand":"order 5","operation":"delivery end item","quantity":10,"end":"2010-04-03T00:00:00"}
[buffer] ask {"demand":null,"buffer":"end item","requested":10,"date":"2010-04-02T00:00:00","onhand":10}
[demand] reply {"demand":"order 5","attempt":439,"result":false,"quantity":0,"date":"2010-04-04T00:00:00"}
[demand] attempt {"demand":"order 5","attempt":440,"quantity":10,"requestDate":"2010-04-04T00:00:00","lastDate":"2014-01-19T00:00:00"}
[operation] ask {"demand":"order 5","operation":"delivery end item","quantity":10,"end":"2010-04-04T00:00:00"}
[buffer] ask {"demand":null,"buffer":"end item","requested":10,"date":"2010-04-03T00:00:00","onhand":10}
[demand] reply {"demand":"order 5","attempt":440,"result":false,"quantity":0,"date":"2010-04-05T00:00:00"}
[demand] attempt {"demand":"order 5","attempt":441,"quantity":10,"requestDate":"2010-04-05T00:00:00","lastDate":"2014-01-19T00:00:00"}
[operation] ask {"demand":"order 5","operation":"delivery end item","quantity":10,"end":"2010-04-05T00:00:00"}
[buffer] ask {"demand":null,"buffer":"end item","requested":10,"date":"2010-04-04T00:00:00","onhand":10}
[demand] reply {"demand":"order 5","attempt":441,"result":false,"quantity":0,"date":"2010-04-06T00:00:00"}
[demand] attempt {"demand":"order 5","attempt":442,"quantity":10,"requestDate":"2010-04-06T00:00:00","lastDate":"2014-01-19T00:00:00"}
[operation] ask {"demand":"order 5","operation":"delivery end item","quantity":10,"end":"2010-04-06T00:00:00"}
[buffer] ask {"demand":null,"buffer":"end item","requested":10,"date":"2010-04-05T00:00:00","onhand":10}
[demand] reply {"demand":"order 5","attempt":442,"result":false,"quantity":0,"date":"2010-04-07T00:00:00"}
[demand] attempt {"demand":"order 5","attempt":443,"quantity":10,"requestDate":"2010-04-07T00:00:00","lastDate":"2014-01-19T00:00:00"}
[operation] ask {"demand":"order 5","operation":"delivery end item","quantity":10,"end":"2010-04-07T00:00:00"}
[buffer] ask {"demand":null,"buffer":"end item","requested":10,"date":"2010-04-06T00:00:00","onhand":10}
[demand] reply {"demand":"order 5","attempt":443,"result":false,"quantity":0,"date":"2010-04-08T00:00:00"}
[demand] attempt {"demand":"order 5","attempt":444,"quantity":10,"requestDate":"2010-04-08T00:00:00","lastDate":"2014-01-19T00:00:00"}
[operation] ask {"demand":"order 5","operation":"delivery end item","quantity":10,"end":"2010-04-08T00:00:00"}
[buffer] ask {"demand":null,"buffer":"end item","requested":10,"date":"2010-04-07T00:00:00","onhand":10}
[demand] reply {"demand":"order 5","attempt":444,"result":false,"quantity":0,"date":"2010-04-09T00:00:00"}
[demand] attempt {"demand":"order 5","attempt":445,"quantity":10,"requestDate":"2010-04-09T00:00:00","lastDate":"2014-01-19T00:00:00"}
[operation] ask {"demand":"order 5","operation":"delivery end item","quantity":10,"end":"2010-04-09T00:00:00"}
[buffer] ask {"demand":null,"buffer":"end item","requested":10,"date":"2010-04-08T00:00:00","onhand":10}
[demand] reply {"demand":"order 5","attempt":445,"result":false,"quantity":0,"date":"2010-04-10T00:00:00"}
[demand] attempt {"demand":"order 5","attempt":446,"quantity":10,"requestDate":"2010-04-10T00:00:00","lastDate":"2014-01-19T00:00:00"}
[operation] ask {"demand":"order 5","operation":"delivery end item","quantity":10,"end":"2010-04-10T00:00:00"}
[buffer] ask {"demand":null,"buffer":"end item","requested":10,"date":"2010-04-09T00:00:00","onhand":10}
[demand] reply {"demand":"order 5","attempt":446,"result":false,"quantity":0,"date":"2010-04-11T00:00:00"}
[demand] attempt {"demand":"order 5","attempt":447,"quantity":10,"requestDate":"2010-04-11T00:00:00","lastDate":"2014-01-19T00:00:00"}
[operation] ask {"demand":"order 5","operation":"delivery end item","quantity":10,"end":"2010-04-11T00:00:00"}
[buffer] ask {"demand":null,"buffer":"end item","requested":10,"date":"2010-04-10T00:00:00","onhand":10}
[demand] reply {"demand":"order 5","attempt":447,"result":false,"quantity":0,"date":"2010-04-12T00:00:00"}
[demand] attempt {"demand":"order 5","attempt":448,"quantity":10,"requestDate":"2010-04-12T00:00:00","lastDate":"2014-01-19T00:00:00"}
[operation] ask {"demand":"order 5","operation":"delivery end item","quantity":10,"end":"2010-04-12T00:00:00"}
[buffer] ask {"demand":null,"buffer":"end item","requested":10,"date":"2010-04-11T00:00:00","onhand":10}
[demand] reply {"demand":"order 5","attempt":448,"result":false,"quantity":0,"date":"2010-04-13T00:00:00"}
[demand] attempt {"demand":"order 5","attempt":449,"quantity":10,"requestDate":"2010-04-13T00:00:00","lastDate":"2014-01-19T00:00:00"}
[operation] ask {"demand":"order 5","operation":"delivery end item","quantity":10,"end":"2010-04-13T00:00:00"}
[buffer] ask {"demand":null,"buffer":"end item","requested":10,"date":"2010-04-12T00:00:00","onhand":10}
[demand] reply {"demand":"order 5","attempt":449,"result":false,"quantity":0,"date":"2010-04-14T00:00:00"}
[demand] attempt {"demand":"order 5","attempt":450,"quantity":10,"requestDate":"2010-04-14T00:00:00","lastDate":"2014-01-19T00:00:00"}
[operation] ask {"demand":"order 5","operation":"delivery end item","quantity":10,"end":"2010-04-14T00:00:00"}
[buffer] ask {"demand":null,"buffer":"end item","requested":10,"date":"2010-04-13T00:00:00","onhand":10}
[demand] reply {"demand":"order 5","attempt":450,"result":false,"quantity":0,"date":"2010-04-15T00:00:00"}
[demand] attempt {"demand":"order 5","attempt":451,"quantity":10,"requestDate":"2010-04-15T00:00:00","lastDate":"2014-01-19T00:00:00"}
[operation] ask {"demand":"order 5","operation":"delivery end item","quantity":10,"end":"2010-04-15T00:00:00"}
[buffer] ask {"demand":null,"buffer":"end item","requested":10,"date":"2010-04-14T00:00:00","onhand":10}
[demand] reply {"demand":"order 5","attempt":451,"result":false,"quantity":0,"date":"2010-04-16T00:00:00"}
[demand] attempt {"demand":"order 5","attempt":452,"quantity":10,"requestDate":"2010-04-16T00:00:00","lastDate":"2014-01-19T00:00:00"}
[operation] ask {"demand":"order 5","operation":"delivery end item","quantity":10,"end":"2010-04-16T00:00:00"}
[buffer] ask {"demand":null,"buffer":"end item","requested":10,"date":"2010-04-15T00:00:00","onhand":10}
[demand] reply {"demand":"order 5","attempt":452,"result":false,"quantity":0,"date":"2010-04-17T00:00:00"}
[demand] attempt {"demand":"order 5","attempt":453,"quantity":10,"requestDate":"2010-04-17T00:00:00","lastDate":"2014-01-19T00:00:00"}
[operation] ask {"demand":"order 5","operation":"delivery end item","quantity":10,"end":"2010-04-17T00:00:00"}
[buffer] ask {"demand":null,"buffer":"end item","requested":10,"date":"2010-04-16T00:00:00","onhand":10}
[demand] reply {"demand":"order 5","attempt":453,"result":false,"quantity":0,"date":"2010-04-18T00:00:00"}
[demand] attempt {"demand":"order 5","attempt":454,"quantity":10,"requestDate":"2010-04-18T00:00:00","lastDate":"2014-01-19T00:00:00"}
[operation] ask {"demand":"order 5","operation":"delivery end item","quantity":10,"end":"2010-04-18T00:00:00"}
[buffer] ask {"demand":null,"buffer":"end item","requested":10,"date":"2010-04-17T00:00:00","onhand":10}
[demand] reply {"demand":"order 5","attempt":454,"result":false,"quantity":0,"date":"2010-04-19T00:00:00"}
[demand] attempt {"demand":"order 5","attempt":455,"quantity":10,"requestDate":"2010-04-19T00:00:00","lastDate":"2014-01-19T00:00:00"}
[operation] ask {"demand":"order 5","operation":"delivery end item","quantity":10,"end":"2010-04-19T00:00:00"}
[buffer] ask {"demand":null,"buffer":"end item","requested":10,"date":"2010-04-18T00:00:00","onhand":10}
[demand] reply {"demand":"order 5","attempt":455,"result":false,"quantity":0,"date":"2010-04-20T00:00:00"}
[demand] attempt {"demand":"order 5","attempt":456,"quantity":10,"requestDate":"2010-04-20T00:00:00","lastDate":"2014-01-19T00:00:00"}
[operation] ask {"demand":"order 5","operation":"delivery end item","quantity":10,"end":"2010-04-20T00:00:00"}
[buffer] ask {"demand":null,"buffer":"end item","requested":10,"date":"2010-04-19T00:00:00","onhand":10}
[demand] reply {"demand":"order 5","attempt":456,"result":false,"quantity":0,"date":"2010-04-21T00:00:00"}
[demand] attempt {"demand":"order 5","attempt":457,"quantity":10,"requestDate":"2010-04-21T00:00:00","lastDate":"2014-01-19T00:00:00"}
[operation] ask {"demand":"order 5","operation":"delivery end item","quantity":10,"end":"2010-04-21T00:00:00"}
[buffer] ask {"demand":null,"buffer":"end item","requested":10,"date":"2010-04-20T00:00:00","onhand":10}
[demand] reply {"demand":"order 5","attempt":457,"result":false,"quantity":0,"date":"2010-04-22T00:00:00"}
[demand] attempt {"demand":"order 5","attempt":458,"quantity":10,"requestDate":"2010-04-22T00:00:00","lastDate":"2014-01-19T00:00:00"}
[operation] ask {"demand":"order 5","operation":"delivery end item","quantity":10,"end":"2010-04-22T00:00:00"}
[buffer] ask {"demand":null,"buffer":"end item","requested":10,"date":"2010-04-21T00:00:00","onhand":10}
[demand] reply {"demand":"order 5","attempt":458,"result":false,"quantity":0,"date":"2010-04-23T00:00:00"}
[demand] attempt {"demand":"order 5","attempt":459,"quantity":10,"requestDate":"2010-04-23T00:00:00","lastDate":"2014-01-19T00:00:00"}
[operation] ask {"demand":"order 5","operation":"delivery end item","quantity":10,"end":"2010-04-23T00:00:00"}
[buffer] ask {"demand":null,"buffer":"end item","requested":10,"date":"2010-04-22T00:00:00","onhand":10}
[demand] reply {"demand":"order 5","attempt":459,"result":false,"quantity":0,"date":"2010-04-24T00:00:00"}
[demand] attempt {"demand":"order 5","attempt":460,"quantity":10,"requestDate":"2010-04-24T00:00:00","lastDate":"2014-01-19T00:00:00"}
[operation] ask {"demand":"order 5","operation":"delivery end item","quantity":10,"end":"2010-04-24T00:00:00"}
[buffer] ask {"demand":null,"buffer":"end item","requested":10,"date":"2010-04-23T00:00:00","onhand":10}
[demand] reply {"demand":"order 5","attempt":460,"result":false,"quantity":0,"date":"2010-04-25T00:00:00"}
[demand] attempt {"demand":"order 5","attempt":461,"quantity":10,"requestDate":"2010-04-25T00:00:00","lastDate":"2014-01-19T00:00:00"}
[operation] ask {"demand":"order 5","operation":"delivery end item","quantity":10,"end":"2010-04-25T00:00:00"}
[buffer] ask {"demand":null,"buffer":"end item","requested":10,"date":"2010-04-24T00:00:00","onhand":10}
[demand] reply {"demand":"order 5","attempt":461,"result":false,"quantity":0,"date":"2010-04-26T00:00:00"}
[demand] attempt {"demand":"order 5","attempt":462,"quantity":10,"requestDate":"2010-04-26T00:00:00","lastDate":"2014-01-19T00:00:00"}
[operation] ask {"demand":"order 5","operation":"delivery end item","quantity":10,"end":"2010-04-26T00:00:00"}
[buffer] ask {"demand":null,"buffer":"end item","requested":10,"date":"2010-04-25T00:00:00","onhand":10}
[demand] reply {"demand":"order 5","attempt":462,"result":false,"quantity":0,"date":"2010-04-27T00:00:00"}
[demand] attempt {"demand":"order 5","attempt":463,"quantity":10,"requestDate":"2010-04-27T00:00:00","lastDate":"2014-01-19T00:00:00"}
[operation] ask {"demand":"order 5","operation":"delivery end item","quantity":10,"end":"2010-04-27T00:00:00"}
[buffer] ask {"demand":null,"buffer":"end item","requested":10,"date":"2010-04-26T00:00:00","onhand":10}
[demand] reply {"demand":"order 5","attempt":463,"result":false,"quantity":0,"date":"2010-04-28T00:00:00"}
[demand] attempt {"demand":"order 5","attempt":464,"quantity":10,"requestDate":"2010-04-28T00:00:00","lastDate":"2014-01-19T00:00:00"}
[operation] ask {"demand":"order 5","operation":"delivery end item","quantity":10,"end":"2010-04-28T00:00:00"}
[buffer] ask {"demand":null,"buffer":"end item","requested":10,"date":"2010-04-27T00:00:00","onhand":10}
[demand] reply {"demand":"order 5","attempt":464,"result":false,"quantity":0,"date":"2010-04-29T00:00:00"}
[demand] attempt {"demand":"order 5","attempt":465,"quantity":10,"requestDate":"2010-04-29T00:00:00","lastDate":"2014-01-19T00:00:00"}
[operation] ask {"demand":"order 5","operation":"delivery end item","quantity":10,"end":"2010-04-29T00:00:00"}
[buffer] ask {"demand":null,"buffer":"end item","requested":10,"date":"2010-04-28T00:00:00","onhand":10}
[demand] reply {"demand":"order 5","attempt":465,"result":false,"quantity":0,"date":"2010-04-30T00:00:00"}
[demand] attempt {"demand":"order 5","attempt":466,"quantity":10,"requestDate":"2010-04-30T00:00:00","lastDate":"2014-01-19T00:00:00"}
[operation] ask {"demand":"order 5","operation":"delivery end item","quantity":10,"end":"2010-04-30T00:00:00"}
[buffer] ask {"demand":null,"buffer":"end item","requested":10,"date":"2010-04-29T00:00:00","onhand":10}
[demand] reply {"demand":"order 5","attempt":466,"result":false,"quantity":0,"date":"2010-05-01T00:00:00"}
[demand] attempt {"demand":"order 5","attempt":467,"quantity":10,"requestDate":"2010-05-01T00:00:00","lastDate":"2014-01-19T00:00:00"}
[operation] ask {"demand":"order 5","operation":"delivery end item","quantity":10,"end":"2010-05-01T00:00:00"}
[buffer] ask {"demand":null,"buffer":"end item","requested":10,"date":"2010-04-30T00:00:00","onhand":10}
[demand] reply {"demand":"order 5","attempt":467,"result":false,"quantity":0,"date":"2010-05-02T00:00:00"}
[demand] attempt {"demand":"order 5","attempt":468,"quantity":10,"requestDate":"2010-05-02T00:00:00","lastDate":"2014-01-19T00:00:00"}
[operation] ask {"demand":"order 5","operation":"delivery end item","quantity":10,"end":"2010-05-02T00:00:00"}
[buffer] ask {"demand":null,"buffer":"end item","requested":10,"date":"2010-05-01T00:00:00","onhand":10}
[demand] reply {"demand":"order 5","attempt":468,"result":false,"quantity":0,"date":"2010-05-03T00:00:00"}
[demand] attempt {"demand":"order 5","attempt":469,"quantity":10,"requestDate":"2010-05-03T00:00:00","lastDate":"2014-01-19T00:00:00"}
[operation] ask {"demand":"order 5","operation":"delivery end item","quantity":10,"end":"2010-05-03T00:00:00"}
[buffer] ask {"demand":null,"buffer":"end item","requested":10,"date":"2010-05-02T00:00:00","onhand":10}
[demand] reply {"demand":"order 5","attempt":469,"result":false,"quantity":0,"date":"2010-05-04T00:00:00"}
[demand] attempt {"demand":"order 5","attempt":470,"quantity":10,"requestDate":"2010-05-04T00:00:00","lastDate":"2014-01-19T00:00:00"}
[operation] ask {"demand":"order 5","operation":"delivery end item","quantity":10,"end":"2010-05-04T00:00:00"}
[buffer] ask {"demand":null,"buffer":"end item","requested":10,"date":"2010-05-03T00:00:00","onhand":10}
[demand] reply {"demand":"order 5","attempt":470,"result":false,"quantity":0,"date":"2010-05-05T00:00:00"}
[demand] attempt {"demand":"order 5","attempt":471,"quantity":10,"requestDate":"2010-05-05T00:00:00","lastDate":"2014-01-19T00:00:00"}
[operation] ask {"demand":"order 5","operation":"delivery end item","quantity":10,"end":"2010-05-05T00:00:00"}
[buffer] ask {"demand":null,"buffer":"end item","requested":10,"date":"2010-05-04T00:00:00","onhand":10}
[demand] reply {"demand":"order 5","attempt":471,"result":false,"quantity":0,"date":"2010-05-06T00:00:00"}
[demand] attempt {"demand":"order 5","attempt":472,"quantity":10,"requestDate":"2010-05-06T00:00:00","lastDate":"2014-01-19T00:00:00"}
[operation] ask {"demand":"order 5","operation":"delivery end item","quantity":10,"end":"2010-05-06T00:00:00"}
[buffer] ask {"demand":null,"buffer":"end item","requested":10,"date":"2010-05-05T00:00:00","onhand":10}
[demand] reply {"demand":"order 5","attempt":472,"result":false,"quantity":0,"date":"2010-05-07T00:00:00"}
[demand] attempt {"demand":"order 5","attempt":473,"quantity":10,"requestDate":"2010-05-07T00:00:00","lastDate":"2014-01-19T00:00:00"}
[operation] ask {"demand":"order 5","operation":"delivery end item","quantity":10,"end":"2010-05-07T00:00:00"}
[buffer] ask {"demand":null,"buffer":"end item","requested":10,"date":"2010-05-06T00:00:00","onhand":10}
[demand] reply {"demand":"order 5","attempt":473,"result":false,"quantity":0,"date":"2010-05-08T00:00:00"}
[demand] attempt {"demand":"order 5","attempt":474,"quantity":10,"requestDate":"2010-05-08T00:00:00","lastDate":"2014-01-19T00:00:00"}
[operation] ask {"demand":"order 5","operation":"delivery end item","quantity":10,"end":"2010-05-08T00:00:00"}
[buffer] ask {"demand":null,"buffer":"end item","requested":10,"date":"2010-05-07T00:00:00","onhand":10}
[demand] reply {"demand":"order 5","attempt":474,"result":false,"quantity":0,"date":"2010-05-09T00:00:00"}
[demand] attempt {"demand":"order 5","attempt":475,"quantity":10,"requestDate":"2010-05-09T00:00:00","lastDate":"2014-01-19T00:00:00"}
[operation] ask {"demand":"order 5","operation":"delivery end item","quantity":10,"end":"2010-05-09T00:00:00"}
[buffer] ask {"demand":null,"buffer":"end item","requested":10,"date":"2010-05-08T00:00:00","onhand":10}
[demand] reply {"demand":"order 5","attempt":475,"result":false,"quantity":0,"date":"2010-05-10T00:00:00"}
[demand] attempt {"demand":"order 5","attempt":476,"quantity":10,"requestDate":"2010-05-10T00:00:00","lastDate":"2014-01-19T00:00:00"}
[operation] ask {"demand":"order 5","operation":"delivery end item","quantity":10,"end":"2010-05-10T00:00:00"}
[buffer] ask {"demand":null,"buffer":"end item","requested":10,"date":"2010-05-09T00:00:00","onhand":10}
[demand] reply {"demand":"order 5","attempt":476,"result":false,"quantity":0,"date":"2010-05-11T00:00:00"}
[demand] attempt {"demand":"order 5","attempt":477,"quantity":10,"requestDate":"2010-05-11T00:00:00","lastDate":"2014-01-19T00:00:00"}
[operation] ask {"demand":"order 5","operation":"delivery end item","quantity":10,"end":"2010-05-11T00:00:00"}
[buffer] ask {"demand":null,"buffer":"end item","requested":10,"date":"2010-05-10T00:00:00","onhand":10}
[demand] reply {"demand":"order 5","attempt":477,"result":false,"quantity":0,"date":"2010-05-12T00:00:00"}
[demand] attempt {"demand":"order 5","attempt":478,"quantity":10,"requestDate":"2010-05-12T00:00:00","lastDate":"2014-01-19T00:00:00"}
[operation] ask {"demand":"order 5","operation":"delivery end item","quantity":10,"end":"2010-05-12T00:00:00"}
[buffer] ask {"demand":null,"buffer":"end item","requested":10,"date":"2010-05-11T00:00:00","onhand":10}
[demand] reply {"demand":"order 5","attempt":478,"result":false,"quantity":0,"date":"2010-05-13T00:00:00"}
[demand] attempt {"demand":"order 5","attempt":479,"quantity":10,"requestDate":"2010-05-13T00:00:00","lastDate":"2014-01-19T00:00:00"}
[operation] ask {"demand":"order 5","operation":"delivery end item","quantity":10,"end":"2010-05-13T00:00:00"}
[buffer] ask {"demand":null,"buffer":"end item","requested":10,"date":"2010-05-12T00:00:00","onhand":10}
[demand] reply {"demand":"order 5","attempt":479,"result":false,"quantity":0,"date":"2010-05-14T00:00:00"}
[demand] attempt {"demand":"order 5","attempt":480,"quantity":10,"requestDate":"2010-05-14T00:00:00","lastDate":"2014-01-19T00:00:00"}
[operation] ask {"demand":"order 5","operation":"delivery end item","quantity":10,"end":"2010-05-14T00:00:00"}
[buffer] ask {"demand":null,"buffer":"end item","requested":10,"date":"2010-05-13T00:00:00","onhand":10}
[demand] reply {"demand":"order 5","attempt":480,"result":false,"quantity":0,"date":"2010-05-15T00:00:00"}
[demand] attempt {"demand":"order 5","attempt":481,"quantity":10,"requestDate":"2010-05-15T00:00:00","lastDate":"2014-01-19T00:00:00"}
[operation] ask {"demand":"order 5","operation":"delivery end item","quantity":10,"end":"2010-05-15T00:00:00"}
[buffer] ask {"demand":null,"buffer":"end item","requested":10,"date":"2010-05-14T00:00:00","onhand":10}
[demand] reply {"demand":"order 5","attempt":481,"result":false,"quantity":0,"date":"2010-05-16T00:00:00"}
[demand] attempt {"demand":"order 5","attempt":482,"quantity":10,"requestDate":"2010-05-16T00:00:00","lastDate":"2014-01-19T00:00:00"}
[operation] ask {"demand":"order 5","operation":"delivery end item","quantity":10,"end":"2010-05-16T00:00:00"}
[buffer] ask {"demand":null,"buffer":"end item","requested":10,"date":"2010-05-15T00:00:00","onhand":10}
[demand] reply {"demand":"order 5","attempt":482,"result":false,"quantity":0,"date":"2010-05-17T00:00:00"}
[demand] attempt {"demand":"order 5","attempt":483,"quantity":10,"requestDate":"2010-05-17T00:00:00","lastDate":"2014-01-19T00:00:00"}
[operation] ask {"demand":"order 5","operation":"delivery end item","quantity":10,"end":"2010-05-17T00:00:00"}
[buffer] ask {"demand":null,"buffer":"end item","requested":10,"date":"2010-05-16T00:00:00","onhand":10}
[demand] reply {"demand":"order 5","attempt":483,"result":false,"quantity":0,"date":"2010-05-18T00:00:00"}
[demand] attempt {"demand":"order 5","attempt":484,"quantity":10,"requestDate":"2010-05-18T00:00:00","lastDate":"2014-01-19T00:00:00"}
[operation] ask {"demand":"order 5","operation":"delivery end item","quantity":10,"end":"2010-05-18T00:00:00"}
[buffer] ask {"demand":null,"buffer":"end item","requested":10,"date":"2010-05-17T00:00:00","onhand":10}
[demand] reply {"demand":"order 5","attempt":484,"result":false,"quantity":0,"date":"2010-05-19T00:00:00"}
[demand] attempt {"demand":"order 5","attempt":485,"quantity":10,"requestDate":"2010-05-19T00:00:00","lastDate":"2014-01-19T00:00:00"}
[operation] ask {"demand":"order 5","operation":"delivery end item","quantity":10,"end":"2010-05-19T00:00:00"}
[buffer] ask {"demand":null,"buffer":"end item","requested":10,"date":"2010-05-18T00:00:00","onhand":10}
[demand] reply {"demand":"order 5","attempt":485,"result":false,"quantity":0,"date":"2010-05-20T00:00:00"}
[demand] attempt {"demand":"order 5","attempt":486,"quantity":10,"requestDate":"2010-05-20T00:00:00","lastDate":"2014-01-19T00:00:00"}
[operation] ask {"demand":"order 5","operation":"delivery end item","quantity":10,"end":"2010-05-20T00:00:00"}
[buffer] ask {"demand":null,"buffer":"end item","requested":10,"date":"2010-05-19T00:00:00","onhand":10}
[demand] reply {"demand":"order 5","attempt":486,"result":false,"quantity":0,"date":"2010-05-21T00:00:00"}
[demand] attempt {"demand":"order 5","attempt":487,"quantity":10,"requestDate":"2010-05-21T00:00:00","lastDate":"2014-01-19T00:00:00"}
[operation] ask {"demand":"order 5","operation":"delivery end item","quantity":10,"end":"2010-05-21T00:00:00"}
[buffer] ask {"demand":null,"buffer":"end item","requested":10,"date":"2010-05-20T00:00:00","onhand":10}
[demand] reply {"demand":"order 5","attempt":487,"result":false,"quantity":0,"date":"2010-05-22T00:00:00"}
[demand] attempt {"demand":"order 5","attempt":488,"quantity":10,"requestDate":"2010-05-22T00:00:00","lastDate":"2014-01-19T00:00:00"}
[operation] ask {"demand":"order 5","operation":"delivery end item","quantity":10,"end":"2010-05-22T00:00:00"}
[buffer] ask {"demand":null,"buffer":"end item","requested":10,"date":"2010-05-21T00:00:00","onhand":10}
[demand] reply {"demand":"order 5","attempt":488,"result":false,"quantity":0,"date":"2010-05-23T00:00:00"}
[demand] attempt {"demand":"order 5","attempt":489,"quantity":10,"requestDate":"2010-05-23T00:00:00","lastDate":"2014-01-19T00:00:00"}
[operation] ask {"demand":"order 5","operation":"delivery end item","quantity":10,"end":"2010-05-23T00:00:00"}
[buffer] ask {"demand":null,"buffer":"end item","requested":10,"date":"2010-05-22T00:00:00","onhand":10}
[demand] reply {"demand":"order 5","attempt":489,"result":false,"quantity":0,"date":"2010-05-24T00:00:00"}
[demand] attempt {"demand":"order 5","attempt":490,"quantity":10,"requestDate":"2010-05-24T00:00:00","lastDate":"2014-01-19T00:00:00"}
[operation] ask {"demand":"order 5","operation":"delivery end item","quantity":10,"end":"2010-05-24T00:00:00"}
[buffer] ask {"demand":null,"buffer":"end item","requested":10,"date":"2010-05-23T00:00:00","onhand":10}
[demand] reply {"demand":"order 5","attempt":490,"result":false,"quantity":0,"date":"2010-05-25T00:00:00"}
[demand] attempt {"demand":"order 5","attempt":491,"quantity":10,"requestDate":"2010-05-25T00:00:00","lastDate":"2014-01-19T00:00:00"}
[operation] ask {"demand":"order 5","operation":"delivery end item","quantity":10,"end":"2010-05-25T00:00:00"}
[buffer] ask {"demand":null,"buffer":"end item","requested":10,"date":"2010-05-24T00:00:00","onhand":10}
[demand] reply {"demand":"order 5","attempt":491,"result":false,"quantity":0,"date":"2010-05-26T00:00:00"}
[demand] attempt {"demand":"order 5","attempt":492,"quantity":10,"requestDate":"2010-05-26T00:00:00","lastDate":"2014-01-19T00:00:00"}
[operation] ask {"demand":"order 5","operation":"delivery end item","quantity":10,"end":"2010-05-26T00:00:00"}
[buffer] ask {"demand":null,"buffer":"end item","requested":10,"date":"2010-05-25T00:00:00","onhand":10}
[demand] reply {"demand":"order 5","attempt":492,"result":false,"quantity":0,"date":"2010-05-27T00:00:00"}
[demand] attempt {"demand":"order 5","attempt":493,"quantity":10,"requestDate":"2010-05-27T00:00:00","lastDate":"2014-01-19T00:00:00"}
[operation] ask {"demand":"order 5","operation":"delivery end item","quantity":10,"end":"2010-05-27T00:00:00"}
[buffer] ask {"demand":null,"buffer":"end item","requested":10,"date":"2010-05-26T00:00:00","onhand":10}
[demand] reply {"demand":"order 5","attempt":493,"result":false,"quantity":0,"date":"2010-05-28T00:00:00"}
[demand] attempt {"demand":"order 5","attempt":494,"quantity":10,"requestDate":"2010-05-28T00:00:00","lastDate":"2014-01-19T00:00:00"}
[operation] ask {"demand":"order 5","operation":"delivery end item","quantity":10,"end":"2010-05-28T00:00:00"}
[buffer] ask {"demand":null,"buffer":"end item","requested":10,"date":"2010-05-27T00:00:00","onhand":10}
[demand] reply {"demand":"order 5","attempt":494,"result":false,"quantity":0,"date":"2010-05-29T00:00:00"}
[demand] attempt {"demand":"order 5","attempt":495,"quantity":10,"requestDate":"2010-05-29T00:00:00","lastDate":"2014-01-19T00:00:00"}
[operation] ask {"demand":"order 5","operation":"delivery end item","quantity":10,"end":"2010-05-29T00:00:00"}
[buffer] ask {"demand":null,"buffer":"end item","requested":10,"date":"2010-05-28T00:00:00","onhand":10}
[demand] reply {"demand":"order 5","attempt":495,"result":false,"quantity":0,"date":"2010-05-30T00:00:00"}
[demand] attempt {"demand":"order 5","attempt":496,"quantity":10,"requestDate":"2010-05-30T00:00:00","lastDate":"2014-01-19T00:00:00"}
[operation] ask {"demand":"order 5","operation":"delivery end item","quantity":10,"end":"2010-05-30T00:00:00"}
[buffer] ask {"demand":null,"buffer":"end item","requested":10,"date":"2010-05-29T00:00:00","onhand":10}
[demand] reply {"demand":"order 5","attempt":496,"result":false,"quantity":0,"date":"2010-05-31T00:00:00"}
[demand] attempt {"demand":"order 5","attempt":497,"quantity":10,"requestDate":"2010-05-31T00:00:00","lastDate":"2014-01-19T00:00:00"}
[operation] ask {"demand":"order 5","operation":"delivery end item","quantity":10,"end":"2010-05-31T00:00:00"}
[buffer] ask {"demand":null,"buffer":"end item","requested":10,"date":"2010-05-30T00:00:00","onhand":10}
[demand] reply {"demand":"order 5","attempt":497,"result":false,"quantity":0,"date":"2010-06-01T00:00:00"}
[demand] attempt {"demand":"order 5","attempt":498,"quantity":10,"requestDate":"2010-06-01T00:00:00","lastDate":"2014-01-19T00:00:00"}
[operation] ask {"demand":"order 5","operation":"delivery end item","quantity":10,"end":"2010-06-01T00:00:00"}
[buffer] ask {"demand":null,"buffer":"end item","requested":10,"date":"2010-05-31T00:00:00","onhand":10}
[demand] reply {"demand":"order 5","attempt":498,"result":false,"quantity":0,"date":"2010-06-02T00:00:00"}
[demand] attempt {"demand":"order 5","attempt":499,"quantity":10,"requestDate":"2010-06-02T00:00:00","lastDate":"2014-01-19T00:00:00"}
[operation] ask {"demand":"order 5","operation":"delivery end item","quantity":10,"end":"2010-06-02T00:00:00"}
[buffer] ask {"demand":null,"buffer":"end item","requested":10,"date":"2010-06-01T00:00:00","onhand":10}
[demand] reply {"demand":"order 5","attempt":499,"result":false,"quantity":0,"date":"2010-06-03T00:00:00"}
[demand] attempt {"demand":"order 5","attempt":500,"quantity":10,"requestDate":"2010-06-03T00:00:00","lastDate":"2014-01-19T00:00:00"}
[operation] ask {"demand":"order 5","operation":"delivery end item","quantity":10,"end":"2010-06-03T00:00:00"}
[buffer] ask {"demand":null,"buffer":"end item","requested":10,"date":"2010-06-02T00:00:00","onhand":10}
[demand] reply {"demand":"order 5","attempt":500,"result":false,"quantity":0,"date":"2010-06-04T00:00:00"}
[demand] attempt {"demand":"order 5","attempt":501,"quantity":10,"requestDate":"2010-06-04T00:00:00","lastDate":"2014-01-19T00:00:00"}
[operation] ask {"demand":"order 5","operation":"delivery end item","quantity":10,"end":"2010-06-04T00:00:00"}
[buffer] ask {"demand":null,"buffer":"end item","requested":10,"date":"2010-06-03T00:00:00","onhand":10}
[demand] reply {"demand":"order 5","attempt":501,"result":false,"quantity":0,"date":"2010-06-05T00:00:00"}
[demand] attempt {"demand":"order 5","attempt":502,"quantity":10,"requestDate":"2010-06-05T00:00:00","lastDate":"2014-01-19T00:00:00"}
[operation] ask {"demand":"order 5","operation":"delivery end item","quantity":10,"end":"2010-06-05T00:00:00"}
[buffer] ask {"demand":null,"buffer":"end item","requested":10,"date":"2010-06-04T00:00:00","onhand":10}
[demand] reply {"demand":"order 5","attempt":502,"result":false,"quantity":0,"date":"2010-06-06T00:00:00"}
[demand] attempt {"demand":"order 5","attempt":503,"quantity":10,"requestDate":"2010-06-06T00:00:00","lastDate":"2014-01-19T00:00:00"}
[operation] ask {"demand":"order 5","operation":"delivery end item","quantity":10,"end":"2010-06-06T00:00:00"}
[buffer] ask {"demand":null,"buffer":"end item","requested":10,"date":"2010-06-05T00:00:00","onhand":10}
[demand] reply {"demand":"order 5","attempt":503,"result":false,"quantity":0,"date":"2010-06-07T00:00:00"}
[demand] attempt {"demand":"order 5","attempt":504,"quantity":10,"requestDate":"2010-06-07T00:00:00","lastDate":"2014-01-19T00:00:00"}
[operation] ask {"demand":"order 5","operation":"delivery end item","quantity":10,"end":"2010-06-07T00:00:00"}
[buffer] ask {"demand":null,"buffer":"end item","requested":10,"date":"2010-06-06T00:00:00","onhand":10}
[demand] reply {"demand":"order 5","attempt":504,"result":false,"quantity":0,"date":"2010-06-08T00:00:00"}
[demand] attempt {"demand":"order 5","attempt":505,"quantity":10,"requestDate":"2010-06-08T00:00:00","lastDate":"2014-01-19T00:00:00"}
[operation] ask {"demand":"order 5","operation":"delivery end item","quantity":10,"end":"2010-06-08T00:00:00"}
[buffer] ask {"demand":null,"buffer":"end item","requested":10,"date":"2010-06-07T00:00:00","onhand":10}
[demand] reply {"demand":"order 5","attempt":505,"result":false,"quantity":0,"date":"2010-06-09T00:00:00"}
[demand] attempt {"demand":"order 5","attempt":506,"quantity":10,"requestDate":"2010-06-09T00:00:00","lastDate":"2014-01-19T00:00:00"}
[operation] ask {"demand":"order 5","operation":"delivery end item","quantity":10,"end":"2010-06-09T00:00:00"}
[buffer] ask {"demand":null,"buffer":"end item","requested":10,"date":"2010-06-08T00:00:00","onhand":10}
[demand] reply {"demand":"order 5","attempt":506,"result":false,"quantity":0,"date":"2010-06-10T00:00:00"}
[demand] attempt {"demand":"order 5","attempt":507,"quantity":10,"requestDate":"2010-06-10T00:00:00","lastDate":"2014-01-19T00:00:00"}
[operation] ask {"demand":"order 5","operation":"delivery end item","quantity":10,"end":"2010-06-10T00:00:00"}
[buffer] ask {"demand":null,"buffer":"end item","requested":10,"date":"2010-06-09T00:00:00","onhand":10}
[demand] reply {"demand":"order 5","attempt":507,"result":false,"quantity":0,"date":"2010-06-11T00:00:00"}
[demand] attempt {"demand":"order 5","attempt":508,"quantity":10,"requestDate":"2010-06-11T00:00:00","lastDate":"2014-01-19T00:00:00"}
[operation] ask {"demand":"order 5","operation":"delivery end item","quantity":10,"end":"2010-06-11T00:00:00"}
[buffer] ask {"demand":null,"buffer":"end item","requested":10,"date":"2010-06-10T00:00:00","onhand":10}
[demand] reply {"demand":"order 5","attempt":508,"result":false,"quantity":0,"date":"2010-06-12T00:00:00"}
[demand] attempt {"demand":"order 5","attempt":509,"quantity":10,"requestDate":"2010-06-12T00:00:00","lastDate":"2014-01-19T00:00:00"}
[operation] ask {"demand":"order 5","operation":"delivery end item","quantity":10,"end":"2010-06-12T00:00:00"}
[buffer] ask {"demand":null,"buffer":"end item","requested":10,"date":"2010-06-11T00:00:00","onhand":10}
[demand] reply {"demand":"order 5","attempt":509,"result":false,"quantity":0,"date":"2010-06-13T00:00:00"}
[demand] attempt {"demand":"order 5","attempt":510,"quantity":10,"requestDate":"2010-06-13T00:00:00","lastDate":"2014-01-19T00:00:00"}
[operation] ask {"demand":"order 5","operation":"delivery end item","quantity":10,"end":"2010-06-13T00:00:00"}
[buffer] ask {"demand":null,"buffer":"end item","requested":10,"date":"2010-06-12T00:00:00","onhand":10}
[demand] reply {"demand":"order 5","attempt":510,"result":false,"quantity":0,"date":"2010-06-14T00:00:00"}
[demand] attempt {"demand":"order 5","attempt":511,"quantity":10,"requestDate":"2010-06-14T00:00:00","lastDate":"2014-01-19T00:00:00"}
[operation] ask {"demand":"order 5","operation":"delivery end item","quantity":10,"end":"2010-06-14T00:00:00"}
[buffer] ask {"demand":null,"buffer":"end item","requested":10,"date":"2010-06-13T00:00:00","onhand":10}
[demand] reply {"demand":"order 5","attempt":511,"result":false,"quantity":0,"date":"2010-06-15T00:00:00"}
[demand] attempt {"demand":"order 5","attempt":512,"quantity":10,"requestDate":"2010-06-15T00:00:00","lastDate":"2014-01-19T00:00:00"}
[operation] ask {"demand":"order 5","operation":"delivery end item","quantity":10,"end":"2010-06-15T00:00:00"}
[buffer] ask {"demand":null,"buffer":"end item","requested":10,"date":"2010-06-14T00:00:00","onhand":10}
[demand] reply {"demand":"order 5","attempt":512,"result":false,"quantity":0,"date":"2010-06-16T00:00:00"}
[demand] attempt {"demand":"order 5","attempt":513,"quantity":10,"requestDate":"2010-06-16T00:00:00","lastDate":"2014-01-19T00:00:00"}
[operation] ask {"demand":"order 5","operation":"delivery end item","quantity":10,"end":"2010-06-16T00:00:00"}
[buffer] ask {"demand":null,"buffer":"end item","requested":10,"date":"2010-06-15T00:00:00","onhand":10}
[demand] reply {"demand":"order 5","attempt":513,"result":false,"quantity":0,"date":"2010-06-17T00:00:00"}
[demand] attempt {"demand":"order 5","attempt":514,"quantity":10,"requestDate":"2010-06-17T00:00:00","lastDate":"2014-01-19T00:00:00"}
[operation] ask {"demand":"order 5","operation":"delivery end item","quantity":10,"end":"2010-06-17T00:00:00"}
[buffer] ask {"demand":null,"buffer":"end item","requested":10,"date":"2010-06-16T00:00:00","onhand":10}
[demand] reply {"demand":"order 5","attempt":514,"result":false,"quantity":0,"date":"2010-06-18T00:00:00"}
[demand] attempt {"demand":"order 5","attempt":515,"quantity":10,"requestDate":"2010-06-18T00:00:00","lastDate":"2014-01-19T00:00:00"}
[operation] ask {"demand":"order 5","operation":"delivery end item","quantity":10,"end":"2010-06-18T00:00:00"}
[buffer] ask {"demand":null,"buffer":"end item","requested":10,"date":"2010-06-17T00:00:00","onhand":10}
[demand] reply {"demand":"order 5","attempt":515,"result":false,"quantity":0,"date":"2010-06-19T00:00:00"}
[demand] attempt {"demand":"order 5","attempt":516,"quantity":10,"requestDate":"2010-06-19T00:00:00","lastDate":"2014-01-19T00:00:00"}
[operation] ask {"demand":"order 5","operation":"delivery end item","quantity":10,"end":"2010-06-19T00:00:00"}
[buffer] ask {"demand":null,"buffer":"end item","requested":10,"date":"2010-06-18T00:00:00","onhand":10}
[demand] reply {"demand":"order 5","attempt":516,"result":false,"quantity":0,"date":"2010-06-20T00:00:00"}
[demand] attempt {"demand":"order 5","attempt":517,"quantity":10,"requestDate":"2010-06-20T00:00:00","lastDate":"2014-01-19T00:00:00"}
[operation] ask {"demand":"order 5","operation":"delivery end item","quantity":10,"end":"2010-06-20T00:00:00"}
[buffer] ask {"demand":null,"buffer":"end item","requested":10,"date":"2010-06-19T00:00:00","onhand":10}
[demand] reply {"demand":"order 5","attempt":517,"result":false,"quantity":0,"date":"2010-06-21T00:00:00"}
[demand] attempt {"demand":"order 5","attempt":518,"quantity":10,"requestDate":"2010-06-21T00:00:00","lastDate":"2014-01-19T00:00:00"}
[operation] ask {"demand":"order 5","operation":"delivery end item","quantity":10,"end":"2010-06-21T00:00:00"}
[buffer] ask {"demand":null,"buffer":"end item","requested":10,"date":"2010-06-20T00:00:00","onhand":10}
[demand] reply {"demand":"order 5","attempt":518,"result":false,"quantity":0,"date":"2010-06-22T00:00:00"}
[demand] attempt {"demand":"order 5","attempt":519,"quantity":10,"requestDate":"2010-06-22T00:00:00","lastDate":"2014-01-19T00:00:00"}
[operation] ask {"demand":"order 5","operation":"delivery end item","quantity":10,"end":"2010-06-22T00:00:00"}
[buffer] ask {"demand":null,"buffer":"end item","requested":10,"date":"2010-06-21T00:00:00","onhand":10}
[demand] reply {"demand":"order 5","attempt":519,"result":false,"quantity":0,"date":"2010-06-23T00:00:00"}
[demand] attempt {"demand":"order 5","attempt":520,"quantity":10,"requestDate":"2010-06-23T00:00:00","lastDate":"2014-01-19T00:00:00"}
[operation] ask {"demand":"order 5","operation":"delivery end item","quantity":10,"end":"2010-06-23T00:00:00"}
[buffer] ask {"demand":null,"buffer":"end item","requested":10,"date":"2010-06-22T00:00:00","onhand":10}
[demand] reply {"demand":"order 5","attempt":520,"result":false,"quantity":0,"date":"2010-06-24T00:00:00"}
[demand] attempt {"demand":"order 5","attempt":521,"quantity":10,"requestDate":"2010-06-24T00:00:00","lastDate":"2014-01-19T00:00:00"}
[operation] ask {"demand":"order 5","operation":"delivery end item","quantity":10,"end":"2010-06-24T00:00:00"}
[buffer] ask {"demand":null,"buffer":"end item","requested":10,"date":"2010-06-23T00:00:00","onhand":10}
[demand] reply {"demand":"order 5","attempt":521,"result":false,"quantity":0,"date":"2010-06-25T00:00:00"}
[demand] attempt {"demand":"order 5","attempt":522,"quantity":10,"requestDate":"2010-06-25T00:00:00","lastDate":"2014-01-19T00:00:00"}
[operation] ask {"demand":"order 5","operation":"delivery end item","quantity":10,"end":"2010-06-25T00:00:00"}
[buffer] ask {"demand":null,"buffer":"end item","requested":10,"date":"2010-06-24T00:00:00","onhand":10}
[demand] reply {"demand":"order 5","attempt":522,"result":false,"quantity":0,"date":"2010-06-26T00:00:00"}
[demand] attempt {"demand":"order 5","attempt":523,"quantity":10,"requestDate":"2010-06-26T00:00:00","lastDate":"2014-01-19T00:00:00"}
[operation] ask {"demand":"order 5","operation":"delivery end item","quantity":10,"end":"2010-06-26T00:00:00"}
[buffer] ask {"demand":null,"buffer":"end item","requested":10,"date":"2010-06-25T00:00:00","onhand":10}
[demand] reply {"demand":"order 5","attempt":523,"result":false,"quantity":0,"date":"2010-06-27T00:00:00"}
[demand] attempt {"demand":"order 5","attempt":524,"quantity":10,"requestDate":"2010-06-27T00:00:00","lastDate":"2014-01-19T00:00:00"}
[operation] ask {"demand":"order 5","operation":"delivery end item","quantity":10,"end":"2010-06-27T00:00:00"}
[buffer] ask {"demand":null,"buffer":"end item","requested":10,"date":"2010-06-26T00:00:00","onhand":10}
[demand] reply {"demand":"order 5","attempt":524,"result":false,"quantity":0,"date":"2010-06-28T00:00:00"}
[demand] attempt {"demand":"order 5","attempt":525,"quantity":10,"requestDate":"2010-06-28T00:00:00","lastDate":"2014-01-19T00:00:00"}
[operation] ask {"demand":"order 5","operation":"delivery end item","quantity":10,"end":"2010-06-28T00:00:00"}
[buffer] ask {"demand":null,"buffer":"end item","requested":10,"date":"2010-06-27T00:00:00","onhand":10}
[demand] reply {"demand":"order 5","attempt":525,"result":false,"quantity":0,"date":"2010-06-29T00:00:00"}
[demand] attempt {"demand":"order 5","attempt":526,"quantity":10,"requestDate":"2010-06-29T00:00:00","lastDate":"2014-01-19T00:00:00"}
[operation] ask {"demand":"order 5","operation":"delivery end item","quantity":10,"end":"2010-06-29T00:00:00"}
[buffer] ask {"demand":null,"buffer":"end item","requested":10,"date":"2010-06-28T00:00:00","onhand":10}
[demand] reply {"demand":"order 5","attempt":526,"result":false,"quantity":0,"date":"2010-06-30T00:00:00"}
[demand] attempt {"demand":"order 5","attempt":527,"quantity":10,"requestDate":"2010-06-30T00:00:00","lastDate":"2014-01-19T00:00:00"}
[operation] ask {"demand":"order 5","operation":"delivery end item","quantity":10,"end":"2010-06-30T00:00:00"}
[buffer] ask {"demand":null,"buffer":"end item","requested":10,"date":"2010-06-29T00:00:00","onhand":10}
[demand] reply {"demand":"order 5","attempt":527,"result":false,"quantity":0,"date":"2010-07-01T00:00:00"}
[demand] attempt {"demand":"order 5","attempt":528,"quantity":10,"requestDate":"2010-07-01T00:00:00","lastDate":"2014-01-19T00:00:00"}
[operation] ask {"demand":"order 5","operation":"delivery end item","quantity":10,"end":"2010-07-01T00:00:00"}
[buffer] ask {"demand":null,"buffer":"end item","requested":10,"date":"2010-06-30T00:00:00","onhand":10}
[demand] reply {"demand":"order 5","attempt":528,"result":false,"quantity":0,"date":"2010-07-02T00:00:00"}
[demand] attempt {"demand":"order 5","attempt":529,"quantity":10,"requestDate":"2010-07-02T00:00:00","lastDate":"2014-01-19T00:00:00"}
[operation] ask {"demand":"order 5","operation":"delivery end item","quantity":10,"end":"2010-07-02T00:00:00"}
[buffer] ask {"demand":null,"buffer":"end item","requested":10,"date":"2010-07-01T00:00:00","onhand":10}
[demand] reply {"demand":"order 5","attempt":529,"result":false,"quantity":0,"date":"2010-07-03T00:00:00"}
[demand] attempt {"demand":"order 5","attempt":530,"quantity":10,"requestDate":"2010-07-03T00:00:00","lastDate":"2014-01-19T00:00:00"}
[operation] ask {"demand":"order 5","operation":"delivery end item","quantity":10,"end":"2010-07-03T00:00:00"}
[buffer] ask {"demand":null,"buffer":"end item","requested":10,"date":"2010-07-02T00:00:00","onhand":10}
[demand] reply {"demand":"order 5","attempt":530,"result":false,"quantity":0,"date":"2010-07-04T00:00:00"}
[demand] attempt {"demand":"order 5","attempt":531,"quantity":10,"requestDate":"2010-07-04T00:00:00","lastDate":"2014-01-19T00:00:00"}
[operation] ask {"demand":"order 5","operation":"delivery end item","quantity":10,"end":"2010-07-04T00:00:00"}
[buffer] ask {"demand":null,"buffer":"end item","requested":10,"date":"2010-07-03T00:00:00","onhand":10}
[demand] reply {"demand":"order 5","attempt":531,"result":false,"quantity":0,"date":"2010-07-05T00:00:00"}
[demand] attempt {"demand":"order 5","attempt":532,"quantity":10,"requestDate":"2010-07-05T00:00:00","lastDate":"2014-01-19T00:00:00"}
[operation] ask {"demand":"order 5","operation":"delivery end item","quantity":10,"end":"2010-07-05T00:00:00"}
[buffer] ask {"demand":null,"buffer":"end item","requested":10,"date":"2010-07-04T00:00:00","onhand":10}
[demand] reply {"demand":"order 5","attempt":532,"result":false,"quantity":0,"date":"2010-07-06T00:00:00"}
[demand] attempt {"demand":"order 5","attempt":533,"quantity":10,"requestDate":"2010-07-06T00:00:00","lastDate":"2014-01-19T00:00:00"}
[operation] ask {"demand":"order 5","operation":"delivery end item","quantity":10,"end":"2010-07-06T00:00:00"}
[buffer] ask {"demand":null,"buffer":"end item","requested":10,"date":"2010-07-05T00:00:00","onhand":10}
[demand] reply {"demand":"order 5","attempt":533,"result":false,"quantity":0,"date":"2010-07-07T00:00:00"}
[demand] attempt {"demand":"order 5","attempt":534,"quantity":10,"requestDate":"2010-07-07T00:00:00","lastDate":"2014-01-19T00:00:00"}
[operation] ask {"demand":"order 5","operation":"delivery end item","quantity":10,"end":"2010-07-07T00:00:00"}
[buffer] ask {"demand":null,"buffer":"end item","requested":10,"date":"2010-07-06T00:00:00","onhand":10}
[demand] reply {"demand":"order 5","attempt":534,"result":false,"quantity":0,"date":"2010-07-08T00:00:00"}
[demand] attempt {"demand":"order 5","attempt":535,"quantity":10,"requestDate":"2010-07-08T00:00:00","lastDate":"2014-01-19T00:00:00"}
[operation] ask {"demand":"order 5","operation":"delivery end item","quantity":10,"end":"2010-07-08T00:00:00"}
[buffer] ask {"demand":null,"buffer":"end item","requested":10,"date":"2010-07-07T00:00:00","onhand":10}
[demand] reply {"demand":"order 5","attempt":535,"result":false,"quantity":0,"date":"2010-07-09T00:00:00"}
[demand] attempt {"demand":"order 5","attempt":536,"quantity":10,"requestDate":"2010-07-09T00:00:00","lastDate":"2014-01-19T00:00:00"}
[operation] ask {"demand":"order 5","operation":"delivery end item","quantity":10,"end":"2010-07-09T00:00:00"}
[buffer] ask {"demand":null,"buffer":"end item","requested":10,"date":"2010-07-08T00:00:00","onhand":10}
[demand] reply {"demand":"order 5","attempt":536,"result":false,"quantity":0,"date":"2010-07-10T00:00:00"}
[demand] attempt {"demand":"order 5","attempt":537,"quantity":10,"requestDate":"2010-07-10T00:00:00","lastDate":"2014-01-19T00:00:00"}
[operation] ask {"demand":"order 5","operation":"delivery end item","quantity":10,"end":"2010-07-10T00:00:00"}
[buffer] ask {"demand":null,"buffer":"end item","requested":10,"date":"2010-07-09T00:00:00","onhand":10}
[demand] reply {"demand":"order 5","attempt":537,"result":false,"quantity":0,"date":"2010-07-11T00:00:00"}
[demand] attempt {"demand":"order 5","attempt":538,"quantity":10,"requestDate":"2010-07-11T00:00:00","lastDate":"2014-01-19T00:00:00"}
[operation] ask {"demand":"order 5","operation":"delivery end item","quantity":10,"end":"2010-07-11T00:00:00"}
[buffer] ask {"demand":null,"buffer":"end item","requested":10,"date":"2010-07-10T00:00:00","onhand":10}
[demand] reply {"demand":"order 5","attempt":538,"result":false,"quantity":0,"date":"2010-07-12T00:00:00"}
[demand] attempt {"demand":"order 5","attempt":539,"quantity":10,"requestDate":"2010-07-12T00:00:00","lastDate":"2014-01-19T00:00:00"}
[operation] ask {"demand":"order 5","operation":"delivery end item","quantity":10,"end":"2010-07-12T00:00:00"}
[buffer] ask {"demand":null,"buffer":"end item","requested":10,"date":"2010-07-11T00:00:00","onhand":10}
[demand] reply {"demand":"order 5","attempt":539,"result":false,"quantity":0,"date":"2010-07-13T00:00:00"}
[demand] attempt {"demand":"order 5","attempt":540,"quantity":10,"requestDate":"2010-07-13T00:00:00","lastDate":"2014-01-19T00:00:00"}
[operation] ask {"demand":"order 5","operation":"delivery end item","quantity":10,"end":"2010-07-13T00:00:00"}
[buffer] ask {"demand":null,"buffer":"end item","requested":10,"date":"2010-07-12T00:00:00","onhand":10}
[demand] reply {"demand":"order 5","attempt":540,"result":false,"quantity":0,"date":"2010-07-14T00:00:00"}
[demand] attempt {"demand":"order 5","attempt":541,"quantity":10,"requestDate":"2010-07-14T00:00:00","lastDate":"2014-01-19T00:00:00"}
[operation] ask {"demand":"order 5","operation":"delivery end item","quantity":10,"end":"2010-07-14T00:00:00"}
[buffer] ask {"demand":null,"buffer":"end item","requested":10,"date":"2010-07-13T00:00:00","onhand":10}
[demand] reply {"demand":"order 5","attempt":541,"result":false,"quantity":0,"date":"2010-07-15T00:00:00"}
[demand] attempt {"demand":"order 5","attempt":542,"quantity":10,"requestDate":"2010-07-15T00:00:00","lastDate":"2014-01-19T00:00:00"}
[operation] ask {"demand":"order 5","operation":"delivery end item","quantity":10,"end":"2010-07-15T00:00:00"}
[buffer] ask {"demand":null,"buffer":"end item","requested":10,"date":"2010-07-14T00:00:00","onhand":10}
[demand] reply {"demand":"order 5","attempt":542,"result":false,"quantity":0,"date":"2010-07-16T00:00:00"}
[demand] attempt {"demand":"order 5","attempt":543,"quantity":10,"requestDate":"2010-07-16T00:00:00","lastDate":"2014-01-19T00:00:00"}
[operation] ask {"demand":"order 5","operation":"delivery end item","quantity":10,"end":"2010-07-16T00:00:00"}
[buffer] ask {"demand":null,"buffer":"end item","requested":10,"date":"2010-07-15T00:00:00","onhand":10}
[demand] reply {"demand":"order 5","attempt":543,"result":false,"quantity":0,"date":"2010-07-17T00:00:00"}
[demand] attempt {"demand":"order 5","attempt":544,"quantity":10,"requestDate":"2010-07-17T00:00:00","lastDate":"2014-01-19T00:00:00"}
[operation] ask {"demand":"order 5","operation":"delivery end item","quantity":10,"end":"2010-07-17T00:00:00"}
[buffer] ask {"demand":null,"buffer":"end item","requested":10,"date":"2010-07-16T00:00:00","onhand":10}
[demand] reply {"demand":"order 5","attempt":544,"result":false,"quantity":0,"date":"2010-07-18T00:00:00"}
[demand] attempt {"demand":"order 5","attempt":545,"quantity":10,"requestDate":"2010-07-18T00:00:00","lastDate":"2014-01-19T00:00:00"}
[operation] ask {"demand":"order 5","operation":"delivery end item","quantity":10,"end":"2010-07-18T00:00:00"}
[buffer] ask {"demand":null,"buffer":"end item","requested":10,"date":"2010-07-17T00:00:00","onhand":10}
[demand] reply {"demand":"order 5","attempt":545,"result":false,"quantity":0,"date":"2010-07-19T00:00:00"}
[demand] attempt {"demand":"order 5","attempt":546,"quantity":10,"requestDate":"2010-07-19T00:00:00","lastDate":"2014-01-19T00:00:00"}
[operation] ask {"demand":"order 5","operation":"delivery end item","quantity":10,"end":"2010-07-19T00:00:00"}
[buffer] ask {"demand":null,"buffer":"end item","requested":10,"date":"2010-07-18T00:00:00","onhand":10}
[demand] reply {"demand":"order 5","attempt":546,"result":false,"quantity":0,"date":"2010-07-20T00:00:00"}
[demand] attempt {"demand":"order 5","attempt":547,"quantity":10,"requestDate":"2010-07-20T00:00:00","lastDate":"2014-01-19T00:00:00"}
[operation] ask {"demand":"order 5","operation":"delivery end item","quantity":10,"end":"2010-07-20T00:00:00"}
[buffer] ask {"demand":null,"buffer":"end item","requested":10,"date":"2010-07-19T00:00:00","onhand":10}
[demand] reply {"demand":"order 5","attempt":547,"result":false,"quantity":0,"date":"2010-07-21T00:00:00"}
[demand] attempt {"demand":"order 5","attempt":548,"quantity":10,"requestDate":"2010-07-21T00:00:00","lastDate":"2014-01-19T00:00:00"}
[operation] ask {"demand":"order 5","operation":"delivery end item","quantity":10,"end":"2010-07-21T00:00:00"}
[buffer] ask {"demand":null,"buffer":"end item","requested":10,"date":"2010-07-20T00:00:00","onhand":10}
[demand] reply {"demand":"order 5","attempt":548,"result":false,"quantity":0,"date":"2010-07-22T00:00:00"}
[demand] attempt {"demand":"order 5","attempt":549,"quantity":10,"requestDate":"2010-07-22T00:00:00","lastDate":"2014-01-19T00:00:00"}
[operation] ask {"demand":"order 5","operation":"delivery end item","quantity":10,"end":"2010-07-22T00:00:00"}
[buffer] ask {"demand":null,"buffer":"end item","requested":10,"date":"2010-07-21T00:00:00","onhand":10}
[demand] reply {"demand":"order 5","attempt":549,"result":false,"quantity":0,"date":"2010-07-23T00:00:00"}
[demand] attempt {"demand":"order 5","attempt":550,"quantity":10,"requestDate":"2010-07-23T00:00:00","lastDate":"2014-01-19T00:00:00"}
[operation] ask {"demand":"order 5","operation":"delivery end item","quantity":10,"end":"2010-07-23T00:00:00"}
[buffer] ask {"demand":null,"buffer":"end item","requested":10,"date":"2010-07-22T00:00:00","onhand":10}
[demand] reply {"demand":"order 5","attempt":550,"result":false,"quantity":0,"date":"2010-07-24T00:00:00"}
[demand] attempt {"demand":"order 5","attempt":551,"quantity":10,"requestDate":"2010-07-24T00:00:00","lastDate":"2014-01-19T00:00:00"}
[operation] ask {"demand":"order 5","operation":"delivery end item","quantity":10,"end":"2010-07-24T00:00:00"}
[buffer] ask {"demand":null,"buffer":"end item","requested":10,"date":"2010-07-23T00:00:00","onhand":10}
[demand] reply {"demand":"order 5","attempt":551,"result":false,"quantity":0,"date":"2010-07-25T00:00:00"}
[demand] attempt {"demand":"order 5","attempt":552,"quantity":10,"requestDate":"2010-07-25T00:00:00","lastDate":"2014-01-19T00:00:00"}
[operation] ask {"demand":"order 5","operation":"delivery end item","quantity":10,"end":"2010-07-25T00:00:00"}
[buffer] ask {"demand":null,"buffer":"end item","requested":10,"date":"2010-07-24T00:00:00","onhand":10}
[demand] reply {"demand":"order 5","attempt":552,"result":false,"quantity":0,"date":"2010-07-26T00:00:00"}
[demand] attempt {"demand":"order 5","attempt":553,"quantity":10,"requestDate":"2010-07-26T00:00:00","lastDate":"2014-01-19T00:00:00"}
[operation] ask {"demand":"order 5","operation":"delivery end item","quantity":10,"end":"2010-07-26T00:00:00"}
[buffer] ask {"demand":null,"buffer":"end item","requested":10,"date":"2010-07-25T00:00:00","onhand":10}
[demand] reply {"demand":"order 5","attempt":553,"result":false,"quantity":0,"date":"2010-07-27T00:00:00"}
[demand] attempt {"demand":"order 5","attempt":554,"quantity":10,"requestDate":"2010-07-27T00:00:00","lastDate":"2014-01-19T00:00:00"}
[operation] ask {"demand":"order 5","operation":"delivery end item","quantity":10,"end":"2010-07-27T00:00:00"}
[buffer] ask {"demand":null,"buffer":"end item","requested":10,"date":"2010-07-26T00:00:00","onhand":10}
[demand] reply {"demand":"order 5","attempt":554,"result":false,"quantity":0,"date":"2010-07-28T00:00:00"}
[demand] attempt {"demand":"order 5","attempt":555,"quantity":10,"requestDate":"2010-07-28T00:00:00","lastDate":"2014-01-19T00:00:00"}
[operation] ask {"demand":"order 5","operation":"delivery end item","quantity":10,"end":"2010-07-28T00:00:00"}
[buffer] ask {"demand":null,"buffer":"end item","requested":10,"date":"2010-07-27T00:00:00","onhand":10}
[demand] reply {"demand":"order 5","attempt":555,"result":false,"quantity":0,"date":"2010-07-29T00:00:00"}
[demand] attempt {"demand":"order 5","attempt":556,"quantity":10,"requestDate":"2010-07-29T00:00:00","lastDate":"2014-01-19T00:00:00"}
[operation] ask {"demand":"order 5","operation":"delivery end item","quantity":10,"end":"2010-07-29T00:00:00"}
[buffer] ask {"demand":null,"buffer":"end item","requested":10,"date":"2010-07-28T00:00:00","onhand":10}
[demand] reply {"demand":"order 5","attempt":556,"result":false,"quantity":0,"date":"2010-07-30T00:00:00"}
[demand] attempt {"demand":"order 5","attempt":557,"quantity":10,"requestDate":"2010-07-30T00:00:00","lastDate":"2014-01-19T00:00:00"}
[operation] ask {"demand":"order 5","operation":"delivery end item","quantity":10,"end":"2010-07-30T00:00:00"}
[buffer] ask {"demand":null,"buffer":"end item","requested":10,"date":"2010-07-29T00:00:00","onhand":10}
[demand] reply {"demand":"order 5","attempt":557,"result":false,"quantity":0,"date":"2010-07-31T00:00:00"}
[demand] attempt {"demand":"order 5","attempt":558,"quantity":10,"requestDate":"2010-07-31T00:00:00","lastDate":"2014-01-19T00:00:00"}
[operation] ask {"demand":"order 5","operation":"delivery end item","quantity":10,"end":"2010-07-31T00:00:00"}
[buffer] ask {"demand":null,"buffer":"end item","requested":10,"date":"2010-07-30T00:00:00","onhand":10}
[demand] reply {"demand":"order 5","attempt":558,"result":false,"quantity":0,"date":"2010-08-01T00:00:00"}
[demand] attempt {"demand":"order 5","attempt":559,"quantity":10,"requestDate":"2010-08-01T00:00:00","lastDate":"2014-01-19T00:00:00"}
[operation] ask {"demand":"order 5","operation":"delivery end item","quantity":10,"end":"2010-08-01T00:00:00"}
[buffer] ask {"demand":null,"buffer":"end item","requested":10,"date":"2010-07-31T00:00:00","onhand":10}
[demand] reply {"demand":"order 5","attempt":559,"result":false,"quantity":0,"date":"2010-08-02T00:00:00"}
[demand] attempt {"demand":"order 5","attempt":560,"quantity":10,"requestDate":"2010-08-02T00:00:00","lastDate":"2014-01-19T00:00:00"}
[operation] ask {"demand":"order 5","operation":"delivery end item","quantity":10,"end":"2010-08-02T00:00:00"}
[buffer] ask {"demand":null,"buffer":"end item","requested":10,"date":"2010-08-01T00:00:00","onhand":10}
[demand] reply {"demand":"order 5","attempt":560,"result":false,"quantity":0,"date":"2010-08-03T00:00:00"}
[demand] attempt {"demand":"order 5","attempt":561,"quantity":10,"requestDate":"2010-08-03T00:00:00","lastDate":"2014-01-19T00:00:00"}
[operation] ask {"demand":"order 5","operation":"delivery end item","quantity":10,"end":"2010-08-03T00:00:00"}
[buffer] ask {"demand":null,"buffer":"end item","requested":10,"date":"2010-08-02T00:00:00","onhand":10}
[demand] reply {"demand":"order 5","attempt":561,"result":false,"quantity":0,"date":"2010-08-04T00:00:00"}
[demand] attempt {"demand":"order 5","attempt":562,"quantity":10,"requestDate":"2010-08-04T00:00:00","lastDate":"2014-01-19T00:00:00"}
[operation] ask {"demand":"order 5","operation":"delivery end item","quantity":10,"end":"2010-08-04T00:00:00"}
[buffer] ask {"demand":null,"buffer":"end item","requested":10,"date":"2010-08-03T00:00:00","onhand":10}
[demand] reply {"demand":"order 5","attempt":562,"result":false,"quantity":0,"date":"2010-08-05T00:00:00"}
[demand] attempt {"demand":"order 5","attempt":563,"quantity":10,"requestDate":"2010-08-05T00:00:00","lastDate":"2014-01-19T00:00:00"}
[operation] ask {"demand":"order 5","operation":"delivery end item","quantity":10,"end":"2010-08-05T00:00:00"}
[buffer] ask {"demand":null,"buffer":"end item","requested":10,"date":"2010-08-04T00:00:00","onhand":10}
[demand] reply {"demand":"order 5","attempt":563,"result":false,"quantity":0,"date":"2010-08-06T00:00:00"}
[demand] attempt {"demand":"order 5","attempt":564,"quantity":10,"requestDate":"2010-08-06T00:00:00","lastDate":"2014-01-19T00:00:00"}
[operation] ask {"demand":"order 5","operation":"delivery end item","quantity":10,"end":"2010-08-06T00:00:00"}
[buffer] ask {"demand":null,"buffer":"end item","requested":10,"date":"2010-08-05T00:00:00","onhand":10}
[demand] reply {"demand":"order 5","attempt":564,"result":false,"quantity":0,"date":"2010-08-07T00:00:00"}
[demand] attempt {"demand":"order 5","attempt":565,"quantity":10,"requestDate":"2010-08-07T00:00:00","lastDate":"2014-01-19T00:00:00"}
[operation] ask {"demand":"order 5","operation":"delivery end item","quantity":10,"end":"2010-08-07T00:00:00"}
[buffer] ask {"demand":null,"buffer":"end item","requested":10,"date":"2010-08-06T00:00:00","onhand":10}
[demand] reply {"demand":"order 5","attempt":565,"result":false,"quantity":0,"date":"2010-08-08T00:00:00"}
[demand] attempt {"demand":"order 5","attempt":566,"quantity":10,"requestDate":"2010-08-08T00:00:00","lastDate":"2014-01-19T00:00:00"}
[operation] ask {"demand":"order 5","operation":"delivery end item","quantity":10,"end":"2010-08-08T00:00:00"}
[buffer] ask {"demand":null,"buffer":"end item","requested":10,"date":"2010-08-07T00:00:00","onhand":10}
[demand] reply {"demand":"order 5","attempt":566,"result":false,"quantity":0,"date":"2010-08-09T00:00:00"}
[demand] attempt {"demand":"order 5","attempt":567,"quantity":10,"requestDate":"2010-08-09T00:00:00","lastDate":"2014-01-19T00:00:00"}
[operation] ask {"demand":"order 5","operation":"delivery end item","quantity":10,"end":"2010-08-09T00:00:00"}
[buffer] ask {"demand":null,"buffer":"end item","requested":10,"date":"2010-08-08T00:00:00","onhand":10}
[demand] reply {"demand":"order 5","attempt":567,"result":false,"quantity":0,"date":"2010-08-10T00:00:00"}
[demand] attempt {"demand":"order 5","attempt":568,"quantity":10,"requestDate":"2010-08-10T00:00:00","lastDate":"2014-01-19T00:00:00"}
[operation] ask {"demand":"order 5","operation":"delivery end item","quantity":10,"end":"2010-08-10T00:00:00"}
[buffer] ask {"demand":null,"buffer":"end item","requested":10,"date":"2010-08-09T00:00:00","onhand":10}
[demand] reply {"demand":"order 5","attempt":568,"result":false,"quantity":0,"date":"2010-08-11T00:00:00"}
[demand] attempt {"demand":"order 5","attempt":569,"quantity":10,"requestDate":"2010-08-11T00:00:00","lastDate":"2014-01-19T00:00:00"}
[operation] ask {"demand":"order 5","operation":"delivery end item","quantity":10,"end":"2010-08-11T00:00:00"}
[buffer] ask {"demand":null,"buffer":"end item","requested":10,"date":"2010-08-10T00:00:00","onhand":10}
[demand] reply {"demand":"order 5","attempt":569,"result":false,"quantity":0,"date":"2010-08-12T00:00:00"}
[demand] attempt {"demand":"order 5","attempt":570,"quantity":10,"requestDate":"2010-08-12T00:00:00","lastDate":"2014-01-19T00:00:00"}
[operation] ask {"demand":"order 5","operation":"delivery end item","quantity":10,"end":"2010-08-12T00:00:00"}
[buffer] ask {"demand":null,"buffer":"end item","requested":10,"date":"2010-08-11T00:00:00","onhand":10}
[demand] reply {"demand":"order 5","attempt":570,"result":false,"quantity":0,"date":"2010-08-13T00:00:00"}
[demand] attempt {"demand":"order 5","attempt":571,"quantity":10,"requestDate":"2010-08-13T00:00:00","lastDate":"2014-01-19T00:00:00"}
[operation] ask {"demand":"order 5","operation":"delivery end item","quantity":10,"end":"2010-08-13T00:00:00"}
[buffer] ask {"demand":null,"buffer":"end item","requested":10,"date":"2010-08-12T00:00:00","onhand":10}
[demand] reply {"demand":"order 5","attempt":571,"result":false,"quantity":0,"date":"2010-08-14T00:00:00"}
[demand] attempt {"demand":"order 5","attempt":572,"quantity":10,"requestDate":"2010-08-14T00:00:00","lastDate":"2014-01-19T00:00:00"}
[operation] ask {"demand":"order 5","operation":"delivery end item","quantity":10,"end":"2010-08-14T00:00:00"}
[buffer] ask {"demand":null,"buffer":"end item","requested":10,"date":"2010-08-13T00:00:00","onhand":10}
[demand] reply {"demand":"order 5","attempt":572,"result":false,"quantity":0,"date":"2010-08-15T00:00:00"}
[demand] attempt {"demand":"order 5","attempt":573,"quantity":10,"requestDate":"2010-08-15T00:00:00","lastDate":"2014-01-19T00:00:00"}
[operation] ask {"demand":"order 5","operation":"delivery end item","quantity":10,"end":"2010-08-15T00:00:00"}
[buffer] ask {"demand":null,"buffer":"end item","requested":10,"date":"2010-08-14T00:00:00","onhand":10}
[demand] reply {"demand":"order 5","attempt":573,"result":false,"quantity":0,"date":"2010-08-16T00:00:00"}
[demand] attempt {"demand":"order 5","attempt":574,"quantity":10,"requestDate":"2010-08-16T00:00:00","lastDate":"2014-01-19T00:00:00"}
[operation] ask {"demand":"order 5","operation":"delivery end item","quantity":10,"end":"2010-08-16T00:00:00"}
[buffer] ask {"demand":null,"buffer":"end item","requested":10,"date":"2010-08-15T00:00:00","onhand":10}
[demand] reply {"demand":"order 5","attempt":574,"result":false,"quantity":0,"date":"2010-08-17T00:00:00"}
[demand] attempt {"demand":"order 5","attempt":575,"quantity":10,"requestDate":"2010-08-17T00:00:00","lastDate":"2014-01-19T00:00:00"}
[operation] ask {"demand":"order 5","operation":"delivery end item","quantity":10,"end":"2010-08-17T00:00:00"}
[buffer] ask {"demand":null,"buffer":"end item","requested":10,"date":"2010-08-16T00:00:00","onhand":10}
[demand] reply {"demand":"order 5","attempt":575,"result":false,"quantity":0,"date":"2010-08-18T00:00:00"}
[demand] attempt {"demand":"order 5","attempt":576,"quantity":10,"requestDate":"2010-08-18T00:00:00","lastDate":"2014-01-19T00:00:00"}
[operation] ask {"demand":"order 5","operation":"delivery end item","quantity":10,"end":"2010-08-18T00:00:00"}
[buffer] ask {"demand":null,"buffer":"end item","requested":10,"date":"2010-08-17T00:00:00","onhand":10}
[demand] reply {"demand":"order 5","attempt":576,"result":false,"quantity":0,"date":"2010-08-19T00:00:00"}
[demand] attempt {"demand":"order 5","attempt":577,"quantity":10,"requestDate":"2010-08-19T00:00:00","lastDate":"2014-01-19T00:00:00"}
[operation] ask {"demand":"order 5","operation":"delivery end item","quantity":10,"end":"2010-08-19T00:00:00"}
[buffer] ask {"demand":null,"buffer":"end item","requested":10,"date":"2010-08-18T00:00:00","onhand":10}
[demand] reply {"demand":"order 5","attempt":577,"result":false,"quantity":0,"date":"2010-08-20T00:00:00"}
[demand] attempt {"demand":"order 5","attempt":578,"quantity":10,"requestDate":"2010-08-20T00:00:00","lastDate":"2014-01-19T00:00:00"}
[operation] ask {"demand":"order 5","operation":"delivery end item","quantity":10,"end":"2010-08-20T00:00:00"}
[buffer] ask {"demand":null,"buffer":"end item","requested":10,"date":"2010-08-19T00:00:00","onhand":10}
[demand] reply {"demand":"order 5","attempt":578,"result":false,"quantity":0,"date":"2010-08-21T00:00:00"}
[demand] attempt {"demand":"order 5","attempt":579,"quantity":10,"requestDate":"2010-08-21T00:00:00","lastDate":"2014-01-19T00:00:00"}
[operation] ask {"demand":"order 5","operation":"delivery end item","quantity":10,"end":"2010-08-21T00:00:00"}
[buffer] ask {"demand":null,"buffer":"end item","requested":10,"date":"2010-08-20T00:00:00","onhand":10}
[demand] reply {"demand":"order 5","attempt":579,"result":false,"quantity":0,"date":"2010-08-22T00:00:00"}
[demand] attempt {"demand":"order 5","attempt":580,"quantity":10,"requestDate":"2010-08-22T00:00:00","lastDate":"2014-01-19T00:00:00"}
[operation] ask {"demand":"order 5","operation":"delivery end item","quantity":10,"end":"2010-08-22T00:00:00"}
[buffer] ask {"demand":null,"buffer":"end item","requested":10,"date":"2010-08-21T00:00:00","onhand":10}
[demand] reply {"demand":"order 5","attempt":580,"result":false,"quantity":0,"date":"2010-08-23T00:00:00"}
[demand] attempt {"demand":"order 5","attempt":581,"quantity":10,"requestDate":"2010-08-23T00:00:00","lastDate":"2014-01-19T00:00:00"}
[operation] ask {"demand":"order 5","operation":"delivery end item","quantity":10,"end":"2010-08-23T00:00:00"}
[buffer] ask {"demand":null,"buffer":"end item","requested":10,"date":"2010-08-22T00:00:00","onhand":10}
[demand] reply {"demand":"order 5","attempt":581,"result":false,"quantity":0,"date":"2010-08-24T00:00:00"}
[demand] attempt {"demand":"order 5","attempt":582,"quantity":10,"requestDate":"2010-08-24T00:00:00","lastDate":"2014-01-19T00:00:00"}
[operation] ask {"demand":"order 5","operation":"delivery end item","quantity":10,"end":"2010-08-24T00:00:00"}
[buffer] ask {"demand":null,"buffer":"end item","requested":10,"date":"2010-08-23T00:00:00","onhand":10}
[demand] reply {"demand":"order 5","attempt":582,"result":false,"quantity":0,"date":"2010-08-25T00:00:00"}
[demand] attempt {"demand":"order 5","attempt":583,"quantity":10,"requestDate":"2010-08-25T00:00:00","lastDate":"2014-01-19T00:00:00"}
[operation] ask {"demand":"order 5","operation":"delivery end item","quantity":10,"end":"2010-08-25T00:00:00"}
[buffer] ask {"demand":null,"buffer":"end item","requested":10,"date":"2010-08-24T00:00:00","onhand":10}
[demand] reply {"demand":"order 5","attempt":583,"result":false,"quantity":0,"date":"2010-08-26T00:00:00"}
[demand] attempt {"demand":"order 5","attempt":584,"quantity":10,"requestDate":"2010-08-26T00:00:00","lastDate":"2014-01-19T00:00:00"}
[operation] ask {"demand":"order 5","operation":"delivery end item","quantity":10,"end":"2010-08-26T00:00:00"}
[buffer] ask {"demand":null,"buffer":"end item","requested":10,"date":"2010-08-25T00:00:00","onhand":10}
[demand] reply {"demand":"order 5","attempt":584,"result":false,"quantity":0,"date":"2010-08-27T00:00:00"}
[demand] attempt {"demand":"order 5","attempt":585,"quantity":10,"requestDate":"2010-08-27T00:00:00","lastDate":"2014-01-19T00:00:00"}
[operation] ask {"demand":"order 5","operation":"delivery end item","quantity":10,"end":"2010-08-27T00:00:00"}
[buffer] ask {"demand":null,"buffer":"end item","requested":10,"date":"2010-08-26T00:00:00","onhand":10}
[demand] reply {"demand":"order 5","attempt":585,"result":false,"quantity":0,"date":"2010-08-28T00:00:00"}
[demand] attempt {"demand":"order 5","attempt":586,"quantity":10,"requestDate":"2010-08-28T00:00:00","lastDate":"2014-01-19T00:00:00"}
[operation] ask {"demand":"order 5","operation":"delivery end item","quantity":10,"end":"2010-08-28T00:00:00"}
[buffer] ask {"demand":null,"buffer":"end item","requested":10,"date":"2010-08-27T00:00:00","onhand":10}
[demand] reply {"demand":"order 5","attempt":586,"result":false,"quantity":0,"date":"2010-08-29T00:00:00"}
[demand] attempt {"demand":"order 5","attempt":587,"quantity":10,"requestDate":"2010-08-29T00:00:00","lastDate":"2014-01-19T00:00:00"}
[operation] ask {"demand":"order 5","operation":"delivery end item","quantity":10,"end":"2010-08-29T00:00:00"}
[buffer] ask {"demand":null,"buffer":"end item","requested":10,"date":"2010-08-28T00:00:00","onhand":10}
[demand] reply {"demand":"order 5","attempt":587,"result":false,"quantity":0,"date":"2010-08-30T00:00:00"}
[demand] attempt {"demand":"order 5","attempt":588,"quantity":10,"requestDate":"2010-08-30T00:00:00","lastDate":"2014-01-19T00:00:00"}
[operation] ask {"demand":"order 5","operation":"delivery end item","quantity":10,"end":"2010-08-30T00:00:00"}
[buffer] ask {"demand":null,"buffer":"end item","requested":10,"date":"2010-08-29T00:00:00","onhand":10}
[demand] reply {"demand":"order 5","attempt":588,"result":false,"quantity":0,"date":"2010-08-31T00:00:00"}
[demand] attempt {"demand":"order 5","attempt":589,"quantity":10,"requestDate":"2010-08-31T00:00:00","lastDate":"2014-01-19T00:00:00"}
[operation] ask {"demand":"order 5","operation":"delivery end item","quantity":10,"end":"2010-08-31T00:00:00"}
[buffer] ask {"demand":null,"buffer":"end item","requested":10,"date":"2010-08-30T00:00:00","onhand":10}
[demand] reply {"demand":"order 5","attempt":589,"result":false,"quantity":0,"date":"2010-09-01T00:00:00"}
[demand] attempt {"demand":"order 5","attempt":590,"quantity":10,"requestDate":"2010-09-01T00:00:00","lastDate":"2014-01-19T00:00:00"}
[operation] ask {"demand":"order 5","operation":"delivery end item","quantity":10,"end":"2010-09-01T00:00:00"}
[buffer] ask {"demand":null,"buffer":"end item","requested":10,"date":"2010-08-31T00:00:00","onhand":10}
[demand] reply {"demand":"order 5","attempt":590,"result":false,"quantity":0,"date":"2010-09-02T00:00:00"}
[demand] attempt {"demand":"order 5","attempt":591,"quantity":10,"requestDate":"2010-09-02T00:00:00","lastDate":"2014-01-19T00:00:00"}
[operation] ask {"demand":"order 5","operation":"delivery end item","quantity":10,"end":"2010-09-02T00:00:00"}
[buffer] ask {"demand":null,"buffer":"end item","requested":10,"date":"2010-09-01T00:00:00","onhand":10}
[demand] reply {"demand":"order 5","attempt":591,"result":false,"quantity":0,"date":"2010-09-03T00:00:00"}
[demand] attempt {"demand":"order 5","attempt":592,"quantity":10,"requestDate":"2010-09-03T00:00:00","lastDate":"2014-01-19T00:00:00"}
[operation] ask {"demand":"order 5","operation":"delivery end item","quantity":10,"end":"2010-09-03T00:00:00"}
[buffer] ask {"demand":null,"buffer":"end item","requested":10,"date":"2010-09-02T00:00:00","onhand":10}
[demand] reply {"demand":"order 5","attempt":592,"result":false,"quantity":0,"date":"2010-09-04T00:00:00"}
[demand] attempt {"demand":"order 5","attempt":593,"quantity":10,"requestDate":"2010-09-04T00:00:00","lastDate":"2014-01-19T00:00:00"}
[operation] ask {"demand":"order 5","operation":"delivery end item","quantity":10,"end":"2010-09-04T00:00:00"}
[buffer] ask {"demand":null,"buffer":"end item","requested":10,"date":"2010-09-03T00:00:00","onhand":10}
[demand] reply {"demand":"order 5","attempt":593,"result":false,"quantity":0,"date":"2010-09-05T00:00:00"}
[demand] attempt {"demand":"order 5","attempt":594,"quantity":10,"requestDate":"2010-09-05T00:00:00","lastDate":"2014-01-19T00:00:00"}
[operation] ask {"demand":"order 5","operation":"delivery end item","quantity":10,"end":"2010-09-05T00:00:00"}
[buffer] ask {"demand":null,"buffer":"end item","requested":10,"date":"2010-09-04T00:00:00","onhand":10}
[demand] reply {"demand":"order 5","attempt":594,"result":false,"quantity":0,"date":"2010-09-06T00:00:00"}
[demand] attempt {"demand":"order 5","attempt":595,"quantity":10,"requestDate":"2010-09-06T00:00:00","lastDate":"2014-01-19T00:00:00"}
[operation] ask {"demand":"order 5","operation":"delivery end item","quantity":10,"end":"2010-09-06T00:00:00"}
[buffer] ask {"demand":null,"buffer":"end item","requested":10,"date":"2010-09-05T00:00:00","onhand":10}
[demand] reply {"demand":"order 5","attempt":595,"result":false,"quantity":0,"date":"2010-09-07T00:00:00"}
[demand] attempt {"demand":"order 5","attempt":596,"quantity":10,"requestDate":"2010-09-07T00:00:00","lastDate":"2014-01-19T00:00:00"}
[operation] ask {"demand":"order 5","operation":"delivery end item","quantity":10,"end":"2010-09-07T00:00:00"}
[buffer] ask {"demand":null,"buffer":"end item","requested":10,"date":"2010-09-06T00:00:00","onhand":10}
[demand] reply {"demand":"order 5","attempt":596,"result":false,"quantity":0,"date":"2010-09-08T00:00:00"}
[demand] attempt {"demand":"order 5","attempt":597,"quantity":10,"requestDate":"2010-09-08T00:00:00","lastDate":"2014-01-19T00:00:00"}
[operation] ask {"demand":"order 5","operation":"delivery end item","quantity":10,"end":"2010-09-08T00:00:00"}
[buffer] ask {"demand":null,"buffer":"end item","requested":10,"date":"2010-09-07T00:00:00","onhand":10}
[demand] reply {"demand":"order 5","attempt":597,"result":false,"quantity":0,"date":"2010-09-09T00:00:00"}
[demand] attempt {"demand":"order 5","attempt":598,"quantity":10,"requestDate":"2010-09-09T00:00:00","lastDate":"2014-01-19T00:00:00"}
[operation] ask {"demand":"order 5","operation":"delivery end item","quantity":10,"end":"2010-09-09T00:00:00"}
[buffer] ask {"demand":null,"buffer":"end item","requested":10,"date":"2010-09-08T00:00:00","onhand":10}
[demand] reply {"demand":"order 5","attempt":598,"result":false,"quantity":0,"date":"2010-09-10T00:00:00"}
[demand] attempt {"demand":"order 5","attempt":599,"quantity":10,"requestDate":"2010-09-10T00:00:00","lastDate":"2014-01-19T00:00:00"}
[operation] ask {"demand":"order 5","operation":"delivery end item","quantity":10,"end":"2010-09-10T00:00:00"}
[buffer] ask {"demand":null,"buffer":"end item","requested":10,"date":"2010-09-09T00:00:00","onhand":10}
[demand] reply {"demand":"order 5","attempt":599,"result":false,"quantity":0,"date":"2010-09-11T00:00:00"}
[demand] attempt {"demand":"order 5","attempt":600,"quantity":10,"requestDate":"2010-09-11T00:00:00","lastDate":"2014-01-19T00:00:00"}
[operation] ask {"demand":"order 5","operation":"delivery end item","quantity":10,"end":"2010-09-11T00:00:00"}
[buffer] ask {"demand":null,"buffer":"end item","requested":10,"date":"2010-09-10T00:00:00","onhand":10}
[demand] reply {"demand":"order 5","attempt":600,"result":false,"quantity":0,"date":"2010-09-12T00:00:00"}
[demand] attempt {"demand":"order 5","attempt":601,"quantity":10,"requestDate":"2010-09-12T00:00:00","lastDate":"2014-01-19T00:00:00"}
[operation] ask {"demand":"order 5","operation":"delivery end item","quantity":10,"end":"2010-09-12T00:00:00"}
[buffer] ask {"demand":null,"buffer":"end item","requested":10,"date":"2010-09-11T00:00:00","onhand":10}
[demand] reply {"demand":"order 5","attempt":601,"result":false,"quantity":0,"date":"2010-09-13T00:00:00"}
[demand] attempt {"demand":"order 5","attempt":602,"quantity":10,"requestDate":"2010-09-13T00:00:00","lastDate":"2014-01-19T00:00:00"}
[operation] ask {"demand":"order 5","operation":"delivery end item","quantity":10,"end":"2010-09-13T00:00:00"}
[buffer] ask {"demand":null,"buffer":"end item","requested":10,"date":"2010-09-12T00:00:00","onhand":10}
[demand] reply {"demand":"order 5","attempt":602,"result":false,"quantity":0,"date":"2010-09-14T00:00:00"}
[demand] attempt {"demand":"order 5","attempt":603,"quantity":10,"requestDate":"2010-09-14T00:00:00","lastDate":"2014-01-19T00:00:00"}
[operation] ask {"demand":"order 5","operation":"delivery end item","quantity":10,"end":"2010-09-14T00:00:00"}
[buffer] ask {"demand":null,"buffer":"end item","requested":10,"date":"2010-09-13T00:00:00","onhand":10}
[demand] reply {"demand":"order 5","attempt":603,"result":false,"quantity":0,"date":"2010-09-15T00:00:00"}
[demand] attempt {"demand":"order 5","attempt":604,"quantity":10,"requestDate":"2010-09-15T00:00:00","lastDate":"2014-01-19T00:00:00"}
[operation] ask {"demand":"order 5","operation":"delivery end item","quantity":10,"end":"2010-09-15T00:00:00"}
[buffer] ask {"demand":null,"buffer":"end item","requested":10,"date":"2010-09-14T00:00:00","onhand":10}
[demand] reply {"demand":"order 5","attempt":604,"result":false,"quantity":0,"date":"2010-09-16T00:00:00"}
[demand] attempt {"demand":"order 5","attempt":605,"quantity":10,"requestDate":"2010-09-16T00:00:00","lastDate":"2014-01-19T00:00:00"}
[operation] ask {"demand":"order 5","operation":"delivery end item","quantity":10,"end":"2010-09-16T00:00:00"}
[buffer] ask {"demand":null,"buffer":"end item","requested":10,"date":"2010-09-15T00:00:00","onhand":10}
[demand] reply {"demand":"order 5","attempt":605,"result":false,"quantity":0,"date":"2010-09-17T00:00:00"}
[demand] attempt {"demand":"order 5","attempt":606,"quantity":10,"requestDate":"2010-09-17T00:00:00","lastDate":"2014-01-19T00:00:00"}
[operation] ask {"demand":"order 5","operation":"delivery end item","quantity":10,"end":"2010-09-17T00:00:00"}
[buffer] ask {"demand":null,"buffer":"end item","requested":10,"date":"2010-09-16T00:00:00","onhand":10}
[demand] reply {"demand":"order 5","attempt":606,"result":false,"quantity":0,"date":"2010-09-18T00:00:00"}
[demand] attempt {"demand":"order 5","attempt":607,"quantity":10,"requestDate":"2010-09-18T00:00:00","lastDate":"2014-01-19T00:00:00"}
[operation] ask {"demand":"order 5","operation":"delivery end item","quantity":10,"end":"2010-09-18T00:00:00"}
[buffer] ask {"demand":null,"buffer":"end item","requested":10,"date":"2010-09-17T00:00:00","onhand":10}
[demand] reply {"demand":"order 5","attempt":607,"result":false,"quantity":0,"date":"2010-09-19T00:00:00"}
[demand] attempt {"demand":"order 5","attempt":608,"quantity":10,"requestDate":"2010-09-19T00:00:00","lastDate":"2014-01-19T00:00:00"}
[operation] ask {"demand":"order 5","operation":"delivery end item","quantity":10,"end":"2010-09-19T00:00:00"}
[buffer] ask {"demand":null,"buffer":"end item","requested":10,"date":"2010-09-18T00:00:00","onhand":10}
[demand] reply {"demand":"order 5","attempt":608,"result":false,"quantity":0,"date":"2010-09-20T00:00:00"}
[demand] attempt {"demand":"order 5","attempt":609,"quantity":10,"requestDate":"2010-09-20T00:00:00","lastDate":"2014-01-19T00:00:00"}
[operation] ask {"demand":"order 5","operation":"delivery end item","quantity":10,"end":"2010-09-20T00:00:00"}
[buffer] ask {"demand":null,"buffer":"end item","requested":10,"date":"2010-09-19T00:00:00","onhand":10}
[demand] reply {"demand":"order 5","attempt":609,"result":false,"quantity":0,"date":"2010-09-21T00:00:00"}
[demand] attempt {"demand":"order 5","attempt":610,"quantity":10,"requestDate":"2010-09-21T00:00:00","lastDate":"2014-01-19T00:00:00"}
[operation] ask {"demand":"order 5","operation":"delivery end item","quantity":10,"end":"2010-09-21T00:00:00"}
[buffer] ask {"demand":null,"buffer":"end item","requested":10,"date":"2010-09-20T00:00:00","onhand":10}
[demand] reply {"demand":"order 5","attempt":610,"result":false,"quantity":0,"date":"2010-09-22T00:00:00"}
[demand] attempt {"demand":"order 5","attempt":611,"quantity":10,"requestDate":"2010-09-22T00:00:00","lastDate":"2014-01-19T00:00:00"}
[operation] ask {"demand":"order 5","operation":"delivery end item","quantity":10,"end":"2010-09-22T00:00:00"}
[buffer] ask {"demand":null,"buffer":"end item","requested":10,"date":"2010-09-21T00:00:00","onhand":10}
[demand] reply {"demand":"order 5","attempt":611,"result":false,"quantity":0,"date":"2010-09-23T00:00:00"}
[demand] attempt {"demand":"order 5","attempt":612,"quantity":10,"requestDate":"2010-09-23T00:00:00","lastDate":"2014-01-19T00:00:00"}
[operation] ask {"demand":"order 5","operation":"delivery end item","quantity":10,"end":"2010-09-23T00:00:00"}
[buffer] ask {"demand":null,"buffer":"end item","requested":10,"date":"2010-09-22T00:00:00","onhand":10}
[demand] reply {"demand":"order 5","attempt":612,"result":false,"quantity":0,"date":"2010-09-24T00:00:00"}
[demand] attempt {"demand":"order 5","attempt":613,"quantity":10,"requestDate":"2010-09-24T00:00:00","lastDate":"2014-01-19T00:00:00"}
[operation] ask {"demand":"order 5","operation":"delivery end item","quantity":10,"end":"2010-09-24T00:00:00"}
[buffer] ask {"demand":null,"buffer":"end item","requested":10,"date":"2010-09-23T00:00:00","onhand":10}
[demand] reply {"demand":"order 5","attempt":613,"result":false,"quantity":0,"date":"2010-09-25T00:00:00"}
[demand] attempt {"demand":"order 5","attempt":614,"quantity":10,"requestDate":"2010-09-25T00:00:00","lastDate":"2014-01-19T00:00:00"}
[operation] ask {"demand":"order 5","operation":"delivery end item","quantity":10,"end":"2010-09-25T00:00:00"}
[buffer] ask {"demand":null,"buffer":"end item","requested":10,"date":"2010-09-24T00:00:00","onhand":10}
[demand] reply {"demand":"order 5","attempt":614,"result":false,"quantity":0,"date":"2010-09-26T00:00:00"}
[demand] attempt {"demand":"order 5","attempt":615,"quantity":10,"requestDate":"2010-09-26T00:00:00","lastDate":"2014-01-19T00:00:00"}
[operation] ask {"demand":"order 5","operation":"delivery end item","quantity":10,"end":"2010-09-26T00:00:00"}
[buffer] ask {"demand":null,"buffer":"end item","requested":10,"date":"2010-09-25T00:00:00","onhand":10}
[demand] reply {"demand":"order 5","attempt":615,"result":false,"quantity":0,"date":"2010-09-27T00:00:00"}
[demand] attempt {"demand":"order 5","attempt":616,"quantity":10,"requestDate":"2010-09-27T00:00:00","lastDate":"2014-01-19T00:00:00"}
[operation] ask {"demand":"order 5","operation":"delivery end item","quantity":10,"end":"2010-09-27T00:00:00"}
[buffer] ask {"demand":null,"buffer":"end item","requested":10,"date":"2010-09-26T00:00:00","onhand":10}
[demand] reply {"demand":"order 5","attempt":616,"result":false,"quantity":0,"date":"2010-09-28T00:00:00"}
[demand] attempt {"demand":"order 5","attempt":617,"quantity":10,"requestDate":"2010-09-28T00:00:00","lastDate":"2014-01-19T00:00:00"}
[operation] ask {"demand":"order 5","operation":"delivery end item","quantity":10,"end":"2010-09-28T00:00:00"}
[buffer] ask {"demand":null,"buffer":"end item","requested":10,"date":"2010-09-27T00:00:00","onhand":10}
[demand] reply {"demand":"order 5","attempt":617,"result":false,"quantity":0,"date":"2010-09-29T00:00:00"}
[demand] attempt {"demand":"order 5","attempt":618,"quantity":10,"requestDate":"2010-09-29T00:00:00","lastDate":"2014-01-19T00:00:00"}
[operation] ask {"demand":"order 5","operation":"delivery end item","quantity":10,"end":"2010-09-29T00:00:00"}
[buffer] ask {"demand":null,"buffer":"end item","requested":10,"date":"2010-09-28T00:00:00","onhand":10}
[demand] reply {"demand":"order 5","attempt":618,"result":false,"quantity":0,"date":"2010-09-30T00:00:00"}
[demand] attempt {"demand":"order 5","attempt":619,"quantity":10,"requestDate":"2010-09-30T00:00:00","lastDate":"2014-01-19T00:00:00"}
[operation] ask {"demand":"order 5","operation":"delivery end item","quantity":10,"end":"2010-09-30T00:00:00"}
[buffer] ask {"demand":null,"buffer":"end item","requested":10,"date":"2010-09-29T00:00:00","onhand":10}
[demand] reply {"demand":"order 5","attempt":619,"result":false,"quantity":0,"date":"2010-10-01T00:00:00"}
[demand] attempt {"demand":"order 5","attempt":620,"quantity":10,"requestDate":"2010-10-01T00:00:00","lastDate":"2014-01-19T00:00:00"}
[operation] ask {"demand":"order 5","operation":"delivery end item","quantity":10,"end":"2010-10-01T00:00:00"}
[buffer] ask {"demand":null,"buffer":"end item","requested":10,"date":"2010-09-30T00:00:00","onhand":10}
[demand] reply {"demand":"order 5","attempt":620,"result":false,"quantity":0,"date":"2010-10-02T00:00:00"}
[demand] attempt {"demand":"order 5","attempt":621,"quantity":10,"requestDate":"2010-10-02T00:00:00","lastDate":"2014-01-19T00:00:00"}
[operation] ask {"demand":"order 5","operation":"delivery end item","quantity":10,"end":"2010-10-02T00:00:00"}
[buffer] ask {"demand":null,"buffer":"end item","requested":10,"date":"2010-10-01T00:00:00","onhand":10}
[demand] reply {"demand":"order 5","attempt":621,"result":false,"quantity":0,"date":"2010-10-03T00:00:00"}
[demand] attempt {"demand":"order 5","attempt":622,"quantity":10,"requestDate":"2010-10-03T00:00:00","lastDate":"2014-01-19T00:00:00"}
[operation] ask {"demand":"order 5","operation":"delivery end item","quantity":10,"end":"2010-10-03T00:00:00"}
[buffer] ask {"demand":null,"buffer":"end item","requested":10,"date":"2010-10-02T00:00:00","onhand":10}
[demand] reply {"demand":"order 5","attempt":622,"result":false,"quantity":0,"date":"2010-10-04T00:00:00"}
[demand] attempt {"demand":"order 5","attempt":623,"quantity":10,"requestDate":"2010-10-04T00:00:00","lastDate":"2014-01-19T00:00:00"}
[operation] ask {"demand":"order 5","operation":"delivery end item","quantity":10,"end":"2010-10-04T00:00:00"}
[buffer] ask {"demand":null,"buffer":"end item","requested":10,"date":"2010-10-03T00:00:00","onhand":10}
[demand] reply {"demand":"order 5","attempt":623,"result":false,"quantity":0,"date":"2010-10-05T00:00:00"}
[demand] attempt {"demand":"order 5","attempt":624,"quantity":10,"requestDate":"2010-10-05T00:00:00","lastDate":"2014-01-19T00:00:00"}
[operation] ask {"demand":"order 5","operation":"delivery end item","quantity":10,"end":"2010-10-05T00:00:00"}
[buffer] ask {"demand":null,"buffer":"end item","requested":10,"date":"2010-10-04T00:00:00","onhand":10}
[demand] reply {"demand":"order 5","attempt":624,"result":false,"quantity":0,"date":"2010-10-06T00:00:00"}
[demand] attempt {"demand":"order 5","attempt":625,"quantity":10,"requestDate":"2010-10-06T00:00:00","lastDate":"2014-01-19T00:00:00"}
[operation] ask {"demand":"order 5","operation":"delivery end item","quantity":10,"end":"2010-10-06T00:00:00"}
[buffer] ask {"demand":null,"buffer":"end item","requested":10,"date":"2010-10-05T00:00:00","onhand":10}
[demand] reply {"demand":"order 5","attempt":625,"result":false,"quantity":0,"date":"2010-10-07T00:00:00"}
[demand] attempt {"demand":"order 5","attempt":626,"quantity":10,"requestDate":"2010-10-07T00:00:00","lastDate":"2014-01-19T00:00:00"}
[operation] ask {"demand":"order 5","operation":"delivery end item","quantity":10,"end":"2010-10-07T00:00:00"}
[buffer] ask {"demand":null,"buffer":"end item","requested":10,"date":"2010-10-06T00:00:00","onhand":10}
[demand] reply {"demand":"order 5","attempt":626,"result":false,"quantity":0,"date":"2010-10-08T00:00:00"}
[demand] attempt {"demand":"order 5","attempt":627,"quantity":10,"requestDate":"2010-10-08T00:00:00","lastDate":"2014-01-19T00:00:00"}
[operation] ask {"demand":"order 5","operation":"delivery end item","quantity":10,"end":"2010-10-08T00:00:00"}
[buffer] ask {"demand":null,"buffer":"end item","requested":10,"date":"2010-10-07T00:00:00","onhand":10}
[demand] reply {"demand":"order 5","attempt":627,"result":false,"quantity":0,"date":"2010-10-09T00:00:00"}
[demand] attempt {"demand":"order 5","attempt":628,"quantity":10,"requestDate":"2010-10-09T00:00:00","lastDate":"2014-01-19T00:00:00"}
[operation] ask {"demand":"order 5","operation":"delivery end item","quantity":10,"end":"2010-10-09T00:00:00"}
[buffer] ask {"demand":null,"buffer":"end item","requested":10,"date":"2010-10-08T00:00:00","onhand":10}
[demand] reply {"demand":"order 5","attempt":628,"result":false,"quantity":0,"date":"2010-10-10T00:00:00"}
[demand] attempt {"demand":"order 5","attempt":629,"quantity":10,"requestDate":"2010-10-10T00:00:00","lastDate":"2014-01-19T00:00:00"}
[operation] ask {"demand":"order 5","operation":"delivery end item","quantity":10,"end":"2010-10-10T00:00:00"}
[buffer] ask {"demand":null,"buffer":"end item","requested":10,"date":"2010-10-09T00:00:00","onhand":10}
[demand] reply {"demand":"order 5","attempt":629,"result":false,"quantity":0,"date":"2010-10-11T00:00:00"}
[demand] attempt {"demand":"order 5","attempt":630,"quantity":10,"requestDate":"2010-10-11T00:00:00","lastDate":"2014-01-19T00:00:00"}
[operation] ask {"demand":"order 5","operation":"delivery end item","quantity":10,"end":"2010-10-11T00:00:00"}
[buffer] ask {"demand":null,"buffer":"end item","requested":10,"date":"2010-10-10T00:00:00","onhand":10}
[demand] reply {"demand":"order 5","attempt":630,"result":false,"quantity":0,"date":"2010-10-12T00:00:00"}
[demand] attempt {"demand":"order 5","attempt":631,"quantity":10,"requestDate":"2010-10-12T00:00:00","lastDate":"2014-01-19T00:00:00"}
[operation] ask {"demand":"order 5","operation":"delivery end item","quantity":10,"end":"2010-10-12T00:00:00"}
[buffer] ask {"demand":null,"buffer":"end item","requested":10,"date":"2010-10-11T00:00:00","onhand":10}
[demand] reply {"demand":"order 5","attempt":631,"result":false,"quantity":0,"date":"2010-10-13T00:00:00"}
[demand] attempt {"demand":"order 5","attempt":632,"quantity":10,"requestDate":"2010-10-13T00:00:00","lastDate":"2014-01-19T00:00:00"}
[operation] ask {"demand":"order 5","operation":"delivery end item","quantity":10,"end":"2010-10-13T00:00:00"}
[buffer] ask {"demand":null,"buffer":"end item","requested":10,"date":"2010-10-12T00:00:00","onhand":10}
[demand] reply {"demand":"order 5","attempt":632,"result":false,"quantity":0,"date":"2010-10-14T00:00:00"}
[demand] attempt {"demand":"order 5","attempt":633,"quantity":10,"requestDate":"2010-10-14T00:00:00","lastDate":"2014-01-19T00:00:00"}
[operation] ask {"demand":"order 5","operation":"delivery end item","quantity":10,"end":"2010-10-14T00:00:00"}
[buffer] ask {"demand":null,"buffer":"end item","requested":10,"date":"2010-10-13T00:00:00","onhand":10}
[demand] reply {"demand":"order 5","attempt":633,"result":false,"quantity":0,"date":"2010-10-15T00:00:00"}
[demand] attempt {"demand":"order 5","attempt":634,"quantity":10,"requestDate":"2010-10-15T00:00:00","lastDate":"2014-01-19T00:00:00"}
[operation] ask {"demand":"order 5","operation":"delivery end item","quantity":10,"end":"2010-10-15T00:00:00"}
[buffer] ask {"demand":null,"buffer":"end item","requested":10,"date":"2010-10-14T00:00:00","onhand":10}
[demand] reply {"demand":"order 5","attempt":634,"result":false,"quantity":0,"date":"2010-10-16T00:00:00"}
[demand] attempt {"demand":"order 5","attempt":635,"quantity":10,"requestDate":"2010-10-16T00:00:00","lastDate":"2014-01-19T00:00:00"}
[operation] ask {"demand":"order 5","operation":"delivery end item","quantity":10,"end":"2010-10-16T00:00:00"}
[buffer] ask {"demand":null,"buffer":"end item","requested":10,"date":"2010-10-15T00:00:00","onhand":10}
[demand] reply {"demand":"order 5","attempt":635,"result":false,"quantity":0,"date":"2010-10-17T00:00:00"}
[demand] attempt {"demand":"order 5","attempt":636,"quantity":10,"requestDate":"2010-10-17T00:00:00","lastDate":"2014-01-19T00:00:00"}
[operation] ask {"demand":"order 5","operation":"delivery end item","quantity":10,"end":"2010-10-17T00:00:00"}
[buffer] ask {"demand":null,"buffer":"end item","requested":10,"date":"2010-10-16T00:00:00","onhand":10}
[demand] reply {"demand":"order 5","attempt":636,"result":false,"quantity":0,"date":"2010-10-18T00:00:00"}
[demand] attempt {"demand":"order 5","attempt":637,"quantity":10,"requestDate":"2010-10-18T00:00:00","lastDate":"2014-01-19T00:00:00"}
[operation] ask {"demand":"order 5","operation":"delivery end item","quantity":10,"end":"2010-10-18T00:00:00"}
[buffer] ask {"demand":null,"buffer":"end item","requested":10,"date":"2010-10-17T00:00:00","onhand":10}
[demand] reply {"demand":"order 5","attempt":637,"result":false,"quantity":0,"date":"2010-10-19T00:00:00"}
[demand] attempt {"demand":"order 5","attempt":638,"quantity":10,"requestDate":"2010-10-19T00:00:00","lastDate":"2014-01-19T00:00:00"}
[operation] ask {"demand":"order 5","operation":"delivery end item","quantity":10,"end":"2010-10-19T00:00:00"}
[buffer] ask {"demand":null,"buffer":"end item","requested":10,"date":"2010-10-18T00:00:00","onhand":10}
[demand] reply {"demand":"order 5","attempt":638,"result":false,"quantity":0,"date":"2010-10-20T00:00:00"}
[demand] attempt {"demand":"order 5","attempt":639,"quantity":10,"requestDate":"2010-10-20T00:00:00","lastDate":"2014-01-19T00:00:00"}
[operation] ask {"demand":"order 5","operation":"delivery end item","quantity":10,"end":"2010-10-20T00:00:00"}
[buffer] ask {"demand":null,"buffer":"end item","requested":10,"date":"2010-10-19T00:00:00","onhand":10}
[demand] reply {"demand":"order 5","attempt":639,"result":false,"quantity":0,"date":"2010-10-21T00:00:00"}
[demand] attempt {"demand":"order 5","attempt":640,"quantity":10,"requestDate":"2010-10-21T00:00:00","lastDate":"2014-01-19T00:00:00"}
[operation] ask {"demand":"order 5","operation":"delivery end item","quantity":10,"end":"2010-10-21T00:00:00"}
[buffer] ask {"demand":null,"buffer":"end item","requested":10,"date":"2010-10-20T00:00:00","onhand":10}
[demand] reply {"demand":"order 5","attempt":640,"result":false,"quantity":0,"date":"2010-10-22T00:00:00"}
[demand] attempt {"demand":"order 5","attempt":641,"quantity":10,"requestDate":"2010-10-22T00:00:00","lastDate":"2014-01-19T00:00:00"}
[operation] ask {"demand":"order 5","operation":"delivery end item","quantity":10,"end":"2010-10-22T00:00:00"}
[buffer] ask {"demand":null,"buffer":"end item","requested":10,"date":"2010-10-21T00:00:00","onhand":10}
[demand] reply {"demand":"order 5","attempt":641,"result":false,"quantity":0,"date":"2010-10-23T00:00:00"}
[demand] attempt {"demand":"order 5","attempt":642,"quantity":10,"requestDate":"2010-10-23T00:00:00","lastDate":"2014-01-19T00:00:00"}
[operation] ask {"demand":"order 5","operation":"delivery end item","quantity":10,"end":"2010-10-23T00:00:00"}
[buffer] ask {"demand":null,"buffer":"end item","requested":10,"date":"2010-10-22T00:00:00","onhand":10}
[demand] reply {"demand":"order 5","attempt":642,"result":false,"quantity":0,"date":"2010-10-24T00:00:00"}
[demand] attempt {"demand":"order 5","attempt":643,"quantity":10,"requestDate":"2010-10-24T00:00:00","lastDate":"2014-01-19T00:00:00"}
[operation] ask {"demand":"order 5","operation":"delivery end item","quantity":10,"end":"2010-10-24T00:00:00"}
[buffer] ask {"demand":null,"buffer":"end item","requested":10,"date":"2010-10-23T00:00:00","onhand":10}
[demand] reply {"demand":"order 5","attempt":643,"result":false,"quantity":0,"date":"2010-10-25T00:00:00"}
[demand] attempt {"demand":"order 5","attempt":644,"quantity":10,"requestDate":"2010-10-25T00:00:00","lastDate":"2014-01-19T00:00:00"}
[operation] ask {"demand":"order 5","operation":"delivery end item","quantity":10,"end":"2010-10-25T00:00:00"}
[buffer] ask {"demand":null,"buffer":"end item","requested":10,"date":"2010-10-24T00:00:00","onhand":10}
[demand] reply {"demand":"order 5","attempt":644,"result":false,"quantity":0,"date":"2010-10-26T00:00:00"}
[demand] attempt {"demand":"order 5","attempt":645,"quantity":10,"requestDate":"2010-10-26T00:00:00","lastDate":"2014-01-19T00:00:00"}
[operation] ask {"demand":"order 5","operation":"delivery end item","quantity":10,"end":"2010-10-26T00:00:00"}
[buffer] ask {"demand":null,"buffer":"end item","requested":10,"date":"2010-10-25T00:00:00","onhand":10}
[demand] reply {"demand":"order 5","attempt":645,"result":false,"quantity":0,"date":"2010-10-27T00:00:00"}
[demand] attempt {"demand":"order 5","attempt":646,"quantity":10,"requestDate":"2010-10-27T00:00:00","lastDate":"2014-01-19T00:00:00"}
[operation] ask {"demand":"order 5","operation":"delivery end item","quantity":10,"end":"2010-10-27T00:00:00"}
[buffer] ask {"demand":null,"buffer":"end item","requested":10,"date":"2010-10-26T00:00:00","onhand":10}
[demand] reply {"demand":"order 5","attempt":646,"result":false,"quantity":0,"date":"2010-10-28T00:00:00"}
[demand] attempt {"demand":"order 5","attempt":647,"quantity":10,"requestDate":"2010-10-28T00:00:00","lastDate":"2014-01-19T00:00:00"}
[operation] ask {"demand":"order 5","operation":"delivery end item","quantity":10,"end":"2010-10-28T00:00:00"}
[buffer] ask {"demand":null,"buffer":"end item","requested":10,"date":"2010-10-27T00:00:00","onhand":10}
[demand] reply {"demand":"order 5","attempt":647,"result":false,"quantity":0,"date":"2010-10-29T00:00:00"}
[demand] attempt {"demand":"order 5","attempt":648,"quantity":10,"requestDate":"2010-10-29T00:00:00","lastDate":"2014-01-19T00:00:00"}
[operation] ask {"demand":"order 5","operation":"delivery end item","quantity":10,"end":"2010-10-29T00:00:00"}
[buffer] ask {"demand":null,"buffer":"end item","requested":10,"date":"2010-10-28T00:00:00","onhand":10}
[demand] reply {"demand":"order 5","attempt":648,"result":false,"quantity":0,"date":"2010-10-30T00:00:00"}
[demand] attempt {"demand":"order 5","attempt":649,"quantity":10,"requestDate":"2010-10-30T00:00:00","lastDate":"2014-01-19T00:00:00"}
[operation] ask {"demand":"order 5","operation":"delivery end item","quantity":10,"end":"2010-10-30T00:00:00"}
[buffer] ask {"demand":null,"buffer":"end item","requested":10,"date":"2010-10-29T00:00:00","onhand":10}
[demand] reply {"demand":"order 5","attempt":649,"result":false,"quantity":0,"date":"2010-10-31T00:00:00"}
[demand] attempt {"demand":"order 5","attempt":650,"quantity":10,"requestDate":"2010-10-31T00:00:00","lastDate":"2014-01-19T00:00:00"}
[operation] ask {"demand":"order 5","operation":"delivery end item","quantity":10,"end":"2010-10-31T00:00:00"}
[buffer] ask {"demand":null,"buffer":"end item","requested":10,"date":"2010-10-30T00:00:00","onhand":10}
[demand] reply {"demand":"order 5","attempt":650,"result":false,"quantity":0,"date":"2010-11-01T00:00:00"}
[demand] attempt {"demand":"order 5","attempt":651,"quantity":10,"requestDate":"2010-11-01T00:00:00","lastDate":"2014-01-19T00:00:00"}
[operation] ask {"demand":"order 5","operation":"delivery end item","quantity":10,"end":"2010-11-01T00:00:00"}
[buffer] ask {"demand":null,"buffer":"end item","requested":10,"date":"2010-10-31T00:00:00","onhand":10}
[demand] reply {"demand":"order 5","attempt":651,"result":false,"quantity":0,"date":"2010-11-02T00:00:00"}
[demand] attempt {"demand":"order 5","attempt":652,"quantity":10,"requestDate":"2010-11-02T00:00:00","lastDate":"2014-01-19T00:00:00"}
[operation] ask {"demand":"order 5","operation":"delivery end item","quantity":10,"end":"2010-11-02T00:00:00"}
[buffer] ask {"demand":null,"buffer":"end item","requested":10,"date":"2010-11-01T00:00:00","onhand":10}
[demand] reply {"demand":"order 5","attempt":652,"result":false,"quantity":0,"date":"2010-11-03T00:00:00"}
[demand] attempt {"demand":"order 5","attempt":653,"quantity":10,"requestDate":"2010-11-03T00:00:00","lastDate":"2014-01-19T00:00:00"}
[operation] ask {"demand":"order 5","operation":"delivery end item","quantity":10,"end":"2010-11-03T00:00:00"}
[buffer] ask {"demand":null,"buffer":"end item","requested":10,"date":"2010-11-02T00:00:00","onhand":10}
[demand] reply {"demand":"order 5","attempt":653,"result":false,"quantity":0,"date":"2010-11-04T00:00:00"}
[demand] attempt {"demand":"order 5","attempt":654,"quantity":10,"requestDate":"2010-11-04T00:00:00","lastDate":"2014-01-19T00:00:00"}
[operation] ask {"demand":"order 5","operation":"delivery end item","quantity":10,"end":"2010-11-04T00:00:00"}
[buffer] ask {"demand":null,"buffer":"end item","requested":10,"date":"2010-11-03T00:00:00","onhand":10}
[demand] reply {"demand":"order 5","attempt":654,"result":false,"quantity":0,"date":"2010-11-05T00:00:00"}
[demand] attempt {"demand":"order 5","attempt":655,"quantity":10,"requestDate":"2010-11-05T00:00:00","lastDate":"2014-01-19T00:00:00"}
[operation] ask {"demand":"order 5","operation":"delivery end item","quantity":10,"end":"2010-11-05T00:00:00"}
[buffer] ask {"demand":null,"buffer":"end item","requested":10,"date":"2010-11-04T00:00:00","onhand":10}
[demand] reply {"demand":"order 5","attempt":655,"result":false,"quantity":0,"date":"2010-11-06T00:00:00"}
[demand] attempt {"demand":"order 5","attempt":656,"quantity":10,"requestDate":"2010-11-06T00:00:00","lastDate":"2014-01-19T00:00:00"}
[operation] ask {"demand":"order 5","operation":"delivery end item","quantity":10,"end":"2010-11-06T00:00:00"}
[buffer] ask {"demand":null,"buffer":"end item","requested":10,"date":"2010-11-05T00:00:00","onhand":10}
[demand] reply {"demand":"order 5","attempt":656,"result":false,"quantity":0,"date":"2010-11-07T00:00:00"}
[demand] attempt {"demand":"order 5","attempt":657,"quantity":10,"requestDate":"2010-11-07T00:00:00","lastDate":"2014-01-19T00:00:00"}
[operation] ask {"demand":"order 5","operation":"delivery end item","quantity":10,"end":"2010-11-07T00:00:00"}
[buffer] ask {"demand":null,"buffer":"end item","requested":10,"date":"2010-11-06T00:00:00","onhand":10}
[demand] reply {"demand":"order 5","attempt":657,"result":false,"quantity":0,"date":"2010-11-08T00:00:00"}
[demand] attempt {"demand":"order 5","attempt":658,"quantity":10,"requestDate":"2010-11-08T00:00:00","lastDate":"2014-01-19T00:00:00"}
[operation] ask {"demand":"order 5","operation":"delivery end item","quantity":10,"end":"2010-11-08T00:00:00"}
[buffer] ask {"demand":null,"buffer":"end item","requested":10,"date":"2010-11-07T00:00:00","onhand":10}
[demand] reply {"demand":"order 5","attempt":658,"result":false,"quantity":0,"date":"2010-11-09T00:00:00"}
[demand] attempt {"demand":"order 5","attempt":659,"quantity":10,"requestDate":"2010-11-09T00:00:00","lastDate":"2014-01-19T00:00:00"}
[operation] ask {"demand":"order 5","operation":"delivery end item","quantity":10,"end":"2010-11-09T00:00:00"}
[buffer] ask {"demand":null,"buffer":"end item","requested":10,"date":"2010-11-08T00:00:00","onhand":10}
[demand] reply {"demand":"order 5","attempt":659,"result":false,"quantity":0,"date":"2010-11-10T00:00:00"}
[demand] attempt {"demand":"order 5","attempt":660,"quantity":10,"requestDate":"2010-11-10T00:00:00","lastDate":"2014-01-19T00:00:00"}
[operation] ask {"demand":"order 5","operation":"delivery end item","quantity":10,"end":"2010-11-10T00:00:00"}
[buffer] ask {"demand":null,"buffer":"end item","requested":10,"date":"2010-11-09T00:00:00","onhand":10}
[demand] reply {"demand":"order 5","attempt":660,"result":false,"quantity":0,"date":"2010-11-11T00:00:00"}
[demand] attempt {"demand":"order 5","attempt":661,"quantity":10,"requestDate":"2010-11-11T00:00:00","lastDate":"2014-01-19T00:00:00"}
[operation] ask {"demand":"order 5","operation":"delivery end item","quantity":10,"end":"2010-11-11T00:00:00"}
[buffer] ask {"demand":null,"buffer":"end item","requested":10,"date":"2010-11-10T00:00:00","onhand":10}
[demand] reply {"demand":"order 5","attempt":661,"result":false,"quantity":0,"date":"2010-11-12T00:00:00"}
[demand] attempt {"demand":"order 5","attempt":662,"quantity":10,"requestDate":"2010-11-12T00:00:00","lastDate":"2014-01-19T00:00:00"}
[operation] ask {"demand":"order 5","operation":"delivery end item","quantity":10,"end":"2010-11-12T00:00:00"}
[buffer] ask {"demand":null,"buffer":"end item","requested":10,"date":"2010-11-11T00:00:00","onhand":10}
[demand] reply {"demand":"order 5","attempt":662,"result":false,"quantity":0,"date":"2010-11-13T00:00:00"}
[demand] attempt {"demand":"order 5","attempt":663,"quantity":10,"requestDate":"2010-11-13T00:00:00","lastDate":"2014-01-19T00:00:00"}
[operation] ask {"demand":"order 5","operation":"delivery end item","quantity":10,"end":"2010-11-13T00:00:00"}
[buffer] ask {"demand":null,"buffer":"end item","requested":10,"date":"2010-11-12T00:00:00","onhand":10}
[demand] reply {"demand":"order 5","attempt":663,"result":false,"quantity":0,"date":"2010-11-14T00:00:00"}
[demand] attempt {"demand":"order 5","attempt":664,"quantity":10,"requestDate":"2010-11-14T00:00:00","lastDate":"2014-01-19T00:00:00"}
[operation] ask {"demand":"order 5","operation":"delivery end item","quantity":10,"end":"2010-11-14T00:00:00"}
[buffer] ask {"demand":null,"buffer":"end item","requested":10,"date":"2010-11-13T00:00:00","onhand":10}
[demand] reply {"demand":"order 5","attempt":664,"result":false,"quantity":0,"date":"2010-11-15T00:00:00"}
[demand] attempt {"demand":"order 5","attempt":665,"quantity":10,"requestDate":"2010-11-15T00:00:00","lastDate":"2014-01-19T00:00:00"}
[operation] ask {"demand":"order 5","operation":"delivery end item","quantity":10,"end":"2010-11-15T00:00:00"}
[buffer] ask {"demand":null,"buffer":"end item","requested":10,"date":"2010-11-14T00:00:00","onhand":10}
[demand] reply {"demand":"order 5","attempt":665,"result":false,"quantity":0,"date":"2010-11-16T00:00:00"}
[demand] attempt {"demand":"order 5","attempt":666,"quantity":10,"requestDate":"2010-11-16T00:00:00","lastDate":"2014-01-19T00:00:00"}
[operation] ask {"demand":"order 5","operation":"delivery end item","quantity":10,"end":"2010-11-16T00:00:00"}
[buffer] ask {"demand":null,"buffer":"end item","requested":10,"date":"2010-11-15T00:00:00","onhand":10}
[demand] reply {"demand":"order 5","attempt":666,"result":false,"quantity":0,"date":"2010-11-17T00:00:00"}
[demand] attempt {"demand":"order 5","attempt":667,"quantity":10,"requestDate":"2010-11-17T00:00:00","lastDate":"2014-01-19T00:00:00"}
[operation] ask {"demand":"order 5","operation":"delivery end item","quantity":10,"end":"2010-11-17T00:00:00"}
[buffer] ask {"demand":null,"buffer":"end item","requested":10,"date":"2010-11-16T00:00:00","onhand":10}
[demand] reply {"demand":"order 5","attempt":667,"result":false,"quantity":0,"date":"2010-11-18T00:00:00"}
[demand] attempt {"demand":"order 5","attempt":668,"quantity":10,"requestDate":"2010-11-18T00:00:00","lastDate":"2014-01-19T00:00:00"}
[operation] ask {"demand":"order 5","operation":"delivery end item","quantity":10,"end":"2010-11-18T00:00:00"}
[buffer] ask {"demand":null,"buffer":"end item","requested":10,"date":"2010-11-17T00:00:00","onhand":10}
[demand] reply {"demand":"order 5","attempt":668,"result":false,"quantity":0,"date":"2010-11-19T00:00:00"}
[demand] attempt {"demand":"order 5","attempt":669,"quantity":10,"requestDate":"2010-11-19T00:00:00","lastDate":"2014-01-19T00:00:00"}
[operation] ask {"demand":"order 5","operation":"delivery end item","quantity":10,"end":"2010-11-19T00:00:00"}
[buffer] ask {"demand":null,"buffer":"end item","requested":10,"date":"2010-11-18T00:00:00","onhand":10}
[demand] reply {"demand":"order 5","attempt":669,"result":false,"quantity":0,"date":"2010-11-20T00:00:00"}
[demand] attempt {"demand":"order 5","attempt":670,"quantity":10,"requestDate":"2010-11-20T00:00:00","lastDate":"2014-01-19T00:00:00"}
[operation] ask {"demand":"order 5","operation":"delivery end item","quantity":10,"end":"2010-11-20T00:00:00"}
[buffer] ask {"demand":null,"buffer":"end item","requested":10,"date":"2010-11-19T00:00:00","onhand":10}
[demand] reply {"demand":"order 5","attempt":670,"result":false,"quantity":0,"date":"2010-11-21T00:00:00"}
[demand] attempt {"demand":"order 5","attempt":671,"quantity":10,"requestDate":"2010-11-21T00:00:00","lastDate":"2014-01-19T00:00:00"}
[operation] ask {"demand":"order 5","operation":"delivery end item","quantity":10,"end":"2010-11-21T00:00:00"}
[buffer] ask {"demand":null,"buffer":"end item","requested":10,"date":"2010-11-20T00:00:00","onhand":10}
[demand] reply {"demand":"order 5","attempt":671,"result":false,"quantity":0,"date":"2010-11-22T00:00:00"}
[demand] attempt {"demand":"order 5","attempt":672,"quantity":10,"requestDate":"2010-11-22T00:00:00","lastDate":"2014-01-19T00:00:00"}
[operation] ask {"demand":"order 5","operation":"delivery end item","quantity":10,"end":"2010-11-22T00:00:00"}
[buffer] ask {"demand":null,"buffer":"end item","requested":10,"date":"2010-11-21T00:00:00","onhand":10}
[demand] reply {"demand":"order 5","attempt":672,"result":false,"quantity":0,"date":"2010-11-23T00:00:00"}
[demand] attempt {"demand":"order 5","attempt":673,"quantity":10,"requestDate":"2010-11-23T00:00:00","lastDate":"2014-01-19T00:00:00"}
[operation] ask {"demand":"order 5","operation":"delivery end item","quantity":10,"end":"2010-11-23T00:00:00"}
[buffer] ask {"demand":null,"buffer":"end item","requested":10,"date":"2010-11-22T00:00:00","onhand":10}
[demand] reply {"demand":"order 5","attempt":673,"result":false,"quantity":0,"date":"2010-11-24T00:00:00"}
[demand] attempt {"demand":"order 5","attempt":674,"quantity":10,"requestDate":"2010-11-24T00:00:00","lastDate":"2014-01-19T00:00:00"}
[operation] ask {"demand":"order 5","operation":"delivery end item","quantity":10,"end":"2010-11-24T00:00:00"}
[buffer] ask {"demand":null,"buffer":"end item","requested":10,"date":"2010-11-23T00:00:00","onhand":10}
[demand] reply {"demand":"order 5","attempt":674,"result":false,"quantity":0,"date":"2010-11-25T00:00:00"}
[demand] attempt {"demand":"order 5","attempt":675,"quantity":10,"requestDate":"2010-11-25T00:00:00","lastDate":"2014-01-19T00:00:00"}
[operation] ask {"demand":"order 5","operation":"delivery end item","quantity":10,"end":"2010-11-25T00:00:00"}
[buffer] ask {"demand":null,"buffer":"end item","requested":10,"date":"2010-11-24T00:00:00","onhand":10}
[demand] reply {"demand":"order 5","attempt":675,"result":false,"quantity":0,"date":"2010-11-26T00:00:00"}
[demand] attempt {"demand":"order 5","attempt":676,"quantity":10,"requestDate":"2010-11-26T00:00:00","lastDate":"2014-01-19T00:00:00"}
[operation] ask {"demand":"order 5","operation":"delivery end item","quantity":10,"end":"2010-11-26T00:00:00"}
[buffer] ask {"demand":null,"buffer":"end item","requested":10,"date":"2010-11-25T00:00:00","onhand":10}
[demand] reply {"demand":"order 5","attempt":676,"result":false,"quantity":0,"date":"2010-11-27T00:00:00"}
[demand] attempt {"demand":"order 5","attempt":677,"quantity":10,"requestDate":"2010-11-27T00:00:00","lastDate":"2014-01-19T00:00:00"}
[operation] ask {"demand":"order 5","operation":"delivery end item","quantity":10,"end":"2010-11-27T00:00:00"}
[buffer] ask {"demand":null,"buffer":"end item","requested":10,"date":"2010-11-26T00:00:00","onhand":10}
[demand] reply {"demand":"order 5","attempt":677,"result":false,"quantity":0,"date":"2010-11-28T00:00:00"}
[demand] attempt {"demand":"order 5","attempt":678,"quantity":10,"requestDate":"2010-11-28T00:00:00","lastDate":"2014-01-19T00:00:00"}
[operation] ask {"demand":"order 5","operation":"delivery end item","quantity":10,"end":"2010-11-28T00:00:00"}
[buffer] ask {"demand":null,"buffer":"end item","requested":10,"date":"2010-11-27T00:00:00","onhand":10}
[demand] reply {"demand":"order 5","attempt":678,"result":false,"quantity":0,"date":"2010-11-29T00:00:00"}
[demand] attempt {"demand":"order 5","attempt":679,"quantity":10,"requestDate":"2010-11-29T00:00:00","lastDate":"2014-01-19T00:00:00"}
[operation] ask {"demand":"order 5","operation":"delivery end item","quantity":10,"end":"2010-11-29T00:00:00"}
[buffer] ask {"demand":null,"buffer":"end item","requested":10,"date":"2010-11-28T00:00:00","onhand":10}
[demand] reply {"demand":"order 5","attempt":679,"result":false,"quantity":0,"date":"2010-11-30T00:00:00"}
[demand] attempt {"demand":"order 5","attempt":680,"quantity":10,"requestDate":"2010-11-30T00:00:00","lastDate":"2014-01-19T00:00:00"}
[operation] ask {"demand":"order 5","operation":"delivery end item","quantity":10,"end":"2010-11-30T00:00:00"}
[buffer] ask {"demand":null,"buffer":"end item","requested":10,"date":"2010-11-29T00:00:00","onhand":10}
[demand] reply {"demand":"order 5","attempt":680,"result":false,"quantity":0,"date":"2010-12-01T00:00:00"}
[demand] attempt {"demand":"order 5","attempt":681,"quantity":10,"requestDate":"2010-12-01T00:00:00","lastDate":"2014-01-19T00:00:00"}
[operation] ask {"demand":"order 5","operation":"delivery end item","quantity":10,"end":"2010-12-01T00:00:00"}
[buffer] ask {"demand":null,"buffer":"end item","requested":10,"date":"2010-11-30T00:00:00","onhand":10}
[demand] reply {"demand":"order 5","attempt":681,"result":false,"quantity":0,"date":"2010-12-02T00:00:00"}
[demand] attempt {"demand":"order 5","attempt":682,"quantity":10,"requestDate":"2010-12-02T00:00:00","lastDate":"2014-01-19T00:00:00"}
[operation] ask {"demand":"order 5","operation":"delivery end item","quantity":10,"end":"2010-12-02T00:00:00"}
[buffer] ask {"demand":null,"buffer":"end item","requested":10,"date":"2010-12-01T00:00:00","onhand":10}
[demand] reply {"demand":"order 5","attempt":682,"result":false,"quantity":0,"date":"2010-12-03T00:00:00"}
[demand] attempt {"demand":"order 5","attempt":683,"quantity":10,"requestDate":"2010-12-03T00:00:00","lastDate":"2014-01-19T00:00:00"}
[operation] ask {"demand":"order 5","operation":"delivery end item","quantity":10,"end":"2010-12-03T00:00:00"}
[buffer] ask {"demand":null,"buffer":"end item","requested":10,"date":"2010-12-02T00:00:00","onhand":10}
[demand] reply {"demand":"order 5","attempt":683,"result":false,"quantity":0,"date":"2010-12-04T00:00:00"}
[demand] attempt {"demand":"order 5","attempt":684,"quantity":10,"requestDate":"2010-12-04T00:00:00","lastDate":"2014-01-19T00:00:00"}
[operation] ask {"demand":"order 5","operation":"delivery end item","quantity":10,"end":"2010-12-04T00:00:00"}
[buffer] ask {"demand":null,"buffer":"end item","requested":10,"date":"2010-12-03T00:00:00","onhand":10}
[demand] reply {"demand":"order 5","attempt":684,"result":false,"quantity":0,"date":"2010-12-05T00:00:00"}
[demand] attempt {"demand":"order 5","attempt":685,"quantity":10,"requestDate":"2010-12-05T00:00:00","lastDate":"2014-01-19T00:00:00"}
[operation] ask {"demand":"order 5","operation":"delivery end item","quantity":10,"end":"2010-12-05T00:00:00"}
[buffer] ask {"demand":null,"buffer":"end item","requested":10,"date":"2010-12-04T00:00:00","onhand":10}
[demand] reply {"demand":"order 5","attempt":685,"result":false,"quantity":0,"date":"2010-12-06T00:00:00"}
[demand] attempt {"demand":"order 5","attempt":686,"quantity":10,"requestDate":"2010-12-06T00:00:00","lastDate":"2014-01-19T00:00:00"}
[operation] ask {"demand":"order 5","operation":"delivery end item","quantity":10,"end":"2010-12-06T00:00:00"}
[buffer] ask {"demand":null,"buffer":"end item","requested":10,"date":"2010-12-05T00:00:00","onhand":10}
[demand] reply {"demand":"order 5","attempt":686,"result":false,"quantity":0,"date":"2010-12-07T00:00:00"}
[demand] attempt {"demand":"order 5","attempt":687,"quantity":10,"requestDate":"2010-12-07T00:00:00","lastDate":"2014-01-19T00:00:00"}
[operation] ask {"demand":"order 5","operation":"delivery end item","quantity":10,"end":"2010-12-07T00:00:00"}
[buffer] ask {"demand":null,"buffer":"end item","requested":10,"date":"2010-12-06T00:00:00","onhand":10}
[demand] reply {"demand":"order 5","attempt":687,"result":false,"quantity":0,"date":"2010-12-08T00:00:00"}
[demand] attempt {"demand":"order 5","attempt":688,"quantity":10,"requestDate":"2010-12-08T00:00:00","lastDate":"2014-01-19T00:00:00"}
[operation] ask {"demand":"order 5","operation":"delivery end item","quantity":10,"end":"2010-12-08T00:00:00"}
[buffer] ask {"demand":null,"buffer":"end item","requested":10,"date":"2010-12-07T00:00:00","onhand":10}
[demand] reply {"demand":"order 5","attempt":688,"result":false,"quantity":0,"date":"2010-12-09T00:00:00"}
[demand] attempt {"demand":"order 5","attempt":689,"quantity":10,"requestDate":"2010-12-09T00:00:00","lastDate":"2014-01-19T00:00:00"}
[operation] ask {"demand":"order 5","operation":"delivery end item","quantity":10,"end":"2010-12-09T00:00:00"}
[buffer] ask {"demand":null,"buffer":"end item","requested":10,"date":"2010-12-08T00:00:00","onhand":10}
[demand] reply {"demand":"order 5","attempt":689,"result":false,"quantity":0,"date":"2010-12-10T00:00:00"}
[demand] attempt {"demand":"order 5","attempt":690,"quantity":10,"requestDate":"2010-12-10T00:00:00","lastDate":"2014-01-19T00:00:00"}
[operation] ask {"demand":"order 5","operation":"delivery end item","quantity":10,"end":"2010-12-10T00:00:00"}
[buffer] ask {"demand":null,"buffer":"end item","requested":10,"date":"2010-12-09T00:00:00","onhand":10}
[demand] reply {"demand":"order 5","attempt":690,"result":false,"quantity":0,"date":"2010-12-11T00:00:00"}
[demand] attempt {"demand":"order 5","attempt":691,"quantity":10,"requestDate":"2010-12-11T00:00:00","lastDate":"2014-01-19T00:00:00"}
[operation] ask {"demand":"order 5","operation":"delivery end item","quantity":10,"end":"2010-12-11T00:00:00"}
[buffer] ask {"demand":null,"buffer":"end item","requested":10,"date":"2010-12-10T00:00:00","onhand":10}
[demand] reply {"demand":"order 5","attempt":691,"result":false,"quantity":0,"date":"2010-12-12T00:00:00"}
[demand] attempt {"demand":"order 5","attempt":692,"quantity":10,"requestDate":"2010-12-12T00:00:00","lastDate":"2014-01-19T00:00:00"}
[operation] ask {"demand":"order 5","operation":"delivery end item","quantity":10,"end":"2010-12-12T00:00:00"}
[buffer] ask {"demand":null,"buffer":"end item","requested":10,"date":"2010-12-11T00:00:00","onhand":10}
[demand] reply {"demand":"order 5","attempt":692,"result":false,"quantity":0,"date":"2010-12-13T00:00:00"}
[demand] attempt {"demand":"order 5","attempt":693,"quantity":10,"requestDate":"2010-12-13T00:00:00","lastDate":"2014-01-19T00:00:00"}
[operation] ask {"demand":"order 5","operation":"delivery end item","quantity":10,"end":"2010-12-13T00:00:00"}
[buffer] ask {"demand":null,"buffer":"end item","requested":10,"date":"2010-12-12T00:00:00","onhand":10}
[demand] reply {"demand":"order 5","attempt":693,"result":false,"quantity":0,"date":"2010-12-14T00:00:00"}
[demand] attempt {"demand":"order 5","attempt":694,"quantity":10,"requestDate":"2010-12-14T00:00:00","lastDate":"2014-01-19T00:00:00"}
[operation] ask {"demand":"order 5","operation":"delivery end item","quantity":10,"end":"2010-12-14T00:00:00"}
[buffer] ask {"demand":null,"buffer":"end item","requested":10,"date":"2010-12-13T00:00:00","onhand":10}
[demand] reply {"demand":"order 5","attempt":694,"result":false,"quantity":0,"date":"2010-12-15T00:00:00"}
[demand] attempt {"demand":"order 5","attempt":695,"quantity":10,"requestDate":"2010-12-15T00:00:00","lastDate":"2014-01-19T00:00:00"}
[operation] ask {"demand":"order 5","operation":"delivery end item","quantity":10,"end":"2010-12-15T00:00:00"}
[buffer] ask {"demand":null,"buffer":"end item","requested":10,"date":"2010-12-14T00:00:00","onhand":10}
[demand] reply {"demand":"order 5","attempt":695,"result":false,"quantity":0,"date":"2010-12-16T00:00:00"}
[demand] attempt {"demand":"order 5","attempt":696,"quantity":10,"requestDate":"2010-12-16T00:00:00","lastDate":"2014-01-19T00:00:00"}
[operation] ask {"demand":"order 5","operation":"delivery end item","quantity":10,"end":"2010-12-16T00:00:00"}
[buffer] ask {"demand":null,"buffer":"end item","requested":10,"date":"2010-12-15T00:00:00","onhand":10}
[demand] reply {"demand":"order 5","attempt":696,"result":false,"quantity":0,"date":"2010-12-17T00:00:00"}
[demand] attempt {"demand":"order 5","attempt":697,"quantity":10,"requestDate":"2010-12-17T00:00:00","lastDate":"2014-01-19T00:00:00"}
[operation] ask {"demand":"order 5","operation":"delivery end item","quantity":10,"end":"2010-12-17T00:00:00"}
[buffer] ask {"demand":null,"buffer":"end item","requested":10,"date":"2010-12-16T00:00:00","onhand":10}
[demand] reply {"demand":"order 5","attempt":697,"result":false,"quantity":0,"date":"2010-12-18T00:00:00"}
[demand] attempt {"demand":"order 5","attempt":698,"quantity":10,"requestDate":"2010-12-18T00:00:00","lastDate":"2014-01-19T00:00:00"}
[operation] ask {"demand":"order 5","operation":"delivery end item","quantity":10,"end":"2010-12-18T00:00:00"}
[buffer] ask {"demand":null,"buffer":"end item","requested":10,"date":"2010-12-17T00:00:00","onhand":10}
[demand] reply {"demand":"order 5","attempt":698,"result":false,"quantity":0,"date":"2010-12-19T00:00:00"}
[demand] attempt {"demand":"order 5","attempt":699,"quantity":10,"requestDate":"2010-12-19T00:00:00","lastDate":"2014-01-19T00:00:00"}
[operation] ask {"demand":"order 5","operation":"delivery end item","quantity":10,"end":"2010-12-19T00:00:00"}
[buffer] ask {"demand":null,"buffer":"end item","requested":10,"date":"2010-12-18T00:00:00","onhand":10}
[demand] reply {"demand":"order 5","attempt":699,"result":false,"quantity":0,"date":"2010-12-20T00:00:00"}
[demand] attempt {"demand":"order 5","attempt":700,"quantity":10,"requestDate":"2010-12-20T00:00:00","lastDate":"2014-01-19T00:00:00"}
[operation] ask {"demand":"order 5","operation":"delivery end item","quantity":10,"end":"2010-12-20T00:00:00"}
[buffer] ask {"demand":null,"buffer":"end item","requested":10,"date":"2010-12-19T00:00:00","onhand":10}
[demand] reply {"demand":"order 5","attempt":700,"result":false,"quantity":0,"date":"2010-12-21T00:00:00"}
[demand] attempt {"demand":"order 5","attempt":701,"quantity":10,"requestDate":"2010-12-21T00:00:00","lastDate":"2014-01-19T00:00:00"}
[operation] ask {"demand":"order 5","operation":"delivery end item","quantity":10,"end":"2010-12-21T00:00:00"}
[buffer] ask {"demand":null,"buffer":"end item","requested":10,"date":"2010-12-20T00:00:00","onhand":10}
[demand] reply {"demand":"order 5","attempt":701,"result":false,"quantity":0,"date":"2010-12-22T00:00:00"}
[demand] attempt {"demand":"order 5","attempt":702,"quantity":10,"requestDate":"2010-12-22T00:00:00","lastDate":"2014-01-19T00:00:00"}
[operation] ask {"demand":"order 5","operation":"delivery end item","quantity":10,"end":"2010-12-22T00:00:00"}
[buffer] ask {"demand":null,"buffer":"end item","requested":10,"date":"2010-12-21T00:00:00","onhand":10}
[demand] reply {"demand":"order 5","attempt":702,"result":false,"quantity":0,"date":"2010-12-23T00:00:00"}
[demand] attempt {"demand":"order 5","attempt":703,"quantity":10,"requestDate":"2010-12-23T00:00:00","lastDate":"2014-01-19T00:00:00"}
[operation] ask {"demand":"order 5","operation":"delivery end item","quantity":10,"end":"2010-12-23T00:00:00"}
[buffer] ask {"demand":null,"buffer":"end item","requested":10,"date":"2010-12-22T00:00:00","onhand":10}
[demand] reply {"demand":"order 5","attempt":703,"result":false,"quantity":0,"date":"2010-12-24T00:00:00"}
[demand] attempt {"demand":"order 5","attempt":704,"quantity":10,"requestDate":"2010-12-24T00:00:00","lastDate":"2014-01-19T00:00:00"}
[operation] ask {"demand":"order 5","operation":"delivery end item","quantity":10,"end":"2010-12-24T00:00:00"}
[buffer] ask {"demand":null,"buffer":"end item","requested":10,"date":"2010-12-23T00:00:00","onhand":10}
[demand] reply {"demand":"order 5","attempt":704,"result":false,"quantity":0,"date":"2010-12-25T00:00:00"}
[demand] attempt {"demand":"order 5","attempt":705,"quantity":10,"requestDate":"2010-12-25T00:00:00","lastDate":"2014-01-19T00:00:00"}
[operation] ask {"demand":"order 5","operation":"delivery end item","quantity":10,"end":"2010-12-25T00:00:00"}
[buffer] ask {"demand":null,"buffer":"end item","requested":10,"date":"2010-12-24T00:00:00","onhand":10}
[demand] reply {"demand":"order 5","attempt":705,"result":false,"quantity":0,"date":"2010-12-26T00:00:00"}
[demand] attempt {"demand":"order 5","attempt":706,"quantity":10,"requestDate":"2010-12-26T00:00:00","lastDate":"2014-01-19T00:00:00"}
[operation] ask {"demand":"order 5","operation":"delivery end item","quantity":10,"end":"2010-12-26T00:00:00"}
[buffer] ask {"demand":null,"buffer":"end item","requested":10,"date":"2010-12-25T00:00:00","onhand":10}
[demand] reply {"demand":"order 5","attempt":706,"result":false,"quantity":0,"date":"2010-12-27T00:00:00"}
[demand] attempt {"demand":"order 5","attempt":707,"quantity":10,"requestDate":"2010-12-27T00:00:00","lastDate":"2014-01-19T00:00:00"}
[operation] ask {"demand":"order 5","operation":"delivery end item","quantity":10,"end":"2010-12-27T00:00:00"}
[buffer] ask {"demand":null,"buffer":"end item","requested":10,"date":"2010-12-26T00:00:00","onhand":10}
[demand] reply {"demand":"order 5","attempt":707,"result":false,"quantity":0,"date":"2010-12-28T00:00:00"}
[demand] attempt {"demand":"order 5","attempt":708,"quantity":10,"requestDate":"2010-12-28T00:00:00","lastDate":"2014-01-19T00:00:00"}
[operation] ask {"demand":"order 5","operation":"delivery end item","quantity":10,"end":"2010-12-28T00:00:00"}
[buffer] ask {"demand":null,"buffer":"end item","requested":10,"date":"2010-12-27T00:00:00","onhand":10}
[demand] reply {"demand":"order 5","attempt":708,"result":false,"quantity":0,"date":"2010-12-29T00:00:00"}
[demand] attempt {"demand":"order 5","attempt":709,"quantity":10,"requestDate":"2010-12-29T00:00:00","lastDate":"2014-01-19T00:00:00"}
[operation] ask {"demand":"order 5","operation":"delivery end item","quantity":10,"end":"2010-12-29T00:00:00"}
[buffer] ask {"demand":null,"buffer":"end item","requested":10,"date":"2010-12-28T00:00:00","onhand":10}
[demand] reply {"demand":"order 5","attempt":709,"result":false,"quantity":0,"date":"2010-12-30T00:00:00"}
[demand] attempt {"demand":"order 5","attempt":710,"quantity":10,"requestDate":"2010-12-30T00:00:00","lastDate":"2014-01-19T00:00:00"}
[operation] ask {"demand":"order 5","operation":"delivery end item","quantity":10,"end":"2010-12-30T00:00:00"}
[buffer] ask {"demand":null,"buffer":"end item","requested":10,"date":"2010-12-29T00:00:00","onhand":10}
[demand] reply {"demand":"order 5","attempt":710,"result":false,"quantity":0,"date":"2010-12-31T00:00:00"}
[demand] attempt {"demand":"order 5","attempt":711,"quantity":10,"requestDate":"2010-12-31T00:00:00","lastDate":"2014-01-19T00:00:00"}
[operation] ask {"demand":"order 5","operation":"delivery end item","quantity":10,"end":"2010-12-31T00:00:00"}
[buffer] ask {"demand":null,"buffer":"end item","requested":10,"date":"2010-12-30T00:00:00","onhand":10}
[demand] reply {"demand":"order 5","attempt":711,"result":false,"quantity":0,"date":"2011-01-01T00:00:00"}
[demand] attempt {"demand":"order 5","attempt":712,"quantity":10,"requestDate":"2011-01-01T00:00:00","lastDate":"2014-01-19T00:00:00"}
[operation] ask {"demand":"order 5","operation":"delivery end item","quantity":10,"end":"2011-01-01T00:00:00"}
[buffer] ask {"demand":null,"buffer":"end item","requested":10,"date":"2010-12-31T00:00:00","onhand":10}
[demand] reply {"demand":"order 5","attempt":712,"result":false,"quantity":0,"date":"2011-01-02T00:00:00"}
[demand] attempt {"demand":"order 5","attempt":713,"quantity":10,"requestDate":"2011-01-02T00:00:00","lastDate":"2014-01-19T00:00:00"}
[operation] ask {"demand":"order 5","operation":"delivery end item","quantity":10,"end":"2011-01-02T00:00:00"}
[buffer] ask {"demand":null,"buffer":"end item","requested":10,"date":"2011-01-01T00:00:00","onhand":10}
[demand] reply {"demand":"order 5","attempt":713,"result":false,"quantity":0,"date":"2011-01-03T00:00:00"}
[demand] attempt {"demand":"order 5","attempt":714,"quantity":10,"requestDate":"2011-01-03T00:00:00","lastDate":"2014-01-19T00:00:00"}
[operation] ask {"demand":"order 5","operation":"delivery end item","quantity":10,"end":"2011-01-03T00:00:00"}
[buffer] ask {"demand":null,"buffer":"end item","requested":10,"date":"2011-01-02T00:00:00","onhand":10}
[demand] reply {"demand":"order 5","attempt":714,"result":false,"quantity":0,"date":"2011-01-04T00:00:00"}
[demand] attempt {"demand":"order 5","attempt":715,"quantity":10,"requestDate":"2011-01-04T00:00:00","lastDate":"2014-01-19T00:00:00"}
[operation] ask {"demand":"order 5","operation":"delivery end item","quantity":10,"end":"2011-01-04T00:00:00"}
[buffer] ask {"demand":null,"buffer":"end item","requested":10,"date":"2011-01-03T00:00:00","onhand":10}
[demand] reply {"demand":"order 5","attempt":715,"result":false,"quantity":0,"date":"2011-01-05T00:00:00"}
[demand] attempt {"demand":"order 5","attempt":716,"quantity":10,"requestDate":"2011-01-05T00:00:00","lastDate":"2014-01-19T00:00:00"}
[operation] ask {"demand":"order 5","operation":"delivery end item","quantity":10,"end":"2011-01-05T00:00:00"}
[buffer] ask {"demand":null,"buffer":"end item","requested":10,"date":"2011-01-04T00:00:00","onhand":10}
[demand] reply {"demand":"order 5","attempt":716,"result":false,"quantity":0,"date":"2011-01-06T00:00:00"}
[demand] attempt {"demand":"order 5","attempt":717,"quantity":10,"requestDate":"2011-01-06T00:00:00","lastDate":"2014-01-19T00:00:00"}
[operation] ask {"demand":"order 5","operation":"delivery end item","quantity":10,"end":"2011-01-06T00:00:00"}
[buffer] ask {"demand":null,"buffer":"end item","requested":10,"date":"2011-01-05T00:00:00","onhand":10}
[demand] reply {"demand":"order 5","attempt":717,"result":false,"quantity":0,"date":"2011-01-07T00:00:00"}
[demand] attempt {"demand":"order 5","attempt":718,"quantity":10,"requestDate":"2011-01-07T00:00:00","lastDate":"2014-01-19T00:00:00"}
[operation] ask {"demand":"order 5","operation":"delivery end item","quantity":10,"end":"2011-01-07T00:00:00"}
[buffer] ask {"demand":null,"buffer":"end item","requested":10,"date":"2011-01-06T00:00:00","onhand":10}
[demand] reply {"demand":"order 5","attempt":718,"result":false,"quantity":0,"date":"2011-01-08T00:00:00"}
[demand] attempt {"demand":"order 5","attempt":719,"quantity":10,"requestDate":"2011-01-08T00:00:00","lastDate":"2014-01-19T00:00:00"}
[operation] ask {"demand":"order 5","operation":"delivery end item","quantity":10,"end":"2011-01-08T00:00:00"}
[buffer] ask {"demand":null,"buffer":"end item","requested":10,"date":"2011-01-07T00:00:00","onhand":10}
[demand] reply {"demand":"order 5","attempt":719,"result":false,"quantity":0,"date":"2011-01-09T00:00:00"}
[demand] attempt {"demand":"order 5","attempt":720,"quantity":10,"requestDate":"2011-01-09T00:00:00","lastDate":"2014-01-19T00:00:00"}
[operation] ask {"demand":"order 5","operation":"delivery end item","quantity":10,"end":"2011-01-09T00:00:00"}
[buffer] ask {"demand":null,"buffer":"end item","requested":10,"date":"2011-01-08T00:00:00","onhand":10}
[demand] reply {"demand":"order 5","attempt":720,"result":false,"quantity":0,"date":"2011-01-10T00:00:00"}
[demand] attempt {"demand":"order 5","attempt":721,"quantity":10,"requestDate":"2011-01-10T00:00:00","lastDate":"2014-01-19T00:00:00"}
[operation] ask {"demand":"order 5","operation":"delivery end item","quantity":10,"end":"2011-01-10T00:00:00"}
[buffer] ask {"demand":null,"buffer":"end item","requested":10,"date":"2011-01-09T00:00:00","onhand":10}
[demand] reply {"demand":"order 5","attempt":721,"result":false,"quantity":0,"date":"2011-01-11T00:00:00"}
[demand] attempt {"demand":"order 5","attempt":722,"quantity":10,"requestDate":"2011-01-11T00:00:00","lastDate":"2014-01-19T00:00:00"}
[operation] ask {"demand":"order 5","operation":"delivery end item","quantity":10,"end":"2011-01-11T00:00:00"}
[buffer] ask {"demand":null,"buffer":"end item","requested":10,"date":"2011-01-10T00:00:00","onhand":10}
[demand] reply {"demand":"order 5","attempt":722,"result":false,"quantity":0,"date":"2011-01-12T00:00:00"}
[demand] attempt {"demand":"order 5","attempt":723,"quantity":10,"requestDate":"2011-01-12T00:00:00","lastDate":"2014-01-19T00:00:00"}
[operation] ask {"demand":"order 5","operation":"delivery end item","quantity":10,"end":"2011-01-12T00:00:00"}
[buffer] ask {"demand":null,"buffer":"end item","requested":10,"date":"2011-01-11T00:00:00","onhand":10}
[demand] reply {"demand":"order 5","attempt":723,"result":false,"quantity":0,"date":"2011-01-13T00:00:00"}
[demand] attempt {"demand":"order 5","attempt":724,"quantity":10,"requestDate":"2011-01-13T00:00:00","lastDate":"2014-01-19T00:00:00"}
[operation] ask {"demand":"order 5","operation":"delivery end item","quantity":10,"end":"2011-01-13T00:00:00"}
[buffer] ask {"demand":null,"buffer":"end item","requested":10,"date":"2011-01-12T00:00:00","onhand":10}
[demand] reply {"demand":"order 5","attempt":724,"result":false,"quantity":0,"date":"2011-01-14T00:00:00"}
[demand] attempt {"demand":"order 5","attempt":725,"quantity":10,"requestDate":"2011-01-14T00:00:00","lastDate":"2014-01-19T00:00:00"}
[operation] ask {"demand":"order 5","operation":"delivery end item","quantity":10,"end":"2011-01-14T00:00:00"}
[buffer] ask {"demand":null,"buffer":"end item","requested":10,"date":"2011-01-13T00:00:00","onhand":10}
[demand] reply {"demand":"order 5","attempt":725,"result":false,"quantity":0,"date":"2011-01-15T00:00:00"}
[demand] attempt {"demand":"order 5","attempt":726,"quantity":10,"requestDate":"2011-01-15T00:00:00","lastDate":"2014-01-19T00:00:00"}
[operation] ask {"demand":"order 5","operation":"delivery end item","quantity":10,"end":"2011-01-15T00:00:00"}
[buffer] ask {"demand":null,"buffer":"end item","requested":10,"date":"2011-01-14T00:00:00","onhand":10}
[demand] reply {"demand":"order 5","attempt":726,"result":false,"quantity":0,"date":"2011-01-16T00:00:00"}
[demand] attempt {"demand":"order 5","attempt":727,"quantity":10,"requestDate":"2011-01-16T00:00:00","lastDate":"2014-01-19T00:00:00"}
[operation] ask {"demand":"order 5","operation":"delivery end item","quantity":10,"end":"2011-01-16T00:00:00"}
[buffer] ask {"demand":null,"buffer":"end item","requested":10,"date":"2011-01-15T00:00:00","onhand":10}
[demand] reply {"demand":"order 5","attempt":727,"result":false,"quantity":0,"date":"2011-01-17T00:00:00"}
[demand] attempt {"demand":"order 5","attempt":728,"quantity":10,"requestDate":"2011-01-17T00:00:00","lastDate":"2014-01-19T00:00:00"}
[operation] ask {"demand":"order 5","operation":"delivery end item","quantity":10,"end":"2011-01-17T00:00:00"}
[buffer] ask {"demand":null,"buffer":"end item","requested":10,"date":"2011-01-16T00:00:00","onhand":10}
[demand] reply {"demand":"order 5","attempt":728,"result":false,"quantity":0,"date":"2011-01-18T00:00:00"}
[demand] attempt {"demand":"order 5","attempt":729,"quantity":10,"requestDate":"2011-01-18T00:00:00","lastDate":"2014-01-19T00:00:00"}
[operation] ask {"demand":"order 5","operation":"delivery end item","quantity":10,"end":"2011-01-18T00:00:00"}
[buffer] ask {"demand":null,"buffer":"end item","requested":10,"date":"2011-01-17T00:00:00","onhand":10}
[demand] reply {"demand":"order 5","attempt":729,"result":false,"quantity":0,"date":"2011-01-19T00:00:00"}
[demand] attempt {"demand":"order 5","attempt":730,"quantity":10,"requestDate":"2011-01-19T00:00:00","lastDate":"2014-01-19T00:00:00"}
[operation] ask {"demand":"order 5","operation":"delivery end item","quantity":10,"end":"2011-01-19T00:00:00"}
[buffer] ask {"demand":null,"buffer":"end item","requested":10,"date":"2011-01-18T00:00:00","onhand":10}
[demand] reply {"demand":"order 5","attempt":730,"result":false,"quantity":0,"date":"2011-01-20T00:00:00"}
[demand] attempt {"demand":"order 5","attempt":731,"quantity":10,"requestDate":"2011-01-20T00:00:00","lastDate":"2014-01-19T00:00:00"}
[operation] ask {"demand":"order 5","operation":"delivery end item","quantity":10,"end":"2011-01-20T00:00:00"}
[buffer] ask {"demand":null,"buffer":"end item","requested":10,"date":"2011-01-19T00:00:00","onhand":10}
[demand] reply {"demand":"order 5","attempt":731,"result":false,"quantity":0,"date":"2011-01-21T00:00:00"}
[demand] attempt {"demand":"order 5","attempt":732,"quantity":10,"requestDate":"2011-01-21T00:00:00","lastDate":"2014-01-19T00:00:00"}
[operation] ask {"demand":"order 5","operation":"delivery end item","quantity":10,"end":"2011-01-21T00:00:00"}
[buffer] ask {"demand":null,"buffer":"end item","requested":10,"date":"2011-01-20T00:00:00","onhand":10}
[demand] reply {"demand":"order 5","attempt":732,"result":false,"quantity":0,"date":"2011-01-22T00:00:00"}
[demand] attempt {"demand":"order 5","attempt":733,"quantity":10,"requestDate":"2011-01-22T00:00:00","lastDate":"2014-01-19T00:00:00"}
[operation] ask {"demand":"order 5","operation":"delivery end item","quantity":10,"end":"2011-01-22T00:00:00"}
[buffer] ask {"demand":null,"buffer":"end item","requested":10,"date":"2011-01-21T00:00:00","onhand":10}
[demand] reply {"demand":"order 5","attempt":733,"result":false,"quantity":0,"date":"2011-01-23T00:00:00"}
[demand] attempt {"demand":"order 5","attempt":734,"quantity":10,"requestDate":"2011-01-23T00:00:00","lastDate":"2014-01-19T00:00:00"}
[operation] ask {"demand":"order 5","operation":"delivery end item","quantity":10,"end":"2011-01-23T00:00:00"}
[buffer] ask {"demand":null,"buffer":"end item","requested":10,"date":"2011-01-22T00:00:00","onhand":10}
[demand] reply {"demand":"order 5","attempt":734,"result":false,"quantity":0,"date":"2011-01-24T00:00:00"}
[demand] attempt {"demand":"order 5","attempt":735,"quantity":10,"requestDate":"2011-01-24T00:00:00","lastDate":"2014-01-19T00:00:00"}
[operation] ask {"demand":"order 5","operation":"delivery end item","quantity":10,"end":"2011-01-24T00:00:00"}
[buffer] ask {"demand":null,"buffer":"end item","requested":10,"date":"2011-01-23T00:00:00","onhand":10}
[demand] reply {"demand":"order 5","attempt":735,"result":false,"quantity":0,"date":"2011-01-25T00:00:00"}
[demand] attempt {"demand":"order 5","attempt":736,"quantity":10,"requestDate":"2011-01-25T00:00:00","lastDate":"2014-01-19T00:00:00"}
[operation] ask {"demand":"order 5","operation":"delivery end item","quantity":10,"end":"2011-01-25T00:00:00"}
[buffer] ask {"demand":null,"buffer":"end item","requested":10,"date":"2011-01-24T00:00:00","onhand":10}
[demand] reply {"demand":"order 5","attempt":736,"result":false,"quantity":0,"date":"2011-01-26T00:00:00"}
[demand] attempt {"demand":"order 5","attempt":737,"quantity":10,"requestDate":"2011-01-26T00:00:00","lastDate":"2014-01-19T00:00:00"}
[operation] ask {"demand":"order 5","operation":"delivery end item","quantity":10,"end":"2011-01-26T00:00:00"}
[buffer] ask {"demand":null,"buffer":"end item","requested":10,"date":"2011-01-25T00:00:00","onhand":10}
[demand] reply {"demand":"order 5","attempt":737,"result":false,"quantity":0,"date":"2011-01-27T00:00:00"}
[demand] attempt {"demand":"order 5","attempt":738,"quantity":10,"requestDate":"2011-01-27T00:00:00","lastDate":"2014-01-19T00:00:00"}
[operation] ask {"demand":"order 5","operation":"delivery end item","quantity":10,"end":"2011-01-27T00:00:00"}
[buffer] ask {"demand":null,"buffer":"end item","requested":10,"date":"2011-01-26T00:00:00","onhand":10}
[demand] reply {"demand":"order 5","attempt":738,"result":false,"quantity":0,"date":"2011-01-28T00:00:00"}
[demand] attempt {"demand":"order 5","attempt":739,"quantity":10,"requestDate":"2011-01-28T00:00:00","lastDate":"2014-01-19T00:00:00"}
[operation] ask {"demand":"order 5","operation":"delivery end item","quantity":10,"end":"2011-01-28T00:00:00"}
[buffer] ask {"demand":null,"buffer":"end item","requested":10,"date":"2011-01-27T00:00:00","onhand":10}
[demand] reply {"demand":"order 5","attempt":739,"result":false,"quantity":0,"date":"2011-01-29T00:00:00"}
[demand] attempt {"demand":"order 5","attempt":740,"quantity":10,"requestDate":"2011-01-29T00:00:00","lastDate":"2014-01-19T00:00:00"}
[operation] ask {"demand":"order 5","operation":"delivery end item","quantity":10,"end":"2011-01-29T00:00:00"}
[buffer] ask {"demand":null,"buffer":"end item","requested":10,"date":"2011-01-28T00:00:00","onhand":10}
[demand] reply {"demand":"order 5","attempt":740,"result":false,"quantity":0,"date":"2011-01-30T00:00:00"}
[demand] attempt {"demand":"order 5","attempt":741,"quantity":10,"requestDate":"2011-01-30T00:00:00","lastDate":"2014-01-19T00:00:00"}
[operation] ask {"demand":"order 5","operation":"delivery end item","quantity":10,"end":"2011-01-30T00:00:00"}
[buffer] ask {"demand":null,"buffer":"end item","requested":10,"date":"2011-01-29T00:00:00","onhand":10}
[demand] reply {"demand":"order 5","attempt":741,"result":false,"quantity":0,"date":"2011-01-31T00:00:00"}
[demand] attempt {"demand":"order 5","attempt":742,"quantity":10,"requestDate":"2011-01-31T00:00:00","lastDate":"2014-01-19T00:00:00"}
[operation] ask {"demand":"order 5","operation":"delivery end item","quantity":10,"end":"2011-01-31T00:00:00"}
[buffer] ask {"demand":null,"buffer":"end item","requested":10,"date":"2011-01-30T00:00:00","onhand":10}
[demand] reply {"demand":"order 5","attempt":742,"result":false,"quantity":0,"date":"2011-02-01T00:00:00"}
[demand] attempt {"demand":"order 5","attempt":743,"quantity":10,"requestDate":"2011-02-01T00:00:00","lastDate":"2014-01-19T00:00:00"}
[operation] ask {"demand":"order 5","operation":"delivery end item","quantity":10,"end":"2011-02-01T00:00:00"}
[buffer] ask {"demand":null,"buffer":"end item","requested":10,"date":"2011-01-31T00:00:00","onhand":10}
[demand] reply {"demand":"order 5","attempt":743,"result":false,"quantity":0,"date":"2011-02-02T00:00:00"}
[demand] attempt {"demand":"order 5","attempt":744,"quantity":10,"requestDate":"2011-02-02T00:00:00","lastDate":"2014-01-19T00:00:00"}
[operation] ask {"demand":"order 5","operation":"delivery end item","quantity":10,"end":"2011-02-02T00:00:00"}
[buffer] ask {"demand":null,"buffer":"end item","requested":10,"date":"2011-02-01T00:00:00","onhand":10}
[demand] reply {"demand":"order 5","attempt":744,"result":false,"quantity":0,"date":"2011-02-03T00:00:00"}
[demand] attempt {"demand":"order 5","attempt":745,"quantity":10,"requestDate":"2011-02-03T00:00:00","lastDate":"2014-01-19T00:00:00"}
[operation] ask {"demand":"order 5","operation":"delivery end item","quantity":10,"end":"2011-02-03T00:00:00"}
[buffer] ask {"demand":null,"buffer":"end item","requested":10,"date":"2011-02-02T00:00:00","onhand":10}
[demand] reply {"demand":"order 5","attempt":745,"result":false,"quantity":0,"date":"2011-02-04T00:00:00"}
[demand] attempt {"demand":"order 5","attempt":746,"quantity":10,"requestDate":"2011-02-04T00:00:00","lastDate":"2014-01-19T00:00:00"}
[operation] ask {"demand":"order 5","operation":"delivery end item","quantity":10,"end":"2011-02-04T00:00:00"}
[buffer] ask {"demand":null,"buffer":"end item","requested":10,"date":"2011-02-03T00:00:00","onhand":10}
[demand] reply {"demand":"order 5","attempt":746,"result":false,"quantity":0,"date":"2011-02-05T00:00:00"}
[demand] attempt {"demand":"order 5","attempt":747,"quantity":10,"requestDate":"2011-02-05T00:00:00","lastDate":"2014-01-19T00:00:00"}
[operation] ask {"demand":"order 5","operation":"delivery end item","quantity":10,"end":"2011-02-05T00:00:00"}
[buffer] ask {"demand":null,"buffer":"end item","requested":10,"date":"2011-02-04T00:00:00","onhand":10}
[demand] reply {"demand":"order 5","attempt":747,"result":false,"quantity":0,"date":"2011-02-06T00:00:00"}
[demand] attempt {"demand":"order 5","attempt":748,"quantity":10,"requestDate":"2011-02-06T00:00:00","lastDate":"2014-01-19T00:00:00"}
[operation] ask {"demand":"order 5","operation":"delivery end item","quantity":10,"end":"2011-02-06T00:00:00"}
[buffer] ask {"demand":null,"buffer":"end item","requested":10,"date":"2011-02-05T00:00:00","onhand":10}
[demand] reply {"demand":"order 5","attempt":748,"result":false,"quantity":0,"date":"2011-02-07T00:00:00"}
[demand] attempt {"demand":"order 5","attempt":749,"quantity":10,"requestDate":"2011-02-07T00:00:00","lastDate":"2014-01-19T00:00:00"}
[operation] ask {"demand":"order 5","operation":"delivery end item","quantity":10,"end":"2011-02-07T00:00:00"}
[buffer] ask {"demand":null,"buffer":"end item","requested":10,"date":"2011-02-06T00:00:00","onhand":10}
[demand] reply {"demand":"order 5","attempt":749,"result":false,"quantity":0,"date":"2011-02-08T00:00:00"}
[demand] attempt {"demand":"order 5","attempt":750,"quantity":10,"requestDate":"2011-02-08T00:00:00","lastDate":"2014-01-19T00:00:00"}
[operation] ask {"demand":"order 5","operation":"delivery end item","quantity":10,"end":"2011-02-08T00:00:00"}
[buffer] ask {"demand":null,"buffer":"end item","requested":10,"date":"2011-02-07T00:00:00","onhand":10}
[demand] reply {"demand":"order 5","attempt":750,"result":false,"quantity":0,"date":"2011-02-09T00:00:00"}
[demand] attempt {"demand":"order 5","attempt":751,"quantity":10,"requestDate":"2011-02-09T00:00:00","lastDate":"2014-01-19T00:00:00"}
[operation] ask {"demand":"order 5","operation":"delivery end item","quantity":10,"end":"2011-02-09T00:00:00"}
[buffer] ask {"demand":null,"buffer":"end item","requested":10,"date":"2011-02-08T00:00:00","onhand":10}
[demand] reply {"demand":"order 5","attempt":751,"result":false,"quantity":0,"date":"2011-02-10T00:00:00"}
[demand] attempt {"demand":"order 5","attempt":752,"quantity":10,"requestDate":"2011-02-10T00:00:00","lastDate":"2014-01-19T00:00:00"}
[operation] ask {"demand":"order 5","operation":"delivery end item","quantity":10,"end":"2011-02-10T00:00:00"}
[buffer] ask {"demand":null,"buffer":"end item","requested":10,"date":"2011-02-09T00:00:00","onhand":10}
[demand] reply {"demand":"order 5","attempt":752,"result":false,"quantity":0,"date":"2011-02-11T00:00:00"}
[demand] attempt {"demand":"order 5","attempt":753,"quantity":10,"requestDate":"2011-02-11T00:00:00","lastDate":"2014-01-19T00:00:00"}
[operation] ask {"demand":"order 5","operation":"delivery end item","quantity":10,"end":"2011-02-11T00:00:00"}
[buffer] ask {"demand":null,"buffer":"end item","requested":10,"date":"2011-02-10T00:00:00","onhand":10}
[demand] reply {"demand":"order 5","attempt":753,"result":false,"quantity":0,"date":"2011-02-12T00:00:00"}
[demand] attempt {"demand":"order 5","attempt":754,"quantity":10,"requestDate":"2011-02-12T00:00:00","lastDate":"2014-01-19T00:00:00"}
[operation] ask {"demand":"order 5","operation":"delivery end item","quantity":10,"end":"2011-02-12T00:00:00"}
[buffer] ask {"demand":null,"buffer":"end item","requested":10,"date":"2011-02-11T00:00:00","onhand":10}
[demand] reply {"demand":"order 5","attempt":754,"result":false,"quantity":0,"date":"2011-02-13T00:00:00"}
[demand] attempt {"demand":"order 5","attempt":755,"quantity":10,"requestDate":"2011-02-13T00:00:00","lastDate":"2014-01-19T00:00:00"}
[operation] ask {"demand":"order 5","operation":"delivery end item","quantity":10,"end":"2011-02-13T00:00:00"}
[buffer] ask {"demand":null,"buffer":"end item","requested":10,"date":"2011-02-12T00:00:00","onhand":10}
[demand] reply {"demand":"order 5","attempt":755,"result":false,"quantity":0,"date":"2011-02-14T00:00:00"}
[demand] attempt {"demand":"order 5","attempt":756,"quantity":10,"requestDate":"2011-02-14T00:00:00","lastDate":"2014-01-19T00:00:00"}
[operation] ask {"demand":"order 5","operation":"delivery end item","quantity":10,"end":"2011-02-14T00:00:00"}
[buffer] ask {"demand":null,"buffer":"end item","requested":10,"date":"2011-02-13T00:00:00","onhand":10}
[demand] reply {"demand":"order 5","attempt":756,"result":false,"quantity":0,"date":"2011-02-15T00:00:00"}
[demand] attempt {"demand":"order 5","attempt":757,"quantity":10,"requestDate":"2011-02-15T00:00:00","lastDate":"2014-01-19T00:00:00"}
[operation] ask {"demand":"order 5","operation":"delivery end item","quantity":10,"end":"2011-02-15T00:00:00"}
[buffer] ask {"demand":null,"buffer":"end item","requested":10,"date":"2011-02-14T00:00:00","onhand":10}
[demand] reply {"demand":"order 5","attempt":757,"result":false,"quantity":0,"date":"2011-02-16T00:00:00"}
[demand] attempt {"demand":"order 5","attempt":758,"quantity":10,"requestDate":"2011-02-16T00:00:00","lastDate":"2014-01-19T00:00:00"}
[operation] ask {"demand":"order 5","operation":"delivery end item","quantity":10,"end":"2011-02-16T00:00:00"}
[buffer] ask {"demand":null,"buffer":"end item","requested":10,"date":"2011-02-15T00:00:00","onhand":10}
[demand] reply {"demand":"order 5","attempt":758,"result":false,"quantity":0,"date":"2011-02-17T00:00:00"}
[demand] attempt {"demand":"order 5","attempt":759,"quantity":10,"requestDate":"2011-02-17T00:00:00","lastDate":"2014-01-19T00:00:00"}
[operation] ask {"demand":"order 5","operation":"delivery end item","quantity":10,"end":"2011-02-17T00:00:00"}
[buffer] ask {"demand":null,"buffer":"end item","requested":10,"date":"2011-02-16T00:00:00","onhand":10}
[demand] reply {"demand":"order 5","attempt":759,"result":false,"quantity":0,"date":"2011-02-18T00:00:00"}
[demand] attempt {"demand":"order 5","attempt":760,"quantity":10,"requestDate":"2011-02-18T00:00:00","lastDate":"2014-01-19T00:00:00"}
[operation] ask {"demand":"order 5","operation":"delivery end item","quantity":10,"end":"2011-02-18T00:00:00"}
[buffer] ask {"demand":null,"buffer":"end item","requested":10,"date":"2011-02-17T00:00:00","onhand":10}
[demand] reply {"demand":"order 5","attempt":760,"result":false,"quantity":0,"date":"2011-02-19T00:00:00"}
[demand] attempt {"demand":"order 5","attempt":761,"quantity":10,"requestDate":"2011-02-19T00:00:00","lastDate":"2014-01-19T00:00:00"}
[operation] ask {"demand":"order 5","operation":"delivery end item","quantity":10,"end":"2011-02-19T00:00:00"}
[buffer] ask {"demand":null,"buffer":"end item","requested":10,"date":"2011-02-18T00:00:00","onhand":10}
[demand] reply {"demand":"order 5","attempt":761,"result":false,"quantity":0,"date":"2011-02-20T00:00:00"}
[demand] attempt {"demand":"order 5","attempt":762,"quantity":10,"requestDate":"2011-02-20T00:00:00","lastDate":"2014-01-19T00:00:00"}
[operation] ask {"demand":"order 5","operation":"delivery end item","quantity":10,"end":"2011-02-20T00:00:00"}
[buffer] ask {"demand":null,"buffer":"end item","requested":10,"date":"2011-02-19T00:00:00","onhand":10}
[demand] reply {"demand":"order 5","attempt":762,"result":false,"quantity":0,"date":"2011-02-21T00:00:00"}
[demand] attempt {"demand":"order 5","attempt":763,"quantity":10,"requestDate":"2011-02-21T00:00:00","lastDate":"2014-01-19T00:00:00"}
[operation] ask {"demand":"order 5","operation":"delivery end item","quantity":10,"end":"2011-02-21T00:00:00"}
[buffer] ask {"demand":null,"buffer":"end item","requested":10,"date":"2011-02-20T00:00:00","onhand":10}
[demand] reply {"demand":"order 5","attempt":763,"result":false,"quantity":0,"date":"2011-02-22T00:00:00"}
[demand] attempt {"demand":"order 5","attempt":764,"quantity":10,"requestDate":"2011-02-22T00:00:00","lastDate":"2014-01-19T00:00:00"}
[operation] ask {"demand":"order 5","operation":"delivery end item","quantity":10,"end":"2011-02-22T00:00:00"}
[buffer] ask {"demand":null,"buffer":"end item","requested":10,"date":"2011-02-21T00:00:00","onhand":10}
[demand] reply {"demand":"order 5","attempt":764,"result":false,"quantity":0,"date":"2011-02-23T00:00:00"}
[demand] attempt {"demand":"order 5","attempt":765,"quantity":10,"requestDate":"2011-02-23T00:00:00","lastDate":"2014-01-19T00:00:00"}
[operation] ask {"demand":"order 5","operation":"delivery end item","quantity":10,"end":"2011-02-23T00:00:00"}
[buffer] ask {"demand":null,"buffer":"end item","requested":10,"date":"2011-02-22T00:00:00","onhand":10}
[demand] reply {"demand":"order 5","attempt":765,"result":false,"quantity":0,"date":"2011-02-24T00:00:00"}
[demand] attempt {"demand":"order 5","attempt":766,"quantity":10,"requestDate":"2011-02-24T00:00:00","lastDate":"2014-01-19T00:00:00"}
[operation] ask {"demand":"order 5","operation":"delivery end item","quantity":10,"end":"2011-02-24T00:00:00"}
[buffer] ask {"demand":null,"buffer":"end item","requested":10,"date":"2011-02-23T00:00:00","onhand":10}
[demand] reply {"demand":"order 5","attempt":766,"result":false,"quantity":0,"date":"2011-02-25T00:00:00"}
[demand] attempt {"demand":"order 5","attempt":767,"quantity":10,"requestDate":"2011-02-25T00:00:00","lastDate":"2014-01-19T00:00:00"}
[operation] ask {"demand":"order 5","operation":"delivery end item","quantity":10,"end":"2011-02-25T00:00:00"}
[buffer] ask {"demand":null,"buffer":"end item","requested":10,"date":"2011-02-24T00:00:00","onhand":10}
[demand] reply {"demand":"order 5","attempt":767,"result":false,"quantity":0,"date":"2011-02-26T00:00:00"}
[demand] attempt {"demand":"order 5","attempt":768,"quantity":10,"requestDate":"2011-02-26T00:00:00","lastDate":"2014-01-19T00:00:00"}
[operation] ask {"demand":"order 5","operation":"delivery end item","quantity":10,"end":"2011-02-26T00:00:00"}
[buffer] ask {"demand":null,"buffer":"end item","requested":10,"date":"2011-02-25T00:00:00","onhand":10}
[demand] reply {"demand":"order 5","attempt":768,"result":false,"quantity":0,"date":"2011-02-27T00:00:00"}
[demand] attempt {"demand":"order 5","attempt":769,"quantity":10,"requestDate":"2011-02-27T00:00:00","lastDate":"2014-01-19T00:00:00"}
[operation] ask {"demand":"order 5","operation":"delivery end item","quantity":10,"end":"2011-02-27T00:00:00"}
[buffer] ask {"demand":null,"buffer":"end item","requested":10,"date":"2011-02-26T00:00:00","onhand":10}
[demand] reply {"demand":"order 5","attempt":769,"result":false,"quantity":0,"date":"2011-02-28T00:00:00"}
[demand] attempt {"demand":"order 5","attempt":770,"quantity":10,"requestDate":"2011-02-28T00:00:00","lastDate":"2014-01-19T00:00:00"}
[operation] ask {"demand":"order 5","operation":"delivery end item","quantity":10,"end":"2011-02-28T00:00:00"}
[buffer] ask {"demand":null,"buffer":"end item","requested":10,"date":"2011-02-27T00:00:00","onhand":10}
[demand] reply {"demand":"order 5","attempt":770,"result":false,"quantity":0,"date":"2011-03-01T00:00:00"}
[demand] attempt {"demand":"order 5","attempt":771,"quantity":10,"requestDate":"2011-03-01T00:00:00","lastDate":"2014-01-19T00:00:00"}
[operation] ask {"demand":"order 5","operation":"delivery end item","quantity":10,"end":"2011-03-01T00:00:00"}
[buffer] ask {"demand":null,"buffer":"end item","requested":10,"date":"2011-02-28T00:00:00","onhand":10}
[demand] reply {"demand":"order 5","attempt":771,"result":false,"quantity":0,"date":"2011-03-02T00:00:00"}
[demand] attempt {"demand":"order 5","attempt":772,"quantity":10,"requestDate":"2011-03-02T00:00:00","lastDate":"2014-01-19T00:00:00"}
[operation] ask {"demand":"order 5","operation":"delivery end item","quantity":10,"end":"2011-03-02T00:00:00"}
[buffer] ask {"demand":null,"buffer":"end item","requested":10,"date":"2011-03-01T00:00:00","onhand":10}
[demand] reply {"demand":"order 5","attempt":772,"result":false,"quantity":0,"date":"2011-03-03T00:00:00"}
[demand] attempt {"demand":"order 5","attempt":773,"quantity":10,"requestDate":"2011-03-03T00:00:00","lastDate":"2014-01-19T00:00:00"}
[operation] ask {"demand":"order 5","operation":"delivery end item","quantity":10,"end":"2011-03-03T00:00:00"}
[buffer] ask {"demand":null,"buffer":"end item","requested":10,"date":"2011-03-02T00:00:00","onhand":10}
[demand] reply {"demand":"order 5","attempt":773,"result":false,"quantity":0,"date":"2011-03-04T00:00:00"}
[demand] attempt {"demand":"order 5","attempt":774,"quantity":10,"requestDate":"2011-03-04T00:00:00","lastDate":"2014-01-19T00:00:00"}
[operation] ask {"demand":"order 5","operation":"delivery end item","quantity":10,"end":"2011-03-04T00:00:00"}
[buffer] ask {"demand":null,"buffer":"end item","requested":10,"date":"2011-03-03T00:00:00","onhand":10}
[demand] reply {"demand":"order 5","attempt":774,"result":false,"quantity":0,"date":"2011-03-05T00:00:00"}
[demand] attempt {"demand":"order 5","attempt":775,"quantity":10,"requestDate":"2011-03-05T00:00:00","lastDate":"2014-01-19T00:00:00"}
[operation] ask {"demand":"order 5","operation":"delivery end item","quantity":10,"end":"2011-03-05T00:00:00"}
[buffer] ask {"demand":null,"buffer":"end item","requested":10,"date":"2011-03-04T00:00:00","onhand":10}
[demand] reply {"demand":"order 5","attempt":775,"result":false,"quantity":0,"date":"2011-03-06T00:00:00"}
[demand] attempt {"demand":"order 5","attempt":776,"quantity":10,"requestDate":"2011-03-06T00:00:00","lastDate":"2014-01-19T00:00:00"}
[operation] ask {"demand":"order 5","operation":"delivery end item","quantity":10,"end":"2011-03-06T00:00:00"}
[buffer] ask {"demand":null,"buffer":"end item","requested":10,"date":"2011-03-05T00:00:00","onhand":10}
[demand] reply {"demand":"order 5","attempt":776,"result":false,"quantity":0,"date":"2011-03-07T00:00:00"}
[demand] attempt {"demand":"order 5","attempt":777,"quantity":10,"requestDate":"2011-03-07T00:00:00","lastDate":"2014-01-19T00:00:00"}
[operation] ask {"demand":"order 5","operation":"delivery end item","quantity":10,"end":"2011-03-07T00:00:00"}
[buffer] ask {"demand":null,"buffer":"end item","requested":10,"date":"2011-03-06T00:00:00","onhand":10}
[demand] reply {"demand":"order 5","attempt":777,"result":false,"quantity":0,"date":"2011-03-08T00:00:00"}
[demand] attempt {"demand":"order 5","attempt":778,"quantity":10,"requestDate":"2011-03-08T00:00:00","lastDate":"2014-01-19T00:00:00"}
[operation] ask {"demand":"order 5","operation":"delivery end item","quantity":10,"end":"2011-03-08T00:00:00"}
[buffer] ask {"demand":null,"buffer":"end item","requested":10,"date":"2011-03-07T00:00:00","onhand":10}
[demand] reply {"demand":"order 5","attempt":778,"result":false,"quantity":0,"date":"2011-03-09T00:00:00"}
[demand] attempt {"demand":"order 5","attempt":779,"quantity":10,"requestDate":"2011-03-09T00:00:00","lastDate":"2014-01-19T00:00:00"}
[operation] ask {"demand":"order 5","operation":"delivery end item","quantity":10,"end":"2011-03-09T00:00:00"}
[buffer] ask {"demand":null,"buffer":"end item","requested":10,"date":"2011-03-08T00:00:00","onhand":10}
[demand] reply {"demand":"order 5","attempt":779,"result":false,"quantity":0,"date":"2011-03-10T00:00:00"}
[demand] attempt {"demand":"order 5","attempt":780,"quantity":10,"requestDate":"2011-03-10T00:00:00","lastDate":"2014-01-19T00:00:00"}
[operation] ask {"demand":"order 5","operation":"delivery end item","quantity":10,"end":"2011-03-10T00:00:00"}
[buffer] ask {"demand":null,"buffer":"end item","requested":10,"date":"2011-03-09T00:00:00","onhand":10}
[demand] reply {"demand":"order 5","attempt":780,"result":false,"quantity":0,"date":"2011-03-11T00:00:00"}
[demand] attempt {"demand":"order 5","attempt":781,"quantity":10,"requestDate":"2011-03-11T00:00:00","lastDate":"2014-01-19T00:00:00"}
[operation] ask {"demand":"order 5","operation":"delivery end item","quantity":10,"end":"2011-03-11T00:00:00"}
[buffer] ask {"demand":null,"buffer":"end item","requested":10,"date":"2011-03-10T00:00:00","onhand":10}
[demand] reply {"demand":"order 5","attempt":781,"result":false,"quantity":0,"date":"2011-03-12T00:00:00"}
[demand] attempt {"demand":"order 5","attempt":782,"quantity":10,"requestDate":"2011-03-12T00:00:00","lastDate":"2014-01-19T00:00:00"}
[operation] ask {"demand":"order 5","operation":"delivery end item","quantity":10,"end":"2011-03-12T00:00:00"}
[buffer] ask {"demand":null,"buffer":"end item","requested":10,"date":"2011-03-11T00:00:00","onhand":10}
[demand] reply {"demand":"order 5","attempt":782,"result":false,"quantity":0,"date":"2011-03-13T00:00:00"}
[demand] attempt {"demand":"order 5","attempt":783,"quantity":10,"requestDate":"2011-03-13T00:00:00","lastDate":"2014-01-19T00:00:00"}
[operation] ask {"demand":"order 5","operation":"delivery end item","quantity":10,"end":"2011-03-13T00:00:00"}
[buffer] ask {"demand":null,"buffer":"end item","requested":10,"date":"2011-03-12T00:00:00","onhand":10}
[demand] reply {"demand":"order 5","attempt":783,"result":false,"quantity":0,"date":"2011-03-14T00:00:00"}
[demand] attempt {"demand":"order 5","attempt":784,"quantity":10,"requestDate":"2011-03-14T00:00:00","lastDate":"2014-01-19T00:00:00"}
[operation] ask {"demand":"order 5","operation":"delivery end item","quantity":10,"end":"2011-03-14T00:00:00"}
[buffer] ask {"demand":null,"buffer":"end item","requested":10,"date":"2011-03-13T00:00:00","onhand":10}
[demand] reply {"demand":"order 5","attempt":784,"result":false,"quantity":0,"date":"2011-03-15T00:00:00"}
[demand] attempt {"demand":"order 5","attempt":785,"quantity":10,"requestDate":"2011-03-15T00:00:00","lastDate":"2014-01-19T00:00:00"}
[operation] ask {"demand":"order 5","operation":"delivery end item","quantity":10,"end":"2011-03-15T00:00:00"}
[buffer] ask {"demand":null,"buffer":"end item","requested":10,"date":"2011-03-14T00:00:00","onhand":10}
[demand] reply {"demand":"order 5","attempt":785,"result":false,"quantity":0,"date":"2011-03-16T00:00:00"}
[demand] attempt {"demand":"order 5","attempt":786,"quantity":10,"requestDate":"2011-03-16T00:00:00","lastDate":"2014-01-19T00:00:00"}
[operation] ask {"demand":"order 5","operation":"delivery end item","quantity":10,"end":"2011-03-16T00:00:00"}
[buffer] ask {"demand":null,"buffer":"end item","requested":10,"date":"2011-03-15T00:00:00","onhand":10}
[demand] reply {"demand":"order 5","attempt":786,"result":false,"quantity":0,"date":"2011-03-17T00:00:00"}
[demand] attempt {"demand":"order 5","attempt":787,"quantity":10,"requestDate":"2011-03-17T00:00:00","lastDate":"2014-01-19T00:00:00"}
[operation] ask {"demand":"order 5","operation":"delivery end item","quantity":10,"end":"2011-03-17T00:00:00"}
[buffer] ask {"demand":null,"buffer":"end item","requested":10,"date":"2011-03-16T00:00:00","onhand":10}
[demand] reply {"demand":"order 5","attempt":787,"result":false,"quantity":0,"date":"2011-03-18T00:00:00"}
[demand] attempt {"demand":"order 5","attempt":788,"quantity":10,"requestDate":"2011-03-18T00:00:00","lastDate":"2014-01-19T00:00:00"}
[operation] ask {"demand":"order 5","operation":"delivery end item","quantity":10,"end":"2011-03-18T00:00:00"}
[buffer] ask {"demand":null,"buffer":"end item","requested":10,"date":"2011-03-17T00:00:00","onhand":10}
[demand] reply {"demand":"order 5","attempt":788,"result":false,"quantity":0,"date":"2011-03-19T00:00:00"}
[demand] attempt {"demand":"order 5","attempt":789,"quantity":10,"requestDate":"2011-03-19T00:00:00","lastDate":"2014-01-19T00:00:00"}
[operation] ask {"demand":"order 5","operation":"delivery end item","quantity":10,"end":"2011-03-19T00:00:00"}
[buffer] ask {"demand":null,"buffer":"end item","requested":10,"date":"2011-03-18T00:00:00","onhand":10}
[demand] reply {"demand":"order 5","attempt":789,"result":false,"quantity":0,"date":"2011-03-20T00:00:00"}
[demand] attempt {"demand":"order 5","attempt":790,"quantity":10,"requestDate":"2011-03-20T00:00:00","lastDate":"2014-01-19T00:00:00"}
[operation] ask {"demand":"order 5","operation":"delivery end item","quantity":10,"end":"2011-03-20T00:00:00"}
[buffer] ask {"demand":null,"buffer":"end item","requested":10,"date":"2011-03-19T00:00:00","onhand":10}
[demand] reply {"demand":"order 5","attempt":790,"result":false,"quantity":0,"date":"2011-03-21T00:00:00"}
[demand] attempt {"demand":"order 5","attempt":791,"quantity":10,"requestDate":"2011-03-21T00:00:00","lastDate":"2014-01-19T00:00:00"}
[operation] ask {"demand":"order 5","operation":"delivery end item","quantity":10,"end":"2011-03-21T00:00:00"}
[buffer] ask {"demand":null,"buffer":"end item","requested":10,"date":"2011-03-20T00:00:00","onhand":10}
[demand] reply {"demand":"order 5","attempt":791,"result":false,"quantity":0,"date":"2011-03-22T00:00:00"}
[demand] attempt {"demand":"order 5","attempt":792,"quantity":10,"requestDate":"2011-03-22T00:00:00","lastDate":"2014-01-19T00:00:00"}
[operation] ask {"demand":"order 5","operation":"delivery end item","quantity":10,"end":"2011-03-22T00:00:00"}
[buffer] ask {"demand":null,"buffer":"end item","requested":10,"date":"2011-03-21T00:00:00","onhand":10}
[demand] reply {"demand":"order 5","attempt":792,"result":false,"quantity":0,"date":"2011-03-23T00:00:00"}
[demand] attempt {"demand":"order 5","attempt":793,"quantity":10,"requestDate":"2011-03-23T00:00:00","lastDate":"2014-01-19T00:00:00"}
[operation] ask {"demand":"order 5","operation":"delivery end item","quantity":10,"end":"2011-03-23T00:00:00"}
[buffer] ask {"demand":null,"buffer":"end item","requested":10,"date":"2011-03-22T00:00:00","onhand":10}
[demand] reply {"demand":"order 5","attempt":793,"result":false,"quantity":0,"date":"2011-03-24T00:00:00"}
[demand] attempt {"demand":"order 5","attempt":794,"quantity":10,"requestDate":"2011-03-24T00:00:00","lastDate":"2014-01-19T00:00:00"}
[operation] ask {"demand":"order 5","operation":"delivery end item","quantity":10,"end":"2011-03-24T00:00:00"}
[buffer] ask {"demand":null,"buffer":"end item","requested":10,"date":"2011-03-23T00:00:00","onhand":10}
[demand] reply {"demand":"order 5","attempt":794,"result":false,"quantity":0,"date":"2011-03-25T00:00:00"}
[demand] attempt {"demand":"order 5","attempt":795,"quantity":10,"requestDate":"2011-03-25T00:00:00","lastDate":"2014-01-19T00:00:00"}
[operation] ask {"demand":"order 5","operation":"delivery end item","quantity":10,"end":"2011-03-25T00:00:00"}
[buffer] ask {"demand":null,"buffer":"end item","requested":10,"date":"2011-03-24T00:00:00","onhand":10}
[demand] reply {"demand":"order 5","attempt":795,"result":false,"quantity":0,"date":"2011-03-26T00:00:00"}
[demand] attempt {"demand":"order 5","attempt":796,"quantity":10,"requestDate":"2011-03-26T00:00:00","lastDate":"2014-01-19T00:00:00"}
[operation] ask {"demand":"order 5","operation":"delivery end item","quantity":10,"end":"2011-03-26T00:00:00"}
[buffer] ask {"demand":null,"buffer":"end item","requested":10,"date":"2011-03-25T00:00:00","onhand":10}
[demand] reply {"demand":"order 5","attempt":796,"result":false,"quantity":0,"date":"2011-03-27T00:00:00"}
[demand] attempt {"demand":"order 5","attempt":797,"quantity":10,"requestDate":"2011-03-27T00:00:00","lastDate":"2014-01-19T00:00:00"}
[operation] ask {"demand":"order 5","operation":"delivery end item","quantity":10,"end":"2011-03-27T00:00:00"}
[buffer] ask {"demand":null,"buffer":"end item","requested":10,"date":"2011-03-26T00:00:00","onhand":10}
[demand] reply {"demand":"order 5","attempt":797,"result":false,"quantity":0,"date":"2011-03-28T00:00:00"}
[demand] attempt {"demand":"order 5","attempt":798,"quantity":10,"requestDate":"2011-03-28T00:00:00","lastDate":"2014-01-19T00:00:00"}
[operation] ask {"demand":"order 5","operation":"delivery end item","quantity":10,"end":"2011-03-28T00:00:00"}
[buffer] ask {"demand":null,"buffer":"end item","requested":10,"date":"2011-03-27T00:00:00","onhand":10}
[demand] reply {"demand":"order 5","attempt":798,"result":false,"quantity":0,"date":"2011-03-29T00:00:00"}
[demand] attempt {"demand":"order 5","attempt":799,"quantity":10,"requestDate":"2011-03-29T00:00:00","lastDate":"2014-01-19T00:00:00"}
[operation] ask {"demand":"order 5","operation":"delivery end item","quantity":10,"end":"2011-03-29T00:00:00"}
[buffer] ask {"demand":null,"buffer":"end item","requested":10,"date":"2011-03-28T00:00:00","onhand":10}
[demand] reply {"demand":"order 5","attempt":799,"result":false,"quantity":0,"date":"2011-03-30T00:00:00"}
[demand] attempt {"demand":"order 5","attempt":800,"quantity":10,"requestDate":"2011-03-30T00:00:00","lastDate":"2014-01-19T00:00:00"}
[operation] ask {"demand":"order 5","operation":"delivery end item","quantity":10,"end":"2011-03-30T00:00:00"}
[buffer] ask {"demand":null,"buffer":"end item","requested":10,"date":"2011-03-29T00:00:00","onhand":10}
[demand] reply {"demand":"order 5","attempt":800,"result":false,"quantity":0,"date":"2011-03-31T00:00:00"}
[demand] attempt {"demand":"order 5","attempt":801,"quantity":10,"requestDate":"2011-03-31T00:00:00","lastDate":"2014-01-19T00:00:00"}
[operation] ask {"demand":"order 5","operation":"delivery end item","quantity":10,"end":"2011-03-31T00:00:00"}
[buffer] ask {"demand":null,"buffer":"end item","requested":10,"date":"2011-03-30T00:00:00","onhand":10}
[demand] reply {"demand":"order 5","attempt":801,"result":false,"quantity":0,"date":"2011-04-01T00:00:00"}
[demand] attempt {"demand":"order 5","attempt":802,"quantity":10,"requestDate":"2011-04-01T00:00:00","lastDate":"2014-01-19T00:00:00"}
[operation] ask {"demand":"order 5","operation":"delivery end item","quantity":10,"end":"2011-04-01T00:00:00"}
[buffer] ask {"demand":null,"buffer":"end item","requested":10,"date":"2011-03-31T00:00:00","onhand":10}
[demand] reply {"demand":"order 5","attempt":802,"result":false,"quantity":0,"date":"2011-04-02T00:00:00"}
[demand] attempt {"demand":"order 5","attempt":803,"quantity":10,"requestDate":"2011-04-02T00:00:00","lastDate":"2014-01-19T00:00:00"}
[operation] ask {"demand":"order 5","operation":"delivery end item","quantity":10,"end":"2011-04-02T00:00:00"}
[buffer] ask {"demand":null,"buffer":"end item","requested":10,"date":"2011-04-01T00:00:00","onhand":10}
[demand] reply {"demand":"order 5","attempt":803,"result":false,"quantity":0,"date":"2011-04-03T00:00:00"}
[demand] attempt {"demand":"order 5","attempt":804,"quantity":10,"requestDate":"2011-04-03T00:00:00","lastDate":"2014-01-19T00:00:00"}
[operation] ask {"demand":"order 5","operation":"delivery end item","quantity":10,"end":"2011-04-03T00:00:00"}
[buffer] ask {"demand":null,"buffer":"end item","requested":10,"date":"2011-04-02T00:00:00","onhand":10}
[demand] reply {"demand":"order 5","attempt":804,"result":false,"quantity":0,"date":"2011-04-04T00:00:00"}
[demand] attempt {"demand":"order 5","attempt":805,"quantity":10,"requestDate":"2011-04-04T00:00:00","lastDate":"2014-01-19T00:00:00"}
[operation] ask {"demand":"order 5","operation":"delivery end item","quantity":10,"end":"2011-04-04T00:00:00"}
[buffer] ask {"demand":null,"buffer":"end item","requested":10,"date":"2011-04-03T00:00:00","onhand":10}
[demand] reply {"demand":"order 5","attempt":805,"result":false,"quantity":0,"date":"2011-04-05T00:00:00"}
[demand] attempt {"demand":"order 5","attempt":806,"quantity":10,"requestDate":"2011-04-05T00:00:00","lastDate":"2014-01-19T00:00:00"}
[operation] ask {"demand":"order 5","operation":"delivery end item","quantity":10,"end":"2011-04-05T00:00:00"}
[buffer] ask {"demand":null,"buffer":"end item","requested":10,"date":"2011-04-04T00:00:00","onhand":10}
[demand] reply {"demand":"order 5","attempt":806,"result":false,"quantity":0,"date":"2011-04-06T00:00:00"}
[demand] attempt {"demand":"order 5","attempt":807,"quantity":10,"requestDate":"2011-04-06T00:00:00","lastDate":"2014-01-19T00:00:00"}
[operation] ask {"demand":"order 5","operation":"delivery end item","quantity":10,"end":"2011-04-06T00:00:00"}
[buffer] ask {"demand":null,"buffer":"end item","requested":10,"date":"2011-04-05T00:00:00","onhand":10}
[demand] reply {"demand":"order 5","attempt":807,"result":false,"quantity":0,"date":"2011-04-07T00:00:00"}
[demand] attempt {"demand":"order 5","attempt":808,"quantity":10,"requestDate":"2011-04-07T00:00:00","lastDate":"2014-01-19T00:00:00"}
[operation] ask {"demand":"order 5","operation":"delivery end item","quantity":10,"end":"2011-04-07T00:00:00"}
[buffer] ask {"demand":null,"buffer":"end item","requested":10,"date":"2011-04-06T00:00:00","onhand":10}
[demand] reply {"demand":"order 5","attempt":808,"result":false,"quantity":0,"date":"2011-04-08T00:00:00"}
[demand] attempt {"demand":"order 5","attempt":809,"quantity":10,"requestDate":"2011-04-08T00:00:00","lastDate":"2014-01-19T00:00:00"}
[operation] ask {"demand":"order 5","operation":"delivery end item","quantity":10,"end":"2011-04-08T00:00:00"}
[buffer] ask {"demand":null,"buffer":"end item","requested":10,"date":"2011-04-07T00:00:00","onhand":10}
[demand] reply {"demand":"order 5","attempt":809,"result":false,"quantity":0,"date":"2011-04-09T00:00:00"}
[demand] attempt {"demand":"order 5","attempt":810,"quantity":10,"requestDate":"2011-04-09T00:00:00","lastDate":"2014-01-19T00:00:00"}
[operation] ask {"demand":"order 5","operation":"delivery end item","quantity":10,"end":"2011-04-09T00:00:00"}
[buffer] ask {"demand":null,"buffer":"end item","requested":10,"date":"2011-04-08T00:00:00","onhand":10}
[demand] reply {"demand":"order 5","attempt":810,"result":false,"quantity":0,"date":"2011-04-10T00:00:00"}
[demand] attempt {"demand":"order 5","attempt":811,"quantity":10,"requestDate":"2011-04-10T00:00:00","lastDate":"2014-01-19T00:00:00"}
[operation] ask {"demand":"order 5","operation":"delivery end item","quantity":10,"end":"2011-04-10T00:00:00"}
[buffer] ask {"demand":null,"buffer":"end item","requested":10,"date":"2011-04-09T00:00:00","onhand":10}
[demand] reply {"demand":"order 5","attempt":811,"result":false,"quantity":0,"date":"2011-04-11T00:00:00"}
[demand] attempt {"demand":"order 5","attempt":812,"quantity":10,"requestDate":"2011-04-11T00:00:00","lastDate":"2014-01-19T00:00:00"}
[operation] ask {"demand":"order 5","operation":"delivery end item","quantity":10,"end":"2011-04-11T00:00:00"}
[buffer] ask {"demand":null,"buffer":"end item","requested":10,"date":"2011-04-10T00:00:00","onhand":10}
[demand] reply {"demand":"order 5","attempt":812,"result":false,"quantity":0,"date":"2011-04-12T00:00:00"}
[demand] attempt {"demand":"order 5","attempt":813,"quantity":10,"requestDate":"2011-04-12T00:00:00","lastDate":"2014-01-19T00:00:00"}
[operation] ask {"demand":"order 5","operation":"delivery end item","quantity":10,"end":"2011-04-12T00:00:00"}
[buffer] ask {"demand":null,"buffer":"end item","requested":10,"date":"2011-04-11T00:00:00","onhand":10}
[demand] reply {"demand":"order 5","attempt":813,"result":false,"quantity":0,"date":"2011-04-13T00:00:00"}
[demand] attempt {"demand":"order 5","attempt":814,"quantity":10,"requestDate":"2011-04-13T00:00:00","lastDate":"2014-01-19T00:00:00"}
[operation] ask {"demand":"order 5","operation":"delivery end item","quantity":10,"end":"2011-04-13T00:00:00"}
[buffer] ask {"demand":null,"buffer":"end item","requested":10,"date":"2011-04-12T00:00:00","onhand":10}
[demand] reply {"demand":"order 5","attempt":814,"result":false,"quantity":0,"date":"2011-04-14T00:00:00"}
[demand] attempt {"demand":"order 5","attempt":815,"quantity":10,"requestDate":"2011-04-14T00:00:00","lastDate":"2014-01-19T00:00:00"}
[operation] ask {"demand":"order 5","operation":"delivery end item","quantity":10,"end":"2011-04-14T00:00:00"}
[buffer] ask {"demand":null,"buffer":"end item","requested":10,"date":"2011-04-13T00:00:00","onhand":10}
[demand] reply {"demand":"order 5","attempt":815,"result":false,"quantity":0,"date":"2011-04-15T00:00:00"}
[demand] attempt {"demand":"order 5","attempt":816,"quantity":10,"requestDate":"2011-04-15T00:00:00","lastDate":"2014-01-19T00:00:00"}
[operation] ask {"demand":"order 5","operation":"delivery end item","quantity":10,"end":"2011-04-15T00:00:00"}
[buffer] ask {"demand":null,"buffer":"end item","requested":10,"date":"2011-04-14T00:00:00","onhand":10}
[demand] reply {"demand":"order 5","attempt":816,"result":false,"quantity":0,"date":"2011-04-16T00:00:00"}
[demand] attempt {"demand":"order 5","attempt":817,"quantity":10,"requestDate":"2011-04-16T00:00:00","lastDate":"2014-01-19T00:00:00"}
[operation] ask {"demand":"order 5","operation":"delivery end item","quantity":10,"end":"2011-04-16T00:00:00"}
[buffer] ask {"demand":null,"buffer":"end item","requested":10,"date":"2011-04-15T00:00:00","onhand":10}
[demand] reply {"demand":"order 5","attempt":817,"result":false,"quantity":0,"date":"2011-04-17T00:00:00"}
[demand] attempt {"demand":"order 5","attempt":818,"quantity":10,"requestDate":"2011-04-17T00:00:00","lastDate":"2014-01-19T00:00:00"}
[operation] ask {"demand":"order 5","operation":"delivery end item","quantity":10,"end":"2011-04-17T00:00:00"}
[buffer] ask {"demand":null,"buffer":"end item","requested":10,"date":"2011-04-16T00:00:00","onhand":10}
[demand] reply {"demand":"order 5","attempt":818,"result":false,"quantity":0,"date":"2011-04-18T00:00:00"}
[demand] attempt {"demand":"order 5","attempt":819,"quantity":10,"requestDate":"2011-04-18T00:00:00","lastDate":"2014-01-19T00:00:00"}
[operation] ask {"demand":"order 5","operation":"delivery end item","quantity":10,"end":"2011-04-18T00:00:00"}
[buffer] ask {"demand":null,"buffer":"end item","requested":10,"date":"2011-04-17T00:00:00","onhand":10}
[demand] reply {"demand":"order 5","attempt":819,"result":false,"quantity":0,"date":"2011-04-19T00:00:00"}
[demand] attempt {"demand":"order 5","attempt":820,"quantity":10,"requestDate":"2011-04-19T00:00:00","lastDate":"2014-01-19T00:00:00"}
[operation] ask {"demand":"order 5","operation":"delivery end item","quantity":10,"end":"2011-04-19T00:00:00"}
[buffer] ask {"demand":null,"buffer":"end item","requested":10,"date":"2011-04-18T00:00:00","onhand":10}
[demand] reply {"demand":"order 5","attempt":820,"result":false,"quantity":0,"date":"2011-04-20T00:00:00"}
[demand] attempt {"demand":"order 5","attempt":821,"quantity":10,"requestDate":"2011-04-20T00:00:00","lastDate":"2014-01-19T00:00:00"}
[operation] ask {"demand":"order 5","operation":"delivery end item","quantity":10,"end":"2011-04-20T00:00:00"}
[buffer] ask {"demand":null,"buffer":"end item","requested":10,"date":"2011-04-19T00:00:00","onhand":10}
[demand] reply {"demand":"order 5","attempt":821,"result":false,"quantity":0,"date":"2011-04-21T00:00:00"}
[demand] attempt {"demand":"order 5","attempt":822,"quantity":10,"requestDate":"2011-04-21T00:00:00","lastDate":"2014-01-19T00:00:00"}
[operation] ask {"demand":"order 5","operation":"delivery end item","quantity":10,"end":"2011-04-21T00:00:00"}
[buffer] ask {"demand":null,"buffer":"end item","requested":10,"date":"2011-04-20T00:00:00","onhand":10}
[demand] reply {"demand":"order 5","attempt":822,"result":false,"quantity":0,"date":"2011-04-22T00:00:00"}
[demand] attempt {"demand":"order 5","attempt":823,"quantity":10,"requestDate":"2011-04-22T00:00:00","lastDate":"2014-01-19T00:00:00"}
[operation] ask {"demand":"order 5","operation":"delivery end item","quantity":10,"end":"2011-04-22T00:00:00"}
[buffer] ask {"demand":null,"buffer":"end item","requested":10,"date":"2011-04-21T00:00:00","onhand":10}
[demand] reply {"demand":"order 5","attempt":823,"result":false,"quantity":0,"date":"2011-04-23T00:00:00"}
[demand] attempt {"demand":"order 5","attempt":824,"quantity":10,"requestDate":"2011-04-23T00:00:00","lastDate":"2014-01-19T00:00:00"}
[operation] ask {"demand":"order 5","operation":"delivery end item","quantity":10,"end":"2011-04-23T00:00:00"}
[buffer] ask {"demand":null,"buffer":"end item","requested":10,"date":"2011-04-22T00:00:00","onhand":10}
[demand] reply {"demand":"order 5","attempt":824,"result":false,"quantity":0,"date":"2011-04-24T00:00:00"}
[demand] attempt {"demand":"order 5","attempt":825,"quantity":10,"requestDate":"2011-04-24T00:00:00","lastDate":"2014-01-19T00:00:00"}
[operation] ask {"demand":"order 5","operation":"delivery end item","quantity":10,"end":"2011-04-24T00:00:00"}
[buffer] ask {"demand":null,"buffer":"end item","requested":10,"date":"2011-04-23T00:00:00","onhand":10}
[demand] reply {"demand":"order 5","attempt":825,"result":false,"quantity":0,"date":"2011-04-25T00:00:00"}
[demand] attempt {"demand":"order 5","attempt":826,"quantity":10,"requestDate":"2011-04-25T00:00:00","lastDate":"2014-01-19T00:00:00"}
[operation] ask {"demand":"order 5","operation":"delivery end item","quantity":10,"end":"2011-04-25T00:00:00"}
[buffer] ask {"demand":null,"buffer":"end item","requested":10,"date":"2011-04-24T00:00:00","onhand":10}
[demand] reply {"demand":"order 5","attempt":826,"result":false,"quantity":0,"date":"2011-04-26T00:00:00"}
[demand] attempt {"demand":"order 5","attempt":827,"quantity":10,"requestDate":"2011-04-26T00:00:00","lastDate":"2014-01-19T00:00:00"}
[operation] ask {"demand":"order 5","operation":"delivery end item","quantity":10,"end":"2011-04-26T00:00:00"}
[buffer] ask {"demand":null,"buffer":"end item","requested":10,"date":"2011-04-25T00:00:00","onhand":10}
[demand] reply {"demand":"order 5","attempt":827,"result":false,"quantity":0,"date":"2011-04-27T00:00:00"}
[demand] attempt {"demand":"order 5","attempt":828,"quantity":10,"requestDate":"2011-04-27T00:00:00","lastDate":"2014-01-19T00:00:00"}
[operation] ask {"demand":"order 5","operation":"delivery end item","quantity":10,"end":"2011-04-27T00:00:00"}
[buffer] ask {"demand":null,"buffer":"end item","requested":10,"date":"2011-04-26T00:00:00","onhand":10}
[demand] reply {"demand":"order 5","attempt":828,"result":false,"quantity":0,"date":"2011-04-28T00:00:00"}
[demand] attempt {"demand":"order 5","attempt":829,"quantity":10,"requestDate":"2011-04-28T00:00:00","lastDate":"2014-01-19T00:00:00"}
[operation] ask {"demand":"order 5","operation":"delivery end item","quantity":10,"end":"2011-04-28T00:00:00"}
[buffer] ask {"demand":null,"buffer":"end item","requested":10,"date":"2011-04-27T00:00:00","onhand":10}
[demand] reply {"demand":"order 5","attempt":829,"result":false,"quantity":0,"date":"2011-04-29T00:00:00"}
[demand] attempt {"demand":"order 5","attempt":830,"quantity":10,"requestDate":"2011-04-29T00:00:00","lastDate":"2014-01-19T00:00:00"}
[operation] ask {"demand":"order 5","operation":"delivery end item","quantity":10,"end":"2011-04-29T00:00:00"}
[buffer] ask {"demand":null,"buffer":"end item","requested":10,"date":"2011-04-28T00:00:00","onhand":10}
[demand] reply {"demand":"order 5","attempt":830,"result":false,"quantity":0,"date":"2011-04-30T00:00:00"}
[demand] attempt {"demand":"order 5","attempt":831,"quantity":10,"requestDate":"2011-04-30T00:00:00","lastDate":"2014-01-19T00:00:00"}
[operation] ask {"demand":"order 5","operation":"delivery end item","quantity":10,"end":"2011-04-30T00:00:00"}
[buffer] ask {"demand":null,"buffer":"end item","requested":10,"date":"2011-04-29T00:00:00","onhand":10}
[demand] reply {"demand":"order 5","attempt":831,"result":false,"quantity":0,"date":"2011-05-01T00:00:00"}
[demand] attempt {"demand":"order 5","attempt":832,"quantity":10,"requestDate":"2011-05-01T00:00:00","lastDate":"2014-01-19T00:00:00"}
[operation] ask {"demand":"order 5","operation":"delivery end item","quantity":10,"end":"2011-05-01T00:00:00"}
[buffer] ask {"demand":null,"buffer":"end item","requested":10,"date":"2011-04-30T00:00:00","onhand":10}
[demand] reply {"demand":"order 5","attempt":832,"result":false,"quantity":0,"date":"2011-05-02T00:00:00"}
[demand] attempt {"demand":"order 5","attempt":833,"quantity":10,"requestDate":"2011-05-02T00:00:00","lastDate":"2014-01-19T00:00:00"}
[operation] ask {"demand":"order 5","operation":"delivery end item","quantity":10,"end":"2011-05-02T00:00:00"}
[buffer] ask {"demand":null,"buffer":"end item","requested":10,"date":"2011-05-01T00:00:00","onhand":10}
[demand] reply {"demand":"order 5","attempt":833,"result":false,"quantity":0,"date":"2011-05-03T00:00:00"}
[demand] attempt {"demand":"order 5","attempt":834,"quantity":10,"requestDate":"2011-05-03T00:00:00","lastDate":"2014-01-19T00:00:00"}
[operation] ask {"demand":"order 5","operation":"delivery end item","quantity":10,"end":"2011-05-03T00:00:00"}
[buffer] ask {"demand":null,"buffer":"end item","requested":10,"date":"2011-05-02T00:00:00","onhand":10}
[demand] reply {"demand":"order 5","attempt":834,"result":false,"quantity":0,"date":"2011-05-04T00:00:00"}
[demand] attempt {"demand":"order 5","attempt":835,"quantity":10,"requestDate":"2011-05-04T00:00:00","lastDate":"2014-01-19T00:00:00"}
[operation] ask {"demand":"order 5","operation":"delivery end item","quantity":10,"end":"2011-05-04T00:00:00"}
[buffer] ask {"demand":null,"buffer":"end item","requested":10,"date":"2011-05-03T00:00:00","onhand":10}
[demand] reply {"demand":"order 5","attempt":835,"result":false,"quantity":0,"date":"2011-05-05T00:00:00"}
[demand] attempt {"demand":"order 5","attempt":836,"quantity":10,"requestDate":"2011-05-05T00:00:00","lastDate":"2014-01-19T00:00:00"}
[operation] ask {"demand":"order 5","operation":"delivery end item","quantity":10,"end":"2011-05-05T00:00:00"}
[buffer] ask {"demand":null,"buffer":"end item","requested":10,"date":"2011-05-04T00:00:00","onhand":10}
[demand] reply {"demand":"order 5","attempt":836,"result":false,"quantity":0,"date":"2011-05-06T00:00:00"}
[demand] attempt {"demand":"order 5","attempt":837,"quantity":10,"requestDate":"2011-05-06T00:00:00","lastDate":"2014-01-19T00:00:00"}
[operation] ask {"demand":"order 5","operation":"delivery end item","quantity":10,"end":"2011-05-06T00:00:00"}
[buffer] ask {"demand":null,"buffer":"end item","requested":10,"date":"2011-05-05T00:00:00","onhand":10}
[demand] reply {"demand":"order 5","attempt":837,"result":false,"quantity":0,"date":"2011-05-07T00:00:00"}
[demand] attempt {"demand":"order 5","attempt":838,"quantity":10,"requestDate":"2011-05-07T00:00:00","lastDate":"2014-01-19T00:00:00"}
[operation] ask {"demand":"order 5","operation":"delivery end item","quantity":10,"end":"2011-05-07T00:00:00"}
[buffer] ask {"demand":null,"buffer":"end item","requested":10,"date":"2011-05-06T00:00:00","onhand":10}
[demand] reply {"demand":"order 5","attempt":838,"result":false,"quantity":0,"date":"2011-05-08T00:00:00"}
[demand] attempt {"demand":"order 5","attempt":839,"quantity":10,"requestDate":"2011-05-08T00:00:00","lastDate":"2014-01-19T00:00:00"}
[operation] ask {"demand":"order 5","operation":"delivery end item","quantity":10,"end":"2011-05-08T00:00:00"}
[buffer] ask {"demand":null,"buffer":"end item","requested":10,"date":"2011-05-07T00:00:00","onhand":10}
[demand] reply {"demand":"order 5","attempt":839,"result":false,"quantity":0,"date":"2011-05-09T00:00:00"}
[demand] attempt {"demand":"order 5","attempt":840,"quantity":10,"requestDate":"2011-05-09T00:00:00","lastDate":"2014-01-19T00:00:00"}
[operation] ask {"demand":"order 5","operation":"delivery end item","quantity":10,"end":"2011-05-09T00:00:00"}
[buffer] ask {"demand":null,"buffer":"end item","requested":10,"date":"2011-05-08T00:00:00","onhand":10}
[demand] reply {"demand":"order 5","attempt":840,"result":false,"quantity":0,"date":"2011-05-10T00:00:00"}
[demand] attempt {"demand":"order 5","attempt":841,"quantity":10,"requestDate":"2011-05-10T00:00:00","lastDate":"2014-01-19T00:00:00"}
[operation] ask {"demand":"order 5","operation":"delivery end item","quantity":10,"end":"2011-05-10T00:00:00"}
[buffer] ask {"demand":null,"buffer":"end item","requested":10,"date":"2011-05-09T00:00:00","onhand":10}
[demand] reply {"demand":"order 5","attempt":841,"result":false,"quantity":0,"date":"2011-05-11T00:00:00"}
[demand] attempt {"demand":"order 5","attempt":842,"quantity":10,"requestDate":"2011-05-11T00:00:00","lastDate":"2014-01-19T00:00:00"}
[operation] ask {"demand":"order 5","operation":"delivery end item","quantity":10,"end":"2011-05-11T00:00:00"}
[buffer] ask {"demand":null,"buffer":"end item","requested":10,"date":"2011-05-10T00:00:00","onhand":10}
[demand] reply {"demand":"order 5","attempt":842,"result":false,"quantity":0,"date":"2011-05-12T00:00:00"}
[demand] attempt {"demand":"order 5","attempt":843,"quantity":10,"requestDate":"2011-05-12T00:00:00","lastDate":"2014-01-19T00:00:00"}
[operation] ask {"demand":"order 5","operation":"delivery end item","quantity":10,"end":"2011-05-12T00:00:00"}
[buffer] ask {"demand":null,"buffer":"end item","requested":10,"date":"2011-05-11T00:00:00","onhand":10}
[demand] reply {"demand":"order 5","attempt":843,"result":false,"quantity":0,"date":"2011-05-13T00:00:00"}
[demand] attempt {"demand":"order 5","attempt":844,"quantity":10,"requestDate":"2011-05-13T00:00:00","lastDate":"2014-01-19T00:00:00"}
[operation] ask {"demand":"order 5","operation":"delivery end item","quantity":10,"end":"2011-05-13T00:00:00"}
[buffer] ask {"demand":null,"buffer":"end item","requested":10,"date":"2011-05-12T00:00:00","onhand":10}
[demand] reply {"demand":"order 5","attempt":844,"result":false,"quantity":0,"date":"2011-05-14T00:00:00"}
[demand] attempt {"demand":"order 5","attempt":845,"quantity":10,"requestDate":"2011-05-14T00:00:00","lastDate":"2014-01-19T00:00:00"}
[operation] ask {"demand":"order 5","operation":"delivery end item","quantity":10,"end":"2011-05-14T00:00:00"}
[buffer] ask {"demand":null,"buffer":"end item","requested":10,"date":"2011-05-13T00:00:00","onhand":10}
[demand] reply {"demand":"order 5","attempt":845,"result":false,"quantity":0,"date":"2011-05-15T00:00:00"}
[demand] attempt {"demand":"order 5","attempt":846,"quantity":10,"requestDate":"2011-05-15T00:00:00","lastDate":"2014-01-19T00:00:00"}
[operation] ask {"demand":"order 5","operation":"delivery end item","quantity":10,"end":"2011-05-15T00:00:00"}
[buffer] ask {"demand":null,"buffer":"end item","requested":10,"date":"2011-05-14T00:00:00","onhand":10}
[demand] reply {"demand":"order 5","attempt":846,"result":false,"quantity":0,"date":"2011-05-16T00:00:00"}
[demand] attempt {"demand":"order 5","attempt":847,"quantity":10,"requestDate":"2011-05-16T00:00:00","lastDate":"2014-01-19T00:00:00"}
[operation] ask {"demand":"order 5","operation":"delivery end item","quantity":10,"end":"2011-05-16T00:00:00"}
[buffer] ask {"demand":null,"buffer":"end item","requested":10,"date":"2011-05-15T00:00:00","onhand":10}
[demand] reply {"demand":"order 5","attempt":847,"result":false,"quantity":0,"date":"2011-05-17T00:00:00"}
[demand] attempt {"demand":"order 5","attempt":848,"quantity":10,"requestDate":"2011-05-17T00:00:00","lastDate":"2014-01-19T00:00:00"}
[operation] ask {"demand":"order 5","operation":"delivery end item","quantity":10,"end":"2011-05-17T00:00:00"}
[buffer] ask {"demand":null,"buffer":"end item","requested":10,"date":"2011-05-16T00:00:00","onhand":10}
[demand] reply {"demand":"order 5","attempt":848,"result":false,"quantity":0,"date":"2011-05-18T00:00:00"}
[demand] attempt {"demand":"order 5","attempt":849,"quantity":10,"requestDate":"2011-05-18T00:00:00","lastDate":"2014-01-19T00:00:00"}
[operation] ask {"demand":"order 5","operation":"delivery end item","quantity":10,"end":"2011-05-18T00:00:00"}
[buffer] ask {"demand":null,"buffer":"end item","requested":10,"date":"2011-05-17T00:00:00","onhand":10}
[demand] reply {"demand":"order 5","attempt":849,"result":false,"quantity":0,"date":"2011-05-19T00:00:00"}
[demand] attempt {"demand":"order 5","attempt":850,"quantity":10,"requestDate":"2011-05-19T00:00:00","lastDate":"2014-01-19T00:00:00"}
[operation] ask {"demand":"order 5","operation":"delivery end item","quantity":10,"end":"2011-05-19T00:00:00"}
[buffer] ask {"demand":null,"buffer":"end item","requested":10,"date":"2011-05-18T00:00:00","onhand":10}
[demand] reply {"demand":"order 5","attempt":850,"result":false,"quantity":0,"date":"2011-05-20T00:00:00"}
[demand] attempt {"demand":"order 5","attempt":851,"quantity":10,"requestDate":"2011-05-20T00:00:00","lastDate":"2014-01-19T00:00:00"}
[operation] ask {"demand":"order 5","operation":"delivery end item","quantity":10,"end":"2011-05-20T00:00:00"}
[buffer] ask {"demand":null,"buffer":"end item","requested":10,"date":"2011-05-19T00:00:00","onhand":10}
[demand] reply {"demand":"order 5","attempt":851,"result":false,"quantity":0,"date":"2011-05-21T00:00:00"}
[demand] attempt {"demand":"order 5","attempt":852,"quantity":10,"requestDate":"2011-05-21T00:00:00","lastDate":"2014-01-19T00:00:00"}
[operation] ask {"demand":"order 5","operation":"delivery end item","quantity":10,"end":"2011-05-21T00:00:00"}
[buffer] ask {"demand":null,"buffer":"end item","requested":10,"date":"2011-05-20T00:00:00","onhand":10}
[demand] reply {"demand":"order 5","attempt":852,"result":false,"quantity":0,"date":"2011-05-22T00:00:00"}
[demand] attempt {"demand":"order 5","attempt":853,"quantity":10,"requestDate":"2011-05-22T00:00:00","lastDate":"2014-01-19T00:00:00"}
[operation] ask {"demand":"order 5","operation":"delivery end item","quantity":10,"end":"2011-05-22T00:00:00"}
[buffer] ask {"demand":null,"buffer":"end item","requested":10,"date":"2011-05-21T00:00:00","onhand":10}
[demand] reply {"demand":"order 5","attempt":853,"result":false,"quantity":0,"date":"2011-05-23T00:00:00"}
[demand] attempt {"demand":"order 5","attempt":854,"quantity":10,"requestDate":"2011-05-23T00:00:00","lastDate":"2014-01-19T00:00:00"}
[operation] ask {"demand":"order 5","operation":"delivery end item","quantity":10,"end":"2011-05-23T00:00:00"}
[buffer] ask {"demand":null,"buffer":"end item","requested":10,"date":"2011-05-22T00:00:00","onhand":10}
[demand] reply {"demand":"order 5","attempt":854,"result":false,"quantity":0,"date":"2011-05-24T00:00:00"}
[demand] attempt {"demand":"order 5","attempt":855,"quantity":10,"requestDate":"2011-05-24T00:00:00","lastDate":"2014-01-19T00:00:00"}
[operation] ask {"demand":"order 5","operation":"delivery end item","quantity":10,"end":"2011-05-24T00:00:00"}
[buffer] ask {"demand":null,"buffer":"end item","requested":10,"date":"2011-05-23T00:00:00","onhand":10}
[demand] reply {"demand":"order 5","attempt":855,"result":false,"quantity":0,"date":"2011-05-25T00:00:00"}
[demand] attempt {"demand":"order 5","attempt":856,"quantity":10,"requestDate":"2011-05-25T00:00:00","lastDate":"2014-01-19T00:00:00"}
[operation] ask {"demand":"order 5","operation":"delivery end item","quantity":10,"end":"2011-05-25T00:00:00"}
[buffer] ask {"demand":null,"buffer":"end item","requested":10,"date":"2011-05-24T00:00:00","onhand":10}
[demand] reply {"demand":"order 5","attempt":856,"result":false,"quantity":0,"date":"2011-05-26T00:00:00"}
[demand] attempt {"demand":"order 5","attempt":857,"quantity":10,"requestDate":"2011-05-26T00:00:00","lastDate":"2014-01-19T00:00:00"}
[operation] ask {"demand":"order 5","operation":"delivery end item","quantity":10,"end":"2011-05-26T00:00:00"}
[buffer] ask {"demand":null,"buffer":"end item","requested":10,"date":"2011-05-25T00:00:00","onhand":10}
[demand] reply {"demand":"order 5","attempt":857,"result":false,"quantity":0,"date":"2011-05-27T00:00:00"}
[demand] attempt {"demand":"order 5","attempt":858,"quantity":10,"requestDate":"2011-05-27T00:00:00","lastDate":"2014-01-19T00:00:00"}
[operation] ask {"demand":"order 5","operation":"delivery end item","quantity":10,"end":"2011-05-27T00:00:00"}
[buffer] ask {"demand":null,"buffer":"end item","requested":10,"date":"2011-05-26T00:00:00","onhand":10}
[demand] reply {"demand":"order 5","attempt":858,"result":false,"quantity":0,"date":"2011-05-28T00:00:00"}
[demand] attempt {"demand":"order 5","attempt":859,"quantity":10,"requestDate":"2011-05-28T00:00:00","lastDate":"2014-01-19T00:00:00"}
[operation] ask {"demand":"order 5","operation":"delivery end item","quantity":10,"end":"2011-05-28T00:00:00"}
[buffer] ask {"demand":null,"buffer":"end item","requested":10,"date":"2011-05-27T00:00:00","onhand":10}
[demand] reply {"demand":"order 5","attempt":859,"result":false,"quantity":0,"date":"2011-05-29T00:00:00"}
[demand] attempt {"demand":"order 5","attempt":860,"quantity":10,"requestDate":"2011-05-29T00:00:00","lastDate":"2014-01-19T00:00:00"}
[operation] ask {"demand":"order 5","operation":"delivery end item","quantity":10,"end":"2011-05-29T00:00:00"}
[buffer] ask {"demand":null,"buffer":"end item","requested":10,"date":"2011-05-28T00:00:00","onhand":10}
[demand] reply {"demand":"order 5","attempt":860,"result":false,"quantity":0,"date":"2011-05-30T00:00:00"}
[demand] attempt {"demand":"order 5","attempt":861,"quantity":10,"requestDate":"2011-05-30T00:00:00","lastDate":"2014-01-19T00:00:00"}
[operation] ask {"demand":"order 5","operation":"delivery end item","quantity":10,"end":"2011-05-30T00:00:00"}
[buffer] ask {"demand":null,"buffer":"end item","requested":10,"date":"2011-05-29T00:00:00","onhand":10}
[demand] reply {"demand":"order 5","attempt":861,"result":false,"quantity":0,"date":"2011-05-31T00:00:00"}
[demand] attempt {"demand":"order 5","attempt":862,"quantity":10,"requestDate":"2011-05-31T00:00:00","lastDate":"2014-01-19T00:00:00"}
[operation] ask {"demand":"order 5","operation":"delivery end item","quantity":10,"end":"2011-05-31T00:00:00"}
[buffer] ask {"demand":null,"buffer":"end item","requested":10,"date":"2011-05-30T00:00:00","onhand":10}
[demand] reply {"demand":"order 5","attempt":862,"result":false,"quantity":0,"date":"2011-06-01T00:00:00"}
[demand] attempt {"demand":"order 5","attempt":863,"quantity":10,"requestDate":"2011-06-01T00:00:00","lastDate":"2014-01-19T00:00:00"}
[operation] ask {"demand":"order 5","operation":"delivery end item","quantity":10,"end":"2011-06-01T00:00:00"}
[buffer] ask {"demand":null,"buffer":"end item","requested":10,"date":"2011-05-31T00:00:00","onhand":10}
[demand] reply {"demand":"order 5","attempt":863,"result":false,"quantity":0,"date":"2011-06-02T00:00:00"}
[demand] attempt {"demand":"order 5","attempt":864,"quantity":10,"requestDate":"2011-06-02T00:00:00","lastDate":"2014-01-19T00:00:00"}
[operation] ask {"demand":"order 5","operation":"delivery end item","quantity":10,"end":"2011-06-02T00:00:00"}
[buffer] ask {"demand":null,"buffer":"end item","requested":10,"date":"2011-06-01T00:00:00","onhand":10}
[demand] reply {"demand":"order 5","attempt":864,"result":false,"quantity":0,"date":"2011-06-03T00:00:00"}
[demand] attempt {"demand":"order 5","attempt":865,"quantity":10,"requestDate":"2011-06-03T00:00:00","lastDate":"2014-01-19T00:00:00"}
[operation] ask {"demand":"order 5","operation":"delivery end item","quantity":10,"end":"2011-06-03T00:00:00"}
[buffer] ask {"demand":null,"buffer":"end item","requested":10,"date":"2011-06-02T00:00:00","onhand":10}
[demand] reply {"demand":"order 5","attempt":865,"result":false,"quantity":0,"date":"2011-06-04T00:00:00"}
[demand] attempt {"demand":"order 5","attempt":866,"quantity":10,"requestDate":"2011-06-04T00:00:00","lastDate":"2014-01-19T00:00:00"}
[operation] ask {"demand":"order 5","operation":"delivery end item","quantity":10,"end":"2011-06-04T00:00:00"}
[buffer] ask {"demand":null,"buffer":"end item","requested":10,"date":"2011-06-03T00:00:00","onhand":10}
[demand] reply {"demand":"order 5","attempt":866,"result":false,"quantity":0,"date":"2011-06-05T00:00:00"}
[demand] attempt {"demand":"order 5","attempt":867,"quantity":10,"requestDate":"2011-06-05T00:00:00","lastDate":"2014-01-19T00:00:00"}
[operation] ask {"demand":"order 5","operation":"delivery end item","quantity":10,"end":"2011-06-05T00:00:00"}
[buffer] ask {"demand":null,"buffer":"end item","requested":10,"date":"2011-06-04T00:00:00","onhand":10}
[demand] reply {"demand":"order 5","attempt":867,"result":false,"quantity":0,"date":"2011-06-06T00:00:00"}
[demand] attempt {"demand":"order 5","attempt":868,"quantity":10,"requestDate":"2011-06-06T00:00:00","lastDate":"2014-01-19T00:00:00"}
[operation] ask {"demand":"order 5","operation":"delivery end item","quantity":10,"end":"2011-06-06T00:00:00"}
[buffer] ask {"demand":null,"buffer":"end item","requested":10,"date":"2011-06-05T00:00:00","onhand":10}
[demand] reply {"demand":"order 5","attempt":868,"result":false,"quantity":0,"date":"2011-06-07T00:00:00"}
[demand] attempt {"demand":"order 5","attempt":869,"quantity":10,"requestDate":"2011-06-07T00:00:00","lastDate":"2014-01-19T00:00:00"}
[operation] ask {"demand":"order 5","operation":"delivery end item","quantity":10,"end":"2011-06-07T00:00:00"}
[buffer] ask {"demand":null,"buffer":"end item","requested":10,"date":"2011-06-06T00:00:00","onhand":10}
[demand] reply {"demand":"order 5","attempt":869,"result":false,"quantity":0,"date":"2011-06-08T00:00:00"}
[demand] attempt {"demand":"order 5","attempt":870,"quantity":10,"requestDate":"2011-06-08T00:00:00","lastDate":"2014-01-19T00:00:00"}
[operation] ask {"demand":"order 5","operation":"delivery end item","quantity":10,"end":"2011-06-08T00:00:00"}
[buffer] ask {"demand":null,"buffer":"end item","requested":10,"date":"2011-06-07T00:00:00","onhand":10}
[demand] reply {"demand":"order 5","attempt":870,"result":false,"quantity":0,"date":"2011-06-09T00:00:00"}
[demand] attempt {"demand":"order 5","attempt":871,"quantity":10,"requestDate":"2011-06-09T00:00:00","lastDate":"2014-01-19T00:00:00"}
[operation] ask {"demand":"order 5","operation":"delivery end item","quantity":10,"end":"2011-06-09T00:00:00"}
[buffer] ask {"demand":null,"buffer":"end item","requested":10,"date":"2011-06-08T00:00:00","onhand":10}
[demand] reply {"demand":"order 5","attempt":871,"result":false,"quantity":0,"date":"2011-06-10T00:00:00"}
[demand] attempt {"demand":"order 5","attempt":872,"quantity":10,"requestDate":"2011-06-10T00:00:00","lastDate":"2014-01-19T00:00:00"}
[operation] ask {"demand":"order 5","operation":"delivery end item","quantity":10,"end":"2011-06-10T00:00:00"}
[buffer] ask {"demand":null,"buffer":"end item","requested":10,"date":"2011-06-09T00:00:00","onhand":10}
[demand] reply {"demand":"order 5","attempt":872,"result":false,"quantity":0,"date":"2011-06-11T00:00:00"}
[demand] attempt {"demand":"order 5","attempt":873,"quantity":10,"requestDate":"2011-06-11T00:00:00","lastDate":"2014-01-19T00:00:00"}
[operation] ask {"demand":"order 5","operation":"delivery end item","quantity":10,"end":"2011-06-11T00:00:00"}
[buffer] ask {"demand":null,"buffer":"end item","requested":10,"date":"2011-06-10T00:00:00","onhand":10}
[demand] reply {"demand":"order 5","attempt":873,"result":false,"quantity":0,"date":"2011-06-12T00:00:00"}
[demand] attempt {"demand":"order 5","attempt":874,"quantity":10,"requestDate":"2011-06-12T00:00:00","lastDate":"2014-01-19T00:00:00"}
[operation] ask {"demand":"order 5","operation":"delivery end item","quantity":10,"end":"2011-06-12T00:00:00"}
[buffer] ask {"demand":null,"buffer":"end item","requested":10,"date":"2011-06-11T00:00:00","onhand":10}
[demand] reply {"demand":"order 5","attempt":874,"result":false,"quantity":0,"date":"2011-06-13T00:00:00"}
[demand] attempt {"demand":"order 5","attempt":875,"quantity":10,"requestDate":"2011-06-13T00:00:00","lastDate":"2014-01-19T00:00:00"}
[operation] ask {"demand":"order 5","operation":"delivery end item","quantity":10,"end":"2011-06-13T00:00:00"}
[buffer] ask {"demand":null,"buffer":"end item","requested":10,"date":"2011-06-12T00:00:00","onhand":10}
[demand] reply {"demand":"order 5","attempt":875,"result":false,"quantity":0,"date":"2011-06-14T00:00:00"}
[demand] attempt {"demand":"order 5","attempt":876,"quantity":10,"requestDate":"2011-06-14T00:00:00","lastDate":"2014-01-19T00:00:00"}
[operation] ask {"demand":"order 5","operation":"delivery end item","quantity":10,"end":"2011-06-14T00:00:00"}
[buffer] ask {"demand":null,"buffer":"end item","requested":10,"date":"2011-06-13T00:00:00","onhand":10}
[demand] reply {"demand":"order 5","attempt":876,"result":false,"quantity":0,"date":"2011-06-15T00:00:00"}
[demand] attempt {"demand":"order 5","attempt":877,"quantity":10,"requestDate":"2011-06-15T00:00:00","lastDate":"2014-01-19T00:00:00"}
[operation] ask {"demand":"order 5","operation":"delivery end item","quantity":10,"end":"2011-06-15T00:00:00"}
[buffer] ask {"demand":null,"buffer":"end item","requested":10,"date":"2011-06-14T00:00:00","onhand":10}
[demand] reply {"demand":"order 5","attempt":877,"result":false,"quantity":0,"date":"2011-06-16T00:00:00"}
[demand] attempt {"demand":"order 5","attempt":878,"quantity":10,"requestDate":"2011-06-16T00:00:00","lastDate":"2014-01-19T00:00:00"}
[operation] ask {"demand":"order 5","operation":"delivery end item","quantity":10,"end":"2011-06-16T00:00:00"}
[buffer] ask {"demand":null,"buffer":"end item","requested":10,"date":"2011-06-15T00:00:00","onhand":10}
[demand] reply {"demand":"order 5","attempt":878,"result":false,"quantity":0,"date":"2011-06-17T00:00:00"}
[demand] attempt {"demand":"order 5","attempt":879,"quantity":10,"requestDate":"2011-06-17T00:00:00","lastDate":"2014-01-19T00:00:00"}
[operation] ask {"demand":"order 5","operation":"delivery end item","quantity":10,"end":"2011-06-17T00:00:00"}
[buffer] ask {"demand":null,"buffer":"end item","requested":10,"date":"2011-06-16T00:00:00","onhand":10}
[demand] reply {"demand":"order 5","attempt":879,"result":false,"quantity":0,"date":"2011-06-18T00:00:00"}
[demand] attempt {"demand":"order 5","attempt":880,"quantity":10,"requestDate":"2011-06-18T00:00:00","lastDate":"2014-01-19T00:00:00"}
[operation] ask {"demand":"order 5","operation":"delivery end item","quantity":10,"end":"2011-06-18T00:00:00"}
[buffer] ask {"demand":null,"buffer":"end item","requested":10,"date":"2011-06-17T00:00:00","onhand":10}
[demand] reply {"demand":"order 5","attempt":880,"result":false,"quantity":0,"date":"2011-06-19T00:00:00"}
[demand] attempt {"demand":"order 5","attempt":881,"quantity":10,"requestDate":"2011-06-19T00:00:00","lastDate":"2014-01-19T00:00:00"}
[operation] ask {"demand":"order 5","operation":"delivery end item","quantity":10,"end":"2011-06-19T00:00:00"}
[buffer] ask {"demand":null,"buffer":"end item","requested":10,"date":"2011-06-18T00:00:00","onhand":10}
[demand] reply {"demand":"order 5","attempt":881,"result":false,"quantity":0,"date":"2011-06-20T00:00:00"}
[demand] attempt {"demand":"order 5","attempt":882,"quantity":10,"requestDate":"2011-06-20T00:00:00","lastDate":"2014-01-19T00:00:00"}
[operation] ask {"demand":"order 5","operation":"delivery end item","quantity":10,"end":"2011-06-20T00:00:00"}
[buffer] ask {"demand":null,"buffer":"end item","requested":10,"date":"2011-06-19T00:00:00","onhand":10}
[demand] reply {"demand":"order 5","attempt":882,"result":false,"quantity":0,"date":"2011-06-21T00:00:00"}
[demand] attempt {"demand":"order 5","attempt":883,"quantity":10,"requestDate":"2011-06-21T00:00:00","lastDate":"2014-01-19T00:00:00"}
[operation] ask {"demand":"order 5","operation":"delivery end item","quantity":10,"end":"2011-06-21T00:00:00"}
[buffer] ask {"demand":null,"buffer":"end item","requested":10,"date":"2011-06-20T00:00:00","onhand":10}
[demand] reply {"demand":"order 5","attempt":883,"result":false,"quantity":0,"date":"2011-06-22T00:00:00"}
[demand] attempt {"demand":"order 5","attempt":884,"quantity":10,"requestDate":"2011-06-22T00:00:00","lastDate":"2014-01-19T00:00:00"}
[operation] ask {"demand":"order 5","operation":"delivery end item","quantity":10,"end":"2011-06-22T00:00:00"}
[buffer] ask {"demand":null,"buffer":"end item","requested":10,"date":"2011-06-21T00:00:00","onhand":10}
[demand] reply {"demand":"order 5","attempt":884,"result":false,"quantity":0,"date":"2011-06-23T00:00:00"}
[demand] attempt {"demand":"order 5","attempt":885,"quantity":10,"requestDate":"2011-06-23T00:00:00","lastDate":"2014-01-19T00:00:00"}
[operation] ask {"demand":"order 5","operation":"delivery end item","quantity":10,"end":"2011-06-23T00:00:00"}
[buffer] ask {"demand":null,"buffer":"end item","requested":10,"date":"2011-06-22T00:00:00","onhand":10}
[demand] reply {"demand":"order 5","attempt":885,"result":false,"quantity":0,"date":"2011-06-24T00:00:00"}
[demand] attempt {"demand":"order 5","attempt":886,"quantity":10,"requestDate":"2011-06-24T00:00:00","lastDate":"2014-01-19T00:00:00"}
[operation] ask {"demand":"order 5","operation":"delivery end item","quantity":10,"end":"2011-06-24T00:00:00"}
[buffer] ask {"demand":null,"buffer":"end item","requested":10,"date":"2011-06-23T00:00:00","onhand":10}
[demand] reply {"demand":"order 5","attempt":886,"result":false,"quantity":0,"date":"2011-06-25T00:00:00"}
[demand] attempt {"demand":"order 5","attempt":887,"quantity":10,"requestDate":"2011-06-25T00:00:00","lastDate":"2014-01-19T00:00:00"}
[operation] ask {"demand":"order 5","operation":"delivery end item","quantity":10,"end":"2011-06-25T00:00:00"}
[buffer] ask {"demand":null,"buffer":"end item","requested":10,"date":"2011-06-24T00:00:00","onhand":10}
[demand] reply {"demand":"order 5","attempt":887,"result":false,"quantity":0,"date":"2011-06-26T00:00:00"}
[demand] attempt {"demand":"order 5","attempt":888,"quantity":10,"requestDate":"2011-06-26T00:00:00","lastDate":"2014-01-19T00:00:00"}
[operation] ask {"demand":"order 5","operation":"delivery end item","quantity":10,"end":"2011-06-26T00:00:00"}
[buffer] ask {"demand":null,"buffer":"end item","requested":10,"date":"2011-06-25T00:00:00","onhand":10}
[demand] reply {"demand":"order 5","attempt":888,"result":false,"quantity":0,"date":"2011-06-27T00:00:00"}
[demand] attempt {"demand":"order 5","attempt":889,"quantity":10,"requestDate":"2011-06-27T00:00:00","lastDate":"2014-01-19T00:00:00"}
[operation] ask {"demand":"order 5","operation":"delivery end item","quantity":10,"end":"2011-06-27T00:00:00"}
[buffer] ask {"demand":null,"buffer":"end item","requested":10,"date":"2011-06-26T00:00:00","onhand":10}
[demand] reply {"demand":"order 5","attempt":889,"result":false,"quantity":0,"date":"2011-06-28T00:00:00"}
[demand] attempt {"demand":"order 5","attempt":890,"quantity":10,"requestDate":"2011-06-28T00:00:00","lastDate":"2014-01-19T00:00:00"}
[operation] ask {"demand":"order 5","operation":"delivery end item","quantity":10,"end":"2011-06-28T00:00:00"}
[buffer] ask {"demand":null,"buffer":"end item","requested":10,"date":"2011-06-27T00:00:00","onhand":10}
[demand] reply {"demand":"order 5","attempt":890,"result":false,"quantity":0,"date":"2011-06-29T00:00:00"}
[demand] attempt {"demand":"order 5","attempt":891,"quantity":10,"requestDate":"2011-06-29T00:00:00","lastDate":"2014-01-19T00:00:00"}
[operation] ask {"demand":"order 5","operation":"delivery end item","quantity":10,"end":"2011-06-29T00:00:00"}
[buffer] ask {"demand":null,"buffer":"end item","requested":10,"date":"2011-06-28T00:00:00","onhand":10}
[demand] reply {"demand":"order 5","attempt":891,"result":false,"quantity":0,"date":"2011-06-30T00:00:00"}
[demand] attempt {"demand":"order 5","attempt":892,"quantity":10,"requestDate":"2011-06-30T00:00:00","lastDate":"2014-01-19T00:00:00"}
[operation] ask {"demand":"order 5","operation":"delivery end item","quantity":10,"end":"2011-06-30T00:00:00"}
[buffer] ask {"demand":null,"buffer":"end item","requested":10,"date":"2011-06-29T00:00:00","onhand":10}
[demand] reply {"demand":"order 5","attempt":892,"result":false,"quantity":0,"date":"2011-07-01T00:00:00"}
[demand] attempt {"demand":"order 5","attempt":893,"quantity":10,"requestDate":"2011-07-01T00:00:00","lastDate":"2014-01-19T00:00:00"}
[operation] ask {"demand":"order 5","operation":"delivery end item","quantity":10,"end":"2011-07-01T00:00:00"}
[buffer] ask {"demand":null,"buffer":"end item","requested":10,"date":"2011-06-30T00:00:00","onhand":10}
[demand] reply {"demand":"order 5","attempt":893,"result":false,"quantity":0,"date":"2011-07-02T00:00:00"}
[demand] attempt {"demand":"order 5","attempt":894,"quantity":10,"requestDate":"2011-07-02T00:00:00","lastDate":"2014-01-19T00:00:00"}
[operation] ask {"demand":"order 5","operation":"delivery end item","quantity":10,"end":"2011-07-02T00:00:00"}
[buffer] ask {"demand":null,"buffer":"end item","requested":10,"date":"2011-07-01T00:00:00","onhand":10}
[demand] reply {"demand":"order 5","attempt":894,"result":false,"quantity":0,"date":"2011-07-03T00:00:00"}
[demand] attempt {"demand":"order 5","attempt":895,"quantity":10,"requestDate":"2011-07-03T00:00:00","lastDate":"2014-01-19T00:00:00"}
[operation] ask {"demand":"order 5","operation":"delivery end item","quantity":10,"end":"2011-07-03T00:00:00"}
[buffer] ask {"demand":null,"buffer":"end item","requested":10,"date":"2011-07-02T00:00:00","onhand":10}
[demand] reply {"demand":"order 5","attempt":895,"result":false,"quantity":0,"date":"2011-07-04T00:00:00"}
[demand] attempt {"demand":"order 5","attempt":896,"quantity":10,"requestDate":"2011-07-04T00:00:00","lastDate":"2014-01-19T00:00:00"}
[operation] ask {"demand":"order 5","operation":"delivery end item","quantity":10,"end":"2011-07-04T00:00:00"}
[buffer] ask {"demand":null,"buffer":"end item","requested":10,"date":"2011-07-03T00:00:00","onhand":10}
[demand] reply {"demand":"order 5","attempt":896,"result":false,"quantity":0,"date":"2011-07-05T00:00:00"}
[demand] attempt {"demand":"order 5","attempt":897,"quantity":10,"requestDate":"2011-07-05T00:00:00","lastDate":"2014-01-19T00:00:00"}
[operation] ask {"demand":"order 5","operation":"delivery end item","quantity":10,"end":"2011-07-05T00:00:00"}
[buffer] ask {"demand":null,"buffer":"end item","requested":10,"date":"2011-07-04T00:00:00","onhand":10}
[demand] reply {"demand":"order 5","attempt":897,"result":false,"quantity":0,"date":"2011-07-06T00:00:00"}
[demand] attempt {"demand":"order 5","attempt":898,"quantity":10,"requestDate":"2011-07-06T00:00:00","lastDate":"2014-01-19T00:00:00"}
[operation] ask {"demand":"order 5","operation":"delivery end item","quantity":10,"end":"2011-07-06T00:00:00"}
[buffer] ask {"demand":null,"buffer":"end item","requested":10,"date":"2011-07-05T00:00:00","onhand":10}
[demand] reply {"demand":"order 5","attempt":898,"result":false,"quantity":0,"date":"2011-07-07T00:00:00"}
[demand] attempt {"demand":"order 5","attempt":899,"quantity":10,"requestDate":"2011-07-07T00:00:00","lastDate":"2014-01-19T00:00:00"}
[operation] ask {"demand":"order 5","operation":"delivery end item","quantity":10,"end":"2011-07-07T00:00:00"}
[buffer] ask {"demand":null,"buffer":"end item","requested":10,"date":"2011-07-06T00:00:00","onhand":10}
[demand] reply {"demand":"order 5","attempt":899,"result":false,"quantity":0,"date":"2011-07-08T00:00:00"}
[demand] attempt {"demand":"order 5","attempt":900,"quantity":10,"requestDate":"2011-07-08T00:00:00","lastDate":"2014-01-19T00:00:00"}
[operation] ask {"demand":"order 5","operation":"delivery end item","quantity":10,"end":"2011-07-08T00:00:00"}
[buffer] ask {"demand":null,"buffer":"end item","requested":10,"date":"2011-07-07T00:00:00","onhand":10}
[demand] reply {"demand":"order 5","attempt":900,"result":false,"quantity":0,"date":"2011-07-09T00:00:00"}
[demand] attempt {"demand":"order 5","attempt":901,"quantity":10,"requestDate":"2011-07-09T00:00:00","lastDate":"2014-01-19T00:00:00"}
[operation] ask {"demand":"order 5","operation":"delivery end item","quantity":10,"end":"2011-07-09T00:00:00"}
[buffer] ask {"demand":null,"buffer":"end item","requested":10,"date":"2011-07-08T00:00:00","onhand":10}
[demand] reply {"demand":"order 5","attempt":901,"result":false,"quantity":0,"date":"2011-07-10T00:00:00"}
[demand] attempt {"demand":"order 5","attempt":902,"quantity":10,"requestDate":"2011-07-10T00:00:00","lastDate":"2014-01-19T00:00:00"}
[operation] ask {"demand":"order 5","operation":"delivery end item","quantity":10,"end":"2011-07-10T00:00:00"}
[buffer] ask {"demand":null,"buffer":"end item","requested":10,"date":"2011-07-09T00:00:00","onhand":10}
[demand] reply {"demand":"order 5","attempt":902,"result":false,"quantity":0,"date":"2011-07-11T00:00:00"}
[demand] attempt {"demand":"order 5","attempt":903,"quantity":10,"requestDate":"2011-07-11T00:00:00","lastDate":"2014-01-19T00:00:00"}
[operation] ask {"demand":"order 5","operation":"delivery end item","quantity":10,"end":"2011-07-11T00:00:00"}
[buffer] ask {"demand":null,"buffer":"end item","requested":10,"date":"2011-07-10T00:00:00","onhand":10}
[demand] reply {"demand":"order 5","attempt":903,"result":false,"quantity":0,"date":"2011-07-12T00:00:00"}
[demand] attempt {"demand":"order 5","attempt":904,"quantity":10,"requestDate":"2011-07-12T00:00:00","lastDate":"2014-01-19T00:00:00"}
[operation] ask {"demand":"order 5","operation":"delivery end item","quantity":10,"end":"2011-07-12T00:00:00"}
[buffer] ask {"demand":null,"buffer":"end item","requested":10,"date":"2011-07-11T00:00:00","onhand":10}
[demand] reply {"demand":"order 5","attempt":904,"result":false,"quantity":0,"date":"2011-07-13T00:00:00"}
[demand] attempt {"demand":"order 5","attempt":905,"quantity":10,"requestDate":"2011-07-13T00:00:00","lastDate":"2014-01-19T00:00:00"}
[operation] ask {"demand":"order 5","operation":"delivery end item","quantity":10,"end":"2011-07-13T00:00:00"}
[buffer] ask {"demand":null,"buffer":"end item","requested":10,"date":"2011-07-12T00:00:00","onhand":10}
[demand] reply {"demand":"order 5","attempt":905,"result":false,"quantity":0,"date":"2011-07-14T00:00:00"}
[demand] attempt {"demand":"order 5","attempt":906,"quantity":10,"requestDate":"2011-07-14T00:00:00","lastDate":"2014-01-19T00:00:00"}
[operation] ask {"demand":"order 5","operation":"delivery end item","quantity":10,"end":"2011-07-14T00:00:00"}
[buffer] ask {"demand":null,"buffer":"end item","requested":10,"date":"2011-07-13T00:00:00","onhand":10}
[demand] reply {"demand":"order 5","attempt":906,"result":false,"quantity":0,"date":"2011-07-15T00:00:00"}
[demand] attempt {"demand":"order 5","attempt":907,"quantity":10,"requestDate":"2011-07-15T00:00:00","lastDate":"2014-01-19T00:00:00"}
[operation] ask {"demand":"order 5","operation":"delivery end item","quantity":10,"end":"2011-07-15T00:00:00"}
[buffer] ask {"demand":null,"buffer":"end item","requested":10,"date":"2011-07-14T00:00:00","onhand":10}
[demand] reply {"demand":"order 5","attempt":907,"result":false,"quantity":0,"date":"2011-07-16T00:00:00"}
[demand] attempt {"demand":"order 5","attempt":908,"quantity":10,"requestDate":"2011-07-16T00:00:00","lastDate":"2014-01-19T00:00:00"}
[operation] ask {"demand":"order 5","operation":"delivery end item","quantity":10,"end":"2011-07-16T00:00:00"}
[buffer] ask {"demand":null,"buffer":"end item","requested":10,"date":"2011-07-15T00:00:00","onhand":10}
[demand] reply {"demand":"order 5","attempt":908,"result":false,"quantity":0,"date":"2011-07-17T00:00:00"}
[demand] attempt {"demand":"order 5","attempt":909,"quantity":10,"requestDate":"2011-07-17T00:00:00","lastDate":"2014-01-19T00:00:00"}
[operation] ask {"demand":"order 5","operation":"delivery end item","quantity":10,"end":"2011-07-17T00:00:00"}
[buffer] ask {"demand":null,"buffer":"end item","requested":10,"date":"2011-07-16T00:00:00","onhand":10}
[demand] reply {"demand":"order 5","attempt":909,"result":false,"quantity":0,"date":"2011-07-18T00:00:00"}
[demand] attempt {"demand":"order 5","attempt":910,"quantity":10,"requestDate":"2011-07-18T00:00:00","lastDate":"2014-01-19T00:00:00"}
[operation] ask {"demand":"order 5","operation":"delivery end item","quantity":10,"end":"2011-07-18T00:00:00"}
[buffer] ask {"demand":null,"buffer":"end item","requested":10,"date":"2011-07-17T00:00:00","onhand":10}
[demand] reply {"demand":"order 5","attempt":910,"result":false,"quantity":0,"date":"2011-07-19T00:00:00"}
[demand] attempt {"demand":"order 5","attempt":911,"quantity":10,"requestDate":"2011-07-19T00:00:00","lastDate":"2014-01-19T00:00:00"}
[operation] ask {"demand":"order 5","operation":"delivery end item","quantity":10,"end":"2011-07-19T00:00:00"}
[buffer] ask {"demand":null,"buffer":"end item","requested":10,"date":"2011-07-18T00:00:00","onhand":10}
[demand] reply {"demand":"order 5","attempt":911,"result":false,"quantity":0,"date":"2011-07-20T00:00:00"}
[demand] attempt {"demand":"order 5","attempt":912,"quantity":10,"requestDate":"2011-07-20T00:00:00","lastDate":"2014-01-19T00:00:00"}
[operation] ask {"demand":"order 5","operation":"delivery end item","quantity":10,"end":"2011-07-20T00:00:00"}
[buffer] ask {"demand":null,"buffer":"end item","requested":10,"date":"2011-07-19T00:00:00","onhand":10}
[demand] reply {"demand":"order 5","attempt":912,"result":false,"quantity":0,"date":"2011-07-21T00:00:00"}
[demand] attempt {"demand":"order 5","attempt":913,"quantity":10,"requestDate":"2011-07-21T00:00:00","lastDate":"2014-01-19T00:00:00"}
[operation] ask {"demand":"order 5","operation":"delivery end item","quantity":10,"end":"2011-07-21T00:00:00"}
[buffer] ask {"demand":null,"buffer":"end item","requested":10,"date":"2011-07-20T00:00:00","onhand":10}
[demand] reply {"demand":"order 5","attempt":913,"result":false,"quantity":0,"date":"2011-07-22T00:00:00"}
[demand] attempt {"demand":"order 5","attempt":914,"quantity":10,"requestDate":"2011-07-22T00:00:00","lastDate":"2014-01-19T00:00:00"}
[operation] ask {"demand":"order 5","operation":"delivery end item","quantity":10,"end":"2011-07-22T00:00:00"}
[buffer] ask {"demand":null,"buffer":"end item","requested":10,"date":"2011-07-21T00:00:00","onhand":10}
[demand] reply {"demand":"order 5","attempt":914,"result":false,"quantity":0,"date":"2011-07-23T00:00:00"}
[demand] attempt {"demand":"order 5","attempt":915,"quantity":10,"requestDate":"2011-07-23T00:00:00","lastDate":"2014-01-19T00:00:00"}
[operation] ask {"demand":"order 5","operation":"delivery end item","quantity":10,"end":"2011-07-23T00:00:00"}
[buffer] ask {"demand":null,"buffer":"end item","requested":10,"date":"2011-07-22T00:00:00","onhand":10}
[demand] reply {"demand":"order 5","attempt":915,"result":false,"quantity":0,"date":"2011-07-24T00:00:00"}
[demand] attempt {"demand":"order 5","attempt":916,"quantity":10,"requestDate":"2011-07-24T00:00:00","lastDate":"2014-01-19T00:00:00"}
[operation] ask {"demand":"order 5","operation":"delivery end item","quantity":10,"end":"2011-07-24T00:00:00"}
[buffer] ask {"demand":null,"buffer":"end item","requested":10,"date":"2011-07-23T00:00:00","onhand":10}
[demand] reply {"demand":"order 5","attempt":916,"result":false,"quantity":0,"date":"2011-07-25T00:00:00"}
[demand] attempt {"demand":"order 5","attempt":917,"quantity":10,"requestDate":"2011-07-25T00:00:00","lastDate":"2014-01-19T00:00:00"}
[operation] ask {"demand":"order 5","operation":"delivery end item","quantity":10,"end":"2011-07-25T00:00:00"}
[buffer] ask {"demand":null,"buffer":"end item","requested":10,"date":"2011-07-24T00:00:00","onhand":10}
[demand] reply {"demand":"order 5","attempt":917,"result":false,"quantity":0,"date":"2011-07-26T00:00:00"}
[demand] attempt {"demand":"order 5","attempt":918,"quantity":10,"requestDate":"2011-07-26T00:00:00","lastDate":"2014-01-19T00:00:00"}
[operation] ask {"demand":"order 5","operation":"delivery end item","quantity":10,"end":"2011-07-26T00:00:00"}
[buffer] ask {"demand":null,"buffer":"end item","requested":10,"date":"2011-07-25T00:00:00","onhand":10}
[demand] reply {"demand":"order 5","attempt":918,"result":false,"quantity":0,"date":"2011-07-27T00:00:00"}
[demand] attempt {"demand":"order 5","attempt":919,"quantity":10,"requestDate":"2011-07-27T00:00:00","lastDate":"2014-01-19T00:00:00"}
[operation] ask {"demand":"order 5","operation":"delivery end item","quantity":10,"end":"2011-07-27T00:00:00"}
[buffer] ask {"demand":null,"buffer":"end item","requested":10,"date":"2011-07-26T00:00:00","onhand":10}
[demand] reply {"demand":"order 5","attempt":919,"result":false,"quantity":0,"date":"2011-07-28T00:00:00"}
[demand] attempt {"demand":"order 5","attempt":920,"quantity":10,"requestDate":"2011-07-28T00:00:00","lastDate":"2014-01-19T00:00:00"}
[operation] ask {"demand":"order 5","operation":"delivery end item","quantity":10,"end":"2011-07-28T00:00:00"}
[buffer] ask {"demand":null,"buffer":"end item","requested":10,"date":"2011-07-27T00:00:00","onhand":10}
[demand] reply {"demand":"order 5","attempt":920,"result":false,"quantity":0,"date":"2011-07-29T00:00:00"}
[demand] attempt {"demand":"order 5","attempt":921,"quantity":10,"requestDate":"2011-07-29T00:00:00","lastDate":"2014-01-19T00:00:00"}
[operation] ask {"demand":"order 5","operation":"delivery end item","quantity":10,"end":"2011-07-29T00:00:00"}
[buffer] ask {"demand":null,"buffer":"end item","requested":10,"date":"2011-07-28T00:00:00","onhand":10}
[demand] reply {"demand":"order 5","attempt":921,"result":false,"quantity":0,"date":"2011-07-30T00:00:00"}
[demand] attempt {"demand":"order 5","attempt":922,"quantity":10,"requestDate":"2011-07-30T00:00:00","lastDate":"2014-01-19T00:00:00"}
[operation] ask {"demand":"order 5","operation":"delivery end item","quantity":10,"end":"2011-07-30T00:00:00"}
[buffer] ask {"demand":null,"buffer":"end item","requested":10,"date":"2011-07-29T00:00:00","onhand":10}
[demand] reply {"demand":"order 5","attempt":922,"result":false,"quantity":0,"date":"2011-07-31T00:00:00"}
[demand] attempt {"demand":"order 5","attempt":923,"quantity":10,"requestDate":"2011-07-31T00:00:00","lastDate":"2014-01-19T00:00:00"}
[operation] ask {"demand":"order 5","operation":"delivery end item","quantity":10,"end":"2011-07-31T00:00:00"}
[buffer] ask {"demand":null,"buffer":"end item","requested":10,"date":"2011-07-30T00:00:00","onhand":10}
[demand] reply {"demand":"order 5","attempt":923,"result":false,"quantity":0,"date":"2011-08-01T00:00:00"}
[demand] attempt {"demand":"order 5","attempt":924,"quantity":10,"requestDate":"2011-08-01T00:00:00","lastDate":"2014-01-19T00:00:00"}
[operation] ask {"demand":"order 5","operation":"delivery end item","quantity":10,"end":"2011-08-01T00:00:00"}
[buffer] ask {"demand":null,"buffer":"end item","requested":10,"date":"2011-07-31T00:00:00","onhand":10}
[demand] reply {"demand":"order 5","attempt":924,"result":false,"quantity":0,"date":"2011-08-02T00:00:00"}
[demand] attempt {"demand":"order 5","attempt":925,"quantity":10,"requestDate":"2011-08-02T00:00:00","lastDate":"2014-01-19T00:00:00"}
[operation] ask {"demand":"order 5","operation":"delivery end item","quantity":10,"end":"2011-08-02T00:00:00"}
[buffer] ask {"demand":null,"buffer":"end item","requested":10,"date":"2011-08-01T00:00:00","onhand":10}
[demand] reply {"demand":"order 5","attempt":925,"result":false,"quantity":0,"date":"2011-08-03T00:00:00"}
[demand] attempt {"demand":"order 5","attempt":926,"quantity":10,"requestDate":"2011-08-03T00:00:00","lastDate":"2014-01-19T00:00:00"}
[operation] ask {"demand":"order 5","operation":"delivery end item","quantity":10,"end":"2011-08-03T00:00:00"}
[buffer] ask {"demand":null,"buffer":"end item","requested":10,"date":"2011-08-02T00:00:00","onhand":10}
[demand] reply {"demand":"order 5","attempt":926,"result":false,"quantity":0,"date":"2011-08-04T00:00:00"}
[demand] attempt {"demand":"order 5","attempt":927,"quantity":10,"requestDate":"2011-08-04T00:00:00","lastDate":"2014-01-19T00:00:00"}
[operation] ask {"demand":"order 5","operation":"delivery end item","quantity":10,"end":"2011-08-04T00:00:00"}
[buffer] ask {"demand":null,"buffer":"end item","requested":10,"date":"2011-08-03T00:00:00","onhand":10}
[demand] reply {"demand":"order 5","attempt":927,"result":false,"quantity":0,"date":"2011-08-05T00:00:00"}
[demand] attempt {"demand":"order 5","attempt":928,"quantity":10,"requestDate":"2011-08-05T00:00:00","lastDate":"2014-01-19T00:00:00"}
[operation] ask {"demand":"order 5","operation":"delivery end item","quantity":10,"end":"2011-08-05T00:00:00"}
[buffer] ask {"demand":null,"buffer":"end item","requested":10,"date":"2011-08-04T00:00:00","onhand":10}
[demand] reply {"demand":"order 5","attempt":928,"result":false,"quantity":0,"date":"2011-08-06T00:00:00"}
[demand] attempt {"demand":"order 5","attempt":929,"quantity":10,"requestDate":"2011-08-06T00:00:00","lastDate":"2014-01-19T00:00:00"}
[operation] ask {"demand":"order 5","operation":"delivery end item","quantity":10,"end":"2011-08-06T00:00:00"}
[buffer] ask {"demand":null,"buffer":"end item","requested":10,"date":"2011-08-05T00:00:00","onhand":10}
[demand] reply {"demand":"order 5","attempt":929,"result":false,"quantity":0,"date":"2011-08-07T00:00:00"}
[demand] attempt {"demand":"order 5","attempt":930,"quantity":10,"requestDate":"2011-08-07T00:00:00","lastDate":"2014-01-19T00:00:00"}
[operation] ask {"demand":"order 5","operation":"delivery end item","quantity":10,"end":"2011-08-07T00:00:00"}
[buffer] ask {"demand":null,"buffer":"end item","requested":10,"date":"2011-08-06T00:00:00","onhand":10}
[demand] reply {"demand":"order 5","attempt":930,"result":false,"quantity":0,"date":"2011-08-08T00:00:00"}
[demand] attempt {"demand":"order 5","attempt":931,"quantity":10,"requestDate":"2011-08-08T00:00:00","lastDate":"2014-01-19T00:00:00"}
[operation] ask {"demand":"order 5","operation":"delivery end item","quantity":10,"end":"2011-08-08T00:00:00"}
[buffer] ask {"demand":null,"buffer":"end item","requested":10,"date":"2011-08-07T00:00:00","onhand":10}
[demand] reply {"demand":"order 5","attempt":931,"result":false,"quantity":0,"date":"2011-08-09T00:00:00"}
[demand] attempt {"demand":"order 5","attempt":932,"quantity":10,"requestDate":"2011-08-09T00:00:00","lastDate":"2014-01-19T00:00:00"}
[operation] ask {"demand":"order 5","operation":"delivery end item","quantity":10,"end":"2011-08-09T00:00:00"}
[buffer] ask {"demand":null,"buffer":"end item","requested":10,"date":"2011-08-08T00:00:00","onhand":10}
[demand] reply {"demand":"order 5","attempt":932,"result":false,"quantity":0,"date":"2011-08-10T00:00:00"}
[demand] attempt {"demand":"order 5","attempt":933,"quantity":10,"requestDate":"2011-08-10T00:00:00","lastDate":"2014-01-19T00:00:00"}
[operation] ask {"demand":"order 5","operation":"delivery end item","quantity":10,"end":"2011-08-10T00:00:00"}
[buffer] ask {"demand":null,"buffer":"end item","requested":10,"date":"2011-08-09T00:00:00","onhand":10}
[demand] reply {"demand":"order 5","attempt":933,"result":false,"quantity":0,"date":"2011-08-11T00:00:00"}
[demand] attempt {"demand":"order 5","attempt":934,"quantity":10,"requestDate":"2011-08-11T00:00:00","lastDate":"2014-01-19T00:00:00"}
[operation] ask {"demand":"order 5","operation":"delivery end item","quantity":10,"end":"2011-08-11T00:00:00"}
[buffer] ask {"demand":null,"buffer":"end item","requested":10,"date":"2011-08-10T00:00:00","onhand":10}
[demand] reply {"demand":"order 5","attempt":934,"result":false,"quantity":0,"date":"2011-08-12T00:00:00"}
[demand] attempt {"demand":"order 5","attempt":935,"quantity":10,"requestDate":"2011-08-12T00:00:00","lastDate":"2014-01-19T00:00:00"}
[operation] ask {"demand":"order 5","operation":"delivery end item","quantity":10,"end":"2011-08-12T00:00:00"}
[buffer] ask {"demand":null,"buffer":"end item","requested":10,"date":"2011-08-11T00:00:00","onhand":10}
[demand] reply {"demand":"order 5","attempt":935,"result":false,"quantity":0,"date":"2011-08-13T00:00:00"}
[demand] attempt {"demand":"order 5","attempt":936,"quantity":10,"requestDate":"2011-08-13T00:00:00","lastDate":"2014-01-19T00:00:00"}
[operation] ask {"demand":"order 5","operation":"delivery end item","quantity":10,"end":"2011-08-13T00:00:00"}
[buffer] ask {"demand":null,"buffer":"end item","requested":10,"date":"2011-08-12T00:00:00","onhand":10}
[demand] reply {"demand":"order 5","attempt":936,"result":false,"quantity":0,"date":"2011-08-14T00:00:00"}
[demand] attempt {"demand":"order 5","attempt":937,"quantity":10,"requestDate":"2011-08-14T00:00:00","lastDate":"2014-01-19T00:00:00"}
[operation] ask {"demand":"order 5","operation":"delivery end item","quantity":10,"end":"2011-08-14T00:00:00"}
[buffer] ask {"demand":null,"buffer":"end item","requested":10,"date":"2011-08-13T00:00:00","onhand":10}
[demand] reply {"demand":"order 5","attempt":937,"result":false,"quantity":0,"date":"2011-08-15T00:00:00"}
[demand] attempt {"demand":"order 5","attempt":938,"quantity":10,"requestDate":"2011-08-15T00:00:00","lastDate":"2014-01-19T00:00:00"}
[operation] ask {"demand":"order 5","operation":"delivery end item","quantity":10,"end":"2011-08-15T00:00:00"}
[buffer] ask {"demand":null,"buffer":"end item","requested":10,"date":"2011-08-14T00:00:00","onhand":10}
[demand] reply {"demand":"order 5","attempt":938,"result":false,"quantity":0,"date":"2011-08-16T00:00:00"}
[demand] attempt {"demand":"order 5","attempt":939,"quantity":10,"requestDate":"2011-08-16T00:00:00","lastDate":"2014-01-19T00:00:00"}
[operation] ask {"demand":"order 5","operation":"delivery end item","quantity":10,"end":"2011-08-16T00:00:00"}
[buffer] ask {"demand":null,"buffer":"end item","requested":10,"date":"2011-08-15T00:00:00","onhand":10}
[demand] reply {"demand":"order 5","attempt":939,"result":false,"quantity":0,"date":"2011-08-17T00:00:00"}
[demand] attempt {"demand":"order 5","attempt":940,"quantity":10,"requestDate":"2011-08-17T00:00:00","lastDate":"2014-01-19T00:00:00"}
[operation] ask {"demand":"order 5","operation":"delivery end item","quantity":10,"end":"2011-08-17T00:00:00"}
[buffer] ask {"demand":null,"buffer":"end item","requested":10,"date":"2011-08-16T00:00:00","onhand":10}
[demand] reply {"demand":"order 5","attempt":940,"result":false,"quantity":0,"date":"2011-08-18T00:00:00"}
[demand] attempt {"demand":"order 5","attempt":941,"quantity":10,"requestDate":"2011-08-18T00:00:00","lastDate":"2014-01-19T00:00:00"}
[operation] ask {"demand":"order 5","operation":"delivery end item","quantity":10,"end":"2011-08-18T00:00:00"}
[buffer] ask {"demand":null,"buffer":"end item","requested":10,"date":"2011-08-17T00:00:00","onhand":10}
[demand] reply {"demand":"order 5","attempt":941,"result":false,"quantity":0,"date":"2011-08-19T00:00:00"}
[demand] attempt {"demand":"order 5","attempt":942,"quantity":10,"requestDate":"2011-08-19T00:00:00","lastDate":"2014-01-19T00:00:00"}
[operation] ask {"demand":"order 5","operation":"delivery end item","quantity":10,"end":"2011-08-19T00:00:00"}
[buffer] ask {"demand":null,"buffer":"end item","requested":10,"date":"2011-08-18T00:00:00","onhand":10}
[demand] reply {"demand":"order 5","attempt":942,"result":false,"quantity":0,"date":"2011-08-20T00:00:00"}
[demand] attempt {"demand":"order 5","attempt":943,"quantity":10,"requestDate":"2011-08-20T00:00:00","lastDate":"2014-01-19T00:00:00"}
[operation] ask {"demand":"order 5","operation":"delivery end item","quantity":10,"end":"2011-08-20T00:00:00"}
[buffer] ask {"demand":null,"buffer":"end item","requested":10,"date":"2011-08-19T00:00:00","onhand":10}
[demand] reply {"demand":"order 5","attempt":943,"result":false,"quantity":0,"date":"2011-08-21T00:00:00"}
[demand] attempt {"demand":"order 5","attempt":944,"quantity":10,"requestDate":"2011-08-21T00:00:00","lastDate":"2014-01-19T00:00:00"}
[operation] ask {"demand":"order 5","operation":"delivery end item","quantity":10,"end":"2011-08-21T00:00:00"}
[buffer] ask {"demand":null,"buffer":"end item","requested":10,"date":"2011-08-20T00:00:00","onhand":10}
[demand] reply {"demand":"order 5","attempt":944,"result":false,"quantity":0,"date":"2011-08-22T00:00:00"}
[demand] attempt {"demand":"order 5","attempt":945,"quantity":10,"requestDate":"2011-08-22T00:00:00","lastDate":"2014-01-19T00:00:00"}
[operation] ask {"demand":"order 5","operation":"delivery end item","quantity":10,"end":"2011-08-22T00:00:00"}
[buffer] ask {"demand":null,"buffer":"end item","requested":10,"date":"2011-08-21T00:00:00","onhand":10}
[demand] reply {"demand":"order 5","attempt":945,"result":false,"quantity":0,"date":"2011-08-23T00:00:00"}
[demand] attempt {"demand":"order 5","attempt":946,"quantity":10,"requestDate":"2011-08-23T00:00:00","lastDate":"2014-01-19T00:00:00"}
[operation] ask {"demand":"order 5","operation":"delivery end item","quantity":10,"end":"2011-08-23T00:00:00"}
[buffer] ask {"demand":null,"buffer":"end item","requested":10,"date":"2011-08-22T00:00:00","onhand":10}
[demand] reply {"demand":"order 5","attempt":946,"result":false,"quantity":0,"date":"2011-08-24T00:00:00"}
[demand] attempt {"demand":"order 5","attempt":947,"quantity":10,"requestDate":"2011-08-24T00:00:00","lastDate":"2014-01-19T00:00:00"}
[operation] ask {"demand":"order 5","operation":"delivery end item","quantity":10,"end":"2011-08-24T00:00:00"}
[buffer] ask {"demand":null,"buffer":"end item","requested":10,"date":"2011-08-23T00:00:00","onhand":10}
[demand] reply {"demand":"order 5","attempt":947,"result":false,"quantity":0,"date":"2011-08-25T00:00:00"}
[demand] attempt {"demand":"order 5","attempt":948,"quantity":10,"requestDate":"2011-08-25T00:00:00","lastDate":"2014-01-19T00:00:00"}
[operation] ask {"demand":"order 5","operation":"delivery end item","quantity":10,"end":"2011-08-25T00:00:00"}
[buffer] ask {"demand":null,"buffer":"end item","requested":10,"date":"2011-08-24T00:00:00","onhand":10}
[demand] reply {"demand":"order 5","attempt":948,"result":false,"quantity":0,"date":"2011-08-26T00:00:00"}
[demand] attempt {"demand":"order 5","attempt":949,"quantity":10,"requestDate":"2011-08-26T00:00:00","lastDate":"2014-01-19T00:00:00"}
[operation] ask {"demand":"order 5","operation":"delivery end item","quantity":10,"end":"2011-08-26T00:00:00"}
[buffer] ask {"demand":null,"buffer":"end item","requested":10,"date":"2011-08-25T00:00:00","onhand":10}
[demand] reply {"demand":"order 5","attempt":949,"result":false,"quantity":0,"date":"2011-08-27T00:00:00"}
[demand] attempt {"demand":"order 5","attempt":950,"quantity":10,"requestDate":"2011-08-27T00:00:00","lastDate":"2014-01-19T00:00:00"}
[operation] ask {"demand":"order 5","operation":"delivery end item","quantity":10,"end":"2011-08-27T00:00:00"}
[buffer] ask {"demand":null,"buffer":"end item","requested":10,"date":"2011-08-26T00:00:00","onhand":10}
[demand] reply {"demand":"order 5","attempt":950,"result":false,"quantity":0,"date":"2011-08-28T00:00:00"}
[demand] attempt {"demand":"order 5","attempt":951,"quantity":10,"requestDate":"2011-08-28T00:00:00","lastDate":"2014-01-19T00:00:00"}
[operation] ask {"demand":"order 5","operation":"delivery end item","quantity":10,"end":"2011-08-28T00:00:00"}
[buffer] ask {"demand":null,"buffer":"end item","requested":10,"date":"2011-08-27T00:00:00","onhand":10}
[demand] reply {"demand":"order 5","attempt":951,"result":false,"quantity":0,"date":"2011-08-29T00:00:00"}
[demand] attempt {"demand":"order 5","attempt":952,"quantity":10,"requestDate":"2011-08-29T00:00:00","lastDate":"2014-01-19T00:00:00"}
[operation] ask {"demand":"order 5","operation":"delivery end item","quantity":10,"end":"2011-08-29T00:00:00"}
[buffer] ask {"demand":null,"buffer":"end item","requested":10,"date":"2011-08-28T00:00:00","onhand":10}
[demand] reply {"demand":"order 5","attempt":952,"result":false,"quantity":0,"date":"2011-08-30T00:00:00"}
[demand] attempt {"demand":"order 5","attempt":953,"quantity":10,"requestDate":"2011-08-30T00:00:00","lastDate":"2014-01-19T00:00:00"}
[operation] ask {"demand":"order 5","operation":"delivery end item","quantity":10,"end":"2011-08-30T00:00:00"}
[buffer] ask {"demand":null,"buffer":"end item","requested":10,"date":"2011-08-29T00:00:00","onhand":10}
[demand] reply {"demand":"order 5","attempt":953,"result":false,"quantity":0,"date":"2011-08-31T00:00:00"}
[demand] attempt {"demand":"order 5","attempt":954,"quantity":10,"requestDate":"2011-08-31T00:00:00","lastDate":"2014-01-19T00:00:00"}
[operation] ask {"demand":"order 5","operation":"delivery end item","quantity":10,"end":"2011-08-31T00:00:00"}
[buffer] ask {"demand":null,"buffer":"end item","requested":10,"date":"2011-08-30T00:00:00","onhand":10}
[demand] reply {"demand":"order 5","attempt":954,"result":false,"quantity":0,"date":"2011-09-01T00:00:00"}
[demand] attempt {"demand":"order 5","attempt":955,"quantity":10,"requestDate":"2011-09-01T00:00:00","lastDate":"2014-01-19T00:00:00"}
[operation] ask {"demand":"order 5","operation":"delivery end item","quantity":10,"end":"2011-09-01T00:00:00"}
[buffer] ask {"demand":null,"buffer":"end item","requested":10,"date":"2011-08-31T00:00:00","onhand":10}
[demand] reply {"demand":"order 5","attempt":955,"result":false,"quantity":0,"date":"2011-09-02T00:00:00"}
[demand] attempt {"demand":"order 5","attempt":956,"quantity":10,"requestDate":"2011-09-02T00:00:00","lastDate":"2014-01-19T00:00:00"}
[operation] ask {"demand":"order 5","operation":"delivery end item","quantity":10,"end":"2011-09-02T00:00:00"}
[buffer] ask {"demand":null,"buffer":"end item","requested":10,"date":"2011-09-01T00:00:00","onhand":10}
[demand] reply {"demand":"order 5","attempt":956,"result":false,"quantity":0,"date":"2011-09-03T00:00:00"}
[demand] attempt {"demand":"order 5","attempt":957,"quantity":10,"requestDate":"2011-09-03T00:00:00","lastDate":"2014-01-19T00:00:00"}
[operation] ask {"demand":"order 5","operation":"delivery end item","quantity":10,"end":"2011-09-03T00:00:00"}
[buffer] ask {"demand":null,"buffer":"end item","requested":10,"date":"2011-09-02T00:00:00","onhand":10}
[demand] reply {"demand":"order 5","attempt":957,"result":false,"quantity":0,"date":"2011-09-04T00:00:00"}
[demand] attempt {"demand":"order 5","attempt":958,"quantity":10,"requestDate":"2011-09-04T00:00:00","lastDate":"2014-01-19T00:00:00"}
[operation] ask {"demand":"order 5","operation":"delivery end item","quantity":10,"end":"2011-09-04T00:00:00"}
[buffer] ask {"demand":null,"buffer":"end item","requested":10,"date":"2011-09-03T00:00:00","onhand":10}
[demand] reply {"demand":"order 5","attempt":958,"result":false,"quantity":0,"date":"2011-09-05T00:00:00"}
[demand] attempt {"demand":"order 5","attempt":959,"quantity":10,"requestDate":"2011-09-05T00:00:00","lastDate":"2014-01-19T00:00:00"}
[operation] ask {"demand":"order 5","operation":"delivery end item","quantity":10,"end":"2011-09-05T00:00:00"}
[buffer] ask {"demand":null,"buffer":"end item","requested":10,"date":"2011-09-04T00:00:00","onhand":10}
[demand] reply {"demand":"order 5","attempt":959,"result":false,"quantity":0,"date":"2011-09-06T00:00:00"}
[demand] attempt {"demand":"order 5","attempt":960,"quantity":10,"requestDate":"2011-09-06T00:00:00","lastDate":"2014-01-19T00:00:00"}
[operation] ask {"demand":"order 5","operation":"delivery end item","quantity":10,"end":"2011-09-06T00:00:00"}
[buffer] ask {"demand":null,"buffer":"end item","requested":10,"date":"2011-09-05T00:00:00","onhand":10}
[demand] reply {"demand":"order 5","attempt":960,"result":false,"quantity":0,"date":"2011-09-07T00:00:00"}
[demand] attempt {"demand":"order 5","attempt":961,"quantity":10,"requestDate":"2011-09-07T00:00:00","lastDate":"2014-01-19T00:00:00"}
[operation] ask {"demand":"order 5","operation":"delivery end item","quantity":10,"end":"2011-09-07T00:00:00"}
[buffer] ask {"demand":null,"buffer":"end item","requested":10,"date":"2011-09-06T00:00:00","onhand":10}
[demand] reply {"demand":"order 5","attempt":961,"result":false,"quantity":0,"date":"2011-09-08T00:00:00"}
[demand] attempt {"demand":"order 5","attempt":962,"quantity":10,"requestDate":"2011-09-08T00:00:00","lastDate":"2014-01-19T00:00:00"}
[operation] ask {"demand":"order 5","operation":"delivery end item","quantity":10,"end":"2011-09-08T00:00:00"}
[buffer] ask {"demand":null,"buffer":"end item","requested":10,"date":"2011-09-07T00:00:00","onhand":10}
[demand] reply {"demand":"order 5","attempt":962,"result":false,"quantity":0,"date":"2011-09-09T00:00:00"}
[demand] attempt {"demand":"order 5","attempt":963,"quantity":10,"requestDate":"2011-09-09T00:00:00","lastDate":"2014-01-19T00:00:00"}
[operation] ask {"demand":"order 5","operation":"delivery end item","quantity":10,"end":"2011-09-09T00:00:00"}
[buffer] ask {"demand":null,"buffer":"end item","requested":10,"date":"2011-09-08T00:00:00","onhand":10}
[demand] reply {"demand":"order 5","attempt":963,"result":false,"quantity":0,"date":"2011-09-10T00:00:00"}
[demand] attempt {"demand":"order 5","attempt":964,"quantity":10,"requestDate":"2011-09-10T00:00:00","lastDate":"2014-01-19T00:00:00"}
[operation] ask {"demand":"order 5","operation":"delivery end item","quantity":10,"end":"2011-09-10T00:00:00"}
[buffer] ask {"demand":null,"buffer":"end item","requested":10,"date":"2011-09-09T00:00:00","onhand":10}
[demand] reply {"demand":"order 5","attempt":964,"result":false,"quantity":0,"date":"2011-09-11T00:00:00"}
[demand] attempt {"demand":"order 5","attempt":965,"quantity":10,"requestDate":"2011-09-11T00:00:00","lastDate":"2014-01-19T00:00:00"}
[operation] ask {"demand":"order 5","operation":"delivery end item","quantity":10,"end":"2011-09-11T00:00:00"}
[buffer] ask {"demand":null,"buffer":"end item","requested":10,"date":"2011-09-10T00:00:00","onhand":10}
[demand] reply {"demand":"order 5","attempt":965,"result":false,"quantity":0,"date":"2011-09-12T00:00:00"}
[demand] attempt {"demand":"order 5","attempt":966,"quantity":10,"requestDate":"2011-09-12T00:00:00","lastDate":"2014-01-19T00:00:00"}
[operation] ask {"demand":"order 5","operation":"delivery end item","quantity":10,"end":"2011-09-12T00:00:00"}
[buffer] ask {"demand":null,"buffer":"end item","requested":10,"date":"2011-09-11T00:00:00","onhand":10}
[demand] reply {"demand":"order 5","attempt":966,"result":false,"quantity":0,"date":"2011-09-13T00:00:00"}
[demand] attempt {"demand":"order 5","attempt":967,"quantity":10,"requestDate":"2011-09-13T00:00:00","lastDate":"2014-01-19T00:00:00"}
[operation] ask {"demand":"order 5","operation":"delivery end item","quantity":10,"end":"2011-09-13T00:00:00"}
[buffer] ask {"demand":null,"buffer":"end item","requested":10,"date":"2011-09-12T00:00:00","onhand":10}
[demand] reply {"demand":"order 5","attempt":967,"result":false,"quantity":0,"date":"2011-09-14T00:00:00"}
[demand] attempt {"demand":"order 5","attempt":968,"quantity":10,"requestDate":"2011-09-14T00:00:00","lastDate":"2014-01-19T00:00:00"}
[operation] ask {"demand":"order 5","operation":"delivery end item","quantity":10,"end":"2011-09-14T00:00:00"}
[buffer] ask {"demand":null,"buffer":"end item","requested":10,"date":"2011-09-13T00:00:00","onhand":10}
[demand] reply {"demand":"order 5","attempt":968,"result":false,"quantity":0,"date":"2011-09-15T00:00:00"}
[demand] attempt {"demand":"order 5","attempt":969,"quantity":10,"requestDate":"2011-09-15T00:00:00","lastDate":"2014-01-19T00:00:00"}
[operation] ask {"demand":"order 5","operation":"delivery end item","quantity":10,"end":"2011-09-15T00:00:00"}
[buffer] ask {"demand":null,"buffer":"end item","requested":10,"date":"2011-09-14T00:00:00","onhand":10}
[demand] reply {"demand":"order 5","attempt":969,"result":false,"quantity":0,"date":"2011-09-16T00:00:00"}
[demand] attempt {"demand":"order 5","attempt":970,"quantity":10,"requestDate":"2011-09-16T00:00:00","lastDate":"2014-01-19T00:00:00"}
[operation] ask {"demand":"order 5","operation":"delivery end item","quantity":10,"end":"2011-09-16T00:00:00"}
[buffer] ask {"demand":null,"buffer":"end item","requested":10,"date":"2011-09-15T00:00:00","onhand":10}
[demand] reply {"demand":"order 5","attempt":970,"result":false,"quantity":0,"date":"2011-09-17T00:00:00"}
[demand] attempt {"demand":"order 5","attempt":971,"quantity":10,"requestDate":"2011-09-17T00:00:00","lastDate":"2014-01-19T00:00:00"}
[operation] ask {"demand":"order 5","operation":"delivery end item","quantity":10,"end":"2011-09-17T00:00:00"}
[buffer] ask {"demand":null,"buffer":"end item","requested":10,"date":"2011-09-16T00:00:00","onhand":10}
[demand] reply {"demand":"order 5","attempt":971,"result":false,"quantity":0,"date":"2011-09-18T00:00:00"}
[demand] attempt {"demand":"order 5","attempt":972,"quantity":10,"requestDate":"2011-09-18T00:00:00","lastDate":"2014-01-19T00:00:00"}
[operation] ask {"demand":"order 5","operation":"delivery end item","quantity":10,"end":"2011-09-18T00:00:00"}
[buffer] ask {"demand":null,"buffer":"end item","requested":10,"date":"2011-09-17T00:00:00","onhand":10}
[demand] reply {"demand":"order 5","attempt":972,"result":false,"quantity":0,"date":"2011-09-19T00:00:00"}
[demand] attempt {"demand":"order 5","attempt":973,"quantity":10,"requestDate":"2011-09-19T00:00:00","lastDate":"2014-01-19T00:00:00"}
[operation] ask {"demand":"order 5","operation":"delivery end item","quantity":10,"end":"2011-09-19T00:00:00"}
[buffer] ask {"demand":null,"buffer":"end item","requested":10,"date":"2011-09-18T00:00:00","onhand":10}
[demand] reply {"demand":"order 5","attempt":973,"result":false,"quantity":0,"date":"2011-09-20T00:00:00"}
[demand] attempt {"demand":"order 5","attempt":974,"quantity":10,"requestDate":"2011-09-20T00:00:00","lastDate":"2014-01-19T00:00:00"}
[operation] ask {"demand":"order 5","operation":"delivery end item","quantity":10,"end":"2011-09-20T00:00:00"}
[buffer] ask {"demand":null,"buffer":"end item","requested":10,"date":"2011-09-19T00:00:00","onhand":10}
[demand] reply {"demand":"order 5","attempt":974,"result":false,"quantity":0,"date":"2011-09-21T00:00:00"}
[demand] attempt {"demand":"order 5","attempt":975,"quantity":10,"requestDate":"2011-09-21T00:00:00","lastDate":"2014-01-19T00:00:00"}
[operation] ask {"demand":"order 5","operation":"delivery end item","quantity":10,"end":"2011-09-21T00:00:00"}
[buffer] ask {"demand":null,"buffer":"end item","requested":10,"date":"2011-09-20T00:00:00","onhand":10}
[demand] reply {"demand":"order 5","attempt":975,"result":false,"quantity":0,"date":"2011-09-22T00:00:00"}
[demand] attempt {"demand":"order 5","attempt":976,"quantity":10,"requestDate":"2011-09-22T00:00:00","lastDate":"2014-01-19T00:00:00"}
[operation] ask {"demand":"order 5","operation":"delivery end item","quantity":10,"end":"2011-09-22T00:00:00"}
[buffer] ask {"demand":null,"buffer":"end item","requested":10,"date":"2011-09-21T00:00:00","onhand":10}
[demand] reply {"demand":"order 5","attempt":976,"result":false,"quantity":0,"date":"2011-09-23T00:00:00"}
[demand] attempt {"demand":"order 5","attempt":977,"quantity":10,"requestDate":"2011-09-23T00:00:00","lastDate":"2014-01-19T00:00:00"}
[operation] ask {"demand":"order 5","operation":"delivery end item","quantity":10,"end":"2011-09-23T00:00:00"}
[buffer] ask {"demand":null,"buffer":"end item","requested":10,"date":"2011-09-22T00:00:00","onhand":10}
[demand] reply {"demand":"order 5","attempt":977,"result":false,"quantity":0,"date":"2011-09-24T00:00:00"}
[demand] attempt {"demand":"order 5","attempt":978,"quantity":10,"requestDate":"2011-09-24T00:00:00","lastDate":"2014-01-19T00:00:00"}
[operation] ask {"demand":"order 5","operation":"delivery end item","quantity":10,"end":"2011-09-24T00:00:00"}
[buffer] ask {"demand":null,"buffer":"end item","requested":10,"date":"2011-09-23T00:00:00","onhand":10}
[demand] reply {"demand":"order 5","attempt":978,"result":false,"quantity":0,"date":"2011-09-25T00:00:00"}
[demand] attempt {"demand":"order 5","attempt":979,"quantity":10,"requestDate":"2011-09-25T00:00:00","lastDate":"2014-01-19T00:00:00"}
[operation] ask {"demand":"order 5","operation":"delivery end item","quantity":10,"end":"2011-09-25T00:00:00"}
[buffer] ask {"demand":null,"buffer":"end item","requested":10,"date":"2011-09-24T00:00:00","onhand":10}
[demand] reply {"demand":"order 5","attempt":979,"result":false,"quantity":0,"date":"2011-09-26T00:00:00"}
[demand] attempt {"demand":"order 5","attempt":980,"quantity":10,"requestDate":"2011-09-26T00:00:00","lastDate":"2014-01-19T00:00:00"}
[operation] ask {"demand":"order 5","operation":"delivery end item","quantity":10,"end":"2011-09-26T00:00:00"}
[buffer] ask {"demand":null,"buffer":"end item","requested":10,"date":"2011-09-25T00:00:00","onhand":10}
[demand] reply {"demand":"order 5","attempt":980,"result":false,"quantity":0,"date":"2011-09-27T00:00:00"}
[demand] attempt {"demand":"order 5","attempt":981,"quantity":10,"requestDate":"2011-09-27T00:00:00","lastDate":"2014-01-19T00:00:00"}
[operation] ask {"demand":"order 5","operation":"delivery end item","quantity":10,"end":"2011-09-27T00:00:00"}
[buffer] ask {"demand":null,"buffer":"end item","requested":10,"date":"2011-09-26T00:00:00","onhand":10}
[demand] reply {"demand":"order 5","attempt":981,"result":false,"quantity":0,"date":"2011-09-28T00:00:00"}
[demand] attempt {"demand":"order 5","attempt":982,"quantity":10,"requestDate":"2011-09-28T00:00:00","lastDate":"2014-01-19T00:00:00"}
[operation] ask {"demand":"order 5","operation":"delivery end item","quantity":10,"end":"2011-09-28T00:00:00"}
[buffer] ask {"demand":null,"buffer":"end item","requested":10,"date":"2011-09-27T00:00:00","onhand":10}
[demand] reply {"demand":"order 5","attempt":982,"result":false,"quantity":0,"date":"2011-09-29T00:00:00"}
[demand] attempt {"demand":"order 5","attempt":983,"quantity":10,"requestDate":"2011-09-29T00:00:00","lastDate":"2014-01-19T00:00:00"}
[operation] ask {"demand":"order 5","operation":"delivery end item","quantity":10,"end":"2011-09-29T00:00:00"}
[buffer] ask {"demand":null,"buffer":"end item","requested":10,"date":"2011-09-28T00:00:00","onhand":10}
[demand] reply {"demand":"order 5","attempt":983,"result":false,"quantity":0,"date":"2011-09-30T00:00:00"}
[demand] attempt {"demand":"order 5","attempt":984,"quantity":10,"requestDate":"2011-09-30T00:00:00","lastDate":"2014-01-19T00:00:00"}
[operation] ask {"demand":"order 5","operation":"delivery end item","quantity":10,"end":"2011-09-30T00:00:00"}
[buffer] ask {"demand":null,"buffer":"end item","requested":10,"date":"2011-09-29T00:00:00","onhand":10}
[demand] reply {"demand":"order 5","attempt":984,"result":false,"quantity":0,"date":"2011-10-01T00:00:00"}
[demand] attempt {"demand":"order 5","attempt":985,"quantity":10,"requestDate":"2011-10-01T00:00:00","lastDate":"2014-01-19T00:00:00"}
[operation] ask {"demand":"order 5","operation":"delivery end item","quantity":10,"end":"2011-10-01T00:00:00"}
[buffer] ask {"demand":null,"buffer":"end item","requested":10,"date":"2011-09-30T00:00:00","onhand":10}
[demand] reply {"demand":"order 5","attempt":985,"result":false,"quantity":0,"date":"2011-10-02T00:00:00"}
[demand] attempt {"demand":"order 5","attempt":986,"quantity":10,"requestDate":"2011-10-02T00:00:00","lastDate":"2014-01-19T00:00:00"}
[operation] ask {"demand":"order 5","operation":"delivery end item","quantity":10,"end":"2011-10-02T00:00:00"}
[buffer] ask {"demand":null,"buffer":"end item","requested":10,"date":"2011-10-01T00:00:00","onhand":10}
[demand] reply {"demand":"order 5","attempt":986,"result":false,"quantity":0,"date":"2011-10-03T00:00:00"}
[demand] attempt {"demand":"order 5","attempt":987,"quantity":10,"requestDate":"2011-10-03T00:00:00","lastDate":"2014-01-19T00:00:00"}
[operation] ask {"demand":"order 5","operation":"delivery end item","quantity":10,"end":"2011-10-03T00:00:00"}
[buffer] ask {"demand":null,"buffer":"end item","requested":10,"date":"2011-10-02T00:00:00","onhand":10}
[demand] reply {"demand":"order 5","attempt":987,"result":false,"quantity":0,"date":"2011-10-04T00:00:00"}
[demand] attempt {"demand":"order 5","attempt":988,"quantity":10,"requestDate":"2011-10-04T00:00:00","lastDate":"2014-01-19T00:00:00"}
[operation] ask {"demand":"order 5","operation":"delivery end item","quantity":10,"end":"2011-10-04T00:00:00"}
[buffer] ask {"demand":null,"buffer":"end item","requested":10,"date":"2011-10-03T00:00:00","onhand":10}
[demand] reply {"demand":"order 5","attempt":988,"result":false,"quantity":0,"date":"2011-10-05T00:00:00"}
[demand] attempt {"demand":"order 5","attempt":989,"quantity":10,"requestDate":"2011-10-05T00:00:00","lastDate":"2014-01-19T00:00:00"}
[operation] ask {"demand":"order 5","operation":"delivery end item","quantity":10,"end":"2011-10-05T00:00:00"}
[buffer] ask {"demand":null,"buffer":"end item","requested":10,"date":"2011-10-04T00:00:00","onhand":10}
[demand] reply {"demand":"order 5","attempt":989,"result":false,"quantity":0,"date":"2011-10-06T00:00:00"}
[demand] attempt {"demand":"order 5","attempt":990,"quantity":10,"requestDate":"2011-10-06T00:00:00","lastDate":"2014-01-19T00:00:00"}
[operation] ask {"demand":"order 5","operation":"delivery end item","quantity":10,"end":"2011-10-06T00:00:00"}
[buffer] ask {"demand":null,"buffer":"end item","requested":10,"date":"2011-10-05T00:00:00","onhand":10}
[demand] reply {"demand":"order 5","attempt":990,"result":false,"quantity":0,"date":"2011-10-07T00:00:00"}
[demand] attempt {"demand":"order 5","attempt":991,"quantity":10,"requestDate":"2011-10-07T00:00:00","lastDate":"2014-01-19T00:00:00"}
[operation] ask {"demand":"order 5","operation":"delivery end item","quantity":10,"end":"2011-10-07T00:00:00"}
[buffer] ask {"demand":null,"buffer":"end item","requested":10,"date":"2011-10-06T00:00:00","onhand":10}
[demand] reply {"demand":"order 5","attempt":991,"result":false,"quantity":0,"date":"2011-10-08T00:00:00"}
[demand] attempt {"demand":"order 5","attempt":992,"quantity":10,"requestDate":"2011-10-08T00:00:00","lastDate":"2014-01-19T00:00:00"}
[operation] ask {"demand":"order 5","operation":"delivery end item","quantity":10,"end":"2011-10-08T00:00:00"}
[buffer] ask {"demand":null,"buffer":"end item","requested":10,"date":"2011-10-07T00:00:00","onhand":10}
[demand] reply {"demand":"order 5","attempt":992,"result":false,"quantity":0,"date":"2011-10-09T00:00:00"}
[demand] attempt {"demand":"order 5","attempt":993,"quantity":10,"requestDate":"2011-10-09T00:00:00","lastDate":"2014-01-19T00:00:00"}
[operation] ask {"demand":"order 5","operation":"delivery end item","quantity":10,"end":"2011-10-09T00:00:00"}
[buffer] ask {"demand":null,"buffer":"end item","requested":10,"date":"2011-10-08T00:00:00","onhand":10}
[demand] reply {"demand":"order 5","attempt":993,"result":false,"quantity":0,"date":"2011-10-10T00:00:00"}
[demand] attempt {"demand":"order 5","attempt":994,"quantity":10,"requestDate":"2011-10-10T00:00:00","lastDate":"2014-01-19T00:00:00"}
[operation] ask {"demand":"order 5","operation":"delivery end item","quantity":10,"end":"2011-10-10T00:00:00"}
[buffer] ask {"demand":null,"buffer":"end item","requested":10,"date":"2011-10-09T00:00:00","onhand":10}
[demand] reply {"demand":"order 5","attempt":994,"result":false,"quantity":0,"date":"2011-10-11T00:00:00"}
[demand] attempt {"demand":"order 5","attempt":995,"quantity":10,"requestDate":"2011-10-11T00:00:00","lastDate":"2014-01-19T00:00:00"}
[operation] ask {"demand":"order 5","operation":"delivery end item","quantity":10,"end":"2011-10-11T00:00:00"}
[buffer] ask {"demand":null,"buffer":"end item","requested":10,"date":"2011-10-10T00:00:00","onhand":10}
[demand] reply {"demand":"order 5","attempt":995,"result":false,"quantity":0,"date":"2011-10-12T00:00:00"}
[demand] attempt {"demand":"order 5","attempt":996,"quantity":10,"requestDate":"2011-10-12T00:00:00","lastDate":"2014-01-19T00:00:00"}
[operation] ask {"demand":"order 5","operation":"delivery end item","quantity":10,"end":"2011-10-12T00:00:00"}
[buffer] ask {"demand":null,"buffer":"end item","requested":10,"date":"2011-10-11T00:00:00","onhand":10}
[demand] reply {"demand":"order 5","attempt":996,"result":false,"quantity":0,"date":"2011-10-13T00:00:00"}
[demand] attempt {"demand":"order 5","attempt":997,"quantity":10,"requestDate":"2011-10-13T00:00:00","lastDate":"2014-01-19T00:00:00"}
[operation] ask {"demand":"order 5","operation":"delivery end item","quantity":10,"end":"2011-10-13T00:00:00"}
[buffer] ask {"demand":null,"buffer":"end item","requested":10,"date":"2011-10-12T00:00:00","onhand":10}
[demand] reply {"demand":"order 5","attempt":997,"result":false,"quantity":0,"date":"2011-10-14T00:00:00"}
[demand] attempt {"demand":"order 5","attempt":998,"quantity":10,"requestDate":"2011-10-14T00:00:00","lastDate":"2014-01-19T00:00:00"}
[operation] ask {"demand":"order 5","operation":"delivery end item","quantity":10,"end":"2011-10-14T00:00:00"}
[buffer] ask {"demand":null,"buffer":"end item","requested":10,"date":"2011-10-13T00:00:00","onhand":10}
[demand] reply {"demand":"order 5","attempt":998,"result":false,"quantity":0,"date":"2011-10-15T00:00:00"}
[demand] attempt {"demand":"order 5","attempt":999,"quantity":10,"requestDate":"2011-10-15T00:00:00","lastDate":"2014-01-19T00:00:00"}
[operation] ask {"demand":"order 5","operation":"delivery end item","quantity":10,"end":"2011-10-15T00:00:00"}
[buffer] ask {"demand":null,"buffer":"end item","requested":10,"date":"2011-10-14T00:00:00","onhand":10}
[demand] reply {"demand":"order 5","attempt":999,"result":false,"quantity":0,"date":"2011-10-16T00:00:00"}
[demand] attempt {"demand":"order 5","attempt":1000,"quantity":10,"requestDate":"2011-10-16T00:00:00","lastDate":"2014-01-19T00:00:00"}
[operation] ask {"demand":"order 5","operation":"delivery end item","quantity":10,"end":"2011-10-16T00:00:00"}
[buffer] ask {"demand":null,"buffer":"end item","requested":10,"date":"2011-10-15T00:00:00","onhand":10}
[demand] reply {"demand":"order 5","attempt":1000,"result":false,"quantity":0,"date":"2011-10-17T00:00:00"}
[demand] attempt {"demand":"order 5","attempt":1001,"quantity":10,"requestDate":"2011-10-17T00:00:00","lastDate":"2014-01-19T00:00:00"}
[operation] ask {"demand":"order 5","operation":"delivery end item","quantity":10,"end":"2011-10-17T00:00:00"}
[buffer] ask {"demand":null,"buffer":"end item","requested":10,"date":"2011-10-16T00:00:00","onhand":10}
[demand] reply {"demand":"order 5","attempt":1001,"result":false,"quantity":0,"date":"2011-10-18T00:00:00"}
[demand] attempt {"demand":"order 5","attempt":1002,"quantity":10,"requestDate":"2011-10-18T00:00:00","lastDate":"2014-01-19T00:00:00"}
[operation] ask {"demand":"order 5","operation":"delivery end item","quantity":10,"end":"2011-10-18T00:00:00"}
[buffer] ask {"demand":null,"buffer":"end item","requested":10,"date":"2011-10-17T00:00:00","onhand":10}
[demand] reply {"demand":"order 5","attempt":1002,"result":false,"quantity":0,"date":"2011-10-19T00:00:00"}
[demand] attempt {"demand":"order 5","attempt":1003,"quantity":10,"requestDate":"2011-10-19T00:00:00","lastDate":"2014-01-19T00:00:00"}
[operation] ask {"demand":"order 5","operation":"delivery end item","quantity":10,"end":"2011-10-19T00:00:00"}
[buffer] ask {"demand":null,"buffer":"end item","requested":10,"date":"2011-10-18T00:00:00","onhand":10}
[demand] reply {"demand":"order 5","attempt":1003,"result":false,"quantity":0,"date":"2011-10-20T00:00:00"}
[demand] attempt {"demand":"order 5","attempt":1004,"quantity":10,"requestDate":"2011-10-20T00:00:00","lastDate":"2014-01-19T00:00:00"}
[operation] ask {"demand":"order 5","operation":"delivery end item","quantity":10,"end":"2011-10-20T00:00:00"}
[buffer] ask {"demand":null,"buffer":"end item","requested":10,"date":"2011-10-19T00:00:00","onhand":10}
[demand] reply {"demand":"order 5","attempt":1004,"result":false,"quantity":0,"date":"2011-10-21T00:00:00"}
[demand] attempt {"demand":"order 5","attempt":1005,"quantity":10,"requestDate":"2011-10-21T00:00:00","lastDate":"2014-01-19T00:00:00"}
[operation] ask {"demand":"order 5","operation":"delivery end item","quantity":10,"end":"2011-10-21T00:00:00"}
[buffer] ask {"demand":null,"buffer":"end item","requested":10,"date":"2011-10-20T00:00:00","onhand":10}
[demand] reply {"demand":"order 5","attempt":1005,"result":false,"quantity":0,"date":"2011-10-22T00:00:00"}
[demand] attempt {"demand":"order 5","attempt":1006,"quantity":10,"requestDate":"2011-10-22T00:00:00","lastDate":"2014-01-19T00:00:00"}
[operation] ask {"demand":"order 5","operation":"delivery end item","quantity":10,"end":"2011-10-22T00:00:00"}
[buffer] ask {"demand":null,"buffer":"end item","requested":10,"date":"2011-10-21T00:00:00","onhand":10}
[demand] reply {"demand":"order 5","attempt":1006,"result":false,"quantity":0,"date":"2011-10-23T00:00:00"}
[demand] attempt {"demand":"order 5","attempt":1007,"quantity":10,"requestDate":"2011-10-23T00:00:00","lastDate":"2014-01-19T00:00:00"}
[operation] ask {"demand":"order 5","operation":"delivery end item","quantity":10,"end":"2011-10-23T00:00:00"}
[buffer] ask {"demand":null,"buffer":"end item","requested":10,"date":"2011-10-22T00:00:00","onhand":10}
[demand] reply {"demand":"order 5","attempt":1007,"result":false,"quantity":0,"date":"2011-10-24T00:00:00"}
[demand] attempt {"demand":"order 5","attempt":1008,"quantity":10,"requestDate":"2011-10-24T00:00:00","lastDate":"2014-01-19T00:00:00"}
[operation] ask {"demand":"order 5","operation":"delivery end item","quantity":10,"end":"2011-10-24T00:00:00"}
[buffer] ask {"demand":null,"buffer":"end item","requested":10,"date":"2011-10-23T00:00:00","onhand":10}
[demand] reply {"demand":"order 5","attempt":1008,"result":false,"quantity":0,"date":"2011-10-25T00:00:00"}
[demand] attempt {"demand":"order 5","attempt":1009,"quantity":10,"requestDate":"2011-10-25T00:00:00","lastDate":"2014-01-19T00:00:00"}
[operation] ask {"demand":"order 5","operation":"delivery end item","quantity":10,"end":"2011-10-25T00:00:00"}
[buffer] ask {"demand":null,"buffer":"end item","requested":10,"date":"2011-10-24T00:00:00","onhand":10}
[demand] reply {"demand":"order 5","attempt":1009,"result":false,"quantity":0,"date":"2011-10-26T00:00:00"}
[demand] attempt {"demand":"order 5","attempt":1010,"quantity":10,"requestDate":"2011-10-26T00:00:00","lastDate":"2014-01-19T00:00:00"}
[operation] ask {"demand":"order 5","operation":"delivery end item","quantity":10,"end":"2011-10-26T00:00:00"}
[buffer] ask {"demand":null,"buffer":"end item","requested":10,"date":"2011-10-25T00:00:00","onhand":10}
[demand] reply {"demand":"order 5","attempt":1010,"result":false,"quantity":0,"date":"2011-10-27T00:00:00"}
[demand] attempt {"demand":"order 5","attempt":1011,"quantity":10,"requestDate":"2011-10-27T00:00:00","lastDate":"2014-01-19T00:00:00"}
[operation] ask {"demand":"order 5","operation":"delivery end item","quantity":10,"end":"2011-10-27T00:00:00"}
[buffer] ask {"demand":null,"buffer":"end item","requested":10,"date":"2011-10-26T00:00:00","onhand":10}
[demand] reply {"demand":"order 5","attempt":1011,"result":false,"quantity":0,"date":"2011-10-28T00:00:00"}
[demand] attempt {"demand":"order 5","attempt":1012,"quantity":10,"requestDate":"2011-10-28T00:00:00","lastDate":"2014-01-19T00:00:00"}
[operation] ask {"demand":"order 5","operation":"delivery end item","quantity":10,"end":"2011-10-28T00:00:00"}
[buffer] ask {"demand":null,"buffer":"end item","requested":10,"date":"2011-10-27T00:00:00","onhand":10}
[demand] reply {"demand":"order 5","attempt":1012,"result":false,"quantity":0,"date":"2011-10-29T00:00:00"}
[demand] attempt {"demand":"order 5","attempt":1013,"quantity":10,"requestDate":"2011-10-29T00:00:00","lastDate":"2014-01-19T00:00:00"}
[operation] ask {"demand":"order 5","operation":"delivery end item","quantity":10,"end":"2011-10-29T00:00:00"}
[buffer] ask {"demand":null,"buffer":"end item","requested":10,"date":"2011-10-28T00:00:00","onhand":10}
[demand] reply {"demand":"order 5","attempt":1013,"result":false,"quantity":0,"date":"2011-10-30T00:00:00"}
[demand] attempt {"demand":"order 5","attempt":1014,"quantity":10,"requestDate":"2011-10-30T00:00:00","lastDate":"2014-01-19T00:00:00"}
[operation] ask {"demand":"order 5","operation":"delivery end item","quantity":10,"end":"2011-10-30T00:00:00"}
[buffer] ask {"demand":null,"buffer":"end item","requested":10,"date":"2011-10-29T00:00:00","onhand":10}
[demand] reply {"demand":"order 5","attempt":1014,"result":false,"quantity":0,"date":"2011-10-31T00:00:00"}
[demand] attempt {"demand":"order 5","attempt":1015,"quantity":10,"requestDate":"2011-10-31T00:00:00","lastDate":"2014-01-19T00:00:00"}
[operation] ask {"demand":"order 5","operation":"delivery end item","quantity":10,"end":"2011-10-31T00:00:00"}
[buffer] ask {"demand":null,"buffer":"end item","requested":10,"date":"2011-10-30T00:00:00","onhand":10}
[demand] reply {"demand":"order 5","attempt":1015,"result":false,"quantity":0,"date":"2011-11-01T00:00:00"}
[demand] attempt {"demand":"order 5","attempt":1016,"quantity":10,"requestDate":"2011-11-01T00:00:00","lastDate":"2014-01-19T00:00:00"}
[operation] ask {"demand":"order 5","operation":"delivery end item","quantity":10,"end":"2011-11-01T00:00:00"}
[buffer] ask {"demand":null,"buffer":"end item","requested":10,"date":"2011-10-31T00:00:00","onhand":10}
[demand] reply {"demand":"order 5","attempt":1016,"result":false,"quantity":0,"date":"2011-11-02T00:00:00"}
[demand] attempt {"demand":"order 5","attempt":1017,"quantity":10,"requestDate":"2011-11-02T00:00:00","lastDate":"2014-01-19T00:00:00"}
[operation] ask {"demand":"order 5","operation":"delivery end item","quantity":10,"end":"2011-11-02T00:00:00"}
[buffer] ask {"demand":null,"buffer":"end item","requested":10,"date":"2011-11-01T00:00:00","onhand":10}
[demand] reply {"demand":"order 5","attempt":1017,"result":false,"quantity":0,"date":"2011-11-03T00:00:00"}
[demand] attempt {"demand":"order 5","attempt":1018,"quantity":10,"requestDate":"2011-11-03T00:00:00","lastDate":"2014-01-19T00:00:00"}
[operation] ask {"demand":"order 5","operation":"delivery end item","quantity":10,"end":"2011-11-03T00:00:00"}
[buffer] ask {"demand":null,"buffer":"end item","requested":10,"date":"2011-11-02T00:00:00","onhand":10}
[demand] reply {"demand":"order 5","attempt":1018,"result":false,"quantity":0,"date":"2011-11-04T00:00:00"}
[demand] attempt {"demand":"order 5","attempt":1019,"quantity":10,"requestDate":"2011-11-04T00:00:00","lastDate":"2014-01-19T00:00:00"}
[operation] ask {"demand":"order 5","operation":"delivery end item","quantity":10,"end":"2011-11-04T00:00:00"}
[buffer] ask {"demand":null,"buffer":"end item","requested":10,"date":"2011-11-03T00:00:00","onhand":10}
[demand] reply {"demand":"order 5","attempt":1019,"result":false,"quantity":0,"date":"2011-11-05T00:00:00"}
[demand] attempt {"demand":"order 5","attempt":1020,"quantity":10,"requestDate":"2011-11-05T00:00:00","lastDate":"2014-01-19T00:00:00"}
[operation] ask {"demand":"order 5","operation":"delivery end item","quantity":10,"end":"2011-11-05T00:00:00"}
[buffer] ask {"demand":null,"buffer":"end item","requested":10,"date":"2011-11-04T00:00:00","onhand":10}
[demand] reply {"demand":"order 5","attempt":1020,"result":false,"quantity":0,"date":"2011-11-06T00:00:00"}
[demand] attempt {"demand":"order 5","attempt":1021,"quantity":10,"requestDate":"2011-11-06T00:00:00","lastDate":"2014-01-19T00:00:00"}
[operation] ask {"demand":"order 5","operation":"delivery end item","quantity":10,"end":"2011-11-06T00:00:00"}
[buffer] ask {"demand":null,"buffer":"end item","requested":10,"date":"2011-11-05T00:00:00","onhand":10}
[demand] reply {"demand":"order 5","attempt":1021,"result":false,"quantity":0,"date":"2011-11-07T00:00:00"}
[demand] attempt {"demand":"order 5","attempt":1022,"quantity":10,"requestDate":"2011-11-07T00:00:00","lastDate":"2014-01-19T00:00:00"}
[operation] ask {"demand":"order 5","operation":"delivery end item","quantity":10,"end":"2011-11-07T00:00:00"}
[buffer] ask {"demand":null,"buffer":"end item","requested":10,"date":"2011-11-06T00:00:00","onhand":10}
[demand] reply {"demand":"order 5","attempt":1022,"result":false,"quantity":0,"date":"2011-11-08T00:00:00"}
[demand] attempt {"demand":"order 5","attempt":1023,"quantity":10,"requestDate":"2011-11-08T00:00:00","lastDate":"2014-01-19T00:00:00"}
[operation] ask {"demand":"order 5","operation":"delivery end item","quantity":10,"end":"2011-11-08T00:00:00"}
[buffer] ask {"demand":null,"buffer":"end item","requested":10,"date":"2011-11-07T00:00:00","onhand":10}
[demand] reply {"demand":"order 5","attempt":1023,"result":false,"quantity":0,"date":"2011-11-09T00:00:00"}
[demand] attempt {"demand":"order 5","attempt":1024,"quantity":10,"requestDate":"2011-11-09T00:00:00","lastDate":"2014-01-19T00:00:00"}
[operation] ask {"demand":"order 5","operation":"delivery end item","quantity":10,"end":"2011-11-09T00:00:00"}
[buffer] ask {"demand":null,"buffer":"end item","requested":10,"date":"2011-11-08T00:00:00","onhand":10}
[demand] reply {"demand":"order 5","attempt":1024,"result":false,"quantity":0,"date":"2011-11-10T00:00:00"}
[demand] attempt {"demand":"order 5","attempt":1025,"quantity":10,"requestDate":"2011-11-10T00:00:00","lastDate":"2014-01-19T00:00:00"}
[operation] ask {"demand":"order 5","operation":"delivery end item","quantity":10,"end":"2011-11-10T00:00:00"}
[buffer] ask {"demand":null,"buffer":"end item","requested":10,"date":"2011-11-09T00:00:00","onhand":10}
[demand] reply {"demand":"order 5","attempt":1025,"result":false,"quantity":0,"date":"2011-11-11T00:00:00"}
[demand] attempt {"demand":"order 5","attempt":1026,"quantity":10,"requestDate":"2011-11-11T00:00:00","lastDate":"2014-01-19T00:00:00"}
[operation] ask {"demand":"order 5","operation":"delivery end item","quantity":10,"end":"2011-11-11T00:00:00"}
[buffer] ask {"demand":null,"buffer":"end item","requested":10,"date":"2011-11-10T00:00:00","onhand":10}
[demand] reply {"demand":"order 5","attempt":1026,"result":false,"quantity":0,"date":"2011-11-12T00:00:00"}
[demand] attempt {"demand":"order 5","attempt":1027,"quantity":10,"requestDate":"2011-11-12T00:00:00","lastDate":"2014-01-19T00:00:00"}
[operation] ask {"demand":"order 5","operation":"delivery end item","quantity":10,"end":"2011-11-12T00:00:00"}
[buffer] ask {"demand":null,"buffer":"end item","requested":10,"date":"2011-11-11T00:00:00","onhand":10}
[demand] reply {"demand":"order 5","attempt":1027,"result":false,"quantity":0,"date":"2011-11-13T00:00:00"}
[demand] attempt {"demand":"order 5","attempt":1028,"quantity":10,"requestDate":"2011-11-13T00:00:00","lastDate":"2014-01-19T00:00:00"}
[operation] ask {"demand":"order 5","operation":"delivery end item","quantity":10,"end":"2011-11-13T00:00:00"}
[buffer] ask {"demand":null,"buffer":"end item","requested":10,"date":"2011-11-12T00:00:00","onhand":10}
[demand] reply {"demand":"order 5","attempt":1028,"result":false,"quantity":0,"date":"2011-11-14T00:00:00"}
[demand] attempt {"demand":"order 5","attempt":1029,"quantity":10,"requestDate":"2011-11-14T00:00:00","lastDate":"2014-01-19T00:00:00"}
[operation] ask {"demand":"order 5","operation":"delivery end item","quantity":10,"end":"2011-11-14T00:00:00"}
[buffer] ask {"demand":null,"buffer":"end item","requested":10,"date":"2011-11-13T00:00:00","onhand":10}
[demand] reply {"demand":"order 5","attempt":1029,"result":false,"quantity":0,"date":"2011-11-15T00:00:00"}
[demand] attempt {"demand":"order 5","attempt":1030,"quantity":10,"requestDate":"2011-11-15T00:00:00","lastDate":"2014-01-19T00:00:00"}
[operation] ask {"demand":"order 5","operation":"delivery end item","quantity":10,"end":"2011-11-15T00:00:00"}
[buffer] ask {"demand":null,"buffer":"end item","requested":10,"date":"2011-11-14T00:00:00","onhand":10}
[demand] reply {"demand":"order 5","attempt":1030,"result":false,"quantity":0,"date":"2011-11-16T00:00:00"}
[demand] attempt {"demand":"order 5","attempt":1031,"quantity":10,"requestDate":"2011-11-16T00:00:00","lastDate":"2014-01-19T00:00:00"}
[operation] ask {"demand":"order 5","operation":"delivery end item","quantity":10,"end":"2011-11-16T00:00:00"}
[buffer] ask {"demand":null,"buffer":"end item","requested":10,"date":"2011-11-15T00:00:00","onhand":10}
[demand] reply {"demand":"order 5","attempt":1031,"result":false,"quantity":0,"date":"2011-11-17T00:00:00"}
[demand] attempt {"demand":"order 5","attempt":1032,"quantity":10,"requestDate":"2011-11-17T00:00:00","lastDate":"2014-01-19T00:00:00"}
[operation] ask {"demand":"order 5","operation":"delivery end item","quantity":10,"end":"2011-11-17T00:00:00"}
[buffer] ask {"demand":null,"buffer":"end item","requested":10,"date":"2011-11-16T00:00:00","onhand":10}
[demand] reply {"demand":"order 5","attempt":1032,"result":false,"quantity":0,"date":"2011-11-18T00:00:00"}
[demand] attempt {"demand":"order 5","attempt":1033,"quantity":10,"requestDate":"2011-11-18T00:00:00","lastDate":"2014-01-19T00:00:00"}
[operation] ask {"demand":"order 5","operation":"delivery end item","quantity":10,"end":"2011-11-18T00:00:00"}
[buffer] ask {"demand":null,"buffer":"end item","requested":10,"date":"2011-11-17T00:00:00","onhand":10}
[demand] reply {"demand":"order 5","attempt":1033,"result":false,"quantity":0,"date":"2011-11-19T00:00:00"}
[demand] attempt {"demand":"order 5","attempt":1034,"quantity":10,"requestDate":"2011-11-19T00:00:00","lastDate":"2014-01-19T00:00:00"}
[operation] ask {"demand":"order 5","operation":"delivery end item","quantity":10,"end":"2011-11-19T00:00:00"}
[buffer] ask {"demand":null,"buffer":"end item","requested":10,"date":"2011-11-18T00:00:00","onhand":10}
[demand] reply {"demand":"order 5","attempt":1034,"result":false,"quantity":0,"date":"2011-11-20T00:00:00"}
[demand] attempt {"demand":"order 5","attempt":1035,"quantity":10,"requestDate":"2011-11-20T00:00:00","lastDate":"2014-01-19T00:00:00"}
[operation] ask {"demand":"order 5","operation":"delivery end item","quantity":10,"end":"2011-11-20T00:00:00"}
[buffer] ask {"demand":null,"buffer":"end item","requested":10,"date":"2011-11-19T00:00:00","onhand":10}
[demand] reply {"demand":"order 5","attempt":1035,"result":false,"quantity":0,"date":"2011-11-21T00:00:00"}
[demand] attempt {"demand":"order 5","attempt":1036,"quantity":10,"requestDate":"2011-11-21T00:00:00","lastDate":"2014-01-19T00:00:00"}
[operation] ask {"demand":"order 5","operation":"delivery end item","quantity":10,"end":"2011-11-21T00:00:00"}
[buffer] ask {"demand":null,"buffer":"end item","requested":10,"date":"2011-11-20T00:00:00","onhand":10}
[demand] reply {"demand":"order 5","attempt":1036,"result":false,"quantity":0,"date":"2011-11-22T00:00:00"}
[demand] attempt {"demand":"order 5","attempt":1037,"quantity":10,"requestDate":"2011-11-22T00:00:00","lastDate":"2014-01-19T00:00:00"}
[operation] ask {"demand":"order 5","operation":"delivery end item","quantity":10,"end":"2011-11-22T00:00:00"}
[buffer] ask {"demand":null,"buffer":"end item","requested":10,"date":"2011-11-21T00:00:00","onhand":10}
[demand] reply {"demand":"order 5","attempt":1037,"result":false,"quantity":0,"date":"2011-11-23T00:00:00"}
[demand] attempt {"demand":"order 5","attempt":1038,"quantity":10,"requestDate":"2011-11-23T00:00:00","lastDate":"2014-01-19T00:00:00"}
[operation] ask {"demand":"order 5","operation":"delivery end item","quantity":10,"end":"2011-11-23T00:00:00"}
[buffer] ask {"demand":null,"buffer":"end item","requested":10,"date":"2011-11-22T00:00:00","onhand":10}
[demand] reply {"demand":"order 5","attempt":1038,"result":false,"quantity":0,"date":"2011-11-24T00:00:00"}
[demand] attempt {"demand":"order 5","attempt":1039,"quantity":10,"requestDate":"2011-11-24T00:00:00","lastDate":"2014-01-19T00:00:00"}
[operation] ask {"demand":"order 5","operation":"delivery end item","quantity":10,"end":"2011-11-24T00:00:00"}
[buffer] ask {"demand":null,"buffer":"end item","requested":10,"date":"2011-11-23T00:00:00","onhand":10}
[demand] reply {"demand":"order 5","attempt":1039,"result":false,"quantity":0,"date":"2011-11-25T00:00:00"}
[demand] attempt {"demand":"order 5","attempt":1040,"quantity":10,"requestDate":"2011-11-25T00:00:00","lastDate":"2014-01-19T00:00:00"}
[operation] ask {"demand":"order 5","operation":"delivery end item","quantity":10,"end":"2011-11-25T00:00:00"}
[buffer] ask {"demand":null,"buffer":"end item","requested":10,"date":"2011-11-24T00:00:00","onhand":10}
[demand] reply {"demand":"order 5","attempt":1040,"result":false,"quantity":0,"date":"2011-11-26T00:00:00"}
[demand] attempt {"demand":"order 5","attempt":1041,"quantity":10,"requestDate":"2011-11-26T00:00:00","lastDate":"2014-01-19T00:00:00"}
[operation] ask {"demand":"order 5","operation":"delivery end item","quantity":10,"end":"2011-11-26T00:00:00"}
[buffer] ask {"demand":null,"buffer":"end item","requested":10,"date":"2011-11-25T00:00:00","onhand":10}
[demand] reply {"demand":"order 5","attempt":1041,"result":false,"quantity":0,"date":"2011-11-27T00:00:00"}
[demand] attempt {"demand":"order 5","attempt":1042,"quantity":10,"requestDate":"2011-11-27T00:00:00","lastDate":"2014-01-19T00:00:00"}
[operation] ask {"demand":"order 5","operation":"delivery end item","quantity":10,"end":"2011-11-27T00:00:00"}
[buffer] ask {"demand":null,"buffer":"end item","requested":10,"date":"2011-11-26T00:00:00","onhand":10}
[demand] reply {"demand":"order 5","attempt":1042,"result":false,"quantity":0,"date":"2011-11-28T00:00:00"}
[demand] attempt {"demand":"order 5","attempt":1043,"quantity":10,"requestDate":"2011-11-28T00:00:00","lastDate":"2014-01-19T00:00:00"}
[operation] ask {"demand":"order 5","operation":"delivery end item","quantity":10,"end":"2011-11-28T00:00:00"}
[buffer] ask {"demand":null,"buffer":"end item","requested":10,"date":"2011-11-27T00:00:00","onhand":10}
[demand] reply {"demand":"order 5","attempt":1043,"result":false,"quantity":0,"date":"2011-11-29T00:00:00"}
[demand] attempt {"demand":"order 5","attempt":1044,"quantity":10,"requestDate":"2011-11-29T00:00:00","lastDate":"2014-01-19T00:00:00"}
[operation] ask {"demand":"order 5","operation":"delivery end item","quantity":10,"end":"2011-11-29T00:00:00"}
[buffer] ask {"demand":null,"buffer":"end item","requested":10,"date":"2011-11-28T00:00:00","onhand":10}
[demand] reply {"demand":"order 5","attempt":1044,"result":false,"quantity":0,"date":"2011-11-30T00:00:00"}
[demand] attempt {"demand":"order 5","attempt":1045,"quantity":10,"requestDate":"2011-11-30T00:00:00","lastDate":"2014-01-19T00:00:00"}
[operation] ask {"demand":"order 5","operation":"delivery end item","quantity":10,"end":"2011-11-30T00:00:00"}
[buffer] ask {"demand":null,"buffer":"end item","requested":10,"date":"2011-11-29T00:00:00","onhand":10}
[demand] reply {"demand":"order 5","attempt":1045,"result":false,"quantity":0,"date":"2011-12-01T00:00:00"}
[demand] attempt {"demand":"order 5","attempt":1046,"quantity":10,"requestDate":"2011-12-01T00:00:00","lastDate":"2014-01-19T00:00:00"}
[operation] ask {"demand":"order 5","operation":"delivery end item","quantity":10,"end":"2011-12-01T00:00:00"}
[buffer] ask {"demand":null,"buffer":"end item","requested":10,"date":"2011-11-30T00:00:00","onhand":10}
[demand] reply {"demand":"order 5","attempt":1046,"result":false,"quantity":0,"date":"2011-12-02T00:00:00"}
[demand] attempt {"demand":"order 5","attempt":1047,"quantity":10,"requestDate":"2011-12-02T00:00:00","lastDate":"2014-01-19T00:00:00"}
[operation] ask {"demand":"order 5","operation":"delivery end item","quantity":10,"end":"2011-12-02T00:00:00"}
[buffer] ask {"demand":null,"buffer":"end item","requested":10,"date":"2011-12-01T00:00:00","onhand":10}
[demand] reply {"demand":"order 5","attempt":1047,"result":false,"quantity":0,"date":"2011-12-03T00:00:00"}
[demand] attempt {"demand":"order 5","attempt":1048,"quantity":10,"requestDate":"2011-12-03T00:00:00","lastDate":"2014-01-19T00:00:00"}
[operation] ask {"demand":"order 5","operation":"delivery end item","quantity":10,"end":"2011-12-03T00:00:00"}
[buffer] ask {"demand":null,"buffer":"end item","requested":10,"date":"2011-12-02T00:00:00","onhand":10}
[demand] reply {"demand":"order 5","attempt":1048,"result":false,"quantity":0,"date":"2011-12-04T00:00:00"}
[demand] attempt {"demand":"order 5","attempt":1049,"quantity":10,"requestDate":"2011-12-04T00:00:00","lastDate":"2014-01-19T00:00:00"}
[operation] ask {"demand":"order 5","operation":"delivery end item","quantity":10,"end":"2011-12-04T00:00:00"}
[buffer] ask {"demand":null,"buffer":"end item","requested":10,"date":"2011-12-03T00:00:00","onhand":10}
[demand] reply {"demand":"order 5","attempt":1049,"result":false,"quantity":0,"date":"2011-12-05T00:00:00"}
[demand] attempt {"demand":"order 5","attempt":1050,"quantity":10,"requestDate":"2011-12-05T00:00:00","lastDate":"2014-01-19T00:00:00"}
[operation] ask {"demand":"order 5","operation":"delivery end item","quantity":10,"end":"2011-12-05T00:00:00"}
[buffer] ask {"demand":null,"buffer":"end item","requested":10,"date":"2011-12-04T00:00:00","onhand":10}
[demand] reply {"demand":"order 5","attempt":1050,"result":false,"quantity":0,"date":"2011-12-06T00:00:00"}
[demand] attempt {"demand":"order 5","attempt":1051,"quantity":10,"requestDate":"2011-12-06T00:00:00","lastDate":"2014-01-19T00:00:00"}
[operation] ask {"demand":"order 5","operation":"delivery end item","quantity":10,"end":"2011-12-06T00:00:00"}
[buffer] ask {"demand":null,"buffer":"end item","requested":10,"date":"2011-12-05T00:00:00","onhand":10}
[demand] reply {"demand":"order 5","attempt":1051,"result":false,"quantity":0,"date":"2011-12-07T00:00:00"}
[demand] attempt {"demand":"order 5","attempt":1052,"quantity":10,"requestDate":"2011-12-07T00:00:00","lastDate":"2014-01-19T00:00:00"}
[operation] ask {"demand":"order 5","operation":"delivery end item","quantity":10,"end":"2011-12-07T00:00:00"}
[buffer] ask {"demand":null,"buffer":"end item","requested":10,"date":"2011-12-06T00:00:00","onhand":10}
[demand] reply {"demand":"order 5","attempt":1052,"result":false,"quantity":0,"date":"2011-12-08T00:00:00"}
[demand] attempt {"demand":"order 5","attempt":1053,"quantity":10,"requestDate":"2011-12-08T00:00:00","lastDate":"2014-01-19T00:00:00"}
[operation] ask {"demand":"order 5","operation":"delivery end item","quantity":10,"end":"2011-12-08T00:00:00"}
[buffer] ask {"demand":null,"buffer":"end item","requested":10,"date":"2011-12-07T00:00:00","onhand":10}
[demand] reply {"demand":"order 5","attempt":1053,"result":false,"quantity":0,"date":"2011-12-09T00:00:00"}
[demand] attempt {"demand":"order 5","attempt":1054,"quantity":10,"requestDate":"2011-12-09T00:00:00","lastDate":"2014-01-19T00:00:00"}
[operation] ask {"demand":"order 5","operation":"delivery end item","quantity":10,"end":"2011-12-09T00:00:00"}
[buffer] ask {"demand":null,"buffer":"end item","requested":10,"date":"2011-12-08T00:00:00","onhand":10}
[demand] reply {"demand":"order 5","attempt":1054,"result":false,"quantity":0,"date":"2011-12-10T00:00:00"}
[demand] attempt {"demand":"order 5","attempt":1055,"quantity":10,"requestDate":"2011-12-10T00:00:00","lastDate":"2014-01-19T00:00:00"}
[operation] ask {"demand":"order 5","operation":"delivery end item","quantity":10,"end":"2011-12-10T00:00:00"}
[buffer] ask {"demand":null,"buffer":"end item","requested":10,"date":"2011-12-09T00:00:00","onhand":10}
[demand] reply {"demand":"order 5","attempt":1055,"result":false,"quantity":0,"date":"2011-12-11T00:00:00"}
[demand] attempt {"demand":"order 5","attempt":1056,"quantity":10,"requestDate":"2011-12-11T00:00:00","lastDate":"2014-01-19T00:00:00"}
[operation] ask {"demand":"order 5","operation":"delivery end item","quantity":10,"end":"2011-12-11T00:00:00"}
[buffer] ask {"demand":null,"buffer":"end item","requested":10,"date":"2011-12-10T00:00:00","onhand":10}
[demand] reply {"demand":"order 5","attempt":1056,"result":false,"quantity":0,"date":"2011-12-12T00:00:00"}
[demand] attempt {"demand":"order 5","attempt":1057,"quantity":10,"requestDate":"2011-12-12T00:00:00","lastDate":"2014-01-19T00:00:00"}
[operation] ask {"demand":"order 5","operation":"delivery end item","quantity":10,"end":"2011-12-12T00:00:00"}
[buffer] ask {"demand":null,"buffer":"end item","requested":10,"date":"2011-12-11T00:00:00","onhand":10}
[demand] reply {"demand":"order 5","attempt":1057,"result":false,"quantity":0,"date":"2011-12-13T00:00:00"}
[demand] attempt {"demand":"order 5","attempt":1058,"quantity":10,"requestDate":"2011-12-13T00:00:00","lastDate":"2014-01-19T00:00:00"}
[operation] ask {"demand":"order 5","operation":"delivery end item","quantity":10,"end":"2011-12-13T00:00:00"}
[buffer] ask {"demand":null,"buffer":"end item","requested":10,"date":"2011-12-12T00:00:00","onhand":10}
[demand] reply {"demand":"order 5","attempt":1058,"result":false,"quantity":0,"date":"2011-12-14T00:00:00"}
[demand] attempt {"demand":"order 5","attempt":1059,"quantity":10,"requestDate":"2011-12-14T00:00:00","lastDate":"2014-01-19T00:00:00"}
[operation] ask {"demand":"order 5","operation":"delivery end item","quantity":10,"end":"2011-12-14T00:00:00"}
[buffer] ask {"demand":null,"buffer":"end item","requested":10,"date":"2011-12-13T00:00:00","onhand":10}
[demand] reply {"demand":"order 5","attempt":1059,"result":false,"quantity":0,"date":"2011-12-15T00:00:00"}
[demand] attempt {"demand":"order 5","attempt":1060,"quantity":10,"requestDate":"2011-12-15T00:00:00","lastDate":"2014-01-19T00:00:00"}
[operation] ask {"demand":"order 5","operation":"delivery end item","quantity":10,"end":"2011-12-15T00:00:00"}
[buffer] ask {"demand":null,"buffer":"end item","requested":10,"date":"2011-12-14T00:00:00","onhand":10}
[demand] reply {"demand":"order 5","attempt":1060,"result":false,"quantity":0,"date":"2011-12-16T00:00:00"}
[demand] attempt {"demand":"order 5","attempt":1061,"quantity":10,"requestDate":"2011-12-16T00:00:00","lastDate":"2014-01-19T00:00:00"}
[operation] ask {"demand":"order 5","operation":"delivery end item","quantity":10,"end":"2011-12-16T00:00:00"}
[buffer] ask {"demand":null,"buffer":"end item","requested":10,"date":"2011-12-15T00:00:00","onhand":10}
[demand] reply {"demand":"order 5","attempt":1061,"result":false,"quantity":0,"date":"2011-12-17T00:00:00"}
[demand] attempt {"demand":"order 5","attempt":1062,"quantity":10,"requestDate":"2011-12-17T00:00:00","lastDate":"2014-01-19T00:00:00"}
[operation] ask {"demand":"order 5","operation":"delivery end item","quantity":10,"end":"2011-12-17T00:00:00"}
[buffer] ask {"demand":null,"buffer":"end item","requested":10,"date":"2011-12-16T00:00:00","onhand":10}
[demand] reply {"demand":"order 5","attempt":1062,"result":false,"quantity":0,"date":"2011-12-18T00:00:00"}
[demand] attempt {"demand":"order 5","attempt":1063,"quantity":10,"requestDate":"2011-12-18T00:00:00","lastDate":"2014-01-19T00:00:00"}
[operation] ask {"demand":"order 5","operation":"delivery end item","quantity":10,"end":"2011-12-18T00:00:00"}
[buffer] ask {"demand":null,"buffer":"end item","requested":10,"date":"2011-12-17T00:00:00","onhand":10}
[demand] reply {"demand":"order 5","attempt":1063,"result":false,"quantity":0,"date":"2011-12-19T00:00:00"}
[demand] attempt {"demand":"order 5","attempt":1064,"quantity":10,"requestDate":"2011-12-19T00:00:00","lastDate":"2014-01-19T00:00:00"}
[operation] ask {"demand":"order 5","operation":"delivery end item","quantity":10,"end":"2011-12-19T00:00:00"}
[buffer] ask {"demand":null,"buffer":"end item","requested":10,"date":"2011-12-18T00:00:00","onhand":10}
[demand] reply {"demand":"order 5","attempt":1064,"result":false,"quantity":0,"date":"2011-12-20T00:00:00"}
[demand] attempt {"demand":"order 5","attempt":1065,"quantity":10,"requestDate":"2011-12-20T00:00:00","lastDate":"2014-01-19T00:00:00"}
[operation] ask {"demand":"order 5","operation":"delivery end item","quantity":10,"end":"2011-12-20T00:00:00"}
[buffer] ask {"demand":null,"buffer":"end item","requested":10,"date":"2011-12-19T00:00:00","onhand":10}
[demand] reply {"demand":"order 5","attempt":1065,"result":false,"quantity":0,"date":"2011-12-21T00:00:00"}
[demand] attempt {"demand":"order 5","attempt":1066,"quantity":10,"requestDate":"2011-12-21T00:00:00","lastDate":"2014-01-19T00:00:00"}
[operation] ask {"demand":"order 5","operation":"delivery end item","quantity":10,"end":"2011-12-21T00:00:00"}
[buffer] ask {"demand":null,"buffer":"end item","requested":10,"date":"2011-12-20T00:00:00","onhand":10}
[demand] reply {"demand":"order 5","attempt":1066,"result":false,"quantity":0,"date":"2011-12-22T00:00:00"}
[demand] attempt {"demand":"order 5","attempt":1067,"quantity":10,"requestDate":"2011-12-22T00:00:00","lastDate":"2014-01-19T00:00:00"}
[operation] ask {"demand":"order 5","operation":"delivery end item","quantity":10,"end":"2011-12-22T00:00:00"}
[buffer] ask {"demand":null,"buffer":"end item","requested":10,"date":"2011-12-21T00:00:00","onhand":10}
[demand] reply {"demand":"order 5","attempt":1067,"result":false,"quantity":0,"date":"2011-12-23T00:00:00"}
[demand] attempt {"demand":"order 5","attempt":1068,"quantity":10,"requestDate":"2011-12-23T00:00:00","lastDate":"2014-01-19T00:00:00"}
[operation] ask {"demand":"order 5","operation":"delivery end item","quantity":10,"end":"2011-12-23T00:00:00"}
[buffer] ask {"demand":null,"buffer":"end item","requested":10,"date":"2011-12-22T00:00:00","onhand":10}
[demand] reply {"demand":"order 5","attempt":1068,"result":false,"quantity":0,"date":"2011-12-24T00:00:00"}
[demand] attempt {"demand":"order 5","attempt":1069,"quantity":10,"requestDate":"2011-12-24T00:00:00","lastDate":"2014-01-19T00:00:00"}
[operation] ask {"demand":"order 5","operation":"delivery end item","quantity":10,"end":"2011-12-24T00:00:00"}
[buffer] ask {"demand":null,"buffer":"end item","requested":10,"date":"2011-12-23T00:00:00","onhand":10}
[demand] reply {"demand":"order 5","attempt":1069,"result":false,"quantity":0,"date":"2011-12-25T00:00:00"}
[demand] attempt {"demand":"order 5","attempt":1070,"quantity":10,"requestDate":"2011-12-25T00:00:00","lastDate":"2014-01-19T00:00:00"}
[operation] ask {"demand":"order 5","operation":"delivery end item","quantity":10,"end":"2011-12-25T00:00:00"}
[buffer] ask {"demand":null,"buffer":"end item","requested":10,"date":"2011-12-24T00:00:00","onhand":10}
[demand] reply {"demand":"order 5","attempt":1070,"result":false,"quantity":0,"date":"2011-12-26T00:00:00"}
[demand] attempt {"demand":"order 5","attempt":1071,"quantity":10,"requestDate":"2011-12-26T00:00:00","lastDate":"2014-01-19T00:00:00"}
[operation] ask {"demand":"order 5","operation":"delivery end item","quantity":10,"end":"2011-12-26T00:00:00"}
[buffer] ask {"demand":null,"buffer":"end item","requested":10,"date":"2011-12-25T00:00:00","onhand":10}
[demand] reply {"demand":"order 5","attempt":1071,"result":false,"quantity":0,"date":"2011-12-27T00:00:00"}
[demand] attempt {"demand":"order 5","attempt":1072,"quantity":10,"requestDate":"2011-12-27T00:00:00","lastDate":"2014-01-19T00:00:00"}
[operation] ask {"demand":"order 5","operation":"delivery end item","quantity":10,"end":"2011-12-27T00:00:00"}
[buffer] ask {"demand":null,"buffer":"end item","requested":10,"date":"2011-12-26T00:00:00","onhand":10}
[demand] reply {"demand":"order 5","attempt":1072,"result":false,"quantity":0,"date":"2011-12-28T00:00:00"}
[demand] attempt {"demand":"order 5","attempt":1073,"quantity":10,"requestDate":"2011-12-28T00:00:00","lastDate":"2014-01-19T00:00:00"}
[operation] ask {"demand":"order 5","operation":"delivery end item","quantity":10,"end":"2011-12-28T00:00:00"}
[buffer] ask {"demand":null,"buffer":"end item","requested":10,"date":"2011-12-27T00:00:00","onhand":10}
[demand] reply {"demand":"order 5","attempt":1073,"result":false,"quantity":0,"date":"2011-12-29T00:00:00"}
[demand] attempt {"demand":"order 5","attempt":1074,"quantity":10,"requestDate":"2011-12-29T00:00:00","lastDate":"2014-01-19T00:00:00"}
[operation] ask {"demand":"order 5","operation":"delivery end item","quantity":10,"end":"2011-12-29T00:00:00"}
[buffer] ask {"demand":null,"buffer":"end item","requested":10,"date":"2011-12-28T00:00:00","onhand":10}
[demand] reply {"demand":"order 5","attempt":1074,"result":false,"quantity":0,"date":"2011-12-30T00:00:00"}
[demand] attempt {"demand":"order 5","attempt":1075,"quantity":10,"requestDate":"2011-12-30T00:00:00","lastDate":"2014-01-19T00:00:00"}
[operation] ask {"demand":"order 5","operation":"delivery end item","quantity":10,"end":"2011-12-30T00:00:00"}
[buffer] ask {"demand":null,"buffer":"end item","requested":10,"date":"2011-12-29T00:00:00","onhand":10}
[demand] reply {"demand":"order 5","attempt":1075,"result":false,"quantity":0,"date":"2011-12-31T00:00:00"}
[demand] attempt {"demand":"order 5","attempt":1076,"quantity":10,"requestDate":"2011-12-31T00:00:00","lastDate":"2014-01-19T00:00:00"}
[operation] ask {"demand":"order 5","operation":"delivery end item","quantity":10,"end":"2011-12-31T00:00:00"}
[buffer] ask {"demand":null,"buffer":"end item","requested":10,"date":"2011-12-30T00:00:00","onhand":10}
[demand] reply {"demand":"order 5","attempt":1076,"result":false,"quantity":0,"date":"2012-01-01T00:00:00"}
[demand] attempt {"demand":"order 5","attempt":1077,"quantity":10,"requestDate":"2012-01-01T00:00:00","lastDate":"2014-01-19T00:00:00"}
[operation] ask {"demand":"order 5","operation":"delivery end item","quantity":10,"end":"2012-01-01T00:00:00"}
[buffer] ask {"demand":null,"buffer":"end item","requested":10,"date":"2011-12-31T00:00:00","onhand":10}
[demand] reply {"demand":"order 5","attempt":1077,"result":false,"quantity":0,"date":"2012-01-02T00:00:00"}
[demand] attempt {"demand":"order 5","attempt":1078,"quantity":10,"requestDate":"2012-01-02T00:00:00","lastDate":"2014-01-19T00:00:00"}
[operation] ask {"demand":"order 5","operation":"delivery end item","quantity":10,"end":"2012-01-02T00:00:00"}
[buffer] ask {"demand":null,"buffer":"end item","requested":10,"date":"2012-01-01T00:00:00","onhand":10}
[demand] reply {"demand":"order 5","attempt":1078,"result":false,"quantity":0,"date":"2012-01-03T00:00:00"}
[demand] attempt {"demand":"order 5","attempt":1079,"quantity":10,"requestDate":"2012-01-03T00:00:00","lastDate":"2014-01-19T00:00:00"}
[operation] ask {"demand":"order 5","operation":"delivery end item","quantity":10,"end":"2012-01-03T00:00:00"}
[buffer] ask {"demand":null,"buffer":"end item","requested":10,"date":"2012-01-02T00:00:00","onhand":10}
[demand] reply {"demand":"order 5","attempt":1079,"result":false,"quantity":0,"date":"2012-01-04T00:00:00"}
[demand] attempt {"demand":"order 5","attempt":1080,"quantity":10,"requestDate":"2012-01-04T00:00:00","lastDate":"2014-01-19T00:00:00"}
[operation] ask {"demand":"order 5","operation":"delivery end item","quantity":10,"end":"2012-01-04T00:00:00"}
[buffer] ask {"demand":null,"buffer":"end item","requested":10,"date":"2012-01-03T00:00:00","onhand":10}
[demand] reply {"demand":"order 5","attempt":1080,"result":false,"quantity":0,"date":"2012-01-05T00:00:00"}
[demand] attempt {"demand":"order 5","attempt":1081,"quantity":10,"requestDate":"2012-01-05T00:00:00","lastDate":"2014-01-19T00:00:00"}
[operation] ask {"demand":"order 5","operation":"delivery end item","quantity":10,"end":"2012-01-05T00:00:00"}
[buffer] ask {"demand":null,"buffer":"end item","requested":10,"date":"2012-01-04T00:00:00","onhand":10}
[demand] reply {"demand":"order 5","attempt":1081,"result":false,"quantity":0,"date":"2012-01-06T00:00:00"}
[demand] attempt {"demand":"order 5","attempt":1082,"quantity":10,"requestDate":"2012-01-06T00:00:00","lastDate":"2014-01-19T00:00:00"}
[operation] ask {"demand":"order 5","operation":"delivery end item","quantity":10,"end":"2012-01-06T00:00:00"}
[buffer] ask {"demand":null,"buffer":"end item","requested":10,"date":"2012-01-05T00:00:00","onhand":10}
[demand] reply {"demand":"order 5","attempt":1082,"result":false,"quantity":0,"date":"2012-01-07T00:00:00"}
[demand] attempt {"demand":"order 5","attempt":1083,"quantity":10,"requestDate":"2012-01-07T00:00:00","lastDate":"2014-01-19T00:00:00"}
[operation] ask {"demand":"order 5","operation":"delivery end item","quantity":10,"end":"2012-01-07T00:00:00"}
[buffer] ask {"demand":null,"buffer":"end item","requested":10,"date":"2012-01-06T00:00:00","onhand":10}
[demand] reply {"demand":"order 5","attempt":1083,"result":false,"quantity":0,"date":"2012-01-08T00:00:00"}
[demand] attempt {"demand":"order 5","attempt":1084,"quantity":10,"requestDate":"2012-01-08T00:00:00","lastDate":"2014-01-19T00:00:00"}
[operation] ask {"demand":"order 5","operation":"delivery end item","quantity":10,"end":"2012-01-08T00:00:00"}
[buffer] ask {"demand":null,"buffer":"end item","requested":10,"date":"2012-01-07T00:00:00","onhand":10}
[demand] reply {"demand":"order 5","attempt":1084,"result":false,"quantity":0,"date":"2012-01-09T00:00:00"}
[demand] attempt {"demand":"order 5","attempt":1085,"quantity":10,"requestDate":"2012-01-09T00:00:00","lastDate":"2014-01-19T00:00:00"}
[operation] ask {"demand":"order 5","operation":"delivery end item","quantity":10,"end":"2012-01-09T00:00:00"}
[buffer] ask {"demand":null,"buffer":"end item","requested":10,"date":"2012-01-08T00:00:00","onhand":10}
[demand] reply {"demand":"order 5","attempt":1085,"result":false,"quantity":0,"date":"2012-01-10T00:00:00"}
[demand] attempt {"demand":"order 5","attempt":1086,"quantity":10,"requestDate":"2012-01-10T00:00:00","lastDate":"2014-01-19T00:00:00"}
[operation] ask {"demand":"order 5","operation":"delivery end item","quantity":10,"end":"2012-01-10T00:00:00"}
[buffer] ask {"demand":null,"buffer":"end item","requested":10,"date":"2012-01-09T00:00:00","onhand":10}
[demand] reply {"demand":"order 5","attempt":1086,"result":false,"quantity":0,"date":"2012-01-11T00:00:00"}
[demand] attempt {"demand":"order 5","attempt":1087,"quantity":10,"requestDate":"2012-01-11T00:00:00","lastDate":"2014-01-19T00:00:00"}
[operation] ask {"demand":"order 5","operation":"delivery end item","quantity":10,"end":"2012-01-11T00:00:00"}
[buffer] ask {"demand":null,"buffer":"end item","requested":10,"date":"2012-01-10T00:00:00","onhand":10}
[demand] reply {"demand":"order 5","attempt":1087,"result":false,"quantity":0,"date":"2012-01-12T00:00:00"}
[demand] attempt {"demand":"order 5","attempt":1088,"quantity":10,"requestDate":"2012-01-12T00:00:00","lastDate":"2014-01-19T00:00:00"}
[operation] ask {"demand":"order 5","operation":"delivery end item","quantity":10,"end":"2012-01-12T00:00:00"}
[buffer] ask {"demand":null,"buffer":"end item","requested":10,"date":"2012-01-11T00:00:00","onhand":10}
[demand] reply {"demand":"order 5","attempt":1088,"result":false,"quantity":0,"date":"2012-01-13T00:00:00"}
[demand] attempt {"demand":"order 5","attempt":1089,"quantity":10,"requestDate":"2012-01-13T00:00:00","lastDate":"2014-01-19T00:00:00"}
[operation] ask {"demand":"order 5","operation":"delivery end item","quantity":10,"end":"2012-01-13T00:00:00"}
[buffer] ask {"demand":null,"buffer":"end item","requested":10,"date":"2012-01-12T00:00:00","onhand":10}
[demand] reply {"demand":"order 5","attempt":1089,"result":false,"quantity":0,"date":"2012-01-14T00:00:00"}
[demand] attempt {"demand":"order 5","attempt":1090,"quantity":10,"requestDate":"2012-01-14T00:00:00","lastDate":"2014-01-19T00:00:00"}
[operation] ask {"demand":"order 5","operation":"delivery end item","quantity":10,"end":"2012-01-14T00:00:00"}
[buffer] ask {"demand":null,"buffer":"end item","requested":10,"date":"2012-01-13T00:00:00","onhand":10}
[demand] reply {"demand":"order 5","attempt":1090,"result":false,"quantity":0,"date":"2012-01-15T00:00:00"}
[demand] attempt {"demand":"order 5","attempt":1091,"quantity":10,"requestDate":"2012-01-15T00:00:00","lastDate":"2014-01-19T00:00:00"}
[operation] ask {"demand":"order 5","operation":"delivery end item","quantity":10,"end":"2012-01-15T00:00:00"}
[buffer] ask {"demand":null,"buffer":"end item","requested":10,"date":"2012-01-14T00:00:00","onhand":10}
[demand] reply {"demand":"order 5","attempt":1091,"result":false,"quantity":0,"date":"2012-01-16T00:00:00"}
[demand] attempt {"demand":"order 5","attempt":1092,"quantity":10,"requestDate":"2012-01-16T00:00:00","lastDate":"2014-01-19T00:00:00"}
[operation] ask {"demand":"order 5","operation":"delivery end item","quantity":10,"end":"2012-01-16T00:00:00"}
[buffer] ask {"demand":null,"buffer":"end item","requested":10,"date":"2012-01-15T00:00:00","onhand":10}
[demand] reply {"demand":"order 5","attempt":1092,"result":false,"quantity":0,"date":"2012-01-17T00:00:00"}
[demand] attempt {"demand":"order 5","attempt":1093,"quantity":10,"requestDate":"2012-01-17T00:00:00","lastDate":"2014-01-19T00:00:00"}
[operation] ask {"demand":"order 5","operation":"delivery end item","quantity":10,"end":"2012-01-17T00:00:00"}
[buffer] ask {"demand":null,"buffer":"end item","requested":10,"date":"2012-01-16T00:00:00","onhand":10}
[demand] reply {"demand":"order 5","attempt":1093,"result":false,"quantity":0,"date":"2012-01-18T00:00:00"}
[demand] attempt {"demand":"order 5","attempt":1094,"quantity":10,"requestDate":"2012-01-18T00:00:00","lastDate":"2014-01-19T00:00:00"}
[operation] ask {"demand":"order 5","operation":"delivery end item","quantity":10,"end":"2012-01-18T00:00:00"}
[buffer] ask {"demand":null,"buffer":"end item","requested":10,"date":"2012-01-17T00:00:00","onhand":10}
[demand] reply {"demand":"order 5","attempt":1094,"result":false,"quantity":0,"date":"2012-01-19T00:00:00"}
[demand] attempt {"demand":"order 5","attempt":1095,"quantity":10,"requestDate":"2012-01-19T00:00:00","lastDate":"2014-01-19T00:00:00"}
[operation] ask {"demand":"order 5","operation":"delivery end item","quantity":10,"end":"2012-01-19T00:00:00"}
[buffer] ask {"demand":null,"buffer":"end item","requested":10,"date":"2012-01-18T00:00:00","onhand":10}
[demand] reply {"demand":"order 5","attempt":1095,"result":false,"quantity":0,"date":"2012-01-20T00:00:00"}
[demand] attempt {"demand":"order 5","attempt":1096,"quantity":10,"requestDate":"2012-01-20T00:00:00","lastDate":"2014-01-19T00:00:00"}
[operation] ask {"demand":"order 5","operation":"delivery end item","quantity":10,"end":"2012-01-20T00:00:00"}
[buffer] ask {"demand":null,"buffer":"end item","requested":10,"date":"2012-01-19T00:00:00","onhand":10}
[demand] reply {"demand":"order 5","attempt":1096,"result":false,"quantity":0,"date":"2012-01-21T00:00:00"}
[demand] attempt {"demand":"order 5","attempt":1097,"quantity":10,"requestDate":"2012-01-21T00:00:00","lastDate":"2014-01-19T00:00:00"}
[operation] ask {"demand":"order 5","operation":"delivery end item","quantity":10,"end":"2012-01-21T00:00:00"}
[buffer] ask {"demand":null,"buffer":"end item","requested":10,"date":"2012-01-20T00:00:00","onhand":10}
[demand] reply {"demand":"order 5","attempt":1097,"result":false,"quantity":0,"date":"2012-01-22T00:00:00"}
[demand] attempt {"demand":"order 5","attempt":1098,"quantity":10,"requestDate":"2012-01-22T00:00:00","lastDate":"2014-01-19T00:00:00"}
[operation] ask {"demand":"order 5","operation":"delivery end item","quantity":10,"end":"2012-01-22T00:00:00"}
[buffer] ask {"demand":null,"buffer":"end item","requested":10,"date":"2012-01-21T00:00:00","onhand":10}
[demand] reply {"demand":"order 5","attempt":1098,"result":false,"quantity":0,"date":"2012-01-23T00:00:00"}
[demand] attempt {"demand":"order 5","attempt":1099,"quantity":10,"requestDate":"2012-01-23T00:00:00","lastDate":"2014-01-19T00:00:00"}
[operation] ask {"demand":"order 5","operation":"delivery end item","quantity":10,"end":"2012-01-23T00:00:00"}
[buffer] ask {"demand":null,"buffer":"end item","requested":10,"date":"2012-01-22T00:00:00","onhand":10}
[demand] reply {"demand":"order 5","attempt":1099,"result":false,"quantity":0,"date":"2012-01-24T00:00:00"}
[demand] attempt {"demand":"order 5","attempt":1100,"quantity":10,"requestDate":"2012-01-24T00:00:00","lastDate":"2014-01-19T00:00:00"}
[operation] ask {"demand":"order 5","operation":"delivery end item","quantity":10,"end":"2012-01-24T00:00:00"}
[buffer] ask {"demand":null,"buffer":"end item","requested":10,"date":"2012-01-23T00:00:00","onhand":10}
[demand] reply {"demand":"order 5","attempt":1100,"result":false,"quantity":0,"date":"2012-01-25T00:00:00"}
[demand] attempt {"demand":"order 5","attempt":1101,"quantity":10,"requestDate":"2012-01-25T00:00:00","lastDate":"2014-01-19T00:00:00"}
[operation] ask {"demand":"order 5","operation":"delivery end item","quantity":10,"end":"2012-01-25T00:00:00"}
[buffer] ask {"demand":null,"buffer":"end item","requested":10,"date":"2012-01-24T00:00:00","onhand":10}
[demand] reply {"demand":"order 5","attempt":1101,"result":false,"quantity":0,"date":"2012-01-26T00:00:00"}
[demand] attempt {"demand":"order 5","attempt":1102,"quantity":10,"requestDate":"2012-01-26T00:00:00","lastDate":"2014-01-19T00:00:00"}
[operation] ask {"demand":"order 5","operation":"delivery end item","quantity":10,"end":"2012-01-26T00:00:00"}
[buffer] ask {"demand":null,"buffer":"end item","requested":10,"date":"2012-01-25T00:00:00","onhand":10}
[demand] reply {"demand":"order 5","attempt":1102,"result":false,"quantity":0,"date":"2012-01-27T00:00:00"}
[demand] attempt {"demand":"order 5","attempt":1103,"quantity":10,"requestDate":"2012-01-27T00:00:00","lastDate":"2014-01-19T00:00:00"}
[operation] ask {"demand":"order 5","operation":"delivery end item","quantity":10,"end":"2012-01-27T00:00:00"}
[buffer] ask {"demand":null,"buffer":"end item","requested":10,"date":"2012-01-26T00:00:00","onhand":10}
[demand] reply {"demand":"order 5","attempt":1103,"result":false,"quantity":0,"date":"2012-01-28T00:00:00"}
[demand] attempt {"demand":"order 5","attempt":1104,"quantity":10,"requestDate":"2012-01-28T00:00:00","lastDate":"2014-01-19T00:00:00"}
[operation] ask {"demand":"order 5","operation":"delivery end item","quantity":10,"end":"2012-01-28T00:00:00"}
[buffer] ask {"demand":null,"buffer":"end item","requested":10,"date":"2012-01-27T00:00:00","onhand":10}
[demand] reply {"demand":"order 5","attempt":1104,"result":false,"quantity":0,"date":"2012-01-29T00:00:00"}
[demand] attempt {"demand":"order 5","attempt":1105,"quantity":10,"requestDate":"2012-01-29T00:00:00","lastDate":"2014-01-19T00:00:00"}
[operation] ask {"demand":"order 5","operation":"delivery end item","quantity":10,"end":"2012-01-29T00:00:00"}
[buffer] ask {"demand":null,"buffer":"end item","requested":10,"date":"2012-01-28T00:00:00","onhand":10}
[demand] reply {"demand":"order 5","attempt":1105,"result":false,"quantity":0,"date":"2012-01-30T00:00:00"}
[demand] attempt {"demand":"order 5","attempt":1106,"quantity":10,"requestDate":"2012-01-30T00:00:00","lastDate":"2014-01-19T00:00:00"}
[operation] ask {"demand":"order 5","operation":"delivery end item","quantity":10,"end":"2012-01-30T00:00:00"}
[buffer] ask {"demand":null,"buffer":"end item","requested":10,"date":"2012-01-29T00:00:00","onhand":10}
[demand] reply {"demand":"order 5","attempt":1106,"result":false,"quantity":0,"date":"2012-01-31T00:00:00"}
[demand] attempt {"demand":"order 5","attempt":1107,"quantity":10,"requestDate":"2012-01-31T00:00:00","lastDate":"2014-01-19T00:00:00"}
[operation] ask {"demand":"order 5","operation":"delivery end item","quantity":10,"end":"2012-01-31T00:00:00"}
[buffer] ask {"demand":null,"buffer":"end item","requested":10,"date":"2012-01-30T00:00:00","onhand":10}
[demand] reply {"demand":"order 5","attempt":1107,"result":false,"quantity":0,"date":"2012-02-01T00:00:00"}
[demand] attempt {"demand":"order 5","attempt":1108,"quantity":10,"requestDate":"2012-02-01T00:00:00","lastDate":"2014-01-19T00:00:00"}
[operation] ask {"demand":"order 5","operation":"delivery end item","quantity":10,"end":"2012-02-01T00:00:00"}
[buffer] ask {"demand":null,"buffer":"end item","requested":10,"date":"2012-01-31T00:00:00","onhand":10}
[demand] reply {"demand":"order 5","attempt":1108,"result":false,"quantity":0,"date":"2012-02-02T00:00:00"}
[demand] attempt {"demand":"order 5","attempt":1109,"quantity":10,"requestDate":"2012-02-02T00:00:00","lastDate":"2014-01-19T00:00:00"}
[operation] ask {"demand":"order 5","operation":"delivery end item","quantity":10,"end":"2012-02-02T00:00:00"}
[buffer] ask {"demand":null,"buffer":"end item","requested":10,"date":"2012-02-01T00:00:00","onhand":10}
[demand] reply {"demand":"order 5","attempt":1109,"result":false,"quantity":0,"date":"2012-02-03T00:00:00"}
[demand] attempt {"demand":"order 5","attempt":1110,"quantity":10,"requestDate":"2012-02-03T00:00:00","lastDate":"2014-01-19T00:00:00"}
[operation] ask {"demand":"order 5","operation":"delivery end item","quantity":10,"end":"2012-02-03T00:00:00"}
[buffer] ask {"demand":null,"buffer":"end item","requested":10,"date":"2012-02-02T00:00:00","onhand":10}
[demand] reply {"demand":"order 5","attempt":1110,"result":false,"quantity":0,"date":"2012-02-04T00:00:00"}
[demand] attempt {"demand":"order 5","attempt":1111,"quantity":10,"requestDate":"2012-02-04T00:00:00","lastDate":"2014-01-19T00:00:00"}
[operation] ask {"demand":"order 5","operation":"delivery end item","quantity":10,"end":"2012-02-04T00:00:00"}
[buffer] ask {"demand":null,"buffer":"end item","requested":10,"date":"2012-02-03T00:00:00","onhand":10}
[demand] reply {"demand":"order 5","attempt":1111,"result":false,"quantity":0,"date":"2012-02-05T00:00:00"}
[demand] attempt {"demand":"order 5","attempt":1112,"quantity":10,"requestDate":"2012-02-05T00:00:00","lastDate":"2014-01-19T00:00:00"}
[operation] ask {"demand":"order 5","operation":"delivery end item","quantity":10,"end":"2012-02-05T00:00:00"}
[buffer] ask {"demand":null,"buffer":"end item","requested":10,"date":"2012-02-04T00:00:00","onhand":10}
[demand] reply {"demand":"order 5","attempt":1112,"result":false,"quantity":0,"date":"2012-02-06T00:00:00"}
[demand] attempt {"demand":"order 5","attempt":1113,"quantity":10,"requestDate":"2012-02-06T00:00:00","lastDate":"2014-01-19T00:00:00"}
[operation] ask {"demand":"order 5","operation":"delivery end item","quantity":10,"end":"2012-02-06T00:00:00"}
[buffer] ask {"demand":null,"buffer":"end item","requested":10,"date":"2012-02-05T00:00:00","onhand":10}
[demand] reply {"demand":"order 5","attempt":1113,"result":false,"quantity":0,"date":"2012-02-07T00:00:00"}
[demand] attempt {"demand":"order 5","attempt":1114,"quantity":10,"requestDate":"2012-02-07T00:00:00","lastDate":"2014-01-19T00:00:00"}
[operation] ask {"demand":"order 5","operation":"delivery end item","quantity":10,"end":"2012-02-07T00:00:00"}
[buffer] ask {"demand":null,"buffer":"end item","requested":10,"date":"2012-02-06T00:00:00","onhand":10}
[demand] reply {"demand":"order 5","attempt":1114,"result":false,"quantity":0,"date":"2012-02-08T00:00:00"}
[demand] attempt {"demand":"order 5","attempt":1115,"quantity":10,"requestDate":"2012-02-08T00:00:00","lastDate":"2014-01-19T00:00:00"}
[operation] ask {"demand":"order 5","operation":"delivery end item","quantity":10,"end":"2012-02-08T00:00:00"}
[buffer] ask {"demand":null,"buffer":"end item","requested":10,"date":"2012-02-07T00:00:00","onhand":10}
[demand] reply {"demand":"order 5","attempt":1115,"result":false,"quantity":0,"date":"2012-02-09T00:00:00"}
[demand] attempt {"demand":"order 5","attempt":1116,"quantity":10,"requestDate":"2012-02-09T00:00:00","lastDate":"2014-01-19T00:00:00"}
[operation] ask {"demand":"order 5","operation":"delivery end item","quantity":10,"end":"2012-02-09T00:00:00"}
[buffer] ask {"demand":null,"buffer":"end item","requested":10,"date":"2012-02-08T00:00:00","onhand":10}
[demand] reply {"demand":"order 5","attempt":1116,"result":false,"quantity":0,"date":"2012-02-10T00:00:00"}
[demand] attempt {"demand":"order 5","attempt":1117,"quantity":10,"requestDate":"2012-02-10T00:00:00","lastDate":"2014-01-19T00:00:00"}
[operation] ask {"demand":"order 5","operation":"delivery end item","quantity":10,"end":"2012-02-10T00:00:00"}
[buffer] ask {"demand":null,"buffer":"end item","requested":10,"date":"2012-02-09T00:00:00","onhand":10}
[demand] reply {"demand":"order 5","attempt":1117,"result":false,"quantity":0,"date":"2012-02-11T00:00:00"}
[demand] attempt {"demand":"order 5","attempt":1118,"quantity":10,"requestDate":"2012-02-11T00:00:00","lastDate":"2014-01-19T00:00:00"}
[operation] ask {"demand":"order 5","operation":"delivery end item","quantity":10,"end":"2012-02-11T00:00:00"}
[buffer] ask {"demand":null,"buffer":"end item","requested":10,"date":"2012-02-10T00:00:00","onhand":10}
[demand] reply {"demand":"order 5","attempt":1118,"result":false,"quantity":0,"date":"2012-02-12T00:00:00"}
[demand] attempt {"demand":"order 5","attempt":1119,"quantity":10,"requestDate":"2012-02-12T00:00:00","lastDate":"2014-01-19T00:00:00"}
[operation] ask {"demand":"order 5","operation":"delivery end item","quantity":10,"end":"2012-02-12T00:00:00"}
[buffer] ask {"demand":null,"buffer":"end item","requested":10,"date":"2012-02-11T00:00:00","onhand":10}
[demand] reply {"demand":"order 5","attempt":1119,"result":false,"quantity":0,"date":"2012-02-13T00:00:00"}
[demand] attempt {"demand":"order 5","attempt":1120,"quantity":10,"requestDate":"2012-02-13T00:00:00","lastDate":"2014-01-19T00:00:00"}
[operation] ask {"demand":"order 5","operation":"delivery end item","quantity":10,"end":"2012-02-13T00:00:00"}
[buffer] ask {"demand":null,"buffer":"end item","requested":10,"date":"2012-02-12T00:00:00","onhand":10}
[demand] reply {"demand":"order 5","attempt":1120,"result":false,"quantity":0,"date":"2012-02-14T00:00:00"}
[demand] attempt {"demand":"order 5","attempt":1121,"quantity":10,"requestDate":"2012-02-14T00:00:00","lastDate":"2014-01-19T00:00:00"}
[operation] ask {"demand":"order 5","operation":"delivery end item","quantity":10,"end":"2012-02-14T00:00:00"}
[buffer] ask {"demand":null,"buffer":"end item","requested":10,"date":"2012-02-13T00:00:00","onhand":10}
[demand] reply {"demand":"order 5","attempt":1121,"result":false,"quantity":0,"date":"2012-02-15T00:00:00"}
[demand] attempt {"demand":"order 5","attempt":1122,"quantity":10,"requestDate":"2012-02-15T00:00:00","lastDate":"2014-01-19T00:00:00"}
[operation] ask {"demand":"order 5","operation":"delivery end item","quantity":10,"end":"2012-02-15T00:00:00"}
[buffer] ask {"demand":null,"buffer":"end item","requested":10,"date":"2012-02-14T00:00:00","onhand":10}
[demand] reply {"demand":"order 5","attempt":1122,"result":false,"quantity":0,"date":"2012-02-16T00:00:00"}
[demand] attempt {"demand":"order 5","attempt":1123,"quantity":10,"requestDate":"2012-02-16T00:00:00","lastDate":"2014-01-19T00:00:00"}
[operation] ask {"demand":"order 5","operation":"delivery end item","quantity":10,"end":"2012-02-16T00:00:00"}
[buffer] ask {"demand":null,"buffer":"end item","requested":10,"date":"2012-02-15T00:00:00","onhand":10}
[demand] reply {"demand":"order 5","attempt":1123,"result":false,"quantity":0,"date":"2012-02-17T00:00:00"}
[demand] attempt {"demand":"order 5","attempt":1124,"quantity":10,"requestDate":"2012-02-17T00:00:00","lastDate":"2014-01-19T00:00:00"}
[operation] ask {"demand":"order 5","operation":"delivery end item","quantity":10,"end":"2012-02-17T00:00:00"}
[buffer] ask {"demand":null,"buffer":"end item","requested":10,"date":"2012-02-16T00:00:00","onhand":10}
[demand] reply {"demand":"order 5","attempt":1124,"result":false,"quantity":0,"date":"2012-02-18T00:00:00"}
[demand] attempt {"demand":"order 5","attempt":1125,"quantity":10,"requestDate":"2012-02-18T00:00:00","lastDate":"2014-01-19T00:00:00"}
[operation] ask {"demand":"order 5","operation":"delivery end item","quantity":10,"end":"2012-02-18T00:00:00"}
[buffer] ask {"demand":null,"buffer":"end item","requested":10,"date":"2012-02-17T00:00:00","onhand":10}
[demand] reply {"demand":"order 5","attempt":1125,"result":false,"quantity":0,"date":"2012-02-19T00:00:00"}
[demand] attempt {"demand":"order 5","attempt":1126,"quantity":10,"requestDate":"2012-02-19T00:00:00","lastDate":"2014-01-19T00:00:00"}
[operation] ask {"demand":"order 5","operation":"delivery end item","quantity":10,"end":"2012-02-19T00:00:00"}
[buffer] ask {"demand":null,"buffer":"end item","requested":10,"date":"2012-02-18T00:00:00","onhand":10}
[demand] reply {"demand":"order 5","attempt":1126,"result":false,"quantity":0,"date":"2012-02-20T00:00:00"}
[demand] attempt {"demand":"order 5","attempt":1127,"quantity":10,"requestDate":"2012-02-20T00:00:00","lastDate":"2014-01-19T00:00:00"}
[operation] ask {"demand":"order 5","operation":"delivery end item","quantity":10,"end":"2012-02-20T00:00:00"}
[buffer] ask {"demand":null,"buffer":"end item","requested":10,"date":"2012-02-19T00:00:00","onhand":10}
[demand] reply {"demand":"order 5","attempt":1127,"result":false,"quantity":0,"date":"2012-02-21T00:00:00"}
[demand] attempt {"demand":"order 5","attempt":1128,"quantity":10,"requestDate":"2012-02-21T00:00:00","lastDate":"2014-01-19T00:00:00"}
[operation] ask {"demand":"order 5","operation":"delivery end item","quantity":10,"end":"2012-02-21T00:00:00"}
[buffer] ask {"demand":null,"buffer":"end item","requested":10,"date":"2012-02-20T00:00:00","onhand":10}
[demand] reply {"demand":"order 5","attempt":1128,"result":false,"quantity":0,"date":"2012-02-22T00:00:00"}
[demand] attempt {"demand":"order 5","attempt":1129,"quantity":10,"requestDate":"2012-02-22T00:00:00","lastDate":"2014-01-19T00:00:00"}
[operation] ask {"demand":"order 5","operation":"delivery end item","quantity":10,"end":"2012-02-22T00:00:00"}
[buffer] ask {"demand":null,"buffer":"end item","requested":10,"date":"2012-02-21T00:00:00","onhand":10}
[demand] reply {"demand":"order 5","attempt":1129,"result":false,"quantity":0,"date":"2012-02-23T00:00:00"}
[demand] attempt {"demand":"order 5","attempt":1130,"quantity":10,"requestDate":"2012-02-23T00:00:00","lastDate":"2014-01-19T00:00:00"}
[operation] ask {"demand":"order 5","operation":"delivery end item","quantity":10,"end":"2012-02-23T00:00:00"}
[buffer] ask {"demand":null,"buffer":"end item","requested":10,"date":"2012-02-22T00:00:00","onhand":10}
[demand] reply {"demand":"order 5","attempt":1130,"result":false,"quantity":0,"date":"2012-02-24T00:00:00"}
[demand] attempt {"demand":"order 5","attempt":1131,"quantity":10,"requestDate":"2012-02-24T00:00:00","lastDate":"2014-01-19T00:00:00"}
[operation] ask {"demand":"order 5","operation":"delivery end item","quantity":10,"end":"2012-02-24T00:00:00"}
[buffer] ask {"demand":null,"buffer":"end item","requested":10,"date":"2012-02-23T00:00:00","onhand":10}
[demand] reply {"demand":"order 5","attempt":1131,"result":false,"quantity":0,"date":"2012-02-25T00:00:00"}
[demand] attempt {"demand":"order 5","attempt":1132,"quantity":10,"requestDate":"2012-02-25T00:00:00","lastDate":"2014-01-19T00:00:00"}
[operation] ask {"demand":"order 5","operation":"delivery end item","quantity":10,"end":"2012-02-25T00:00:00"}
[buffer] ask {"demand":null,"buffer":"end item","requested":10,"date":"2012-02-24T00:00:00","onhand":10}
[demand] reply {"demand":"order 5","attempt":1132,"result":false,"quantity":0,"date":"2012-02-26T00:00:00"}
[demand] attempt {"demand":"order 5","attempt":1133,"quantity":10,"requestDate":"2012-02-26T00:00:00","lastDate":"2014-01-19T00:00:00"}
[operation] ask {"demand":"order 5","operation":"delivery end item","quantity":10,"end":"2012-02-26T00:00:00"}
[buffer] ask {"demand":null,"buffer":"end item","requested":10,"date":"2012-02-25T00:00:00","onhand":10}
[demand] reply {"demand":"order 5","attempt":1133,"result":false,"quantity":0,"date":"2012-02-27T00:00:00"}
[demand] attempt {"demand":"order 5","attempt":1134,"quantity":10,"requestDate":"2012-02-27T00:00:00","lastDate":"2014-01-19T00:00:00"}
[operation] ask {"demand":"order 5","operation":"delivery end item","quantity":10,"end":"2012-02-27T00:00:00"}
[buffer] ask {"demand":null,"buffer":"end item","requested":10,"date":"2012-02-26T00:00:00","onhand":10}
[demand] reply {"demand":"order 5","attempt":1134,"result":false,"quantity":0,"date":"2012-02-28T00:00:00"}
[demand] attempt {"demand":"order 5","attempt":1135,"quantity":10,"requestDate":"2012-02-28T00:00:00","lastDate":"2014-01-19T00:00:00"}
[operation] ask {"demand":"order 5","operation":"delivery end item","quantity":10,"end":"2012-02-28T00:00:00"}
[buffer] ask {"demand":null,"buffer":"end item","requested":10,"date":"2012-02-27T00:00:00","onhand":10}
[demand] reply {"demand":"order 5","attempt":1135,"result":false,"quantity":0,"date":"2012-02-29T00:00:00"}
[demand] attempt {"demand":"order 5","attempt":1136,"quantity":10,"requestDate":"2012-02-29T00:00:00","lastDate":"2014-01-19T00:00:00"}
[operation] ask {"demand":"order 5","operation":"delivery end item","quantity":10,"end":"2012-02-29T00:00:00"}
[buffer] ask {"demand":null,"buffer":"end item","requested":10,"date":"2012-02-28T00:00:00","onhand":10}
[demand] reply {"demand":"order 5","attempt":1136,"result":false,"quantity":0,"date":"2012-03-01T00:00:00"}
[demand] attempt {"demand":"order 5","attempt":1137,"quantity":10,"requestDate":"2012-03-01T00:00:00","lastDate":"2014-01-19T00:00:00"}
[operation] ask {"demand":"order 5","operation":"delivery end item","quantity":10,"end":"2012-03-01T00:00:00"}
[buffer] ask {"demand":null,"buffer":"end item","requested":10,"date":"2012-02-29T00:00:00","onhand":10}
[demand] reply {"demand":"order 5","attempt":1137,"result":false,"quantity":0,"date":"2012-03-02T00:00:00"}
[demand] attempt {"demand":"order 5","attempt":1138,"quantity":10,"requestDate":"2012-03-02T00:00:00","lastDate":"2014-01-19T00:00:00"}
[operation] ask {"demand":"order 5","operation":"delivery end item","quantity":10,"end":"2012-03-02T00:00:00"}
[buffer] ask {"demand":null,"buffer":"end item","requested":10,"date":"2012-03-01T00:00:00","onhand":10}
[demand] reply {"demand":"order 5","attempt":1138,"result":false,"quantity":0,"date":"2012-03-03T00:00:00"}
[demand] attempt {"demand":"order 5","attempt":1139,"quantity":10,"requestDate":"2012-03-03T00:00:00","lastDate":"2014-01-19T00:00:00"}
[operation] ask {"demand":"order 5","operation":"delivery end item","quantity":10,"end":"2012-03-03T00:00:00"}
[buffer] ask {"demand":null,"buffer":"end item","requested":10,"date":"2012-03-02T00:00:00","onhand":10}
[demand] reply {"demand":"order 5","attempt":1139,"result":false,"quantity":0,"date":"2012-03-04T00:00:00"}
[demand] attempt {"demand":"order 5","attempt":1140,"quantity":10,"requestDate":"2012-03-04T00:00:00","lastDate":"2014-01-19T00:00:00"}
[operation] ask {"demand":"order 5","operation":"delivery end item","quantity":10,"end":"2012-03-04T00:00:00"}
[buffer] ask {"demand":null,"buffer":"end item","requested":10,"date":"2012-03-03T00:00:00","onhand":10}
[demand] reply {"demand":"order 5","attempt":1140,"result":false,"quantity":0,"date":"2012-03-05T00:00:00"}
[demand] attempt {"demand":"order 5","attempt":1141,"quantity":10,"requestDate":"2012-03-05T00:00:00","lastDate":"2014-01-19T00:00:00"}
[operation] ask {"demand":"order 5","operation":"delivery end item","quantity":10,"end":"2012-03-05T00:00:00"}
[buffer] ask {"demand":null,"buffer":"end item","requested":10,"date":"2012-03-04T00:00:00","onhand":10}
[demand] reply {"demand":"order 5","attempt":1141,"result":false,"quantity":0,"date":"2012-03-06T00:00:00"}
[demand] attempt {"demand":"order 5","attempt":1142,"quantity":10,"requestDate":"2012-03-06T00:00:00","lastDate":"2014-01-19T00:00:00"}
[operation] ask {"demand":"order 5","operation":"delivery end item","quantity":10,"end":"2012-03-06T00:00:00"}
[buffer] ask {"demand":null,"buffer":"end item","requested":10,"date":"2012-03-05T00:00:00","onhand":10}
[demand] reply {"demand":"order 5","attempt":1142,"result":false,"quantity":0,"date":"2012-03-07T00:00:00"}
[demand] attempt {"demand":"order 5","attempt":1143,"quantity":10,"requestDate":"2012-03-07T00:00:00","lastDate":"2014-01-19T00:00:00"}
[operation] ask {"demand":"order 5","operation":"delivery end item","quantity":10,"end":"2012-03-07T00:00:00"}
[buffer] ask {"demand":null,"buffer":"end item","requested":10,"date":"2012-03-06T00:00:00","onhand":10}
[demand] reply {"demand":"order 5","attempt":1143,"result":false,"quantity":0,"date":"2012-03-08T00:00:00"}
[demand] attempt {"demand":"order 5","attempt":1144,"quantity":10,"requestDate":"2012-03-08T00:00:00","lastDate":"2014-01-19T00:00:00"}
[operation] ask {"demand":"order 5","operation":"delivery end item","quantity":10,"end":"2012-03-08T00:00:00"}
[buffer] ask {"demand":null,"buffer":"end item","requested":10,"date":"2012-03-07T00:00:00","onhand":10}
[demand] reply {"demand":"order 5","attempt":1144,"result":false,"quantity":0,"date":"2012-03-09T00:00:00"}
[demand] attempt {"demand":"order 5","attempt":1145,"quantity":10,"requestDate":"2012-03-09T00:00:00","lastDate":"2014-01-19T00:00:00"}
[operation] ask {"demand":"order 5","operation":"delivery end item","quantity":10,"end":"2012-03-09T00:00:00"}
[buffer] ask {"demand":null,"buffer":"end item","requested":10,"date":"2012-03-08T00:00:00","onhand":10}
[demand] reply {"demand":"order 5","attempt":1145,"result":false,"quantity":0,"date":"2012-03-10T00:00:00"}
[demand] attempt {"demand":"order 5","attempt":1146,"quantity":10,"requestDate":"2012-03-10T00:00:00","lastDate":"2014-01-19T00:00:00"}
[operation] ask {"demand":"order 5","operation":"delivery end item","quantity":10,"end":"2012-03-10T00:00:00"}
[buffer] ask {"demand":null,"buffer":"end item","requested":10,"date":"2012-03-09T00:00:00","onhand":10}
[demand] reply {"demand":"order 5","attempt":1146,"result":false,"quantity":0,"date":"2012-03-11T00:00:00"}
[demand] attempt {"demand":"order 5","attempt":1147,"quantity":10,"requestDate":"2012-03-11T00:00:00","lastDate":"2014-01-19T00:00:00"}
[operation] ask {"demand":"order 5","operation":"delivery end item","quantity":10,"end":"2012-03-11T00:00:00"}
[buffer] ask {"demand":null,"buffer":"end item","requested":10,"date":"2012-03-10T00:00:00","onhand":10}
[demand] reply {"demand":"order 5","attempt":1147,"result":false,"quantity":0,"date":"2012-03-12T00:00:00"}
[demand] attempt {"demand":"order 5","attempt":1148,"quantity":10,"requestDate":"2012-03-12T00:00:00","lastDate":"2014-01-19T00:00:00"}
[operation] ask {"demand":"order 5","operation":"delivery end item","quantity":10,"end":"2012-03-12T00:00:00"}
[buffer] ask {"demand":null,"buffer":"end item","requested":10,"date":"2012-03-11T00:00:00","onhand":10}
[demand] reply {"demand":"order 5","attempt":1148,"result":false,"quantity":0,"date":"2012-03-13T00:00:00"}
[demand] attempt {"demand":"order 5","attempt":1149,"quantity":10,"requestDate":"2012-03-13T00:00:00","lastDate":"2014-01-19T00:00:00"}
[operation] ask {"demand":"order 5","operation":"delivery end item","quantity":10,"end":"2012-03-13T00:00:00"}
[buffer] ask {"demand":null,"buffer":"end item","requested":10,"date":"2012-03-12T00:00:00","onhand":10}
[demand] reply {"demand":"order 5","attempt":1149,"result":false,"quantity":0,"date":"2012-03-14T00:00:00"}
[demand] attempt {"demand":"order 5","attempt":1150,"quantity":10,"requestDate":"2012-03-14T00:00:00","lastDate":"2014-01-19T00:00:00"}
[operation] ask {"demand":"order 5","operation":"delivery end item","quantity":10,"end":"2012-03-14T00:00:00"}
[buffer] ask {"demand":null,"buffer":"end item","requested":10,"date":"2012-03-13T00:00:00","onhand":10}
[demand] reply {"demand":"order 5","attempt":1150,"result":false,"quantity":0,"date":"2012-03-15T00:00:00"}
[demand] attempt {"demand":"order 5","attempt":1151,"quantity":10,"requestDate":"2012-03-15T00:00:00","lastDate":"2014-01-19T00:00:00"}
[operation] ask {"demand":"order 5","operation":"delivery end item","quantity":10,"end":"2012-03-15T00:00:00"}
[buffer] ask {"demand":null,"buffer":"end item","requested":10,"date":"2012-03-14T00:00:00","onhand":10}
[demand] reply {"demand":"order 5","attempt":1151,"result":false,"quantity":0,"date":"2012-03-16T00:00:00"}
[demand] attempt {"demand":"order 5","attempt":1152,"quantity":10,"requestDate":"2012-03-16T00:00:00","lastDate":"2014-01-19T00:00:00"}
[operation] ask {"demand":"order 5","operation":"delivery end item","quantity":10,"end":"2012-03-16T00:00:00"}
[buffer] ask {"demand":null,"buffer":"end item","requested":10,"date":"2012-03-15T00:00:00","onhand":10}
[demand] reply {"demand":"order 5","attempt":1152,"result":false,"quantity":0,"date":"2012-03-17T00:00:00"}
[demand] attempt {"demand":"order 5","attempt":1153,"quantity":10,"requestDate":"2012-03-17T00:00:00","lastDate":"2014-01-19T00:00:00"}
[operation] ask {"demand":"order 5","operation":"delivery end item","quantity":10,"end":"2012-03-17T00:00:00"}
[buffer] ask {"demand":null,"buffer":"end item","requested":10,"date":"2012-03-16T00:00:00","onhand":10}
[demand] reply {"demand":"order 5","attempt":1153,"result":false,"quantity":0,"date":"2012-03-18T00:00:00"}
[demand] attempt {"demand":"order 5","attempt":1154,"quantity":10,"requestDate":"2012-03-18T00:00:00","lastDate":"2014-01-19T00:00:00"}
[operation] ask {"demand":"order 5","operation":"delivery end item","quantity":10,"end":"2012-03-18T00:00:00"}
[buffer] ask {"demand":null,"buffer":"end item","requested":10,"date":"2012-03-17T00:00:00","onhand":10}
[demand] reply {"demand":"order 5","attempt":1154,"result":false,"quantity":0,"date":"2012-03-19T00:00:00"}
[demand] attempt {"demand":"order 5","attempt":1155,"quantity":10,"requestDate":"2012-03-19T00:00:00","lastDate":"2014-01-19T00:00:00"}
[operation] ask {"demand":"order 5","operation":"delivery end item","quantity":10,"end":"2012-03-19T00:00:00"}
[buffer] ask {"demand":null,"buffer":"end item","requested":10,"date":"2012-03-18T00:00:00","onhand":10}
[demand] reply {"demand":"order 5","attempt":1155,"result":false,"quantity":0,"date":"2012-03-20T00:00:00"}
[demand] attempt {"demand":"order 5","attempt":1156,"quantity":10,"requestDate":"2012-03-20T00:00:00","lastDate":"2014-01-19T00:00:00"}
[operation] ask {"demand":"order 5","operation":"delivery end item","quantity":10,"end":"2012-03-20T00:00:00"}
[buffer] ask {"demand":null,"buffer":"end item","requested":10,"date":"2012-03-19T00:00:00","onhand":10}
[demand] reply {"demand":"order 5","attempt":1156,"result":false,"quantity":0,"date":"2012-03-21T00:00:00"}
[demand] attempt {"demand":"order 5","attempt":1157,"quantity":10,"requestDate":"2012-03-21T00:00:00","lastDate":"2014-01-19T00:00:00"}
[operation] ask {"demand":"order 5","operation":"delivery end item","quantity":10,"end":"2012-03-21T00:00:00"}
[buffer] ask {"demand":null,"buffer":"end item","requested":10,"date":"2012-03-20T00:00:00","onhand":10}
[demand] reply {"demand":"order 5","attempt":1157,"result":false,"quantity":0,"date":"2012-03-22T00:00:00"}
[demand] attempt {"demand":"order 5","attempt":1158,"quantity":10,"requestDate":"2012-03-22T00:00:00","lastDate":"2014-01-19T00:00:00"}
[operation] ask {"demand":"order 5","operation":"delivery end item","quantity":10,"end":"2012-03-22T00:00:00"}
[buffer] ask {"demand":null,"buffer":"end item","requested":10,"date":"2012-03-21T00:00:00","onhand":10}
[demand] reply {"demand":"order 5","attempt":1158,"result":false,"quantity":0,"date":"2012-03-23T00:00:00"}
[demand] attempt {"demand":"order 5","attempt":1159,"quantity":10,"requestDate":"2012-03-23T00:00:00","lastDate":"2014-01-19T00:00:00"}
[operation] ask {"demand":"order 5","operation":"delivery end item","quantity":10,"end":"2012-03-23T00:00:00"}
[buffer] ask {"demand":null,"buffer":"end item","requested":10,"date":"2012-03-22T00:00:00","onhand":10}
[demand] reply {"demand":"order 5","attempt":1159,"result":false,"quantity":0,"date":"2012-03-24T00:00:00"}
[demand] attempt {"demand":"order 5","attempt":1160,"quantity":10,"requestDate":"2012-03-24T00:00:00","lastDate":"2014-01-19T00:00:00"}
[operation] ask {"demand":"order 5","operation":"delivery end item","quantity":10,"end":"2012-03-24T00:00:00"}
[buffer] ask {"demand":null,"buffer":"end item","requested":10,"date":"2012-03-23T00:00:00","onhand":10}
[demand] reply {"demand":"order 5","attempt":1160,"result":false,"quantity":0,"date":"2012-03-25T00:00:00"}
[demand] attempt {"demand":"order 5","attempt":1161,"quantity":10,"requestDate":"2012-03-25T00:00:00","lastDate":"2014-01-19T00:00:00"}
[operation] ask {"demand":"order 5","operation":"delivery end item","quantity":10,"end":"2012-03-25T00:00:00"}
[buffer] ask {"demand":null,"buffer":"end item","requested":10,"date":"2012-03-24T00:00:00","onhand":10}
[demand] reply {"demand":"order 5","attempt":1161,"result":false,"quantity":0,"date":"2012-03-26T00:00:00"}
[demand] attempt {"demand":"order 5","attempt":1162,"quantity":10,"requestDate":"2012-03-26T00:00:00","lastDate":"2014-01-19T00:00:00"}
[operation] ask {"demand":"order 5","operation":"delivery end item","quantity":10,"end":"2012-03-26T00:00:00"}
[buffer] ask {"demand":null,"buffer":"end item","requested":10,"date":"2012-03-25T00:00:00","onhand":10}
[demand] reply {"demand":"order 5","attempt":1162,"result":false,"quantity":0,"date":"2012-03-27T00:00:00"}
[demand] attempt {"demand":"order 5","attempt":1163,"quantity":10,"requestDate":"2012-03-27T00:00:00","lastDate":"2014-01-19T00:00:00"}
[operation] ask {"demand":"order 5","operation":"delivery end item","quantity":10,"end":"2012-03-27T00:00:00"}
[buffer] ask {"demand":null,"buffer":"end item","requested":10,"date":"2012-03-26T00:00:00","onhand":10}
[demand] reply {"demand":"order 5","attempt":1163,"result":false,"quantity":0,"date":"2012-03-28T00:00:00"}
[demand] attempt {"demand":"order 5","attempt":1164,"quantity":10,"requestDate":"2012-03-28T00:00:00","lastDate":"2014-01-19T00:00:00"}
[operation] ask {"demand":"order 5","operation":"delivery end item","quantity":10,"end":"2012-03-28T00:00:00"}
[buffer] ask {"demand":null,"buffer":"end item","requested":10,"date":"2012-03-27T00:00:00","onhand":10}
[demand] reply {"demand":"order 5","attempt":1164,"result":false,"quantity":0,"date":"2012-03-29T00:00:00"}
[demand] attempt {"demand":"order 5","attempt":1165,"quantity":10,"requestDate":"2012-03-29T00:00:00","lastDate":"2014-01-19T00:00:00"}
[operation] ask {"demand":"order 5","operation":"delivery end item","quantity":10,"end":"2012-03-29T00:00:00"}
[buffer] ask {"demand":null,"buffer":"end item","requested":10,"date":"2012-03-28T00:00:00","onhand":10}
[demand] reply {"demand":"order 5","attempt":1165,"result":false,"quantity":0,"date":"2012-03-30T00:00:00"}
[demand] attempt {"demand":"order 5","attempt":1166,"quantity":10,"requestDate":"2012-03-30T00:00:00","lastDate":"2014-01-19T00:00:00"}
[operation] ask {"demand":"order 5","operation":"delivery end item","quantity":10,"end":"2012-03-30T00:00:00"}
[buffer] ask {"demand":null,"buffer":"end item","requested":10,"date":"2012-03-29T00:00:00","onhand":10}
[demand] reply {"demand":"order 5","attempt":1166,"result":false,"quantity":0,"date":"2012-03-31T00:00:00"}
[demand] attempt {"demand":"order 5","attempt":1167,"quantity":10,"requestDate":"2012-03-31T00:00:00","lastDate":"2014-01-19T00:00:00"}
[operation] ask {"demand":"order 5","operation":"delivery end item","quantity":10,"end":"2012-03-31T00:00:00"}
[buffer] ask {"demand":null,"buffer":"end item","requested":10,"date":"2012-03-30T00:00:00","onhand":10}
[demand] reply {"demand":"order 5","attempt":1167,"result":false,"quantity":0,"date":"2012-04-01T00:00:00"}
[demand] attempt {"demand":"order 5","attempt":1168,"quantity":10,"requestDate":"2012-04-01T00:00:00","lastDate":"2014-01-19T00:00:00"}
[operation] ask {"demand":"order 5","operation":"delivery end item","quantity":10,"end":"2012-04-01T00:00:00"}
[buffer] ask {"demand":null,"buffer":"end item","requested":10,"date":"2012-03-31T00:00:00","onhand":10}
[demand] reply {"demand":"order 5","attempt":1168,"result":false,"quantity":0,"date":"2012-04-02T00:00:00"}
[demand] attempt {"demand":"order 5","attempt":1169,"quantity":10,"requestDate":"2012-04-02T00:00:00","lastDate":"2014-01-19T00:00:00"}
[operation] ask {"demand":"order 5","operation":"delivery end item","quantity":10,"end":"2012-04-02T00:00:00"}
[buffer] ask {"demand":null,"buffer":"end item","requested":10,"date":"2012-04-01T00:00:00","onhand":10}
[demand] reply {"demand":"order 5","attempt":1169,"result":false,"quantity":0,"date":"2012-04-03T00:00:00"}
[demand] attempt {"demand":"order 5","attempt":1170,"quantity":10,"requestDate":"2012-04-03T00:00:00","lastDate":"2014-01-19T00:00:00"}
[operation] ask {"demand":"order 5","operation":"delivery end item","quantity":10,"end":"2012-04-03T00:00:00"}
[buffer] ask {"demand":null,"buffer":"end item","requested":10,"date":"2012-04-02T00:00:00","onhand":10}
[demand] reply {"demand":"order 5","attempt":1170,"result":false,"quantity":0,"date":"2012-04-04T00:00:00"}
[demand] attempt {"demand":"order 5","attempt":1171,"quantity":10,"requestDate":"2012-04-04T00:00:00","lastDate":"2014-01-19T00:00:00"}
[operation] ask {"demand":"order 5","operation":"delivery end item","quantity":10,"end":"2012-04-04T00:00:00"}
[buffer] ask {"demand":null,"buffer":"end item","requested":10,"date":"2012-04-03T00:00:00","onhand":10}
[demand] reply {"demand":"order 5","attempt":1171,"result":false,"quantity":0,"date":"2012-04-05T00:00:00"}
[demand] attempt {"demand":"order 5","attempt":1172,"quantity":10,"requestDate":"2012-04-05T00:00:00","lastDate":"2014-01-19T00:00:00"}
[operation] ask {"demand":"order 5","operation":"delivery end item","quantity":10,"end":"2012-04-05T00:00:00"}
[buffer] ask {"demand":null,"buffer":"end item","requested":10,"date":"2012-04-04T00:00:00","onhand":10}
[demand] reply {"demand":"order 5","attempt":1172,"result":false,"quantity":0,"date":"2012-04-06T00:00:00"}
[demand] attempt {"demand":"order 5","attempt":1173,"quantity":10,"requestDate":"2012-04-06T00:00:00","lastDate":"2014-01-19T00:00:00"}
[operation] ask {"demand":"order 5","operation":"delivery end item","quantity":10,"end":"2012-04-06T00:00:00"}
[buffer] ask {"demand":null,"buffer":"end item","requested":10,"date":"2012-04-05T00:00:00","onhand":10}
[demand] reply {"demand":"order 5","attempt":1173,"result":false,"quantity":0,"date":"2012-04-07T00:00:00"}
[demand] attempt {"demand":"order 5","attempt":1174,"quantity":10,"requestDate":"2012-04-07T00:00:00","lastDate":"2014-01-19T00:00:00"}
[operation] ask {"demand":"order 5","operation":"delivery end item","quantity":10,"end":"2012-04-07T00:00:00"}
[buffer] ask {"demand":null,"buffer":"end item","requested":10,"date":"2012-04-06T00:00:00","onhand":10}
[demand] reply {"demand":"order 5","attempt":1174,"result":false,"quantity":0,"date":"2012-04-08T00:00:00"}
[demand] attempt {"demand":"order 5","attempt":1175,"quantity":10,"requestDate":"2012-04-08T00:00:00","lastDate":"2014-01-19T00:00:00"}
[operation] ask {"demand":"order 5","operation":"delivery end item","quantity":10,"end":"2012-04-08T00:00:00"}
[buffer] ask {"demand":null,"buffer":"end item","requested":10,"date":"2012-04-07T00:00:00","onhand":10}
[demand] reply {"demand":"order 5","attempt":1175,"result":false,"quantity":0,"date":"2012-04-09T00:00:00"}
[demand] attempt {"demand":"order 5","attempt":1176,"quantity":10,"requestDate":"2012-04-09T00:00:00","lastDate":"2014-01-19T00:00:00"}
[operation] ask {"demand":"order 5","operation":"delivery end item","quantity":10,"end":"2012-04-09T00:00:00"}
[buffer] ask {"demand":null,"buffer":"end item","requested":10,"date":"2012-04-08T00:00:00","onhand":10}
[demand] reply {"demand":"order 5","attempt":1176,"result":false,"quantity":0,"date":"2012-04-10T00:00:00"}
[demand] attempt {"demand":"order 5","attempt":1177,"quantity":10,"requestDate":"2012-04-10T00:00:00","lastDate":"2014-01-19T00:00:00"}
[operation] ask {"demand":"order 5","operation":"delivery end item","quantity":10,"end":"2012-04-10T00:00:00"}
[buffer] ask {"demand":null,"buffer":"end item","requested":10,"date":"2012-04-09T00:00:00","onhand":10}
[demand] reply {"demand":"order 5","attempt":1177,"result":false,"quantity":0,"date":"2012-04-11T00:00:00"}
[demand] attempt {"demand":"order 5","attempt":1178,"quantity":10,"requestDate":"2012-04-11T00:00:00","lastDate":"2014-01-19T00:00:00"}
[operation] ask {"demand":"order 5","operation":"delivery end item","quantity":10,"end":"2012-04-11T00:00:00"}
[buffer] ask {"demand":null,"buffer":"end item","requested":10,"date":"2012-04-10T00:00:00","onhand":10}
[demand] reply {"demand":"order 5","attempt":1178,"result":false,"quantity":0,"date":"2012-04-12T00:00:00"}
[demand] attempt {"demand":"order 5","attempt":1179,"quantity":10,"requestDate":"2012-04-12T00:00:00","lastDate":"2014-01-19T00:00:00"}
[operation] ask {"demand":"order 5","operation":"delivery end item","quantity":10,"end":"2012-04-12T00:00:00"}
[buffer] ask {"demand":null,"buffer":"end item","requested":10,"date":"2012-04-11T00:00:00","onhand":10}
[demand] reply {"demand":"order 5","attempt":1179,"result":false,"quantity":0,"date":"2012-04-13T00:00:00"}
[demand] attempt {"demand":"order 5","attempt":1180,"quantity":10,"requestDate":"2012-04-13T00:00:00","lastDate":"2014-01-19T00:00:00"}
[operation] ask {"demand":"order 5","operation":"delivery end item","quantity":10,"end":"2012-04-13T00:00:00"}
[buffer] ask {"demand":null,"buffer":"end item","requested":10,"date":"2012-04-12T00:00:00","onhand":10}
[demand] reply {"demand":"order 5","attempt":1180,"result":false,"quantity":0,"date":"2012-04-14T00:00:00"}
[demand] attempt {"demand":"order 5","attempt":1181,"quantity":10,"requestDate":"2012-04-14T00:00:00","lastDate":"2014-01-19T00:00:00"}
[operation] ask {"demand":"order 5","operation":"delivery end item","quantity":10,"end":"2012-04-14T00:00:00"}
[buffer] ask {"demand":null,"buffer":"end item","requested":10,"date":"2012-04-13T00:00:00","onhand":10}
[demand] reply {"demand":"order 5","attempt":1181,"result":false,"quantity":0,"date":"2012-04-15T00:00:00"}
[demand] attempt {"demand":"order 5","attempt":1182,"quantity":10,"requestDate":"2012-04-15T00:00:00","lastDate":"2014-01-19T00:00:00"}
[operation] ask {"demand":"order 5","operation":"delivery end item","quantity":10,"end":"2012-04-15T00:00:00"}
[buffer] ask {"demand":null,"buffer":"end item","requested":10,"date":"2012-04-14T00:00:00","onhand":10}
[demand] reply {"demand":"order 5","attempt":1182,"result":false,"quantity":0,"date":"2012-04-16T00:00:00"}
[demand] attempt {"demand":"order 5","attempt":1183,"quantity":10,"requestDate":"2012-04-16T00:00:00","lastDate":"2014-01-19T00:00:00"}
[operation] ask {"demand":"order 5","operation":"delivery end item","quantity":10,"end":"2012-04-16T00:00:00"}
[buffer] ask {"demand":null,"buffer":"end item","requested":10,"date":"2012-04-15T00:00:00","onhand":10}
[demand] reply {"demand":"order 5","attempt":1183,"result":false,"quantity":0,"date":"2012-04-17T00:00:00"}
[demand] attempt {"demand":"order 5","attempt":1184,"quantity":10,"requestDate":"2012-04-17T00:00:00","lastDate":"2014-01-19T00:00:00"}
[operation] ask {"demand":"order 5","operation":"delivery end item","quantity":10,"end":"2012-04-17T00:00:00"}
[buffer] ask {"demand":null,"buffer":"end item","requested":10,"date":"2012-04-16T00:00:00","onhand":10}
[demand] reply {"demand":"order 5","attempt":1184,"result":false,"quantity":0,"date":"2012-04-18T00:00:00"}
[demand] attempt {"demand":"order 5","attempt":1185,"quantity":10,"requestDate":"2012-04-18T00:00:00","lastDate":"2014-01-19T00:00:00"}
[operation] ask {"demand":"order 5","operation":"delivery end item","quantity":10,"end":"2012-04-18T00:00:00"}
[buffer] ask {"demand":null,"buffer":"end item","requested":10,"date":"2012-04-17T00:00:00","onhand":10}
[demand] reply {"demand":"order 5","attempt":1185,"result":false,"quantity":0,"date":"2012-04-19T00:00:00"}
[demand] attempt {"demand":"order 5","attempt":1186,"quantity":10,"requestDate":"2012-04-19T00:00:00","lastDate":"2014-01-19T00:00:00"}
[operation] ask {"demand":"order 5","operation":"delivery end item","quantity":10,"end":"2012-04-19T00:00:00"}
[buffer] ask {"demand":null,"buffer":"end item","requested":10,"date":"2012-04-18T00:00:00","onhand":10}
[demand] reply {"demand":"order 5","attempt":1186,"result":false,"quantity":0,"date":"2012-04-20T00:00:00"}
[demand] attempt {"demand":"order 5","attempt":1187,"quantity":10,"requestDate":"2012-04-20T00:00:00","lastDate":"2014-01-19T00:00:00"}
[operation] ask {"demand":"order 5","operation":"delivery end item","quantity":10,"end":"2012-04-20T00:00:00"}
[buffer] ask {"demand":null,"buffer":"end item","requested":10,"date":"2012-04-19T00:00:00","onhand":10}
[demand] reply {"demand":"order 5","attempt":1187,"result":false,"quantity":0,"date":"2012-04-21T00:00:00"}
[demand] attempt {"demand":"order 5","attempt":1188,"quantity":10,"requestDate":"2012-04-21T00:00:00","lastDate":"2014-01-19T00:00:00"}
[operation] ask {"demand":"order 5","operation":"delivery end item","quantity":10,"end":"2012-04-21T00:00:00"}
[buffer] ask {"demand":null,"buffer":"end item","requested":10,"date":"2012-04-20T00:00:00","onhand":10}
[demand] reply {"demand":"order 5","attempt":1188,"result":false,"quantity":0,"date":"2012-04-22T00:00:00"}
[demand] attempt {"demand":"order 5","attempt":1189,"quantity":10,"requestDate":"2012-04-22T00:00:00","lastDate":"2014-01-19T00:00:00"}
[operation] ask {"demand":"order 5","operation":"delivery end item","quantity":10,"end":"2012-04-22T00:00:00"}
[buffer] ask {"demand":null,"buffer":"end item","requested":10,"date":"2012-04-21T00:00:00","onhand":10}
[demand] reply {"demand":"order 5","attempt":1189,"result":false,"quantity":0,"date":"2012-04-23T00:00:00"}
[demand] attempt {"demand":"order 5","attempt":1190,"quantity":10,"requestDate":"2012-04-23T00:00:00","lastDate":"2014-01-19T00:00:00"}
[operation] ask {"demand":"order 5","operation":"delivery end item","quantity":10,"end":"2012-04-23T00:00:00"}
[buffer] ask {"demand":null,"buffer":"end item","requested":10,"date":"2012-04-22T00:00:00","onhand":10}
[demand] reply {"demand":"order 5","attempt":1190,"result":false,"quantity":0,"date":"2012-04-24T00:00:00"}
[demand] attempt {"demand":"order 5","attempt":1191,"quantity":10,"requestDate":"2012-04-24T00:00:00","lastDate":"2014-01-19T00:00:00"}
[operation] ask {"demand":"order 5","operation":"delivery end item","quantity":10,"end":"2012-04-24T00:00:00"}
[buffer] ask {"demand":null,"buffer":"end item","requested":10,"date":"2012-04-23T00:00:00","onhand":10}
[demand] reply {"demand":"order 5","attempt":1191,"result":false,"quantity":0,"date":"2012-04-25T00:00:00"}
[demand] attempt {"demand":"order 5","attempt":1192,"quantity":10,"requestDate":"2012-04-25T00:00:00","lastDate":"2014-01-19T00:00:00"}
[operation] ask {"demand":"order 5","operation":"delivery end item","quantity":10,"end":"2012-04-25T00:00:00"}
[buffer] ask {"demand":null,"buffer":"end item","requested":10,"date":"2012-04-24T00:00:00","onhand":10}
[demand] reply {"demand":"order 5","attempt":1192,"result":false,"quantity":0,"date":"2012-04-26T00:00:00"}
[demand] attempt {"demand":"order 5","attempt":1193,"quantity":10,"requestDate":"2012-04-26T00:00:00","lastDate":"2014-01-19T00:00:00"}
[operation] ask {"demand":"order 5","operation":"delivery end item","quantity":10,"end":"2012-04-26T00:00:00"}
[buffer] ask {"demand":null,"buffer":"end item","requested":10,"date":"2012-04-25T00:00:00","onhand":10}
[demand] reply {"demand":"order 5","attempt":1193,"result":false,"quantity":0,"date":"2012-04-27T00:00:00"}
[demand] attempt {"demand":"order 5","attempt":1194,"quantity":10,"requestDate":"2012-04-27T00:00:00","lastDate":"2014-01-19T00:00:00"}
[operation] ask {"demand":"order 5","operation":"delivery end item","quantity":10,"end":"2012-04-27T00:00:00"}
[buffer] ask {"demand":null,"buffer":"end item","requested":10,"date":"2012-04-26T00:00:00","onhand":10}
[demand] reply {"demand":"order 5","attempt":1194,"result":false,"quantity":0,"date":"2012-04-28T00:00:00"}
[demand] attempt {"demand":"order 5","attempt":1195,"quantity":10,"requestDate":"2012-04-28T00:00:00","lastDate":"2014-01-19T00:00:00"}
[operation] ask {"demand":"order 5","operation":"delivery end item","quantity":10,"end":"2012-04-28T00:00:00"}
[buffer] ask {"demand":null,"buffer":"end item","requested":10,"date":"2012-04-27T00:00:00","onhand":10}
[demand] reply {"demand":"order 5","attempt":1195,"result":false,"quantity":0,"date":"2012-04-29T00:00:00"}
[demand] attempt {"demand":"order 5","attempt":1196,"quantity":10,"requestDate":"2012-04-29T00:00:00","lastDate":"2014-01-19T00:00:00"}
[operation] ask {"demand":"order 5","operation":"delivery end item","quantity":10,"end":"2012-04-29T00:00:00"}
[buffer] ask {"demand":null,"buffer":"end item","requested":10,"date":"2012-04-28T00:00:00","onhand":10}
[demand] reply {"demand":"order 5","attempt":1196,"result":false,"quantity":0,"date":"2012-04-30T00:00:00"}
[demand] attempt {"demand":"order 5","attempt":1197,"quantity":10,"requestDate":"2012-04-30T00:00:00","lastDate":"2014-01-19T00:00:00"}
[operation] ask {"demand":"order 5","operation":"delivery end item","quantity":10,"end":"2012-04-30T00:00:00"}
[buffer] ask {"demand":null,"buffer":"end item","requested":10,"date":"2012-04-29T00:00:00","onhand":10}
[demand] reply {"demand":"order 5","attempt":1197,"result":false,"quantity":0,"date":"2012-05-01T00:00:00"}
[demand] attempt {"demand":"order 5","attempt":1198,"quantity":10,"requestDate":"2012-05-01T00:00:00","lastDate":"2014-01-19T00:00:00"}
[operation] ask {"demand":"order 5","operation":"delivery end item","quantity":10,"end":"2012-05-01T00:00:00"}
[buffer] ask {"demand":null,"buffer":"end item","requested":10,"date":"2012-04-30T00:00:00","onhand":10}
[demand] reply {"demand":"order 5","attempt":1198,"result":false,"quantity":0,"date":"2012-05-02T00:00:00"}
[demand] attempt {"demand":"order 5","attempt":1199,"quantity":10,"requestDate":"2012-05-02T00:00:00","lastDate":"2014-01-19T00:00:00"}
[operation] ask {"demand":"order 5","operation":"delivery end item","quantity":10,"end":"2012-05-02T00:00:00"}
[buffer] ask {"demand":null,"buffer":"end item","requested":10,"date":"2012-05-01T00:00:00","onhand":10}
[demand] reply {"demand":"order 5","attempt":1199,"result":false,"quantity":0,"date":"2012-05-03T00:00:00"}
[demand] attempt {"demand":"order 5","attempt":1200,"quantity":10,"requestDate":"2012-05-03T00:00:00","lastDate":"2014-01-19T00:00:00"}
[operation] ask {"demand":"order 5","operation":"delivery end item","quantity":10,"end":"2012-05-03T00:00:00"}
[buffer] ask {"demand":null,"buffer":"end item","requested":10,"date":"2012-05-02T00:00:00","onhand":10}
[demand] reply {"demand":"order 5","attempt":1200,"result":false,"quantity":0,"date":"2012-05-04T00:00:00"}
[demand] attempt {"demand":"order 5","attempt":1201,"quantity":10,"requestDate":"2012-05-04T00:00:00","lastDate":"2014-01-19T00:00:00"}
[operation] ask {"demand":"order 5","operation":"delivery end item","quantity":10,"end":"2012-05-04T00:00:00"}
[buffer] ask {"demand":null,"buffer":"end item","requested":10,"date":"2012-05-03T00:00:00","onhand":10}
[demand] reply {"demand":"order 5","attempt":1201,"result":false,"quantity":0,"date":"2012-05-05T00:00:00"}
[demand] attempt {"demand":"order 5","attempt":1202,"quantity":10,"requestDate":"2012-05-05T00:00:00","lastDate":"2014-01-19T00:00:00"}
[operation] ask {"demand":"order 5","operation":"delivery end item","quantity":10,"end":"2012-05-05T00:00:00"}
[buffer] ask {"demand":null,"buffer":"end item","requested":10,"date":"2012-05-04T00:00:00","onhand":10}
[demand] reply {"demand":"order 5","attempt":1202,"result":false,"quantity":0,"date":"2012-05-06T00:00:00"}
[demand] attempt {"demand":"order 5","attempt":1203,"quantity":10,"requestDate":"2012-05-06T00:00:00","lastDate":"2014-01-19T00:00:00"}
[operation] ask {"demand":"order 5","operation":"delivery end item","quantity":10,"end":"2012-05-06T00:00:00"}
[buffer] ask {"demand":null,"buffer":"end item","requested":10,"date":"2012-05-05T00:00:00","onhand":10}
[demand] reply {"demand":"order 5","attempt":1203,"result":false,"quantity":0,"date":"2012-05-07T00:00:00"}
[demand] attempt {"demand":"order 5","attempt":1204,"quantity":10,"requestDate":"2012-05-07T00:00:00","lastDate":"2014-01-19T00:00:00"}
[operation] ask {"demand":"order 5","operation":"delivery end item","quantity":10,"end":"2012-05-07T00:00:00"}
[buffer] ask {"demand":null,"buffer":"end item","requested":10,"date":"2012-05-06T00:00:00","onhand":10}
[demand] reply {"demand":"order 5","attempt":1204,"result":false,"quantity":0,"date":"2012-05-08T00:00:00"}
[demand] attempt {"demand":"order 5","attempt":1205,"quantity":10,"requestDate":"2012-05-08T00:00:00","lastDate":"2014-01-19T00:00:00"}
[operation] ask {"demand":"order 5","operation":"delivery end item","quantity":10,"end":"2012-05-08T00:00:00"}
[buffer] ask {"demand":null,"buffer":"end item","requested":10,"date":"2012-05-07T00:00:00","onhand":10}
[demand] reply {"demand":"order 5","attempt":1205,"result":false,"quantity":0,"date":"2012-05-09T00:00:00"}
[demand] attempt {"demand":"order 5","attempt":1206,"quantity":10,"requestDate":"2012-05-09T00:00:00","lastDate":"2014-01-19T00:00:00"}
[operation] ask {"demand":"order 5","operation":"delivery end item","quantity":10,"end":"2012-05-09T00:00:00"}
[buffer] ask {"demand":null,"buffer":"end item","requested":10,"date":"2012-05-08T00:00:00","onhand":10}
[demand] reply {"demand":"order 5","attempt":1206,"result":false,"quantity":0,"date":"2012-05-10T00:00:00"}
[demand] attempt {"demand":"order 5","attempt":1207,"quantity":10,"requestDate":"2012-05-10T00:00:00","lastDate":"2014-01-19T00:00:00"}
[operation] ask {"demand":"order 5","operation":"delivery end item","quantity":10,"end":"2012-05-10T00:00:00"}
[buffer] ask {"demand":null,"buffer":"end item","requested":10,"date":"2012-05-09T00:00:00","onhand":10}
[demand] reply {"demand":"order 5","attempt":1207,"result":false,"quantity":0,"date":"2012-05-11T00:00:00"}
[demand] attempt {"demand":"order 5","attempt":1208,"quantity":10,"requestDate":"2012-05-11T00:00:00","lastDate":"2014-01-19T00:00:00"}
[operation] ask {"demand":"order 5","operation":"delivery end item","quantity":10,"end":"2012-05-11T00:00:00"}
[buffer] ask {"demand":null,"buffer":"end item","requested":10,"date":"2012-05-10T00:00:00","onhand":10}
[demand] reply {"demand":"order 5","attempt":1208,"result":false,"quantity":0,"date":"2012-05-12T00:00:00"}
[demand] attempt {"demand":"order 5","attempt":1209,"quantity":10,"requestDate":"2012-05-12T00:00:00","lastDate":"2014-01-19T00:00:00"}
[operation] ask {"demand":"order 5","operation":"delivery end item","quantity":10,"end":"2012-05-12T00:00:00"}
[buffer] ask {"demand":null,"buffer":"end item","requested":10,"date":"2012-05-11T00:00:00","onhand":10}
[demand] reply {"demand":"order 5","attempt":1209,"result":false,"quantity":0,"date":"2012-05-13T00:00:00"}
[demand] attempt {"demand":"order 5","attempt":1210,"quantity":10,"requestDate":"2012-05-13T00:00:00","lastDate":"2014-01-19T00:00:00"}
[operation] ask {"demand":"order 5","operation":"delivery end item","quantity":10,"end":"2012-05-13T00:00:00"}
[buffer] ask {"demand":null,"buffer":"end item","requested":10,"date":"2012-05-12T00:00:00","onhand":10}
[demand] reply {"demand":"order 5","attempt":1210,"result":false,"quantity":0,"date":"2012-05-14T00:00:00"}
[demand] attempt {"demand":"order 5","attempt":1211,"quantity":10,"requestDate":"2012-05-14T00:00:00","lastDate":"2014-01-19T00:00:00"}
[operation] ask {"demand":"order 5","operation":"delivery end item","quantity":10,"end":"2012-05-14T00:00:00"}
[buffer] ask {"demand":null,"buffer":"end item","requested":10,"date":"2012-05-13T00:00:00","onhand":10}
[demand] reply {"demand":"order 5","attempt":1211,"result":false,"quantity":0,"date":"2012-05-15T00:00:00"}
[demand] attempt {"demand":"order 5","attempt":1212,"quantity":10,"requestDate":"2012-05-15T00:00:00","lastDate":"2014-01-19T00:00:00"}
[operation] ask {"demand":"order 5","operation":"delivery end item","quantity":10,"end":"2012-05-15T00:00:00"}
[buffer] ask {"demand":null,"buffer":"end item","requested":10,"date":"2012-05-14T00:00:00","onhand":10}
[demand] reply {"demand":"order 5","attempt":1212,"result":false,"quantity":0,"date":"2012-05-16T00:00:00"}
[demand] attempt {"demand":"order 5","attempt":1213,"quantity":10,"requestDate":"2012-05-16T00:00:00","lastDate":"2014-01-19T00:00:00"}
[operation] ask {"demand":"order 5","operation":"delivery end item","quantity":10,"end":"2012-05-16T00:00:00"}
[buffer] ask {"demand":null,"buffer":"end item","requested":10,"date":"2012-05-15T00:00:00","onhand":10}
[demand] reply {"demand":"order 5","attempt":1213,"result":false,"quantity":0,"date":"2012-05-17T00:00:00"}
[demand] attempt {"demand":"order 5","attempt":1214,"quantity":10,"requestDate":"2012-05-17T00:00:00","lastDate":"2014-01-19T00:00:00"}
[operation] ask {"demand":"order 5","operation":"delivery end item","quantity":10,"end":"2012-05-17T00:00:00"}
[buffer] ask {"demand":null,"buffer":"end item","requested":10,"date":"2012-05-16T00:00:00","onhand":10}
[demand] reply {"demand":"order 5","attempt":1214,"result":false,"quantity":0,"date":"2012-05-18T00:00:00"}
[demand] attempt {"demand":"order 5","attempt":1215,"quantity":10,"requestDate":"2012-05-18T00:00:00","lastDate":"2014-01-19T00:00:00"}
[operation] ask {"demand":"order 5","operation":"delivery end item","quantity":10,"end":"2012-05-18T00:00:00"}
[buffer] ask {"demand":null,"buffer":"end item","requested":10,"date":"2012-05-17T00:00:00","onhand":10}
[demand] reply {"demand":"order 5","attempt":1215,"result":false,"quantity":0,"date":"2012-05-19T00:00:00"}
[demand] attempt {"demand":"order 5","attempt":1216,"quantity":10,"requestDate":"2012-05-19T00:00:00","lastDate":"2014-01-19T00:00:00"}
[operation] ask {"demand":"order 5","operation":"delivery end item","quantity":10,"end":"2012-05-19T00:00:00"}
[buffer] ask {"demand":null,"buffer":"end item","requested":10,"date":"2012-05-18T00:00:00","onhand":10}
[demand] reply {"demand":"order 5","attempt":1216,"result":false,"quantity":0,"date":"2012-05-20T00:00:00"}
[demand] attempt {"demand":"order 5","attempt":1217,"quantity":10,"requestDate":"2012-05-20T00:00:00","lastDate":"2014-01-19T00:00:00"}
[operation] ask {"demand":"order 5","operation":"delivery end item","quantity":10,"end":"2012-05-20T00:00:00"}
[buffer] ask {"demand":null,"buffer":"end item","requested":10,"date":"2012-05-19T00:00:00","onhand":10}
[demand] reply {"demand":"order 5","attempt":1217,"result":false,"quantity":0,"date":"2012-05-21T00:00:00"}
[demand] attempt {"demand":"order 5","attempt":1218,"quantity":10,"requestDate":"2012-05-21T00:00:00","lastDate":"2014-01-19T00:00:00"}
[operation] ask {"demand":"order 5","operation":"delivery end item","quantity":10,"end":"2012-05-21T00:00:00"}
[buffer] ask {"demand":null,"buffer":"end item","requested":10,"date":"2012-05-20T00:00:00","onhand":10}
[demand] reply {"demand":"order 5","attempt":1218,"result":false,"quantity":0,"date":"2012-05-22T00:00:00"}
[demand] attempt {"demand":"order 5","attempt":1219,"quantity":10,"requestDate":"2012-05-22T00:00:00","lastDate":"2014-01-19T00:00:00"}
[operation] ask {"demand":"order 5","operation":"delivery end item","quantity":10,"end":"2012-05-22T00:00:00"}
[buffer] ask {"demand":null,"buffer":"end item","requested":10,"date":"2012-05-21T00:00:00","onhand":10}
[demand] reply {"demand":"order 5","attempt":1219,"result":false,"quantity":0,"date":"2012-05-23T00:00:00"}
[demand] attempt {"demand":"order 5","attempt":1220,"quantity":10,"requestDate":"2012-05-23T00:00:00","lastDate":"2014-01-19T00:00:00"}
[operation] ask {"demand":"order 5","operation":"delivery end item","quantity":10,"end":"2012-05-23T00:00:00"}
[buffer] ask {"demand":null,"buffer":"end item","requested":10,"date":"2012-05-22T00:00:00","onhand":10}
[demand] reply {"demand":"order 5","attempt":1220,"result":false,"quantity":0,"date":"2012-05-24T00:00:00"}
[demand] attempt {"demand":"order 5","attempt":1221,"quantity":10,"requestDate":"2012-05-24T00:00:00","lastDate":"2014-01-19T00:00:00"}
[operation] ask {"demand":"order 5","operation":"delivery end item","quantity":10,"end":"2012-05-24T00:00:00"}
[buffer] ask {"demand":null,"buffer":"end item","requested":10,"date":"2012-05-23T00:00:00","onhand":10}
[demand] reply {"demand":"order 5","attempt":1221,"result":false,"quantity":0,"date":"2012-05-25T00:00:00"}
[demand] attempt {"demand":"order 5","attempt":1222,"quantity":10,"requestDate":"2012-05-25T00:00:00","lastDate":"2014-01-19T00:00:00"}
[operation] ask {"demand":"order 5","operation":"delivery end item","quantity":10,"end":"2012-05-25T00:00:00"}
[buffer] ask {"demand":null,"buffer":"end item","requested":10,"date":"2012-05-24T00:00:00","onhand":10}
[demand] reply {"demand":"order 5","attempt":1222,"result":false,"quantity":0,"date":"2012-05-26T00:00:00"}
[demand] attempt {"demand":"order 5","attempt":1223,"quantity":10,"requestDate":"2012-05-26T00:00:00","lastDate":"2014-01-19T00:00:00"}
[operation] ask {"demand":"order 5","operation":"delivery end item","quantity":10,"end":"2012-05-26T00:00:00"}
[buffer] ask {"demand":null,"buffer":"end item","requested":10,"date":"2012-05-25T00:00:00","onhand":10}
[demand] reply {"demand":"order 5","attempt":1223,"result":false,"quantity":0,"date":"2012-05-27T00:00:00"}
[demand] attempt {"demand":"order 5","attempt":1224,"quantity":10,"requestDate":"2012-05-27T00:00:00","lastDate":"2014-01-19T00:00:00"}
[operation] ask {"demand":"order 5","operation":"delivery end item","quantity":10,"end":"2012-05-27T00:00:00"}
[buffer] ask {"demand":null,"buffer":"end item","requested":10,"date":"2012-05-26T00:00:00","onhand":10}
[demand] reply {"demand":"order 5","attempt":1224,"result":false,"quantity":0,"date":"2012-05-28T00:00:00"}
[demand] attempt {"demand":"order 5","attempt":1225,"quantity":10,"requestDate":"2012-05-28T00:00:00","lastDate":"2014-01-19T00:00:00"}
[operation] ask {"demand":"order 5","operation":"delivery end item","quantity":10,"end":"2012-05-28T00:00:00"}
[buffer] ask {"demand":null,"buffer":"end item","requested":10,"date":"2012-05-27T00:00:00","onhand":10}
[demand] reply {"demand":"order 5","attempt":1225,"result":false,"quantity":0,"date":"2012-05-29T00:00:00"}
[demand] attempt {"demand":"order 5","attempt":1226,"quantity":10,"requestDate":"2012-05-29T00:00:00","lastDate":"2014-01-19T00:00:00"}
[operation] ask {"demand":"order 5","operation":"delivery end item","quantity":10,"end":"2012-05-29T00:00:00"}
[buffer] ask {"demand":null,"buffer":"end item","requested":10,"date":"2012-05-28T00:00:00","onhand":10}
[demand] reply {"demand":"order 5","attempt":1226,"result":false,"quantity":0,"date":"2012-05-30T00:00:00"}
[demand] attempt {"demand":"order 5","attempt":1227,"quantity":10,"requestDate":"2012-05-30T00:00:00","lastDate":"2014-01-19T00:00:00"}
[operation] ask {"demand":"order 5","operation":"delivery end item","quantity":10,"end":"2012-05-30T00:00:00"}
[buffer] ask {"demand":null,"buffer":"end item","requested":10,"date":"2012-05-29T00:00:00","onhand":10}
[demand] reply {"demand":"order 5","attempt":1227,"result":false,"quantity":0,"date":"2012-05-31T00:00:00"}
[demand] attempt {"demand":"order 5","attempt":1228,"quantity":10,"requestDate":"2012-05-31T00:00:00","lastDate":"2014-01-19T00:00:00"}
[operation] ask {"demand":"order 5","operation":"delivery end item","quantity":10,"end":"2012-05-31T00:00:00"}
[buffer] ask {"demand":null,"buffer":"end item","requested":10,"date":"2012-05-30T00:00:00","onhand":10}
[demand] reply {"demand":"order 5","attempt":1228,"result":false,"quantity":0,"date":"2012-06-01T00:00:00"}
[demand] attempt {"demand":"order 5","attempt":1229,"quantity":10,"requestDate":"2012-06-01T00:00:00","lastDate":"2014-01-19T00:00:00"}
[operation] ask {"demand":"order 5","operation":"delivery end item","quantity":10,"end":"2012-06-01T00:00:00"}
[buffer] ask {"demand":null,"buffer":"end item","requested":10,"date":"2012-05-31T00:00:00","onhand":10}
[demand] reply {"demand":"order 5","attempt":1229,"result":false,"quantity":0,"date":"2012-06-02T00:00:00"}
[demand] attempt {"demand":"order 5","attempt":1230,"quantity":10,"requestDate":"2012-06-02T00:00:00","lastDate":"2014-01-19T00:00:00"}
[operation] ask {"demand":"order 5","operation":"delivery end item","quantity":10,"end":"2012-06-02T00:00:00"}
[buffer] ask {"demand":null,"buffer":"end item","requested":10,"date":"2012-06-01T00:00:00","onhand":10}
[demand] reply {"demand":"order 5","attempt":1230,"result":false,"quantity":0,"date":"2012-06-03T00:00:00"}
[demand] attempt {"demand":"order 5","attempt":1231,"quantity":10,"requestDate":"2012-06-03T00:00:00","lastDate":"2014-01-19T00:00:00"}
[operation] ask {"demand":"order 5","operation":"delivery end item","quantity":10,"end":"2012-06-03T00:00:00"}
[buffer] ask {"demand":null,"buffer":"end item","requested":10,"date":"2012-06-02T00:00:00","onhand":10}
[demand] reply {"demand":"order 5","attempt":1231,"result":false,"quantity":0,"date":"2012-06-04T00:00:00"}
[demand] attempt {"demand":"order 5","attempt":1232,"quantity":10,"requestDate":"2012-06-04T00:00:00","lastDate":"2014-01-19T00:00:00"}
[operation] ask {"demand":"order 5","operation":"delivery end item","quantity":10,"end":"2012-06-04T00:00:00"}
[buffer] ask {"demand":null,"buffer":"end item","requested":10,"date":"2012-06-03T00:00:00","onhand":10}
[demand] reply {"demand":"order 5","attempt":1232,"result":false,"quantity":0,"date":"2012-06-05T00:00:00"}
[demand] attempt {"demand":"order 5","attempt":1233,"quantity":10,"requestDate":"2012-06-05T00:00:00","lastDate":"2014-01-19T00:00:00"}
[operation] ask {"demand":"order 5","operation":"delivery end item","quantity":10,"end":"2012-06-05T00:00:00"}
[buffer] ask {"demand":null,"buffer":"end item","requested":10,"date":"2012-06-04T00:00:00","onhand":10}
[demand] reply {"demand":"order 5","attempt":1233,"result":false,"quantity":0,"date":"2012-06-06T00:00:00"}
[demand] attempt {"demand":"order 5","attempt":1234,"quantity":10,"requestDate":"2012-06-06T00:00:00","lastDate":"2014-01-19T00:00:00"}
[operation] ask {"demand":"order 5","operation":"delivery end item","quantity":10,"end":"2012-06-06T00:00:00"}
[buffer] ask {"demand":null,"buffer":"end item","requested":10,"date":"2012-06-05T00:00:00","onhand":10}
[demand] reply {"demand":"order 5","attempt":1234,"result":false,"quantity":0,"date":"2012-06-07T00:00:00"}
[demand] attempt {"demand":"order 5","attempt":1235,"quantity":10,"requestDate":"2012-06-07T00:00:00","lastDate":"2014-01-19T00:00:00"}
[operation] ask {"demand":"order 5","operation":"delivery end item","quantity":10,"end":"2012-06-07T00:00:00"}
[buffer] ask {"demand":null,"buffer":"end item","requested":10,"date":"2012-06-06T00:00:00","onhand":10}
[demand] reply {"demand":"order 5","attempt":1235,"result":false,"quantity":0,"date":"2012-06-08T00:00:00"}
[demand] attempt {"demand":"order 5","attempt":1236,"quantity":10,"requestDate":"2012-06-08T00:00:00","lastDate":"2014-01-19T00:00:00"}
[operation] ask {"demand":"order 5","operation":"delivery end item","quantity":10,"end":"2012-06-08T00:00:00"}
[buffer] ask {"demand":null,"buffer":"end item","requested":10,"date":"2012-06-07T00:00:00","onhand":10}
[demand] reply {"demand":"order 5","attempt":1236,"result":false,"quantity":0,"date":"2012-06-09T00:00:00"}
[demand] attempt {"demand":"order 5","attempt":1237,"quantity":10,"requestDate":"2012-06-09T00:00:00","lastDate":"2014-01-19T00:00:00"}
[operation] ask {"demand":"order 5","operation":"delivery end item","quantity":10,"end":"2012-06-09T00:00:00"}
[buffer] ask {"demand":null,"buffer":"end item","requested":10,"date":"2012-06-08T00:00:00","onhand":10}
[demand] reply {"demand":"order 5","attempt":1237,"result":false,"quantity":0,"date":"2012-06-10T00:00:00"}
[demand] attempt {"demand":"order 5","attempt":1238,"quantity":10,"requestDate":"2012-06-10T00:00:00","lastDate":"2014-01-19T00:00:00"}
[operation] ask {"demand":"order 5","operation":"delivery end item","quantity":10,"end":"2012-06-10T00:00:00"}
[buffer] ask {"demand":null,"buffer":"end item","requested":10,"date":"2012-06-09T00:00:00","onhand":10}
[demand] reply {"demand":"order 5","attempt":1238,"result":false,"quantity":0,"date":"2012-06-11T00:00:00"}
[demand] attempt {"demand":"order 5","attempt":1239,"quantity":10,"requestDate":"2012-06-11T00:00:00","lastDate":"2014-01-19T00:00:00"}
[operation] ask {"demand":"order 5","operation":"delivery end item","quantity":10,"end":"2012-06-11T00:00:00"}
[buffer] ask {"demand":null,"buffer":"end item","requested":10,"date":"2012-06-10T00:00:00","onhand":10}
[demand] reply {"demand":"order 5","attempt":1239,"result":false,"quantity":0,"date":"2012-06-12T00:00:00"}
[demand] attempt {"demand":"order 5","attempt":1240,"quantity":10,"requestDate":"2012-06-12T00:00:00","lastDate":"2014-01-19T00:00:00"}
[operation] ask {"demand":"order 5","operation":"delivery end item","quantity":10,"end":"2012-06-12T00:00:00"}
[buffer] ask {"demand":null,"buffer":"end item","requested":10,"date":"2012-06-11T00:00:00","onhand":10}
[demand] reply {"demand":"order 5","attempt":1240,"result":false,"quantity":0,"date":"2012-06-13T00:00:00"}
[demand] attempt {"demand":"order 5","attempt":1241,"quantity":10,"requestDate":"2012-06-13T00:00:00","lastDate":"2014-01-19T00:00:00"}
[operation] ask {"demand":"order 5","operation":"delivery end item","quantity":10,"end":"2012-06-13T00:00:00"}
[buffer] ask {"demand":null,"buffer":"end item","requested":10,"date":"2012-06-12T00:00:00","onhand":10}
[demand] reply {"demand":"order 5","attempt":1241,"result":false,"quantity":0,"date":"2012-06-14T00:00:00"}
[demand] attempt {"demand":"order 5","attempt":1242,"quantity":10,"requestDate":"2012-06-14T00:00:00","lastDate":"2014-01-19T00:00:00"}
[operation] ask {"demand":"order 5","operation":"delivery end item","quantity":10,"end":"2012-06-14T00:00:00"}
[buffer] ask {"demand":null,"buffer":"end item","requested":10,"date":"2012-06-13T00:00:00","onhand":10}
[demand] reply {"demand":"order 5","attempt":1242,"result":false,"quantity":0,"date":"2012-06-15T00:00:00"}
[demand] attempt {"demand":"order 5","attempt":1243,"quantity":10,"requestDate":"2012-06-15T00:00:00","lastDate":"2014-01-19T00:00:00"}
[operation] ask {"demand":"order 5","operation":"delivery end item","quantity":10,"end":"2012-06-15T00:00:00"}
[buffer] ask {"demand":null,"buffer":"end item","requested":10,"date":"2012-06-14T00:00:00","onhand":10}
[demand] reply {"demand":"order 5","attempt":1243,"result":false,"quantity":0,"date":"2012-06-16T00:00:00"}
[demand] attempt {"demand":"order 5","attempt":1244,"quantity":10,"requestDate":"2012-06-16T00:00:00","lastDate":"2014-01-19T00:00:00"}
[operation] ask {"demand":"order 5","operation":"delivery end item","quantity":10,"end":"2012-06-16T00:00:00"}
[buffer] ask {"demand":null,"buffer":"end item","requested":10,"date":"2012-06-15T00:00:00","onhand":10}
[demand] reply {"demand":"order 5","attempt":1244,"result":false,"quantity":0,"date":"2012-06-17T00:00:00"}
[demand] attempt {"demand":"order 5","attempt":1245,"quantity":10,"requestDate":"2012-06-17T00:00:00","lastDate":"2014-01-19T00:00:00"}
[operation] ask {"demand":"order 5","operation":"delivery end item","quantity":10,"end":"2012-06-17T00:00:00"}
[buffer] ask {"demand":null,"buffer":"end item","requested":10,"date":"2012-06-16T00:00:00","onhand":10}
[demand] reply {"demand":"order 5","attempt":1245,"result":false,"quantity":0,"date":"2012-06-18T00:00:00"}
[demand] attempt {"demand":"order 5","attempt":1246,"quantity":10,"requestDate":"2012-06-18T00:00:00","lastDate":"2014-01-19T00:00:00"}
[operation] ask {"demand":"order 5","operation":"delivery end item","quantity":10,"end":"2012-06-18T00:00:00"}
[buffer] ask {"demand":null,"buffer":"end item","requested":10,"date":"2012-06-17T00:00:00","onhand":10}
[demand] reply {"demand":"order 5","attempt":1246,"result":false,"quantity":0,"date":"2012-06-19T00:00:00"}
[demand] attempt {"demand":"order 5","attempt":1247,"quantity":10,"requestDate":"2012-06-19T00:00:00","lastDate":"2014-01-19T00:00:00"}
[operation] ask {"demand":"order 5","operation":"delivery end item","quantity":10,"end":"2012-06-19T00:00:00"}
[buffer] ask {"demand":null,"buffer":"end item","requested":10,"date":"2012-06-18T00:00:00","onhand":10}
[demand] reply {"demand":"order 5","attempt":1247,"result":false,"quantity":0,"date":"2012-06-20T00:00:00"}
[demand] attempt {"demand":"order 5","attempt":1248,"quantity":10,"requestDate":"2012-06-20T00:00:00","lastDate":"2014-01-19T00:00:00"}
[operation] ask {"demand":"order 5","operation":"delivery end item","quantity":10,"end":"2012-06-20T00:00:00"}
[buffer] ask {"demand":null,"buffer":"end item","requested":10,"date":"2012-06-19T00:00:00","onhand":10}
[demand] reply {"demand":"order 5","attempt":1248,"result":false,"quantity":0,"date":"2012-06-21T00:00:00"}
[demand] attempt {"demand":"order 5","attempt":1249,"quantity":10,"requestDate":"2012-06-21T00:00:00","lastDate":"2014-01-19T00:00:00"}
[operation] ask {"demand":"order 5","operation":"delivery end item","quantity":10,"end":"2012-06-21T00:00:00"}
[buffer] ask {"demand":null,"buffer":"end item","requested":10,"date":"2012-06-20T00:00:00","onhand":10}
[demand] reply {"demand":"order 5","attempt":1249,"result":false,"quantity":0,"date":"2012-06-22T00:00:00"}
[demand] attempt {"demand":"order 5","attempt":1250,"quantity":10,"requestDate":"2012-06-22T00:00:00","lastDate":"2014-01-19T00:00:00"}
[operation] ask {"demand":"order 5","operation":"delivery end item","quantity":10,"end":"2012-06-22T00:00:00"}
[buffer] ask {"demand":null,"buffer":"end item","requested":10,"date":"2012-06-21T00:00:00","onhand":10}
[demand] reply {"demand":"order 5","attempt":1250,"result":false,"quantity":0,"date":"2012-06-23T00:00:00"}
[demand] attempt {"demand":"order 5","attempt":1251,"quantity":10,"requestDate":"2012-06-23T00:00:00","lastDate":"2014-01-19T00:00:00"}
[operation] ask {"demand":"order 5","operation":"delivery end item","quantity":10,"end":"2012-06-23T00:00:00"}
[buffer] ask {"demand":null,"buffer":"end item","requested":10,"date":"2012-06-22T00:00:00","onhand":10}
[demand] reply {"demand":"order 5","attempt":1251,"result":false,"quantity":0,"date":"2012-06-24T00:00:00"}
[demand] attempt {"demand":"order 5","attempt":1252,"quantity":10,"requestDate":"2012-06-24T00:00:00","lastDate":"2014-01-19T00:00:00"}
[operation] ask {"demand":"order 5","operation":"delivery end item","quantity":10,"end":"2012-06-24T00:00:00"}
[buffer] ask {"demand":null,"buffer":"end item","requested":10,"date":"2012-06-23T00:00:00","onhand":10}
[demand] reply {"demand":"order 5","attempt":1252,"result":false,"quantity":0,"date":"2012-06-25T00:00:00"}
[demand] attempt {"demand":"order 5","attempt":1253,"quantity":10,"requestDate":"2012-06-25T00:00:00","lastDate":"2014-01-19T00:00:00"}
[operation] ask {"demand":"order 5","operation":"delivery end item","quantity":10,"end":"2012-06-25T00:00:00"}
[buffer] ask {"demand":null,"buffer":"end item","requested":10,"date":"2012-06-24T00:00:00","onhand":10}
[demand] reply {"demand":"order 5","attempt":1253,"result":false,"quantity":0,"date":"2012-06-26T00:00:00"}
[demand] attempt {"demand":"order 5","attempt":1254,"quantity":10,"requestDate":"2012-06-26T00:00:00","lastDate":"2014-01-19T00:00:00"}
[operation] ask {"demand":"order 5","operation":"delivery end item","quantity":10,"end":"2012-06-26T00:00:00"}
[buffer] ask {"demand":null,"buffer":"end item","requested":10,"date":"2012-06-25T00:00:00","onhand":10}
[demand] reply {"demand":"order 5","attempt":1254,"result":false,"quantity":0,"date":"2012-06-27T00:00:00"}
[demand] attempt {"demand":"order 5","attempt":1255,"quantity":10,"requestDate":"2012-06-27T00:00:00","lastDate":"2014-01-19T00:00:00"}
[operation] ask {"demand":"order 5","operation":"delivery end item","quantity":10,"end":"2012-06-27T00:00:00"}
[buffer] ask {"demand":null,"buffer":"end item","requested":10,"date":"2012-06-26T00:00:00","onhand":10}
[demand] reply {"demand":"order 5","attempt":1255,"result":false,"quantity":0,"date":"2012-06-28T00:00:00"}
[demand] attempt {"demand":"order 5","attempt":1256,"quantity":10,"requestDate":"2012-06-28T00:00:00","lastDate":"2014-01-19T00:00:00"}
[operation] ask {"demand":"order 5","operation":"delivery end item","quantity":10,"end":"2012-06-28T00:00:00"}
[buffer] ask {"demand":null,"buffer":"end item","requested":10,"date":"2012-06-27T00:00:00","onhand":10}
[demand] reply {"demand":"order 5","attempt":1256,"result":false,"quantity":0,"date":"2012-06-29T00:00:00"}
[demand] attempt {"demand":"order 5","attempt":1257,"quantity":10,"requestDate":"2012-06-29T00:00:00","lastDate":"2014-01-19T00:00:00"}
[operation] ask {"demand":"order 5","operation":"delivery end item","quantity":10,"end":"2012-06-29T00:00:00"}
[buffer] ask {"demand":null,"buffer":"end item","requested":10,"date":"2012-06-28T00:00:00","onhand":10}
[demand] reply {"demand":"order 5","attempt":1257,"result":false,"quantity":0,"date":"2012-06-30T00:00:00"}
[demand] attempt {"demand":"order 5","attempt":1258,"quantity":10,"requestDate":"2012-06-30T00:00:00","lastDate":"2014-01-19T00:00:00"}
[operation] ask {"demand":"order 5","operation":"delivery end item","quantity":10,"end":"2012-06-30T00:00:00"}
[buffer] ask {"demand":null,"buffer":"end item","requested":10,"date":"2012-06-29T00:00:00","onhand":10}
[demand] reply {"demand":"order 5","attempt":1258,"result":false,"quantity":0,"date":"2012-07-01T00:00:00"}
[demand] attempt {"demand":"order 5","attempt":1259,"quantity":10,"requestDate":"2012-07-01T00:00:00","lastDate":"2014-01-19T00:00:00"}
[operation] ask {"demand":"order 5","operation":"delivery end item","quantity":10,"end":"2012-07-01T00:00:00"}
[buffer] ask {"demand":null,"buffer":"end item","requested":10,"date":"2012-06-30T00:00:00","onhand":10}
[demand] reply {"demand":"order 5","attempt":1259,"result":false,"quantity":0,"date":"2012-07-02T00:00:00"}
[demand] attempt {"demand":"order 5","attempt":1260,"quantity":10,"requestDate":"2012-07-02T00:00:00","lastDate":"2014-01-19T00:00:00"}
[operation] ask {"demand":"order 5","operation":"delivery end item","quantity":10,"end":"2012-07-02T00:00:00"}
[buffer] ask {"demand":null,"buffer":"end item","requested":10,"date":"2012-07-01T00:00:00","onhand":10}
[demand] reply {"demand":"order 5","attempt":1260,"result":false,"quantity":0,"date":"2012-07-03T00:00:00"}
[demand] attempt {"demand":"order 5","attempt":1261,"quantity":10,"requestDate":"2012-07-03T00:00:00","lastDate":"2014-01-19T00:00:00"}
[operation] ask {"demand":"order 5","operation":"delivery end item","quantity":10,"end":"2012-07-03T00:00:00"}
[buffer] ask {"demand":null,"buffer":"end item","requested":10,"date":"2012-07-02T00:00:00","onhand":10}
[demand] reply {"demand":"order 5","attempt":1261,"result":false,"quantity":0,"date":"2012-07-04T00:00:00"}
[demand] attempt {"demand":"order 5","attempt":1262,"quantity":10,"requestDate":"2012-07-04T00:00:00","lastDate":"2014-01-19T00:00:00"}
[operation] ask {"demand":"order 5","operation":"delivery end item","quantity":10,"end":"2012-07-04T00:00:00"}
[buffer] ask {"demand":null,"buffer":"end item","requested":10,"date":"2012-07-03T00:00:00","onhand":10}
[demand] reply {"demand":"order 5","attempt":1262,"result":false,"quantity":0,"date":"2012-07-05T00:00:00"}
[demand] attempt {"demand":"order 5","attempt":1263,"quantity":10,"requestDate":"2012-07-05T00:00:00","lastDate":"2014-01-19T00:00:00"}
[operation] ask {"demand":"order 5","operation":"delivery end item","quantity":10,"end":"2012-07-05T00:00:00"}
[buffer] ask {"demand":null,"buffer":"end item","requested":10,"date":"2012-07-04T00:00:00","onhand":10}
[demand] reply {"demand":"order 5","attempt":1263,"result":false,"quantity":0,"date":"2012-07-06T00:00:00"}
[demand] attempt {"demand":"order 5","attempt":1264,"quantity":10,"requestDate":"2012-07-06T00:00:00","lastDate":"2014-01-19T00:00:00"}
[operation] ask {"demand":"order 5","operation":"delivery end item","quantity":10,"end":"2012-07-06T00:00:00"}
[buffer] ask {"demand":null,"buffer":"end item","requested":10,"date":"2012-07-05T00:00:00","onhand":10}
[demand] reply {"demand":"order 5","attempt":1264,"result":false,"quantity":0,"date":"2012-07-07T00:00:00"}
[demand] attempt {"demand":"order 5","attempt":1265,"quantity":10,"requestDate":"2012-07-07T00:00:00","lastDate":"2014-01-19T00:00:00"}
[operation] ask {"demand":"order 5","operation":"delivery end item","quantity":10,"end":"2012-07-07T00:00:00"}
[buffer] ask {"demand":null,"buffer":"end item","requested":10,"date":"2012-07-06T00:00:00","onhand":10}
[demand] reply {"demand":"order 5","attempt":1265,"result":false,"quantity":0,"date":"2012-07-08T00:00:00"}
[demand] attempt {"demand":"order 5","attempt":1266,"quantity":10,"requestDate":"2012-07-08T00:00:00","lastDate":"2014-01-19T00:00:00"}
[operation] ask {"demand":"order 5","operation":"delivery end item","quantity":10,"end":"2012-07-08T00:00:00"}
[buffer] ask {"demand":null,"buffer":"end item","requested":10,"date":"2012-07-07T00:00:00","onhand":10}
[demand] reply {"demand":"order 5","attempt":1266,"result":false,"quantity":0,"date":"2012-07-09T00:00:00"}
[demand] attempt {"demand":"order 5","attempt":1267,"quantity":10,"requestDate":"2012-07-09T00:00:00","lastDate":"2014-01-19T00:00:00"}
[operation] ask {"demand":"order 5","operation":"delivery end item","quantity":10,"end":"2012-07-09T00:00:00"}
[buffer] ask {"demand":null,"buffer":"end item","requested":10,"date":"2012-07-08T00:00:00","onhand":10}
[demand] reply {"demand":"order 5","attempt":1267,"result":false,"quantity":0,"date":"2012-07-10T00:00:00"}
[demand] attempt {"demand":"order 5","attempt":1268,"quantity":10,"requestDate":"2012-07-10T00:00:00","lastDate":"2014-01-19T00:00:00"}
[operation] ask {"demand":"order 5","operation":"delivery end item","quantity":10,"end":"2012-07-10T00:00:00"}
[buffer] ask {"demand":null,"buffer":"end item","requested":10,"date":"2012-07-09T00:00:00","onhand":10}
[demand] reply {"demand":"order 5","attempt":1268,"result":false,"quantity":0,"date":"2012-07-11T00:00:00"}
[demand] attempt {"demand":"order 5","attempt":1269,"quantity":10,"requestDate":"2012-07-11T00:00:00","lastDate":"2014-01-19T00:00:00"}
[operation] ask {"demand":"order 5","operation":"delivery end item","quantity":10,"end":"2012-07-11T00:00:00"}
[buffer] ask {"demand":null,"buffer":"end item","requested":10,"date":"2012-07-10T00:00:00","onhand":10}
[demand] reply {"demand":"order 5","attempt":1269,"result":false,"quantity":0,"date":"2012-07-12T00:00:00"}
[demand] attempt {"demand":"order 5","attempt":1270,"quantity":10,"requestDate":"2012-07-12T00:00:00","lastDate":"2014-01-19T00:00:00"}
[operation] ask {"demand":"order 5","operation":"delivery end item","quantity":10,"end":"2012-07-12T00:00:00"}
[buffer] ask {"demand":null,"buffer":"end item","requested":10,"date":"2012-07-11T00:00:00","onhand":10}
[demand] reply {"demand":"order 5","attempt":1270,"result":false,"quantity":0,"date":"2012-07-13T00:00:00"}
[demand] attempt {"demand":"order 5","attempt":1271,"quantity":10,"requestDate":"2012-07-13T00:00:00","lastDate":"2014-01-19T00:00:00"}
[operation] ask {"demand":"order 5","operation":"delivery end item","quantity":10,"end":"2012-07-13T00:00:00"}
[buffer] ask {"demand":null,"buffer":"end item","requested":10,"date":"2012-07-12T00:00:00","onhand":10}
[demand] reply {"demand":"order 5","attempt":1271,"result":false,"quantity":0,"date":"2012-07-14T00:00:00"}
[demand] attempt {"demand":"order 5","attempt":1272,"quantity":10,"requestDate":"2012-07-14T00:00:00","lastDate":"2014-01-19T00:00:00"}
[operation] ask {"demand":"order 5","operation":"delivery end item","quantity":10,"end":"2012-07-14T00:00:00"}
[buffer] ask {"demand":null,"buffer":"end item","requested":10,"date":"2012-07-13T00:00:00","onhand":10}
[demand] reply {"demand":"order 5","attempt":1272,"result":false,"quantity":0,"date":"2012-07-15T00:00:00"}
[demand] attempt {"demand":"order 5","attempt":1273,"quantity":10,"requestDate":"2012-07-15T00:00:00","lastDate":"2014-01-19T00:00:00"}
[operation] ask {"demand":"order 5","operation":"delivery end item","quantity":10,"end":"2012-07-15T00:00:00"}
[buffer] ask {"demand":null,"buffer":"end item","requested":10,"date":"2012-07-14T00:00:00","onhand":10}
[demand] reply {"demand":"order 5","attempt":1273,"result":false,"quantity":0,"date":"2012-07-16T00:00:00"}
[demand] attempt {"demand":"order 5","attempt":1274,"quantity":10,"requestDate":"2012-07-16T00:00:00","lastDate":"2014-01-19T00:00:00"}
[operation] ask {"demand":"order 5","operation":"delivery end item","quantity":10,"end":"2012-07-16T00:00:00"}
[buffer] ask {"demand":null,"buffer":"end item","requested":10,"date":"2012-07-15T00:00:00","onhand":10}
[demand] reply {"demand":"order 5","attempt":1274,"result":false,"quantity":0,"date":"2012-07-17T00:00:00"}
[demand] attempt {"demand":"order 5","attempt":1275,"quantity":10,"requestDate":"2012-07-17T00:00:00","lastDate":"2014-01-19T00:00:00"}
[operation] ask {"demand":"order 5","operation":"delivery end item","quantity":10,"end":"2012-07-17T00:00:00"}
[buffer] ask {"demand":null,"buffer":"end item","requested":10,"date":"2012-07-16T00:00:00","onhand":10}
[demand] reply {"demand":"order 5","attempt":1275,"result":false,"quantity":0,"date":"2012-07-18T00:00:00"}
[demand] attempt {"demand":"order 5","attempt":1276,"quantity":10,"requestDate":"2012-07-18T00:00:00","lastDate":"2014-01-19T00:00:00"}
[operation] ask {"demand":"order 5","operation":"delivery end item","quantity":10,"end":"2012-07-18T00:00:00"}
[buffer] ask {"demand":null,"buffer":"end item","requested":10,"date":"2012-07-17T00:00:00","onhand":10}
[demand] reply {"demand":"order 5","attempt":1276,"result":false,"quantity":0,"date":"2012-07-19T00:00:00"}
[demand] attempt {"demand":"order 5","attempt":1277,"quantity":10,"requestDate":"2012-07-19T00:00:00","lastDate":"2014-01-19T00:00:00"}
[operation] ask {"demand":"order 5","operation":"delivery end item","quantity":10,"end":"2012-07-19T00:00:00"}
[buffer] ask {"demand":null,"buffer":"end item","requested":10,"date":"2012-07-18T00:00:00","onhand":10}
[demand] reply {"demand":"order 5","attempt":1277,"result":false,"quantity":0,"date":"2012-07-20T00:00:00"}
[demand] attempt {"demand":"order 5","attempt":1278,"quantity":10,"requestDate":"2012-07-20T00:00:00","lastDate":"2014-01-19T00:00:00"}
[operation] ask {"demand":"order 5","operation":"delivery end item","quantity":10,"end":"2012-07-20T00:00:00"}
[buffer] ask {"demand":null,"buffer":"end item","requested":10,"date":"2012-07-19T00:00:00","onhand":10}
[demand] reply {"demand":"order 5","attempt":1278,"result":false,"quantity":0,"date":"2012-07-21T00:00:00"}
[demand] attempt {"demand":"order 5","attempt":1279,"quantity":10,"requestDate":"2012-07-21T00:00:00","lastDate":"2014-01-19T00:00:00"}
[operation] ask {"demand":"order 5","operation":"delivery end item","quantity":10,"end":"2012-07-21T00:00:00"}
[buffer] ask {"demand":null,"buffer":"end item","requested":10,"date":"2012-07-20T00:00:00","onhand":10}
[demand] reply {"demand":"order 5","attempt":1279,"result":false,"quantity":0,"date":"2012-07-22T00:00:00"}
[demand] attempt {"demand":"order 5","attempt":1280,"quantity":10,"requestDate":"2012-07-22T00:00:00","lastDate":"2014-01-19T00:00:00"}
[operation] ask {"demand":"order 5","operation":"delivery end item","quantity":10,"end":"2012-07-22T00:00:00"}
[buffer] ask {"demand":null,"buffer":"end item","requested":10,"date":"2012-07-21T00:00:00","onhand":10}
[demand] reply {"demand":"order 5","attempt":1280,"result":false,"quantity":0,"date":"2012-07-23T00:00:00"}
[demand] attempt {"demand":"order 5","attempt":1281,"quantity":10,"requestDate":"2012-07-23T00:00:00","lastDate":"2014-01-19T00:00:00"}
[operation] ask {"demand":"order 5","operation":"delivery end item","quantity":10,"end":"2012-07-23T00:00:00"}
[buffer] ask {"demand":null,"buffer":"end item","requested":10,"date":"2012-07-22T00:00:00","onhand":10}
[demand] reply {"demand":"order 5","attempt":1281,"result":false,"quantity":0,"date":"2012-07-24T00:00:00"}
[demand] attempt {"demand":"order 5","attempt":1282,"quantity":10,"requestDate":"2012-07-24T00:00:00","lastDate":"2014-01-19T00:00:00"}
[operation] ask {"demand":"order 5","operation":"delivery end item","quantity":10,"end":"2012-07-24T00:00:00"}
[buffer] ask {"demand":null,"buffer":"end item","requested":10,"date":"2012-07-23T00:00:00","onhand":10}
[demand] reply {"demand":"order 5","attempt":1282,"result":false,"quantity":0,"date":"2012-07-25T00:00:00"}
[demand] attempt {"demand":"order 5","attempt":1283,"quantity":10,"requestDate":"2012-07-25T00:00:00","lastDate":"2014-01-19T00:00:00"}
[operation] ask {"demand":"order 5","operation":"delivery end item","quantity":10,"end":"2012-07-25T00:00:00"}
[buffer] ask {"demand":null,"buffer":"end item","requested":10,"date":"2012-07-24T00:00:00","onhand":10}
[demand] reply {"demand":"order 5","attempt":1283,"result":false,"quantity":0,"date":"2012-07-26T00:00:00"}
[demand] attempt {"demand":"order 5","attempt":1284,"quantity":10,"requestDate":"2012-07-26T00:00:00","lastDate":"2014-01-19T00:00:00"}
[operation] ask {"demand":"order 5","operation":"delivery end item","quantity":10,"end":"2012-07-26T00:00:00"}
[buffer] ask {"demand":null,"buffer":"end item","requested":10,"date":"2012-07-25T00:00:00","onhand":10}
[demand] reply {"demand":"order 5","attempt":1284,"result":false,"quantity":0,"date":"2012-07-27T00:00:00"}
[demand] attempt {"demand":"order 5","attempt":1285,"quantity":10,"requestDate":"2012-07-27T00:00:00","lastDate":"2014-01-19T00:00:00"}
[operation] ask {"demand":"order 5","operation":"delivery end item","quantity":10,"end":"2012-07-27T00:00:00"}
[buffer] ask {"demand":null,"buffer":"end item","requested":10,"date":"2012-07-26T00:00:00","onhand":10}
[demand] reply {"demand":"order 5","attempt":1285,"result":false,"quantity":0,"date":"2012-07-28T00:00:00"}
[demand] attempt {"demand":"order 5","attempt":1286,"quantity":10,"requestDate":"2012-07-28T00:00:00","lastDate":"2014-01-19T00:00:00"}
[operation] ask {"demand":"order 5","operation":"delivery end item","quantity":10,"end":"2012-07-28T00:00:00"}
[buffer] ask {"demand":null,"buffer":"end item","requested":10,"date":"2012-07-27T00:00:00","onhand":10}
[demand] reply {"demand":"order 5","attempt":1286,"result":false,"quantity":0,"date":"2012-07-29T00:00:00"}
[demand] attempt {"demand":"order 5","attempt":1287,"quantity":10,"requestDate":"2012-07-29T00:00:00","lastDate":"2014-01-19T00:00:00"}
[operation] ask {"demand":"order 5","operation":"delivery end item","quantity":10,"end":"2012-07-29T00:00:00"}
[buffer] ask {"demand":null,"buffer":"end item","requested":10,"date":"2012-07-28T00:00:00","onhand":10}
[demand] reply {"demand":"order 5","attempt":1287,"result":false,"quantity":0,"date":"2012-07-30T00:00:00"}
[demand] attempt {"demand":"order 5","attempt":1288,"quantity":10,"requestDate":"2012-07-30T00:00:00","lastDate":"2014-01-19T00:00:00"}
[operation] ask {"demand":"order 5","operation":"delivery end item","quantity":10,"end":"2012-07-30T00:00:00"}
[buffer] ask {"demand":null,"buffer":"end item","requested":10,"date":"2012-07-29T00:00:00","onhand":10}
[demand] reply {"demand":"order 5","attempt":1288,"result":false,"quantity":0,"date":"2012-07-31T00:00:00"}
[demand] attempt {"demand":"order 5","attempt":1289,"quantity":10,"requestDate":"2012-07-31T00:00:00","lastDate":"2014-01-19T00:00:00"}
[operation] ask {"demand":"order 5","operation":"delivery end item","quantity":10,"end":"2012-07-31T00:00:00"}
[buffer] ask {"demand":null,"buffer":"end item","requested":10,"date":"2012-07-30T00:00:00","onhand":10}
[demand] reply {"demand":"order 5","attempt":1289,"result":false,"quantity":0,"date":"2012-08-01T00:00:00"}
[demand] attempt {"demand":"order 5","attempt":1290,"quantity":10,"requestDate":"2012-08-01T00:00:00","lastDate":"2014-01-19T00:00:00"}
[operation] ask {"demand":"order 5","operation":"delivery end item","quantity":10,"end":"2012-08-01T00:00:00"}
[buffer] ask {"demand":null,"buffer":"end item","requested":10,"date":"2012-07-31T00:00:00","onhand":10}
[demand] reply {"demand":"order 5","attempt":1290,"result":false,"quantity":0,"date":"2012-08-02T00:00:00"}
[demand] attempt {"demand":"order 5","attempt":1291,"quantity":10,"requestDate":"2012-08-02T00:00:00","lastDate":"2014-01-19T00:00:00"}
[operation] ask {"demand":"order 5","operation":"delivery end item","quantity":10,"end":"2012-08-02T00:00:00"}
[buffer] ask {"demand":null,"buffer":"end item","requested":10,"date":"2012-08-01T00:00:00","onhand":10}
[demand] reply {"demand":"order 5","attempt":1291,"result":false,"quantity":0,"date":"2012-08-03T00:00:00"}
[demand] attempt {"demand":"order 5","attempt":1292,"quantity":10,"requestDate":"2012-08-03T00:00:00","lastDate":"2014-01-19T00:00:00"}
[operation] ask {"demand":"order 5","operation":"delivery end item","quantity":10,"end":"2012-08-03T00:00:00"}
[buffer] ask {"demand":null,"buffer":"end item","requested":10,"date":"2012-08-02T00:00:00","onhand":10}
[demand] reply {"demand":"order 5","attempt":1292,"result":false,"quantity":0,"date":"2012-08-04T00:00:00"}
[demand] attempt {"demand":"order 5","attempt":1293,"quantity":10,"requestDate":"2012-08-04T00:00:00","lastDate":"2014-01-19T00:00:00"}
[operation] ask {"demand":"order 5","operation":"delivery end item","quantity":10,"end":"2012-08-04T00:00:00"}
[buffer] ask {"demand":null,"buffer":"end item","requested":10,"date":"2012-08-03T00:00:00","onhand":10}
[demand] reply {"demand":"order 5","attempt":1293,"result":false,"quantity":0,"date":"2012-08-05T00:00:00"}
[demand] attempt {"demand":"order 5","attempt":1294,"quantity":10,"requestDate":"2012-08-05T00:00:00","lastDate":"2014-01-19T00:00:00"}
[operation] ask {"demand":"order 5","operation":"delivery end item","quantity":10,"end":"2012-08-05T00:00:00"}
[buffer] ask {"demand":null,"buffer":"end item","requested":10,"date":"2012-08-04T00:00:00","onhand":10}
[demand] reply {"demand":"order 5","attempt":1294,"result":false,"quantity":0,"date":"2012-08-06T00:00:00"}
[demand] attempt {"demand":"order 5","attempt":1295,"quantity":10,"requestDate":"2012-08-06T00:00:00","lastDate":"2014-01-19T00:00:00"}
[operation] ask {"demand":"order 5","operation":"delivery end item","quantity":10,"end":"2012-08-06T00:00:00"}
[buffer] ask {"demand":null,"buffer":"end item","requested":10,"date":"2012-08-05T00:00:00","onhand":10}
[demand] reply {"demand":"order 5","attempt":1295,"result":false,"quantity":0,"date":"2012-08-07T00:00:00"}
[demand] attempt {"demand":"order 5","attempt":1296,"quantity":10,"requestDate":"2012-08-07T00:00:00","lastDate":"2014-01-19T00:00:00"}
[operation] ask {"demand":"order 5","operation":"delivery end item","quantity":10,"end":"2012-08-07T00:00:00"}
[buffer] ask {"demand":null,"buffer":"end item","requested":10,"date":"2012-08-06T00:00:00","onhand":10}
[demand] reply {"demand":"order 5","attempt":1296,"result":false,"quantity":0,"date":"2012-08-08T00:00:00"}
[demand] attempt {"demand":"order 5","attempt":1297,"quantity":10,"requestDate":"2012-08-08T00:00:00","lastDate":"2014-01-19T00:00:00"}
[operation] ask {"demand":"order 5","operation":"delivery end item","quantity":10,"end":"2012-08-08T00:00:00"}
[buffer] ask {"demand":null,"buffer":"end item","requested":10,"date":"2012-08-07T00:00:00","onhand":10}
[demand] reply {"demand":"order 5","attempt":1297,"result":false,"quantity":0,"date":"2012-08-09T00:00:00"}
[demand] attempt {"demand":"order 5","attempt":1298,"quantity":10,"requestDate":"2012-08-09T00:00:00","lastDate":"2014-01-19T00:00:00"}
[operation] ask {"demand":"order 5","operation":"delivery end item","quantity":10,"end":"2012-08-09T00:00:00"}
[buffer] ask {"demand":null,"buffer":"end item","requested":10,"date":"2012-08-08T00:00:00","onhand":10}
[demand] reply {"demand":"order 5","attempt":1298,"result":false,"quantity":0,"date":"2012-08-10T00:00:00"}
[demand] attempt {"demand":"order 5","attempt":1299,"quantity":10,"requestDate":"2012-08-10T00:00:00","lastDate":"2014-01-19T00:00:00"}
[operation] ask {"demand":"order 5","operation":"delivery end item","quantity":10,"end":"2012-08-10T00:00:00"}
[buffer] ask {"demand":null,"buffer":"end item","requested":10,"date":"2012-08-09T00:00:00","onhand":10}
[demand] reply {"demand":"order 5","attempt":1299,"result":false,"quantity":0,"date":"2012-08-11T00:00:00"}
[demand] attempt {"demand":"order 5","attempt":1300,"quantity":10,"requestDate":"2012-08-11T00:00:00","lastDate":"2014-01-19T00:00:00"}
[operation] ask {"demand":"order 5","operation":"delivery end item","quantity":10,"end":"2012-08-11T00:00:00"}
[buffer] ask {"demand":null,"buffer":"end item","requested":10,"date":"2012-08-10T00:00:00","onhand":10}
[demand] reply {"demand":"order 5","attempt":1300,"result":false,"quantity":0,"date":"2012-08-12T00:00:00"}
[demand] attempt {"demand":"order 5","attempt":1301,"quantity":10,"requestDate":"2012-08-12T00:00:00","lastDate":"2014-01-19T00:00:00"}
[operation] ask {"demand":"order 5","operation":"delivery end item","quantity":10,"end":"2012-08-12T00:00:00"}
[buffer] ask {"demand":null,"buffer":"end item","requested":10,"date":"2012-08-11T00:00:00","onhand":10}
[demand] reply {"demand":"order 5","attempt":1301,"result":false,"quantity":0,"date":"2012-08-13T00:00:00"}
[demand] attempt {"demand":"order 5","attempt":1302,"quantity":10,"requestDate":"2012-08-13T00:00:00","lastDate":"2014-01-19T00:00:00"}
[operation] ask {"demand":"order 5","operation":"delivery end item","quantity":10,"end":"2012-08-13T00:00:00"}
[buffer] ask {"demand":null,"buffer":"end item","requested":10,"date":"2012-08-12T00:00:00","onhand":10}
[demand] reply {"demand":"order 5","attempt":1302,"result":false,"quantity":0,"date":"2012-08-14T00:00:00"}
[demand] attempt {"demand":"order 5","attempt":1303,"quantity":10,"requestDate":"2012-08-14T00:00:00","lastDate":"2014-01-19T00:00:00"}
[operation] ask {"demand":"order 5","operation":"delivery end item","quantity":10,"end":"2012-08-14T00:00:00"}
[buffer] ask {"demand":null,"buffer":"end item","requested":10,"date":"2012-08-13T00:00:00","onhand":10}
[demand] reply {"demand":"order 5","attempt":1303,"result":false,"quantity":0,"date":"2012-08-15T00:00:00"}
[demand] attempt {"demand":"order 5","attempt":1304,"quantity":10,"requestDate":"2012-08-15T00:00:00","lastDate":"2014-01-19T00:00:00"}
[operation] ask {"demand":"order 5","operation":"delivery end item","quantity":10,"end":"2012-08-15T00:00:00"}
[buffer] ask {"demand":null,"buffer":"end item","requested":10,"date":"2012-08-14T00:00:00","onhand":10}
[demand] reply {"demand":"order 5","attempt":1304,"result":false,"quantity":0,"date":"2012-08-16T00:00:00"}
[demand] attempt {"demand":"order 5","attempt":1305,"quantity":10,"requestDate":"2012-08-16T00:00:00","lastDate":"2014-01-19T00:00:00"}
[operation] ask {"demand":"order 5","operation":"delivery end item","quantity":10,"end":"2012-08-16T00:00:00"}
[buffer] ask {"demand":null,"buffer":"end item","requested":10,"date":"2012-08-15T00:00:00","onhand":10}
[demand] reply {"demand":"order 5","attempt":1305,"result":false,"quantity":0,"date":"2012-08-17T00:00:00"}
[demand] attempt {"demand":"order 5","attempt":1306,"quantity":10,"requestDate":"2012-08-17T00:00:00","lastDate":"2014-01-19T00:00:00"}
[operation] ask {"demand":"order 5","operation":"delivery end item","quantity":10,"end":"2012-08-17T00:00:00"}
[buffer] ask {"demand":null,"buffer":"end item","requested":10,"date":"2012-08-16T00:00:00","onhand":10}
[demand] reply {"demand":"order 5","attempt":1306,"result":false,"quantity":0,"date":"2012-08-18T00:00:00"}
[demand] attempt {"demand":"order 5","attempt":1307,"quantity":10,"requestDate":"2012-08-18T00:00:00","lastDate":"2014-01-19T00:00:00"}
[operation] ask {"demand":"order 5","operation":"delivery end item","quantity":10,"end":"2012-08-18T00:00:00"}
[buffer] ask {"demand":null,"buffer":"end item","requested":10,"date":"2012-08-17T00:00:00","onhand":10}
[demand] reply {"demand":"order 5","attempt":1307,"result":false,"quantity":0,"date":"2012-08-19T00:00:00"}
[demand] attempt {"demand":"order 5","attempt":1308,"quantity":10,"requestDate":"2012-08-19T00:00:00","lastDate":"2014-01-19T00:00:00"}
[operation] ask {"demand":"order 5","operation":"delivery end item","quantity":10,"end":"2012-08-19T00:00:00"}
[buffer] ask {"demand":null,"buffer":"end item","requested":10,"date":"2012-08-18T00:00:00","onhand":10}
[demand] reply {"demand":"order 5","attempt":1308,"result":false,"quantity":0,"date":"2012-08-20T00:00:00"}
[demand] attempt {"demand":"order 5","attempt":1309,"quantity":10,"requestDate":"2012-08-20T00:00:00","lastDate":"2014-01-19T00:00:00"}
[operation] ask {"demand":"order 5","operation":"delivery end item","quantity":10,"end":"2012-08-20T00:00:00"}
[buffer] ask {"demand":null,"buffer":"end item","requested":10,"date":"2012-08-19T00:00:00","onhand":10}
[demand] reply {"demand":"order 5","attempt":1309,"result":false,"quantity":0,"date":"2012-08-21T00:00:00"}
[demand] attempt {"demand":"order 5","attempt":1310,"quantity":10,"requestDate":"2012-08-21T00:00:00","lastDate":"2014-01-19T00:00:00"}
[operation] ask {"demand":"order 5","operation":"delivery end item","quantity":10,"end":"2012-08-21T00:00:00"}
[buffer] ask {"demand":null,"buffer":"end item","requested":10,"date":"2012-08-20T00:00:00","onhand":10}
[demand] reply {"demand":"order 5","attempt":1310,"result":false,"quantity":0,"date":"2012-08-22T00:00:00"}
[demand] attempt {"demand":"order 5","attempt":1311,"quantity":10,"requestDate":"2012-08-22T00:00:00","lastDate":"2014-01-19T00:00:00"}
[operation] ask {"demand":"order 5","operation":"delivery end item","quantity":10,"end":"2012-08-22T00:00:00"}
[buffer] ask {"demand":null,"buffer":"end item","requested":10,"date":"2012-08-21T00:00:00","onhand":10}
[demand] reply {"demand":"order 5","attempt":1311,"result":false,"quantity":0,"date":"2012-08-23T00:00:00"}
[demand] attempt {"demand":"order 5","attempt":1312,"quantity":10,"requestDate":"2012-08-23T00:00:00","lastDate":"2014-01-19T00:00:00"}
[operation] ask {"demand":"order 5","operation":"delivery end item","quantity":10,"end":"2012-08-23T00:00:00"}
[buffer] ask {"demand":null,"buffer":"end item","requested":10,"date":"2012-08-22T00:00:00","onhand":10}
[demand] reply {"demand":"order 5","attempt":1312,"result":false,"quantity":0,"date":"2012-08-24T00:00:00"}
[demand] attempt {"demand":"order 5","attempt":1313,"quantity":10,"requestDate":"2012-08-24T00:00:00","lastDate":"2014-01-19T00:00:00"}
[operation] ask {"demand":"order 5","operation":"delivery end item","quantity":10,"end":"2012-08-24T00:00:00"}
[buffer] ask {"demand":null,"buffer":"end item","requested":10,"date":"2012-08-23T00:00:00","onhand":10}
[demand] reply {"demand":"order 5","attempt":1313,"result":false,"quantity":0,"date":"2012-08-25T00:00:00"}
[demand] attempt {"demand":"order 5","attempt":1314,"quantity":10,"requestDate":"2012-08-25T00:00:00","lastDate":"2014-01-19T00:00:00"}
[operation] ask {"demand":"order 5","operation":"delivery end item","quantity":10,"end":"2012-08-25T00:00:00"}
[buffer] ask {"demand":null,"buffer":"end item","requested":10,"date":"2012-08-24T00:00:00","onhand":10}
[demand] reply {"demand":"order 5","attempt":1314,"result":false,"quantity":0,"date":"2012-08-26T00:00:00"}
[demand] attempt {"demand":"order 5","attempt":1315,"quantity":10,"requestDate":"2012-08-26T00:00:00","lastDate":"2014-01-19T00:00:00"}
[operation] ask {"demand":"order 5","operation":"delivery end item","quantity":10,"end":"2012-08-26T00:00:00"}
[buffer] ask {"demand":null,"buffer":"end item","requested":10,"date":"2012-08-25T00:00:00","onhand":10}
[demand] reply {"demand":"order 5","attempt":1315,"result":false,"quantity":0,"date":"2012-08-27T00:00:00"}
[demand] attempt {"demand":"order 5","attempt":1316,"quantity":10,"requestDate":"2012-08-27T00:00:00","lastDate":"2014-01-19T00:00:00"}
[operation] ask {"demand":"order 5","operation":"delivery end item","quantity":10,"end":"2012-08-27T00:00:00"}
[buffer] ask {"demand":null,"buffer":"end item","requested":10,"date":"2012-08-26T00:00:00","onhand":10}
[demand] reply {"demand":"order 5","attempt":1316,"result":false,"quantity":0,"date":"2012-08-28T00:00:00"}
[demand] attempt {"demand":"order 5","attempt":1317,"quantity":10,"requestDate":"2012-08-28T00:00:00","lastDate":"2014-01-19T00:00:00"}
[operation] ask {"demand":"order 5","operation":"delivery end item","quantity":10,"end":"2012-08-28T00:00:00"}
[buffer] ask {"demand":null,"buffer":"end item","requested":10,"date":"2012-08-27T00:00:00","onhand":10}
[demand] reply {"demand":"order 5","attempt":1317,"result":false,"quantity":0,"date":"2012-08-29T00:00:00"}
[demand] attempt {"demand":"order 5","attempt":1318,"quantity":10,"requestDate":"2012-08-29T00:00:00","lastDate":"2014-01-19T00:00:00"}
[operation] ask {"demand":"order 5","operation":"delivery end item","quantity":10,"end":"2012-08-29T00:00:00"}
[buffer] ask {"demand":null,"buffer":"end item","requested":10,"date":"2012-08-28T00:00:00","onhand":10}
[demand] reply {"demand":"order 5","attempt":1318,"result":false,"quantity":0,"date":"2012-08-30T00:00:00"}
[demand] attempt {"demand":"order 5","attempt":1319,"quantity":10,"requestDate":"2012-08-30T00:00:00","lastDate":"2014-01-19T00:00:00"}
[operation] ask {"demand":"order 5","operation":"delivery end item","quantity":10,"end":"2012-08-30T00:00:00"}
[buffer] ask {"demand":null,"buffer":"end item","requested":10,"date":"2012-08-29T00:00:00","onhand":10}
[demand] reply {"demand":"order 5","attempt":1319,"result":false,"quantity":0,"date":"2012-08-31T00:00:00"}
[demand] attempt {"demand":"order 5","attempt":1320,"quantity":10,"requestDate":"2012-08-31T00:00:00","lastDate":"2014-01-19T00:00:00"}
[operation] ask {"demand":"order 5","operation":"delivery end item","quantity":10,"end":"2012-08-31T00:00:00"}
[buffer] ask {"demand":null,"buffer":"end item","requested":10,"date":"2012-08-30T00:00:00","onhand":10}
[demand] reply {"demand":"order 5","attempt":1320,"result":false,"quantity":0,"date":"2012-09-01T00:00:00"}
[demand] attempt {"demand":"order 5","attempt":1321,"quantity":10,"requestDate":"2012-09-01T00:00:00","lastDate":"2014-01-19T00:00:00"}
[operation] ask {"demand":"order 5","operation":"delivery end item","quantity":10,"end":"2012-09-01T00:00:00"}
[buffer] ask {"demand":null,"buffer":"end item","requested":10,"date":"2012-08-31T00:00:00","onhand":10}
[demand] reply {"demand":"order 5","attempt":1321,"result":false,"quantity":0,"date":"2012-09-02T00:00:00"}
[demand] attempt {"demand":"order 5","attempt":1322,"quantity":10,"requestDate":"2012-09-02T00:00:00","lastDate":"2014-01-19T00:00:00"}
[operation] ask {"demand":"order 5","operation":"delivery end item","quantity":10,"end":"2012-09-02T00:00:00"}
[buffer] ask {"demand":null,"buffer":"end item","requested":10,"date":"2012-09-01T00:00:00","onhand":10}
[demand] reply {"demand":"order 5","attempt":1322,"result":false,"quantity":0,"date":"2012-09-03T00:00:00"}
[demand] attempt {"demand":"order 5","attempt":1323,"quantity":10,"requestDate":"2012-09-03T00:00:00","lastDate":"2014-01-19T00:00:00"}
[operation] ask {"demand":"order 5","operation":"delivery end item","quantity":10,"end":"2012-09-03T00:00:00"}
[buffer] ask {"demand":null,"buffer":"end item","requested":10,"date":"2012-09-02T00:00:00","onhand":10}
[demand] reply {"demand":"order 5","attempt":1323,"result":false,"quantity":0,"date":"2012-09-04T00:00:00"}
[demand] attempt {"demand":"order 5","attempt":1324,"quantity":10,"requestDate":"2012-09-04T00:00:00","lastDate":"2014-01-19T00:00:00"}
[operation] ask {"demand":"order 5","operation":"delivery end item","quantity":10,"end":"2012-09-04T00:00:00"}
[buffer] ask {"demand":null,"buffer":"end item","requested":10,"date":"2012-09-03T00:00:00","onhand":10}
[demand] reply {"demand":"order 5","attempt":1324,"result":false,"quantity":0,"date":"2012-09-05T00:00:00"}
[demand] attempt {"demand":"order 5","attempt":1325,"quantity":10,"requestDate":"2012-09-05T00:00:00","lastDate":"2014-01-19T00:00:00"}
[operation] ask {"demand":"order 5","operation":"delivery end item","quantity":10,"end":"2012-09-05T00:00:00"}
[buffer] ask {"demand":null,"buffer":"end item","requested":10,"date":"2012-09-04T00:00:00","onhand":10}
[demand] reply {"demand":"order 5","attempt":1325,"result":false,"quantity":0,"date":"2012-09-06T00:00:00"}
[demand] attempt {"demand":"order 5","attempt":1326,"quantity":10,"requestDate":"2012-09-06T00:00:00","lastDate":"2014-01-19T00:00:00"}
[operation] ask {"demand":"order 5","operation":"delivery end item","quantity":10,"end":"2012-09-06T00:00:00"}
[buffer] ask {"demand":null,"buffer":"end item","requested":10,"date":"2012-09-05T00:00:00","onhand":10}
[demand] reply {"demand":"order 5","attempt":1326,"result":false,"quantity":0,"date":"2012-09-07T00:00:00"}
[demand] attempt {"demand":"order 5","attempt":1327,"quantity":10,"requestDate":"2012-09-07T00:00:00","lastDate":"2014-01-19T00:00:00"}
[operation] ask {"demand":"order 5","operation":"delivery end item","quantity":10,"end":"2012-09-07T00:00:00"}
[buffer] ask {"demand":null,"buffer":"end item","requested":10,"date":"2012-09-06T00:00:00","onhand":10}
[demand] reply {"demand":"order 5","attempt":1327,"result":false,"quantity":0,"date":"2012-09-08T00:00:00"}
[demand] attempt {"demand":"order 5","attempt":1328,"quantity":10,"requestDate":"2012-09-08T00:00:00","lastDate":"2014-01-19T00:00:00"}
[operation] ask {"demand":"order 5","operation":"delivery end item","quantity":10,"end":"2012-09-08T00:00:00"}
[buffer] ask {"demand":null,"buffer":"end item","requested":10,"date":"2012-09-07T00:00:00","onhand":10}
[demand] reply {"demand":"order 5","attempt":1328,"result":false,"quantity":0,"date":"2012-09-09T00:00:00"}
[demand] attempt {"demand":"order 5","attempt":1329,"quantity":10,"requestDate":"2012-09-09T00:00:00","lastDate":"2014-01-19T00:00:00"}
[operation] ask {"demand":"order 5","operation":"delivery end item","quantity":10,"end":"2012-09-09T00:00:00"}
[buffer] ask {"demand":null,"buffer":"end item","requested":10,"date":"2012-09-08T00:00:00","onhand":10}
[demand] reply {"demand":"order 5","attempt":1329,"result":false,"quantity":0,"date":"2012-09-10T00:00:00"}
[demand] attempt {"demand":"order 5","attempt":1330,"quantity":10,"requestDate":"2012-09-10T00:00:00","lastDate":"2014-01-19T00:00:00"}
[operation] ask {"demand":"order 5","operation":"delivery end item","quantity":10,"end":"2012-09-10T00:00:00"}
[buffer] ask {"demand":null,"buffer":"end item","requested":10,"date":"2012-09-09T00:00:00","onhand":10}
[demand] reply {"demand":"order 5","attempt":1330,"result":false,"quantity":0,"date":"2012-09-11T00:00:00"}
[demand] attempt {"demand":"order 5","attempt":1331,"quantity":10,"requestDate":"2012-09-11T00:00:00","lastDate":"2014-01-19T00:00:00"}
[operation] ask {"demand":"order 5","operation":"delivery end item","quantity":10,"end":"2012-09-11T00:00:00"}
[buffer] ask {"demand":null,"buffer":"end item","requested":10,"date":"2012-09-10T00:00:00","onhand":10}
[demand] reply {"demand":"order 5","attempt":1331,"result":false,"quantity":0,"date":"2012-09-12T00:00:00"}
[demand] attempt {"demand":"order 5","attempt":1332,"quantity":10,"requestDate":"2012-09-12T00:00:00","lastDate":"2014-01-19T00:00:00"}
[operation] ask {"demand":"order 5","operation":"delivery end item","quantity":10,"end":"2012-09-12T00:00:00"}
[buffer] ask {"demand":null,"buffer":"end item","requested":10,"date":"2012-09-11T00:00:00","onhand":10}
[demand] reply {"demand":"order 5","attempt":1332,"result":false,"quantity":0,"date":"2012-09-13T00:00:00"}
[demand] attempt {"demand":"order 5","attempt":1333,"quantity":10,"requestDate":"2012-09-13T00:00:00","lastDate":"2014-01-19T00:00:00"}
[operation] ask {"demand":"order 5","operation":"delivery end item","quantity":10,"end":"2012-09-13T00:00:00"}
[buffer] ask {"demand":null,"buffer":"end item","requested":10,"date":"2012-09-12T00:00:00","onhand":10}
[demand] reply {"demand":"order 5","attempt":1333,"result":false,"quantity":0,"date":"2012-09-14T00:00:00"}
[demand] attempt {"demand":"order 5","attempt":1334,"quantity":10,"requestDate":"2012-09-14T00:00:00","lastDate":"2014-01-19T00:00:00"}
[operation] ask {"demand":"order 5","operation":"delivery end item","quantity":10,"end":"2012-09-14T00:00:00"}
[buffer] ask {"demand":null,"buffer":"end item","requested":10,"date":"2012-09-13T00:00:00","onhand":10}
[demand] reply {"demand":"order 5","attempt":1334,"result":false,"quantity":0,"date":"2012-09-15T00:00:00"}
[demand] attempt {"demand":"order 5","attempt":1335,"quantity":10,"requestDate":"2012-09-15T00:00:00","lastDate":"2014-01-19T00:00:00"}
[operation] ask {"demand":"order 5","operation":"delivery end item","quantity":10,"end":"2012-09-15T00:00:00"}
[buffer] ask {"demand":null,"buffer":"end item","requested":10,"date":"2012-09-14T00:00:00","onhand":10}
[demand] reply {"demand":"order 5","attempt":1335,"result":false,"quantity":0,"date":"2012-09-16T00:00:00"}
[demand] attempt {"demand":"order 5","attempt":1336,"quantity":10,"requestDate":"2012-09-16T00:00:00","lastDate":"2014-01-19T00:00:00"}
[operation] ask {"demand":"order 5","operation":"delivery end item","quantity":10,"end":"2012-09-16T00:00:00"}
[buffer] ask {"demand":null,"buffer":"end item","requested":10,"date":"2012-09-15T00:00:00","onhand":10}
[demand] reply {"demand":"order 5","attempt":1336,"result":false,"quantity":0,"date":"2012-09-17T00:00:00"}
[demand] attempt {"demand":"order 5","attempt":1337,"quantity":10,"requestDate":"2012-09-17T00:00:00","lastDate":"2014-01-19T00:00:00"}
[operation] ask {"demand":"order 5","operation":"delivery end item","quantity":10,"end":"2012-09-17T00:00:00"}
[buffer] ask {"demand":null,"buffer":"end item","requested":10,"date":"2012-09-16T00:00:00","onhand":10}
[demand] reply {"demand":"order 5","attempt":1337,"result":false,"quantity":0,"date":"2012-09-18T00:00:00"}
[demand] attempt {"demand":"order 5","attempt":1338,"quantity":10,"requestDate":"2012-09-18T00:00:00","lastDate":"2014-01-19T00:00:00"}
[operation] ask {"demand":"order 5","operation":"delivery end item","quantity":10,"end":"2012-09-18T00:00:00"}
[buffer] ask {"demand":null,"buffer":"end item","requested":10,"date":"2012-09-17T00:00:00","onhand":10}
[demand] reply {"demand":"order 5","attempt":1338,"result":false,"quantity":0,"date":"2012-09-19T00:00:00"}
[demand] attempt {"demand":"order 5","attempt":1339,"quantity":10,"requestDate":"2012-09-19T00:00:00","lastDate":"2014-01-19T00:00:00"}
[operation] ask {"demand":"order 5","operation":"delivery end item","quantity":10,"end":"2012-09-19T00:00:00"}
[buffer] ask {"demand":null,"buffer":"end item","requested":10,"date":"2012-09-18T00:00:00","onhand":10}
[demand] reply {"demand":"order 5","attempt":1339,"result":false,"quantity":0,"date":"2012-09-20T00:00:00"}
[demand] attempt {"demand":"order 5","attempt":1340,"quantity":10,"requestDate":"2012-09-20T00:00:00","lastDate":"2014-01-19T00:00:00"}
[operation] ask {"demand":"order 5","operation":"delivery end item","quantity":10,"end":"2012-09-20T00:00:00"}
[buffer] ask {"demand":null,"buffer":"end item","requested":10,"date":"2012-09-19T00:00:00","onhand":10}
[demand] reply {"demand":"order 5","attempt":1340,"result":false,"quantity":0,"date":"2012-09-21T00:00:00"}
[demand] attempt {"demand":"order 5","attempt":1341,"quantity":10,"requestDate":"2012-09-21T00:00:00","lastDate":"2014-01-19T00:00:00"}
[operation] ask {"demand":"order 5","operation":"delivery end item","quantity":10,"end":"2012-09-21T00:00:00"}
[buffer] ask {"demand":null,"buffer":"end item","requested":10,"date":"2012-09-20T00:00:00","onhand":10}
[demand] reply {"demand":"order 5","attempt":1341,"result":false,"quantity":0,"date":"2012-09-22T00:00:00"}
[demand] attempt {"demand":"order 5","attempt":1342,"quantity":10,"requestDate":"2012-09-22T00:00:00","lastDate":"2014-01-19T00:00:00"}
[operation] ask {"demand":"order 5","operation":"delivery end item","quantity":10,"end":"2012-09-22T00:00:00"}
[buffer] ask {"demand":null,"buffer":"end item","requested":10,"date":"2012-09-21T00:00:00","onhand":10}
[demand] reply {"demand":"order 5","attempt":1342,"result":false,"quantity":0,"date":"2012-09-23T00:00:00"}
[demand] attempt {"demand":"order 5","attempt":1343,"quantity":10,"requestDate":"2012-09-23T00:00:00","lastDate":"2014-01-19T00:00:00"}
[operation] ask {"demand":"order 5","operation":"delivery end item","quantity":10,"end":"2012-09-23T00:00:00"}
[buffer] ask {"demand":null,"buffer":"end item","requested":10,"date":"2012-09-22T00:00:00","onhand":10}
[demand] reply {"demand":"order 5","attempt":1343,"result":false,"quantity":0,"date":"2012-09-24T00:00:00"}
[demand] attempt {"demand":"order 5","attempt":1344,"quantity":10,"requestDate":"2012-09-24T00:00:00","lastDate":"2014-01-19T00:00:00"}
[operation] ask {"demand":"order 5","operation":"delivery end item","quantity":10,"end":"2012-09-24T00:00:00"}
[buffer] ask {"demand":null,"buffer":"end item","requested":10,"date":"2012-09-23T00:00:00","onhand":10}
[demand] reply {"demand":"order 5","attempt":1344,"result":false,"quantity":0,"date":"2012-09-25T00:00:00"}
[demand] attempt {"demand":"order 5","attempt":1345,"quantity":10,"requestDate":"2012-09-25T00:00:00","lastDate":"2014-01-19T00:00:00"}
[operation] ask {"demand":"order 5","operation":"delivery end item","quantity":10,"end":"2012-09-25T00:00:00"}
[buffer] ask {"demand":null,"buffer":"end item","requested":10,"date":"2012-09-24T00:00:00","onhand":10}
[demand] reply {"demand":"order 5","attempt":1345,"result":false,"quantity":0,"date":"2012-09-26T00:00:00"}
[demand] attempt {"demand":"order 5","attempt":1346,"quantity":10,"requestDate":"2012-09-26T00:00:00","lastDate":"2014-01-19T00:00:00"}
[operation] ask {"demand":"order 5","operation":"delivery end item","quantity":10,"end":"2012-09-26T00:00:00"}
[buffer] ask {"demand":null,"buffer":"end item","requested":10,"date":"2012-09-25T00:00:00","onhand":10}
[demand] reply {"demand":"order 5","attempt":1346,"result":false,"quantity":0,"date":"2012-09-27T00:00:00"}
[demand] attempt {"demand":"order 5","attempt":1347,"quantity":10,"requestDate":"2012-09-27T00:00:00","lastDate":"2014-01-19T00:00:00"}
[operation] ask {"demand":"order 5","operation":"delivery end item","quantity":10,"end":"2012-09-27T00:00:00"}
[buffer] ask {"demand":null,"buffer":"end item","requested":10,"date":"2012-09-26T00:00:00","onhand":10}
[demand] reply {"demand":"order 5","attempt":1347,"result":false,"quantity":0,"date":"2012-09-28T00:00:00"}
[demand] attempt {"demand":"order 5","attempt":1348,"quantity":10,"requestDate":"2012-09-28T00:00:00","lastDate":"2014-01-19T00:00:00"}
[operation] ask {"demand":"order 5","operation":"delivery end item","quantity":10,"end":"2012-09-28T00:00:00"}
[buffer] ask {"demand":null,"buffer":"end item","requested":10,"date":"2012-09-27T00:00:00","onhand":10}
[demand] reply {"demand":"order 5","attempt":1348,"result":false,"quantity":0,"date":"2012-09-29T00:00:00"}
[demand] attempt {"demand":"order 5","attempt":1349,"quantity":10,"requestDate":"2012-09-29T00:00:00","lastDate":"2014-01-19T00:00:00"}
[operation] ask {"demand":"order 5","operation":"delivery end item","quantity":10,"end":"2012-09-29T00:00:00"}
[buffer] ask {"demand":null,"buffer":"end item","requested":10,"date":"2012-09-28T00:00:00","onhand":10}
[demand] reply {"demand":"order 5","attempt":1349,"result":false,"quantity":0,"date":"2012-09-30T00:00:00"}
[demand] attempt {"demand":"order 5","attempt":1350,"quantity":10,"requestDate":"2012-09-30T00:00:00","lastDate":"2014-01-19T00:00:00"}
[operation] ask {"demand":"order 5","operation":"delivery end item","quantity":10,"end":"2012-09-30T00:00:00"}
[buffer] ask {"demand":null,"buffer":"end item","requested":10,"date":"2012-09-29T00:00:00","onhand":10}
[demand] reply {"demand":"order 5","attempt":1350,"result":false,"quantity":0,"date":"2012-10-01T00:00:00"}
[demand] attempt {"demand":"order 5","attempt":1351,"quantity":10,"requestDate":"2012-10-01T00:00:00","lastDate":"2014-01-19T00:00:00"}
[operation] ask {"demand":"order 5","operation":"delivery end item","quantity":10,"end":"2012-10-01T00:00:00"}
[buffer] ask {"demand":null,"buffer":"end item","requested":10,"date":"2012-09-30T00:00:00","onhand":10}
[demand] reply {"demand":"order 5","attempt":1351,"result":false,"quantity":0,"date":"2012-10-02T00:00:00"}
[demand] attempt {"demand":"order 5","attempt":1352,"quantity":10,"requestDate":"2012-10-02T00:00:00","lastDate":"2014-01-19T00:00:00"}
[operation] ask {"demand":"order 5","operation":"delivery end item","quantity":10,"end":"2012-10-02T00:00:00"}
[buffer] ask {"demand":null,"buffer":"end item","requested":10,"date":"2012-10-01T00:00:00","onhand":10}
[demand] reply {"demand":"order 5","attempt":1352,"result":false,"quantity":0,"date":"2012-10-03T00:00:00"}
[demand] attempt {"demand":"order 5","attempt":1353,"quantity":10,"requestDate":"2012-10-03T00:00:00","lastDate":"2014-01-19T00:00:00"}
[operation] ask {"demand":"order 5","operation":"delivery end item","quantity":10,"end":"2012-10-03T00:00:00"}
[buffer] ask {"demand":null,"buffer":"end item","requested":10,"date":"2012-10-02T00:00:00","onhand":10}
[demand] reply {"demand":"order 5","attempt":1353,"result":false,"quantity":0,"date":"2012-10-04T00:00:00"}
[demand] attempt {"demand":"order 5","attempt":1354,"quantity":10,"requestDate":"2012-10-04T00:00:00","lastDate":"2014-01-19T00:00:00"}
[operation] ask {"demand":"order 5","operation":"delivery end item","quantity":10,"end":"2012-10-04T00:00:00"}
[buffer] ask {"demand":null,"buffer":"end item","requested":10,"date":"2012-10-03T00:00:00","onhand":10}
[demand] reply {"demand":"order 5","attempt":1354,"result":false,"quantity":0,"date":"2012-10-05T00:00:00"}
[demand] attempt {"demand":"order 5","attempt":1355,"quantity":10,"requestDate":"2012-10-05T00:00:00","lastDate":"2014-01-19T00:00:00"}
[operation] ask {"demand":"order 5","operation":"delivery end item","quantity":10,"end":"2012-10-05T00:00:00"}
[buffer] ask {"demand":null,"buffer":"end item","requested":10,"date":"2012-10-04T00:00:00","onhand":10}
[demand] reply {"demand":"order 5","attempt":1355,"result":false,"quantity":0,"date":"2012-10-06T00:00:00"}
[demand] attempt {"demand":"order 5","attempt":1356,"quantity":10,"requestDate":"2012-10-06T00:00:00","lastDate":"2014-01-19T00:00:00"}
[operation] ask {"demand":"order 5","operation":"delivery end item","quantity":10,"end":"2012-10-06T00:00:00"}
[buffer] ask {"demand":null,"buffer":"end item","requested":10,"date":"2012-10-05T00:00:00","onhand":10}
[demand] reply {"demand":"order 5","attempt":1356,"result":false,"quantity":0,"date":"2012-10-07T00:00:00"}
[demand] attempt {"demand":"order 5","attempt":1357,"quantity":10,"requestDate":"2012-10-07T00:00:00","lastDate":"2014-01-19T00:00:00"}
[operation] ask {"demand":"order 5","operation":"delivery end item","quantity":10,"end":"2012-10-07T00:00:00"}
[buffer] ask {"demand":null,"buffer":"end item","requested":10,"date":"2012-10-06T00:00:00","onhand":10}
[demand] reply {"demand":"order 5","attempt":1357,"result":false,"quantity":0,"date":"2012-10-08T00:00:00"}
[demand] attempt {"demand":"order 5","attempt":1358,"quantity":10,"requestDate":"2012-10-08T00:00:00","lastDate":"2014-01-19T00:00:00"}
[operation] ask {"demand":"order 5","operation":"delivery end item","quantity":10,"end":"2012-10-08T00:00:00"}
[buffer] ask {"demand":null,"buffer":"end item","requested":10,"date":"2012-10-07T00:00:00","onhand":10}
[demand] reply {"demand":"order 5","attempt":1358,"result":false,"quantity":0,"date":"2012-10-09T00:00:00"}
[demand] attempt {"demand":"order 5","attempt":1359,"quantity":10,"requestDate":"2012-10-09T00:00:00","lastDate":"2014-01-19T00:00:00"}
[operation] ask {"demand":"order 5","operation":"delivery end item","quantity":10,"end":"2012-10-09T00:00:00"}
[buffer] ask {"demand":null,"buffer":"end item","requested":10,"date":"2012-10-08T00:00:00","onhand":10}
[demand] reply {"demand":"order 5","attempt":1359,"result":false,"quantity":0,"date":"2012-10-10T00:00:00"}
[demand] attempt {"demand":"order 5","attempt":1360,"quantity":10,"requestDate":"2012-10-10T00:00:00","lastDate":"2014-01-19T00:00:00"}
[operation] ask {"demand":"order 5","operation":"delivery end item","quantity":10,"end":"2012-10-10T00:00:00"}
[buffer] ask {"demand":null,"buffer":"end item","requested":10,"date":"2012-10-09T00:00:00","onhand":10}
[demand] reply {"demand":"order 5","attempt":1360,"result":false,"quantity":0,"date":"2012-10-11T00:00:00"}
[demand] attempt {"demand":"order 5","attempt":1361,"quantity":10,"requestDate":"2012-10-11T00:00:00","lastDate":"2014-01-19T00:00:00"}
[operation] ask {"demand":"order 5","operation":"delivery end item","quantity":10,"end":"2012-10-11T00:00:00"}
[buffer] ask {"demand":null,"buffer":"end item","requested":10,"date":"2012-10-10T00:00:00","onhand":10}
[demand] reply {"demand":"order 5","attempt":1361,"result":false,"quantity":0,"date":"2012-10-12T00:00:00"}
[demand] attempt {"demand":"order 5","attempt":1362,"quantity":10,"requestDate":"2012-10-12T00:00:00","lastDate":"2014-01-19T00:00:00"}
[operation] ask {"demand":"order 5","operation":"delivery end item","quantity":10,"end":"2012-10-12T00:00:00"}
[buffer] ask {"demand":null,"buffer":"end item","requested":10,"date":"2012-10-11T00:00:00","onhand":10}
[demand] reply {"demand":"order 5","attempt":1362,"result":false,"quantity":0,"date":"2012-10-13T00:00:00"}
[demand] attempt {"demand":"order 5","attempt":1363,"quantity":10,"requestDate":"2012-10-13T00:00:00","lastDate":"2014-01-19T00:00:00"}
[operation] ask {"demand":"order 5","operation":"delivery end item","quantity":10,"end":"2012-10-13T00:00:00"}
[buffer] ask {"demand":null,"buffer":"end item","requested":10,"date":"2012-10-12T00:00:00","onhand":10}
[demand] reply {"demand":"order 5","attempt":1363,"result":false,"quantity":0,"date":"2012-10-14T00:00:00"}
[demand] attempt {"demand":"order 5","attempt":1364,"quantity":10,"requestDate":"2012-10-14T00:00:00","lastDate":"2014-01-19T00:00:00"}
[operation] ask {"demand":"order 5","operation":"delivery end item","quantity":10,"end":"2012-10-14T00:00:00"}
[buffer] ask {"demand":null,"buffer":"end item","requested":10,"date":"2012-10-13T00:00:00","onhand":10}
[demand] reply {"demand":"order 5","attempt":1364,"result":false,"quantity":0,"date":"2012-10-15T00:00:00"}
[demand] attempt {"demand":"order 5","attempt":1365,"quantity":10,"requestDate":"2012-10-15T00:00:00","lastDate":"2014-01-19T00:00:00"}
[operation] ask {"demand":"order 5","operation":"delivery end item","quantity":10,"end":"2012-10-15T00:00:00"}
[buffer] ask {"demand":null,"buffer":"end item","requested":10,"date":"2012-10-14T00:00:00","onhand":10}
[demand] reply {"demand":"order 5","attempt":1365,"result":false,"quantity":0,"date":"2012-10-16T00:00:00"}
[demand] attempt {"demand":"order 5","attempt":1366,"quantity":10,"requestDate":"2012-10-16T00:00:00","lastDate":"2014-01-19T00:00:00"}
[operation] ask {"demand":"order 5","operation":"delivery end item","quantity":10,"end":"2012-10-16T00:00:00"}
[buffer] ask {"demand":null,"buffer":"end item","requested":10,"date":"2012-10-15T00:00:00","onhand":10}
[demand] reply {"demand":"order 5","attempt":1366,"result":false,"quantity":0,"date":"2012-10-17T00:00:00"}
[demand] attempt {"demand":"order 5","attempt":1367,"quantity":10,"requestDate":"2012-10-17T00:00:00","lastDate":"2014-01-19T00:00:00"}
[operation] ask {"demand":"order 5","operation":"delivery end item","quantity":10,"end":"2012-10-17T00:00:00"}
[buffer] ask {"demand":null,"buffer":"end item","requested":10,"date":"2012-10-16T00:00:00","onhand":10}
[demand] reply {"demand":"order 5","attempt":1367,"result":false,"quantity":0,"date":"2012-10-18T00:00:00"}
[demand] attempt {"demand":"order 5","attempt":1368,"quantity":10,"requestDate":"2012-10-18T00:00:00","lastDate":"2014-01-19T00:00:00"}
[operation] ask {"demand":"order 5","operation":"delivery end item","quantity":10,"end":"2012-10-18T00:00:00"}
[buffer] ask {"demand":null,"buffer":"end item","requested":10,"date":"2012-10-17T00:00:00","onhand":10}
[demand] reply {"demand":"order 5","attempt":1368,"result":false,"quantity":0,"date":"2012-10-19T00:00:00"}
[demand] attempt {"demand":"order 5","attempt":1369,"quantity":10,"requestDate":"2012-10-19T00:00:00","lastDate":"2014-01-19T00:00:00"}
[operation] ask {"demand":"order 5","operation":"delivery end item","quantity":10,"end":"2012-10-19T00:00:00"}
[buffer] ask {"demand":null,"buffer":"end item","requested":10,"date":"2012-10-18T00:00:00","onhand":10}
[demand] reply {"demand":"order 5","attempt":1369,"result":false,"quantity":0,"date":"2012-10-20T00:00:00"}
[demand] attempt {"demand":"order 5","attempt":1370,"quantity":10,"requestDate":"2012-10-20T00:00:00","lastDate":"2014-01-19T00:00:00"}
[operation] ask {"demand":"order 5","operation":"delivery end item","quantity":10,"end":"2012-10-20T00:00:00"}
[buffer] ask {"demand":null,"buffer":"end item","requested":10,"date":"2012-10-19T00:00:00","onhand":10}
[demand] reply {"demand":"order 5","attempt":1370,"result":false,"quantity":0,"date":"2012-10-21T00:00:00"}
[demand] attempt {"demand":"order 5","attempt":1371,"quantity":10,"requestDate":"2012-10-21T00:00:00","lastDate":"2014-01-19T00:00:00"}
[operation] ask {"demand":"order 5","operation":"delivery end item","quantity":10,"end":"2012-10-21T00:00:00"}
[buffer] ask {"demand":null,"buffer":"end item","requested":10,"date":"2012-10-20T00:00:00","onhand":10}
[demand] reply {"demand":"order 5","attempt":1371,"result":false,"quantity":0,"date":"2012-10-22T00:00:00"}
[demand] attempt {"demand":"order 5","attempt":1372,"quantity":10,"requestDate":"2012-10-22T00:00:00","lastDate":"2014-01-19T00:00:00"}
[operation] ask {"demand":"order 5","operation":"delivery end item","quantity":10,"end":"2012-10-22T00:00:00"}
[buffer] ask {"demand":null,"buffer":"end item","requested":10,"date":"2012-10-21T00:00:00","onhand":10}
[demand] reply {"demand":"order 5","attempt":1372,"result":false,"quantity":0,"date":"2012-10-23T00:00:00"}
[demand] attempt {"demand":"order 5","attempt":1373,"quantity":10,"requestDate":"2012-10-23T00:00:00","lastDate":"2014-01-19T00:00:00"}
[operation] ask {"demand":"order 5","operation":"delivery end item","quantity":10,"end":"2012-10-23T00:00:00"}
[buffer] ask {"demand":null,"buffer":"end item","requested":10,"date":"2012-10-22T00:00:00","onhand":10}
[demand] reply {"demand":"order 5","attempt":1373,"result":false,"quantity":0,"date":"2012-10-24T00:00:00"}
[demand] attempt {"demand":"order 5","attempt":1374,"quantity":10,"requestDate":"2012-10-24T00:00:00","lastDate":"2014-01-19T00:00:00"}
[operation] ask {"demand":"order 5","operation":"delivery end item","quantity":10,"end":"2012-10-24T00:00:00"}
[buffer] ask {"demand":null,"buffer":"end item","requested":10,"date":"2012-10-23T00:00:00","onhand":10}
[demand] reply {"demand":"order 5","attempt":1374,"result":false,"quantity":0,"date":"2012-10-25T00:00:00"}
[demand] attempt {"demand":"order 5","attempt":1375,"quantity":10,"requestDate":"2012-10-25T00:00:00","lastDate":"2014-01-19T00:00:00"}
[operation] ask {"demand":"order 5","operation":"delivery end item","quantity":10,"end":"2012-10-25T00:00:00"}
[buffer] ask {"demand":null,"buffer":"end item","requested":10,"date":"2012-10-24T00:00:00","onhand":10}
[demand] reply {"demand":"order 5","attempt":1375,"result":false,"quantity":0,"date":"2012-10-26T00:00:00"}
[demand] attempt {"demand":"order 5","attempt":1376,"quantity":10,"requestDate":"2012-10-26T00:00:00","lastDate":"2014-01-19T00:00:00"}
[operation] ask {"demand":"order 5","operation":"delivery end item","quantity":10,"end":"2012-10-26T00:00:00"}
[buffer] ask {"demand":null,"buffer":"end item","requested":10,"date":"2012-10-25T00:00:00","onhand":10}
[demand] reply {"demand":"order 5","attempt":1376,"result":false,"quantity":0,"date":"2012-10-27T00:00:00"}
[demand] attempt {"demand":"order 5","attempt":1377,"quantity":10,"requestDate":"2012-10-27T00:00:00","lastDate":"2014-01-19T00:00:00"}
[operation] ask {"demand":"order 5","operation":"delivery end item","quantity":10,"end":"2012-10-27T00:00:00"}
[buffer] ask {"demand":null,"buffer":"end item","requested":10,"date":"2012-10-26T00:00:00","onhand":10}
[demand] reply {"demand":"order 5","attempt":1377,"result":false,"quantity":0,"date":"2012-10-28T00:00:00"}
[demand] attempt {"demand":"order 5","attempt":1378,"quantity":10,"requestDate":"2012-10-28T00:00:00","lastDate":"2014-01-19T00:00:00"}
[operation] ask {"demand":"order 5","operation":"delivery end item","quantity":10,"end":"2012-10-28T00:00:00"}
[buffer] ask {"demand":null,"buffer":"end item","requested":10,"date":"2012-10-27T00:00:00","onhand":10}
[demand] reply {"demand":"order 5","attempt":1378,"result":false,"quantity":0,"date":"2012-10-29T00:00:00"}
[demand] attempt {"demand":"order 5","attempt":1379,"quantity":10,"requestDate":"2012-10-29T00:00:00","lastDate":"2014-01-19T00:00:00"}
[operation] ask {"demand":"order 5","operation":"delivery end item","quantity":10,"end":"2012-10-29T00:00:00"}
[buffer] ask {"demand":null,"buffer":"end item","requested":10,"date":"2012-10-28T00:00:00","onhand":10}
[demand] reply {"demand":"order 5","attempt":1379,"result":false,"quantity":0,"date":"2012-10-30T00:00:00"}
[demand] attempt {"demand":"order 5","attempt":1380,"quantity":10,"requestDate":"2012-10-30T00:00:00","lastDate":"2014-01-19T00:00:00"}
[operation] ask {"demand":"order 5","operation":"delivery end item","quantity":10,"end":"2012-10-30T00:00:00"}
[buffer] ask {"demand":null,"buffer":"end item","requested":10,"date":"2012-10-29T00:00:00","onhand":10}
[demand] reply {"demand":"order 5","attempt":1380,"result":false,"quantity":0,"date":"2012-10-31T00:00:00"}
[demand] attempt {"demand":"order 5","attempt":1381,"quantity":10,"requestDate":"2012-10-31T00:00:00","lastDate":"2014-01-19T00:00:00"}
[operation] ask {"demand":"order 5","operation":"delivery end item","quantity":10,"end":"2012-10-31T00:00:00"}
[buffer] ask {"demand":null,"buffer":"end item","requested":10,"date":"2012-10-30T00:00:00","onhand":10}
[demand] reply {"demand":"order 5","attempt":1381,"result":false,"quantity":0,"date":"2012-11-01T00:00:00"}
[demand] attempt {"demand":"order 5","attempt":1382,"quantity":10,"requestDate":"2012-11-01T00:00:00","lastDate":"2014-01-19T00:00:00"}
[operation] ask {"demand":"order 5","operation":"delivery end item","quantity":10,"end":"2012-11-01T00:00:00"}
[buffer] ask {"demand":null,"buffer":"end item","requested":10,"date":"2012-10-31T00:00:00","onhand":10}
[demand] reply {"demand":"order 5","attempt":1382,"result":false,"quantity":0,"date":"2012-11-02T00:00:00"}
[demand] attempt {"demand":"order 5","attempt":1383,"quantity":10,"requestDate":"2012-11-02T00:00:00","lastDate":"2014-01-19T00:00:00"}
[operation] ask {"demand":"order 5","operation":"delivery end item","quantity":10,"end":"2012-11-02T00:00:00"}
[buffer] ask {"demand":null,"buffer":"end item","requested":10,"date":"2012-11-01T00:00:00","onhand":10}
[demand] reply {"demand":"order 5","attempt":1383,"result":false,"quantity":0,"date":"2012-11-03T00:00:00"}
[demand] attempt {"demand":"order 5","attempt":1384,"quantity":10,"requestDate":"2012-11-03T00:00:00","lastDate":"2014-01-19T00:00:00"}
[operation] ask {"demand":"order 5","operation":"delivery end item","quantity":10,"end":"2012-11-03T00:00:00"}
[buffer] ask {"demand":null,"buffer":"end item","requested":10,"date":"2012-11-02T00:00:00","onhand":10}
[demand] reply {"demand":"order 5","attempt":1384,"result":false,"quantity":0,"date":"2012-11-04T00:00:00"}
[demand] attempt {"demand":"order 5","attempt":1385,"quantity":10,"requestDate":"2012-11-04T00:00:00","lastDate":"2014-01-19T00:00:00"}
[operation] ask {"demand":"order 5","operation":"delivery end item","quantity":10,"end":"2012-11-04T00:00:00"}
[buffer] ask {"demand":null,"buffer":"end item","requested":10,"date":"2012-11-03T00:00:00","onhand":10}
[demand] reply {"demand":"order 5","attempt":1385,"result":false,"quantity":0,"date":"2012-11-05T00:00:00"}
[demand] attempt {"demand":"order 5","attempt":1386,"quantity":10,"requestDate":"2012-11-05T00:00:00","lastDate":"2014-01-19T00:00:00"}
[operation] ask {"demand":"order 5","operation":"delivery end item","quantity":10,"end":"2012-11-05T00:00:00"}
[buffer] ask {"demand":null,"buffer":"end item","requested":10,"date":"2012-11-04T00:00:00","onhand":10}
[demand] reply {"demand":"order 5","attempt":1386,"result":false,"quantity":0,"date":"2012-11-06T00:00:00"}
[demand] attempt {"demand":"order 5","attempt":1387,"quantity":10,"requestDate":"2012-11-06T00:00:00","lastDate":"2014-01-19T00:00:00"}
[operation] ask {"demand":"order 5","operation":"delivery end item","quantity":10,"end":"2012-11-06T00:00:00"}
[buffer] ask {"demand":null,"buffer":"end item","requested":10,"date":"2012-11-05T00:00:00","onhand":10}
[demand] reply {"demand":"order 5","attempt":1387,"result":false,"quantity":0,"date":"2012-11-07T00:00:00"}
[demand] attempt {"demand":"order 5","attempt":1388,"quantity":10,"requestDate":"2012-11-07T00:00:00","lastDate":"2014-01-19T00:00:00"}
[operation] ask {"demand":"order 5","operation":"delivery end item","quantity":10,"end":"2012-11-07T00:00:00"}
[buffer] ask {"demand":null,"buffer":"end item","requested":10,"date":"2012-11-06T00:00:00","onhand":10}
[demand] reply {"demand":"order 5","attempt":1388,"result":false,"quantity":0,"date":"2012-11-08T00:00:00"}
[demand] attempt {"demand":"order 5","attempt":1389,"quantity":10,"requestDate":"2012-11-08T00:00:00","lastDate":"2014-01-19T00:00:00"}
[operation] ask {"demand":"order 5","operation":"delivery end item","quantity":10,"end":"2012-11-08T00:00:00"}
[buffer] ask {"demand":null,"buffer":"end item","requested":10,"date":"2012-11-07T00:00:00","onhand":10}
[demand] reply {"demand":"order 5","attempt":1389,"result":false,"quantity":0,"date":"2012-11-09T00:00:00"}
[demand] attempt {"demand":"order 5","attempt":1390,"quantity":10,"requestDate":"2012-11-09T00:00:00","lastDate":"2014-01-19T00:00:00"}
[operation] ask {"demand":"order 5","operation":"delivery end item","quantity":10,"end":"2012-11-09T00:00:00"}
[buffer] ask {"demand":null,"buffer":"end item","requested":10,"date":"2012-11-08T00:00:00","onhand":10}
[demand] reply {"demand":"order 5","attempt":1390,"result":false,"quantity":0,"date":"2012-11-10T00:00:00"}
[demand] attempt {"demand":"order 5","attempt":1391,"quantity":10,"requestDate":"2012-11-10T00:00:00","lastDate":"2014-01-19T00:00:00"}
[operation] ask {"demand":"order 5","operation":"delivery end item","quantity":10,"end":"2012-11-10T00:00:00"}
[buffer] ask {"demand":null,"buffer":"end item","requested":10,"date":"2012-11-09T00:00:00","onhand":10}
[demand] reply {"demand":"order 5","attempt":1391,"result":false,"quantity":0,"date":"2012-11-11T00:00:00"}
[demand] attempt {"demand":"order 5","attempt":1392,"quantity":10,"requestDate":"2012-11-11T00:00:00","lastDate":"2014-01-19T00:00:00"}
[operation] ask {"demand":"order 5","operation":"delivery end item","quantity":10,"end":"2012-11-11T00:00:00"}
[buffer] ask {"demand":null,"buffer":"end item","requested":10,"date":"2012-11-10T00:00:00","onhand":10}
[demand] reply {"demand":"order 5","attempt":1392,"result":false,"quantity":0,"date":"2012-11-12T00:00:00"}
[demand] attempt {"demand":"order 5","attempt":1393,"quantity":10,"requestDate":"2012-11-12T00:00:00","lastDate":"2014-01-19T00:00:00"}
[operation] ask {"demand":"order 5","operation":"delivery end item","quantity":10,"end":"2012-11-12T00:00:00"}
[buffer] ask {"demand":null,"buffer":"end item","requested":10,"date":"2012-11-11T00:00:00","onhand":10}
[demand] reply {"demand":"order 5","attempt":1393,"result":false,"quantity":0,"date":"2012-11-13T00:00:00"}
[demand] attempt {"demand":"order 5","attempt":1394,"quantity":10,"requestDate":"2012-11-13T00:00:00","lastDate":"2014-01-19T00:00:00"}
[operation] ask {"demand":"order 5","operation":"delivery end item","quantity":10,"end":"2012-11-13T00:00:00"}
[buffer] ask {"demand":null,"buffer":"end item","requested":10,"date":"2012-11-12T00:00:00","onhand":10}
[demand] reply {"demand":"order 5","attempt":1394,"result":false,"quantity":0,"date":"2012-11-14T00:00:00"}
[demand] attempt {"demand":"order 5","attempt":1395,"quantity":10,"requestDate":"2012-11-14T00:00:00","lastDate":"2014-01-19T00:00:00"}
[operation] ask {"demand":"order 5","operation":"delivery end item","quantity":10,"end":"2012-11-14T00:00:00"}
[buffer] ask {"demand":null,"buffer":"end item","requested":10,"date":"2012-11-13T00:00:00","onhand":10}
[demand] reply {"demand":"order 5","attempt":1395,"result":false,"quantity":0,"date":"2012-11-15T00:00:00"}
[demand] attempt {"demand":"order 5","attempt":1396,"quantity":10,"requestDate":"2012-11-15T00:00:00","lastDate":"2014-01-19T00:00:00"}
[operation] ask {"demand":"order 5","operation":"delivery end item","quantity":10,"end":"2012-11-15T00:00:00"}
[buffer] ask {"demand":null,"buffer":"end item","requested":10,"date":"2012-11-14T00:00:00","onhand":10}
[demand] reply {"demand":"order 5","attempt":1396,"result":false,"quantity":0,"date":"2012-11-16T00:00:00"}
[demand] attempt {"demand":"order 5","attempt":1397,"quantity":10,"requestDate":"2012-11-16T00:00:00","lastDate":"2014-01-19T00:00:00"}
[operation] ask {"demand":"order 5","operation":"delivery end item","quantity":10,"end":"2012-11-16T00:00:00"}
[buffer] ask {"demand":null,"buffer":"end item","requested":10,"date":"2012-11-15T00:00:00","onhand":10}
[demand] reply {"demand":"order 5","attempt":1397,"result":false,"quantity":0,"date":"2012-11-17T00:00:00"}
[demand] attempt {"demand":"order 5","attempt":1398,"quantity":10,"requestDate":"2012-11-17T00:00:00","lastDate":"2014-01-19T00:00:00"}
[operation] ask {"demand":"order 5","operation":"delivery end item","quantity":10,"end":"2012-11-17T00:00:00"}
[buffer] ask {"demand":null,"buffer":"end item","requested":10,"date":"2012-11-16T00:00:00","onhand":10}
[demand] reply {"demand":"order 5","attempt":1398,"result":false,"quantity":0,"date":"2012-11-18T00:00:00"}
[demand] attempt {"demand":"order 5","attempt":1399,"quantity":10,"requestDate":"2012-11-18T00:00:00","lastDate":"2014-01-19T00:00:00"}
[operation] ask {"demand":"order 5","operation":"delivery end item","quantity":10,"end":"2012-11-18T00:00:00"}
[buffer] ask {"demand":null,"buffer":"end item","requested":10,"date":"2012-11-17T00:00:00","onhand":10}
[demand] reply {"demand":"order 5","attempt":1399,"result":false,"quantity":0,"date":"2012-11-19T00:00:00"}
[demand] attempt {"demand":"order 5","attempt":1400,"quantity":10,"requestDate":"2012-11-19T00:00:00","lastDate":"2014-01-19T00:00:00"}
[operation] ask {"demand":"order 5","operation":"delivery end item","quantity":10,"end":"2012-11-19T00:00:00"}
[buffer] ask {"demand":null,"buffer":"end item","requested":10,"date":"2012-11-18T00:00:00","onhand":10}
[demand] reply {"demand":"order 5","attempt":1400,"result":false,"quantity":0,"date":"2012-11-20T00:00:00"}
[demand] attempt {"demand":"order 5","attempt":1401,"quantity":10,"requestDate":"2012-11-20T00:00:00","lastDate":"2014-01-19T00:00:00"}
[operation] ask {"demand":"order 5","operation":"delivery end item","quantity":10,"end":"2012-11-20T00:00:00"}
[buffer] ask {"demand":null,"buffer":"end item","requested":10,"date":"2012-11-19T00:00:00","onhand":10}
[demand] reply {"demand":"order 5","attempt":1401,"result":false,"quantity":0,"date":"2012-11-21T00:00:00"}
[demand] attempt {"demand":"order 5","attempt":1402,"quantity":10,"requestDate":"2012-11-21T00:00:00","lastDate":"2014-01-19T00:00:00"}
[operation] ask {"demand":"order 5","operation":"delivery end item","quantity":10,"end":"2012-11-21T00:00:00"}
[buffer] ask {"demand":null,"buffer":"end item","requested":10,"date":"2012-11-20T00:00:00","onhand":10}
[demand] reply {"demand":"order 5","attempt":1402,"result":false,"quantity":0,"date":"2012-11-22T00:00:00"}
[demand] attempt {"demand":"order 5","attempt":1403,"quantity":10,"requestDate":"2012-11-22T00:00:00","lastDate":"2014-01-19T00:00:00"}
[operation] ask {"demand":"order 5","operation":"delivery end item","quantity":10,"end":"2012-11-22T00:00:00"}
[buffer] ask {"demand":null,"buffer":"end item","requested":10,"date":"2012-11-21T00:00:00","onhand":10}
[demand] reply {"demand":"order 5","attempt":1403,"result":false,"quantity":0,"date":"2012-11-23T00:00:00"}
[demand] attempt {"demand":"order 5","attempt":1404,"quantity":10,"requestDate":"2012-11-23T00:00:00","lastDate":"2014-01-19T00:00:00"}
[operation] ask {"demand":"order 5","operation":"delivery end item","quantity":10,"end":"2012-11-23T00:00:00"}
[buffer] ask {"demand":null,"buffer":"end item","requested":10,"date":"2012-11-22T00:00:00","onhand":10}
[demand] reply {"demand":"order 5","attempt":1404,"result":false,"quantity":0,"date":"2012-11-24T00:00:00"}
[demand] attempt {"demand":"order 5","attempt":1405,"quantity":10,"requestDate":"2012-11-24T00:00:00","lastDate":"2014-01-19T00:00:00"}
[operation] ask {"demand":"order 5","operation":"delivery end item","quantity":10,"end":"2012-11-24T00:00:00"}
[buffer] ask {"demand":null,"buffer":"end item","requested":10,"date":"2012-11-23T00:00:00","onhand":10}
[demand] reply {"demand":"order 5","attempt":1405,"result":false,"quantity":0,"date":"2012-11-25T00:00:00"}
[demand] attempt {"demand":"order 5","attempt":1406,"quantity":10,"requestDate":"2012-11-25T00:00:00","lastDate":"2014-01-19T00:00:00"}
[operation] ask {"demand":"order 5","operation":"delivery end item","quantity":10,"end":"2012-11-25T00:00:00"}
[buffer] ask {"demand":null,"buffer":"end item","requested":10,"date":"2012-11-24T00:00:00","onhand":10}
[demand] reply {"demand":"order 5","attempt":1406,"result":false,"quantity":0,"date":"2012-11-26T00:00:00"}
[demand] attempt {"demand":"order 5","attempt":1407,"quantity":10,"requestDate":"2012-11-26T00:00:00","lastDate":"2014-01-19T00:00:00"}
[operation] ask {"demand":"order 5","operation":"delivery end item","quantity":10,"end":"2012-11-26T00:00:00"}
[buffer] ask {"demand":null,"buffer":"end item","requested":10,"date":"2012-11-25T00:00:00","onhand":10}
[demand] reply {"demand":"order 5","attempt":1407,"result":false,"quantity":0,"date":"2012-11-27T00:00:00"}
[demand] attempt {"demand":"order 5","attempt":1408,"quantity":10,"requestDate":"2012-11-27T00:00:00","lastDate":"2014-01-19T00:00:00"}
[operation] ask {"demand":"order 5","operation":"delivery end item","quantity":10,"end":"2012-11-27T00:00:00"}
[buffer] ask {"demand":null,"buffer":"end item","requested":10,"date":"2012-11-26T00:00:00","onhand":10}
[demand] reply {"demand":"order 5","attempt":1408,"result":false,"quantity":0,"date":"2012-11-28T00:00:00"}
[demand] attempt {"demand":"order 5","attempt":1409,"quantity":10,"requestDate":"2012-11-28T00:00:00","lastDate":"2014-01-19T00:00:00"}
[operation] ask {"demand":"order 5","operation":"delivery end item","quantity":10,"end":"2012-11-28T00:00:00"}
[buffer] ask {"demand":null,"buffer":"end item","requested":10,"date":"2012-11-27T00:00:00","onhand":10}
[demand] reply {"demand":"order 5","attempt":1409,"result":false,"quantity":0,"date":"2012-11-29T00:00:00"}
[demand] attempt {"demand":"order 5","attempt":1410,"quantity":10,"requestDate":"2012-11-29T00:00:00","lastDate":"2014-01-19T00:00:00"}
[operation] ask {"demand":"order 5","operation":"delivery end item","quantity":10,"end":"2012-11-29T00:00:00"}
[buffer] ask {"demand":null,"buffer":"end item","requested":10,"date":"2012-11-28T00:00:00","onhand":10}
[demand] reply {"demand":"order 5","attempt":1410,"result":false,"quantity":0,"date":"2012-11-30T00:00:00"}
[demand] attempt {"demand":"order 5","attempt":1411,"quantity":10,"requestDate":"2012-11-30T00:00:00","lastDate":"2014-01-19T00:00:00"}
[operation] ask {"demand":"order 5","operation":"delivery end item","quantity":10,"end":"2012-11-30T00:00:00"}
[buffer] ask {"demand":null,"buffer":"end item","requested":10,"date":"2012-11-29T00:00:00","onhand":10}
[demand] reply {"demand":"order 5","attempt":1411,"result":false,"quantity":0,"date":"2012-12-01T00:00:00"}
[demand] attempt {"demand":"order 5","attempt":1412,"quantity":10,"requestDate":"2012-12-01T00:00:00","lastDate":"2014-01-19T00:00:00"}
[operation] ask {"demand":"order 5","operation":"delivery end item","quantity":10,"end":"2012-12-01T00:00:00"}
[buffer] ask {"demand":null,"buffer":"end item","requested":10,"date":"2012-11-30T00:00:00","onhand":10}
[demand] reply {"demand":"order 5","attempt":1412,"result":false,"quantity":0,"date":"2012-12-02T00:00:00"}
[demand] attempt {"demand":"order 5","attempt":1413,"quantity":10,"requestDate":"2012-12-02T00:00:00","lastDate":"2014-01-19T00:00:00"}
[operation] ask {"demand":"order 5","operation":"delivery end item","quantity":10,"end":"2012-12-02T00:00:00"}
[buffer] ask {"demand":null,"buffer":"end item","requested":10,"date":"2012-12-01T00:00:00","onhand":10}
[demand] reply {"demand":"order 5","attempt":1413,"result":false,"quantity":0,"date":"2012-12-03T00:00:00"}
[demand] attempt {"demand":"order 5","attempt":1414,"quantity":10,"requestDate":"2012-12-03T00:00:00","lastDate":"2014-01-19T00:00:00"}
[operation] ask {"demand":"order 5","operation":"delivery end item","quantity":10,"end":"2012-12-03T00:00:00"}
[buffer] ask {"demand":null,"buffer":"end item","requested":10,"date":"2012-12-02T00:00:00","onhand":10}
[demand] reply {"demand":"order 5","attempt":1414,"result":false,"quantity":0,"date":"2012-12-04T00:00:00"}
[demand] attempt {"demand":"order 5","attempt":1415,"quantity":10,"requestDate":"2012-12-04T00:00:00","lastDate":"2014-01-19T00:00:00"}
[operation] ask {"demand":"order 5","operation":"delivery end item","quantity":10,"end":"2012-12-04T00:00:00"}
[buffer] ask {"demand":null,"buffer":"end item","requested":10,"date":"2012-12-03T00:00:00","onhand":10}
[demand] reply {"demand":"order 5","attempt":1415,"result":false,"quantity":0,"date":"2012-12-05T00:00:00"}
[demand] attempt {"demand":"order 5","attempt":1416,"quantity":10,"requestDate":"2012-12-05T00:00:00","lastDate":"2014-01-19T00:00:00"}
[operation] ask {"demand":"order 5","operation":"delivery end item","quantity":10,"end":"2012-12-05T00:00:00"}
[buffer] ask {"demand":null,"buffer":"end item","requested":10,"date":"2012-12-04T00:00:00","onhand":10}
[demand] reply {"demand":"order 5","attempt":1416,"result":false,"quantity":0,"date":"2012-12-06T00:00:00"}
[demand] attempt {"demand":"order 5","attempt":1417,"quantity":10,"requestDate":"2012-12-06T00:00:00","lastDate":"2014-01-19T00:00:00"}
[operation] ask {"demand":"order 5","operation":"delivery end item","quantity":10,"end":"2012-12-06T00:00:00"}
[buffer] ask {"demand":null,"buffer":"end item","requested":10,"date":"2012-12-05T00:00:00","onhand":10}
[demand] reply {"demand":"order 5","attempt":1417,"result":false,"quantity":0,"date":"2012-12-07T00:00:00"}
[demand] attempt {"demand":"order 5","attempt":1418,"quantity":10,"requestDate":"2012-12-07T00:00:00","lastDate":"2014-01-19T00:00:00"}
[operation] ask {"demand":"order 5","operation":"delivery end item","quantity":10,"end":"2012-12-07T00:00:00"}
[buffer] ask {"demand":null,"buffer":"end item","requested":10,"date":"2012-12-06T00:00:00","onhand":10}
[demand] reply {"demand":"order 5","attempt":1418,"result":false,"quantity":0,"date":"2012-12-08T00:00:00"}
[demand] attempt {"demand":"order 5","attempt":1419,"quantity":10,"requestDate":"2012-12-08T00:00:00","lastDate":"2014-01-19T00:00:00"}
[operation] ask {"demand":"order 5","operation":"delivery end item","quantity":10,"end":"2012-12-08T00:00:00"}
[buffer] ask {"demand":null,"buffer":"end item","requested":10,"date":"2012-12-07T00:00:00","onhand":10}
[demand] reply {"demand":"order 5","attempt":1419,"result":false,"quantity":0,"date":"2012-12-09T00:00:00"}
[demand] attempt {"demand":"order 5","attempt":1420,"quantity":10,"requestDate":"2012-12-09T00:00:00","lastDate":"2014-01-19T00:00:00"}
[operation] ask {"demand":"order 5","operation":"delivery end item","quantity":10,"end":"2012-12-09T00:00:00"}
[buffer] ask {"demand":null,"buffer":"end item","requested":10,"date":"2012-12-08T00:00:00","onhand":10}
[demand] reply {"demand":"order 5","attempt":1420,"result":false,"quantity":0,"date":"2012-12-10T00:00:00"}
[demand] attempt {"demand":"order 5","attempt":1421,"quantity":10,"requestDate":"2012-12-10T00:00:00","lastDate":"2014-01-19T00:00:00"}
[operation] ask {"demand":"order 5","operation":"delivery end item","quantity":10,"end":"2012-12-10T00:00:00"}
[buffer] ask {"demand":null,"buffer":"end item","requested":10,"date":"2012-12-09T00:00:00","onhand":10}
[demand] reply {"demand":"order 5","attempt":1421,"result":false,"quantity":0,"date":"2012-12-11T00:00:00"}
[demand] attempt {"demand":"order 5","attempt":1422,"quantity":10,"requestDate":"2012-12-11T00:00:00","lastDate":"2014-01-19T00:00:00"}
[operation] ask {"demand":"order 5","operation":"delivery end item","quantity":10,"end":"2012-12-11T00:00:00"}
[buffer] ask {"demand":null,"buffer":"end item","requested":10,"date":"2012-12-10T00:00:00","onhand":10}
[demand] reply {"demand":"order 5","attempt":1422,"result":false,"quantity":0,"date":"2012-12-12T00:00:00"}
[demand] attempt {"demand":"order 5","attempt":1423,"quantity":10,"requestDate":"2012-12-12T00:00:00","lastDate":"2014-01-19T00:00:00"}
[operation] ask {"demand":"order 5","operation":"delivery end item","quantity":10,"end":"2012-12-12T00:00:00"}
[buffer] ask {"demand":null,"buffer":"end item","requested":10,"date":"2012-12-11T00:00:00","onhand":10}
[demand] reply {"demand":"order 5","attempt":1423,"result":false,"quantity":0,"date":"2012-12-13T00:00:00"}
[demand] attempt {"demand":"order 5","attempt":1424,"quantity":10,"requestDate":"2012-12-13T00:00:00","lastDate":"2014-01-19T00:00:00"}
[operation] ask {"demand":"order 5","operation":"delivery end item","quantity":10,"end":"2012-12-13T00:00:00"}
[buffer] ask {"demand":null,"buffer":"end item","requested":10,"date":"2012-12-12T00:00:00","onhand":10}
[demand] reply {"demand":"order 5","attempt":1424,"result":false,"quantity":0,"date":"2012-12-14T00:00:00"}
[demand] attempt {"demand":"order 5","attempt":1425,"quantity":10,"requestDate":"2012-12-14T00:00:00","lastDate":"2014-01-19T00:00:00"}
[operation] ask {"demand":"order 5","operation":"delivery end item","quantity":10,"end":"2012-12-14T00:00:00"}
[buffer] ask {"demand":null,"buffer":"end item","requested":10,"date":"2012-12-13T00:00:00","onhand":10}
[demand] reply {"demand":"order 5","attempt":1425,"result":false,"quantity":0,"date":"2012-12-15T00:00:00"}
[demand] attempt {"demand":"order 5","attempt":1426,"quantity":10,"requestDate":"2012-12-15T00:00:00","lastDate":"2014-01-19T00:00:00"}
[operation] ask {"demand":"order 5","operation":"delivery end item","quantity":10,"end":"2012-12-15T00:00:00"}
[buffer] ask {"demand":null,"buffer":"end item","requested":10,"date":"2012-12-14T00:00:00","onhand":10}
[demand] reply {"demand":"order 5","attempt":1426,"result":false,"quantity":0,"date":"2012-12-16T00:00:00"}
[demand] attempt {"demand":"order 5","attempt":1427,"quantity":10,"requestDate":"2012-12-16T00:00:00","lastDate":"2014-01-19T00:00:00"}
[operation] ask {"demand":"order 5","operation":"delivery end item","quantity":10,"end":"2012-12-16T00:00:00"}
[buffer] ask {"demand":null,"buffer":"end item","requested":10,"date":"2012-12-15T00:00:00","onhand":10}
[demand] reply {"demand":"order 5","attempt":1427,"result":false,"quantity":0,"date":"2012-12-17T00:00:00"}
[demand] attempt {"demand":"order 5","attempt":1428,"quantity":10,"requestDate":"2012-12-17T00:00:00","lastDate":"2014-01-19T00:00:00"}
[operation] ask {"demand":"order 5","operation":"delivery end item","quantity":10,"end":"2012-12-17T00:00:00"}
[buffer] ask {"demand":null,"buffer":"end item","requested":10,"date":"2012-12-16T00:00:00","onhand":10}
[demand] reply {"demand":"order 5","attempt":1428,"result":false,"quantity":0,"date":"2012-12-18T00:00:00"}
[demand] attempt {"demand":"order 5","attempt":1429,"quantity":10,"requestDate":"2012-12-18T00:00:00","lastDate":"2014-01-19T00:00:00"}
[operation] ask {"demand":"order 5","operation":"delivery end item","quantity":10,"end":"2012-12-18T00:00:00"}
[buffer] ask {"demand":null,"buffer":"end item","requested":10,"date":"2012-12-17T00:00:00","onhand":10}
[demand] reply {"demand":"order 5","attempt":1429,"result":false,"quantity":0,"date":"2012-12-19T00:00:00"}
[demand] attempt {"demand":"order 5","attempt":1430,"quantity":10,"requestDate":"2012-12-19T00:00:00","lastDate":"2014-01-19T00:00:00"}
[operation] ask {"demand":"order 5","operation":"delivery end item","quantity":10,"end":"2012-12-19T00:00:00"}
[buffer] ask {"demand":null,"buffer":"end item","requested":10,"date":"2012-12-18T00:00:00","onhand":10}
[demand] reply {"demand":"order 5","attempt":1430,"result":false,"quantity":0,"date":"2012-12-20T00:00:00"}
[demand] attempt {"demand":"order 5","attempt":1431,"quantity":10,"requestDate":"2012-12-20T00:00:00","lastDate":"2014-01-19T00:00:00"}
[operation] ask {"demand":"order 5","operation":"delivery end item","quantity":10,"end":"2012-12-20T00:00:00"}
[buffer] ask {"demand":null,"buffer":"end item","requested":10,"date":"2012-12-19T00:00:00","onhand":10}
[demand] reply {"demand":"order 5","attempt":1431,"result":false,"quantity":0,"date":"2012-12-21T00:00:00"}
[demand] attempt {"demand":"order 5","attempt":1432,"quantity":10,"requestDate":"2012-12-21T00:00:00","lastDate":"2014-01-19T00:00:00"}
[operation] ask {"demand":"order 5","operation":"delivery end item","quantity":10,"end":"2012-12-21T00:00:00"}
[buffer] ask {"demand":null,"buffer":"end item","requested":10,"date":"2012-12-20T00:00:00","onhand":10}
[demand] reply {"demand":"order 5","attempt":1432,"result":false,"quantity":0,"date":"2012-12-22T00:00:00"}
[demand] attempt {"demand":"order 5","attempt":1433,"quantity":10,"requestDate":"2012-12-22T00:00:00","lastDate":"2014-01-19T00:00:00"}
[operation] ask {"demand":"order 5","operation":"delivery end item","quantity":10,"end":"2012-12-22T00:00:00"}
[buffer] ask {"demand":null,"buffer":"end item","requested":10,"date":"2012-12-21T00:00:00","onhand":10}
[demand] reply {"demand":"order 5","attempt":1433,"result":false,"quantity":0,"date":"2012-12-23T00:00:00"}
[demand] attempt {"demand":"order 5","attempt":1434,"quantity":10,"requestDate":"2012-12-23T00:00:00","lastDate":"2014-01-19T00:00:00"}
[operation] ask {"demand":"order 5","operation":"delivery end item","quantity":10,"end":"2012-12-23T00:00:00"}
[buffer] ask {"demand":null,"buffer":"end item","requested":10,"date":"2012-12-22T00:00:00","onhand":10}
[demand] reply {"demand":"order 5","attempt":1434,"result":false,"quantity":0,"date":"2012-12-24T00:00:00"}
[demand] attempt {"demand":"order 5","attempt":1435,"quantity":10,"requestDate":"2012-12-24T00:00:00","lastDate":"2014-01-19T00:00:00"}
[operation] ask {"demand":"order 5","operation":"delivery end item","quantity":10,"end":"2012-12-24T00:00:00"}
[buffer] ask {"demand":null,"buffer":"end item","requested":10,"date":"2012-12-23T00:00:00","onhand":10}
[demand] reply {"demand":"order 5","attempt":1435,"result":false,"quantity":0,"date":"2012-12-25T00:00:00"}
[demand] attempt {"demand":"order 5","attempt":1436,"quantity":10,"requestDate":"2012-12-25T00:00:00","lastDate":"2014-01-19T00:00:00"}
[operation] ask {"demand":"order 5","operation":"delivery end item","quantity":10,"end":"2012-12-25T00:00:00"}
[buffer] ask {"demand":null,"buffer":"end item","requested":10,"date":"2012-12-24T00:00:00","onhand":10}
[demand] reply {"demand":"order 5","attempt":1436,"result":false,"quantity":0,"date":"2012-12-26T00:00:00"}
[demand] attempt {"demand":"order 5","attempt":1437,"quantity":10,"requestDate":"2012-12-26T00:00:00","lastDate":"2014-01-19T00:00:00"}
[operation] ask {"demand":"order 5","operation":"delivery end item","quantity":10,"end":"2012-12-26T00:00:00"}
[buffer] ask {"demand":null,"buffer":"end item","requested":10,"date":"2012-12-25T00:00:00","onhand":10}
[demand] reply {"demand":"order 5","attempt":1437,"result":false,"quantity":0,"date":"2012-12-27T00:00:00"}
[demand] attempt {"demand":"order 5","attempt":1438,"quantity":10,"requestDate":"2012-12-27T00:00:00","lastDate":"2014-01-19T00:00:00"}
[operation] ask {"demand":"order 5","operation":"delivery end item","quantity":10,"end":"2012-12-27T00:00:00"}
[buffer] ask {"demand":null,"buffer":"end item","requested":10,"date":"2012-12-26T00:00:00","onhand":10}
[demand] reply {"demand":"order 5","attempt":1438,"result":false,"quantity":0,"date":"2012-12-28T00:00:00"}
[demand] attempt {"demand":"order 5","attempt":1439,"quantity":10,"requestDate":"2012-12-28T00:00:00","lastDate":"2014-01-19T00:00:00"}
[operation] ask {"demand":"order 5","operation":"delivery end item","quantity":10,"end":"2012-12-28T00:00:00"}
[buffer] ask {"demand":null,"buffer":"end item","requested":10,"date":"2012-12-27T00:00:00","onhand":10}
[demand] reply {"demand":"order 5","attempt":1439,"result":false,"quantity":0,"date":"2012-12-29T00:00:00"}
[demand] attempt {"demand":"order 5","attempt":1440,"quantity":10,"requestDate":"2012-12-29T00:00:00","lastDate":"2014-01-19T00:00:00"}
[operation] ask {"demand":"order 5","operation":"delivery end item","quantity":10,"end":"2012-12-29T00:00:00"}
[buffer] ask {"demand":null,"buffer":"end item","requested":10,"date":"2012-12-28T00:00:00","onhand":10}
[demand] reply {"demand":"order 5","attempt":1440,"result":false,"quantity":0,"date":"2012-12-30T00:00:00"}
[demand] attempt {"demand":"order 5","attempt":1441,"quantity":10,"requestDate":"2012-12-30T00:00:00","lastDate":"2014-01-19T00:00:00"}
[operation] ask {"demand":"order 5","operation":"delivery end item","quantity":10,"end":"2012-12-30T00:00:00"}
[buffer] ask {"demand":null,"buffer":"end item","requested":10,"date":"2012-12-29T00:00:00","onhand":10}
[demand] reply {"demand":"order 5","attempt":1441,"result":false,"quantity":0,"date":"2012-12-31T00:00:00"}
[demand] attempt {"demand":"order 5","attempt":1442,"quantity":10,"requestDate":"2012-12-31T00:00:00","lastDate":"2014-01-19T00:00:00"}
[operation] ask {"demand":"order 5","operation":"delivery end item","quantity":10,"end":"2012-12-31T00:00:00"}
[buffer] ask {"demand":null,"buffer":"end item","requested":10,"date":"2012-12-30T00:00:00","onhand":10}
[demand] reply {"demand":"order 5","attempt":1442,"result":false,"quantity":0,"date":"2013-01-01T00:00:00"}
[demand] attempt {"demand":"order 5","attempt":1443,"quantity":10,"requestDate":"2013-01-01T00:00:00","lastDate":"2014-01-19T00:00:00"}
[operation] ask {"demand":"order 5","operation":"delivery end item","quantity":10,"end":"2013-01-01T00:00:00"}
[buffer] ask {"demand":null,"buffer":"end item","requested":10,"date":"2012-12-31T00:00:00","onhand":10}
[demand] reply {"demand":"order 5","attempt":1443,"result":false,"quantity":0,"date":"2013-01-02T00:00:00"}
[demand] attempt {"demand":"order 5","attempt":1444,"quantity":10,"requestDate":"2013-01-02T00:00:00","lastDate":"2014-01-19T00:00:00"}
[operation] ask {"demand":"order 5","operation":"delivery end item","quantity":10,"end":"2013-01-02T00:00:00"}
[buffer] ask {"demand":null,"buffer":"end item","requested":10,"date":"2013-01-01T00:00:00","onhand":10}
[demand] reply {"demand":"order 5","attempt":1444,"result":false,"quantity":0,"date":"2013-01-03T00:00:00"}
[demand] attempt {"demand":"order 5","attempt":1445,"quantity":10,"requestDate":"2013-01-03T00:00:00","lastDate":"2014-01-19T00:00:00"}
[operation] ask {"demand":"order 5","operation":"delivery end item","quantity":10,"end":"2013-01-03T00:00:00"}
[buffer] ask {"demand":null,"buffer":"end item","requested":10,"date":"2013-01-02T00:00:00","onhand":10}
[demand] reply {"demand":"order 5","attempt":1445,"result":false,"quantity":0,"date":"2013-01-04T00:00:00"}
[demand] attempt {"demand":"order 5","attempt":1446,"quantity":10,"requestDate":"2013-01-04T00:00:00","lastDate":"2014-01-19T00:00:00"}
[operation] ask {"demand":"order 5","operation":"delivery end item","quantity":10,"end":"2013-01-04T00:00:00"}
[buffer] ask {"demand":null,"buffer":"end item","requested":10,"date":"2013-01-03T00:00:00","onhand":10}
[demand] reply {"demand":"order 5","attempt":1446,"result":false,"quantity":0,"date":"2013-01-05T00:00:00"}
[demand] attempt {"demand":"order 5","attempt":1447,"quantity":10,"requestDate":"2013-01-05T00:00:00","lastDate":"2014-01-19T00:00:00"}
[operation] ask {"demand":"order 5","operation":"delivery end item","quantity":10,"end":"2013-01-05T00:00:00"}
[buffer] ask {"demand":null,"buffer":"end item","requested":10,"date":"2013-01-04T00:00:00","onhand":10}
[demand] reply {"demand":"order 5","attempt":1447,"result":false,"quantity":0,"date":"2013-01-06T00:00:00"}
[demand] attempt {"demand":"order 5","attempt":1448,"quantity":10,"requestDate":"2013-01-06T00:00:00","lastDate":"2014-01-19T00:00:00"}
[operation] ask {"demand":"order 5","operation":"delivery end item","quantity":10,"end":"2013-01-06T00:00:00"}
[buffer] ask {"demand":null,"buffer":"end item","requested":10,"date":"2013-01-05T00:00:00","onhand":10}
[demand] reply {"demand":"order 5","attempt":1448,"result":false,"quantity":0,"date":"2013-01-07T00:00:00"}
[demand] attempt {"demand":"order 5","attempt":1449,"quantity":10,"requestDate":"2013-01-07T00:00:00","lastDate":"2014-01-19T00:00:00"}
[operation] ask {"demand":"order 5","operation":"delivery end item","quantity":10,"end":"2013-01-07T00:00:00"}
[buffer] ask {"demand":null,"buffer":"end item","requested":10,"date":"2013-01-06T00:00:00","onhand":10}
[demand] reply {"demand":"order 5","attempt":1449,"result":false,"quantity":0,"date":"2013-01-08T00:00:00"}
[demand] attempt {"demand":"order 5","attempt":1450,"quantity":10,"requestDate":"2013-01-08T00:00:00","lastDate":"2014-01-19T00:00:00"}
[operation] ask {"demand":"order 5","operation":"delivery end item","quantity":10,"end":"2013-01-08T00:00:00"}
[buffer] ask {"demand":null,"buffer":"end item","requested":10,"date":"2013-01-07T00:00:00","onhand":10}
[demand] reply {"demand":"order 5","attempt":1450,"result":false,"quantity":0,"date":"2013-01-09T00:00:00"}
[demand] attempt {"demand":"order 5","attempt":1451,"quantity":10,"requestDate":"2013-01-09T00:00:00","lastDate":"2014-01-19T00:00:00"}
[operation] ask {"demand":"order 5","operation":"delivery end item","quantity":10,"end":"2013-01-09T00:00:00"}
[buffer] ask {"demand":null,"buffer":"end item","requested":10,"date":"2013-01-08T00:00:00","onhand":10}
[demand] reply {"demand":"order 5","attempt":1451,"result":false,"quantity":0,"date":"2013-01-10T00:00:00"}
[demand] attempt {"demand":"order 5","attempt":1452,"quantity":10,"requestDate":"2013-01-10T00:00:00","lastDate":"2014-01-19T00:00:00"}
[operation] ask {"demand":"order 5","operation":"delivery end item","quantity":10,"end":"2013-01-10T00:00:00"}
[buffer] ask {"demand":null,"buffer":"end item","requested":10,"date":"2013-01-09T00:00:00","onhand":10}
[demand] reply {"demand":"order 5","attempt":1452,"result":false,"quantity":0,"date":"2013-01-11T00:00:00"}
[demand] attempt {"demand":"order 5","attempt":1453,"quantity":10,"requestDate":"2013-01-11T00:00:00","lastDate":"2014-01-19T00:00:00"}
[operation] ask {"demand":"order 5","operation":"delivery end item","quantity":10,"end":"2013-01-11T00:00:00"}
[buffer] ask {"demand":null,"buffer":"end item","requested":10,"date":"2013-01-10T00:00:00","onhand":10}
[demand] reply {"demand":"order 5","attempt":1453,"result":false,"quantity":0,"date":"2013-01-12T00:00:00"}
[demand] attempt {"demand":"order 5","attempt":1454,"quantity":10,"requestDate":"2013-01-12T00:00:00","lastDate":"2014-01-19T00:00:00"}
[operation] ask {"demand":"order 5","operation":"delivery end item","quantity":10,"end":"2013-01-12T00:00:00"}
[buffer] ask {"demand":null,"buffer":"end item","requested":10,"date":"2013-01-11T00:00:00","onhand":10}
[demand] reply {"demand":"order 5","attempt":1454,"result":false,"quantity":0,"date":"2013-01-13T00:00:00"}
[demand] attempt {"demand":"order 5","attempt":1455,"quantity":10,"requestDate":"2013-01-13T00:00:00","lastDate":"2014-01-19T00:00:00"}
[operation] ask {"demand":"order 5","operation":"delivery end item","quantity":10,"end":"2013-01-13T00:00:00"}
[buffer] ask {"demand":null,"buffer":"end item","requested":10,"date":"2013-01-12T00:00:00","onhand":10}
[demand] reply {"demand":"order 5","attempt":1455,"result":false,"quantity":0,"date":"2013-01-14T00:00:00"}
[demand] attempt {"demand":"order 5","attempt":1456,"quantity":10,"requestDate":"2013-01-14T00:00:00","lastDate":"2014-01-19T00:00:00"}
[operation] ask {"demand":"order 5","operation":"delivery end item","quantity":10,"end":"2013-01-14T00:00:00"}
[buffer] ask {"demand":null,"buffer":"end item","requested":10,"date":"2013-01-13T00:00:00","onhand":10}
[demand] reply {"demand":"order 5","attempt":1456,"result":false,"quantity":0,"date":"2013-01-15T00:00:00"}
[demand] attempt {"demand":"order 5","attempt":1457,"quantity":10,"requestDate":"2013-01-15T00:00:00","lastDate":"2014-01-19T00:00:00"}
[operation] ask {"demand":"order 5","operation":"delivery end item","quantity":10,"end":"2013-01-15T00:00:00"}
[buffer] ask {"demand":null,"buffer":"end item","requested":10,"date":"2013-01-14T00:00:00","onhand":10}
[demand] reply {"demand":"order 5","attempt":1457,"result":false,"quantity":0,"date":"2013-01-16T00:00:00"}
[demand] attempt {"demand":"order 5","attempt":1458,"quantity":10,"requestDate":"2013-01-16T00:00:00","lastDate":"2014-01-19T00:00:00"}
[operation] ask {"demand":"order 5","operation":"delivery end item","quantity":10,"end":"2013-01-16T00:00:00"}
[buffer] ask {"demand":null,"buffer":"end item","requested":10,"date":"2013-01-15T00:00:00","onhand":10}
[demand] reply {"demand":"order 5","attempt":1458,"result":false,"quantity":0,"date":"2013-01-17T00:00:00"}
[demand] attempt {"demand":"order 5","attempt":1459,"quantity":10,"requestDate":"2013-01-17T00:00:00","lastDate":"2014-01-19T00:00:00"}
[operation] ask {"demand":"order 5","operation":"delivery end item","quantity":10,"end":"2013-01-17T00:00:00"}
[buffer] ask {"demand":null,"buffer":"end item","requested":10,"date":"2013-01-16T00:00:00","onhand":10}
[demand] reply {"demand":"order 5","attempt":1459,"result":false,"quantity":0,"date":"2013-01-18T00:00:00"}
[demand] attempt {"demand":"order 5","attempt":1460,"quantity":10,"requestDate":"2013-01-18T00:00:00","lastDate":"2014-01-19T00:00:00"}
[operation] ask {"demand":"order 5","operation":"delivery end item","quantity":10,"end":"2013-01-18T00:00:00"}
[buffer] ask {"demand":null,"buffer":"end item","requested":10,"date":"2013-01-17T00:00:00","onhand":10}
[demand] reply {"demand":"order 5","attempt":1460,"result":false,"quantity":0,"date":"2013-01-19T00:00:00"}
[demand] attempt {"demand":"order 5","attempt":1461,"quantity":10,"requestDate":"2013-01-19T00:00:00","lastDate":"2014-01-19T00:00:00"}
[operation] ask {"demand":"order 5","operation":"delivery end item","quantity":10,"end":"2013-01-19T00:00:00"}
[buffer] ask {"demand":null,"buffer":"end item","requested":10,"date":"2013-01-18T00:00:00","onhand":10}
[demand] reply {"demand":"order 5","attempt":1461,"result":false,"quantity":0,"date":"2013-01-20T00:00:00"}
[demand] attempt {"demand":"order 5","attempt":1462,"quantity":10,"requestDate":"2013-01-20T00:00:00","lastDate":"2014-01-19T00:00:00"}
[operation] ask {"demand":"order 5","operation":"delivery end item","quantity":10,"end":"2013-01-20T00:00:00"}
[buffer] ask {"demand":null,"buffer":"end item","requested":10,"date":"2013-01-19T00:00:00","onhand":10}
[demand] reply {"demand":"order 5","attempt":1462,"result":false,"quantity":0,"date":"2013-01-21T00:00:00"}
[demand] attempt {"demand":"order 5","attempt":1463,"quantity":10,"requestDate":"2013-01-21T00:00:00","lastDate":"2014-01-19T00:00:00"}
[operation] ask {"demand":"order 5","operation":"delivery end item","quantity":10,"end":"2013-01-21T00:00:00"}
[buffer] ask {"demand":null,"buffer":"end item","requested":10,"date":"2013-01-20T00:00:00","onhand":10}
[demand] reply {"demand":"order 5","attempt":1463,"result":false,"quantity":0,"date":"2013-01-22T00:00:00"}
[demand] attempt {"demand":"order 5","attempt":1464,"quantity":10,"requestDate":"2013-01-22T00:00:00","lastDate":"2014-01-19T00:00:00"}
[operation] ask {"demand":"order 5","operation":"delivery end item","quantity":10,"end":"2013-01-22T00:00:00"}
[buffer] ask {"demand":null,"buffer":"end item","requested":10,"date":"2013-01-21T00:00:00","onhand":10}
[demand] reply {"demand":"order 5","attempt":1464,"result":false,"quantity":0,"date":"2013-01-23T00:00:00"}
[demand] attempt {"demand":"order 5","attempt":1465,"quantity":10,"requestDate":"2013-01-23T00:00:00","lastDate":"2014-01-19T00:00:00"}
[operation] ask {"demand":"order 5","operation":"delivery end item","quantity":10,"end":"2013-01-23T00:00:00"}
[buffer] ask {"demand":null,"buffer":"end item","requested":10,"date":"2013-01-22T00:00:00","onhand":10}
[demand] reply {"demand":"order 5","attempt":1465,"result":false,"quantity":0,"date":"2013-01-24T00:00:00"}
[demand] attempt {"demand":"order 5","attempt":1466,"quantity":10,"requestDate":"2013-01-24T00:00:00","lastDate":"2014-01-19T00:00:00"}
[operation] ask {"demand":"order 5","operation":"delivery end item","quantity":10,"end":"2013-01-24T00:00:00"}
[buffer] ask {"demand":null,"buffer":"end item","requested":10,"date":"2013-01-23T00:00:00","onhand":10}
[demand] reply {"demand":"order 5","attempt":1466,"result":false,"quantity":0,"date":"2013-01-25T00:00:00"}
[demand] attempt {"demand":"order 5","attempt":1467,"quantity":10,"requestDate":"2013-01-25T00:00:00","lastDate":"2014-01-19T00:00:00"}
[operation] ask {"demand":"order 5","operation":"delivery end item","quantity":10,"end":"2013-01-25T00:00:00"}
[buffer] ask {"demand":null,"buffer":"end item","requested":10,"date":"2013-01-24T00:00:00","onhand":10}
[demand] reply {"demand":"order 5","attempt":1467,"result":false,"quantity":0,"date":"2013-01-26T00:00:00"}
[demand] attempt {"demand":"order 5","attempt":1468,"quantity":10,"requestDate":"2013-01-26T00:00:00","lastDate":"2014-01-19T00:00:00"}
[operation] ask {"demand":"order 5","operation":"delivery end item","quantity":10,"end":"2013-01-26T00:00:00"}
[buffer] ask {"demand":null,"buffer":"end item","requested":10,"date":"2013-01-25T00:00:00","onhand":10}
[demand] reply {"demand":"order 5","attempt":1468,"result":false,"quantity":0,"date":"2013-01-27T00:00:00"}
[demand] attempt {"demand":"order 5","attempt":1469,"quantity":10,"requestDate":"2013-01-27T00:00:00","lastDate":"2014-01-19T00:00:00"}
[operation] ask {"demand":"order 5","operation":"delivery end item","quantity":10,"end":"2013-01-27T00:00:00"}
[buffer] ask {"demand":null,"buffer":"end item","requested":10,"date":"2013-01-26T00:00:00","onhand":10}
[demand] reply {"demand":"order 5","attempt":1469,"result":false,"quantity":0,"date":"2013-01-28T00:00:00"}
[demand] attempt {"demand":"order 5","attempt":1470,"quantity":10,"requestDate":"2013-01-28T00:00:00","lastDate":"2014-01-19T00:00:00"}
[operation] ask {"demand":"order 5","operation":"delivery end item","quantity":10,"end":"2013-01-28T00:00:00"}
[buffer] ask {"demand":null,"buffer":"end item","requested":10,"date":"2013-01-27T00:00:00","onhand":10}
[demand] reply {"demand":"order 5","attempt":1470,"result":false,"quantity":0,"date":"2013-01-29T00:00:00"}
[demand] attempt {"demand":"order 5","attempt":1471,"quantity":10,"requestDate":"2013-01-29T00:00:00","lastDate":"2014-01-19T00:00:00"}
[operation] ask {"demand":"order 5","operation":"delivery end item","quantity":10,"end":"2013-01-29T00:00:00"}
[buffer] ask {"demand":null,"buffer":"end item","requested":10,"date":"2013-01-28T00:00:00","onhand":10}
[demand] reply {"demand":"order 5","attempt":1471,"result":false,"quantity":0,"date":"2013-01-30T00:00:00"}
[demand] attempt {"demand":"order 5","attempt":1472,"quantity":10,"requestDate":"2013-01-30T00:00:00","lastDate":"2014-01-19T00:00:00"}
[operation] ask {"demand":"order 5","operation":"delivery end item","quantity":10,"end":"2013-01-30T00:00:00"}
[buffer] ask {"demand":null,"buffer":"end item","requested":10,"date":"2013-01-29T00:00:00","onhand":10}
[demand] reply {"demand":"order 5","attempt":1472,"result":false,"quantity":0,"date":"2013-01-31T00:00:00"}
[demand] attempt {"demand":"order 5","attempt":1473,"quantity":10,"requestDate":"2013-01-31T00:00:00","lastDate":"2014-01-19T00:00:00"}
[operation] ask {"demand":"order 5","operation":"delivery end item","quantity":10,"end":"2013-01-31T00:00:00"}
[buffer] ask {"demand":null,"buffer":"end item","requested":10,"date":"2013-01-30T00:00:00","onhand":10}
[demand] reply {"demand":"order 5","attempt":1473,"result":false,"quantity":0,"date":"2013-02-01T00:00:00"}
[demand] attempt {"demand":"order 5","attempt":1474,"quantity":10,"requestDate":"2013-02-01T00:00:00","lastDate":"2014-01-19T00:00:00"}
[operation] ask {"demand":"order 5","operation":"delivery end item","quantity":10,"end":"2013-02-01T00:00:00"}
[buffer] ask {"demand":null,"buffer":"end item","requested":10,"date":"2013-01-31T00:00:00","onhand":10}
[demand] reply {"demand":"order 5","attempt":1474,"result":false,"quantity":0,"date":"2013-02-02T00:00:00"}
[demand] attempt {"demand":"order 5","attempt":1475,"quantity":10,"requestDate":"2013-02-02T00:00:00","lastDate":"2014-01-19T00:00:00"}
[operation] ask {"demand":"order 5","operation":"delivery end item","quantity":10,"end":"2013-02-02T00:00:00"}
[buffer] ask {"demand":null,"buffer":"end item","requested":10,"date":"2013-02-01T00:00:00","onhand":10}
[demand] reply {"demand":"order 5","attempt":1475,"result":false,"quantity":0,"date":"2013-02-03T00:00:00"}
[demand] attempt {"demand":"order 5","attempt":1476,"quantity":10,"requestDate":"2013-02-03T00:00:00","lastDate":"2014-01-19T00:00:00"}
[operation] ask {"demand":"order 5","operation":"delivery end item","quantity":10,"end":"2013-02-03T00:00:00"}
[buffer] ask {"demand":null,"buffer":"end item","requested":10,"date":"2013-02-02T00:00:00","onhand":10}
[demand] reply {"demand":"order 5","attempt":1476,"result":false,"quantity":0,"date":"2013-02-04T00:00:00"}
[demand] attempt {"demand":"order 5","attempt":1477,"quantity":10,"requestDate":"2013-02-04T00:00:00","lastDate":"2014-01-19T00:00:00"}
[operation] ask {"demand":"order 5","operation":"delivery end item","quantity":10,"end":"2013-02-04T00:00:00"}
[buffer] ask {"demand":null,"buffer":"end item","requested":10,"date":"2013-02-03T00:00:00","onhand":10}
[demand] reply {"demand":"order 5","attempt":1477,"result":false,"quantity":0,"date":"2013-02-05T00:00:00"}
[demand] attempt {"demand":"order 5","attempt":1478,"quantity":10,"requestDate":"2013-02-05T00:00:00","lastDate":"2014-01-19T00:00:00"}
[operation] ask {"demand":"order 5","operation":"delivery end item","quantity":10,"end":"2013-02-05T00:00:00"}
[buffer] ask {"demand":null,"buffer":"end item","requested":10,"date":"2013-02-04T00:00:00","onhand":10}
[demand] reply {"demand":"order 5","attempt":1478,"result":false,"quantity":0,"date":"2013-02-06T00:00:00"}
[demand] attempt {"demand":"order 5","attempt":1479,"quantity":10,"requestDate":"2013-02-06T00:00:00","lastDate":"2014-01-19T00:00:00"}
[operation] ask {"demand":"order 5","operation":"delivery end item","quantity":10,"end":"2013-02-06T00:00:00"}
[buffer] ask {"demand":null,"buffer":"end item","requested":10,"date":"2013-02-05T00:00:00","onhand":10}
[demand] reply {"demand":"order 5","attempt":1479,"result":false,"quantity":0,"date":"2013-02-07T00:00:00"}
[demand] attempt {"demand":"order 5","attempt":1480,"quantity":10,"requestDate":"2013-02-07T00:00:00","lastDate":"2014-01-19T00:00:00"}
[operation] ask {"demand":"order 5","operation":"delivery end item","quantity":10,"end":"2013-02-07T00:00:00"}
[buffer] ask {"demand":null,"buffer":"end item","requested":10,"date":"2013-02-06T00:00:00","onhand":10}
[demand] reply {"demand":"order 5","attempt":1480,"result":false,"quantity":0,"date":"2013-02-08T00:00:00"}
[demand] attempt {"demand":"order 5","attempt":1481,"quantity":10,"requestDate":"2013-02-08T00:00:00","lastDate":"2014-01-19T00:00:00"}
[operation] ask {"demand":"order 5","operation":"delivery end item","quantity":10,"end":"2013-02-08T00:00:00"}
[buffer] ask {"demand":null,"buffer":"end item","requested":10,"date":"2013-02-07T00:00:00","onhand":10}
[demand] reply {"demand":"order 5","attempt":1481,"result":false,"quantity":0,"date":"2013-02-09T00:00:00"}
[demand] attempt {"demand":"order 5","attempt":1482,"quantity":10,"requestDate":"2013-02-09T00:00:00","lastDate":"2014-01-19T00:00:00"}
[operation] ask {"demand":"order 5","operation":"delivery end item","quantity":10,"end":"2013-02-09T00:00:00"}
[buffer] ask {"demand":null,"buffer":"end item","requested":10,"date":"2013-02-08T00:00:00","onhand":10}
[demand] reply {"demand":"order 5","attempt":1482,"result":false,"quantity":0,"date":"2013-02-10T00:00:00"}
[demand] attempt {"demand":"order 5","attempt":1483,"quantity":10,"requestDate":"2013-02-10T00:00:00","lastDate":"2014-01-19T00:00:00"}
[operation] ask {"demand":"order 5","operation":"delivery end item","quantity":10,"end":"2013-02-10T00:00:00"}
[buffer] ask {"demand":null,"buffer":"end item","requested":10,"date":"2013-02-09T00:00:00","onhand":10}
[demand] reply {"demand":"order 5","attempt":1483,"result":false,"quantity":0,"date":"2013-02-11T00:00:00"}
[demand] attempt {"demand":"order 5","attempt":1484,"quantity":10,"requestDate":"2013-02-11T00:00:00","lastDate":"2014-01-19T00:00:00"}
[operation] ask {"demand":"order 5","operation":"delivery end item","quantity":10,"end":"2013-02-11T00:00:00"}
[buffer] ask {"demand":null,"buffer":"end item","requested":10,"date":"2013-02-10T00:00:00","onhand":10}
[demand] reply {"demand":"order 5","attempt":1484,"result":false,"quantity":0,"date":"2013-02-12T00:00:00"}
[demand] attempt {"demand":"order 5","attempt":1485,"quantity":10,"requestDate":"2013-02-12T00:00:00","lastDate":"2014-01-19T00:00:00"}
[operation] ask {"demand":"order 5","operation":"delivery end item","quantity":10,"end":"2013-02-12T00:00:00"}
[buffer] ask {"demand":null,"buffer":"end item","requested":10,"date":"2013-02-11T00:00:00","onhand":10}
[demand] reply {"demand":"order 5","attempt":1485,"result":false,"quantity":0,"date":"2013-02-13T00:00:00"}
[demand] attempt {"demand":"order 5","attempt":1486,"quantity":10,"requestDate":"2013-02-13T00:00:00","lastDate":"2014-01-19T00:00:00"}
[operation] ask {"demand":"order 5","operation":"delivery end item","quantity":10,"end":"2013-02-13T00:00:00"}
[buffer] ask {"demand":null,"buffer":"end item","requested":10,"date":"2013-02-12T00:00:00","onhand":10}
[demand] reply {"demand":"order 5","attempt":1486,"result":false,"quantity":0,"date":"2013-02-14T00:00:00"}
[demand] attempt {"demand":"order 5","attempt":1487,"quantity":10,"requestDate":"2013-02-14T00:00:00","lastDate":"2014-01-19T00:00:00"}
[operation] ask {"demand":"order 5","operation":"delivery end item","quantity":10,"end":"2013-02-14T00:00:00"}
[buffer] ask {"demand":null,"buffer":"end item","requested":10,"date":"2013-02-13T00:00:00","onhand":10}
[demand] reply {"demand":"order 5","attempt":1487,"result":false,"quantity":0,"date":"2013-02-15T00:00:00"}
[demand] attempt {"demand":"order 5","attempt":1488,"quantity":10,"requestDate":"2013-02-15T00:00:00","lastDate":"2014-01-19T00:00:00"}
[operation] ask {"demand":"order 5","operation":"delivery end item","quantity":10,"end":"2013-02-15T00:00:00"}
[buffer] ask {"demand":null,"buffer":"end item","requested":10,"date":"2013-02-14T00:00:00","onhand":10}
[demand] reply {"demand":"order 5","attempt":1488,"result":false,"quantity":0,"date":"2013-02-16T00:00:00"}
[demand] attempt {"demand":"order 5","attempt":1489,"quantity":10,"requestDate":"2013-02-16T00:00:00","lastDate":"2014-01-19T00:00:00"}
[operation] ask {"demand":"order 5","operation":"delivery end item","quantity":10,"end":"2013-02-16T00:00:00"}
[buffer] ask {"demand":null,"buffer":"end item","requested":10,"date":"2013-02-15T00:00:00","onhand":10}
[demand] reply {"demand":"order 5","attempt":1489,"result":false,"quantity":0,"date":"2013-02-17T00:00:00"}
[demand] attempt {"demand":"order 5","attempt":1490,"quantity":10,"requestDate":"2013-02-17T00:00:00","lastDate":"2014-01-19T00:00:00"}
[operation] ask {"demand":"order 5","operation":"delivery end item","quantity":10,"end":"2013-02-17T00:00:00"}
[buffer] ask {"demand":null,"buffer":"end item","requested":10,"date":"2013-02-16T00:00:00","onhand":10}
[demand] reply {"demand":"order 5","attempt":1490,"result":false,"quantity":0,"date":"2013-02-18T00:00:00"}
[demand] attempt {"demand":"order 5","attempt":1491,"quantity":10,"requestDate":"2013-02-18T00:00:00","lastDate":"2014-01-19T00:00:00"}
[operation] ask {"demand":"order 5","operation":"delivery end item","quantity":10,"end":"2013-02-18T00:00:00"}
[buffer] ask {"demand":null,"buffer":"end item","requested":10,"date":"2013-02-17T00:00:00","onhand":10}
[demand] reply {"demand":"order 5","attempt":1491,"result":false,"quantity":0,"date":"2013-02-19T00:00:00"}
[demand] attempt {"demand":"order 5","attempt":1492,"quantity":10,"requestDate":"2013-02-19T00:00:00","lastDate":"2014-01-19T00:00:00"}
[operation] ask {"demand":"order 5","operation":"delivery end item","quantity":10,"end":"2013-02-19T00:00:00"}
[buffer] ask {"demand":null,"buffer":"end item","requested":10,"date":"2013-02-18T00:00:00","onhand":10}
[demand] reply {"demand":"order 5","attempt":1492,"result":false,"quantity":0,"date":"2013-02-20T00:00:00"}
[demand] attempt {"demand":"order 5","attempt":1493,"quantity":10,"requestDate":"2013-02-20T00:00:00","lastDate":"2014-01-19T00:00:00"}
[operation] ask {"demand":"order 5","operation":"delivery end item","quantity":10,"end":"2013-02-20T00:00:00"}
[buffer] ask {"demand":null,"buffer":"end item","requested":10,"date":"2013-02-19T00:00:00","onhand":10}
[demand] reply {"demand":"order 5","attempt":1493,"result":false,"quantity":0,"date":"2013-02-21T00:00:00"}
[demand] attempt {"demand":"order 5","attempt":1494,"quantity":10,"requestDate":"2013-02-21T00:00:00","lastDate":"2014-01-19T00:00:00"}
[operation] ask {"demand":"order 5","operation":"delivery end item","quantity":10,"end":"2013-02-21T00:00:00"}
[buffer] ask {"demand":null,"buffer":"end item","requested":10,"date":"2013-02-20T00:00:00","onhand":10}
[demand] reply {"demand":"order 5","attempt":1494,"result":false,"quantity":0,"date":"2013-02-22T00:00:00"}
[demand] attempt {"demand":"order 5","attempt":1495,"quantity":10,"requestDate":"2013-02-22T00:00:00","lastDate":"2014-01-19T00:00:00"}
[operation] ask {"demand":"order 5","operation":"delivery end item","quantity":10,"end":"2013-02-22T00:00:00"}
[buffer] ask {"demand":null,"buffer":"end item","requested":10,"date":"2013-02-21T00:00:00","onhand":10}
[demand] reply {"demand":"order 5","attempt":1495,"result":false,"quantity":0,"date":"2013-02-23T00:00:00"}
[demand] attempt {"demand":"order 5","attempt":1496,"quantity":10,"requestDate":"2013-02-23T00:00:00","lastDate":"2014-01-19T00:00:00"}
[operation] ask {"demand":"order 5","operation":"delivery end item","quantity":10,"end":"2013-02-23T00:00:00"}
[buffer] ask {"demand":null,"buffer":"end item","requested":10,"date":"2013-02-22T00:00:00","onhand":10}
[demand] reply {"demand":"order 5","attempt":1496,"result":false,"quantity":0,"date":"2013-02-24T00:00:00"}
[demand] attempt {"demand":"order 5","attempt":1497,"quantity":10,"requestDate":"2013-02-24T00:00:00","lastDate":"2014-01-19T00:00:00"}
[operation] ask {"demand":"order 5","operation":"delivery end item","quantity":10,"end":"2013-02-24T00:00:00"}
[buffer] ask {"demand":null,"buffer":"end item","requested":10,"date":"2013-02-23T00:00:00","onhand":10}
[demand] reply {"demand":"order 5","attempt":1497,"result":false,"quantity":0,"date":"2013-02-25T00:00:00"}
[demand] attempt {"demand":"order 5","attempt":1498,"quantity":10,"requestDate":"2013-02-25T00:00:00","lastDate":"2014-01-19T00:00:00"}
[operation] ask {"demand":"order 5","operation":"delivery end item","quantity":10,"end":"2013-02-25T00:00:00"}
[buffer] ask {"demand":null,"buffer":"end item","requested":10,"date":"2013-02-24T00:00:00","onhand":10}
[demand] reply {"demand":"order 5","attempt":1498,"result":false,"quantity":0,"date":"2013-02-26T00:00:00"}
[demand] attempt {"demand":"order 5","attempt":1499,"quantity":10,"requestDate":"2013-02-26T00:00:00","lastDate":"2014-01-19T00:00:00"}
[operation] ask {"demand":"order 5","operation":"delivery end item","quantity":10,"end":"2013-02-26T00:00:00"}
[buffer] ask {"demand":null,"buffer":"end item","requested":10,"date":"2013-02-25T00:00:00","onhand":10}
[demand] reply {"demand":"order 5","attempt":1499,"result":false,"quantity":0,"date":"2013-02-27T00:00:00"}
[demand] attempt {"demand":"order 5","attempt":1500,"quantity":10,"requestDate":"2013-02-27T00:00:00","lastDate":"2014-01-19T00:00:00"}
[operation] ask {"demand":"order 5","operation":"delivery end item","quantity":10,"end":"2013-02-27T00:00:00"}
[buffer] ask {"demand":null,"buffer":"end item","requested":10,"date":"2013-02-26T00:00:00","onhand":10}
[demand] reply {"demand":"order 5","attempt":1500,"result":false,"quantity":0,"date":"2013-02-28T00:00:00"}
[demand] attempt {"demand":"order 5","attempt":1501,"quantity":10,"requestDate":"2013-02-28T00:00:00","lastDate":"2014-01-19T00:00:00"}
[operation] ask {"demand":"order 5","operation":"delivery end item","quantity":10,"end":"2013-02-28T00:00:00"}
[buffer] ask {"demand":null,"buffer":"end item","requested":10,"date":"2013-02-27T00:00:00","onhand":10}
[demand] reply {"demand":"order 5","attempt":1501,"result":false,"quantity":0,"date":"2013-03-01T00:00:00"}
[demand] attempt {"demand":"order 5","attempt":1502,"quantity":10,"requestDate":"2013-03-01T00:00:00","lastDate":"2014-01-19T00:00:00"}
[operation] ask {"demand":"order 5","operation":"delivery end item","quantity":10,"end":"2013-03-01T00:00:00"}
[buffer] ask {"demand":null,"buffer":"end item","requested":10,"date":"2013-02-28T00:00:00","onhand":10}
[demand] reply {"demand":"order 5","attempt":1502,"result":false,"quantity":0,"date":"2013-03-02T00:00:00"}
[demand] attempt {"demand":"order 5","attempt":1503,"quantity":10,"requestDate":"2013-03-02T00:00:00","lastDate":"2014-01-19T00:00:00"}
[operation] ask {"demand":"order 5","operation":"delivery end item","quantity":10,"end":"2013-03-02T00:00:00"}
[buffer] ask {"demand":null,"buffer":"end item","requested":10,"date":"2013-03-01T00:00:00","onhand":10}
[demand] reply {"demand":"order 5","attempt":1503,"result":false,"quantity":0,"date":"2013-03-03T00:00:00"}
[demand] attempt {"demand":"order 5","attempt":1504,"quantity":10,"requestDate":"2013-03-03T00:00:00","lastDate":"2014-01-19T00:00:00"}
[operation] ask {"demand":"order 5","operation":"delivery end item","quantity":10,"end":"2013-03-03T00:00:00"}
[buffer] ask {"demand":null,"buffer":"end item","requested":10,"date":"2013-03-02T00:00:00","onhand":10}
[demand] reply {"demand":"order 5","attempt":1504,"result":false,"quantity":0,"date":"2013-03-04T00:00:00"}
[demand] attempt {"demand":"order 5","attempt":1505,"quantity":10,"requestDate":"2013-03-04T00:00:00","lastDate":"2014-01-19T00:00:00"}
[operation] ask {"demand":"order 5","operation":"delivery end item","quantity":10,"end":"2013-03-04T00:00:00"}
[buffer] ask {"demand":null,"buffer":"end item","requested":10,"date":"2013-03-03T00:00:00","onhand":10}
[demand] reply {"demand":"order 5","attempt":1505,"result":false,"quantity":0,"date":"2013-03-05T00:00:00"}
[demand] attempt {"demand":"order 5","attempt":1506,"quantity":10,"requestDate":"2013-03-05T00:00:00","lastDate":"2014-01-19T00:00:00"}
[operation] ask {"demand":"order 5","operation":"delivery end item","quantity":10,"end":"2013-03-05T00:00:00"}
[buffer] ask {"demand":null,"buffer":"end item","requested":10,"date":"2013-03-04T00:00:00","onhand":10}
[demand] reply {"demand":"order 5","attempt":1506,"result":false,"quantity":0,"date":"2013-03-06T00:00:00"}
[demand] attempt {"demand":"order 5","attempt":1507,"quantity":10,"requestDate":"2013-03-06T00:00:00","lastDate":"2014-01-19T00:00:00"}
[operation] ask {"demand":"order 5","operation":"delivery end item","quantity":10,"end":"2013-03-06T00:00:00"}
[buffer] ask {"demand":null,"buffer":"end item","requested":10,"date":"2013-03-05T00:00:00","onhand":10}
[demand] reply {"demand":"order 5","attempt":1507,"result":false,"quantity":0,"date":"2013-03-07T00:00:00"}
[demand] attempt {"demand":"order 5","attempt":1508,"quantity":10,"requestDate":"2013-03-07T00:00:00","lastDate":"2014-01-19T00:00:00"}
[operation] ask {"demand":"order 5","operation":"delivery end item","quantity":10,"end":"2013-03-07T00:00:00"}
[buffer] ask {"demand":null,"buffer":"end item","requested":10,"date":"2013-03-06T00:00:00","onhand":10}
[demand] reply {"demand":"order 5","attempt":1508,"result":false,"quantity":0,"date":"2013-03-08T00:00:00"}
[demand] attempt {"demand":"order 5","attempt":1509,"quantity":10,"requestDate":"2013-03-08T00:00:00","lastDate":"2014-01-19T00:00:00"}
[operation] ask {"demand":"order 5","operation":"delivery end item","quantity":10,"end":"2013-03-08T00:00:00"}
[buffer] ask {"demand":null,"buffer":"end item","requested":10,"date":"2013-03-07T00:00:00","onhand":10}
[demand] reply {"demand":"order 5","attempt":1509,"result":false,"quantity":0,"date":"2013-03-09T00:00:00"}
[demand] attempt {"demand":"order 5","attempt":1510,"quantity":10,"requestDate":"2013-03-09T00:00:00","lastDate":"2014-01-19T00:00:00"}
[operation] ask {"demand":"order 5","operation":"delivery end item","quantity":10,"end":"2013-03-09T00:00:00"}
[buffer] ask {"demand":null,"buffer":"end item","requested":10,"date":"2013-03-08T00:00:00","onhand":10}
[demand] reply {"demand":"order 5","attempt":1510,"result":false,"quantity":0,"date":"2013-03-10T00:00:00"}
[demand] attempt {"demand":"order 5","attempt":1511,"quantity":10,"requestDate":"2013-03-10T00:00:00","lastDate":"2014-01-19T00:00:00"}
[operation] ask {"demand":"order 5","operation":"delivery end item","quantity":10,"end":"2013-03-10T00:00:00"}
[buffer] ask {"demand":null,"buffer":"end item","requested":10,"date":"2013-03-09T00:00:00","onhand":10}
[demand] reply {"demand":"order 5","attempt":1511,"result":false,"quantity":0,"date":"2013-03-11T00:00:00"}
[demand] attempt {"demand":"order 5","attempt":1512,"quantity":10,"requestDate":"2013-03-11T00:00:00","lastDate":"2014-01-19T00:00:00"}
[operation] ask {"demand":"order 5","operation":"delivery end item","quantity":10,"end":"2013-03-11T00:00:00"}
[buffer] ask {"demand":null,"buffer":"end item","requested":10,"date":"2013-03-10T00:00:00","onhand":10}
[demand] reply {"demand":"order 5","attempt":1512,"result":false,"quantity":0,"date":"2013-03-12T00:00:00"}
[demand] attempt {"demand":"order 5","attempt":1513,"quantity":10,"requestDate":"2013-03-12T00:00:00","lastDate":"2014-01-19T00:00:00"}
[operation] ask {"demand":"order 5","operation":"delivery end item","quantity":10,"end":"2013-03-12T00:00:00"}
[buffer] ask {"demand":null,"buffer":"end item","requested":10,"date":"2013-03-11T00:00:00","onhand":10}
[demand] reply {"demand":"order 5","attempt":1513,"result":false,"quantity":0,"date":"2013-03-13T00:00:00"}
[demand] attempt {"demand":"order 5","attempt":1514,"quantity":10,"requestDate":"2013-03-13T00:00:00","lastDate":"2014-01-19T00:00:00"}
[operation] ask {"demand":"order 5","operation":"delivery end item","quantity":10,"end":"2013-03-13T00:00:00"}
[buffer] ask {"demand":null,"buffer":"end item","requested":10,"date":"2013-03-12T00:00:00","onhand":10}
[demand] reply {"demand":"order 5","attempt":1514,"result":false,"quantity":0,"date":"2013-03-14T00:00:00"}
[demand] attempt {"demand":"order 5","attempt":1515,"quantity":10,"requestDate":"2013-03-14T00:00:00","lastDate":"2014-01-19T00:00:00"}
[operation] ask {"demand":"order 5","operation":"delivery end item","quantity":10,"end":"2013-03-14T00:00:00"}
[buffer] ask {"demand":null,"buffer":"end item","requested":10,"date":"2013-03-13T00:00:00","onhand":10}
[demand] reply {"demand":"order 5","attempt":1515,"result":false,"quantity":0,"date":"2013-03-15T00:00:00"}
[demand] attempt {"demand":"order 5","attempt":1516,"quantity":10,"requestDate":"2013-03-15T00:00:00","lastDate":"2014-01-19T00:00:00"}
[operation] ask {"demand":"order 5","operation":"delivery end item","quantity":10,"end":"2013-03-15T00:00:00"}
[buffer] ask {"demand":null,"buffer":"end item","requested":10,"date":"2013-03-14T00:00:00","onhand":10}
[demand] reply {"demand":"order 5","attempt":1516,"result":false,"quantity":0,"date":"2013-03-16T00:00:00"}
[demand] attempt {"demand":"order 5","attempt":1517,"quantity":10,"requestDate":"2013-03-16T00:00:00","lastDate":"2014-01-19T00:00:00"}
[operation] ask {"demand":"order 5","operation":"delivery end item","quantity":10,"end":"2013-03-16T00:00:00"}
[buffer] ask {"demand":null,"buffer":"end item","requested":10,"date":"2013-03-15T00:00:00","onhand":10}
[demand] reply {"demand":"order 5","attempt":1517,"result":false,"quantity":0,"date":"2013-03-17T00:00:00"}
[demand] attempt {"demand":"order 5","attempt":1518,"quantity":10,"requestDate":"2013-03-17T00:00:00","lastDate":"2014-01-19T00:00:00"}
[operation] ask {"demand":"order 5","operation":"delivery end item","quantity":10,"end":"2013-03-17T00:00:00"}
[buffer] ask {"demand":null,"buffer":"end item","requested":10,"date":"2013-03-16T00:00:00","onhand":10}
[demand] reply {"demand":"order 5","attempt":1518,"result":false,"quantity":0,"date":"2013-03-18T00:00:00"}
[demand] attempt {"demand":"order 5","attempt":1519,"quantity":10,"requestDate":"2013-03-18T00:00:00","lastDate":"2014-01-19T00:00:00"}
[operation] ask {"demand":"order 5","operation":"delivery end item","quantity":10,"end":"2013-03-18T00:00:00"}
[buffer] ask {"demand":null,"buffer":"end item","requested":10,"date":"2013-03-17T00:00:00","onhand":10}
[demand] reply {"demand":"order 5","attempt":1519,"result":false,"quantity":0,"date":"2013-03-19T00:00:00"}
[demand] attempt {"demand":"order 5","attempt":1520,"quantity":10,"requestDate":"2013-03-19T00:00:00","lastDate":"2014-01-19T00:00:00"}
[operation] ask {"demand":"order 5","operation":"delivery end item","quantity":10,"end":"2013-03-19T00:00:00"}
[buffer] ask {"demand":null,"buffer":"end item","requested":10,"date":"2013-03-18T00:00:00","onhand":10}
[demand] reply {"demand":"order 5","attempt":1520,"result":false,"quantity":0,"date":"2013-03-20T00:00:00"}
[demand] attempt {"demand":"order 5","attempt":1521,"quantity":10,"requestDate":"2013-03-20T00:00:00","lastDate":"2014-01-19T00:00:00"}
[operation] ask {"demand":"order 5","operation":"delivery end item","quantity":10,"end":"2013-03-20T00:00:00"}
[buffer] ask {"demand":null,"buffer":"end item","requested":10,"date":"2013-03-19T00:00:00","onhand":10}
[demand] reply {"demand":"order 5","attempt":1521,"result":false,"quantity":0,"date":"2013-03-21T00:00:00"}
[demand] attempt {"demand":"order 5","attempt":1522,"quantity":10,"requestDate":"2013-03-21T00:00:00","lastDate":"2014-01-19T00:00:00"}
[operation] ask {"demand":"order 5","operation":"delivery end item","quantity":10,"end":"2013-03-21T00:00:00"}
[buffer] ask {"demand":null,"buffer":"end item","requested":10,"date":"2013-03-20T00:00:00","onhand":10}
[demand] reply {"demand":"order 5","attempt":1522,"result":false,"quantity":0,"date":"2013-03-22T00:00:00"}
[demand] attempt {"demand":"order 5","attempt":1523,"quantity":10,"requestDate":"2013-03-22T00:00:00","lastDate":"2014-01-19T00:00:00"}
[operation] ask {"demand":"order 5","operation":"delivery end item","quantity":10,"end":"2013-03-22T00:00:00"}
[buffer] ask {"demand":null,"buffer":"end item","requested":10,"date":"2013-03-21T00:00:00","onhand":10}
[demand] reply {"demand":"order 5","attempt":1523,"result":false,"quantity":0,"date":"2013-03-23T00:00:00"}
[demand] attempt {"demand":"order 5","attempt":1524,"quantity":10,"requestDate":"2013-03-23T00:00:00","lastDate":"2014-01-19T00:00:00"}
[operation] ask {"demand":"order 5","operation":"delivery end item","quantity":10,"end":"2013-03-23T00:00:00"}
[buffer] ask {"demand":null,"buffer":"end item","requested":10,"date":"2013-03-22T00:00:00","onhand":10}
[demand] reply {"demand":"order 5","attempt":1524,"result":false,"quantity":0,"date":"2013-03-24T00:00:00"}
[demand] attempt {"demand":"order 5","attempt":1525,"quantity":10,"requestDate":"2013-03-24T00:00:00","lastDate":"2014-01-19T00:00:00"}
[operation] ask {"demand":"order 5","operation":"delivery end item","quantity":10,"end":"2013-03-24T00:00:00"}
[buffer] ask {"demand":null,"buffer":"end item","requested":10,"date":"2013-03-23T00:00:00","onhand":10}
[demand] reply {"demand":"order 5","attempt":1525,"result":false,"quantity":0,"date":"2013-03-25T00:00:00"}
[demand] attempt {"demand":"order 5","attempt":1526,"quantity":10,"requestDate":"2013-03-25T00:00:00","lastDate":"2014-01-19T00:00:00"}
[operation] ask {"demand":"order 5","operation":"delivery end item","quantity":10,"end":"2013-03-25T00:00:00"}
[buffer] ask {"demand":null,"buffer":"end item","requested":10,"date":"2013-03-24T00:00:00","onhand":10}
[demand] reply {"demand":"order 5","attempt":1526,"result":false,"quantity":0,"date":"2013-03-26T00:00:00"}
[demand] attempt {"demand":"order 5","attempt":1527,"quantity":10,"requestDate":"2013-03-26T00:00:00","lastDate":"2014-01-19T00:00:00"}
[operation] ask {"demand":"order 5","operation":"delivery end item","quantity":10,"end":"2013-03-26T00:00:00"}
[buffer] ask {"demand":null,"buffer":"end item","requested":10,"date":"2013-03-25T00:00:00","onhand":10}
[demand] reply {"demand":"order 5","attempt":1527,"result":false,"quantity":0,"date":"2013-03-27T00:00:00"}
[demand] attempt {"demand":"order 5","attempt":1528,"quantity":10,"requestDate":"2013-03-27T00:00:00","lastDate":"2014-01-19T00:00:00"}
[operation] ask {"demand":"order 5","operation":"delivery end item","quantity":10,"end":"2013-03-27T00:00:00"}
[buffer] ask {"demand":null,"buffer":"end item","requested":10,"date":"2013-03-26T00:00:00","onhand":10}
[demand] reply {"demand":"order 5","attempt":1528,"result":false,"quantity":0,"date":"2013-03-28T00:00:00"}
[demand] attempt {"demand":"order 5","attempt":1529,"quantity":10,"requestDate":"2013-03-28T00:00:00","lastDate":"2014-01-19T00:00:00"}
[operation] ask {"demand":"order 5","operation":"delivery end item","quantity":10,"end":"2013-03-28T00:00:00"}
[buffer] ask {"demand":null,"buffer":"end item","requested":10,"date":"2013-03-27T00:00:00","onhand":10}
[demand] reply {"demand":"order 5","attempt":1529,"result":false,"quantity":0,"date":"2013-03-29T00:00:00"}
[demand] attempt {"demand":"order 5","attempt":1530,"quantity":10,"requestDate":"2013-03-29T00:00:00","lastDate":"2014-01-19T00:00:00"}
[operation] ask {"demand":"order 5","operation":"delivery end item","quantity":10,"end":"2013-03-29T00:00:00"}
[buffer] ask {"demand":null,"buffer":"end item","requested":10,"date":"2013-03-28T00:00:00","onhand":10}
[demand] reply {"demand":"order 5","attempt":1530,"result":false,"quantity":0,"date":"2013-03-30T00:00:00"}
[demand] attempt {"demand":"order 5","attempt":1531,"quantity":10,"requestDate":"2013-03-30T00:00:00","lastDate":"2014-01-19T00:00:00"}
[operation] ask {"demand":"order 5","operation":"delivery end item","quantity":10,"end":"2013-03-30T00:00:00"}
[buffer] ask {"demand":null,"buffer":"end item","requested":10,"date":"2013-03-29T00:00:00","onhand":10}
[demand] reply {"demand":"order 5","attempt":1531,"result":false,"quantity":0,"date":"2013-03-31T00:00:00"}
[demand] attempt {"demand":"order 5","attempt":1532,"quantity":10,"requestDate":"2013-03-31T00:00:00","lastDate":"2014-01-19T00:00:00"}
[operation] ask {"demand":"order 5","operation":"delivery end item","quantity":10,"end":"2013-03-31T00:00:00"}
[buffer] ask {"demand":null,"buffer":"end item","requested":10,"date":"2013-03-30T00:00:00","onhand":10}
[demand] reply {"demand":"order 5","attempt":1532,"result":false,"quantity":0,"date":"2013-04-01T00:00:00"}
[demand] attempt {"demand":"order 5","attempt":1533,"quantity":10,"requestDate":"2013-04-01T00:00:00","lastDate":"2014-01-19T00:00:00"}
[operation] ask {"demand":"order 5","operation":"delivery end item","quantity":10,"end":"2013-04-01T00:00:00"}
[buffer] ask {"demand":null,"buffer":"end item","requested":10,"date":"2013-03-31T00:00:00","onhand":10}
[demand] reply {"demand":"order 5","attempt":1533,"result":false,"quantity":0,"date":"2013-04-02T00:00:00"}
[demand] attempt {"demand":"order 5","attempt":1534,"quantity":10,"requestDate":"2013-04-02T00:00:00","lastDate":"2014-01-19T00:00:00"}
[operation] ask {"demand":"order 5","operation":"delivery end item","quantity":10,"end":"2013-04-02T00:00:00"}
[buffer] ask {"demand":null,"buffer":"end item","requested":10,"date":"2013-04-01T00:00:00","onhand":10}
[demand] reply {"demand":"order 5","attempt":1534,"result":false,"quantity":0,"date":"2013-04-03T00:00:00"}
[demand] attempt {"demand":"order 5","attempt":1535,"quantity":10,"requestDate":"2013-04-03T00:00:00","lastDate":"2014-01-19T00:00:00"}
[operation] ask {"demand":"order 5","operation":"delivery end item","quantity":10,"end":"2013-04-03T00:00:00"}
[buffer] ask {"demand":null,"buffer":"end item","requested":10,"date":"2013-04-02T00:00:00","onhand":10}
[demand] reply {"demand":"order 5","attempt":1535,"result":false,"quantity":0,"date":"2013-04-04T00:00:00"}
[demand] attempt {"demand":"order 5","attempt":1536,"quantity":10,"requestDate":"2013-04-04T00:00:00","lastDate":"2014-01-19T00:00:00"}
[operation] ask {"demand":"order 5","operation":"delivery end item","quantity":10,"end":"2013-04-04T00:00:00"}
[buffer] ask {"demand":null,"buffer":"end item","requested":10,"date":"2013-04-03T00:00:00","onhand":10}
[demand] reply {"demand":"order 5","attempt":1536,"result":false,"quantity":0,"date":"2013-04-05T00:00:00"}
[demand] attempt {"demand":"order 5","attempt":1537,"quantity":10,"requestDate":"2013-04-05T00:00:00","lastDate":"2014-01-19T00:00:00"}
[operation] ask {"demand":"order 5","operation":"delivery end item","quantity":10,"end":"2013-04-05T00:00:00"}
[buffer] ask {"demand":null,"buffer":"end item","requested":10,"date":"2013-04-04T00:00:00","onhand":10}
[demand] reply {"demand":"order 5","attempt":1537,"result":false,"quantity":0,"date":"2013-04-06T00:00:00"}
[demand] attempt {"demand":"order 5","attempt":1538,"quantity":10,"requestDate":"2013-04-06T00:00:00","lastDate":"2014-01-19T00:00:00"}
[operation] ask {"demand":"order 5","operation":"delivery end item","quantity":10,"end":"2013-04-06T00:00:00"}
[buffer] ask {"demand":null,"buffer":"end item","requested":10,"date":"2013-04-05T00:00:00","onhand":10}
[demand] reply {"demand":"order 5","attempt":1538,"result":false,"quantity":0,"date":"2013-04-07T00:00:00"}
[demand] attempt {"demand":"order 5","attempt":1539,"quantity":10,"requestDate":"2013-04-07T00:00:00","lastDate":"2014-01-19T00:00:00"}
[operation] ask {"demand":"order 5","operation":"delivery end item","quantity":10,"end":"2013-04-07T00:00:00"}
[buffer] ask {"demand":null,"buffer":"end item","requested":10,"date":"2013-04-06T00:00:00","onhand":10}
[demand] reply {"demand":"order 5","attempt":1539,"result":false,"quantity":0,"date":"2013-04-08T00:00:00"}
[demand] attempt {"demand":"order 5","attempt":1540,"quantity":10,"requestDate":"2013-04-08T00:00:00","lastDate":"2014-01-19T00:00:00"}
[operation] ask {"demand":"order 5","operation":"delivery end item","quantity":10,"end":"2013-04-08T00:00:00"}
[buffer] ask {"demand":null,"buffer":"end item","requested":10,"date":"2013-04-07T00:00:00","onhand":10}
[demand] reply {"demand":"order 5","attempt":1540,"result":false,"quantity":0,"date":"2013-04-09T00:00:00"}
[demand] attempt {"demand":"order 5","attempt":1541,"quantity":10,"requestDate":"2013-04-09T00:00:00","lastDate":"2014-01-19T00:00:00"}
[operation] ask {"demand":"order 5","operation":"delivery end item","quantity":10,"end":"2013-04-09T00:00:00"}
[buffer] ask {"demand":null,"buffer":"end item","requested":10,"date":"2013-04-08T00:00:00","onhand":10}
[demand] reply {"demand":"order 5","attempt":1541,"result":false,"quantity":0,"date":"2013-04-10T00:00:00"}
[demand] attempt {"demand":"order 5","attempt":1542,"quantity":10,"requestDate":"2013-04-10T00:00:00","lastDate":"2014-01-19T00:00:00"}
[operation] ask {"demand":"order 5","operation":"delivery end item","quantity":10,"end":"2013-04-10T00:00:00"}
[buffer] ask {"demand":null,"buffer":"end item","requested":10,"date":"2013-04-09T00:00:00","onhand":10}
[demand] reply {"demand":"order 5","attempt":1542,"result":false,"quantity":0,"date":"2013-04-11T00:00:00"}
[demand] attempt {"demand":"order 5","attempt":1543,"quantity":10,"requestDate":"2013-04-11T00:00:00","lastDate":"2014-01-19T00:00:00"}
[operation] ask {"demand":"order 5","operation":"delivery end item","quantity":10,"end":"2013-04-11T00:00:00"}
[buffer] ask {"demand":null,"buffer":"end item","requested":10,"date":"2013-04-10T00:00:00","onhand":10}
[demand] reply {"demand":"order 5","attempt":1543,"result":false,"quantity":0,"date":"2013-04-12T00:00:00"}
[demand] attempt {"demand":"order 5","attempt":1544,"quantity":10,"requestDate":"2013-04-12T00:00:00","lastDate":"2014-01-19T00:00:00"}
[operation] ask {"demand":"order 5","operation":"delivery end item","quantity":10,"end":"2013-04-12T00:00:00"}
[buffer] ask {"demand":null,"buffer":"end item","requested":10,"date":"2013-04-11T00:00:00","onhand":10}
[demand] reply {"demand":"order 5","attempt":1544,"result":false,"quantity":0,"date":"2013-04-13T00:00:00"}
[demand] attempt {"demand":"order 5","attempt":1545,"quantity":10,"requestDate":"2013-04-13T00:00:00","lastDate":"2014-01-19T00:00:00"}
[operation] ask {"demand":"order 5","operation":"delivery end item","quantity":10,"end":"2013-04-13T00:00:00"}
[buffer] ask {"demand":null,"buffer":"end item","requested":10,"date":"2013-04-12T00:00:00","onhand":10}
[demand] reply {"demand":"order 5","attempt":1545,"result":false,"quantity":0,"date":"2013-04-14T00:00:00"}
[demand] attempt {"demand":"order 5","attempt":1546,"quantity":10,"requestDate":"2013-04-14T00:00:00","lastDate":"2014-01-19T00:00:00"}
[operation] ask {"demand":"order 5","operation":"delivery end item","quantity":10,"end":"2013-04-14T00:00:00"}
[buffer] ask {"demand":null,"buffer":"end item","requested":10,"date":"2013-04-13T00:00:00","onhand":10}
[demand] reply {"demand":"order 5","attempt":1546,"result":false,"quantity":0,"date":"2013-04-15T00:00:00"}
[demand] attempt {"demand":"order 5","attempt":1547,"quantity":10,"requestDate":"2013-04-15T00:00:00","lastDate":"2014-01-19T00:00:00"}
[operation] ask {"demand":"order 5","operation":"delivery end item","quantity":10,"end":"2013-04-15T00:00:00"}
[buffer] ask {"demand":null,"buffer":"end item","requested":10,"date":"2013-04-14T00:00:00","onhand":10}
[demand] reply {"demand":"order 5","attempt":1547,"result":false,"quantity":0,"date":"2013-04-16T00:00:00"}
[demand] attempt {"demand":"order 5","attempt":1548,"quantity":10,"requestDate":"2013-04-16T00:00:00","lastDate":"2014-01-19T00:00:00"}
[operation] ask {"demand":"order 5","operation":"delivery end item","quantity":10,"end":"2013-04-16T00:00:00"}
[buffer] ask {"demand":null,"buffer":"end item","requested":10,"date":"2013-04-15T00:00:00","onhand":10}
[demand] reply {"demand":"order 5","attempt":1548,"result":false,"quantity":0,"date":"2013-04-17T00:00:00"}
[demand] attempt {"demand":"order 5","attempt":1549,"quantity":10,"requestDate":"2013-04-17T00:00:00","lastDate":"2014-01-19T00:00:00"}
[operation] ask {"demand":"order 5","operation":"delivery end item","quantity":10,"end":"2013-04-17T00:00:00"}
[buffer] ask {"demand":null,"buffer":"end item","requested":10,"date":"2013-04-16T00:00:00","onhand":10}
[demand] reply {"demand":"order 5","attempt":1549,"result":false,"quantity":0,"date":"2013-04-18T00:00:00"}
[demand] attempt {"demand":"order 5","attempt":1550,"quantity":10,"requestDate":"2013-04-18T00:00:00","lastDate":"2014-01-19T00:00:00"}
[operation] ask {"demand":"order 5","operation":"delivery end item","quantity":10,"end":"2013-04-18T00:00:00"}
[buffer] ask {"demand":null,"buffer":"end item","requested":10,"date":"2013-04-17T00:00:00","onhand":10}
[demand] reply {"demand":"order 5","attempt":1550,"result":false,"quantity":0,"date":"2013-04-19T00:00:00"}
[demand] attempt {"demand":"order 5","attempt":1551,"quantity":10,"requestDate":"2013-04-19T00:00:00","lastDate":"2014-01-19T00:00:00"}
[operation] ask {"demand":"order 5","operation":"delivery end item","quantity":10,"end":"2013-04-19T00:00:00"}
[buffer] ask {"demand":null,"buffer":"end item","requested":10,"date":"2013-04-18T00:00:00","onhand":10}
[demand] reply {"demand":"order 5","attempt":1551,"result":false,"quantity":0,"date":"2013-04-20T00:00:00"}
[demand] attempt {"demand":"order 5","attempt":1552,"quantity":10,"requestDate":"2013-04-20T00:00:00","lastDate":"2014-01-19T00:00:00"}
[operation] ask {"demand":"order 5","operation":"delivery end item","quantity":10,"end":"2013-04-20T00:00:00"}
[buffer] ask {"demand":null,"buffer":"end item","requested":10,"date":"2013-04-19T00:00:00","onhand":10}
[demand] reply {"demand":"order 5","attempt":1552,"result":false,"quantity":0,"date":"2013-04-21T00:00:00"}
[demand] attempt {"demand":"order 5","attempt":1553,"quantity":10,"requestDate":"2013-04-21T00:00:00","lastDate":"2014-01-19T00:00:00"}
[operation] ask {"demand":"order 5","operation":"delivery end item","quantity":10,"end":"2013-04-21T00:00:00"}
[buffer] ask {"demand":null,"buffer":"end item","requested":10,"date":"2013-04-20T00:00:00","onhand":10}
[demand] reply {"demand":"order 5","attempt":1553,"result":false,"quantity":0,"date":"2013-04-22T00:00:00"}
[demand] attempt {"demand":"order 5","attempt":1554,"quantity":10,"requestDate":"2013-04-22T00:00:00","lastDate":"2014-01-19T00:00:00"}
[operation] ask {"demand":"order 5","operation":"delivery end item","quantity":10,"end":"2013-04-22T00:00:00"}
[buffer] ask {"demand":null,"buffer":"end item","requested":10,"date":"2013-04-21T00:00:00","onhand":10}
[demand] reply {"demand":"order 5","attempt":1554,"result":false,"quantity":0,"date":"2013-04-23T00:00:00"}
[demand] attempt {"demand":"order 5","attempt":1555,"quantity":10,"requestDate":"2013-04-23T00:00:00","lastDate":"2014-01-19T00:00:00"}
[operation] ask {"demand":"order 5","operation":"delivery end item","quantity":10,"end":"2013-04-23T00:00:00"}
[buffer] ask {"demand":null,"buffer":"end item","requested":10,"date":"2013-04-22T00:00:00","onhand":10}
[demand] reply {"demand":"order 5","attempt":1555,"result":false,"quantity":0,"date":"2013-04-24T00:00:00"}
[demand] attempt {"demand":"order 5","attempt":1556,"quantity":10,"requestDate":"2013-04-24T00:00:00","lastDate":"2014-01-19T00:00:00"}
[operation] ask {"demand":"order 5","operation":"delivery end item","quantity":10,"end":"2013-04-24T00:00:00"}
[buffer] ask {"demand":null,"buffer":"end item","requested":10,"date":"2013-04-23T00:00:00","onhand":10}
[demand] reply {"demand":"order 5","attempt":1556,"result":false,"quantity":0,"date":"2013-04-25T00:00:00"}
[demand] attempt {"demand":"order 5","attempt":1557,"quantity":10,"requestDate":"2013-04-25T00:00:00","lastDate":"2014-01-19T00:00:00"}
[operation] ask {"demand":"order 5","operation":"delivery end item","quantity":10,"end":"2013-04-25T00:00:00"}
[buffer] ask {"demand":null,"buffer":"end item","requested":10,"date":"2013-04-24T00:00:00","onhand":10}
[demand] reply {"demand":"order 5","attempt":1557,"result":false,"quantity":0,"date":"2013-04-26T00:00:00"}
[demand] attempt {"demand":"order 5","attempt":1558,"quantity":10,"requestDate":"2013-04-26T00:00:00","lastDate":"2014-01-19T00:00:00"}
[operation] ask {"demand":"order 5","operation":"delivery end item","quantity":10,"end":"2013-04-26T00:00:00"}
[buffer] ask {"demand":null,"buffer":"end item","requested":10,"date":"2013-04-25T00:00:00","onhand":10}
[demand] reply {"demand":"order 5","attempt":1558,"result":false,"quantity":0,"date":"2013-04-27T00:00:00"}
[demand] attempt {"demand":"order 5","attempt":1559,"quantity":10,"requestDate":"2013-04-27T00:00:00","lastDate":"2014-01-19T00:00:00"}
[operation] ask {"demand":"order 5","operation":"delivery end item","quantity":10,"end":"2013-04-27T00:00:00"}
[buffer] ask {"demand":null,"buffer":"end item","requested":10,"date":"2013-04-26T00:00:00","onhand":10}
[demand] reply {"demand":"order 5","attempt":1559,"result":false,"quantity":0,"date":"2013-04-28T00:00:00"}
[demand] attempt {"demand":"order 5","attempt":1560,"quantity":10,"requestDate":"2013-04-28T00:00:00","lastDate":"2014-01-19T00:00:00"}
[operation] ask {"demand":"order 5","operation":"delivery end item","quantity":10,"end":"2013-04-28T00:00:00"}
[buffer] ask {"demand":null,"buffer":"end item","requested":10,"date":"2013-04-27T00:00:00","onhand":10}
[demand] reply {"demand":"order 5","attempt":1560,"result":false,"quantity":0,"date":"2013-04-29T00:00:00"}
[demand] attempt {"demand":"order 5","attempt":1561,"quantity":10,"requestDate":"2013-04-29T00:00:00","lastDate":"2014-01-19T00:00:00"}
[operation] ask {"demand":"order 5","operation":"delivery end item","quantity":10,"end":"2013-04-29T00:00:00"}
[buffer] ask {"demand":null,"buffer":"end item","requested":10,"date":"2013-04-28T00:00:00","onhand":10}
[demand] reply {"demand":"order 5","attempt":1561,"result":false,"quantity":0,"date":"2013-04-30T00:00:00"}
[demand] attempt {"demand":"order 5","attempt":1562,"quantity":10,"requestDate":"2013-04-30T00:00:00","lastDate":"2014-01-19T00:00:00"}
[operation] ask {"demand":"order 5","operation":"delivery end item","quantity":10,"end":"2013-04-30T00:00:00"}
[buffer] ask {"demand":null,"buffer":"end item","requested":10,"date":"2013-04-29T00:00:00","onhand":10}
[demand] reply {"demand":"order 5","attempt":1562,"result":false,"quantity":0,"date":"2013-05-01T00:00:00"}
[demand] attempt {"demand":"order 5","attempt":1563,"quantity":10,"requestDate":"2013-05-01T00:00:00","lastDate":"2014-01-19T00:00:00"}
[operation] ask {"demand":"order 5","operation":"delivery end item","quantity":10,"end":"2013-05-01T00:00:00"}
[buffer] ask {"demand":null,"buffer":"end item","requested":10,"date":"2013-04-30T00:00:00","onhand":10}
[demand] reply {"demand":"order 5","attempt":1563,"result":false,"quantity":0,"date":"2013-05-02T00:00:00"}
[demand] attempt {"demand":"order 5","attempt":1564,"quantity":10,"requestDate":"2013-05-02T00:00:00","lastDate":"2014-01-19T00:00:00"}
[operation] ask {"demand":"order 5","operation":"delivery end item","quantity":10,"end":"2013-05-02T00:00:00"}
[buffer] ask {"demand":null,"buffer":"end item","requested":10,"date":"2013-05-01T00:00:00","onhand":10}
[demand] reply {"demand":"order 5","attempt":1564,"result":false,"quantity":0,"date":"2013-05-03T00:00:00"}
[demand] attempt {"demand":"order 5","attempt":1565,"quantity":10,"requestDate":"2013-05-03T00:00:00","lastDate":"2014-01-19T00:00:00"}
[operation] ask {"demand":"order 5","operation":"delivery end item","quantity":10,"end":"2013-05-03T00:00:00"}
[buffer] ask {"demand":null,"buffer":"end item","requested":10,"date":"2013-05-02T00:00:00","onhand":10}
[demand] reply {"demand":"order 5","attempt":1565,"result":false,"quantity":0,"date":"2013-05-04T00:00:00"}
[demand] attempt {"demand":"order 5","attempt":1566,"quantity":10,"requestDate":"2013-05-04T00:00:00","lastDate":"2014-01-19T00:00:00"}
[operation] ask {"demand":"order 5","operation":"delivery end item","quantity":10,"end":"2013-05-04T00:00:00"}
[buffer] ask {"demand":null,"buffer":"end item","requested":10,"date":"2013-05-03T00:00:00","onhand":10}
[demand] reply {"demand":"order 5","attempt":1566,"result":false,"quantity":0,"date":"2013-05-05T00:00:00"}
[demand] attempt {"demand":"order 5","attempt":1567,"quantity":10,"requestDate":"2013-05-05T00:00:00","lastDate":"2014-01-19T00:00:00"}
[operation] ask {"demand":"order 5","operation":"delivery end item","quantity":10,"end":"2013-05-05T00:00:00"}
[buffer] ask {"demand":null,"buffer":"end item","requested":10,"date":"2013-05-04T00:00:00","onhand":10}
[demand] reply {"demand":"order 5","attempt":1567,"result":false,"quantity":0,"date":"2013-05-06T00:00:00"}
[demand] attempt {"demand":"order 5","attempt":1568,"quantity":10,"requestDate":"2013-05-06T00:00:00","lastDate":"2014-01-19T00:00:00"}
[operation] ask {"demand":"order 5","operation":"delivery end item","quantity":10,"end":"2013-05-06T00:00:00"}
[buffer] ask {"demand":null,"buffer":"end item","requested":10,"date":"2013-05-05T00:00:00","onhand":10}
[demand] reply {"demand":"order 5","attempt":1568,"result":false,"quantity":0,"date":"2013-05-07T00:00:00"}
[demand] attempt {"demand":"order 5","attempt":1569,"quantity":10,"requestDate":"2013-05-07T00:00:00","lastDate":"2014-01-19T00:00:00"}
[operation] ask {"demand":"order 5","operation":"delivery end item","quantity":10,"end":"2013-05-07T00:00:00"}
[buffer] ask {"demand":null,"buffer":"end item","requested":10,"date":"2013-05-06T00:00:00","onhand":10}
[demand] reply {"demand":"order 5","attempt":1569,"result":false,"quantity":0,"date":"2013-05-08T00:00:00"}
[demand] attempt {"demand":"order 5","attempt":1570,"quantity":10,"requestDate":"2013-05-08T00:00:00","lastDate":"2014-01-19T00:00:00"}
[operation] ask {"demand":"order 5","operation":"delivery end item","quantity":10,"end":"2013-05-08T00:00:00"}
[buffer] ask {"demand":null,"buffer":"end item","requested":10,"date":"2013-05-07T00:00:00","onhand":10}
[demand] reply {"demand":"order 5","attempt":1570,"result":false,"quantity":0,"date":"2013-05-09T00:00:00"}
[demand] attempt {"demand":"order 5","attempt":1571,"quantity":10,"requestDate":"2013-05-09T00:00:00","lastDate":"2014-01-19T00:00:00"}
[operation] ask {"demand":"order 5","operation":"delivery end item","quantity":10,"end":"2013-05-09T00:00:00"}
[buffer] ask {"demand":null,"buffer":"end item","requested":10,"date":"2013-05-08T00:00:00","onhand":10}
[demand] reply {"demand":"order 5","attempt":1571,"result":false,"quantity":0,"date":"2013-05-10T00:00:00"}
[demand] attempt {"demand":"order 5","attempt":1572,"quantity":10,"requestDate":"2013-05-10T00:00:00","lastDate":"2014-01-19T00:00:00"}
[operation] ask {"demand":"order 5","operation":"delivery end item","quantity":10,"end":"2013-05-10T00:00:00"}
[buffer] ask {"demand":null,"buffer":"end item","requested":10,"date":"2013-05-09T00:00:00","onhand":10}
[demand] reply {"demand":"order 5","attempt":1572,"result":false,"quantity":0,"date":"2013-05-11T00:00:00"}
[demand] attempt {"demand":"order 5","attempt":1573,"quantity":10,"requestDate":"2013-05-11T00:00:00","lastDate":"2014-01-19T00:00:00"}
[operation] ask {"demand":"order 5","operation":"delivery end item","quantity":10,"end":"2013-05-11T00:00:00"}
[buffer] ask {"demand":null,"buffer":"end item","requested":10,"date":"2013-05-10T00:00:00","onhand":10}
[demand] reply {"demand":"order 5","attempt":1573,"result":false,"quantity":0,"date":"2013-05-12T00:00:00"}
[demand] attempt {"demand":"order 5","attempt":1574,"quantity":10,"requestDate":"2013-05-12T00:00:00","lastDate":"2014-01-19T00:00:00"}
[operation] ask {"demand":"order 5","operation":"delivery end item","quantity":10,"end":"2013-05-12T00:00:00"}
[buffer] ask {"demand":null,"buffer":"end item","requested":10,"date":"2013-05-11T00:00:00","onhand":10}
[demand] reply {"demand":"order 5","attempt":1574,"result":false,"quantity":0,"date":"2013-05-13T00:00:00"}
[demand] attempt {"demand":"order 5","attempt":1575,"quantity":10,"requestDate":"2013-05-13T00:00:00","lastDate":"2014-01-19T00:00:00"}
[operation] ask {"demand":"order 5","operation":"delivery end item","quantity":10,"end":"2013-05-13T00:00:00"}
[buffer] ask {"demand":null,"buffer":"end item","requested":10,"date":"2013-05-12T00:00:00","onhand":10}
[demand] reply {"demand":"order 5","attempt":1575,"result":false,"quantity":0,"date":"2013-05-14T00:00:00"}
[demand] attempt {"demand":"order 5","attempt":1576,"quantity":10,"requestDate":"2013-05-14T00:00:00","lastDate":"2014-01-19T00:00:00"}
[operation] ask {"demand":"order 5","operation":"delivery end item","quantity":10,"end":"2013-05-14T00:00:00"}
[buffer] ask {"demand":null,"buffer":"end item","requested":10,"date":"2013-05-13T00:00:00","onhand":10}
[demand] reply {"demand":"order 5","attempt":1576,"result":false,"quantity":0,"date":"2013-05-15T00:00:00"}
[demand] attempt {"demand":"order 5","attempt":1577,"quantity":10,"requestDate":"2013-05-15T00:00:00","lastDate":"2014-01-19T00:00:00"}
[operation] ask {"demand":"order 5","operation":"delivery end item","quantity":10,"end":"2013-05-15T00:00:00"}
[buffer] ask {"demand":null,"buffer":"end item","requested":10,"date":"2013-05-14T00:00:00","onhand":10}
[demand] reply {"demand":"order 5","attempt":1577,"result":false,"quantity":0,"date":"2013-05-16T00:00:00"}
[demand] attempt {"demand":"order 5","attempt":1578,"quantity":10,"requestDate":"2013-05-16T00:00:00","lastDate":"2014-01-19T00:00:00"}
[operation] ask {"demand":"order 5","operation":"delivery end item","quantity":10,"end":"2013-05-16T00:00:00"}
[buffer] ask {"demand":null,"buffer":"end item","requested":10,"date":"2013-05-15T00:00:00","onhand":10}
[demand] reply {"demand":"order 5","attempt":1578,"result":false,"quantity":0,"date":"2013-05-17T00:00:00"}
[demand] attempt {"demand":"order 5","attempt":1579,"quantity":10,"requestDate":"2013-05-17T00:00:00","lastDate":"2014-01-19T00:00:00"}
[operation] ask {"demand":"order 5","operation":"delivery end item","quantity":10,"end":"2013-05-17T00:00:00"}
[buffer] ask {"demand":null,"buffer":"end item","requested":10,"date":"2013-05-16T00:00:00","onhand":10}
[demand] reply {"demand":"order 5","attempt":1579,"result":false,"quantity":0,"date":"2013-05-18T00:00:00"}
[demand] attempt {"demand":"order 5","attempt":1580,"quantity":10,"requestDate":"2013-05-18T00:00:00","lastDate":"2014-01-19T00:00:00"}
[operation] ask {"demand":"order 5","operation":"delivery end item","quantity":10,"end":"2013-05-18T00:00:00"}
[buffer] ask {"demand":null,"buffer":"end item","requested":10,"date":"2013-05-17T00:00:00","onhand":10}
[demand] reply {"demand":"order 5","attempt":1580,"result":false,"quantity":0,"date":"2013-05-19T00:00:00"}
[demand] attempt {"demand":"order 5","attempt":1581,"quantity":10,"requestDate":"2013-05-19T00:00:00","lastDate":"2014-01-19T00:00:00"}
[operation] ask {"demand":"order 5","operation":"delivery end item","quantity":10,"end":"2013-05-19T00:00:00"}
[buffer] ask {"demand":null,"buffer":"end item","requested":10,"date":"2013-05-18T00:00:00","onhand":10}
[demand] reply {"demand":"order 5","attempt":1581,"result":false,"quantity":0,"date":"2013-05-20T00:00:00"}
[demand] attempt {"demand":"order 5","attempt":1582,"quantity":10,"requestDate":"2013-05-20T00:00:00","lastDate":"2014-01-19T00:00:00"}
[operation] ask {"demand":"order 5","operation":"delivery end item","quantity":10,"end":"2013-05-20T00:00:00"}
[buffer] ask {"demand":null,"buffer":"end item","requested":10,"date":"2013-05-19T00:00:00","onhand":10}
[demand] reply {"demand":"order 5","attempt":1582,"result":false,"quantity":0,"date":"2013-05-21T00:00:00"}
[demand] attempt {"demand":"order 5","attempt":1583,"quantity":10,"requestDate":"2013-05-21T00:00:00","lastDate":"2014-01-19T00:00:00"}
[operation] ask {"demand":"order 5","operation":"delivery end item","quantity":10,"end":"2013-05-21T00:00:00"}
[buffer] ask {"demand":null,"buffer":"end item","requested":10,"date":"2013-05-20T00:00:00","onhand":10}
[demand] reply {"demand":"order 5","attempt":1583,"result":false,"quantity":0,"date":"2013-05-22T00:00:00"}
[demand] attempt {"demand":"order 5","attempt":1584,"quantity":10,"requestDate":"2013-05-22T00:00:00","lastDate":"2014-01-19T00:00:00"}
[operation] ask {"demand":"order 5","operation":"delivery end item","quantity":10,"end":"2013-05-22T00:00:00"}
[buffer] ask {"demand":null,"buffer":"end item","requested":10,"date":"2013-05-21T00:00:00","onhand":10}
[demand] reply {"demand":"order 5","attempt":1584,"result":false,"quantity":0,"date":"2013-05-23T00:00:00"}
[demand] attempt {"demand":"order 5","attempt":1585,"quantity":10,"requestDate":"2013-05-23T00:00:00","lastDate":"2014-01-19T00:00:00"}
[operation] ask {"demand":"order 5","operation":"delivery end item","quantity":10,"end":"2013-05-23T00:00:00"}
[buffer] ask {"demand":null,"buffer":"end item","requested":10,"date":"2013-05-22T00:00:00","onhand":10}
[demand] reply {"demand":"order 5","attempt":1585,"result":false,"quantity":0,"date":"2013-05-24T00:00:00"}
[demand] attempt {"demand":"order 5","attempt":1586,"quantity":10,"requestDate":"2013-05-24T00:00:00","lastDate":"2014-01-19T00:00:00"}
[operation] ask {"demand":"order 5","operation":"delivery end item","quantity":10,"end":"2013-05-24T00:00:00"}
[buffer] ask {"demand":null,"buffer":"end item","requested":10,"date":"2013-05-23T00:00:00","onhand":10}
[demand] reply {"demand":"order 5","attempt":1586,"result":false,"quantity":0,"date":"2013-05-25T00:00:00"}
[demand] attempt {"demand":"order 5","attempt":1587,"quantity":10,"requestDate":"2013-05-25T00:00:00","lastDate":"2014-01-19T00:00:00"}
[operation] ask {"demand":"order 5","operation":"delivery end item","quantity":10,"end":"2013-05-25T00:00:00"}
[buffer] ask {"demand":null,"buffer":"end item","requested":10,"date":"2013-05-24T00:00:00","onhand":10}
[demand] reply {"demand":"order 5","attempt":1587,"result":false,"quantity":0,"date":"2013-05-26T00:00:00"}
[demand] attempt {"demand":"order 5","attempt":1588,"quantity":10,"requestDate":"2013-05-26T00:00:00","lastDate":"2014-01-19T00:00:00"}
[operation] ask {"demand":"order 5","operation":"delivery end item","quantity":10,"end":"2013-05-26T00:00:00"}
[buffer] ask {"demand":null,"buffer":"end item","requested":10,"date":"2013-05-25T00:00:00","onhand":10}
[demand] reply {"demand":"order 5","attempt":1588,"result":false,"quantity":0,"date":"2013-05-27T00:00:00"}
[demand] attempt {"demand":"order 5","attempt":1589,"quantity":10,"requestDate":"2013-05-27T00:00:00","lastDate":"2014-01-19T00:00:00"}
[operation] ask {"demand":"order 5","operation":"delivery end item","quantity":10,"end":"2013-05-27T00:00:00"}
[buffer] ask {"demand":null,"buffer":"end item","requested":10,"date":"2013-05-26T00:00:00","onhand":10}
[demand] reply {"demand":"order 5","attempt":1589,"result":false,"quantity":0,"date":"2013-05-28T00:00:00"}
[demand] attempt {"demand":"order 5","attempt":1590,"quantity":10,"requestDate":"2013-05-28T00:00:00","lastDate":"2014-01-19T00:00:00"}
[operation] ask {"demand":"order 5","operation":"delivery end item","quantity":10,"end":"2013-05-28T00:00:00"}
[buffer] ask {"demand":null,"buffer":"end item","requested":10,"date":"2013-05-27T00:00:00","onhand":10}
[demand] reply {"demand":"order 5","attempt":1590,"result":false,"quantity":0,"date":"2013-05-29T00:00:00"}
[demand] attempt {"demand":"order 5","attempt":1591,"quantity":10,"requestDate":"2013-05-29T00:00:00","lastDate":"2014-01-19T00:00:00"}
[operation] ask {"demand":"order 5","operation":"delivery end item","quantity":10,"end":"2013-05-29T00:00:00"}
[buffer] ask {"demand":null,"buffer":"end item","requested":10,"date":"2013-05-28T00:00:00","onhand":10}
[demand] reply {"demand":"order 5","attempt":1591,"result":false,"quantity":0,"date":"2013-05-30T00:00:00"}
[demand] attempt {"demand":"order 5","attempt":1592,"quantity":10,"requestDate":"2013-05-30T00:00:00","lastDate":"2014-01-19T00:00:00"}
[operation] ask {"demand":"order 5","operation":"delivery end item","quantity":10,"end":"2013-05-30T00:00:00"}
[buffer] ask {"demand":null,"buffer":"end item","requested":10,"date":"2013-05-29T00:00:00","onhand":10}
[demand] reply {"demand":"order 5","attempt":1592,"result":false,"quantity":0,"date":"2013-05-31T00:00:00"}
[demand] attempt {"demand":"order 5","attempt":1593,"quantity":10,"requestDate":"2013-05-31T00:00:00","lastDate":"2014-01-19T00:00:00"}
[operation] ask {"demand":"order 5","operation":"delivery end item","quantity":10,"end":"2013-05-31T00:00:00"}
[buffer] ask {"demand":null,"buffer":"end item","requested":10,"date":"2013-05-30T00:00:00","onhand":10}
[demand] reply {"demand":"order 5","attempt":1593,"result":false,"quantity":0,"date":"2013-06-01T00:00:00"}
[demand] attempt {"demand":"order 5","attempt":1594,"quantity":10,"requestDate":"2013-06-01T00:00:00","lastDate":"2014-01-19T00:00:00"}
[operation] ask {"demand":"order 5","operation":"delivery end item","quantity":10,"end":"2013-06-01T00:00:00"}
[buffer] ask {"demand":null,"buffer":"end item","requested":10,"date":"2013-05-31T00:00:00","onhand":10}
[demand] reply {"demand":"order 5","attempt":1594,"result":false,"quantity":0,"date":"2013-06-02T00:00:00"}
[demand] attempt {"demand":"order 5","attempt":1595,"quantity":10,"requestDate":"2013-06-02T00:00:00","lastDate":"2014-01-19T00:00:00"}
[operation] ask {"demand":"order 5","operation":"delivery end item","quantity":10,"end":"2013-06-02T00:00:00"}
[buffer] ask {"demand":null,"buffer":"end item","requested":10,"date":"2013-06-01T00:00:00","onhand":10}
[demand] reply {"demand":"order 5","attempt":1595,"result":false,"quantity":0,"date":"2013-06-03T00:00:00"}
[demand] attempt {"demand":"order 5","attempt":1596,"quantity":10,"requestDate":"2013-06-03T00:00:00","lastDate":"2014-01-19T00:00:00"}
[operation] ask {"demand":"order 5","operation":"delivery end item","quantity":10,"end":"2013-06-03T00:00:00"}
[buffer] ask {"demand":null,"buffer":"end item","requested":10,"date":"2013-06-02T00:00:00","onhand":10}
[demand] reply {"demand":"order 5","attempt":1596,"result":false,"quantity":0,"date":"2013-06-04T00:00:00"}
[demand] attempt {"demand":"order 5","attempt":1597,"quantity":10,"requestDate":"2013-06-04T00:00:00","lastDate":"2014-01-19T00:00:00"}
[operation] ask {"demand":"order 5","operation":"delivery end item","quantity":10,"end":"2013-06-04T00:00:00"}
[buffer] ask {"demand":null,"buffer":"end item","requested":10,"date":"2013-06-03T00:00:00","onhand":10}
[demand] reply {"demand":"order 5","attempt":1597,"result":false,"quantity":0,"date":"2013-06-05T00:00:00"}
[demand] attempt {"demand":"order 5","attempt":1598,"quantity":10,"requestDate":"2013-06-05T00:00:00","lastDate":"2014-01-19T00:00:00"}
[operation] ask {"demand":"order 5","operation":"delivery end item","quantity":10,"end":"2013-06-05T00:00:00"}
[buffer] ask {"demand":null,"buffer":"end item","requested":10,"date":"2013-06-04T00:00:00","onhand":10}
[demand] reply {"demand":"order 5","attempt":1598,"result":false,"quantity":0,"date":"2013-06-06T00:00:00"}
[demand] attempt {"demand":"order 5","attempt":1599,"quantity":10,"requestDate":"2013-06-06T00:00:00","lastDate":"2014-01-19T00:00:00"}
[operation] ask {"demand":"order 5","operation":"delivery end item","quantity":10,"end":"2013-06-06T00:00:00"}
[buffer] ask {"demand":null,"buffer":"end item","requested":10,"date":"2013-06-05T00:00:00","onhand":10}
[demand] reply {"demand":"order 5","attempt":1599,"result":false,"quantity":0,"date":"2013-06-07T00:00:00"}
[demand] attempt {"demand":"order 5","attempt":1600,"quantity":10,"requestDate":"2013-06-07T00:00:00","lastDate":"2014-01-19T00:00:00"}
[operation] ask {"demand":"order 5","operation":"delivery end item","quantity":10,"end":"2013-06-07T00:00:00"}
[buffer] ask {"demand":null,"buffer":"end item","requested":10,"date":"2013-06-06T00:00:00","onhand":10}
[demand] reply {"demand":"order 5","attempt":1600,"result":false,"quantity":0,"date":"2013-06-08T00:00:00"}
[demand] attempt {"demand":"order 5","attempt":1601,"quantity":10,"requestDate":"2013-06-08T00:00:00","lastDate":"2014-01-19T00:00:00"}
[operation] ask {"demand":"order 5","operation":"delivery end item","quantity":10,"end":"2013-06-08T00:00:00"}
[buffer] ask {"demand":null,"buffer":"end item","requested":10,"date":"2013-06-07T00:00:00","onhand":10}
[demand] reply {"demand":"order 5","attempt":1601,"result":false,"quantity":0,"date":"2013-06-09T00:00:00"}
[demand] attempt {"demand":"order 5","attempt":1602,"quantity":10,"requestDate":"2013-06-09T00:00:00","lastDate":"2014-01-19T00:00:00"}
[operation] ask {"demand":"order 5","operation":"delivery end item","quantity":10,"end":"2013-06-09T00:00:00"}
[buffer] ask {"demand":null,"buffer":"end item","requested":10,"date":"2013-06-08T00:00:00","onhand":10}
[demand] reply {"demand":"order 5","attempt":1602,"result":false,"quantity":0,"date":"2013-06-10T00:00:00"}
[demand] attempt {"demand":"order 5","attempt":1603,"quantity":10,"requestDate":"2013-06-10T00:00:00","lastDate":"2014-01-19T00:00:00"}
[operation] ask {"demand":"order 5","operation":"delivery end item","quantity":10,"end":"2013-06-10T00:00:00"}
[buffer] ask {"demand":null,"buffer":"end item","requested":10,"date":"2013-06-09T00:00:00","onhand":10}
[demand] reply {"demand":"order 5","attempt":1603,"result":false,"quantity":0,"date":"2013-06-11T00:00:00"}
[demand] attempt {"demand":"order 5","attempt":1604,"quantity":10,"requestDate":"2013-06-11T00:00:00","lastDate":"2014-01-19T00:00:00"}
[operation] ask {"demand":"order 5","operation":"delivery end item","quantity":10,"end":"2013-06-11T00:00:00"}
[buffer] ask {"demand":null,"buffer":"end item","requested":10,"date":"2013-06-10T00:00:00","onhand":10}
[demand] reply {"demand":"order 5","attempt":1604,"result":false,"quantity":0,"date":"2013-06-12T00:00:00"}
[demand] attempt {"demand":"order 5","attempt":1605,"quantity":10,"requestDate":"2013-06-12T00:00:00","lastDate":"2014-01-19T00:00:00"}
[operation] ask {"demand":"order 5","operation":"delivery end item","quantity":10,"end":"2013-06-12T00:00:00"}
[buffer] ask {"demand":null,"buffer":"end item","requested":10,"date":"2013-06-11T00:00:00","onhand":10}
[demand] reply {"demand":"order 5","attempt":1605,"result":false,"quantity":0,"date":"2013-06-13T00:00:00"}
[demand] attempt {"demand":"order 5","attempt":1606,"quantity":10,"requestDate":"2013-06-13T00:00:00","lastDate":"2014-01-19T00:00:00"}
[operation] ask {"demand":"order 5","operation":"delivery end item","quantity":10,"end":"2013-06-13T00:00:00"}
[buffer] ask {"demand":null,"buffer":"end item","requested":10,"date":"2013-06-12T00:00:00","onhand":10}
[demand] reply {"demand":"order 5","attempt":1606,"result":false,"quantity":0,"date":"2013-06-14T00:00:00"}
[demand] attempt {"demand":"order 5","attempt":1607,"quantity":10,"requestDate":"2013-06-14T00:00:00","lastDate":"2014-01-19T00:00:00"}
[operation] ask {"demand":"order 5","operation":"delivery end item","quantity":10,"end":"2013-06-14T00:00:00"}
[buffer] ask {"demand":null,"buffer":"end item","requested":10,"date":"2013-06-13T00:00:00","onhand":10}
[demand] reply {"demand":"order 5","attempt":1607,"result":false,"quantity":0,"date":"2013-06-15T00:00:00"}
[demand] attempt {"demand":"order 5","attempt":1608,"quantity":10,"requestDate":"2013-06-15T00:00:00","lastDate":"2014-01-19T00:00:00"}
[operation] ask {"demand":"order 5","operation":"delivery end item","quantity":10,"end":"2013-06-15T00:00:00"}
[buffer] ask {"demand":null,"buffer":"end item","requested":10,"date":"2013-06-14T00:00:00","onhand":10}
[demand] reply {"demand":"order 5","attempt":1608,"result":false,"quantity":0,"date":"2013-06-16T00:00:00"}
[demand] attempt {"demand":"order 5","attempt":1609,"quantity":10,"requestDate":"2013-06-16T00:00:00","lastDate":"2014-01-19T00:00:00"}
[operation] ask {"demand":"order 5","operation":"delivery end item","quantity":10,"end":"2013-06-16T00:00:00"}
[buffer] ask {"demand":null,"buffer":"end item","requested":10,"date":"2013-06-15T00:00:00","onhand":10}
[demand] reply {"demand":"order 5","attempt":1609,"result":false,"quantity":0,"date":"2013-06-17T00:00:00"}
[demand] attempt {"demand":"order 5","attempt":1610,"quantity":10,"requestDate":"2013-06-17T00:00:00","lastDate":"2014-01-19T00:00:00"}
[operation] ask {"demand":"order 5","operation":"delivery end item","quantity":10,"end":"2013-06-17T00:00:00"}
[buffer] ask {"demand":null,"buffer":"end item","requested":10,"date":"2013-06-16T00:00:00","onhand":10}
[demand] reply {"demand":"order 5","attempt":1610,"result":false,"quantity":0,"date":"2013-06-18T00:00:00"}
[demand] attempt {"demand":"order 5","attempt":1611,"quantity":10,"requestDate":"2013-06-18T00:00:00","lastDate":"2014-01-19T00:00:00"}
[operation] ask {"demand":"order 5","operation":"delivery end item","quantity":10,"end":"2013-06-18T00:00:00"}
[buffer] ask {"demand":null,"buffer":"end item","requested":10,"date":"2013-06-17T00:00:00","onhand":10}
[demand] reply {"demand":"order 5","attempt":1611,"result":false,"quantity":0,"date":"2013-06-19T00:00:00"}
[demand] attempt {"demand":"order 5","attempt":1612,"quantity":10,"requestDate":"2013-06-19T00:00:00","lastDate":"2014-01-19T00:00:00"}
[operation] ask {"demand":"order 5","operation":"delivery end item","quantity":10,"end":"2013-06-19T00:00:00"}
[buffer] ask {"demand":null,"buffer":"end item","requested":10,"date":"2013-06-18T00:00:00","onhand":10}
[demand] reply {"demand":"order 5","attempt":1612,"result":false,"quantity":0,"date":"2013-06-20T00:00:00"}
[demand] attempt {"demand":"order 5","attempt":1613,"quantity":10,"requestDate":"2013-06-20T00:00:00","lastDate":"2014-01-19T00:00:00"}
[operation] ask {"demand":"order 5","operation":"delivery end item","quantity":10,"end":"2013-06-20T00:00:00"}
[buffer] ask {"demand":null,"buffer":"end item","requested":10,"date":"2013-06-19T00:00:00","onhand":10}
[demand] reply {"demand":"order 5","attempt":1613,"result":false,"quantity":0,"date":"2013-06-21T00:00:00"}
[demand] attempt {"demand":"order 5","attempt":1614,"quantity":10,"requestDate":"2013-06-21T00:00:00","lastDate":"2014-01-19T00:00:00"}
[operation] ask {"demand":"order 5","operation":"delivery end item","quantity":10,"end":"2013-06-21T00:00:00"}
[buffer] ask {"demand":null,"buffer":"end item","requested":10,"date":"2013-06-20T00:00:00","onhand":10}
[demand] reply {"demand":"order 5","attempt":1614,"result":false,"quantity":0,"date":"2013-06-22T00:00:00"}
[demand] attempt {"demand":"order 5","attempt":1615,"quantity":10,"requestDate":"2013-06-22T00:00:00","lastDate":"2014-01-19T00:00:00"}
[operation] ask {"demand":"order 5","operation":"delivery end item","quantity":10,"end":"2013-06-22T00:00:00"}
[buffer] ask {"demand":null,"buffer":"end item","requested":10,"date":"2013-06-21T00:00:00","onhand":10}
[demand] reply {"demand":"order 5","attempt":1615,"result":false,"quantity":0,"date":"2013-06-23T00:00:00"}
[demand] attempt {"demand":"order 5","attempt":1616,"quantity":10,"requestDate":"2013-06-23T00:00:00","lastDate":"2014-01-19T00:00:00"}
[operation] ask {"demand":"order 5","operation":"delivery end item","quantity":10,"end":"2013-06-23T00:00:00"}
[buffer] ask {"demand":null,"buffer":"end item","requested":10,"date":"2013-06-22T00:00:00","onhand":10}
[demand] reply {"demand":"order 5","attempt":1616,"result":false,"quantity":0,"date":"2013-06-24T00:00:00"}
[demand] attempt {"demand":"order 5","attempt":1617,"quantity":10,"requestDate":"2013-06-24T00:00:00","lastDate":"2014-01-19T00:00:00"}
[operation] ask {"demand":"order 5","operation":"delivery end item","quantity":10,"end":"2013-06-24T00:00:00"}
[buffer] ask {"demand":null,"buffer":"end item","requested":10,"date":"2013-06-23T00:00:00","onhand":10}
[demand] reply {"demand":"order 5","attempt":1617,"result":false,"quantity":0,"date":"2013-06-25T00:00:00"}
[demand] attempt {"demand":"order 5","attempt":1618,"quantity":10,"requestDate":"2013-06-25T00:00:00","lastDate":"2014-01-19T00:00:00"}
[operation] ask {"demand":"order 5","operation":"delivery end item","quantity":10,"end":"2013-06-25T00:00:00"}
[buffer] ask {"demand":null,"buffer":"end item","requested":10,"date":"2013-06-24T00:00:00","onhand":10}
[demand] reply {"demand":"order 5","attempt":1618,"result":false,"quantity":0,"date":"2013-06-26T00:00:00"}
[demand] attempt {"demand":"order 5","attempt":1619,"quantity":10,"requestDate":"2013-06-26T00:00:00","lastDate":"2014-01-19T00:00:00"}
[operation] ask {"demand":"order 5","operation":"delivery end item","quantity":10,"end":"2013-06-26T00:00:00"}
[buffer] ask {"demand":null,"buffer":"end item","requested":10,"date":"2013-06-25T00:00:00","onhand":10}
[demand] reply {"demand":"order 5","attempt":1619,"result":false,"quantity":0,"date":"2013-06-27T00:00:00"}
[demand] attempt {"demand":"order 5","attempt":1620,"quantity":10,"requestDate":"2013-06-27T00:00:00","lastDate":"2014-01-19T00:00:00"}
[operation] ask {"demand":"order 5","operation":"delivery end item","quantity":10,"end":"2013-06-27T00:00:00"}
[buffer] ask {"demand":null,"buffer":"end item","requested":10,"date":"2013-06-26T00:00:00","onhand":10}
[demand] reply {"demand":"order 5","attempt":1620,"result":false,"quantity":0,"date":"2013-06-28T00:00:00"}
[demand] attempt {"demand":"order 5","attempt":1621,"quantity":10,"requestDate":"2013-06-28T00:00:00","lastDate":"2014-01-19T00:00:00"}
[operation] ask {"demand":"order 5","operation":"delivery end item","quantity":10,"end":"2013-06-28T00:00:00"}
[buffer] ask {"demand":null,"buffer":"end item","requested":10,"date":"2013-06-27T00:00:00","onhand":10}
[demand] reply {"demand":"order 5","attempt":1621,"result":false,"quantity":0,"date":"2013-06-29T00:00:00"}
[demand] attempt {"demand":"order 5","attempt":1622,"quantity":10,"requestDate":"2013-06-29T00:00:00","lastDate":"2014-01-19T00:00:00"}
[operation] ask {"demand":"order 5","operation":"delivery end item","quantity":10,"end":"2013-06-29T00:00:00"}
[buffer] ask {"demand":null,"buffer":"end item","requested":10,"date":"2013-06-28T00:00:00","onhand":10}
[demand] reply {"demand":"order 5","attempt":1622,"result":false,"quantity":0,"date":"2013-06-30T00:00:00"}
[demand] attempt {"demand":"order 5","attempt":1623,"quantity":10,"requestDate":"2013-06-30T00:00:00","lastDate":"2014-01-19T00:00:00"}
[operation] ask {"demand":"order 5","operation":"delivery end item","quantity":10,"end":"2013-06-30T00:00:00"}
[buffer] ask {"demand":null,"buffer":"end item","requested":10,"date":"2013-06-29T00:00:00","onhand":10}
[demand] reply {"demand":"order 5","attempt":1623,"result":false,"quantity":0,"date":"2013-07-01T00:00:00"}
[demand] attempt {"demand":"order 5","attempt":1624,"quantity":10,"requestDate":"2013-07-01T00:00:00","lastDate":"2014-01-19T00:00:00"}
[operation] ask {"demand":"order 5","operation":"delivery end item","quantity":10,"end":"2013-07-01T00:00:00"}
[buffer] ask {"demand":null,"buffer":"end item","requested":10,"date":"2013-06-30T00:00:00","onhand":10}
[demand] reply {"demand":"order 5","attempt":1624,"result":false,"quantity":0,"date":"2013-07-02T00:00:00"}
[demand] attempt {"demand":"order 5","attempt":1625,"quantity":10,"requestDate":"2013-07-02T00:00:00","lastDate":"2014-01-19T00:00:00"}
[operation] ask {"demand":"order 5","operation":"delivery end item","quantity":10,"end":"2013-07-02T00:00:00"}
[buffer] ask {"demand":null,"buffer":"end item","requested":10,"date":"2013-07-01T00:00:00","onhand":10}
[demand] reply {"demand":"order 5","attempt":1625,"result":false,"quantity":0,"date":"2013-07-03T00:00:00"}
[demand] attempt {"demand":"order 5","attempt":1626,"quantity":10,"requestDate":"2013-07-03T00:00:00","lastDate":"2014-01-19T00:00:00"}
[operation] ask {"demand":"order 5","operation":"delivery end item","quantity":10,"end":"2013-07-03T00:00:00"}
[buffer] ask {"demand":null,"buffer":"end item","requested":10,"date":"2013-07-02T00:00:00","onhand":10}
[demand] reply {"demand":"order 5","attempt":1626,"result":false,"quantity":0,"date":"2013-07-04T00:00:00"}
[demand] attempt {"demand":"order 5","attempt":1627,"quantity":10,"requestDate":"2013-07-04T00:00:00","lastDate":"2014-01-19T00:00:00"}
[operation] ask {"demand":"order 5","operation":"delivery end item","quantity":10,"end":"2013-07-04T00:00:00"}
[buffer] ask {"demand":null,"buffer":"end item","requested":10,"date":"2013-07-03T00:00:00","onhand":10}
[demand] reply {"demand":"order 5","attempt":1627,"result":false,"quantity":0,"date":"2013-07-05T00:00:00"}
[demand] attempt {"demand":"order 5","attempt":1628,"quantity":10,"requestDate":"2013-07-05T00:00:00","lastDate":"2014-01-19T00:00:00"}
[operation] ask {"demand":"order 5","operation":"delivery end item","quantity":10,"end":"2013-07-05T00:00:00"}
[buffer] ask {"demand":null,"buffer":"end item","requested":10,"date":"2013-07-04T00:00:00","onhand":10}
[demand] reply {"demand":"order 5","attempt":1628,"result":false,"quantity":0,"date":"2013-07-06T00:00:00"}
[demand] attempt {"demand":"order 5","attempt":1629,"quantity":10,"requestDate":"2013-07-06T00:00:00","lastDate":"2014-01-19T00:00:00"}
[operation] ask {"demand":"order 5","operation":"delivery end item","quantity":10,"end":"2013-07-06T00:00:00"}
[buffer] ask {"demand":null,"buffer":"end item","requested":10,"date":"2013-07-05T00:00:00","onhand":10}
[demand] reply {"demand":"order 5","attempt":1629,"result":false,"quantity":0,"date":"2013-07-07T00:00:00"}
[demand] attempt {"demand":"order 5","attempt":1630,"quantity":10,"requestDate":"2013-07-07T00:00:00","lastDate":"2014-01-19T00:00:00"}
[operation] ask {"demand":"order 5","operation":"delivery end item","quantity":10,"end":"2013-07-07T00:00:00"}
[buffer] ask {"demand":null,"buffer":"end item","requested":10,"date":"2013-07-06T00:00:00","onhand":10}
[demand] reply {"demand":"order 5","attempt":1630,"result":false,"quantity":0,"date":"2013-07-08T00:00:00"}
[demand] attempt {"demand":"order 5","attempt":1631,"quantity":10,"requestDate":"2013-07-08T00:00:00","lastDate":"2014-01-19T00:00:00"}
[operation] ask {"demand":"order 5","operation":"delivery end item","quantity":10,"end":"2013-07-08T00:00:00"}
[buffer] ask {"demand":null,"buffer":"end item","requested":10,"date":"2013-07-07T00:00:00","onhand":10}
[demand] reply {"demand":"order 5","attempt":1631,"result":false,"quantity":0,"date":"2013-07-09T00:00:00"}
[demand] attempt {"demand":"order 5","attempt":1632,"quantity":10,"requestDate":"2013-07-09T00:00:00","lastDate":"2014-01-19T00:00:00"}
[operation] ask {"demand":"order 5","operation":"delivery end item","quantity":10,"end":"2013-07-09T00:00:00"}
[buffer] ask {"demand":null,"buffer":"end item","requested":10,"date":"2013-07-08T00:00:00","onhand":10}
[demand] reply {"demand":"order 5","attempt":1632,"result":false,"quantity":0,"date":"2013-07-10T00:00:00"}
[demand] attempt {"demand":"order 5","attempt":1633,"quantity":10,"requestDate":"2013-07-10T00:00:00","lastDate":"2014-01-19T00:00:00"}
[operation] ask {"demand":"order 5","operation":"delivery end item","quantity":10,"end":"2013-07-10T00:00:00"}
[buffer] ask {"demand":null,"buffer":"end item","requested":10,"date":"2013-07-09T00:00:00","onhand":10}
[demand] reply {"demand":"order 5","attempt":1633,"result":false,"quantity":0,"date":"2013-07-11T00:00:00"}
[demand] attempt {"demand":"order 5","attempt":1634,"quantity":10,"requestDate":"2013-07-11T00:00:00","lastDate":"2014-01-19T00:00:00"}
[operation] ask {"demand":"order 5","operation":"delivery end item","quantity":10,"end":"2013-07-11T00:00:00"}
[buffer] ask {"demand":null,"buffer":"end item","requested":10,"date":"2013-07-10T00:00:00","onhand":10}
[demand] reply {"demand":"order 5","attempt":1634,"result":false,"quantity":0,"date":"2013-07-12T00:00:00"}
[demand] attempt {"demand":"order 5","attempt":1635,"quantity":10,"requestDate":"2013-07-12T00:00:00","lastDate":"2014-01-19T00:00:00"}
[operation] ask {"demand":"order 5","operation":"delivery end item","quantity":10,"end":"2013-07-12T00:00:00"}
[buffer] ask {"demand":null,"buffer":"end item","requested":10,"date":"2013-07-11T00:00:00","onhand":10}
[demand] reply {"demand":"order 5","attempt":1635,"result":false,"quantity":0,"date":"2013-07-13T00:00:00"}
[demand] attempt {"demand":"order 5","attempt":1636,"quantity":10,"requestDate":"2013-07-13T00:00:00","lastDate":"2014-01-19T00:00:00"}
[operation] ask {"demand":"order 5","operation":"delivery end item","quantity":10,"end":"2013-07-13T00:00:00"}
[buffer] ask {"demand":null,"buffer":"end item","requested":10,"date":"2013-07-12T00:00:00","onhand":10}
[demand] reply {"demand":"order 5","attempt":1636,"result":false,"quantity":0,"date":"2013-07-14T00:00:00"}
[demand] attempt {"demand":"order 5","attempt":1637,"quantity":10,"requestDate":"2013-07-14T00:00:00","lastDate":"2014-01-19T00:00:00"}
[operation] ask {"demand":"order 5","operation":"delivery end item","quantity":10,"end":"2013-07-14T00:00:00"}
[buffer] ask {"demand":null,"buffer":"end item","requested":10,"date":"2013-07-13T00:00:00","onhand":10}
[demand] reply {"demand":"order 5","attempt":1637,"result":false,"quantity":0,"date":"2013-07-15T00:00:00"}
[demand] attempt {"demand":"order 5","attempt":1638,"quantity":10,"requestDate":"2013-07-15T00:00:00","lastDate":"2014-01-19T00:00:00"}
[operation] ask {"demand":"order 5","operation":"delivery end item","quantity":10,"end":"2013-07-15T00:00:00"}
[buffer] ask {"demand":null,"buffer":"end item","requested":10,"date":"2013-07-14T00:00:00","onhand":10}
[demand] reply {"demand":"order 5","attempt":1638,"result":false,"quantity":0,"date":"2013-07-16T00:00:00"}
[demand] attempt {"demand":"order 5","attempt":1639,"quantity":10,"requestDate":"2013-07-16T00:00:00","lastDate":"2014-01-19T00:00:00"}
[operation] ask {"demand":"order 5","operation":"delivery end item","quantity":10,"end":"2013-07-16T00:00:00"}
[buffer] ask {"demand":null,"buffer":"end item","requested":10,"date":"2013-07-15T00:00:00","onhand":10}
[demand] reply {"demand":"order 5","attempt":1639,"result":false,"quantity":0,"date":"2013-07-17T00:00:00"}
[demand] attempt {"demand":"order 5","attempt":1640,"quantity":10,"requestDate":"2013-07-17T00:00:00","lastDate":"2014-01-19T00:00:00"}
[operation] ask {"demand":"order 5","operation":"delivery end item","quantity":10,"end":"2013-07-17T00:00:00"}
[buffer] ask {"demand":null,"buffer":"end item","requested":10,"date":"2013-07-16T00:00:00","onhand":10}
[demand] reply {"demand":"order 5","attempt":1640,"result":false,"quantity":0,"date":"2013-07-18T00:00:00"}
[demand] attempt {"demand":"order 5","attempt":1641,"quantity":10,"requestDate":"2013-07-18T00:00:00","lastDate":"2014-01-19T00:00:00"}
[operation] ask {"demand":"order 5","operation":"delivery end item","quantity":10,"end":"2013-07-18T00:00:00"}
[buffer] ask {"demand":null,"buffer":"end item","requested":10,"date":"2013-07-17T00:00:00","onhand":10}
[demand] reply {"demand":"order 5","attempt":1641,"result":false,"quantity":0,"date":"2013-07-19T00:00:00"}
[demand] attempt {"demand":"order 5","attempt":1642,"quantity":10,"requestDate":"2013-07-19T00:00:00","lastDate":"2014-01-19T00:00:00"}
[operation] ask {"demand":"order 5","operation":"delivery end item","quantity":10,"end":"2013-07-19T00:00:00"}
[buffer] ask {"demand":null,"buffer":"end item","requested":10,"date":"2013-07-18T00:00:00","onhand":10}
[demand] reply {"demand":"order 5","attempt":1642,"result":false,"quantity":0,"date":"2013-07-20T00:00:00"}
[demand] attempt {"demand":"order 5","attempt":1643,"quantity":10,"requestDate":"2013-07-20T00:00:00","lastDate":"2014-01-19T00:00:00"}
[operation] ask {"demand":"order 5","operation":"delivery end item","quantity":10,"end":"2013-07-20T00:00:00"}
[buffer] ask {"demand":null,"buffer":"end item","requested":10,"date":"2013-07-19T00:00:00","onhand":10}
[demand] reply {"demand":"order 5","attempt":1643,"result":false,"quantity":0,"date":"2013-07-21T00:00:00"}
[demand] attempt {"demand":"order 5","attempt":1644,"quantity":10,"requestDate":"2013-07-21T00:00:00","lastDate":"2014-01-19T00:00:00"}
[operation] ask {"demand":"order 5","operation":"delivery end item","quantity":10,"end":"2013-07-21T00:00:00"}
[buffer] ask {"demand":null,"buffer":"end item","requested":10,"date":"2013-07-20T00:00:00","onhand":10}
[demand] reply {"demand":"order 5","attempt":1644,"result":false,"quantity":0,"date":"2013-07-22T00:00:00"}
[demand] attempt {"demand":"order 5","attempt":1645,"quantity":10,"requestDate":"2013-07-22T00:00:00","lastDate":"2014-01-19T00:00:00"}
[operation] ask {"demand":"order 5","operation":"delivery end item","quantity":10,"end":"2013-07-22T00:00:00"}
[buffer] ask {"demand":null,"buffer":"end item","requested":10,"date":"2013-07-21T00:00:00","onhand":10}
[demand] reply {"demand":"order 5","attempt":1645,"result":false,"quantity":0,"date":"2013-07-23T00:00:00"}
[demand] attempt {"demand":"order 5","attempt":1646,"quantity":10,"requestDate":"2013-07-23T00:00:00","lastDate":"2014-01-19T00:00:00"}
[operation] ask {"demand":"order 5","operation":"delivery end item","quantity":10,"end":"2013-07-23T00:00:00"}
[buffer] ask {"demand":null,"buffer":"end item","requested":10,"date":"2013-07-22T00:00:00","onhand":10}
[demand] reply {"demand":"order 5","attempt":1646,"result":false,"quantity":0,"date":"2013-07-24T00:00:00"}
[demand] attempt {"demand":"order 5","attempt":1647,"quantity":10,"requestDate":"2013-07-24T00:00:00","lastDate":"2014-01-19T00:00:00"}
[operation] ask {"demand":"order 5","operation":"delivery end item","quantity":10,"end":"2013-07-24T00:00:00"}
[buffer] ask {"demand":null,"buffer":"end item","requested":10,"date":"2013-07-23T00:00:00","onhand":10}
[demand] reply {"demand":"order 5","attempt":1647,"result":false,"quantity":0,"date":"2013-07-25T00:00:00"}
[demand] attempt {"demand":"order 5","attempt":1648,"quantity":10,"requestDate":"2013-07-25T00:00:00","lastDate":"2014-01-19T00:00:00"}
[operation] ask {"demand":"order 5","operation":"delivery end item","quantity":10,"end":"2013-07-25T00:00:00"}
[buffer] ask {"demand":null,"buffer":"end item","requested":10,"date":"2013-07-24T00:00:00","onhand":10}
[demand] reply {"demand":"order 5","attempt":1648,"result":false,"quantity":0,"date":"2013-07-26T00:00:00"}
[demand] attempt {"demand":"order 5","attempt":1649,"quantity":10,"requestDate":"2013-07-26T00:00:00","lastDate":"2014-01-19T00:00:00"}
[operation] ask {"demand":"order 5","operation":"delivery end item","quantity":10,"end":"2013-07-26T00:00:00"}
[buffer] ask {"demand":null,"buffer":"end item","requested":10,"date":"2013-07-25T00:00:00","onhand":10}
[demand] reply {"demand":"order 5","attempt":1649,"result":false,"quantity":0,"date":"2013-07-27T00:00:00"}
[demand] attempt {"demand":"order 5","attempt":1650,"quantity":10,"requestDate":"2013-07-27T00:00:00","lastDate":"2014-01-19T00:00:00"}
[operation] ask {"demand":"order 5","operation":"delivery end item","quantity":10,"end":"2013-07-27T00:00:00"}
[buffer] ask {"demand":null,"buffer":"end item","requested":10,"date":"2013-07-26T00:00:00","onhand":10}
[demand] reply {"demand":"order 5","attempt":1650,"result":false,"quantity":0,"date":"2013-07-28T00:00:00"}
[demand] attempt {"demand":"order 5","attempt":1651,"quantity":10,"requestDate":"2013-07-28T00:00:00","lastDate":"2014-01-19T00:00:00"}
[operation] ask {"demand":"order 5","operation":"delivery end item","quantity":10,"end":"2013-07-28T00:00:00"}
[buffer] ask {"demand":null,"buffer":"end item","requested":10,"date":"2013-07-27T00:00:00","onhand":10}
[demand] reply {"demand":"order 5","attempt":1651,"result":false,"quantity":0,"date":"2013-07-29T00:00:00"}
[demand] attempt {"demand":"order 5","attempt":1652,"quantity":10,"requestDate":"2013-07-29T00:00:00","lastDate":"2014-01-19T00:00:00"}
[operation] ask {"demand":"order 5","operation":"delivery end item","quantity":10,"end":"2013-07-29T00:00:00"}
[buffer] ask {"demand":null,"buffer":"end item","requested":10,"date":"2013-07-28T00:00:00","onhand":10}
[demand] reply {"demand":"order 5","attempt":1652,"result":false,"quantity":0,"date":"2013-07-30T00:00:00"}
[demand] attempt {"demand":"order 5","attempt":1653,"quantity":10,"requestDate":"2013-07-30T00:00:00","lastDate":"2014-01-19T00:00:00"}
[operation] ask {"demand":"order 5","operation":"delivery end item","quantity":10,"end":"2013-07-30T00:00:00"}
[buffer] ask {"demand":null,"buffer":"end item","requested":10,"date":"2013-07-29T00:00:00","onhand":10}
[demand] reply {"demand":"order 5","attempt":1653,"result":false,"quantity":0,"date":"2013-07-31T00:00:00"}
[demand] attempt {"demand":"order 5","attempt":1654,"quantity":10,"requestDate":"2013-07-31T00:00:00","lastDate":"2014-01-19T00:00:00"}
[operation] ask {"demand":"order 5","operation":"delivery end item","quantity":10,"end":"2013-07-31T00:00:00"}
[buffer] ask {"demand":null,"buffer":"end item","requested":10,"date":"2013-07-30T00:00:00","onhand":10}
[demand] reply {"demand":"order 5","attempt":1654,"result":false,"quantity":0,"date":"2013-08-01T00:00:00"}
[demand] attempt {"demand":"order 5","attempt":1655,"quantity":10,"requestDate":"2013-08-01T00:00:00","lastDate":"2014-01-19T00:00:00"}
[operation] ask {"demand":"order 5","operation":"delivery end item","quantity":10,"end":"2013-08-01T00:00:00"}
[buffer] ask {"demand":null,"buffer":"end item","requested":10,"date":"2013-07-31T00:00:00","onhand":10}
[demand] reply {"demand":"order 5","attempt":1655,"result":false,"quantity":0,"date":"2013-08-02T00:00:00"}
[demand] attempt {"demand":"order 5","attempt":1656,"quantity":10,"requestDate":"2013-08-02T00:00:00","lastDate":"2014-01-19T00:00:00"}
[operation] ask {"demand":"order 5","operation":"delivery end item","quantity":10,"end":"2013-08-02T00:00:00"}
[buffer] ask {"demand":null,"buffer":"end item","requested":10,"date":"2013-08-01T00:00:00","onhand":10}
[demand] reply {"demand":"order 5","attempt":1656,"result":false,"quantity":0,"date":"2013-08-03T00:00:00"}
[demand] attempt {"demand":"order 5","attempt":1657,"quantity":10,"requestDate":"2013-08-03T00:00:00","lastDate":"2014-01-19T00:00:00"}
[operation] ask {"demand":"order 5","operation":"delivery end item","quantity":10,"end":"2013-08-03T00:00:00"}
[buffer] ask {"demand":null,"buffer":"end item","requested":10,"date":"2013-08-02T00:00:00","onhand":10}
[demand] reply {"demand":"order 5","attempt":1657,"result":false,"quantity":0,"date":"2013-08-04T00:00:00"}
[demand] attempt {"demand":"order 5","attempt":1658,"quantity":10,"requestDate":"2013-08-04T00:00:00","lastDate":"2014-01-19T00:00:00"}
[operation] ask {"demand":"order 5","operation":"delivery end item","quantity":10,"end":"2013-08-04T00:00:00"}
[buffer] ask {"demand":null,"buffer":"end item","requested":10,"date":"2013-08-03T00:00:00","onhand":10}
[demand] reply {"demand":"order 5","attempt":1658,"result":false,"quantity":0,"date":"2013-08-05T00:00:00"}
[demand] attempt {"demand":"order 5","attempt":1659,"quantity":10,"requestDate":"2013-08-05T00:00:00","lastDate":"2014-01-19T00:00:00"}
[operation] ask {"demand":"order 5","operation":"delivery end item","quantity":10,"end":"2013-08-05T00:00:00"}
[buffer] ask {"demand":null,"buffer":"end item","requested":10,"date":"2013-08-04T00:00:00","onhand":10}
[demand] reply {"demand":"order 5","attempt":1659,"result":false,"quantity":0,"date":"2013-08-06T00:00:00"}
[demand] attempt {"demand":"order 5","attempt":1660,"quantity":10,"requestDate":"2013-08-06T00:00:00","lastDate":"2014-01-19T00:00:00"}
[operation] ask {"demand":"order 5","operation":"delivery end item","quantity":10,"end":"2013-08-06T00:00:00"}
[buffer] ask {"demand":null,"buffer":"end item","requested":10,"date":"2013-08-05T00:00:00","onhand":10}
[demand] reply {"demand":"order 5","attempt":1660,"result":false,"quantity":0,"date":"2013-08-07T00:00:00"}
[demand] attempt {"demand":"order 5","attempt":1661,"quantity":10,"requestDate":"2013-08-07T00:00:00","lastDate":"2014-01-19T00:00:00"}
[operation] ask {"demand":"order 5","operation":"delivery end item","quantity":10,"end":"2013-08-07T00:00:00"}
[buffer] ask {"demand":null,"buffer":"end item","requested":10,"date":"2013-08-06T00:00:00","onhand":10}
[demand] reply {"demand":"order 5","attempt":1661,"result":false,"quantity":0,"date":"2013-08-08T00:00:00"}
[demand] attempt {"demand":"order 5","attempt":1662,"quantity":10,"requestDate":"2013-08-08T00:00:00","lastDate":"2014-01-19T00:00:00"}
[operation] ask {"demand":"order 5","operation":"delivery end item","quantity":10,"end":"2013-08-08T00:00:00"}
[buffer] ask {"demand":null,"buffer":"end item","requested":10,"date":"2013-08-07T00:00:00","onhand":10}
[demand] reply {"demand":"order 5","attempt":1662,"result":false,"quantity":0,"date":"2013-08-09T00:00:00"}
[demand] attempt {"demand":"order 5","attempt":1663,"quantity":10,"requestDate":"2013-08-09T00:00:00","lastDate":"2014-01-19T00:00:00"}
[operation] ask {"demand":"order 5","operation":"delivery end item","quantity":10,"end":"2013-08-09T00:00:00"}
[buffer] ask {"demand":null,"buffer":"end item","requested":10,"date":"2013-08-08T00:00:00","onhand":10}
[demand] reply {"demand":"order 5","attempt":1663,"result":false,"quantity":0,"date":"2013-08-10T00:00:00"}
[demand] attempt {"demand":"order 5","attempt":1664,"quantity":10,"requestDate":"2013-08-10T00:00:00","lastDate":"2014-01-19T00:00:00"}
[operation] ask {"demand":"order 5","operation":"delivery end item","quantity":10,"end":"2013-08-10T00:00:00"}
[buffer] ask {"demand":null,"buffer":"end item","requested":10,"date":"2013-08-09T00:00:00","onhand":10}
[demand] reply {"demand":"order 5","attempt":1664,"result":false,"quantity":0,"date":"2013-08-11T00:00:00"}
[demand] attempt {"demand":"order 5","attempt":1665,"quantity":10,"requestDate":"2013-08-11T00:00:00","lastDate":"2014-01-19T00:00:00"}
[operation] ask {"demand":"order 5","operation":"delivery end item","quantity":10,"end":"2013-08-11T00:00:00"}
[buffer] ask {"demand":null,"buffer":"end item","requested":10,"date":"2013-08-10T00:00:00","onhand":10}
[demand] reply {"demand":"order 5","attempt":1665,"result":false,"quantity":0,"date":"2013-08-12T00:00:00"}
[demand] attempt {"demand":"order 5","attempt":1666,"quantity":10,"requestDate":"2013-08-12T00:00:00","lastDate":"2014-01-19T00:00:00"}
[operation] ask {"demand":"order 5","operation":"delivery end item","quantity":10,"end":"2013-08-12T00:00:00"}
[buffer] ask {"demand":null,"buffer":"end item","requested":10,"date":"2013-08-11T00:00:00","onhand":10}
[demand] reply {"demand":"order 5","attempt":1666,"result":false,"quantity":0,"date":"2013-08-13T00:00:00"}
[demand] attempt {"demand":"order 5","attempt":1667,"quantity":10,"requestDate":"2013-08-13T00:00:00","lastDate":"2014-01-19T00:00:00"}
[operation] ask {"demand":"order 5","operation":"delivery end item","quantity":10,"end":"2013-08-13T00:00:00"}
[buffer] ask {"demand":null,"buffer":"end item","requested":10,"date":"2013-08-12T00:00:00","onhand":10}
[demand] reply {"demand":"order 5","attempt":1667,"result":false,"quantity":0,"date":"2013-08-14T00:00:00"}
[demand] attempt {"demand":"order 5","attempt":1668,"quantity":10,"requestDate":"2013-08-14T00:00:00","lastDate":"2014-01-19T00:00:00"}
[operation] ask {"demand":"order 5","operation":"delivery end item","quantity":10,"end":"2013-08-14T00:00:00"}
[buffer] ask {"demand":null,"buffer":"end item","requested":10,"date":"2013-08-13T00:00:00","onhand":10}
[demand] reply {"demand":"order 5","attempt":1668,"result":false,"quantity":0,"date":"2013-08-15T00:00:00"}
[demand] attempt {"demand":"order 5","attempt":1669,"quantity":10,"requestDate":"2013-08-15T00:00:00","lastDate":"2014-01-19T00:00:00"}
[operation] ask {"demand":"order 5","operation":"delivery end item","quantity":10,"end":"2013-08-15T00:00:00"}
[buffer] ask {"demand":null,"buffer":"end item","requested":10,"date":"2013-08-14T00:00:00","onhand":10}
[demand] reply {"demand":"order 5","attempt":1669,"result":false,"quantity":0,"date":"2013-08-16T00:00:00"}
[demand] attempt {"demand":"order 5","attempt":1670,"quantity":10,"requestDate":"2013-08-16T00:00:00","lastDate":"2014-01-19T00:00:00"}
[operation] ask {"demand":"order 5","operation":"delivery end item","quantity":10,"end":"2013-08-16T00:00:00"}
[buffer] ask {"demand":null,"buffer":"end item","requested":10,"date":"2013-08-15T00:00:00","onhand":10}
[demand] reply {"demand":"order 5","attempt":1670,"result":false,"quantity":0,"date":"2013-08-17T00:00:00"}
[demand] attempt {"demand":"order 5","attempt":1671,"quantity":10,"requestDate":"2013-08-17T00:00:00","lastDate":"2014-01-19T00:00:00"}
[operation] ask {"demand":"order 5","operation":"delivery end item","quantity":10,"end":"2013-08-17T00:00:00"}
[buffer] ask {"demand":null,"buffer":"end item","requested":10,"date":"2013-08-16T00:00:00","onhand":10}
[demand] reply {"demand":"order 5","attempt":1671,"result":false,"quantity":0,"date":"2013-08-18T00:00:00"}
[demand] attempt {"demand":"order 5","attempt":1672,"quantity":10,"requestDate":"2013-08-18T00:00:00","lastDate":"2014-01-19T00:00:00"}
[operation] ask {"demand":"order 5","operation":"delivery end item","quantity":10,"end":"2013-08-18T00:00:00"}
[buffer] ask {"demand":null,"buffer":"end item","requested":10,"date":"2013-08-17T00:00:00","onhand":10}
[demand] reply {"demand":"order 5","attempt":1672,"result":false,"quantity":0,"date":"2013-08-19T00:00:00"}
[demand] attempt {"demand":"order 5","attempt":1673,"quantity":10,"requestDate":"2013-08-19T00:00:00","lastDate":"2014-01-19T00:00:00"}
[operation] ask {"demand":"order 5","operation":"delivery end item","quantity":10,"end":"2013-08-19T00:00:00"}
[buffer] ask {"demand":null,"buffer":"end item","requested":10,"date":"2013-08-18T00:00:00","onhand":10}
[demand] reply {"demand":"order 5","attempt":1673,"result":false,"quantity":0,"date":"2013-08-20T00:00:00"}
[demand] attempt {"demand":"order 5","attempt":1674,"quantity":10,"requestDate":"2013-08-20T00:00:00","lastDate":"2014-01-19T00:00:00"}
[operation] ask {"demand":"order 5","operation":"delivery end item","quantity":10,"end":"2013-08-20T00:00:00"}
[buffer] ask {"demand":null,"buffer":"end item","requested":10,"date":"2013-08-19T00:00:00","onhand":10}
[demand] reply {"demand":"order 5","attempt":1674,"result":false,"quantity":0,"date":"2013-08-21T00:00:00"}
[demand] attempt {"demand":"order 5","attempt":1675,"quantity":10,"requestDate":"2013-08-21T00:00:00","lastDate":"2014-01-19T00:00:00"}
[operation] ask {"demand":"order 5","operation":"delivery end item","quantity":10,"end":"2013-08-21T00:00:00"}
[buffer] ask {"demand":null,"buffer":"end item","requested":10,"date":"2013-08-20T00:00:00","onhand":10}
[demand] reply {"demand":"order 5","attempt":1675,"result":false,"quantity":0,"date":"2013-08-22T00:00:00"}
[demand] attempt {"demand":"order 5","attempt":1676,"quantity":10,"requestDate":"2013-08-22T00:00:00","lastDate":"2014-01-19T00:00:00"}
[operation] ask {"demand":"order 5","operation":"delivery end item","quantity":10,"end":"2013-08-22T00:00:00"}
[buffer] ask {"demand":null,"buffer":"end item","requested":10,"date":"2013-08-21T00:00:00","onhand":10}
[demand] reply {"demand":"order 5","attempt":1676,"result":false,"quantity":0,"date":"2013-08-23T00:00:00"}
[demand] attempt {"demand":"order 5","attempt":1677,"quantity":10,"requestDate":"2013-08-23T00:00:00","lastDate":"2014-01-19T00:00:00"}
[operation] ask {"demand":"order 5","operation":"delivery end item","quantity":10,"end":"2013-08-23T00:00:00"}
[buffer] ask {"demand":null,"buffer":"end item","requested":10,"date":"2013-08-22T00:00:00","onhand":10}
[demand] reply {"demand":"order 5","attempt":1677,"result":false,"quantity":0,"date":"2013-08-24T00:00:00"}
[demand] attempt {"demand":"order 5","attempt":1678,"quantity":10,"requestDate":"2013-08-24T00:00:00","lastDate":"2014-01-19T00:00:00"}
[operation] ask {"demand":"order 5","operation":"delivery end item","quantity":10,"end":"2013-08-24T00:00:00"}
[buffer] ask {"demand":null,"buffer":"end item","requested":10,"date":"2013-08-23T00:00:00","onhand":10}
[demand] reply {"demand":"order 5","attempt":1678,"result":false,"quantity":0,"date":"2013-08-25T00:00:00"}
[demand] attempt {"demand":"order 5","attempt":1679,"quantity":10,"requestDate":"2013-08-25T00:00:00","lastDate":"2014-01-19T00:00:00"}
[operation] ask {"demand":"order 5","operation":"delivery end item","quantity":10,"end":"2013-08-25T00:00:00"}
[buffer] ask {"demand":null,"buffer":"end item","requested":10,"date":"2013-08-24T00:00:00","onhand":10}
[demand] reply {"demand":"order 5","attempt":1679,"result":false,"quantity":0,"date":"2013-08-26T00:00:00"}
[demand] attempt {"demand":"order 5","attempt":1680,"quantity":10,"requestDate":"2013-08-26T00:00:00","lastDate":"2014-01-19T00:00:00"}
[operation] ask {"demand":"order 5","operation":"delivery end item","quantity":10,"end":"2013-08-26T00:00:00"}
[buffer] ask {"demand":null,"buffer":"end item","requested":10,"date":"2013-08-25T00:00:00","onhand":10}
[demand] reply {"demand":"order 5","attempt":1680,"result":false,"quantity":0,"date":"2013-08-27T00:00:00"}
[demand] attempt {"demand":"order 5","attempt":1681,"quantity":10,"requestDate":"2013-08-27T00:00:00","lastDate":"2014-01-19T00:00:00"}
[operation] ask {"demand":"order 5","operation":"delivery end item","quantity":10,"end":"2013-08-27T00:00:00"}
[buffer] ask {"demand":null,"buffer":"end item","requested":10,"date":"2013-08-26T00:00:00","onhand":10}
[demand] reply {"demand":"order 5","attempt":1681,"result":false,"quantity":0,"date":"2013-08-28T00:00:00"}
[demand] attempt {"demand":"order 5","attempt":1682,"quantity":10,"requestDate":"2013-08-28T00:00:00","lastDate":"2014-01-19T00:00:00"}
[operation] ask {"demand":"order 5","operation":"delivery end item","quantity":10,"end":"2013-08-28T00:00:00"}
[buffer] ask {"demand":null,"buffer":"end item","requested":10,"date":"2013-08-27T00:00:00","onhand":10}
[demand] reply {"demand":"order 5","attempt":1682,"result":false,"quantity":0,"date":"2013-08-29T00:00:00"}
[demand] attempt {"demand":"order 5","attempt":1683,"quantity":10,"requestDate":"2013-08-29T00:00:00","lastDate":"2014-01-19T00:00:00"}
[operation] ask {"demand":"order 5","operation":"delivery end item","quantity":10,"end":"2013-08-29T00:00:00"}
[buffer] ask {"demand":null,"buffer":"end item","requested":10,"date":"2013-08-28T00:00:00","onhand":10}
[demand] reply {"demand":"order 5","attempt":1683,"result":false,"quantity":0,"date":"2013-08-30T00:00:00"}
[demand] attempt {"demand":"order 5","attempt":1684,"quantity":10,"requestDate":"2013-08-30T00:00:00","lastDate":"2014-01-19T00:00:00"}
[operation] ask {"demand":"order 5","operation":"delivery end item","quantity":10,"end":"2013-08-30T00:00:00"}
[buffer] ask {"demand":null,"buffer":"end item","requested":10,"date":"2013-08-29T00:00:00","onhand":10}
[demand] reply {"demand":"order 5","attempt":1684,"result":false,"quantity":0,"date":"2013-08-31T00:00:00"}
[demand] attempt {"demand":"order 5","attempt":1685,"quantity":10,"requestDate":"2013-08-31T00:00:00","lastDate":"2014-01-19T00:00:00"}
[operation] ask {"demand":"order 5","operation":"delivery end item","quantity":10,"end":"2013-08-31T00:00:00"}
[buffer] ask {"demand":null,"buffer":"end item","requested":10,"date":"2013-08-30T00:00:00","onhand":10}
[demand] reply {"demand":"order 5","attempt":1685,"result":false,"quantity":0,"date":"2013-09-01T00:00:00"}
[demand] attempt {"demand":"order 5","attempt":1686,"quantity":10,"requestDate":"2013-09-01T00:00:00","lastDate":"2014-01-19T00:00:00"}
[operation] ask {"demand":"order 5","operation":"delivery end item","quantity":10,"end":"2013-09-01T00:00:00"}
[buffer] ask {"demand":null,"buffer":"end item","requested":10,"date":"2013-08-31T00:00:00","onhand":10}
[demand] reply {"demand":"order 5","attempt":1686,"result":false,"quantity":0,"date":"2013-09-02T00:00:00"}
[demand] attempt {"demand":"order 5","attempt":1687,"quantity":10,"requestDate":"2013-09-02T00:00:00","lastDate":"2014-01-19T00:00:00"}
[operation] ask {"demand":"order 5","operation":"delivery end item","quantity":10,"end":"2013-09-02T00:00:00"}
[buffer] ask {"demand":null,"buffer":"end item","requested":10,"date":"2013-09-01T00:00:00","onhand":10}
[demand] reply {"demand":"order 5","attempt":1687,"result":false,"quantity":0,"date":"2013-09-03T00:00:00"}
[demand] attempt {"demand":"order 5","attempt":1688,"quantity":10,"requestDate":"2013-09-03T00:00:00","lastDate":"2014-01-19T00:00:00"}
[operation] ask {"demand":"order 5","operation":"delivery end item","quantity":10,"end":"2013-09-03T00:00:00"}
[buffer] ask {"demand":null,"buffer":"end item","requested":10,"date":"2013-09-02T00:00:00","onhand":10}
[demand] reply {"demand":"order 5","attempt":1688,"result":false,"quantity":0,"date":"2013-09-04T00:00:00"}
[demand] attempt {"demand":"order 5","attempt":1689,"quantity":10,"requestDate":"2013-09-04T00:00:00","lastDate":"2014-01-19T00:00:00"}
[operation] ask {"demand":"order 5","operation":"delivery end item","quantity":10,"end":"2013-09-04T00:00:00"}
[buffer] ask {"demand":null,"buffer":"end item","requested":10,"date":"2013-09-03T00:00:00","onhand":10}
[demand] reply {"demand":"order 5","attempt":1689,"result":false,"quantity":0,"date":"2013-09-05T00:00:00"}
[demand] attempt {"demand":"order 5","attempt":1690,"quantity":10,"requestDate":"2013-09-05T00:00:00","lastDate":"2014-01-19T00:00:00"}
[operation] ask {"demand":"order 5","operation":"delivery end item","quantity":10,"end":"2013-09-05T00:00:00"}
[buffer] ask {"demand":null,"buffer":"end item","requested":10,"date":"2013-09-04T00:00:00","onhand":10}
[demand] reply {"demand":"order 5","attempt":1690,"result":false,"quantity":0,"date":"2013-09-06T00:00:00"}
[demand] attempt {"demand":"order 5","attempt":1691,"quantity":10,"requestDate":"2013-09-06T00:00:00","lastDate":"2014-01-19T00:00:00"}
[operation] ask {"demand":"order 5","operation":"delivery end item","quantity":10,"end":"2013-09-06T00:00:00"}
[buffer] ask {"demand":null,"buffer":"end item","requested":10,"date":"2013-09-05T00:00:00","onhand":10}
[demand] reply {"demand":"order 5","attempt":1691,"result":false,"quantity":0,"date":"2013-09-07T00:00:00"}
[demand] attempt {"demand":"order 5","attempt":1692,"quantity":10,"requestDate":"2013-09-07T00:00:00","lastDate":"2014-01-19T00:00:00"}
[operation] ask {"demand":"order 5","operation":"delivery end item","quantity":10,"end":"2013-09-07T00:00:00"}
[buffer] ask {"demand":null,"buffer":"end item","requested":10,"date":"2013-09-06T00:00:00","onhand":10}
[demand] reply {"demand":"order 5","attempt":1692,"result":false,"quantity":0,"date":"2013-09-08T00:00:00"}
[demand] attempt {"demand":"order 5","attempt":1693,"quantity":10,"requestDate":"2013-09-08T00:00:00","lastDate":"2014-01-19T00:00:00"}
[operation] ask {"demand":"order 5","operation":"delivery end item","quantity":10,"end":"2013-09-08T00:00:00"}
[buffer] ask {"demand":null,"buffer":"end item","requested":10,"date":"2013-09-07T00:00:00","onhand":10}
[demand] reply {"demand":"order 5","attempt":1693,"result":false,"quantity":0,"date":"2013-09-09T00:00:00"}
[demand] attempt {"demand":"order 5","attempt":1694,"quantity":10,"requestDate":"2013-09-09T00:00:00","lastDate":"2014-01-19T00:00:00"}
[operation] ask {"demand":"order 5","operation":"delivery end item","quantity":10,"end":"2013-09-09T00:00:00"}
[buffer] ask {"demand":null,"buffer":"end item","requested":10,"date":"2013-09-08T00:00:00","onhand":10}
[demand] reply {"demand":"order 5","attempt":1694,"result":false,"quantity":0,"date":"2013-09-10T00:00:00"}
[demand] attempt {"demand":"order 5","attempt":1695,"quantity":10,"requestDate":"2013-09-10T00:00:00","lastDate":"2014-01-19T00:00:00"}
[operation] ask {"demand":"order 5","operation":"delivery end item","quantity":10,"end":"2013-09-10T00:00:00"}
[buffer] ask {"demand":null,"buffer":"end item","requested":10,"date":"2013-09-09T00:00:00","onhand":10}
[demand] reply {"demand":"order 5","attempt":1695,"result":false,"quantity":0,"date":"2013-09-11T00:00:00"}
[demand] attempt {"demand":"order 5","attempt":1696,"quantity":10,"requestDate":"2013-09-11T00:00:00","lastDate":"2014-01-19T00:00:00"}
[operation] ask {"demand":"order 5","operation":"delivery end item","quantity":10,"end":"2013-09-11T00:00:00"}
[buffer] ask {"demand":null,"buffer":"end item","requested":10,"date":"2013-09-10T00:00:00","onhand":10}
[demand] reply {"demand":"order 5","attempt":1696,"result":false,"quantity":0,"date":"2013-09-12T00:00:00"}
[demand] attempt {"demand":"order 5","attempt":1697,"quantity":10,"requestDate":"2013-09-12T00:00:00","lastDate":"2014-01-19T00:00:00"}
[operation] ask {"demand":"order 5","operation":"delivery end item","quantity":10,"end":"2013-09-12T00:00:00"}
[buffer] ask {"demand":null,"buffer":"end item","requested":10,"date":"2013-09-11T00:00:00","onhand":10}
[demand] reply {"demand":"order 5","attempt":1697,"result":false,"quantity":0,"date":"2013-09-13T00:00:00"}
[demand] attempt {"demand":"order 5","attempt":1698,"quantity":10,"requestDate":"2013-09-13T00:00:00","lastDate":"2014-01-19T00:00:00"}
[operation] ask {"demand":"order 5","operation":"delivery end item","quantity":10,"end":"2013-09-13T00:00:00"}
[buffer] ask {"demand":null,"buffer":"end item","requested":10,"date":"2013-09-12T00:00:00","onhand":10}
[demand] reply {"demand":"order 5","attempt":1698,"result":false,"quantity":0,"date":"2013-09-14T00:00:00"}
[demand] attempt {"demand":"order 5","attempt":1699,"quantity":10,"requestDate":"2013-09-14T00:00:00","lastDate":"2014-01-19T00:00:00"}
[operation] ask {"demand":"order 5","operation":"delivery end item","quantity":10,"end":"2013-09-14T00:00:00"}
[buffer] ask {"demand":null,"buffer":"end item","requested":10,"date":"2013-09-13T00:00:00","onhand":10}
[demand] reply {"demand":"order 5","attempt":1699,"result":false,"quantity":0,"date":"2013-09-15T00:00:00"}
[demand] attempt {"demand":"order 5","attempt":1700,"quantity":10,"requestDate":"2013-09-15T00:00:00","lastDate":"2014-01-19T00:00:00"}
[operation] ask {"demand":"order 5","operation":"delivery end item","quantity":10,"end":"2013-09-15T00:00:00"}
[buffer] ask {"demand":null,"buffer":"end item","requested":10,"date":"2013-09-14T00:00:00","onhand":10}
[demand] reply {"demand":"order 5","attempt":1700,"result":false,"quantity":0,"date":"2013-09-16T00:00:00"}
[demand] attempt {"demand":"order 5","attempt":1701,"quantity":10,"requestDate":"2013-09-16T00:00:00","lastDate":"2014-01-19T00:00:00"}
[operation] ask {"demand":"order 5","operation":"delivery end item","quantity":10,"end":"2013-09-16T00:00:00"}
[buffer] ask {"demand":null,"buffer":"end item","requested":10,"date":"2013-09-15T00:00:00","onhand":10}
[demand] reply {"demand":"order 5","attempt":1701,"result":false,"quantity":0,"date":"2013-09-17T00:00:00"}
[demand] attempt {"demand":"order 5","attempt":1702,"quantity":10,"requestDate":"2013-09-17T00:00:00","lastDate":"2014-01-19T00:00:00"}
[operation] ask {"demand":"order 5","operation":"delivery end item","quantity":10,"end":"2013-09-17T00:00:00"}
[buffer] ask {"demand":null,"buffer":"end item","requested":10,"date":"2013-09-16T00:00:00","onhand":10}
[demand] reply {"demand":"order 5","attempt":1702,"result":false,"quantity":0,"date":"2013-09-18T00:00:00"}
[demand] attempt {"demand":"order 5","attempt":1703,"quantity":10,"requestDate":"2013-09-18T00:00:00","lastDate":"2014-01-19T00:00:00"}
[operation] ask {"demand":"order 5","operation":"delivery end item","quantity":10,"end":"2013-09-18T00:00:00"}
[buffer] ask {"demand":null,"buffer":"end item","requested":10,"date":"2013-09-17T00:00:00","onhand":10}
[demand] reply {"demand":"order 5","attempt":1703,"result":false,"quantity":0,"date":"2013-09-19T00:00:00"}
[demand] attempt {"demand":"order 5","attempt":1704,"quantity":10,"requestDate":"2013-09-19T00:00:00","lastDate":"2014-01-19T00:00:00"}
[operation] ask {"demand":"order 5","operation":"delivery end item","quantity":10,"end":"2013-09-19T00:00:00"}
[buffer] ask {"demand":null,"buffer":"end item","requested":10,"date":"2013-09-18T00:00:00","onhand":10}
[demand] reply {"demand":"order 5","attempt":1704,"result":false,"quantity":0,"date":"2013-09-20T00:00:00"}
[demand] attempt {"demand":"order 5","attempt":1705,"quantity":10,"requestDate":"2013-09-20T00:00:00","lastDate":"2014-01-19T00:00:00"}
[operation] ask {"demand":"order 5","operation":"delivery end item","quantity":10,"end":"2013-09-20T00:00:00"}
[buffer] ask {"demand":null,"buffer":"end item","requested":10,"date":"2013-09-19T00:00:00","onhand":10}
[demand] reply {"demand":"order 5","attempt":1705,"result":false,"quantity":0,"date":"2013-09-21T00:00:00"}
[demand] attempt {"demand":"order 5","attempt":1706,"quantity":10,"requestDate":"2013-09-21T00:00:00","lastDate":"2014-01-19T00:00:00"}
[operation] ask {"demand":"order 5","operation":"delivery end item","quantity":10,"end":"2013-09-21T00:00:00"}
[buffer] ask {"demand":null,"buffer":"end item","requested":10,"date":"2013-09-20T00:00:00","onhand":10}
[demand] reply {"demand":"order 5","attempt":1706,"result":false,"quantity":0,"date":"2013-09-22T00:00:00"}
[demand] attempt {"demand":"order 5","attempt":1707,"quantity":10,"requestDate":"2013-09-22T00:00:00","lastDate":"2014-01-19T00:00:00"}
[operation] ask {"demand":"order 5","operation":"delivery end item","quantity":10,"end":"2013-09-22T00:00:00"}
[buffer] ask {"demand":null,"buffer":"end item","requested":10,"date":"2013-09-21T00:00:00","onhand":10}
[demand] reply {"demand":"order 5","attempt":1707,"result":false,"quantity":0,"date":"2013-09-23T00:00:00"}
[demand] attempt {"demand":"order 5","attempt":1708,"quantity":10,"requestDate":"2013-09-23T00:00:00","lastDate":"2014-01-19T00:00:00"}
[operation] ask {"demand":"order 5","operation":"delivery end item","quantity":10,"end":"2013-09-23T00:00:00"}
[buffer] ask {"demand":null,"buffer":"end item","requested":10,"date":"2013-09-22T00:00:00","onhand":10}
[demand] reply {"demand":"order 5","attempt":1708,"result":false,"quantity":0,"date":"2013-09-24T00:00:00"}
[demand] attempt {"demand":"order 5","attempt":1709,"quantity":10,"requestDate":"2013-09-24T00:00:00","lastDate":"2014-01-19T00:00:00"}
[operation] ask {"demand":"order 5","operation":"delivery end item","quantity":10,"end":"2013-09-24T00:00:00"}
[buffer] ask {"demand":null,"buffer":"end item","requested":10,"date":"2013-09-23T00:00:00","onhand":10}
[demand] reply {"demand":"order 5","attempt":1709,"result":false,"quantity":0,"date":"2013-09-25T00:00:00"}
[demand] attempt {"demand":"order 5","attempt":1710,"quantity":10,"requestDate":"2013-09-25T00:00:00","lastDate":"2014-01-19T00:00:00"}
[operation] ask {"demand":"order 5","operation":"delivery end item","quantity":10,"end":"2013-09-25T00:00:00"}
[buffer] ask {"demand":null,"buffer":"end item","requested":10,"date":"2013-09-24T00:00:00","onhand":10}
[demand] reply {"demand":"order 5","attempt":1710,"result":false,"quantity":0,"date":"2013-09-26T00:00:00"}
[demand] attempt {"demand":"order 5","attempt":1711,"quantity":10,"requestDate":"2013-09-26T00:00:00","lastDate":"2014-01-19T00:00:00"}
[operation] ask {"demand":"order 5","operation":"delivery end item","quantity":10,"end":"2013-09-26T00:00:00"}
[buffer] ask {"demand":null,"buffer":"end item","requested":10,"date":"2013-09-25T00:00:00","onhand":10}
[demand] reply {"demand":"order 5","attempt":1711,"result":false,"quantity":0,"date":"2013-09-27T00:00:00"}
[demand] attempt {"demand":"order 5","attempt":1712,"quantity":10,"requestDate":"2013-09-27T00:00:00","lastDate":"2014-01-19T00:00:00"}
[operation] ask {"demand":"order 5","operation":"delivery end item","quantity":10,"end":"2013-09-27T00:00:00"}
[buffer] ask {"demand":null,"buffer":"end item","requested":10,"date":"2013-09-26T00:00:00","onhand":10}
[demand] reply {"demand":"order 5","attempt":1712,"result":false,"quantity":0,"date":"2013-09-28T00:00:00"}
[demand] attempt {"demand":"order 5","attempt":1713,"quantity":10,"requestDate":"2013-09-28T00:00:00","lastDate":"2014-01-19T00:00:00"}
[operation] ask {"demand":"order 5","operation":"delivery end item","quantity":10,"end":"2013-09-28T00:00:00"}
[buffer] ask {"demand":null,"buffer":"end item","requested":10,"date":"2013-09-27T00:00:00","onhand":10}
[demand] reply {"demand":"order 5","attempt":1713,"result":false,"quantity":0,"date":"2013-09-29T00:00:00"}
[demand] attempt {"demand":"order 5","attempt":1714,"quantity":10,"requestDate":"2013-09-29T00:00:00","lastDate":"2014-01-19T00:00:00"}
[operation] ask {"demand":"order 5","operation":"delivery end item","quantity":10,"end":"2013-09-29T00:00:00"}
[buffer] ask {"demand":null,"buffer":"end item","requested":10,"date":"2013-09-28T00:00:00","onhand":10}
[demand] reply {"demand":"order 5","attempt":1714,"result":false,"quantity":0,"date":"2013-09-30T00:00:00"}
[demand] attempt {"demand":"order 5","attempt":1715,"quantity":10,"requestDate":"2013-09-30T00:00:00","lastDate":"2014-01-19T00:00:00"}
[operation] ask {"demand":"order 5","operation":"delivery end item","quantity":10,"end":"2013-09-30T00:00:00"}
[buffer] ask {"demand":null,"buffer":"end item","requested":10,"date":"2013-09-29T00:00:00","onhand":10}
[demand] reply {"demand":"order 5","attempt":1715,"result":false,"quantity":0,"date":"2013-10-01T00:00:00"}
[demand] attempt {"demand":"order 5","attempt":1716,"quantity":10,"requestDate":"2013-10-01T00:00:00","lastDate":"2014-01-19T00:00:00"}
[operation] ask {"demand":"order 5","operation":"delivery end item","quantity":10,"end":"2013-10-01T00:00:00"}
[buffer] ask {"demand":null,"buffer":"end item","requested":10,"date":"2013-09-30T00:00:00","onhand":10}
[demand] reply {"demand":"order 5","attempt":1716,"result":false,"quantity":0,"date":"2013-10-02T00:00:00"}
[demand] attempt {"demand":"order 5","attempt":1717,"quantity":10,"requestDate":"2013-10-02T00:00:00","lastDate":"2014-01-19T00:00:00"}
[operation] ask {"demand":"order 5","operation":"delivery end item","quantity":10,"end":"2013-10-02T00:00:00"}
[buffer] ask {"demand":null,"buffer":"end item","requested":10,"date":"2013-10-01T00:00:00","onhand":10}
[demand] reply {"demand":"order 5","attempt":1717,"result":false,"quantity":0,"date":"2013-10-03T00:00:00"}
[demand] attempt {"demand":"order 5","attempt":1718,"quantity":10,"requestDate":"2013-10-03T00:00:00","lastDate":"2014-01-19T00:00:00"}
[operation] ask {"demand":"order 5","operation":"delivery end item","quantity":10,"end":"2013-10-03T00:00:00"}
[buffer] ask {"demand":null,"buffer":"end item","requested":10,"date":"2013-10-02T00:00:00","onhand":10}
[demand] reply {"demand":"order 5","attempt":1718,"result":false,"quantity":0,"date":"2013-10-04T00:00:00"}
[demand] attempt {"demand":"order 5","attempt":1719,"quantity":10,"requestDate":"2013-10-04T00:00:00","lastDate":"2014-01-19T00:00:00"}
[operation] ask {"demand":"order 5","operation":"delivery end item","quantity":10,"end":"2013-10-04T00:00:00"}
[buffer] ask {"demand":null,"buffer":"end item","requested":10,"date":"2013-10-03T00:00:00","onhand":10}
[demand] reply {"demand":"order 5","attempt":1719,"result":false,"quantity":0,"date":"2013-10-05T00:00:00"}
[demand] attempt {"demand":"order 5","attempt":1720,"quantity":10,"requestDate":"2013-10-05T00:00:00","lastDate":"2014-01-19T00:00:00"}
[operation] ask {"demand":"order 5","operation":"delivery end item","quantity":10,"end":"2013-10-05T00:00:00"}
[buffer] ask {"demand":null,"buffer":"end item","requested":10,"date":"2013-10-04T00:00:00","onhand":10}
[demand] reply {"demand":"order 5","attempt":1720,"result":false,"quantity":0,"date":"2013-10-06T00:00:00"}
[demand] attempt {"demand":"order 5","attempt":1721,"quantity":10,"requestDate":"2013-10-06T00:00:00","lastDate":"2014-01-19T00:00:00"}
[operation] ask {"demand":"order 5","operation":"delivery end item","quantity":10,"end":"2013-10-06T00:00:00"}
[buffer] ask {"demand":null,"buffer":"end item","requested":10,"date":"2013-10-05T00:00:00","onhand":10}
[demand] reply {"demand":"order 5","attempt":1721,"result":false,"quantity":0,"date":"2013-10-07T00:00:00"}
[demand] attempt {"demand":"order 5","attempt":1722,"quantity":10,"requestDate":"2013-10-07T00:00:00","lastDate":"2014-01-19T00:00:00"}
[operation] ask {"demand":"order 5","operation":"delivery end item","quantity":10,"end":"2013-10-07T00:00:00"}
[buffer] ask {"demand":null,"buffer":"end item","requested":10,"date":"2013-10-06T00:00:00","onhand":10}
[demand] reply {"demand":"order 5","attempt":1722,"result":false,"quantity":0,"date":"2013-10-08T00:00:00"}
[demand] attempt {"demand":"order 5","attempt":1723,"quantity":10,"requestDate":"2013-10-08T00:00:00","lastDate":"2014-01-19T00:00:00"}
[operation] ask {"demand":"order 5","operation":"delivery end item","quantity":10,"end":"2013-10-08T00:00:00"}
[buffer] ask {"demand":null,"buffer":"end item","requested":10,"date":"2013-10-07T00:00:00","onhand":10}
[demand] reply {"demand":"order 5","attempt":1723,"result":false,"quantity":0,"date":"2013-10-09T00:00:00"}
[demand] attempt {"demand":"order 5","attempt":1724,"quantity":10,"requestDate":"2013-10-09T00:00:00","lastDate":"2014-01-19T00:00:00"}
[operation] ask {"demand":"order 5","operation":"delivery end item","quantity":10,"end":"2013-10-09T00:00:00"}
[buffer] ask {"demand":null,"buffer":"end item","requested":10,"date":"2013-10-08T00:00:00","onhand":10}
[demand] reply {"demand":"order 5","attempt":1724,"result":false,"quantity":0,"date":"2013-10-10T00:00:00"}
[demand] attempt {"demand":"order 5","attempt":1725,"quantity":10,"requestDate":"2013-10-10T00:00:00","lastDate":"2014-01-19T00:00:00"}
[operation] ask {"demand":"order 5","operation":"delivery end item","quantity":10,"end":"2013-10-10T00:00:00"}
[buffer] ask {"demand":null,"buffer":"end item","requested":10,"date":"2013-10-09T00:00:00","onhand":10}
[demand] reply {"demand":"order 5","attempt":1725,"result":false,"quantity":0,"date":"2013-10-11T00:00:00"}
[demand] attempt {"demand":"order 5","attempt":1726,"quantity":10,"requestDate":"2013-10-11T00:00:00","lastDate":"2014-01-19T00:00:00"}
[operation] ask {"demand":"order 5","operation":"delivery end item","quantity":10,"end":"2013-10-11T00:00:00"}
[buffer] ask {"demand":null,"buffer":"end item","requested":10,"date":"2013-10-10T00:00:00","onhand":10}
[demand] reply {"demand":"order 5","attempt":1726,"result":false,"quantity":0,"date":"2013-10-12T00:00:00"}
[demand] attempt {"demand":"order 5","attempt":1727,"quantity":10,"requestDate":"2013-10-12T00:00:00","lastDate":"2014-01-19T00:00:00"}
[operation] ask {"demand":"order 5","operation":"delivery end item","quantity":10,"end":"2013-10-12T00:00:00"}
[buffer] ask {"demand":null,"buffer":"end item","requested":10,"date":"2013-10-11T00:00:00","onhand":10}
[demand] reply {"demand":"order 5","attempt":1727,"result":false,"quantity":0,"date":"2013-10-13T00:00:00"}
[demand] attempt {"demand":"order 5","attempt":1728,"quantity":10,"requestDate":"2013-10-13T00:00:00","lastDate":"2014-01-19T00:00:00"}
[operation] ask {"demand":"order 5","operation":"delivery end item","quantity":10,"end":"2013-10-13T00:00:00"}
[buffer] ask {"demand":null,"buffer":"end item","requested":10,"date":"2013-10-12T00:00:00","onhand":10}
[demand] reply {"demand":"order 5","attempt":1728,"result":false,"quantity":0,"date":"2013-10-14T00:00:00"}
[demand] attempt {"demand":"order 5","attempt":1729,"quantity":10,"requestDate":"2013-10-14T00:00:00","lastDate":"2014-01-19T00:00:00"}
[operation] ask {"demand":"order 5","operation":"delivery end item","quantity":10,"end":"2013-10-14T00:00:00"}
[buffer] ask {"demand":null,"buffer":"end item","requested":10,"date":"2013-10-13T00:00:00","onhand":10}
[demand] reply {"demand":"order 5","attempt":1729,"result":false,"quantity":0,"date":"2013-10-15T00:00:00"}
[demand] attempt {"demand":"order 5","attempt":1730,"quantity":10,"requestDate":"2013-10-15T00:00:00","lastDate":"2014-01-19T00:00:00"}
[operation] ask {"demand":"order 5","operation":"delivery end item","quantity":10,"end":"2013-10-15T00:00:00"}
[buffer] ask {"demand":null,"buffer":"end item","requested":10,"date":"2013-10-14T00:00:00","onhand":10}
[demand] reply {"demand":"order 5","attempt":1730,"result":false,"quantity":0,"date":"2013-10-16T00:00:00"}
[demand] attempt {"demand":"order 5","attempt":1731,"quantity":10,"requestDate":"2013-10-16T00:00:00","lastDate":"2014-01-19T00:00:00"}
[operation] ask {"demand":"order 5","operation":"delivery end item","quantity":10,"end":"2013-10-16T00:00:00"}
[buffer] ask {"demand":null,"buffer":"end item","requested":10,"date":"2013-10-15T00:00:00","onhand":10}
[demand] reply {"demand":"order 5","attempt":1731,"result":false,"quantity":0,"date":"2013-10-17T00:00:00"}
[demand] attempt {"demand":"order 5","attempt":1732,"quantity":10,"requestDate":"2013-10-17T00:00:00","lastDate":"2014-01-19T00:00:00"}
[operation] ask {"demand":"order 5","operation":"delivery end item","quantity":10,"end":"2013-10-17T00:00:00"}
[buffer] ask {"demand":null,"buffer":"end item","requested":10,"date":"2013-10-16T00:00:00","onhand":10}
[demand] reply {"demand":"order 5","attempt":1732,"result":false,"quantity":0,"date":"2013-10-18T00:00:00"}
[demand] attempt {"demand":"order 5","attempt":1733,"quantity":10,"requestDate":"2013-10-18T00:00:00","lastDate":"2014-01-19T00:00:00"}
[operation] ask {"demand":"order 5","operation":"delivery end item","quantity":10,"end":"2013-10-18T00:00:00"}
[buffer] ask {"demand":null,"buffer":"end item","requested":10,"date":"2013-10-17T00:00:00","onhand":10}
[demand] reply {"demand":"order 5","attempt":1733,"result":false,"quantity":0,"date":"2013-10-19T00:00:00"}
[demand] attempt {"demand":"order 5","attempt":1734,"quantity":10,"requestDate":"2013-10-19T00:00:00","lastDate":"2014-01-19T00:00:00"}
[operation] ask {"demand":"order 5","operation":"delivery end item","quantity":10,"end":"2013-10-19T00:00:00"}
[buffer] ask {"demand":null,"buffer":"end item","requested":10,"date":"2013-10-18T00:00:00","onhand":10}
[demand] reply {"demand":"order 5","attempt":1734,"result":false,"quantity":0,"date":"2013-10-20T00:00:00"}
[demand] attempt {"demand":"order 5","attempt":1735,"quantity":10,"requestDate":"2013-10-20T00:00:00","lastDate":"2014-01-19T00:00:00"}
[operation] ask {"demand":"order 5","operation":"delivery end item","quantity":10,"end":"2013-10-20T00:00:00"}
[buffer] ask {"demand":null,"buffer":"end item","requested":10,"date":"2013-10-19T00:00:00","onhand":10}
[demand] reply {"demand":"order 5","attempt":1735,"result":false,"quantity":0,"date":"2013-10-21T00:00:00"}
[demand] attempt {"demand":"order 5","attempt":1736,"quantity":10,"requestDate":"2013-10-21T00:00:00","lastDate":"2014-01-19T00:00:00"}
[operation] ask {"demand":"order 5","operation":"delivery end item","quantity":10,"end":"2013-10-21T00:00:00"}
[buffer] ask {"demand":null,"buffer":"end item","requested":10,"date":"2013-10-20T00:00:00","onhand":10}
[demand] reply {"demand":"order 5","attempt":1736,"result":false,"quantity":0,"date":"2013-10-22T00:00:00"}
[demand] attempt {"demand":"order 5","attempt":1737,"quantity":10,"requestDate":"2013-10-22T00:00:00","lastDate":"2014-01-19T00:00:00"}
[operation] ask {"demand":"order 5","operation":"delivery end item","quantity":10,"end":"2013-10-22T00:00:00"}
[buffer] ask {"demand":null,"buffer":"end item","requested":10,"date":"2013-10-21T00:00:00","onhand":10}
[demand] reply {"demand":"order 5","attempt":1737,"result":false,"quantity":0,"date":"2013-10-23T00:00:00"}
[demand] attempt {"demand":"order 5","attempt":1738,"quantity":10,"requestDate":"2013-10-23T00:00:00","lastDate":"2014-01-19T00:00:00"}
[operation] ask {"demand":"order 5","operation":"delivery end item","quantity":10,"end":"2013-10-23T00:00:00"}
[buffer] ask {"demand":null,"buffer":"end item","requested":10,"date":"2013-10-22T00:00:00","onhand":10}
[demand] reply {"demand":"order 5","attempt":1738,"result":false,"quantity":0,"date":"2013-10-24T00:00:00"}
[demand] attempt {"demand":"order 5","attempt":1739,"quantity":10,"requestDate":"2013-10-24T00:00:00","lastDate":"2014-01-19T00:00:00"}
[operation] ask {"demand":"order 5","operation":"delivery end item","quantity":10,"end":"2013-10-24T00:00:00"}
[buffer] ask {"demand":null,"buffer":"end item","requested":10,"date":"2013-10-23T00:00:00","onhand":10}
[demand] reply {"demand":"order 5","attempt":1739,"result":false,"quantity":0,"date":"2013-10-25T00:00:00"}
[demand] attempt {"demand":"order 5","attempt":1740,"quantity":10,"requestDate":"2013-10-25T00:00:00","lastDate":"2014-01-19T00:00:00"}
[operation] ask {"demand":"order 5","operation":"delivery end item","quantity":10,"end":"2013-10-25T00:00:00"}
[buffer] ask {"demand":null,"buffer":"end item","requested":10,"date":"2013-10-24T00:00:00","onhand":10}
[demand] reply {"demand":"order 5","attempt":1740,"result":false,"quantity":0,"date":"2013-10-26T00:00:00"}
[demand] attempt {"demand":"order 5","attempt":1741,"quantity":10,"requestDate":"2013-10-26T00:00:00","lastDate":"2014-01-19T00:00:00"}
[operation] ask {"demand":"order 5","operation":"delivery end item","quantity":10,"end":"2013-10-26T00:00:00"}
[buffer] ask {"demand":null,"buffer":"end item","requested":10,"date":"2013-10-25T00:00:00","onhand":10}
[demand] reply {"demand":"order 5","attempt":1741,"result":false,"quantity":0,"date":"2013-10-27T00:00:00"}
[demand] attempt {"demand":"order 5","attempt":1742,"quantity":10,"requestDate":"2013-10-27T00:00:00","lastDate":"2014-01-19T00:00:00"}
[operation] ask {"demand":"order 5","operation":"delivery end item","quantity":10,"end":"2013-10-27T00:00:00"}
[buffer] ask {"demand":null,"buffer":"end item","requested":10,"date":"2013-10-26T00:00:00","onhand":10}
[demand] reply {"demand":"order 5","attempt":1742,"result":false,"quantity":0,"date":"2013-10-28T00:00:00"}
[demand] attempt {"demand":"order 5","attempt":1743,"quantity":10,"requestDate":"2013-10-28T00:00:00","lastDate":"2014-01-19T00:00:00"}
[operation] ask {"demand":"order 5","operation":"delivery end item","quantity":10,"end":"2013-10-28T00:00:00"}
[buffer] ask {"demand":null,"buffer":"end item","requested":10,"date":"2013-10-27T00:00:00","onhand":10}
[demand] reply {"demand":"order 5","attempt":1743,"result":false,"quantity":0,"date":"2013-10-29T00:00:00"}
[demand] attempt {"demand":"order 5","attempt":1744,"quantity":10,"requestDate":"2013-10-29T00:00:00","lastDate":"2014-01-19T00:00:00"}
[operation] ask {"demand":"order 5","operation":"delivery end item","quantity":10,"end":"2013-10-29T00:00:00"}
[buffer] ask {"demand":null,"buffer":"end item","requested":10,"date":"2013-10-28T00:00:00","onhand":10}
[demand] reply {"demand":"order 5","attempt":1744,"result":false,"quantity":0,"date":"2013-10-30T00:00:00"}
[demand] attempt {"demand":"order 5","attempt":1745,"quantity":10,"requestDate":"2013-10-30T00:00:00","lastDate":"2014-01-19T00:00:00"}
[operation] ask {"demand":"order 5","operation":"delivery end item","quantity":10,"end":"2013-10-30T00:00:00"}
[buffer] ask {"demand":null,"buffer":"end item","requested":10,"date":"2013-10-29T00:00:00","onhand":10}
[demand] reply {"demand":"order 5","attempt":1745,"result":false,"quantity":0,"date":"2013-10-31T00:00:00"}
[demand] attempt {"demand":"order 5","attempt":1746,"quantity":10,"requestDate":"2013-10-31T00:00:00","lastDate":"2014-01-19T00:00:00"}
[operation] ask {"demand":"order 5","operation":"delivery end item","quantity":10,"end":"2013-10-31T00:00:00"}
[buffer] ask {"demand":null,"buffer":"end item","requested":10,"date":"2013-10-30T00:00:00","onhand":10}
[demand] reply {"demand":"order 5","attempt":1746,"result":false,"quantity":0,"date":"2013-11-01T00:00:00"}
[demand] attempt {"demand":"order 5","attempt":1747,"quantity":10,"requestDate":"2013-11-01T00:00:00","lastDate":"2014-01-19T00:00:00"}
[operation] ask {"demand":"order 5","operation":"delivery end item","quantity":10,"end":"2013-11-01T00:00:00"}
[buffer] ask {"demand":null,"buffer":"end item","requested":10,"date":"2013-10-31T00:00:00","onhand":10}
[demand] reply {"demand":"order 5","attempt":1747,"result":false,"quantity":0,"date":"2013-11-02T00:00:00"}
[demand] attempt {"demand":"order 5","attempt":1748,"quantity":10,"requestDate":"2013-11-02T00:00:00","lastDate":"2014-01-19T00:00:00"}
[operation] ask {"demand":"order 5","operation":"delivery end item","quantity":10,"end":"2013-11-02T00:00:00"}
[buffer] ask {"demand":null,"buffer":"end item","requested":10,"date":"2013-11-01T00:00:00","onhand":10}
[demand] reply {"demand":"order 5","attempt":1748,"result":false,"quantity":0,"date":"2013-11-03T00:00:00"}
[demand] attempt {"demand":"order 5","attempt":1749,"quantity":10,"requestDate":"2013-11-03T00:00:00","lastDate":"2014-01-19T00:00:00"}
[operation] ask {"demand":"order 5","operation":"delivery end item","quantity":10,"end":"2013-11-03T00:00:00"}
[buffer] ask {"demand":null,"buffer":"end item","requested":10,"date":"2013-11-02T00:00:00","onhand":10}
[demand] reply {"demand":"order 5","attempt":1749,"result":false,"quantity":0,"date":"2013-11-04T00:00:00"}
[demand] attempt {"demand":"order 5","attempt":1750,"quantity":10,"requestDate":"2013-11-04T00:00:00","lastDate":"2014-01-19T00:00:00"}
[operation] ask {"demand":"order 5","operation":"delivery end item","quantity":10,"end":"2013-11-04T00:00:00"}
[buffer] ask {"demand":null,"buffer":"end item","requested":10,"date":"2013-11-03T00:00:00","onhand":10}
[demand] reply {"demand":"order 5","attempt":1750,"result":false,"quantity":0,"date":"2013-11-05T00:00:00"}
[demand] attempt {"demand":"order 5","attempt":1751,"quantity":10,"requestDate":"2013-11-05T00:00:00","lastDate":"2014-01-19T00:00:00"}
[operation] ask {"demand":"order 5","operation":"delivery end item","quantity":10,"end":"2013-11-05T00:00:00"}
[buffer] ask {"demand":null,"buffer":"end item","requested":10,"date":"2013-11-04T00:00:00","onhand":10}
[demand] reply {"demand":"order 5","attempt":1751,"result":false,"quantity":0,"date":"2013-11-06T00:00:00"}
[demand] attempt {"demand":"order 5","attempt":1752,"quantity":10,"requestDate":"2013-11-06T00:00:00","lastDate":"2014-01-19T00:00:00"}
[operation] ask {"demand":"order 5","operation":"delivery end item","quantity":10,"end":"2013-11-06T00:00:00"}
[buffer] ask {"demand":null,"buffer":"end item","requested":10,"date":"2013-11-05T00:00:00","onhand":10}
[demand] reply {"demand":"order 5","attempt":1752,"result":false,"quantity":0,"date":"2013-11-07T00:00:00"}
[demand] attempt {"demand":"order 5","attempt":1753,"quantity":10,"requestDate":"2013-11-07T00:00:00","lastDate":"2014-01-19T00:00:00"}
[operation] ask {"demand":"order 5","operation":"delivery end item","quantity":10,"end":"2013-11-07T00:00:00"}
[buffer] ask {"demand":null,"buffer":"end item","requested":10,"date":"2013-11-06T00:00:00","onhand":10}
[demand] reply {"demand":"order 5","attempt":1753,"result":false,"quantity":0,"date":"2013-11-08T00:00:00"}
[demand] attempt {"demand":"order 5","attempt":1754,"quantity":10,"requestDate":"2013-11-08T00:00:00","lastDate":"2014-01-19T00:00:00"}
[operation] ask {"demand":"order 5","operation":"delivery end item","quantity":10,"end":"2013-11-08T00:00:00"}
[buffer] ask {"demand":null,"buffer":"end item","requested":10,"date":"2013-11-07T00:00:00","onhand":10}
[demand] reply {"demand":"order 5","attempt":1754,"result":false,"quantity":0,"date":"2013-11-09T00:00:00"}
[demand] attempt {"demand":"order 5","attempt":1755,"quantity":10,"requestDate":"2013-11-09T00:00:00","lastDate":"2014-01-19T00:00:00"}
[operation] ask {"demand":"order 5","operation":"delivery end item","quantity":10,"end":"2013-11-09T00:00:00"}
[buffer] ask {"demand":null,"buffer":"end item","requested":10,"date":"2013-11-08T00:00:00","onhand":10}
[demand] reply {"demand":"order 5","attempt":1755,"result":false,"quantity":0,"date":"2013-11-10T00:00:00"}
[demand] attempt {"demand":"order 5","attempt":1756,"quantity":10,"requestDate":"2013-11-10T00:00:00","lastDate":"2014-01-19T00:00:00"}
[operation] ask {"demand":"order 5","operation":"delivery end item","quantity":10,"end":"2013-11-10T00:00:00"}
[buffer] ask {"demand":null,"buffer":"end item","requested":10,"date":"2013-11-09T00:00:00","onhand":10}
[demand] reply {"demand":"order 5","attempt":1756,"result":false,"quantity":0,"date":"2013-11-11T00:00:00"}
[demand] attempt {"demand":"order 5","attempt":1757,"quantity":10,"requestDate":"2013-11-11T00:00:00","lastDate":"2014-01-19T00:00:00"}
[operation] ask {"demand":"order 5","operation":"delivery end item","quantity":10,"end":"2013-11-11T00:00:00"}
[buffer] ask {"demand":null,"buffer":"end item","requested":10,"date":"2013-11-10T00:00:00","onhand":10}
[demand] reply {"demand":"order 5","attempt":1757,"result":false,"quantity":0,"date":"2013-11-12T00:00:00"}
[demand] attempt {"demand":"order 5","attempt":1758,"quantity":10,"requestDate":"2013-11-12T00:00:00","lastDate":"2014-01-19T00:00:00"}
[operation] ask {"demand":"order 5","operation":"delivery end item","quantity":10,"end":"2013-11-12T00:00:00"}
[buffer] ask {"demand":null,"buffer":"end item","requested":10,"date":"2013-11-11T00:00:00","onhand":10}
[demand] reply {"demand":"order 5","attempt":1758,"result":false,"quantity":0,"date":"2013-11-13T00:00:00"}
[demand] attempt {"demand":"order 5","attempt":1759,"quantity":10,"requestDate":"2013-11-13T00:00:00","lastDate":"2014-01-19T00:00:00"}
[operation] ask {"demand":"order 5","operation":"delivery end item","quantity":10,"end":"2013-11-13T00:00:00"}
[buffer] ask {"demand":null,"buffer":"end item","requested":10,"date":"2013-11-12T00:00:00","onhand":10}
[demand] reply {"demand":"order 5","attempt":1759,"result":false,"quantity":0,"date":"2013-11-14T00:00:00"}
[demand] attempt {"demand":"order 5","attempt":1760,"quantity":10,"requestDate":"2013-11-14T00:00:00","lastDate":"2014-01-19T00:00:00"}
[operation] ask {"demand":"order 5","operation":"delivery end item","quantity":10,"end":"2013-11-14T00:00:00"}
[buffer] ask {"demand":null,"buffer":"end item","requested":10,"date":"2013-11-13T00:00:00","onhand":10}
[demand] reply {"demand":"order 5","attempt":1760,"result":false,"quantity":0,"date":"2013-11-15T00:00:00"}
[demand] attempt {"demand":"order 5","attempt":1761,"quantity":10,"requestDate":"2013-11-15T00:00:00","lastDate":"2014-01-19T00:00:00"}
[operation] ask {"demand":"order 5","operation":"delivery end item","quantity":10,"end":"2013-11-15T00:00:00"}
[buffer] ask {"demand":null,"buffer":"end item","requested":10,"date":"2013-11-14T00:00:00","onhand":10}
[demand] reply {"demand":"order 5","attempt":1761,"result":false,"quantity":0,"date":"2013-11-16T00:00:00"}
[demand] attempt {"demand":"order 5","attempt":1762,"quantity":10,"requestDate":"2013-11-16T00:00:00","lastDate":"2014-01-19T00:00:00"}
[operation] ask {"demand":"order 5","operation":"delivery end item","quantity":10,"end":"2013-11-16T00:00:00"}
[buffer] ask {"demand":null,"buffer":"end item","requested":10,"date":"2013-11-15T00:00:00","onhand":10}
[demand] reply {"demand":"order 5","attempt":1762,"result":false,"quantity":0,"date":"2013-11-17T00:00:00"}
[demand] attempt {"demand":"order 5","attempt":1763,"quantity":10,"requestDate":"2013-11-17T00:00:00","lastDate":"2014-01-19T00:00:00"}
[operation] ask {"demand":"order 5","operation":"delivery end item","quantity":10,"end":"2013-11-17T00:00:00"}
[buffer] ask {"demand":null,"buffer":"end item","requested":10,"date":"2013-11-16T00:00:00","onhand":10}
[demand] reply {"demand":"order 5","attempt":1763,"result":false,"quantity":0,"date":"2013-11-18T00:00:00"}
[demand] attempt {"demand":"order 5","attempt":1764,"quantity":10,"requestDate":"2013-11-18T00:00:00","lastDate":"2014-01-19T00:00:00"}
[operation] ask {"demand":"order 5","operation":"delivery end item","quantity":10,"end":"2013-11-18T00:00:00"}
[buffer] ask {"demand":null,"buffer":"end item","requested":10,"date":"2013-11-17T00:00:00","onhand":10}
[demand] reply {"demand":"order 5","attempt":1764,"result":false,"quantity":0,"date":"2013-11-19T00:00:00"}
[demand] attempt {"demand":"order 5","attempt":1765,"quantity":10,"requestDate":"2013-11-19T00:00:00","lastDate":"2014-01-19T00:00:00"}
[operation] ask {"demand":"order 5","operation":"delivery end item","quantity":10,"end":"2013-11-19T00:00:00"}
[buffer] ask {"demand":null,"buffer":"end item","requested":10,"date":"2013-11-18T00:00:00","onhand":10}
[demand] reply {"demand":"order 5","attempt":1765,"result":false,"quantity":0,"date":"2013-11-20T00:00:00"}
[demand] attempt {"demand":"order 5","attempt":1766,"quantity":10,"requestDate":"2013-11-20T00:00:00","lastDate":"2014-01-19T00:00:00"}
[operation] ask {"demand":"order 5","operation":"delivery end item","quantity":10,"end":"2013-11-20T00:00:00"}
[buffer] ask {"demand":null,"buffer":"end item","requested":10,"date":"2013-11-19T00:00:00","onhand":10}
[demand] reply {"demand":"order 5","attempt":1766,"result":false,"quantity":0,"date":"2013-11-21T00:00:00"}
[demand] attempt {"demand":"order 5","attempt":1767,"quantity":10,"requestDate":"2013-11-21T00:00:00","lastDate":"2014-01-19T00:00:00"}
[operation] ask {"demand":"order 5","operation":"delivery end item","quantity":10,"end":"2013-11-21T00:00:00"}
[buffer] ask {"demand":null,"buffer":"end item","requested":10,"date":"2013-11-20T00:00:00","onhand":10}
[demand] reply {"demand":"order 5","attempt":1767,"result":false,"quantity":0,"date":"2013-11-22T00:00:00"}
[demand] attempt {"demand":"order 5","attempt":1768,"quantity":10,"requestDate":"2013-11-22T00:00:00","lastDate":"2014-01-19T00:00:00"}
[operation] ask {"demand":"order 5","operation":"delivery end item","quantity":10,"end":"2013-11-22T00:00:00"}
[buffer] ask {"demand":null,"buffer":"end item","requested":10,"date":"2013-11-21T00:00:00","onhand":10}
[demand] reply {"demand":"order 5","attempt":1768,"result":false,"quantity":0,"date":"2013-11-23T00:00:00"}
[demand] attempt {"demand":"order 5","attempt":1769,"quantity":10,"requestDate":"2013-11-23T00:00:00","lastDate":"2014-01-19T00:00:00"}
[operation] ask {"demand":"order 5","operation":"delivery end item","quantity":10,"end":"2013-11-23T00:00:00"}
[buffer] ask {"demand":null,"buffer":"end item","requested":10,"date":"2013-11-22T00:00:00","onhand":10}
[demand] reply {"demand":"order 5","attempt":1769,"result":false,"quantity":0,"date":"2013-11-24T00:00:00"}
[demand] attempt {"demand":"order 5","attempt":1770,"quantity":10,"requestDate":"2013-11-24T00:00:00","lastDate":"2014-01-19T00:00:00"}
[operation] ask {"demand":"order 5","operation":"delivery end item","quantity":10,"end":"2013-11-24T00:00:00"}
[buffer] ask {"demand":null,"buffer":"end item","requested":10,"date":"2013-11-23T00:00:00","onhand":10}
[demand] reply {"demand":"order 5","attempt":1770,"result":false,"quantity":0,"date":"2013-11-25T00:00:00"}
[demand] attempt {"demand":"order 5","attempt":1771,"quantity":10,"requestDate":"2013-11-25T00:00:00","lastDate":"2014-01-19T00:00:00"}
[operation] ask {"demand":"order 5","operation":"delivery end item","quantity":10,"end":"2013-11-25T00:00:00"}
[buffer] ask {"demand":null,"buffer":"end item","requested":10,"date":"2013-11-24T00:00:00","onhand":10}
[demand] reply {"demand":"order 5","attempt":1771,"result":false,"quantity":0,"date":"2013-11-26T00:00:00"}
[demand] attempt {"demand":"order 5","attempt":1772,"quantity":10,"requestDate":"2013-11-26T00:00:00","lastDate":"2014-01-19T00:00:00"}
[operation] ask {"demand":"order 5","operation":"delivery end item","quantity":10,"end":"2013-11-26T00:00:00"}
[buffer] ask {"demand":null,"buffer":"end item","requested":10,"date":"2013-11-25T00:00:00","onhand":10}
[demand] reply {"demand":"order 5","attempt":1772,"result":false,"quantity":0,"date":"2013-11-27T00:00:00"}
[demand] attempt {"demand":"order 5","attempt":1773,"quantity":10,"requestDate":"2013-11-27T00:00:00","lastDate":"2014-01-19T00:00:00"}
[operation] ask {"demand":"order 5","operation":"delivery end item","quantity":10,"end":"2013-11-27T00:00:00"}
[buffer] ask {"demand":null,"buffer":"end item","requested":10,"date":"2013-11-26T00:00:00","onhand":10}
[demand] reply {"demand":"order 5","attempt":1773,"result":false,"quantity":0,"date":"2013-11-28T00:00:00"}
[demand] attempt {"demand":"order 5","attempt":1774,"quantity":10,"requestDate":"2013-11-28T00:00:00","lastDate":"2014-01-19T00:00:00"}
[operation] ask {"demand":"order 5","operation":"delivery end item","quantity":10,"end":"2013-11-28T00:00:00"}
[buffer] ask {"demand":null,"buffer":"end item","requested":10,"date":"2013-11-27T00:00:00","onhand":10}
[demand] reply {"demand":"order 5","attempt":1774,"result":false,"quantity":0,"date":"2013-11-29T00:00:00"}
[demand] attempt {"demand":"order 5","attempt":1775,"quantity":10,"requestDate":"2013-11-29T00:00:00","lastDate":"2014-01-19T00:00:00"}
[operation] ask {"demand":"order 5","operation":"delivery end item","quantity":10,"end":"2013-11-29T00:00:00"}
[buffer] ask {"demand":null,"buffer":"end item","requested":10,"date":"2013-11-28T00:00:00","onhand":10}
[demand] reply {"demand":"order 5","attempt":1775,"result":false,"quantity":0,"date":"2013-11-30T00:00:00"}
[demand] attempt {"demand":"order 5","attempt":1776,"quantity":10,"requestDate":"2013-11-30T00:00:00","lastDate":"2014-01-19T00:00:00"}
[operation] ask {"demand":"order 5","operation":"delivery end item","quantity":10,"end":"2013-11-30T00:00:00"}
[buffer] ask {"demand":null,"buffer":"end item","requested":10,"date":"2013-11-29T00:00:00","onhand":10}
[demand] reply {"demand":"order 5","attempt":1776,"result":false,"quantity":0,"date":"2013-12-01T00:00:00"}
[demand] attempt {"demand":"order 5","attempt":1777,"quantity":10,"requestDate":"2013-12-01T00:00:00","lastDate":"2014-01-19T00:00:00"}
[operation] ask {"demand":"order 5","operation":"delivery end item","quantity":10,"end":"2013-12-01T00:00:00"}
[buffer] ask {"demand":null,"buffer":"end item","requested":10,"date":"2013-11-30T00:00:00","onhand":10}
[demand] reply {"demand":"order 5","attempt":1777,"result":false,"quantity":0,"date":"2013-12-02T00:00:00"}
[demand] attempt {"demand":"order 5","attempt":1778,"quantity":10,"requestDate":"2013-12-02T00:00:00","lastDate":"2014-01-19T00:00:00"}
[operation] ask {"demand":"order 5","operation":"delivery end item","quantity":10,"end":"2013-12-02T00:00:00"}
[buffer] ask {"demand":null,"buffer":"end item","requested":10,"date":"2013-12-01T00:00:00","onhand":10}
[demand] reply {"demand":"order 5","attempt":1778,"result":false,"quantity":0,"date":"2013-12-03T00:00:00"}
[demand] attempt {"demand":"order 5","attempt":1779,"quantity":10,"requestDate":"2013-12-03T00:00:00","lastDate":"2014-01-19T00:00:00"}
[operation] ask {"demand":"order 5","operation":"delivery end item","quantity":10,"end":"2013-12-03T00:00:00"}
[buffer] ask {"demand":null,"buffer":"end item","requested":10,"date":"2013-12-02T00:00:00","onhand":10}
[demand] reply {"demand":"order 5","attempt":1779,"result":false,"quantity":0,"date":"2013-12-04T00:00:00"}
[demand] attempt {"demand":"order 5","attempt":1780,"quantity":10,"requestDate":"2013-12-04T00:00:00","lastDate":"2014-01-19T00:00:00"}
[operation] ask {"demand":"order 5","operation":"delivery end item","quantity":10,"end":"2013-12-04T00:00:00"}
[buffer] ask {"demand":null,"buffer":"end item","requested":10,"date":"2013-12-03T00:00:00","onhand":10}
[demand] reply {"demand":"order 5","attempt":1780,"result":false,"quantity":0,"date":"2013-12-05T00:00:00"}
[demand] attempt {"demand":"order 5","attempt":1781,"quantity":10,"requestDate":"2013-12-05T00:00:00","lastDate":"2014-01-19T00:00:00"}
[operation] ask {"demand":"order 5","operation":"delivery end item","quantity":10,"end":"2013-12-05T00:00:00"}
[buffer] ask {"demand":null,"buffer":"end item","requested":10,"date":"2013-12-04T00:00:00","onhand":10}
[demand] reply {"demand":"order 5","attempt":1781,"result":false,"quantity":0,"date":"2013-12-06T00:00:00"}
[demand] attempt {"demand":"order 5","attempt":1782,"quantity":10,"requestDate":"2013-12-06T00:00:00","lastDate":"2014-01-19T00:00:00"}
[operation] ask {"demand":"order 5","operation":"delivery end item","quantity":10,"end":"2013-12-06T00:00:00"}
[buffer] ask {"demand":null,"buffer":"end item","requested":10,"date":"2013-12-05T00:00:00","onhand":10}
[demand] reply {"demand":"order 5","attempt":1782,"result":false,"quantity":0,"date":"2013-12-07T00:00:00"}
[demand] attempt {"demand":"order 5","attempt":1783,"quantity":10,"requestDate":"2013-12-07T00:00:00","lastDate":"2014-01-19T00:00:00"}
[operation] ask {"demand":"order 5","operation":"delivery end item","quantity":10,"end":"2013-12-07T00:00:00"}
[buffer] ask {"demand":null,"buffer":"end item","requested":10,"date":"2013-12-06T00:00:00","onhand":10}
[demand] reply {"demand":"order 5","attempt":1783,"result":false,"quantity":0,"date":"2013-12-08T00:00:00"}
[demand] attempt {"demand":"order 5","attempt":1784,"quantity":10,"requestDate":"2013-12-08T00:00:00","lastDate":"2014-01-19T00:00:00"}
[operation] ask {"demand":"order 5","operation":"delivery end item","quantity":10,"end":"2013-12-08T00:00:00"}
[buffer] ask {"demand":null,"buffer":"end item","requested":10,"date":"2013-12-07T00:00:00","onhand":10}
[demand] reply {"demand":"order 5","attempt":1784,"result":false,"quantity":0,"date":"2013-12-09T00:00:00"}
[demand] attempt {"demand":"order 5","attempt":1785,"quantity":10,"requestDate":"2013-12-09T00:00:00","lastDate":"2014-01-19T00:00:00"}
[operation] ask {"demand":"order 5","operation":"delivery end item","quantity":10,"end":"2013-12-09T00:00:00"}
[buffer] ask {"demand":null,"buffer":"end item","requested":10,"date":"2013-12-08T00:00:00","onhand":10}
[demand] reply {"demand":"order 5","attempt":1785,"result":false,"quantity":0,"date":"2013-12-10T00:00:00"}
[demand] attempt {"demand":"order 5","attempt":1786,"quantity":10,"requestDate":"2013-12-10T00:00:00","lastDate":"2014-01-19T00:00:00"}
[operation] ask {"demand":"order 5","operation":"delivery end item","quantity":10,"end":"2013-12-10T00:00:00"}
[buffer] ask {"demand":null,"buffer":"end item","requested":10,"date":"2013-12-09T00:00:00","onhand":10}
[demand] reply {"demand":"order 5","attempt":1786,"result":false,"quantity":0,"date":"2013-12-11T00:00:00"}
[demand] attempt {"demand":"order 5","attempt":1787,"quantity":10,"requestDate":"2013-12-11T00:00:00","lastDate":"2014-01-19T00:00:00"}
[operation] ask {"demand":"order 5","operation":"delivery end item","quantity":10,"end":"2013-12-11T00:00:00"}
[buffer] ask {"demand":null,"buffer":"end item","requested":10,"date":"2013-12-10T00:00:00","onhand":10}
[demand] reply {"demand":"order 5","attempt":1787,"result":false,"quantity":0,"date":"2013-12-12T00:00:00"}
[demand] attempt {"demand":"order 5","attempt":1788,"quantity":10,"requestDate":"2013-12-12T00:00:00","lastDate":"2014-01-19T00:00:00"}
[operation] ask {"demand":"order 5","operation":"delivery end item","quantity":10,"end":"2013-12-12T00:00:00"}
[buffer] ask {"demand":null,"buffer":"end item","requested":10,"date":"2013-12-11T00:00:00","onhand":10}
[demand] reply {"demand":"order 5","attempt":1788,"result":false,"quantity":0,"date":"2013-12-13T00:00:00"}
[demand] attempt {"demand":"order 5","attempt":1789,"quantity":10,"requestDate":"2013-12-13T00:00:00","lastDate":"2014-01-19T00:00:00"}
[operation] ask {"demand":"order 5","operation":"delivery end item","quantity":10,"end":"2013-12-13T00:00:00"}
[buffer] ask {"demand":null,"buffer":"end item","requested":10,"date":"2013-12-12T00:00:00","onhand":10}
[demand] reply {"demand":"order 5","attempt":1789,"result":false,"quantity":0,"date":"2013-12-14T00:00:00"}
[demand] attempt {"demand":"order 5","attempt":1790,"quantity":10,"requestDate":"2013-12-14T00:00:00","lastDate":"2014-01-19T00:00:00"}
[operation] ask {"demand":"order 5","operation":"delivery end item","quantity":10,"end":"2013-12-14T00:00:00"}
[buffer] ask {"demand":null,"buffer":"end item","requested":10,"date":"2013-12-13T00:00:00","onhand":10}
[demand] reply {"demand":"order 5","attempt":1790,"result":false,"quantity":0,"date":"2013-12-15T00:00:00"}
[demand] attempt {"demand":"order 5","attempt":1791,"quantity":10,"requestDate":"2013-12-15T00:00:00","lastDate":"2014-01-19T00:00:00"}
[operation] ask {"demand":"order 5","operation":"delivery end item","quantity":10,"end":"2013-12-15T00:00:00"}
[buffer] ask {"demand":null,"buffer":"end item","requested":10,"date":"2013-12-14T00:00:00","onhand":10}
[demand] reply {"demand":"order 5","attempt":1791,"result":false,"quantity":0,"date":"2013-12-16T00:00:00"}
[demand] attempt {"demand":"order 5","attempt":1792,"quantity":10,"requestDate":"2013-12-16T00:00:00","lastDate":"2014-01-19T00:00:00"}
[operation] ask {"demand":"order 5","operation":"delivery end item","quantity":10,"end":"2013-12-16T00:00:00"}
[buffer] ask {"demand":null,"buffer":"end item","requested":10,"date":"2013-12-15T00:00:00","onhand":10}
[demand] reply {"demand":"order 5","attempt":1792,"result":false,"quantity":0,"date":"2013-12-17T00:00:00"}
[demand] attempt {"demand":"order 5","attempt":1793,"quantity":10,"requestDate":"2013-12-17T00:00:00","lastDate":"2014-01-19T00:00:00"}
[operation] ask {"demand":"order 5","operation":"delivery end item","quantity":10,"end":"2013-12-17T00:00:00"}
[buffer] ask {"demand":null,"buffer":"end item","requested":10,"date":"2013-12-16T00:00:00","onhand":10}
[demand] reply {"demand":"order 5","attempt":1793,"result":false,"quantity":0,"date":"2013-12-18T00:00:00"}
[demand] attempt {"demand":"order 5","attempt":1794,"quantity":10,"requestDate":"2013-12-18T00:00:00","lastDate":"2014-01-19T00:00:00"}
[operation] ask {"demand":"order 5","operation":"delivery end item","quantity":10,"end":"2013-12-18T00:00:00"}
[buffer] ask {"demand":null,"buffer":"end item","requested":10,"date":"2013-12-17T00:00:00","onhand":10}
[demand] reply {"demand":"order 5","attempt":1794,"result":false,"quantity":0,"date":"2013-12-19T00:00:00"}
[demand] attempt {"demand":"order 5","attempt":1795,"quantity":10,"requestDate":"2013-12-19T00:00:00","lastDate":"2014-01-19T00:00:00"}
[operation] ask {"demand":"order 5","operation":"delivery end item","quantity":10,"end":"2013-12-19T00:00:00"}
[buffer] ask {"demand":null,"buffer":"end item","requested":10,"date":"2013-12-18T00:00:00","onhand":10}
[demand] reply {"demand":"order 5","attempt":1795,"result":false,"quantity":0,"date":"2013-12-20T00:00:00"}
[demand] attempt {"demand":"order 5","attempt":1796,"quantity":10,"requestDate":"2013-12-20T00:00:00","lastDate":"2014-01-19T00:00:00"}
[operation] ask {"demand":"order 5","operation":"delivery end item","quantity":10,"end":"2013-12-20T00:00:00"}
[buffer] ask {"demand":null,"buffer":"end item","requested":10,"date":"2013-12-19T00:00:00","onhand":10}
[demand] reply {"demand":"order 5","attempt":1796,"result":false,"quantity":0,"date":"2013-12-21T00:00:00"}
[demand] attempt {"demand":"order 5","attempt":1797,"quantity":10,"requestDate":"2013-12-21T00:00:00","lastDate":"2014-01-19T00:00:00"}
[operation] ask {"demand":"order 5","operation":"delivery end item","quantity":10,"end":"2013-12-21T00:00:00"}
[buffer] ask {"demand":null,"buffer":"end item","requested":10,"date":"2013-12-20T00:00:00","onhand":10}
[demand] reply {"demand":"order 5","attempt":1797,"result":false,"quantity":0,"date":"2013-12-22T00:00:00"}
[demand] attempt {"demand":"order 5","attempt":1798,"quantity":10,"requestDate":"2013-12-22T00:00:00","lastDate":"2014-01-19T00:00:00"}
[operation] ask {"demand":"order 5","operation":"delivery end item","quantity":10,"end":"2013-12-22T00:00:00"}
[buffer] ask {"demand":null,"buffer":"end item","requested":10,"date":"2013-12-21T00:00:00","onhand":10}
[demand] reply {"demand":"order 5","attempt":1798,"result":false,"quantity":0,"date":"2013-12-23T00:00:00"}
[demand] attempt {"demand":"order 5","attempt":1799,"quantity":10,"requestDate":"2013-12-23T00:00:00","lastDate":"2014-01-19T00:00:00"}
[operation] ask {"demand":"order 5","operation":"delivery end item","quantity":10,"end":"2013-12-23T00:00:00"}
[buffer] ask {"demand":null,"buffer":"end item","requested":10,"date":"2013-12-22T00:00:00","onhand":10}
[demand] reply {"demand":"order 5","attempt":1799,"result":false,"quantity":0,"date":"2013-12-24T00:00:00"}
[demand] attempt {"demand":"order 5","attempt":1800,"quantity":10,"requestDate":"2013-12-24T00:00:00","lastDate":"2014-01-19T00:00:00"}
[operation] ask {"demand":"order 5","operation":"delivery end item","quantity":10,"end":"2013-12-24T00:00:00"}
[buffer] ask {"demand":null,"buffer":"end item","requested":10,"date":"2013-12-23T00:00:00","onhand":10}
[demand] reply {"demand":"order 5","attempt":1800,"result":false,"quantity":0,"date":"2013-12-25T00:00:00"}
[demand] attempt {"demand":"order 5","attempt":1801,"quantity":10,"requestDate":"2013-12-25T00:00:00","lastDate":"2014-01-19T00:00:00"}
[operation] ask {"demand":"order 5","operation":"delivery end item","quantity":10,"end":"2013-12-25T00:00:00"}
[buffer] ask {"demand":null,"buffer":"end item","requested":10,"date":"2013-12-24T00:00:00","onhand":10}
[demand] reply {"demand":"order 5","attempt":1801,"result":false,"quantity":0,"date":"2013-12-26T00:00:00"}
[demand] attempt {"demand":"order 5","attempt":1802,"quantity":10,"requestDate":"2013-12-26T00:00:00","lastDate":"2014-01-19T00:00:00"}
[operation] ask {"demand":"order 5","operation":"delivery end item","quantity":10,"end":"2013-12-26T00:00:00"}
[buffer] ask {"demand":null,"buffer":"end item","requested":10,"date":"2013-12-25T00:00:00","onhand":10}
[demand] reply {"demand":"order 5","attempt":1802,"result":false,"quantity":0,"date":"2013-12-27T00:00:00"}
[demand] attempt {"demand":"order 5","attempt":1803,"quantity":10,"requestDate":"2013-12-27T00:00:00","lastDate":"2014-01-19T00:00:00"}
[operation] ask {"demand":"order 5","operation":"delivery end item","quantity":10,"end":"2013-12-27T00:00:00"}
[buffer] ask {"demand":null,"buffer":"end item","requested":10,"date":"2013-12-26T00:00:00","onhand":10}
[demand] reply {"demand":"order 5","attempt":1803,"result":false,"quantity":0,"date":"2013-12-28T00:00:00"}
[demand] attempt {"demand":"order 5","attempt":1804,"quantity":10,"requestDate":"2013-12-28T00:00:00","lastDate":"2014-01-19T00:00:00"}
[operation] ask {"demand":"order 5","operation":"delivery end item","quantity":10,"end":"2013-12-28T00:00:00"}
[buffer] ask {"demand":null,"buffer":"end item","requested":10,"date":"2013-12-27T00:00:00","onhand":10}
[demand] reply {"demand":"order 5","attempt":1804,"result":false,"quantity":0,"date":"2013-12-29T00:00:00"}
[demand] attempt {"demand":"order 5","attempt":1805,"quantity":10,"requestDate":"2013-12-29T00:00:00","lastDate":"2014-01-19T00:00:00"}
[operation] ask {"demand":"order 5","operation":"delivery end item","quantity":10,"end":"2013-12-29T00:00:00"}
[buffer] ask {"demand":null,"buffer":"end item","requested":10,"date":"2013-12-28T00:00:00","onhand":10}
[demand] reply {"demand":"order 5","attempt":1805,"result":false,"quantity":0,"date":"2013-12-30T00:00:00"}
[demand] attempt {"demand":"order 5","attempt":1806,"quantity":10,"requestDate":"2013-12-30T00:00:00","lastDate":"2014-01-19T00:00:00"}
[operation] ask {"demand":"order 5","operation":"delivery end item","quantity":10,"end":"2013-12-30T00:00:00"}
[buffer] ask {"demand":null,"buffer":"end item","requested":10,"date":"2013-12-29T00:00:00","onhand":10}
[demand] reply {"demand":"order 5","attempt":1806,"result":false,"quantity":0,"date":"2013-12-31T00:00:00"}
[demand] attempt {"demand":"order 5","attempt":1807,"quantity":10,"requestDate":"2013-12-31T00:00:00","lastDate":"2014-01-19T00:00:00"}
[operation] ask {"demand":"order 5","operation":"delivery end item","quantity":10,"end":"2013-12-31T00:00:00"}
[buffer] ask {"demand":null,"buffer":"end item","requested":10,"date":"2013-12-30T00:00:00","onhand":10}
[demand] reply {"demand":"order 5","attempt":1807,"result":false,"quantity":0,"date":"2014-01-01T00:00:00"}
[demand] attempt {"demand":"order 5","attempt":1808,"quantity":10,"requestDate":"2014-01-01T00:00:00","lastDate":"2014-01-19T00:00:00"}
[operation] ask {"demand":"order 5","operation":"delivery end item","quantity":10,"end":"2014-01-01T00:00:00"}
[buffer] ask {"demand":null,"buffer":"end item","requested":10,"date":"2013-12-31T00:00:00","onhand":10}
[demand] reply {"demand":"order 5","attempt":1808,"result":false,"quantity":0,"date":"2014-01-02T00:00:00"}
[demand] attempt {"demand":"order 5","attempt":1809,"quantity":10,"requestDate":"2014-01-02T00:00:00","lastDate":"2014-01-19T00:00:00"}
[operation] ask {"demand":"order 5","operation":"delivery end item","quantity":10,"end":"2014-01-02T00:00:00"}
[buffer] ask {"demand":null,"buffer":"end item","requested":10,"date":"2014-01-01T00:00:00","onhand":10}
[demand] reply {"demand":"order 5","attempt":1809,"result":false,"quantity":0,"date":"2014-01-03T00:00:00"}
[demand] attempt {"demand":"order 5","attempt":1810,"quantity":10,"requestDate":"2014-01-03T00:00:00","lastDate":"2014-01-19T00:00:00"}
[operation] ask {"demand":"order 5","operation":"delivery end item","quantity":10,"end":"2014-01-03T00:00:00"}
[buffer] ask {"demand":null,"buffer":"end item","requested":10,"date":"2014-01-02T00:00:00","onhand":10}
[demand] reply {"demand":"order 5","attempt":1810,"result":false,"quantity":0,"date":"2014-01-04T00:00:00"}
[demand] attempt {"demand":"order 5","attempt":1811,"quantity":10,"requestDate":"2014-01-04T00:00:00","lastDate":"2014-01-19T00:00:00"}
[operation] ask {"demand":"order 5","operation":"delivery end item","quantity":10,"end":"2014-01-04T00:00:00"}
[buffer] ask {"demand":null,"buffer":"end item","requested":10,"date":"2014-01-03T00:00:00","onhand":10}
[demand] reply {"demand":"order 5","attempt":1811,"result":false,"quantity":0,"date":"2014-01-05T00:00:00"}
[demand] attempt {"demand":"order 5","attempt":1812,"quantity":10,"requestDate":"2014-01-05T00:00:00","lastDate":"2014-01-19T00:00:00"}
[operation] ask {"demand":"order 5","operation":"delivery end item","quantity":10,"end":"2014-01-05T00:00:00"}
[buffer] ask {"demand":null,"buffer":"end item","requested":10,"date":"2014-01-04T00:00:00","onhand":10}
[demand] reply {"demand":"order 5","attempt":1812,"result":false,"quantity":0,"date":"2014-01-06T00:00:00"}
[demand] attempt {"demand":"order 5","attempt":1813,"quantity":10,"requestDate":"2014-01-06T00:00:00","lastDate":"2014-01-19T00:00:00"}
[operation] ask {"demand":"order 5","operation":"delivery end item","quantity":10,"end":"2014-01-06T00:00:00"}
[buffer] ask {"demand":null,"buffer":"end item","requested":10,"date":"2014-01-05T00:00:00","onhand":10}
[demand] reply {"demand":"order 5","attempt":1813,"result":false,"quantity":0,"date":"2014-01-07T00:00:00"}
[demand] attempt {"demand":"order 5","attempt":1814,"quantity":10,"requestDate":"2014-01-07T00:00:00","lastDate":"2014-01-19T00:00:00"}
[operation] ask {"demand":"order 5","operation":"delivery end item","quantity":10,"end":"2014-01-07T00:00:00"}
[buffer] ask {"demand":null,"buffer":"end item","requested":10,"date":"2014-01-06T00:00:00","onhand":10}
[demand] reply {"demand":"order 5","attempt":1814,"result":false,"quantity":0,"date":"2014-01-08T00:00:00"}
[demand] attempt {"demand":"order 5","attempt":1815,"quantity":10,"requestDate":"2014-01-08T00:00:00","lastDate":"2014-01-19T00:00:00"}
[operation] ask {"demand":"order 5","operation":"delivery end item","quantity":10,"end":"2014-01-08T00:00:00"}
[buffer] ask {"demand":null,"buffer":"end item","requested":10,"date":"2014-01-07T00:00:00","onhand":10}
[demand] reply {"demand":"order 5","attempt":1815,"result":false,"quantity":0,"date":"2014-01-09T00:00:00"}
[demand] attempt {"demand":"order 5","attempt":1816,"quantity":10,"requestDate":"2014-01-09T00:00:00","lastDate":"2014-01-19T00:00:00"}
[operation] ask {"demand":"order 5","operation":"delivery end item","quantity":10,"end":"2014-01-09T00:00:00"}
[buffer] ask {"demand":null,"buffer":"end item","requested":10,"date":"2014-01-08T00:00:00","onhand":10}
[demand] reply {"demand":"order 5","attempt":1816,"result":false,"quantity":0,"date":"2014-01-10T00:00:00"}
[demand] attempt {"demand":"order 5","attempt":1817,"quantity":10,"requestDate":"2014-01-10T00:00:00","lastDate":"2014-01-19T00:00:00"}
[operation] ask {"demand":"order 5","operation":"delivery end item","quantity":10,"end":"2014-01-10T00:00:00"}
[buffer] ask {"demand":null,"buffer":"end item","requested":10,"date":"2014-01-09T00:00:00","onhand":10}
[demand] reply {"demand":"order 5","attempt":1817,"result":false,"quantity":0,"date":"2014-01-11T00:00:00"}
[demand] attempt {"demand":"order 5","attempt":1818,"quantity":10,"requestDate":"2014-01-11T00:00:00","lastDate":"2014-01-19T00:00:00"}
[operation] ask {"demand":"order 5","operation":"delivery end item","quantity":10,"end":"2014-01-11T00:00:00"}
[buffer] ask {"demand":null,"buffer":"end item","requested":10,"date":"2014-01-10T00:00:00","onhand":10}
[demand] reply {"demand":"order 5","attempt":1818,"result":false,"quantity":0,"date":"2014-01-12T00:00:00"}
[demand] attempt {"demand":"order 5","attempt":1819,"quantity":10,"requestDate":"2014-01-12T00:00:00","lastDate":"2014-01-19T00:00:00"}
[operation] ask {"demand":"order 5","operation":"delivery end item","quantity":10,"end":"2014-01-12T00:00:00"}
[buffer] ask {"demand":null,"buffer":"end item","requested":10,"date":"2014-01-11T00:00:00","onhand":10}
[demand] reply {"demand":"order 5","attempt":1819,"result":false,"quantity":0,"date":"2014-01-13T00:00:00"}
[demand] attempt {"demand":"order 5","attempt":1820,"quantity":10,"requestDate":"2014-01-13T00:00:00","lastDate":"2014-01-19T00:00:00"}
[operation] ask {"demand":"order 5","operation":"delivery end item","quantity":10,"end":"2014-01-13T00:00:00"}
[buffer] ask {"demand":null,"buffer":"end item","requested":10,"date":"2014-01-12T00:00:00","onhand":10}
[demand] reply {"demand":"order 5","attempt":1820,"result":false,"quantity":0,"date":"2014-01-14T00:00:00"}
[demand] attempt {"demand":"order 5","attempt":1821,"quantity":10,"requestDate":"2014-01-14T00:00:00","lastDate":"2014-01-19T00:00:00"}
[operation] ask {"demand":"order 5","operation":"delivery end item","quantity":10,"end":"2014-01-14T00:00:00"}
[buffer] ask {"demand":null,"buffer":"end item","requested":10,"date":"2014-01-13T00:00:00","onhand":10}
[demand] reply {"demand":"order 5","attempt":1821,"result":false,"quantity":0,"date":"2014-01-15T00:00:00"}
[demand] attempt {"demand":"order 5","attempt":1822,"quantity":10,"requestDate":"2014-01-15T00:00:00","lastDate":"2014-01-19T00:00:00"}
[operation] ask {"demand":"order 5","operation":"delivery end item","quantity":10,"end":"2014-01-15T00:00:00"}
[buffer] ask {"demand":null,"buffer":"end item","requested":10,"date":"2014-01-14T00:00:00","onhand":10}
[demand] reply {"demand":"order 5","attempt":1822,"result":false,"quantity":0,"date":"2014-01-16T00:00:00"}
[demand] attempt {"demand":"order 5","attempt":1823,"quantity":10,"requestDate":"2014-01-16T00:00:00","lastDate":"2014-01-19T00:00:00"}
[operation] ask {"demand":"order 5","operation":"delivery end item","quantity":10,"end":"2014-01-16T00:00:00"}
[buffer] ask {"demand":null,"buffer":"end item","requested":10,"date":"2014-01-15T00:00:00","onhand":10}
[demand] reply {"demand":"order 5","attempt":1823,"result":false,"quantity":0,"date":"2014-01-17T00:00:00"}
[demand] attempt {"demand":"order 5","attempt":1824,"quantity":10,"requestDate":"2014-01-17T00:00:00","lastDate":"2014-01-19T00:00:00"}
[operation] ask {"demand":"order 5","operation":"delivery end item","quantity":10,"end":"2014-01-17T00:00:00"}
[buffer] ask {"demand":null,"buffer":"end item","requested":10,"date":"2014-01-16T00:00:00","onhand":10}
[demand] reply {"demand":"order 5","attempt":1824,"result":false,"quantity":0,"date":"2014-01-18T00:00:00"}
[demand] attempt {"demand":"order 5","attempt":1825,"quantity":10,"requestDate":"2014-01-18T00:00:00","lastDate":"2014-01-19T00:00:00"}
[operation] ask {"demand":"order 5","operation":"delivery end item","quantity":10,"end":"2014-01-18T00:00:00"}
[buffer] ask {"demand":null,"buffer":"end item","requested":10,"date":"2014-01-17T00:00:00","onhand":10}
[demand] reply {"demand":"order 5","attempt":1825,"result":false,"quantity":0,"date":"2014-01-19T00:00:00"}
[demand] attempt {"demand":"order 5","attempt":1826,"quantity":10,"requestDate":"2014-01-19T00:00:00","lastDate":"2014-01-19T00:00:00"}
[operation] ask {"demand":"order 5","operation":"delivery end item","quantity":10,"end":"2014-01-19T00:00:00"}
[buffer] ask {"demand":null,"buffer":"end item","requested":10,"date":"2014-01-18T00:00:00","onhand":10}
[demand] reply {"demand":"order 5","attempt":1826,"result":false,"quantity":0,"date":"2014-01-20T00:00:00"}
