
> hikari-api@ workflow:dev C:\Users\11516\Desktop\project\enLearn\api
> tsx watch src/workflow-service/main.ts

[32m[Nest] 51808  - [39m2026/07/31 08:34:03 [32m    LOG[39m [38;5;3m[NestFactory] [39m[32mStarting Nest application...[39m
[32m[Nest] 51808  - [39m2026/07/31 08:34:03 [32m    LOG[39m [38;5;3m[InstanceLoader] [39m[32mDatabaseModule dependencies initialized[39m[38;5;3m +27ms[39m
[32m[Nest] 51808  - [39m2026/07/31 08:34:03 [32m    LOG[39m [38;5;3m[InstanceLoader] [39m[32mRuleModule dependencies initialized[39m[38;5;3m +4ms[39m
[32m[Nest] 51808  - [39m2026/07/31 08:34:03 [32m    LOG[39m [38;5;3m[InstanceLoader] [39m[32mIntegrationModule dependencies initialized[39m[38;5;3m +1ms[39m
[32m[Nest] 51808  - [39m2026/07/31 08:34:03 [32m    LOG[39m [38;5;3m[InstanceLoader] [39m[32mHealthModule dependencies initialized[39m[38;5;3m +1ms[39m
[32m[Nest] 51808  - [39m2026/07/31 08:34:03 [32m    LOG[39m [38;5;3m[InstanceLoader] [39m[32mDefinitionModule dependencies initialized[39m[38;5;3m +1ms[39m
[32m[Nest] 51808  - [39m2026/07/31 08:34:03 [32m    LOG[39m [38;5;3m[InstanceLoader] [39m[32mTaskModule dependencies initialized[39m[38;5;3m +1ms[39m
[32m[Nest] 51808  - [39m2026/07/31 08:34:03 [32m    LOG[39m [38;5;3m[InstanceLoader] [39m[32mHistoryModule dependencies initialized[39m[38;5;3m +0ms[39m
[32m[Nest] 51808  - [39m2026/07/31 08:34:03 [32m    LOG[39m [38;5;3m[InstanceLoader] [39m[32mAppModule dependencies initialized[39m[38;5;3m +1ms[39m
[32m[Nest] 51808  - [39m2026/07/31 08:34:03 [32m    LOG[39m [38;5;3m[InstanceLoader] [39m[32mRuntimeModule dependencies initialized[39m[38;5;3m +0ms[39m
[32m[Nest] 51808  - [39m2026/07/31 08:34:03 [32m    LOG[39m [38;5;3m[InstanceLoader] [39m[32mJobModule dependencies initialized[39m[38;5;3m +1ms[39m
[32m[Nest] 51808  - [39m2026/07/31 08:34:04 [32m    LOG[39m [38;5;3m[NestMicroservice] [39m[32mNest microservice successfully started[39m[38;5;3m +1355ms[39m
Workflow service is listening on Redis.
[32m[Nest] 51808  - [39m2026/07/31 08:34:05 [32m    LOG[39m [38;5;3m[JobLocalExecutorService] [39m[32mSupabase users log job "supabase_users_20s_logger" fetched 6 rows. runId=045e19b8-b462-4035-84b6-91be940890c2[39m
[workflow-api][supabase-users-log] {
  "handledBy": "workflow.supabase.users.log",
  "jobCode": "supabase_users_20s_logger",
  "runId": "045e19b8-b462-4035-84b6-91be940890c2",
  "userCount": 6,
  "users": [
    {
      "id": "d327cb46-374f-483e-b721-182baf8fe32b",
      "full_name": null,
      "avatar_url": null,
      "phone": null,
      "nickname": null,
      "role": "student",
      "city": null,
      "english_level": null,
      "learning_goal": null,
      "source_channel": null,
      "lead_status": "new",
      "assigned_consultant_id": null,
      "updated_at": "2026-07-21T18:29:33.444Z"
    },
    {
      "id": "83ca3cc5-8ebf-4df4-a5f1-b6e695eb1256",
      "full_name": "Codex Test User",
      "avatar_url": null,
      "phone": null,
      "nickname": null,
      "role": "admin",
      "city": null,
      "english_level": null,
      "learning_goal": null,
      "source_channel": null,
      "lead_status": "new",
      "assigned_consultant_id": null,
      "updated_at": "2026-07-21T18:59:04.796Z"
    },
    {
      "id": "90f8c866-56d2-4a0d-aa8c-e50534a97ebd",
      "full_name": "qweqweqwe",
      "avatar_url": null,
      "phone": null,
      "nickname": null,
      "role": "admin",
      "city": null,
      "english_level": null,
      "learning_goal": null,
      "source_channel": null,
      "lead_status": "new",
      "assigned_consultant_id": null,
      "updated_at": "2026-07-22T04:05:00.140Z"
    },
    {
      "id": "c1b2a493-a876-4c02-979a-1dd3b0647578",
      "full_name": "Codex Low-Code Admin",
      "avatar_url": null,
      "phone": null,
      "nickname": null,
      "role": "admin",
      "city": null,
      "english_level": null,
      "learning_goal": null,
      "source_channel": null,
      "lead_status": "new",
      "assigned_consultant_id": null,
      "updated_at": "2026-07-23T03:10:49.583Z"
    },
    {
      "id": "50bfca3f-e053-4225-a699-3a2f4522fae9",
      "full_name": "Codex Admin",
      "avatar_url": null,
      "phone": null,
      "nickname": null,
      "role": "admin",
      "city": null,
      "english_level": null,
      "learning_goal": null,
      "source_channel": null,
      "lead_status": "new",
      "assigned_consultant_id": null,
      "updated_at": "2026-07-24T01:34:15.760Z"
    },
    {
      "id": "5efcd1fd-5448-4f7b-9b75-9b60fbcf1c08",
      "full_name": "Codex Screenshot Admin",
      "avatar_url": null,
      "phone": null,
      "nickname": "Codex Admin",
      "role": "admin",
      "city": null,
      "english_level": null,
      "learning_goal": null,
      "source_channel": null,
      "lead_status": "new",
      "assigned_consultant_id": null,
      "updated_at": "2026-07-25T21:08:38.708Z"
    }
  ],
  "loggedAt": "2026-07-31T00:34:05.419Z"
}
[32m[Nest] 51808  - [39m2026/07/31 08:34:26 [32m    LOG[39m [38;5;3m[JobLocalExecutorService] [39m[32mSupabase users log job "supabase_users_20s_logger" fetched 6 rows. runId=88f47946-e63d-49d6-81cc-2d8c9cbf44bb[39m
[workflow-api][supabase-users-log] {
  "handledBy": "workflow.supabase.users.log",
  "jobCode": "supabase_users_20s_logger",
  "runId": "88f47946-e63d-49d6-81cc-2d8c9cbf44bb",
  "userCount": 6,
  "users": [
    {
      "id": "d327cb46-374f-483e-b721-182baf8fe32b",
      "full_name": null,
      "avatar_url": null,
      "phone": null,
      "nickname": null,
      "role": "student",
      "city": null,
      "english_level": null,
      "learning_goal": null,
      "source_channel": null,
      "lead_status": "new",
      "assigned_consultant_id": null,
      "updated_at": "2026-07-21T18:29:33.444Z"
    },
    {
      "id": "83ca3cc5-8ebf-4df4-a5f1-b6e695eb1256",
      "full_name": "Codex Test User",
      "avatar_url": null,
      "phone": null,
      "nickname": null,
      "role": "admin",
      "city": null,
      "english_level": null,
      "learning_goal": null,
      "source_channel": null,
      "lead_status": "new",
      "assigned_consultant_id": null,
      "updated_at": "2026-07-21T18:59:04.796Z"
    },
    {
      "id": "90f8c866-56d2-4a0d-aa8c-e50534a97ebd",
      "full_name": "qweqweqwe",
      "avatar_url": null,
      "phone": null,
      "nickname": null,
      "role": "admin",
      "city": null,
      "english_level": null,
      "learning_goal": null,
      "source_channel": null,
      "lead_status": "new",
      "assigned_consultant_id": null,
      "updated_at": "2026-07-22T04:05:00.140Z"
    },
    {
      "id": "c1b2a493-a876-4c02-979a-1dd3b0647578",
      "full_name": "Codex Low-Code Admin",
      "avatar_url": null,
      "phone": null,
      "nickname": null,
      "role": "admin",
      "city": null,
      "english_level": null,
      "learning_goal": null,
      "source_channel": null,
      "lead_status": "new",
      "assigned_consultant_id": null,
      "updated_at": "2026-07-23T03:10:49.583Z"
    },
    {
      "id": "50bfca3f-e053-4225-a699-3a2f4522fae9",
      "full_name": "Codex Admin",
      "avatar_url": null,
      "phone": null,
      "nickname": null,
      "role": "admin",
      "city": null,
      "english_level": null,
      "learning_goal": null,
      "source_channel": null,
      "lead_status": "new",
      "assigned_consultant_id": null,
      "updated_at": "2026-07-24T01:34:15.760Z"
    },
    {
      "id": "5efcd1fd-5448-4f7b-9b75-9b60fbcf1c08",
      "full_name": "Codex Screenshot Admin",
      "avatar_url": null,
      "phone": null,
      "nickname": "Codex Admin",
      "role": "admin",
      "city": null,
      "english_level": null,
      "learning_goal": null,
      "source_channel": null,
      "lead_status": "new",
      "assigned_consultant_id": null,
      "updated_at": "2026-07-25T21:08:38.708Z"
    }
  ],
  "loggedAt": "2026-07-31T00:34:26.102Z"
}
[32m[Nest] 51808  - [39m2026/07/31 08:34:46 [32m    LOG[39m [38;5;3m[JobLocalExecutorService] [39m[32mSupabase users log job "supabase_users_20s_logger" fetched 6 rows. runId=6d33e2cf-ca4b-4415-b46d-a981991420b4[39m
[workflow-api][supabase-users-log] {
  "handledBy": "workflow.supabase.users.log",
  "jobCode": "supabase_users_20s_logger",
  "runId": "6d33e2cf-ca4b-4415-b46d-a981991420b4",
  "userCount": 6,
  "users": [
    {
      "id": "d327cb46-374f-483e-b721-182baf8fe32b",
      "full_name": null,
      "avatar_url": null,
      "phone": null,
      "nickname": null,
      "role": "student",
      "city": null,
      "english_level": null,
      "learning_goal": null,
      "source_channel": null,
      "lead_status": "new",
      "assigned_consultant_id": null,
      "updated_at": "2026-07-21T18:29:33.444Z"
    },
    {
      "id": "83ca3cc5-8ebf-4df4-a5f1-b6e695eb1256",
      "full_name": "Codex Test User",
      "avatar_url": null,
      "phone": null,
      "nickname": null,
      "role": "admin",
      "city": null,
      "english_level": null,
      "learning_goal": null,
      "source_channel": null,
      "lead_status": "new",
      "assigned_consultant_id": null,
      "updated_at": "2026-07-21T18:59:04.796Z"
    },
    {
      "id": "90f8c866-56d2-4a0d-aa8c-e50534a97ebd",
      "full_name": "qweqweqwe",
      "avatar_url": null,
      "phone": null,
      "nickname": null,
      "role": "admin",
      "city": null,
      "english_level": null,
      "learning_goal": null,
      "source_channel": null,
      "lead_status": "new",
      "assigned_consultant_id": null,
      "updated_at": "2026-07-22T04:05:00.140Z"
    },
    {
      "id": "c1b2a493-a876-4c02-979a-1dd3b0647578",
      "full_name": "Codex Low-Code Admin",
      "avatar_url": null,
      "phone": null,
      "nickname": null,
      "role": "admin",
      "city": null,
      "english_level": null,
      "learning_goal": null,
      "source_channel": null,
      "lead_status": "new",
      "assigned_consultant_id": null,
      "updated_at": "2026-07-23T03:10:49.583Z"
    },
    {
      "id": "50bfca3f-e053-4225-a699-3a2f4522fae9",
      "full_name": "Codex Admin",
      "avatar_url": null,
      "phone": null,
      "nickname": null,
      "role": "admin",
      "city": null,
      "english_level": null,
      "learning_goal": null,
      "source_channel": null,
      "lead_status": "new",
      "assigned_consultant_id": null,
      "updated_at": "2026-07-24T01:34:15.760Z"
    },
    {
      "id": "5efcd1fd-5448-4f7b-9b75-9b60fbcf1c08",
      "full_name": "Codex Screenshot Admin",
      "avatar_url": null,
      "phone": null,
      "nickname": "Codex Admin",
      "role": "admin",
      "city": null,
      "english_level": null,
      "learning_goal": null,
      "source_channel": null,
      "lead_status": "new",
      "assigned_consultant_id": null,
      "updated_at": "2026-07-25T21:08:38.708Z"
    }
  ],
  "loggedAt": "2026-07-31T00:34:46.265Z"
}
[32m[Nest] 51808  - [39m2026/07/31 08:35:06 [32m    LOG[39m [38;5;3m[JobLocalExecutorService] [39m[32mSupabase users log job "supabase_users_20s_logger" fetched 6 rows. runId=061a3f1e-5193-4344-ae60-8019607c77e1[39m
[workflow-api][supabase-users-log] {
  "handledBy": "workflow.supabase.users.log",
  "jobCode": "supabase_users_20s_logger",
  "runId": "061a3f1e-5193-4344-ae60-8019607c77e1",
  "userCount": 6,
  "users": [
    {
      "id": "d327cb46-374f-483e-b721-182baf8fe32b",
      "full_name": null,
      "avatar_url": null,
      "phone": null,
      "nickname": null,
      "role": "student",
      "city": null,
      "english_level": null,
      "learning_goal": null,
      "source_channel": null,
      "lead_status": "new",
      "assigned_consultant_id": null,
      "updated_at": "2026-07-21T18:29:33.444Z"
    },
    {
      "id": "83ca3cc5-8ebf-4df4-a5f1-b6e695eb1256",
      "full_name": "Codex Test User",
      "avatar_url": null,
      "phone": null,
      "nickname": null,
      "role": "admin",
      "city": null,
      "english_level": null,
      "learning_goal": null,
      "source_channel": null,
      "lead_status": "new",
      "assigned_consultant_id": null,
      "updated_at": "2026-07-21T18:59:04.796Z"
    },
    {
      "id": "90f8c866-56d2-4a0d-aa8c-e50534a97ebd",
      "full_name": "qweqweqwe",
      "avatar_url": null,
      "phone": null,
      "nickname": null,
      "role": "admin",
      "city": null,
      "english_level": null,
      "learning_goal": null,
      "source_channel": null,
      "lead_status": "new",
      "assigned_consultant_id": null,
      "updated_at": "2026-07-22T04:05:00.140Z"
    },
    {
      "id": "c1b2a493-a876-4c02-979a-1dd3b0647578",
      "full_name": "Codex Low-Code Admin",
      "avatar_url": null,
      "phone": null,
      "nickname": null,
      "role": "admin",
      "city": null,
      "english_level": null,
      "learning_goal": null,
      "source_channel": null,
      "lead_status": "new",
      "assigned_consultant_id": null,
      "updated_at": "2026-07-23T03:10:49.583Z"
    },
    {
      "id": "50bfca3f-e053-4225-a699-3a2f4522fae9",
      "full_name": "Codex Admin",
      "avatar_url": null,
      "phone": null,
      "nickname": null,
      "role": "admin",
      "city": null,
      "english_level": null,
      "learning_goal": null,
      "source_channel": null,
      "lead_status": "new",
      "assigned_consultant_id": null,
      "updated_at": "2026-07-24T01:34:15.760Z"
    },
    {
      "id": "5efcd1fd-5448-4f7b-9b75-9b60fbcf1c08",
      "full_name": "Codex Screenshot Admin",
      "avatar_url": null,
      "phone": null,
      "nickname": "Codex Admin",
      "role": "admin",
      "city": null,
      "english_level": null,
      "learning_goal": null,
      "source_channel": null,
      "lead_status": "new",
      "assigned_consultant_id": null,
      "updated_at": "2026-07-25T21:08:38.708Z"
    }
  ],
  "loggedAt": "2026-07-31T00:35:06.457Z"
}
[32m[Nest] 51808  - [39m2026/07/31 08:35:26 [32m    LOG[39m [38;5;3m[JobLocalExecutorService] [39m[32mSupabase users log job "supabase_users_20s_logger" fetched 6 rows. runId=9afe572f-faab-48e8-920c-e329c23af856[39m
[workflow-api][supabase-users-log] {
  "handledBy": "workflow.supabase.users.log",
  "jobCode": "supabase_users_20s_logger",
  "runId": "9afe572f-faab-48e8-920c-e329c23af856",
  "userCount": 6,
  "users": [
    {
      "id": "d327cb46-374f-483e-b721-182baf8fe32b",
      "full_name": null,
      "avatar_url": null,
      "phone": null,
      "nickname": null,
      "role": "student",
      "city": null,
      "english_level": null,
      "learning_goal": null,
      "source_channel": null,
      "lead_status": "new",
      "assigned_consultant_id": null,
      "updated_at": "2026-07-21T18:29:33.444Z"
    },
    {
      "id": "83ca3cc5-8ebf-4df4-a5f1-b6e695eb1256",
      "full_name": "Codex Test User",
      "avatar_url": null,
      "phone": null,
      "nickname": null,
      "role": "admin",
      "city": null,
      "english_level": null,
      "learning_goal": null,
      "source_channel": null,
      "lead_status": "new",
      "assigned_consultant_id": null,
      "updated_at": "2026-07-21T18:59:04.796Z"
    },
    {
      "id": "90f8c866-56d2-4a0d-aa8c-e50534a97ebd",
      "full_name": "qweqweqwe",
      "avatar_url": null,
      "phone": null,
      "nickname": null,
      "role": "admin",
      "city": null,
      "english_level": null,
      "learning_goal": null,
      "source_channel": null,
      "lead_status": "new",
      "assigned_consultant_id": null,
      "updated_at": "2026-07-22T04:05:00.140Z"
    },
    {
      "id": "c1b2a493-a876-4c02-979a-1dd3b0647578",
      "full_name": "Codex Low-Code Admin",
      "avatar_url": null,
      "phone": null,
      "nickname": null,
      "role": "admin",
      "city": null,
      "english_level": null,
      "learning_goal": null,
      "source_channel": null,
      "lead_status": "new",
      "assigned_consultant_id": null,
      "updated_at": "2026-07-23T03:10:49.583Z"
    },
    {
      "id": "50bfca3f-e053-4225-a699-3a2f4522fae9",
      "full_name": "Codex Admin",
      "avatar_url": null,
      "phone": null,
      "nickname": null,
      "role": "admin",
      "city": null,
      "english_level": null,
      "learning_goal": null,
      "source_channel": null,
      "lead_status": "new",
      "assigned_consultant_id": null,
      "updated_at": "2026-07-24T01:34:15.760Z"
    },
    {
      "id": "5efcd1fd-5448-4f7b-9b75-9b60fbcf1c08",
      "full_name": "Codex Screenshot Admin",
      "avatar_url": null,
      "phone": null,
      "nickname": "Codex Admin",
      "role": "admin",
      "city": null,
      "english_level": null,
      "learning_goal": null,
      "source_channel": null,
      "lead_status": "new",
      "assigned_consultant_id": null,
      "updated_at": "2026-07-25T21:08:38.708Z"
    }
  ],
  "loggedAt": "2026-07-31T00:35:26.628Z"
}
[32m[Nest] 51808  - [39m2026/07/31 08:35:47 [32m    LOG[39m [38;5;3m[JobLocalExecutorService] [39m[32mSupabase users log job "supabase_users_20s_logger" fetched 6 rows. runId=30f6bccb-b6ff-49f7-a11b-6d0a1e125968[39m
[workflow-api][supabase-users-log] {
  "handledBy": "workflow.supabase.users.log",
  "jobCode": "supabase_users_20s_logger",
  "runId": "30f6bccb-b6ff-49f7-a11b-6d0a1e125968",
  "userCount": 6,
  "users": [
    {
      "id": "d327cb46-374f-483e-b721-182baf8fe32b",
      "full_name": null,
      "avatar_url": null,
      "phone": null,
      "nickname": null,
      "role": "student",
      "city": null,
      "english_level": null,
      "learning_goal": null,
      "source_channel": null,
      "lead_status": "new",
      "assigned_consultant_id": null,
      "updated_at": "2026-07-21T18:29:33.444Z"
    },
    {
      "id": "83ca3cc5-8ebf-4df4-a5f1-b6e695eb1256",
      "full_name": "Codex Test User",
      "avatar_url": null,
      "phone": null,
      "nickname": null,
      "role": "admin",
      "city": null,
      "english_level": null,
      "learning_goal": null,
      "source_channel": null,
      "lead_status": "new",
      "assigned_consultant_id": null,
      "updated_at": "2026-07-21T18:59:04.796Z"
    },
    {
      "id": "90f8c866-56d2-4a0d-aa8c-e50534a97ebd",
      "full_name": "qweqweqwe",
      "avatar_url": null,
      "phone": null,
      "nickname": null,
      "role": "admin",
      "city": null,
      "english_level": null,
      "learning_goal": null,
      "source_channel": null,
      "lead_status": "new",
      "assigned_consultant_id": null,
      "updated_at": "2026-07-22T04:05:00.140Z"
    },
    {
      "id": "c1b2a493-a876-4c02-979a-1dd3b0647578",
      "full_name": "Codex Low-Code Admin",
      "avatar_url": null,
      "phone": null,
      "nickname": null,
      "role": "admin",
      "city": null,
      "english_level": null,
      "learning_goal": null,
      "source_channel": null,
      "lead_status": "new",
      "assigned_consultant_id": null,
      "updated_at": "2026-07-23T03:10:49.583Z"
    },
    {
      "id": "50bfca3f-e053-4225-a699-3a2f4522fae9",
      "full_name": "Codex Admin",
      "avatar_url": null,
      "phone": null,
      "nickname": null,
      "role": "admin",
      "city": null,
      "english_level": null,
      "learning_goal": null,
      "source_channel": null,
      "lead_status": "new",
      "assigned_consultant_id": null,
      "updated_at": "2026-07-24T01:34:15.760Z"
    },
    {
      "id": "5efcd1fd-5448-4f7b-9b75-9b60fbcf1c08",
      "full_name": "Codex Screenshot Admin",
      "avatar_url": null,
      "phone": null,
      "nickname": "Codex Admin",
      "role": "admin",
      "city": null,
      "english_level": null,
      "learning_goal": null,
      "source_channel": null,
      "lead_status": "new",
      "assigned_consultant_id": null,
      "updated_at": "2026-07-25T21:08:38.708Z"
    }
  ],
  "loggedAt": "2026-07-31T00:35:47.758Z"
}
[32m[Nest] 51808  - [39m2026/07/31 08:36:08 [32m    LOG[39m [38;5;3m[JobLocalExecutorService] [39m[32mSupabase users log job "supabase_users_20s_logger" fetched 6 rows. runId=b01d2d9d-a474-4393-8fdd-93d26c608eda[39m
[workflow-api][supabase-users-log] {
  "handledBy": "workflow.supabase.users.log",
  "jobCode": "supabase_users_20s_logger",
  "runId": "b01d2d9d-a474-4393-8fdd-93d26c608eda",
  "userCount": 6,
  "users": [
    {
      "id": "d327cb46-374f-483e-b721-182baf8fe32b",
      "full_name": null,
      "avatar_url": null,
      "phone": null,
      "nickname": null,
      "role": "student",
      "city": null,
      "english_level": null,
      "learning_goal": null,
      "source_channel": null,
      "lead_status": "new",
      "assigned_consultant_id": null,
      "updated_at": "2026-07-21T18:29:33.444Z"
    },
    {
      "id": "83ca3cc5-8ebf-4df4-a5f1-b6e695eb1256",
      "full_name": "Codex Test User",
      "avatar_url": null,
      "phone": null,
      "nickname": null,
      "role": "admin",
      "city": null,
      "english_level": null,
      "learning_goal": null,
      "source_channel": null,
      "lead_status": "new",
      "assigned_consultant_id": null,
      "updated_at": "2026-07-21T18:59:04.796Z"
    },
    {
      "id": "90f8c866-56d2-4a0d-aa8c-e50534a97ebd",
      "full_name": "qweqweqwe",
      "avatar_url": null,
      "phone": null,
      "nickname": null,
      "role": "admin",
      "city": null,
      "english_level": null,
      "learning_goal": null,
      "source_channel": null,
      "lead_status": "new",
      "assigned_consultant_id": null,
      "updated_at": "2026-07-22T04:05:00.140Z"
    },
    {
      "id": "c1b2a493-a876-4c02-979a-1dd3b0647578",
      "full_name": "Codex Low-Code Admin",
      "avatar_url": null,
      "phone": null,
      "nickname": null,
      "role": "admin",
      "city": null,
      "english_level": null,
      "learning_goal": null,
      "source_channel": null,
      "lead_status": "new",
      "assigned_consultant_id": null,
      "updated_at": "2026-07-23T03:10:49.583Z"
    },
    {
      "id": "50bfca3f-e053-4225-a699-3a2f4522fae9",
      "full_name": "Codex Admin",
      "avatar_url": null,
      "phone": null,
      "nickname": null,
      "role": "admin",
      "city": null,
      "english_level": null,
      "learning_goal": null,
      "source_channel": null,
      "lead_status": "new",
      "assigned_consultant_id": null,
      "updated_at": "2026-07-24T01:34:15.760Z"
    },
    {
      "id": "5efcd1fd-5448-4f7b-9b75-9b60fbcf1c08",
      "full_name": "Codex Screenshot Admin",
      "avatar_url": null,
      "phone": null,
      "nickname": "Codex Admin",
      "role": "admin",
      "city": null,
      "english_level": null,
      "learning_goal": null,
      "source_channel": null,
      "lead_status": "new",
      "assigned_consultant_id": null,
      "updated_at": "2026-07-25T21:08:38.708Z"
    }
  ],
  "loggedAt": "2026-07-31T00:36:08.888Z"
}
[32m[Nest] 51808  - [39m2026/07/31 08:36:29 [32m    LOG[39m [38;5;3m[JobLocalExecutorService] [39m[32mSupabase users log job "supabase_users_20s_logger" fetched 6 rows. runId=bd01dd7a-a908-4ef4-98d8-dfa122bbd73b[39m
[workflow-api][supabase-users-log] {
  "handledBy": "workflow.supabase.users.log",
  "jobCode": "supabase_users_20s_logger",
  "runId": "bd01dd7a-a908-4ef4-98d8-dfa122bbd73b",
  "userCount": 6,
  "users": [
    {
      "id": "d327cb46-374f-483e-b721-182baf8fe32b",
      "full_name": null,
      "avatar_url": null,
      "phone": null,
      "nickname": null,
      "role": "student",
      "city": null,
      "english_level": null,
      "learning_goal": null,
      "source_channel": null,
      "lead_status": "new",
      "assigned_consultant_id": null,
      "updated_at": "2026-07-21T18:29:33.444Z"
    },
    {
      "id": "83ca3cc5-8ebf-4df4-a5f1-b6e695eb1256",
      "full_name": "Codex Test User",
      "avatar_url": null,
      "phone": null,
      "nickname": null,
      "role": "admin",
      "city": null,
      "english_level": null,
      "learning_goal": null,
      "source_channel": null,
      "lead_status": "new",
      "assigned_consultant_id": null,
      "updated_at": "2026-07-21T18:59:04.796Z"
    },
    {
      "id": "90f8c866-56d2-4a0d-aa8c-e50534a97ebd",
      "full_name": "qweqweqwe",
      "avatar_url": null,
      "phone": null,
      "nickname": null,
      "role": "admin",
      "city": null,
      "english_level": null,
      "learning_goal": null,
      "source_channel": null,
      "lead_status": "new",
      "assigned_consultant_id": null,
      "updated_at": "2026-07-22T04:05:00.140Z"
    },
    {
      "id": "c1b2a493-a876-4c02-979a-1dd3b0647578",
      "full_name": "Codex Low-Code Admin",
      "avatar_url": null,
      "phone": null,
      "nickname": null,
      "role": "admin",
      "city": null,
      "english_level": null,
      "learning_goal": null,
      "source_channel": null,
      "lead_status": "new",
      "assigned_consultant_id": null,
      "updated_at": "2026-07-23T03:10:49.583Z"
    },
    {
      "id": "50bfca3f-e053-4225-a699-3a2f4522fae9",
      "full_name": "Codex Admin",
      "avatar_url": null,
      "phone": null,
      "nickname": null,
      "role": "admin",
      "city": null,
      "english_level": null,
      "learning_goal": null,
      "source_channel": null,
      "lead_status": "new",
      "assigned_consultant_id": null,
      "updated_at": "2026-07-24T01:34:15.760Z"
    },
    {
      "id": "5efcd1fd-5448-4f7b-9b75-9b60fbcf1c08",
      "full_name": "Codex Screenshot Admin",
      "avatar_url": null,
      "phone": null,
      "nickname": "Codex Admin",
      "role": "admin",
      "city": null,
      "english_level": null,
      "learning_goal": null,
      "source_channel": null,
      "lead_status": "new",
      "assigned_consultant_id": null,
      "updated_at": "2026-07-25T21:08:38.708Z"
    }
  ],
  "loggedAt": "2026-07-31T00:36:29.053Z"
}
[32m[Nest] 51808  - [39m2026/07/31 08:36:50 [32m    LOG[39m [38;5;3m[JobLocalExecutorService] [39m[32mSupabase users log job "supabase_users_20s_logger" fetched 6 rows. runId=ab19a011-b294-4afd-b7b4-19282c95b7d7[39m
[workflow-api][supabase-users-log] {
  "handledBy": "workflow.supabase.users.log",
  "jobCode": "supabase_users_20s_logger",
  "runId": "ab19a011-b294-4afd-b7b4-19282c95b7d7",
  "userCount": 6,
  "users": [
    {
      "id": "d327cb46-374f-483e-b721-182baf8fe32b",
      "full_name": null,
      "avatar_url": null,
      "phone": null,
      "nickname": null,
      "role": "student",
      "city": null,
      "english_level": null,
      "learning_goal": null,
      "source_channel": null,
      "lead_status": "new",
      "assigned_consultant_id": null,
      "updated_at": "2026-07-21T18:29:33.444Z"
    },
    {
      "id": "83ca3cc5-8ebf-4df4-a5f1-b6e695eb1256",
      "full_name": "Codex Test User",
      "avatar_url": null,
      "phone": null,
      "nickname": null,
      "role": "admin",
      "city": null,
      "english_level": null,
      "learning_goal": null,
      "source_channel": null,
      "lead_status": "new",
      "assigned_consultant_id": null,
      "updated_at": "2026-07-21T18:59:04.796Z"
    },
    {
      "id": "90f8c866-56d2-4a0d-aa8c-e50534a97ebd",
      "full_name": "qweqweqwe",
      "avatar_url": null,
      "phone": null,
      "nickname": null,
      "role": "admin",
      "city": null,
      "english_level": null,
      "learning_goal": null,
      "source_channel": null,
      "lead_status": "new",
      "assigned_consultant_id": null,
      "updated_at": "2026-07-22T04:05:00.140Z"
    },
    {
      "id": "c1b2a493-a876-4c02-979a-1dd3b0647578",
      "full_name": "Codex Low-Code Admin",
      "avatar_url": null,
      "phone": null,
      "nickname": null,
      "role": "admin",
      "city": null,
      "english_level": null,
      "learning_goal": null,
      "source_channel": null,
      "lead_status": "new",
      "assigned_consultant_id": null,
      "updated_at": "2026-07-23T03:10:49.583Z"
    },
    {
      "id": "50bfca3f-e053-4225-a699-3a2f4522fae9",
      "full_name": "Codex Admin",
      "avatar_url": null,
      "phone": null,
      "nickname": null,
      "role": "admin",
      "city": null,
      "english_level": null,
      "learning_goal": null,
      "source_channel": null,
      "lead_status": "new",
      "assigned_consultant_id": null,
      "updated_at": "2026-07-24T01:34:15.760Z"
    },
    {
      "id": "5efcd1fd-5448-4f7b-9b75-9b60fbcf1c08",
      "full_name": "Codex Screenshot Admin",
      "avatar_url": null,
      "phone": null,
      "nickname": "Codex Admin",
      "role": "admin",
      "city": null,
      "english_level": null,
      "learning_goal": null,
      "source_channel": null,
      "lead_status": "new",
      "assigned_consultant_id": null,
      "updated_at": "2026-07-25T21:08:38.708Z"
    }
  ],
  "loggedAt": "2026-07-31T00:36:50.206Z"
}
08:37:06 [tsx] change in ./src\workflow\common\env.ts Restarting...
[32m[Nest] 54700  - [39m2026/07/31 08:37:08 [32m    LOG[39m [38;5;3m[NestFactory] [39m[32mStarting Nest application...[39m
[32m[Nest] 54700  - [39m2026/07/31 08:37:08 [32m    LOG[39m [38;5;3m[InstanceLoader] [39m[32mDatabaseModule dependencies initialized[39m[38;5;3m +16ms[39m
[32m[Nest] 54700  - [39m2026/07/31 08:37:08 [32m    LOG[39m [38;5;3m[InstanceLoader] [39m[32mRuleModule dependencies initialized[39m[38;5;3m +1ms[39m
[32m[Nest] 54700  - [39m2026/07/31 08:37:08 [32m    LOG[39m [38;5;3m[InstanceLoader] [39m[32mIntegrationModule dependencies initialized[39m[38;5;3m +0ms[39m
[32m[Nest] 54700  - [39m2026/07/31 08:37:08 [32m    LOG[39m [38;5;3m[InstanceLoader] [39m[32mHealthModule dependencies initialized[39m[38;5;3m +0ms[39m
[32m[Nest] 54700  - [39m2026/07/31 08:37:08 [32m    LOG[39m [38;5;3m[InstanceLoader] [39m[32mDefinitionModule dependencies initialized[39m[38;5;3m +1ms[39m
[32m[Nest] 54700  - [39m2026/07/31 08:37:08 [32m    LOG[39m [38;5;3m[InstanceLoader] [39m[32mTaskModule dependencies initialized[39m[38;5;3m +0ms[39m
[32m[Nest] 54700  - [39m2026/07/31 08:37:08 [32m    LOG[39m [38;5;3m[InstanceLoader] [39m[32mHistoryModule dependencies initialized[39m[38;5;3m +1ms[39m
[32m[Nest] 54700  - [39m2026/07/31 08:37:08 [32m    LOG[39m [38;5;3m[InstanceLoader] [39m[32mAppModule dependencies initialized[39m[38;5;3m +0ms[39m
[32m[Nest] 54700  - [39m2026/07/31 08:37:08 [32m    LOG[39m [38;5;3m[InstanceLoader] [39m[32mRuntimeModule dependencies initialized[39m[38;5;3m +0ms[39m
[32m[Nest] 54700  - [39m2026/07/31 08:37:08 [32m    LOG[39m [38;5;3m[InstanceLoader] [39m[32mJobModule dependencies initialized[39m[38;5;3m +0ms[39m
[32m[Nest] 54700  - [39m2026/07/31 08:37:08 [32m    LOG[39m [38;5;3m[NestMicroservice] [39m[32mNest microservice successfully started[39m[38;5;3m +393ms[39m
Workflow service is listening on Redis.
[32m[Nest] 54700  - [39m2026/07/31 08:37:11 [32m    LOG[39m [38;5;3m[JobLocalExecutorService] [39m[32mSupabase users log job "supabase_users_20s_logger" fetched 6 rows. runId=796088f1-838b-4632-92f8-af892403476b[39m
[workflow-api][supabase-users-log] {
  "handledBy": "workflow.supabase.users.log",
  "jobCode": "supabase_users_20s_logger",
  "runId": "796088f1-838b-4632-92f8-af892403476b",
  "userCount": 6,
  "users": [
    {
      "id": "d327cb46-374f-483e-b721-182baf8fe32b",
      "full_name": null,
      "avatar_url": null,
      "phone": null,
      "nickname": null,
      "role": "student",
      "city": null,
      "english_level": null,
      "learning_goal": null,
      "source_channel": null,
      "lead_status": "new",
      "assigned_consultant_id": null,
      "updated_at": "2026-07-21T18:29:33.444Z"
    },
    {
      "id": "83ca3cc5-8ebf-4df4-a5f1-b6e695eb1256",
      "full_name": "Codex Test User",
      "avatar_url": null,
      "phone": null,
      "nickname": null,
      "role": "admin",
      "city": null,
      "english_level": null,
      "learning_goal": null,
      "source_channel": null,
      "lead_status": "new",
      "assigned_consultant_id": null,
      "updated_at": "2026-07-21T18:59:04.796Z"
    },
    {
      "id": "90f8c866-56d2-4a0d-aa8c-e50534a97ebd",
      "full_name": "qweqweqwe",
      "avatar_url": null,
      "phone": null,
      "nickname": null,
      "role": "admin",
      "city": null,
      "english_level": null,
      "learning_goal": null,
      "source_channel": null,
      "lead_status": "new",
      "assigned_consultant_id": null,
      "updated_at": "2026-07-22T04:05:00.140Z"
    },
    {
      "id": "c1b2a493-a876-4c02-979a-1dd3b0647578",
      "full_name": "Codex Low-Code Admin",
      "avatar_url": null,
      "phone": null,
      "nickname": null,
      "role": "admin",
      "city": null,
      "english_level": null,
      "learning_goal": null,
      "source_channel": null,
      "lead_status": "new",
      "assigned_consultant_id": null,
      "updated_at": "2026-07-23T03:10:49.583Z"
    },
    {
      "id": "50bfca3f-e053-4225-a699-3a2f4522fae9",
      "full_name": "Codex Admin",
      "avatar_url": null,
      "phone": null,
      "nickname": null,
      "role": "admin",
      "city": null,
      "english_level": null,
      "learning_goal": null,
      "source_channel": null,
      "lead_status": "new",
      "assigned_consultant_id": null,
      "updated_at": "2026-07-24T01:34:15.760Z"
    },
    {
      "id": "5efcd1fd-5448-4f7b-9b75-9b60fbcf1c08",
      "full_name": "Codex Screenshot Admin",
      "avatar_url": null,
      "phone": null,
      "nickname": "Codex Admin",
      "role": "admin",
      "city": null,
      "english_level": null,
      "learning_goal": null,
      "source_channel": null,
      "lead_status": "new",
      "assigned_consultant_id": null,
      "updated_at": "2026-07-25T21:08:38.708Z"
    }
  ],
  "loggedAt": "2026-07-31T00:37:11.220Z"
}
[32m[Nest] 54700  - [39m2026/07/31 08:37:32 [32m    LOG[39m [38;5;3m[JobLocalExecutorService] [39m[32mSupabase users log job "supabase_users_20s_logger" fetched 6 rows. runId=c2ef4d7a-6baf-46ae-9498-396adb7c9845[39m
[workflow-api][supabase-users-log] {
  "handledBy": "workflow.supabase.users.log",
  "jobCode": "supabase_users_20s_logger",
  "runId": "c2ef4d7a-6baf-46ae-9498-396adb7c9845",
  "userCount": 6,
  "users": [
    {
      "id": "d327cb46-374f-483e-b721-182baf8fe32b",
      "full_name": null,
      "avatar_url": null,
      "phone": null,
      "nickname": null,
      "role": "student",
      "city": null,
      "english_level": null,
      "learning_goal": null,
      "source_channel": null,
      "lead_status": "new",
      "assigned_consultant_id": null,
      "updated_at": "2026-07-21T18:29:33.444Z"
    },
    {
      "id": "83ca3cc5-8ebf-4df4-a5f1-b6e695eb1256",
      "full_name": "Codex Test User",
      "avatar_url": null,
      "phone": null,
      "nickname": null,
      "role": "admin",
      "city": null,
      "english_level": null,
      "learning_goal": null,
      "source_channel": null,
      "lead_status": "new",
      "assigned_consultant_id": null,
      "updated_at": "2026-07-21T18:59:04.796Z"
    },
    {
      "id": "90f8c866-56d2-4a0d-aa8c-e50534a97ebd",
      "full_name": "qweqweqwe",
      "avatar_url": null,
      "phone": null,
      "nickname": null,
      "role": "admin",
      "city": null,
      "english_level": null,
      "learning_goal": null,
      "source_channel": null,
      "lead_status": "new",
      "assigned_consultant_id": null,
      "updated_at": "2026-07-22T04:05:00.140Z"
    },
    {
      "id": "c1b2a493-a876-4c02-979a-1dd3b0647578",
      "full_name": "Codex Low-Code Admin",
      "avatar_url": null,
      "phone": null,
      "nickname": null,
      "role": "admin",
      "city": null,
      "english_level": null,
      "learning_goal": null,
      "source_channel": null,
      "lead_status": "new",
      "assigned_consultant_id": null,
      "updated_at": "2026-07-23T03:10:49.583Z"
    },
    {
      "id": "50bfca3f-e053-4225-a699-3a2f4522fae9",
      "full_name": "Codex Admin",
      "avatar_url": null,
      "phone": null,
      "nickname": null,
      "role": "admin",
      "city": null,
      "english_level": null,
      "learning_goal": null,
      "source_channel": null,
      "lead_status": "new",
      "assigned_consultant_id": null,
      "updated_at": "2026-07-24T01:34:15.760Z"
    },
    {
      "id": "5efcd1fd-5448-4f7b-9b75-9b60fbcf1c08",
      "full_name": "Codex Screenshot Admin",
      "avatar_url": null,
      "phone": null,
      "nickname": "Codex Admin",
      "role": "admin",
      "city": null,
      "english_level": null,
      "learning_goal": null,
      "source_channel": null,
      "lead_status": "new",
      "assigned_consultant_id": null,
      "updated_at": "2026-07-25T21:08:38.708Z"
    }
  ],
  "loggedAt": "2026-07-31T00:37:32.333Z"
}
[32m[Nest] 54700  - [39m2026/07/31 08:37:53 [32m    LOG[39m [38;5;3m[JobLocalExecutorService] [39m[32mSupabase users log job "supabase_users_20s_logger" fetched 6 rows. runId=1daef93f-c9b4-4a1c-a70e-672164934e4a[39m
[workflow-api][supabase-users-log] {
  "handledBy": "workflow.supabase.users.log",
  "jobCode": "supabase_users_20s_logger",
  "runId": "1daef93f-c9b4-4a1c-a70e-672164934e4a",
  "userCount": 6,
  "users": [
    {
      "id": "d327cb46-374f-483e-b721-182baf8fe32b",
      "full_name": null,
      "avatar_url": null,
      "phone": null,
      "nickname": null,
      "role": "student",
      "city": null,
      "english_level": null,
      "learning_goal": null,
      "source_channel": null,
      "lead_status": "new",
      "assigned_consultant_id": null,
      "updated_at": "2026-07-21T18:29:33.444Z"
    },
    {
      "id": "83ca3cc5-8ebf-4df4-a5f1-b6e695eb1256",
      "full_name": "Codex Test User",
      "avatar_url": null,
      "phone": null,
      "nickname": null,
      "role": "admin",
      "city": null,
      "english_level": null,
      "learning_goal": null,
      "source_channel": null,
      "lead_status": "new",
      "assigned_consultant_id": null,
      "updated_at": "2026-07-21T18:59:04.796Z"
    },
    {
      "id": "90f8c866-56d2-4a0d-aa8c-e50534a97ebd",
      "full_name": "qweqweqwe",
      "avatar_url": null,
      "phone": null,
      "nickname": null,
      "role": "admin",
      "city": null,
      "english_level": null,
      "learning_goal": null,
      "source_channel": null,
      "lead_status": "new",
      "assigned_consultant_id": null,
      "updated_at": "2026-07-22T04:05:00.140Z"
    },
    {
      "id": "c1b2a493-a876-4c02-979a-1dd3b0647578",
      "full_name": "Codex Low-Code Admin",
      "avatar_url": null,
      "phone": null,
      "nickname": null,
      "role": "admin",
      "city": null,
      "english_level": null,
      "learning_goal": null,
      "source_channel": null,
      "lead_status": "new",
      "assigned_consultant_id": null,
      "updated_at": "2026-07-23T03:10:49.583Z"
    },
    {
      "id": "50bfca3f-e053-4225-a699-3a2f4522fae9",
      "full_name": "Codex Admin",
      "avatar_url": null,
      "phone": null,
      "nickname": null,
      "role": "admin",
      "city": null,
      "english_level": null,
      "learning_goal": null,
      "source_channel": null,
      "lead_status": "new",
      "assigned_consultant_id": null,
      "updated_at": "2026-07-24T01:34:15.760Z"
    },
    {
      "id": "5efcd1fd-5448-4f7b-9b75-9b60fbcf1c08",
      "full_name": "Codex Screenshot Admin",
      "avatar_url": null,
      "phone": null,
      "nickname": "Codex Admin",
      "role": "admin",
      "city": null,
      "english_level": null,
      "learning_goal": null,
      "source_channel": null,
      "lead_status": "new",
      "assigned_consultant_id": null,
      "updated_at": "2026-07-25T21:08:38.708Z"
    }
  ],
  "loggedAt": "2026-07-31T00:37:53.462Z"
}
[32m[Nest] 54700  - [39m2026/07/31 08:38:14 [32m    LOG[39m [38;5;3m[JobLocalExecutorService] [39m[32mSupabase users log job "supabase_users_20s_logger" fetched 6 rows. runId=40cf973e-45df-41e5-851c-96a2d7f90743[39m
[workflow-api][supabase-users-log] {
  "handledBy": "workflow.supabase.users.log",
  "jobCode": "supabase_users_20s_logger",
  "runId": "40cf973e-45df-41e5-851c-96a2d7f90743",
  "userCount": 6,
  "users": [
    {
      "id": "d327cb46-374f-483e-b721-182baf8fe32b",
      "full_name": null,
      "avatar_url": null,
      "phone": null,
      "nickname": null,
      "role": "student",
      "city": null,
      "english_level": null,
      "learning_goal": null,
      "source_channel": null,
      "lead_status": "new",
      "assigned_consultant_id": null,
      "updated_at": "2026-07-21T18:29:33.444Z"
    },
    {
      "id": "83ca3cc5-8ebf-4df4-a5f1-b6e695eb1256",
      "full_name": "Codex Test User",
      "avatar_url": null,
      "phone": null,
      "nickname": null,
      "role": "admin",
      "city": null,
      "english_level": null,
      "learning_goal": null,
      "source_channel": null,
      "lead_status": "new",
      "assigned_consultant_id": null,
      "updated_at": "2026-07-21T18:59:04.796Z"
    },
    {
      "id": "90f8c866-56d2-4a0d-aa8c-e50534a97ebd",
      "full_name": "qweqweqwe",
      "avatar_url": null,
      "phone": null,
      "nickname": null,
      "role": "admin",
      "city": null,
      "english_level": null,
      "learning_goal": null,
      "source_channel": null,
      "lead_status": "new",
      "assigned_consultant_id": null,
      "updated_at": "2026-07-22T04:05:00.140Z"
    },
    {
      "id": "c1b2a493-a876-4c02-979a-1dd3b0647578",
      "full_name": "Codex Low-Code Admin",
      "avatar_url": null,
      "phone": null,
      "nickname": null,
      "role": "admin",
      "city": null,
      "english_level": null,
      "learning_goal": null,
      "source_channel": null,
      "lead_status": "new",
      "assigned_consultant_id": null,
      "updated_at": "2026-07-23T03:10:49.583Z"
    },
    {
      "id": "50bfca3f-e053-4225-a699-3a2f4522fae9",
      "full_name": "Codex Admin",
      "avatar_url": null,
      "phone": null,
      "nickname": null,
      "role": "admin",
      "city": null,
      "english_level": null,
      "learning_goal": null,
      "source_channel": null,
      "lead_status": "new",
      "assigned_consultant_id": null,
      "updated_at": "2026-07-24T01:34:15.760Z"
    },
    {
      "id": "5efcd1fd-5448-4f7b-9b75-9b60fbcf1c08",
      "full_name": "Codex Screenshot Admin",
      "avatar_url": null,
      "phone": null,
      "nickname": "Codex Admin",
      "role": "admin",
      "city": null,
      "english_level": null,
      "learning_goal": null,
      "source_channel": null,
      "lead_status": "new",
      "assigned_consultant_id": null,
      "updated_at": "2026-07-25T21:08:38.708Z"
    }
  ],
  "loggedAt": "2026-07-31T00:38:14.571Z"
}
[32m[Nest] 54700  - [39m2026/07/31 08:38:35 [32m    LOG[39m [38;5;3m[JobLocalExecutorService] [39m[32mSupabase users log job "supabase_users_20s_logger" fetched 6 rows. runId=c8358e7e-5f23-4453-a2a1-ff04c8d4e46f[39m
[workflow-api][supabase-users-log] {
  "handledBy": "workflow.supabase.users.log",
  "jobCode": "supabase_users_20s_logger",
  "runId": "c8358e7e-5f23-4453-a2a1-ff04c8d4e46f",
  "userCount": 6,
  "users": [
    {
      "id": "d327cb46-374f-483e-b721-182baf8fe32b",
      "full_name": null,
      "avatar_url": null,
      "phone": null,
      "nickname": null,
      "role": "student",
      "city": null,
      "english_level": null,
      "learning_goal": null,
      "source_channel": null,
      "lead_status": "new",
      "assigned_consultant_id": null,
      "updated_at": "2026-07-21T18:29:33.444Z"
    },
    {
      "id": "83ca3cc5-8ebf-4df4-a5f1-b6e695eb1256",
      "full_name": "Codex Test User",
      "avatar_url": null,
      "phone": null,
      "nickname": null,
      "role": "admin",
      "city": null,
      "english_level": null,
      "learning_goal": null,
      "source_channel": null,
      "lead_status": "new",
      "assigned_consultant_id": null,
      "updated_at": "2026-07-21T18:59:04.796Z"
    },
    {
      "id": "90f8c866-56d2-4a0d-aa8c-e50534a97ebd",
      "full_name": "qweqweqwe",
      "avatar_url": null,
      "phone": null,
      "nickname": null,
      "role": "admin",
      "city": null,
      "english_level": null,
      "learning_goal": null,
      "source_channel": null,
      "lead_status": "new",
      "assigned_consultant_id": null,
      "updated_at": "2026-07-22T04:05:00.140Z"
    },
    {
      "id": "c1b2a493-a876-4c02-979a-1dd3b0647578",
      "full_name": "Codex Low-Code Admin",
      "avatar_url": null,
      "phone": null,
      "nickname": null,
      "role": "admin",
      "city": null,
      "english_level": null,
      "learning_goal": null,
      "source_channel": null,
      "lead_status": "new",
      "assigned_consultant_id": null,
      "updated_at": "2026-07-23T03:10:49.583Z"
    },
    {
      "id": "50bfca3f-e053-4225-a699-3a2f4522fae9",
      "full_name": "Codex Admin",
      "avatar_url": null,
      "phone": null,
      "nickname": null,
      "role": "admin",
      "city": null,
      "english_level": null,
      "learning_goal": null,
      "source_channel": null,
      "lead_status": "new",
      "assigned_consultant_id": null,
      "updated_at": "2026-07-24T01:34:15.760Z"
    },
    {
      "id": "5efcd1fd-5448-4f7b-9b75-9b60fbcf1c08",
      "full_name": "Codex Screenshot Admin",
      "avatar_url": null,
      "phone": null,
      "nickname": "Codex Admin",
      "role": "admin",
      "city": null,
      "english_level": null,
      "learning_goal": null,
      "source_channel": null,
      "lead_status": "new",
      "assigned_consultant_id": null,
      "updated_at": "2026-07-25T21:08:38.708Z"
    }
  ],
  "loggedAt": "2026-07-31T00:38:35.720Z"
}
[32m[Nest] 54700  - [39m2026/07/31 08:38:55 [32m    LOG[39m [38;5;3m[JobLocalExecutorService] [39m[32mSupabase users log job "supabase_users_20s_logger" fetched 6 rows. runId=245e8783-860c-4f11-950b-be3299f8fcf6[39m
[workflow-api][supabase-users-log] {
  "handledBy": "workflow.supabase.users.log",
  "jobCode": "supabase_users_20s_logger",
  "runId": "245e8783-860c-4f11-950b-be3299f8fcf6",
  "userCount": 6,
  "users": [
    {
      "id": "d327cb46-374f-483e-b721-182baf8fe32b",
      "full_name": null,
      "avatar_url": null,
      "phone": null,
      "nickname": null,
      "role": "student",
      "city": null,
      "english_level": null,
      "learning_goal": null,
      "source_channel": null,
      "lead_status": "new",
      "assigned_consultant_id": null,
      "updated_at": "2026-07-21T18:29:33.444Z"
    },
    {
      "id": "83ca3cc5-8ebf-4df4-a5f1-b6e695eb1256",
      "full_name": "Codex Test User",
      "avatar_url": null,
      "phone": null,
      "nickname": null,
      "role": "admin",
      "city": null,
      "english_level": null,
      "learning_goal": null,
      "source_channel": null,
      "lead_status": "new",
      "assigned_consultant_id": null,
      "updated_at": "2026-07-21T18:59:04.796Z"
    },
    {
      "id": "90f8c866-56d2-4a0d-aa8c-e50534a97ebd",
      "full_name": "qweqweqwe",
      "avatar_url": null,
      "phone": null,
      "nickname": null,
      "role": "admin",
      "city": null,
      "english_level": null,
      "learning_goal": null,
      "source_channel": null,
      "lead_status": "new",
      "assigned_consultant_id": null,
      "updated_at": "2026-07-22T04:05:00.140Z"
    },
    {
      "id": "c1b2a493-a876-4c02-979a-1dd3b0647578",
      "full_name": "Codex Low-Code Admin",
      "avatar_url": null,
      "phone": null,
      "nickname": null,
      "role": "admin",
      "city": null,
      "english_level": null,
      "learning_goal": null,
      "source_channel": null,
      "lead_status": "new",
      "assigned_consultant_id": null,
      "updated_at": "2026-07-23T03:10:49.583Z"
    },
    {
      "id": "50bfca3f-e053-4225-a699-3a2f4522fae9",
      "full_name": "Codex Admin",
      "avatar_url": null,
      "phone": null,
      "nickname": null,
      "role": "admin",
      "city": null,
      "english_level": null,
      "learning_goal": null,
      "source_channel": null,
      "lead_status": "new",
      "assigned_consultant_id": null,
      "updated_at": "2026-07-24T01:34:15.760Z"
    },
    {
      "id": "5efcd1fd-5448-4f7b-9b75-9b60fbcf1c08",
      "full_name": "Codex Screenshot Admin",
      "avatar_url": null,
      "phone": null,
      "nickname": "Codex Admin",
      "role": "admin",
      "city": null,
      "english_level": null,
      "learning_goal": null,
      "source_channel": null,
      "lead_status": "new",
      "assigned_consultant_id": null,
      "updated_at": "2026-07-25T21:08:38.708Z"
    }
  ],
  "loggedAt": "2026-07-31T00:38:55.962Z"
}
[32m[Nest] 54700  - [39m2026/07/31 08:39:17 [32m    LOG[39m [38;5;3m[JobLocalExecutorService] [39m[32mSupabase users log job "supabase_users_20s_logger" fetched 6 rows. runId=c7fb30cc-88d3-406b-aadc-82f0b505a016[39m
[workflow-api][supabase-users-log] {
  "handledBy": "workflow.supabase.users.log",
  "jobCode": "supabase_users_20s_logger",
  "runId": "c7fb30cc-88d3-406b-aadc-82f0b505a016",
  "userCount": 6,
  "users": [
    {
      "id": "d327cb46-374f-483e-b721-182baf8fe32b",
      "full_name": null,
      "avatar_url": null,
      "phone": null,
      "nickname": null,
      "role": "student",
      "city": null,
      "english_level": null,
      "learning_goal": null,
      "source_channel": null,
      "lead_status": "new",
      "assigned_consultant_id": null,
      "updated_at": "2026-07-21T18:29:33.444Z"
    },
    {
      "id": "83ca3cc5-8ebf-4df4-a5f1-b6e695eb1256",
      "full_name": "Codex Test User",
      "avatar_url": null,
      "phone": null,
      "nickname": null,
      "role": "admin",
      "city": null,
      "english_level": null,
      "learning_goal": null,
      "source_channel": null,
      "lead_status": "new",
      "assigned_consultant_id": null,
      "updated_at": "2026-07-21T18:59:04.796Z"
    },
    {
      "id": "90f8c866-56d2-4a0d-aa8c-e50534a97ebd",
      "full_name": "qweqweqwe",
      "avatar_url": null,
      "phone": null,
      "nickname": null,
      "role": "admin",
      "city": null,
      "english_level": null,
      "learning_goal": null,
      "source_channel": null,
      "lead_status": "new",
      "assigned_consultant_id": null,
      "updated_at": "2026-07-22T04:05:00.140Z"
    },
    {
      "id": "c1b2a493-a876-4c02-979a-1dd3b0647578",
      "full_name": "Codex Low-Code Admin",
      "avatar_url": null,
      "phone": null,
      "nickname": null,
      "role": "admin",
      "city": null,
      "english_level": null,
      "learning_goal": null,
      "source_channel": null,
      "lead_status": "new",
      "assigned_consultant_id": null,
      "updated_at": "2026-07-23T03:10:49.583Z"
    },
    {
      "id": "50bfca3f-e053-4225-a699-3a2f4522fae9",
      "full_name": "Codex Admin",
      "avatar_url": null,
      "phone": null,
      "nickname": null,
      "role": "admin",
      "city": null,
      "english_level": null,
      "learning_goal": null,
      "source_channel": null,
      "lead_status": "new",
      "assigned_consultant_id": null,
      "updated_at": "2026-07-24T01:34:15.760Z"
    },
    {
      "id": "5efcd1fd-5448-4f7b-9b75-9b60fbcf1c08",
      "full_name": "Codex Screenshot Admin",
      "avatar_url": null,
      "phone": null,
      "nickname": "Codex Admin",
      "role": "admin",
      "city": null,
      "english_level": null,
      "learning_goal": null,
      "source_channel": null,
      "lead_status": "new",
      "assigned_consultant_id": null,
      "updated_at": "2026-07-25T21:08:38.708Z"
    }
  ],
  "loggedAt": "2026-07-31T00:39:17.092Z"
}
[32m[Nest] 54700  - [39m2026/07/31 08:39:38 [32m    LOG[39m [38;5;3m[JobLocalExecutorService] [39m[32mSupabase users log job "supabase_users_20s_logger" fetched 6 rows. runId=72a24e68-b162-410e-ba0b-44110ecbe9b6[39m
[workflow-api][supabase-users-log] {
  "handledBy": "workflow.supabase.users.log",
  "jobCode": "supabase_users_20s_logger",
  "runId": "72a24e68-b162-410e-ba0b-44110ecbe9b6",
  "userCount": 6,
  "users": [
    {
      "id": "d327cb46-374f-483e-b721-182baf8fe32b",
      "full_name": null,
      "avatar_url": null,
      "phone": null,
      "nickname": null,
      "role": "student",
      "city": null,
      "english_level": null,
      "learning_goal": null,
      "source_channel": null,
      "lead_status": "new",
      "assigned_consultant_id": null,
      "updated_at": "2026-07-21T18:29:33.444Z"
    },
    {
      "id": "83ca3cc5-8ebf-4df4-a5f1-b6e695eb1256",
      "full_name": "Codex Test User",
      "avatar_url": null,
      "phone": null,
      "nickname": null,
      "role": "admin",
      "city": null,
      "english_level": null,
      "learning_goal": null,
      "source_channel": null,
      "lead_status": "new",
      "assigned_consultant_id": null,
      "updated_at": "2026-07-21T18:59:04.796Z"
    },
    {
      "id": "90f8c866-56d2-4a0d-aa8c-e50534a97ebd",
      "full_name": "qweqweqwe",
      "avatar_url": null,
      "phone": null,
      "nickname": null,
      "role": "admin",
      "city": null,
      "english_level": null,
      "learning_goal": null,
      "source_channel": null,
      "lead_status": "new",
      "assigned_consultant_id": null,
      "updated_at": "2026-07-22T04:05:00.140Z"
    },
    {
      "id": "c1b2a493-a876-4c02-979a-1dd3b0647578",
      "full_name": "Codex Low-Code Admin",
      "avatar_url": null,
      "phone": null,
      "nickname": null,
      "role": "admin",
      "city": null,
      "english_level": null,
      "learning_goal": null,
      "source_channel": null,
      "lead_status": "new",
      "assigned_consultant_id": null,
      "updated_at": "2026-07-23T03:10:49.583Z"
    },
    {
      "id": "50bfca3f-e053-4225-a699-3a2f4522fae9",
      "full_name": "Codex Admin",
      "avatar_url": null,
      "phone": null,
      "nickname": null,
      "role": "admin",
      "city": null,
      "english_level": null,
      "learning_goal": null,
      "source_channel": null,
      "lead_status": "new",
      "assigned_consultant_id": null,
      "updated_at": "2026-07-24T01:34:15.760Z"
    },
    {
      "id": "5efcd1fd-5448-4f7b-9b75-9b60fbcf1c08",
      "full_name": "Codex Screenshot Admin",
      "avatar_url": null,
      "phone": null,
      "nickname": "Codex Admin",
      "role": "admin",
      "city": null,
      "english_level": null,
      "learning_goal": null,
      "source_channel": null,
      "lead_status": "new",
      "assigned_consultant_id": null,
      "updated_at": "2026-07-25T21:08:38.708Z"
    }
  ],
  "loggedAt": "2026-07-31T00:39:38.189Z"
}
[32m[Nest] 54700  - [39m2026/07/31 08:39:59 [32m    LOG[39m [38;5;3m[JobLocalExecutorService] [39m[32mSupabase users log job "supabase_users_20s_logger" fetched 6 rows. runId=cff0d16f-7fd5-4073-9f4d-b02e51254787[39m
[workflow-api][supabase-users-log] {
  "handledBy": "workflow.supabase.users.log",
  "jobCode": "supabase_users_20s_logger",
  "runId": "cff0d16f-7fd5-4073-9f4d-b02e51254787",
  "userCount": 6,
  "users": [
    {
      "id": "d327cb46-374f-483e-b721-182baf8fe32b",
      "full_name": null,
      "avatar_url": null,
      "phone": null,
      "nickname": null,
      "role": "student",
      "city": null,
      "english_level": null,
      "learning_goal": null,
      "source_channel": null,
      "lead_status": "new",
      "assigned_consultant_id": null,
      "updated_at": "2026-07-21T18:29:33.444Z"
    },
    {
      "id": "83ca3cc5-8ebf-4df4-a5f1-b6e695eb1256",
      "full_name": "Codex Test User",
      "avatar_url": null,
      "phone": null,
      "nickname": null,
      "role": "admin",
      "city": null,
      "english_level": null,
      "learning_goal": null,
      "source_channel": null,
      "lead_status": "new",
      "assigned_consultant_id": null,
      "updated_at": "2026-07-21T18:59:04.796Z"
    },
    {
      "id": "90f8c866-56d2-4a0d-aa8c-e50534a97ebd",
      "full_name": "qweqweqwe",
      "avatar_url": null,
      "phone": null,
      "nickname": null,
      "role": "admin",
      "city": null,
      "english_level": null,
      "learning_goal": null,
      "source_channel": null,
      "lead_status": "new",
      "assigned_consultant_id": null,
      "updated_at": "2026-07-22T04:05:00.140Z"
    },
    {
      "id": "c1b2a493-a876-4c02-979a-1dd3b0647578",
      "full_name": "Codex Low-Code Admin",
      "avatar_url": null,
      "phone": null,
      "nickname": null,
      "role": "admin",
      "city": null,
      "english_level": null,
      "learning_goal": null,
      "source_channel": null,
      "lead_status": "new",
      "assigned_consultant_id": null,
      "updated_at": "2026-07-23T03:10:49.583Z"
    },
    {
      "id": "50bfca3f-e053-4225-a699-3a2f4522fae9",
      "full_name": "Codex Admin",
      "avatar_url": null,
      "phone": null,
      "nickname": null,
      "role": "admin",
      "city": null,
      "english_level": null,
      "learning_goal": null,
      "source_channel": null,
      "lead_status": "new",
      "assigned_consultant_id": null,
      "updated_at": "2026-07-24T01:34:15.760Z"
    },
    {
      "id": "5efcd1fd-5448-4f7b-9b75-9b60fbcf1c08",
      "full_name": "Codex Screenshot Admin",
      "avatar_url": null,
      "phone": null,
      "nickname": "Codex Admin",
      "role": "admin",
      "city": null,
      "english_level": null,
      "learning_goal": null,
      "source_channel": null,
      "lead_status": "new",
      "assigned_consultant_id": null,
      "updated_at": "2026-07-25T21:08:38.708Z"
    }
  ],
  "loggedAt": "2026-07-31T00:39:59.317Z"
}
[32m[Nest] 54700  - [39m2026/07/31 08:40:20 [32m    LOG[39m [38;5;3m[JobLocalExecutorService] [39m[32mSupabase users log job "supabase_users_20s_logger" fetched 6 rows. runId=02ccbad4-5f81-466e-80b1-ba443ca67553[39m
[workflow-api][supabase-users-log] {
  "handledBy": "workflow.supabase.users.log",
  "jobCode": "supabase_users_20s_logger",
  "runId": "02ccbad4-5f81-466e-80b1-ba443ca67553",
  "userCount": 6,
  "users": [
    {
      "id": "d327cb46-374f-483e-b721-182baf8fe32b",
      "full_name": null,
      "avatar_url": null,
      "phone": null,
      "nickname": null,
      "role": "student",
      "city": null,
      "english_level": null,
      "learning_goal": null,
      "source_channel": null,
      "lead_status": "new",
      "assigned_consultant_id": null,
      "updated_at": "2026-07-21T18:29:33.444Z"
    },
    {
      "id": "83ca3cc5-8ebf-4df4-a5f1-b6e695eb1256",
      "full_name": "Codex Test User",
      "avatar_url": null,
      "phone": null,
      "nickname": null,
      "role": "admin",
      "city": null,
      "english_level": null,
      "learning_goal": null,
      "source_channel": null,
      "lead_status": "new",
      "assigned_consultant_id": null,
      "updated_at": "2026-07-21T18:59:04.796Z"
    },
    {
      "id": "90f8c866-56d2-4a0d-aa8c-e50534a97ebd",
      "full_name": "qweqweqwe",
      "avatar_url": null,
      "phone": null,
      "nickname": null,
      "role": "admin",
      "city": null,
      "english_level": null,
      "learning_goal": null,
      "source_channel": null,
      "lead_status": "new",
      "assigned_consultant_id": null,
      "updated_at": "2026-07-22T04:05:00.140Z"
    },
    {
      "id": "c1b2a493-a876-4c02-979a-1dd3b0647578",
      "full_name": "Codex Low-Code Admin",
      "avatar_url": null,
      "phone": null,
      "nickname": null,
      "role": "admin",
      "city": null,
      "english_level": null,
      "learning_goal": null,
      "source_channel": null,
      "lead_status": "new",
      "assigned_consultant_id": null,
      "updated_at": "2026-07-23T03:10:49.583Z"
    },
    {
      "id": "50bfca3f-e053-4225-a699-3a2f4522fae9",
      "full_name": "Codex Admin",
      "avatar_url": null,
      "phone": null,
      "nickname": null,
      "role": "admin",
      "city": null,
      "english_level": null,
      "learning_goal": null,
      "source_channel": null,
      "lead_status": "new",
      "assigned_consultant_id": null,
      "updated_at": "2026-07-24T01:34:15.760Z"
    },
    {
      "id": "5efcd1fd-5448-4f7b-9b75-9b60fbcf1c08",
      "full_name": "Codex Screenshot Admin",
      "avatar_url": null,
      "phone": null,
      "nickname": "Codex Admin",
      "role": "admin",
      "city": null,
      "english_level": null,
      "learning_goal": null,
      "source_channel": null,
      "lead_status": "new",
      "assigned_consultant_id": null,
      "updated_at": "2026-07-25T21:08:38.708Z"
    }
  ],
  "loggedAt": "2026-07-31T00:40:20.437Z"
}
[32m[Nest] 54700  - [39m2026/07/31 08:40:41 [32m    LOG[39m [38;5;3m[JobLocalExecutorService] [39m[32mSupabase users log job "supabase_users_20s_logger" fetched 6 rows. runId=25ac3e9c-37bf-4065-ac5a-bea3b636e31e[39m
[workflow-api][supabase-users-log] {
  "handledBy": "workflow.supabase.users.log",
  "jobCode": "supabase_users_20s_logger",
  "runId": "25ac3e9c-37bf-4065-ac5a-bea3b636e31e",
  "userCount": 6,
  "users": [
    {
      "id": "d327cb46-374f-483e-b721-182baf8fe32b",
      "full_name": null,
      "avatar_url": null,
      "phone": null,
      "nickname": null,
      "role": "student",
      "city": null,
      "english_level": null,
      "learning_goal": null,
      "source_channel": null,
      "lead_status": "new",
      "assigned_consultant_id": null,
      "updated_at": "2026-07-21T18:29:33.444Z"
    },
    {
      "id": "83ca3cc5-8ebf-4df4-a5f1-b6e695eb1256",
      "full_name": "Codex Test User",
      "avatar_url": null,
      "phone": null,
      "nickname": null,
      "role": "admin",
      "city": null,
      "english_level": null,
      "learning_goal": null,
      "source_channel": null,
      "lead_status": "new",
      "assigned_consultant_id": null,
      "updated_at": "2026-07-21T18:59:04.796Z"
    },
    {
      "id": "90f8c866-56d2-4a0d-aa8c-e50534a97ebd",
      "full_name": "qweqweqwe",
      "avatar_url": null,
      "phone": null,
      "nickname": null,
      "role": "admin",
      "city": null,
      "english_level": null,
      "learning_goal": null,
      "source_channel": null,
      "lead_status": "new",
      "assigned_consultant_id": null,
      "updated_at": "2026-07-22T04:05:00.140Z"
    },
    {
      "id": "c1b2a493-a876-4c02-979a-1dd3b0647578",
      "full_name": "Codex Low-Code Admin",
      "avatar_url": null,
      "phone": null,
      "nickname": null,
      "role": "admin",
      "city": null,
      "english_level": null,
      "learning_goal": null,
      "source_channel": null,
      "lead_status": "new",
      "assigned_consultant_id": null,
      "updated_at": "2026-07-23T03:10:49.583Z"
    },
    {
      "id": "50bfca3f-e053-4225-a699-3a2f4522fae9",
      "full_name": "Codex Admin",
      "avatar_url": null,
      "phone": null,
      "nickname": null,
      "role": "admin",
      "city": null,
      "english_level": null,
      "learning_goal": null,
      "source_channel": null,
      "lead_status": "new",
      "assigned_consultant_id": null,
      "updated_at": "2026-07-24T01:34:15.760Z"
    },
    {
      "id": "5efcd1fd-5448-4f7b-9b75-9b60fbcf1c08",
      "full_name": "Codex Screenshot Admin",
      "avatar_url": null,
      "phone": null,
      "nickname": "Codex Admin",
      "role": "admin",
      "city": null,
      "english_level": null,
      "learning_goal": null,
      "source_channel": null,
      "lead_status": "new",
      "assigned_consultant_id": null,
      "updated_at": "2026-07-25T21:08:38.708Z"
    }
  ],
  "loggedAt": "2026-07-31T00:40:41.567Z"
}
[32m[Nest] 54700  - [39m2026/07/31 08:41:02 [32m    LOG[39m [38;5;3m[JobLocalExecutorService] [39m[32mSupabase users log job "supabase_users_20s_logger" fetched 6 rows. runId=d6fda3c0-f218-4bcf-b25b-e01a8a412e59[39m
[workflow-api][supabase-users-log] {
  "handledBy": "workflow.supabase.users.log",
  "jobCode": "supabase_users_20s_logger",
  "runId": "d6fda3c0-f218-4bcf-b25b-e01a8a412e59",
  "userCount": 6,
  "users": [
    {
      "id": "d327cb46-374f-483e-b721-182baf8fe32b",
      "full_name": null,
      "avatar_url": null,
      "phone": null,
      "nickname": null,
      "role": "student",
      "city": null,
      "english_level": null,
      "learning_goal": null,
      "source_channel": null,
      "lead_status": "new",
      "assigned_consultant_id": null,
      "updated_at": "2026-07-21T18:29:33.444Z"
    },
    {
      "id": "83ca3cc5-8ebf-4df4-a5f1-b6e695eb1256",
      "full_name": "Codex Test User",
      "avatar_url": null,
      "phone": null,
      "nickname": null,
      "role": "admin",
      "city": null,
      "english_level": null,
      "learning_goal": null,
      "source_channel": null,
      "lead_status": "new",
      "assigned_consultant_id": null,
      "updated_at": "2026-07-21T18:59:04.796Z"
    },
    {
      "id": "90f8c866-56d2-4a0d-aa8c-e50534a97ebd",
      "full_name": "qweqweqwe",
      "avatar_url": null,
      "phone": null,
      "nickname": null,
      "role": "admin",
      "city": null,
      "english_level": null,
      "learning_goal": null,
      "source_channel": null,
      "lead_status": "new",
      "assigned_consultant_id": null,
      "updated_at": "2026-07-22T04:05:00.140Z"
    },
    {
      "id": "c1b2a493-a876-4c02-979a-1dd3b0647578",
      "full_name": "Codex Low-Code Admin",
      "avatar_url": null,
      "phone": null,
      "nickname": null,
      "role": "admin",
      "city": null,
      "english_level": null,
      "learning_goal": null,
      "source_channel": null,
      "lead_status": "new",
      "assigned_consultant_id": null,
      "updated_at": "2026-07-23T03:10:49.583Z"
    },
    {
      "id": "50bfca3f-e053-4225-a699-3a2f4522fae9",
      "full_name": "Codex Admin",
      "avatar_url": null,
      "phone": null,
      "nickname": null,
      "role": "admin",
      "city": null,
      "english_level": null,
      "learning_goal": null,
      "source_channel": null,
      "lead_status": "new",
      "assigned_consultant_id": null,
      "updated_at": "2026-07-24T01:34:15.760Z"
    },
    {
      "id": "5efcd1fd-5448-4f7b-9b75-9b60fbcf1c08",
      "full_name": "Codex Screenshot Admin",
      "avatar_url": null,
      "phone": null,
      "nickname": "Codex Admin",
      "role": "admin",
      "city": null,
      "english_level": null,
      "learning_goal": null,
      "source_channel": null,
      "lead_status": "new",
      "assigned_consultant_id": null,
      "updated_at": "2026-07-25T21:08:38.708Z"
    }
  ],
  "loggedAt": "2026-07-31T00:41:02.724Z"
}
[32m[Nest] 54700  - [39m2026/07/31 08:41:23 [32m    LOG[39m [38;5;3m[JobLocalExecutorService] [39m[32mSupabase users log job "supabase_users_20s_logger" fetched 6 rows. runId=ec7e8d7f-f405-41f2-a341-8d1f79760680[39m
[workflow-api][supabase-users-log] {
  "handledBy": "workflow.supabase.users.log",
  "jobCode": "supabase_users_20s_logger",
  "runId": "ec7e8d7f-f405-41f2-a341-8d1f79760680",
  "userCount": 6,
  "users": [
    {
      "id": "d327cb46-374f-483e-b721-182baf8fe32b",
      "full_name": null,
      "avatar_url": null,
      "phone": null,
      "nickname": null,
      "role": "student",
      "city": null,
      "english_level": null,
      "learning_goal": null,
      "source_channel": null,
      "lead_status": "new",
      "assigned_consultant_id": null,
      "updated_at": "2026-07-21T18:29:33.444Z"
    },
    {
      "id": "83ca3cc5-8ebf-4df4-a5f1-b6e695eb1256",
      "full_name": "Codex Test User",
      "avatar_url": null,
      "phone": null,
      "nickname": null,
      "role": "admin",
      "city": null,
      "english_level": null,
      "learning_goal": null,
      "source_channel": null,
      "lead_status": "new",
      "assigned_consultant_id": null,
      "updated_at": "2026-07-21T18:59:04.796Z"
    },
    {
      "id": "90f8c866-56d2-4a0d-aa8c-e50534a97ebd",
      "full_name": "qweqweqwe",
      "avatar_url": null,
      "phone": null,
      "nickname": null,
      "role": "admin",
      "city": null,
      "english_level": null,
      "learning_goal": null,
      "source_channel": null,
      "lead_status": "new",
      "assigned_consultant_id": null,
      "updated_at": "2026-07-22T04:05:00.140Z"
    },
    {
      "id": "c1b2a493-a876-4c02-979a-1dd3b0647578",
      "full_name": "Codex Low-Code Admin",
      "avatar_url": null,
      "phone": null,
      "nickname": null,
      "role": "admin",
      "city": null,
      "english_level": null,
      "learning_goal": null,
      "source_channel": null,
      "lead_status": "new",
      "assigned_consultant_id": null,
      "updated_at": "2026-07-23T03:10:49.583Z"
    },
    {
      "id": "50bfca3f-e053-4225-a699-3a2f4522fae9",
      "full_name": "Codex Admin",
      "avatar_url": null,
      "phone": null,
      "nickname": null,
      "role": "admin",
      "city": null,
      "english_level": null,
      "learning_goal": null,
      "source_channel": null,
      "lead_status": "new",
      "assigned_consultant_id": null,
      "updated_at": "2026-07-24T01:34:15.760Z"
    },
    {
      "id": "5efcd1fd-5448-4f7b-9b75-9b60fbcf1c08",
      "full_name": "Codex Screenshot Admin",
      "avatar_url": null,
      "phone": null,
      "nickname": "Codex Admin",
      "role": "admin",
      "city": null,
      "english_level": null,
      "learning_goal": null,
      "source_channel": null,
      "lead_status": "new",
      "assigned_consultant_id": null,
      "updated_at": "2026-07-25T21:08:38.708Z"
    }
  ],
  "loggedAt": "2026-07-31T00:41:23.810Z"
}
[32m[Nest] 54700  - [39m2026/07/31 08:41:44 [32m    LOG[39m [38;5;3m[JobLocalExecutorService] [39m[32mSupabase users log job "supabase_users_20s_logger" fetched 6 rows. runId=f7821eee-00f9-4b4f-8849-bc554d11339d[39m
[workflow-api][supabase-users-log] {
  "handledBy": "workflow.supabase.users.log",
  "jobCode": "supabase_users_20s_logger",
  "runId": "f7821eee-00f9-4b4f-8849-bc554d11339d",
  "userCount": 6,
  "users": [
    {
      "id": "d327cb46-374f-483e-b721-182baf8fe32b",
      "full_name": null,
      "avatar_url": null,
      "phone": null,
      "nickname": null,
      "role": "student",
      "city": null,
      "english_level": null,
      "learning_goal": null,
      "source_channel": null,
      "lead_status": "new",
      "assigned_consultant_id": null,
      "updated_at": "2026-07-21T18:29:33.444Z"
    },
    {
      "id": "83ca3cc5-8ebf-4df4-a5f1-b6e695eb1256",
      "full_name": "Codex Test User",
      "avatar_url": null,
      "phone": null,
      "nickname": null,
      "role": "admin",
      "city": null,
      "english_level": null,
      "learning_goal": null,
      "source_channel": null,
      "lead_status": "new",
      "assigned_consultant_id": null,
      "updated_at": "2026-07-21T18:59:04.796Z"
    },
    {
      "id": "90f8c866-56d2-4a0d-aa8c-e50534a97ebd",
      "full_name": "qweqweqwe",
      "avatar_url": null,
      "phone": null,
      "nickname": null,
      "role": "admin",
      "city": null,
      "english_level": null,
      "learning_goal": null,
      "source_channel": null,
      "lead_status": "new",
      "assigned_consultant_id": null,
      "updated_at": "2026-07-22T04:05:00.140Z"
    },
    {
      "id": "c1b2a493-a876-4c02-979a-1dd3b0647578",
      "full_name": "Codex Low-Code Admin",
      "avatar_url": null,
      "phone": null,
      "nickname": null,
      "role": "admin",
      "city": null,
      "english_level": null,
      "learning_goal": null,
      "source_channel": null,
      "lead_status": "new",
      "assigned_consultant_id": null,
      "updated_at": "2026-07-23T03:10:49.583Z"
    },
    {
      "id": "50bfca3f-e053-4225-a699-3a2f4522fae9",
      "full_name": "Codex Admin",
      "avatar_url": null,
      "phone": null,
      "nickname": null,
      "role": "admin",
      "city": null,
      "english_level": null,
      "learning_goal": null,
      "source_channel": null,
      "lead_status": "new",
      "assigned_consultant_id": null,
      "updated_at": "2026-07-24T01:34:15.760Z"
    },
    {
      "id": "5efcd1fd-5448-4f7b-9b75-9b60fbcf1c08",
      "full_name": "Codex Screenshot Admin",
      "avatar_url": null,
      "phone": null,
      "nickname": "Codex Admin",
      "role": "admin",
      "city": null,
      "english_level": null,
      "learning_goal": null,
      "source_channel": null,
      "lead_status": "new",
      "assigned_consultant_id": null,
      "updated_at": "2026-07-25T21:08:38.708Z"
    }
  ],
  "loggedAt": "2026-07-31T00:41:44.929Z"
}
[32m[Nest] 54700  - [39m2026/07/31 08:42:06 [32m    LOG[39m [38;5;3m[JobLocalExecutorService] [39m[32mSupabase users log job "supabase_users_20s_logger" fetched 6 rows. runId=5db99c75-8748-4c4b-beac-92fd12f3463d[39m
[workflow-api][supabase-users-log] {
  "handledBy": "workflow.supabase.users.log",
  "jobCode": "supabase_users_20s_logger",
  "runId": "5db99c75-8748-4c4b-beac-92fd12f3463d",
  "userCount": 6,
  "users": [
    {
      "id": "d327cb46-374f-483e-b721-182baf8fe32b",
      "full_name": null,
      "avatar_url": null,
      "phone": null,
      "nickname": null,
      "role": "student",
      "city": null,
      "english_level": null,
      "learning_goal": null,
      "source_channel": null,
      "lead_status": "new",
      "assigned_consultant_id": null,
      "updated_at": "2026-07-21T18:29:33.444Z"
    },
    {
      "id": "83ca3cc5-8ebf-4df4-a5f1-b6e695eb1256",
      "full_name": "Codex Test User",
      "avatar_url": null,
      "phone": null,
      "nickname": null,
      "role": "admin",
      "city": null,
      "english_level": null,
      "learning_goal": null,
      "source_channel": null,
      "lead_status": "new",
      "assigned_consultant_id": null,
      "updated_at": "2026-07-21T18:59:04.796Z"
    },
    {
      "id": "90f8c866-56d2-4a0d-aa8c-e50534a97ebd",
      "full_name": "qweqweqwe",
      "avatar_url": null,
      "phone": null,
      "nickname": null,
      "role": "admin",
      "city": null,
      "english_level": null,
      "learning_goal": null,
      "source_channel": null,
      "lead_status": "new",
      "assigned_consultant_id": null,
      "updated_at": "2026-07-22T04:05:00.140Z"
    },
    {
      "id": "c1b2a493-a876-4c02-979a-1dd3b0647578",
      "full_name": "Codex Low-Code Admin",
      "avatar_url": null,
      "phone": null,
      "nickname": null,
      "role": "admin",
      "city": null,
      "english_level": null,
      "learning_goal": null,
      "source_channel": null,
      "lead_status": "new",
      "assigned_consultant_id": null,
      "updated_at": "2026-07-23T03:10:49.583Z"
    },
    {
      "id": "50bfca3f-e053-4225-a699-3a2f4522fae9",
      "full_name": "Codex Admin",
      "avatar_url": null,
      "phone": null,
      "nickname": null,
      "role": "admin",
      "city": null,
      "english_level": null,
      "learning_goal": null,
      "source_channel": null,
      "lead_status": "new",
      "assigned_consultant_id": null,
      "updated_at": "2026-07-24T01:34:15.760Z"
    },
    {
      "id": "5efcd1fd-5448-4f7b-9b75-9b60fbcf1c08",
      "full_name": "Codex Screenshot Admin",
      "avatar_url": null,
      "phone": null,
      "nickname": "Codex Admin",
      "role": "admin",
      "city": null,
      "english_level": null,
      "learning_goal": null,
      "source_channel": null,
      "lead_status": "new",
      "assigned_consultant_id": null,
      "updated_at": "2026-07-25T21:08:38.708Z"
    }
  ],
  "loggedAt": "2026-07-31T00:42:06.045Z"
}
[32m[Nest] 54700  - [39m2026/07/31 08:42:27 [32m    LOG[39m [38;5;3m[JobLocalExecutorService] [39m[32mSupabase users log job "supabase_users_20s_logger" fetched 6 rows. runId=20450c30-e92a-4a96-8880-365f1acb45f1[39m
[workflow-api][supabase-users-log] {
  "handledBy": "workflow.supabase.users.log",
  "jobCode": "supabase_users_20s_logger",
  "runId": "20450c30-e92a-4a96-8880-365f1acb45f1",
  "userCount": 6,
  "users": [
    {
      "id": "d327cb46-374f-483e-b721-182baf8fe32b",
      "full_name": null,
      "avatar_url": null,
      "phone": null,
      "nickname": null,
      "role": "student",
      "city": null,
      "english_level": null,
      "learning_goal": null,
      "source_channel": null,
      "lead_status": "new",
      "assigned_consultant_id": null,
      "updated_at": "2026-07-21T18:29:33.444Z"
    },
    {
      "id": "83ca3cc5-8ebf-4df4-a5f1-b6e695eb1256",
      "full_name": "Codex Test User",
      "avatar_url": null,
      "phone": null,
      "nickname": null,
      "role": "admin",
      "city": null,
      "english_level": null,
      "learning_goal": null,
      "source_channel": null,
      "lead_status": "new",
      "assigned_consultant_id": null,
      "updated_at": "2026-07-21T18:59:04.796Z"
    },
    {
      "id": "90f8c866-56d2-4a0d-aa8c-e50534a97ebd",
      "full_name": "qweqweqwe",
      "avatar_url": null,
      "phone": null,
      "nickname": null,
      "role": "admin",
      "city": null,
      "english_level": null,
      "learning_goal": null,
      "source_channel": null,
      "lead_status": "new",
      "assigned_consultant_id": null,
      "updated_at": "2026-07-22T04:05:00.140Z"
    },
    {
      "id": "c1b2a493-a876-4c02-979a-1dd3b0647578",
      "full_name": "Codex Low-Code Admin",
      "avatar_url": null,
      "phone": null,
      "nickname": null,
      "role": "admin",
      "city": null,
      "english_level": null,
      "learning_goal": null,
      "source_channel": null,
      "lead_status": "new",
      "assigned_consultant_id": null,
      "updated_at": "2026-07-23T03:10:49.583Z"
    },
    {
      "id": "50bfca3f-e053-4225-a699-3a2f4522fae9",
      "full_name": "Codex Admin",
      "avatar_url": null,
      "phone": null,
      "nickname": null,
      "role": "admin",
      "city": null,
      "english_level": null,
      "learning_goal": null,
      "source_channel": null,
      "lead_status": "new",
      "assigned_consultant_id": null,
      "updated_at": "2026-07-24T01:34:15.760Z"
    },
    {
      "id": "5efcd1fd-5448-4f7b-9b75-9b60fbcf1c08",
      "full_name": "Codex Screenshot Admin",
      "avatar_url": null,
      "phone": null,
      "nickname": "Codex Admin",
      "role": "admin",
      "city": null,
      "english_level": null,
      "learning_goal": null,
      "source_channel": null,
      "lead_status": "new",
      "assigned_consultant_id": null,
      "updated_at": "2026-07-25T21:08:38.708Z"
    }
  ],
  "loggedAt": "2026-07-31T00:42:27.149Z"
}
[32m[Nest] 54700  - [39m2026/07/31 08:42:48 [32m    LOG[39m [38;5;3m[JobLocalExecutorService] [39m[32mSupabase users log job "supabase_users_20s_logger" fetched 6 rows. runId=1e92656c-1a13-4f63-b291-73a90377f26b[39m
[workflow-api][supabase-users-log] {
  "handledBy": "workflow.supabase.users.log",
  "jobCode": "supabase_users_20s_logger",
  "runId": "1e92656c-1a13-4f63-b291-73a90377f26b",
  "userCount": 6,
  "users": [
    {
      "id": "d327cb46-374f-483e-b721-182baf8fe32b",
      "full_name": null,
      "avatar_url": null,
      "phone": null,
      "nickname": null,
      "role": "student",
      "city": null,
      "english_level": null,
      "learning_goal": null,
      "source_channel": null,
      "lead_status": "new",
      "assigned_consultant_id": null,
      "updated_at": "2026-07-21T18:29:33.444Z"
    },
    {
      "id": "83ca3cc5-8ebf-4df4-a5f1-b6e695eb1256",
      "full_name": "Codex Test User",
      "avatar_url": null,
      "phone": null,
      "nickname": null,
      "role": "admin",
      "city": null,
      "english_level": null,
      "learning_goal": null,
      "source_channel": null,
      "lead_status": "new",
      "assigned_consultant_id": null,
      "updated_at": "2026-07-21T18:59:04.796Z"
    },
    {
      "id": "90f8c866-56d2-4a0d-aa8c-e50534a97ebd",
      "full_name": "qweqweqwe",
      "avatar_url": null,
      "phone": null,
      "nickname": null,
      "role": "admin",
      "city": null,
      "english_level": null,
      "learning_goal": null,
      "source_channel": null,
      "lead_status": "new",
      "assigned_consultant_id": null,
      "updated_at": "2026-07-22T04:05:00.140Z"
    },
    {
      "id": "c1b2a493-a876-4c02-979a-1dd3b0647578",
      "full_name": "Codex Low-Code Admin",
      "avatar_url": null,
      "phone": null,
      "nickname": null,
      "role": "admin",
      "city": null,
      "english_level": null,
      "learning_goal": null,
      "source_channel": null,
      "lead_status": "new",
      "assigned_consultant_id": null,
      "updated_at": "2026-07-23T03:10:49.583Z"
    },
    {
      "id": "50bfca3f-e053-4225-a699-3a2f4522fae9",
      "full_name": "Codex Admin",
      "avatar_url": null,
      "phone": null,
      "nickname": null,
      "role": "admin",
      "city": null,
      "english_level": null,
      "learning_goal": null,
      "source_channel": null,
      "lead_status": "new",
      "assigned_consultant_id": null,
      "updated_at": "2026-07-24T01:34:15.760Z"
    },
    {
      "id": "5efcd1fd-5448-4f7b-9b75-9b60fbcf1c08",
      "full_name": "Codex Screenshot Admin",
      "avatar_url": null,
      "phone": null,
      "nickname": "Codex Admin",
      "role": "admin",
      "city": null,
      "english_level": null,
      "learning_goal": null,
      "source_channel": null,
      "lead_status": "new",
      "assigned_consultant_id": null,
      "updated_at": "2026-07-25T21:08:38.708Z"
    }
  ],
  "loggedAt": "2026-07-31T00:42:48.292Z"
}
[32m[Nest] 54700  - [39m2026/07/31 08:43:09 [32m    LOG[39m [38;5;3m[JobLocalExecutorService] [39m[32mSupabase users log job "supabase_users_20s_logger" fetched 6 rows. runId=76a52581-6c9f-4510-9202-100bd52c2400[39m
[workflow-api][supabase-users-log] {
  "handledBy": "workflow.supabase.users.log",
  "jobCode": "supabase_users_20s_logger",
  "runId": "76a52581-6c9f-4510-9202-100bd52c2400",
  "userCount": 6,
  "users": [
    {
      "id": "d327cb46-374f-483e-b721-182baf8fe32b",
      "full_name": null,
      "avatar_url": null,
      "phone": null,
      "nickname": null,
      "role": "student",
      "city": null,
      "english_level": null,
      "learning_goal": null,
      "source_channel": null,
      "lead_status": "new",
      "assigned_consultant_id": null,
      "updated_at": "2026-07-21T18:29:33.444Z"
    },
    {
      "id": "83ca3cc5-8ebf-4df4-a5f1-b6e695eb1256",
      "full_name": "Codex Test User",
      "avatar_url": null,
      "phone": null,
      "nickname": null,
      "role": "admin",
      "city": null,
      "english_level": null,
      "learning_goal": null,
      "source_channel": null,
      "lead_status": "new",
      "assigned_consultant_id": null,
      "updated_at": "2026-07-21T18:59:04.796Z"
    },
    {
      "id": "90f8c866-56d2-4a0d-aa8c-e50534a97ebd",
      "full_name": "qweqweqwe",
      "avatar_url": null,
      "phone": null,
      "nickname": null,
      "role": "admin",
      "city": null,
      "english_level": null,
      "learning_goal": null,
      "source_channel": null,
      "lead_status": "new",
      "assigned_consultant_id": null,
      "updated_at": "2026-07-22T04:05:00.140Z"
    },
    {
      "id": "c1b2a493-a876-4c02-979a-1dd3b0647578",
      "full_name": "Codex Low-Code Admin",
      "avatar_url": null,
      "phone": null,
      "nickname": null,
      "role": "admin",
      "city": null,
      "english_level": null,
      "learning_goal": null,
      "source_channel": null,
      "lead_status": "new",
      "assigned_consultant_id": null,
      "updated_at": "2026-07-23T03:10:49.583Z"
    },
    {
      "id": "50bfca3f-e053-4225-a699-3a2f4522fae9",
      "full_name": "Codex Admin",
      "avatar_url": null,
      "phone": null,
      "nickname": null,
      "role": "admin",
      "city": null,
      "english_level": null,
      "learning_goal": null,
      "source_channel": null,
      "lead_status": "new",
      "assigned_consultant_id": null,
      "updated_at": "2026-07-24T01:34:15.760Z"
    },
    {
      "id": "5efcd1fd-5448-4f7b-9b75-9b60fbcf1c08",
      "full_name": "Codex Screenshot Admin",
      "avatar_url": null,
      "phone": null,
      "nickname": "Codex Admin",
      "role": "admin",
      "city": null,
      "english_level": null,
      "learning_goal": null,
      "source_channel": null,
      "lead_status": "new",
      "assigned_consultant_id": null,
      "updated_at": "2026-07-25T21:08:38.708Z"
    }
  ],
  "loggedAt": "2026-07-31T00:43:09.405Z"
}
[32m[Nest] 54700  - [39m2026/07/31 08:43:30 [32m    LOG[39m [38;5;3m[JobLocalExecutorService] [39m[32mSupabase users log job "supabase_users_20s_logger" fetched 6 rows. runId=505849d7-d68e-4c73-ba5f-08cc4ea48422[39m
[workflow-api][supabase-users-log] {
  "handledBy": "workflow.supabase.users.log",
  "jobCode": "supabase_users_20s_logger",
  "runId": "505849d7-d68e-4c73-ba5f-08cc4ea48422",
  "userCount": 6,
  "users": [
    {
      "id": "d327cb46-374f-483e-b721-182baf8fe32b",
      "full_name": null,
      "avatar_url": null,
      "phone": null,
      "nickname": null,
      "role": "student",
      "city": null,
      "english_level": null,
      "learning_goal": null,
      "source_channel": null,
      "lead_status": "new",
      "assigned_consultant_id": null,
      "updated_at": "2026-07-21T18:29:33.444Z"
    },
    {
      "id": "83ca3cc5-8ebf-4df4-a5f1-b6e695eb1256",
      "full_name": "Codex Test User",
      "avatar_url": null,
      "phone": null,
      "nickname": null,
      "role": "admin",
      "city": null,
      "english_level": null,
      "learning_goal": null,
      "source_channel": null,
      "lead_status": "new",
      "assigned_consultant_id": null,
      "updated_at": "2026-07-21T18:59:04.796Z"
    },
    {
      "id": "90f8c866-56d2-4a0d-aa8c-e50534a97ebd",
      "full_name": "qweqweqwe",
      "avatar_url": null,
      "phone": null,
      "nickname": null,
      "role": "admin",
      "city": null,
      "english_level": null,
      "learning_goal": null,
      "source_channel": null,
      "lead_status": "new",
      "assigned_consultant_id": null,
      "updated_at": "2026-07-22T04:05:00.140Z"
    },
    {
      "id": "c1b2a493-a876-4c02-979a-1dd3b0647578",
      "full_name": "Codex Low-Code Admin",
      "avatar_url": null,
      "phone": null,
      "nickname": null,
      "role": "admin",
      "city": null,
      "english_level": null,
      "learning_goal": null,
      "source_channel": null,
      "lead_status": "new",
      "assigned_consultant_id": null,
      "updated_at": "2026-07-23T03:10:49.583Z"
    },
    {
      "id": "50bfca3f-e053-4225-a699-3a2f4522fae9",
      "full_name": "Codex Admin",
      "avatar_url": null,
      "phone": null,
      "nickname": null,
      "role": "admin",
      "city": null,
      "english_level": null,
      "learning_goal": null,
      "source_channel": null,
      "lead_status": "new",
      "assigned_consultant_id": null,
      "updated_at": "2026-07-24T01:34:15.760Z"
    },
    {
      "id": "5efcd1fd-5448-4f7b-9b75-9b60fbcf1c08",
      "full_name": "Codex Screenshot Admin",
      "avatar_url": null,
      "phone": null,
      "nickname": "Codex Admin",
      "role": "admin",
      "city": null,
      "english_level": null,
      "learning_goal": null,
      "source_channel": null,
      "lead_status": "new",
      "assigned_consultant_id": null,
      "updated_at": "2026-07-25T21:08:38.708Z"
    }
  ],
  "loggedAt": "2026-07-31T00:43:30.541Z"
}
[32m[Nest] 54700  - [39m2026/07/31 08:43:51 [32m    LOG[39m [38;5;3m[JobLocalExecutorService] [39m[32mSupabase users log job "supabase_users_20s_logger" fetched 6 rows. runId=dda921bb-957e-4c8c-a2f3-246fcccc9349[39m
[workflow-api][supabase-users-log] {
  "handledBy": "workflow.supabase.users.log",
  "jobCode": "supabase_users_20s_logger",
  "runId": "dda921bb-957e-4c8c-a2f3-246fcccc9349",
  "userCount": 6,
  "users": [
    {
      "id": "d327cb46-374f-483e-b721-182baf8fe32b",
      "full_name": null,
      "avatar_url": null,
      "phone": null,
      "nickname": null,
      "role": "student",
      "city": null,
      "english_level": null,
      "learning_goal": null,
      "source_channel": null,
      "lead_status": "new",
      "assigned_consultant_id": null,
      "updated_at": "2026-07-21T18:29:33.444Z"
    },
    {
      "id": "83ca3cc5-8ebf-4df4-a5f1-b6e695eb1256",
      "full_name": "Codex Test User",
      "avatar_url": null,
      "phone": null,
      "nickname": null,
      "role": "admin",
      "city": null,
      "english_level": null,
      "learning_goal": null,
      "source_channel": null,
      "lead_status": "new",
      "assigned_consultant_id": null,
      "updated_at": "2026-07-21T18:59:04.796Z"
    },
    {
      "id": "90f8c866-56d2-4a0d-aa8c-e50534a97ebd",
      "full_name": "qweqweqwe",
      "avatar_url": null,
      "phone": null,
      "nickname": null,
      "role": "admin",
      "city": null,
      "english_level": null,
      "learning_goal": null,
      "source_channel": null,
      "lead_status": "new",
      "assigned_consultant_id": null,
      "updated_at": "2026-07-22T04:05:00.140Z"
    },
    {
      "id": "c1b2a493-a876-4c02-979a-1dd3b0647578",
      "full_name": "Codex Low-Code Admin",
      "avatar_url": null,
      "phone": null,
      "nickname": null,
      "role": "admin",
      "city": null,
      "english_level": null,
      "learning_goal": null,
      "source_channel": null,
      "lead_status": "new",
      "assigned_consultant_id": null,
      "updated_at": "2026-07-23T03:10:49.583Z"
    },
    {
      "id": "50bfca3f-e053-4225-a699-3a2f4522fae9",
      "full_name": "Codex Admin",
      "avatar_url": null,
      "phone": null,
      "nickname": null,
      "role": "admin",
      "city": null,
      "english_level": null,
      "learning_goal": null,
      "source_channel": null,
      "lead_status": "new",
      "assigned_consultant_id": null,
      "updated_at": "2026-07-24T01:34:15.760Z"
    },
    {
      "id": "5efcd1fd-5448-4f7b-9b75-9b60fbcf1c08",
      "full_name": "Codex Screenshot Admin",
      "avatar_url": null,
      "phone": null,
      "nickname": "Codex Admin",
      "role": "admin",
      "city": null,
      "english_level": null,
      "learning_goal": null,
      "source_channel": null,
      "lead_status": "new",
      "assigned_consultant_id": null,
      "updated_at": "2026-07-25T21:08:38.708Z"
    }
  ],
  "loggedAt": "2026-07-31T00:43:51.660Z"
}
[32m[Nest] 54700  - [39m2026/07/31 08:44:12 [32m    LOG[39m [38;5;3m[JobLocalExecutorService] [39m[32mSupabase users log job "supabase_users_20s_logger" fetched 6 rows. runId=218d6514-4b26-482c-bf96-4f5310395360[39m
[workflow-api][supabase-users-log] {
  "handledBy": "workflow.supabase.users.log",
  "jobCode": "supabase_users_20s_logger",
  "runId": "218d6514-4b26-482c-bf96-4f5310395360",
  "userCount": 6,
  "users": [
    {
      "id": "d327cb46-374f-483e-b721-182baf8fe32b",
      "full_name": null,
      "avatar_url": null,
      "phone": null,
      "nickname": null,
      "role": "student",
      "city": null,
      "english_level": null,
      "learning_goal": null,
      "source_channel": null,
      "lead_status": "new",
      "assigned_consultant_id": null,
      "updated_at": "2026-07-21T18:29:33.444Z"
    },
    {
      "id": "83ca3cc5-8ebf-4df4-a5f1-b6e695eb1256",
      "full_name": "Codex Test User",
      "avatar_url": null,
      "phone": null,
      "nickname": null,
      "role": "admin",
      "city": null,
      "english_level": null,
      "learning_goal": null,
      "source_channel": null,
      "lead_status": "new",
      "assigned_consultant_id": null,
      "updated_at": "2026-07-21T18:59:04.796Z"
    },
    {
      "id": "90f8c866-56d2-4a0d-aa8c-e50534a97ebd",
      "full_name": "qweqweqwe",
      "avatar_url": null,
      "phone": null,
      "nickname": null,
      "role": "admin",
      "city": null,
      "english_level": null,
      "learning_goal": null,
      "source_channel": null,
      "lead_status": "new",
      "assigned_consultant_id": null,
      "updated_at": "2026-07-22T04:05:00.140Z"
    },
    {
      "id": "c1b2a493-a876-4c02-979a-1dd3b0647578",
      "full_name": "Codex Low-Code Admin",
      "avatar_url": null,
      "phone": null,
      "nickname": null,
      "role": "admin",
      "city": null,
      "english_level": null,
      "learning_goal": null,
      "source_channel": null,
      "lead_status": "new",
      "assigned_consultant_id": null,
      "updated_at": "2026-07-23T03:10:49.583Z"
    },
    {
      "id": "50bfca3f-e053-4225-a699-3a2f4522fae9",
      "full_name": "Codex Admin",
      "avatar_url": null,
      "phone": null,
      "nickname": null,
      "role": "admin",
      "city": null,
      "english_level": null,
      "learning_goal": null,
      "source_channel": null,
      "lead_status": "new",
      "assigned_consultant_id": null,
      "updated_at": "2026-07-24T01:34:15.760Z"
    },
    {
      "id": "5efcd1fd-5448-4f7b-9b75-9b60fbcf1c08",
      "full_name": "Codex Screenshot Admin",
      "avatar_url": null,
      "phone": null,
      "nickname": "Codex Admin",
      "role": "admin",
      "city": null,
      "english_level": null,
      "learning_goal": null,
      "source_channel": null,
      "lead_status": "new",
      "assigned_consultant_id": null,
      "updated_at": "2026-07-25T21:08:38.708Z"
    }
  ],
  "loggedAt": "2026-07-31T00:44:12.788Z"
}
[32m[Nest] 54700  - [39m2026/07/31 08:44:33 [32m    LOG[39m [38;5;3m[JobLocalExecutorService] [39m[32mSupabase users log job "supabase_users_20s_logger" fetched 6 rows. runId=a9aad11e-9a70-40e9-940b-0ece11757e0a[39m
[workflow-api][supabase-users-log] {
  "handledBy": "workflow.supabase.users.log",
  "jobCode": "supabase_users_20s_logger",
  "runId": "a9aad11e-9a70-40e9-940b-0ece11757e0a",
  "userCount": 6,
  "users": [
    {
      "id": "d327cb46-374f-483e-b721-182baf8fe32b",
      "full_name": null,
      "avatar_url": null,
      "phone": null,
      "nickname": null,
      "role": "student",
      "city": null,
      "english_level": null,
      "learning_goal": null,
      "source_channel": null,
      "lead_status": "new",
      "assigned_consultant_id": null,
      "updated_at": "2026-07-21T18:29:33.444Z"
    },
    {
      "id": "83ca3cc5-8ebf-4df4-a5f1-b6e695eb1256",
      "full_name": "Codex Test User",
      "avatar_url": null,
      "phone": null,
      "nickname": null,
      "role": "admin",
      "city": null,
      "english_level": null,
      "learning_goal": null,
      "source_channel": null,
      "lead_status": "new",
      "assigned_consultant_id": null,
      "updated_at": "2026-07-21T18:59:04.796Z"
    },
    {
      "id": "90f8c866-56d2-4a0d-aa8c-e50534a97ebd",
      "full_name": "qweqweqwe",
      "avatar_url": null,
      "phone": null,
      "nickname": null,
      "role": "admin",
      "city": null,
      "english_level": null,
      "learning_goal": null,
      "source_channel": null,
      "lead_status": "new",
      "assigned_consultant_id": null,
      "updated_at": "2026-07-22T04:05:00.140Z"
    },
    {
      "id": "c1b2a493-a876-4c02-979a-1dd3b0647578",
      "full_name": "Codex Low-Code Admin",
      "avatar_url": null,
      "phone": null,
      "nickname": null,
      "role": "admin",
      "city": null,
      "english_level": null,
      "learning_goal": null,
      "source_channel": null,
      "lead_status": "new",
      "assigned_consultant_id": null,
      "updated_at": "2026-07-23T03:10:49.583Z"
    },
    {
      "id": "50bfca3f-e053-4225-a699-3a2f4522fae9",
      "full_name": "Codex Admin",
      "avatar_url": null,
      "phone": null,
      "nickname": null,
      "role": "admin",
      "city": null,
      "english_level": null,
      "learning_goal": null,
      "source_channel": null,
      "lead_status": "new",
      "assigned_consultant_id": null,
      "updated_at": "2026-07-24T01:34:15.760Z"
    },
    {
      "id": "5efcd1fd-5448-4f7b-9b75-9b60fbcf1c08",
      "full_name": "Codex Screenshot Admin",
      "avatar_url": null,
      "phone": null,
      "nickname": "Codex Admin",
      "role": "admin",
      "city": null,
      "english_level": null,
      "learning_goal": null,
      "source_channel": null,
      "lead_status": "new",
      "assigned_consultant_id": null,
      "updated_at": "2026-07-25T21:08:38.708Z"
    }
  ],
  "loggedAt": "2026-07-31T00:44:33.941Z"
}
[32m[Nest] 54700  - [39m2026/07/31 08:44:55 [32m    LOG[39m [38;5;3m[JobLocalExecutorService] [39m[32mSupabase users log job "supabase_users_20s_logger" fetched 6 rows. runId=7e82569c-792d-4381-82a2-9aecbb327eca[39m
[workflow-api][supabase-users-log] {
  "handledBy": "workflow.supabase.users.log",
  "jobCode": "supabase_users_20s_logger",
  "runId": "7e82569c-792d-4381-82a2-9aecbb327eca",
  "userCount": 6,
  "users": [
    {
      "id": "d327cb46-374f-483e-b721-182baf8fe32b",
      "full_name": null,
      "avatar_url": null,
      "phone": null,
      "nickname": null,
      "role": "student",
      "city": null,
      "english_level": null,
      "learning_goal": null,
      "source_channel": null,
      "lead_status": "new",
      "assigned_consultant_id": null,
      "updated_at": "2026-07-21T18:29:33.444Z"
    },
    {
      "id": "83ca3cc5-8ebf-4df4-a5f1-b6e695eb1256",
      "full_name": "Codex Test User",
      "avatar_url": null,
      "phone": null,
      "nickname": null,
      "role": "admin",
      "city": null,
      "english_level": null,
      "learning_goal": null,
      "source_channel": null,
      "lead_status": "new",
      "assigned_consultant_id": null,
      "updated_at": "2026-07-21T18:59:04.796Z"
    },
    {
      "id": "90f8c866-56d2-4a0d-aa8c-e50534a97ebd",
      "full_name": "qweqweqwe",
      "avatar_url": null,
      "phone": null,
      "nickname": null,
      "role": "admin",
      "city": null,
      "english_level": null,
      "learning_goal": null,
      "source_channel": null,
      "lead_status": "new",
      "assigned_consultant_id": null,
      "updated_at": "2026-07-22T04:05:00.140Z"
    },
    {
      "id": "c1b2a493-a876-4c02-979a-1dd3b0647578",
      "full_name": "Codex Low-Code Admin",
      "avatar_url": null,
      "phone": null,
      "nickname": null,
      "role": "admin",
      "city": null,
      "english_level": null,
      "learning_goal": null,
      "source_channel": null,
      "lead_status": "new",
      "assigned_consultant_id": null,
      "updated_at": "2026-07-23T03:10:49.583Z"
    },
    {
      "id": "50bfca3f-e053-4225-a699-3a2f4522fae9",
      "full_name": "Codex Admin",
      "avatar_url": null,
      "phone": null,
      "nickname": null,
      "role": "admin",
      "city": null,
      "english_level": null,
      "learning_goal": null,
      "source_channel": null,
      "lead_status": "new",
      "assigned_consultant_id": null,
      "updated_at": "2026-07-24T01:34:15.760Z"
    },
    {
      "id": "5efcd1fd-5448-4f7b-9b75-9b60fbcf1c08",
      "full_name": "Codex Screenshot Admin",
      "avatar_url": null,
      "phone": null,
      "nickname": "Codex Admin",
      "role": "admin",
      "city": null,
      "english_level": null,
      "learning_goal": null,
      "source_channel": null,
      "lead_status": "new",
      "assigned_consultant_id": null,
      "updated_at": "2026-07-25T21:08:38.708Z"
    }
  ],
  "loggedAt": "2026-07-31T00:44:55.074Z"
}
[32m[Nest] 54700  - [39m2026/07/31 08:45:16 [32m    LOG[39m [38;5;3m[JobLocalExecutorService] [39m[32mSupabase users log job "supabase_users_20s_logger" fetched 6 rows. runId=07305514-2998-44a5-83fb-a3c2bf832b58[39m
[workflow-api][supabase-users-log] {
  "handledBy": "workflow.supabase.users.log",
  "jobCode": "supabase_users_20s_logger",
  "runId": "07305514-2998-44a5-83fb-a3c2bf832b58",
  "userCount": 6,
  "users": [
    {
      "id": "d327cb46-374f-483e-b721-182baf8fe32b",
      "full_name": null,
      "avatar_url": null,
      "phone": null,
      "nickname": null,
      "role": "student",
      "city": null,
      "english_level": null,
      "learning_goal": null,
      "source_channel": null,
      "lead_status": "new",
      "assigned_consultant_id": null,
      "updated_at": "2026-07-21T18:29:33.444Z"
    },
    {
      "id": "83ca3cc5-8ebf-4df4-a5f1-b6e695eb1256",
      "full_name": "Codex Test User",
      "avatar_url": null,
      "phone": null,
      "nickname": null,
      "role": "admin",
      "city": null,
      "english_level": null,
      "learning_goal": null,
      "source_channel": null,
      "lead_status": "new",
      "assigned_consultant_id": null,
      "updated_at": "2026-07-21T18:59:04.796Z"
    },
    {
      "id": "90f8c866-56d2-4a0d-aa8c-e50534a97ebd",
      "full_name": "qweqweqwe",
      "avatar_url": null,
      "phone": null,
      "nickname": null,
      "role": "admin",
      "city": null,
      "english_level": null,
      "learning_goal": null,
      "source_channel": null,
      "lead_status": "new",
      "assigned_consultant_id": null,
      "updated_at": "2026-07-22T04:05:00.140Z"
    },
    {
      "id": "c1b2a493-a876-4c02-979a-1dd3b0647578",
      "full_name": "Codex Low-Code Admin",
      "avatar_url": null,
      "phone": null,
      "nickname": null,
      "role": "admin",
      "city": null,
      "english_level": null,
      "learning_goal": null,
      "source_channel": null,
      "lead_status": "new",
      "assigned_consultant_id": null,
      "updated_at": "2026-07-23T03:10:49.583Z"
    },
    {
      "id": "50bfca3f-e053-4225-a699-3a2f4522fae9",
      "full_name": "Codex Admin",
      "avatar_url": null,
      "phone": null,
      "nickname": null,
      "role": "admin",
      "city": null,
      "english_level": null,
      "learning_goal": null,
      "source_channel": null,
      "lead_status": "new",
      "assigned_consultant_id": null,
      "updated_at": "2026-07-24T01:34:15.760Z"
    },
    {
      "id": "5efcd1fd-5448-4f7b-9b75-9b60fbcf1c08",
      "full_name": "Codex Screenshot Admin",
      "avatar_url": null,
      "phone": null,
      "nickname": "Codex Admin",
      "role": "admin",
      "city": null,
      "english_level": null,
      "learning_goal": null,
      "source_channel": null,
      "lead_status": "new",
      "assigned_consultant_id": null,
      "updated_at": "2026-07-25T21:08:38.708Z"
    }
  ],
  "loggedAt": "2026-07-31T00:45:16.182Z"
}
[32m[Nest] 54700  - [39m2026/07/31 08:45:37 [32m    LOG[39m [38;5;3m[JobLocalExecutorService] [39m[32mSupabase users log job "supabase_users_20s_logger" fetched 6 rows. runId=10359506-f259-4cb1-9384-dde406598dfd[39m
[workflow-api][supabase-users-log] {
  "handledBy": "workflow.supabase.users.log",
  "jobCode": "supabase_users_20s_logger",
  "runId": "10359506-f259-4cb1-9384-dde406598dfd",
  "userCount": 6,
  "users": [
    {
      "id": "d327cb46-374f-483e-b721-182baf8fe32b",
      "full_name": null,
      "avatar_url": null,
      "phone": null,
      "nickname": null,
      "role": "student",
      "city": null,
      "english_level": null,
      "learning_goal": null,
      "source_channel": null,
      "lead_status": "new",
      "assigned_consultant_id": null,
      "updated_at": "2026-07-21T18:29:33.444Z"
    },
    {
      "id": "83ca3cc5-8ebf-4df4-a5f1-b6e695eb1256",
      "full_name": "Codex Test User",
      "avatar_url": null,
      "phone": null,
      "nickname": null,
      "role": "admin",
      "city": null,
      "english_level": null,
      "learning_goal": null,
      "source_channel": null,
      "lead_status": "new",
      "assigned_consultant_id": null,
      "updated_at": "2026-07-21T18:59:04.796Z"
    },
    {
      "id": "90f8c866-56d2-4a0d-aa8c-e50534a97ebd",
      "full_name": "qweqweqwe",
      "avatar_url": null,
      "phone": null,
      "nickname": null,
      "role": "admin",
      "city": null,
      "english_level": null,
      "learning_goal": null,
      "source_channel": null,
      "lead_status": "new",
      "assigned_consultant_id": null,
      "updated_at": "2026-07-22T04:05:00.140Z"
    },
    {
      "id": "c1b2a493-a876-4c02-979a-1dd3b0647578",
      "full_name": "Codex Low-Code Admin",
      "avatar_url": null,
      "phone": null,
      "nickname": null,
      "role": "admin",
      "city": null,
      "english_level": null,
      "learning_goal": null,
      "source_channel": null,
      "lead_status": "new",
      "assigned_consultant_id": null,
      "updated_at": "2026-07-23T03:10:49.583Z"
    },
    {
      "id": "50bfca3f-e053-4225-a699-3a2f4522fae9",
      "full_name": "Codex Admin",
      "avatar_url": null,
      "phone": null,
      "nickname": null,
      "role": "admin",
      "city": null,
      "english_level": null,
      "learning_goal": null,
      "source_channel": null,
      "lead_status": "new",
      "assigned_consultant_id": null,
      "updated_at": "2026-07-24T01:34:15.760Z"
    },
    {
      "id": "5efcd1fd-5448-4f7b-9b75-9b60fbcf1c08",
      "full_name": "Codex Screenshot Admin",
      "avatar_url": null,
      "phone": null,
      "nickname": "Codex Admin",
      "role": "admin",
      "city": null,
      "english_level": null,
      "learning_goal": null,
      "source_channel": null,
      "lead_status": "new",
      "assigned_consultant_id": null,
      "updated_at": "2026-07-25T21:08:38.708Z"
    }
  ],
  "loggedAt": "2026-07-31T00:45:37.325Z"
}
[32m[Nest] 54700  - [39m2026/07/31 08:45:58 [32m    LOG[39m [38;5;3m[JobLocalExecutorService] [39m[32mSupabase users log job "supabase_users_20s_logger" fetched 6 rows. runId=43728de9-6d96-4ee0-9c28-3c841482ba22[39m
[workflow-api][supabase-users-log] {
  "handledBy": "workflow.supabase.users.log",
  "jobCode": "supabase_users_20s_logger",
  "runId": "43728de9-6d96-4ee0-9c28-3c841482ba22",
  "userCount": 6,
  "users": [
    {
      "id": "d327cb46-374f-483e-b721-182baf8fe32b",
      "full_name": null,
      "avatar_url": null,
      "phone": null,
      "nickname": null,
      "role": "student",
      "city": null,
      "english_level": null,
      "learning_goal": null,
      "source_channel": null,
      "lead_status": "new",
      "assigned_consultant_id": null,
      "updated_at": "2026-07-21T18:29:33.444Z"
    },
    {
      "id": "83ca3cc5-8ebf-4df4-a5f1-b6e695eb1256",
      "full_name": "Codex Test User",
      "avatar_url": null,
      "phone": null,
      "nickname": null,
      "role": "admin",
      "city": null,
      "english_level": null,
      "learning_goal": null,
      "source_channel": null,
      "lead_status": "new",
      "assigned_consultant_id": null,
      "updated_at": "2026-07-21T18:59:04.796Z"
    },
    {
      "id": "90f8c866-56d2-4a0d-aa8c-e50534a97ebd",
      "full_name": "qweqweqwe",
      "avatar_url": null,
      "phone": null,
      "nickname": null,
      "role": "admin",
      "city": null,
      "english_level": null,
      "learning_goal": null,
      "source_channel": null,
      "lead_status": "new",
      "assigned_consultant_id": null,
      "updated_at": "2026-07-22T04:05:00.140Z"
    },
    {
      "id": "c1b2a493-a876-4c02-979a-1dd3b0647578",
      "full_name": "Codex Low-Code Admin",
      "avatar_url": null,
      "phone": null,
      "nickname": null,
      "role": "admin",
      "city": null,
      "english_level": null,
      "learning_goal": null,
      "source_channel": null,
      "lead_status": "new",
      "assigned_consultant_id": null,
      "updated_at": "2026-07-23T03:10:49.583Z"
    },
    {
      "id": "50bfca3f-e053-4225-a699-3a2f4522fae9",
      "full_name": "Codex Admin",
      "avatar_url": null,
      "phone": null,
      "nickname": null,
      "role": "admin",
      "city": null,
      "english_level": null,
      "learning_goal": null,
      "source_channel": null,
      "lead_status": "new",
      "assigned_consultant_id": null,
      "updated_at": "2026-07-24T01:34:15.760Z"
    },
    {
      "id": "5efcd1fd-5448-4f7b-9b75-9b60fbcf1c08",
      "full_name": "Codex Screenshot Admin",
      "avatar_url": null,
      "phone": null,
      "nickname": "Codex Admin",
      "role": "admin",
      "city": null,
      "english_level": null,
      "learning_goal": null,
      "source_channel": null,
      "lead_status": "new",
      "assigned_consultant_id": null,
      "updated_at": "2026-07-25T21:08:38.708Z"
    }
  ],
  "loggedAt": "2026-07-31T00:45:58.463Z"
}
[32m[Nest] 54700  - [39m2026/07/31 08:46:19 [32m    LOG[39m [38;5;3m[JobLocalExecutorService] [39m[32mSupabase users log job "supabase_users_20s_logger" fetched 6 rows. runId=37367f94-e558-4ba5-9c15-c1292acdfed6[39m
[workflow-api][supabase-users-log] {
  "handledBy": "workflow.supabase.users.log",
  "jobCode": "supabase_users_20s_logger",
  "runId": "37367f94-e558-4ba5-9c15-c1292acdfed6",
  "userCount": 6,
  "users": [
    {
      "id": "d327cb46-374f-483e-b721-182baf8fe32b",
      "full_name": null,
      "avatar_url": null,
      "phone": null,
      "nickname": null,
      "role": "student",
      "city": null,
      "english_level": null,
      "learning_goal": null,
      "source_channel": null,
      "lead_status": "new",
      "assigned_consultant_id": null,
      "updated_at": "2026-07-21T18:29:33.444Z"
    },
    {
      "id": "83ca3cc5-8ebf-4df4-a5f1-b6e695eb1256",
      "full_name": "Codex Test User",
      "avatar_url": null,
      "phone": null,
      "nickname": null,
      "role": "admin",
      "city": null,
      "english_level": null,
      "learning_goal": null,
      "source_channel": null,
      "lead_status": "new",
      "assigned_consultant_id": null,
      "updated_at": "2026-07-21T18:59:04.796Z"
    },
    {
      "id": "90f8c866-56d2-4a0d-aa8c-e50534a97ebd",
      "full_name": "qweqweqwe",
      "avatar_url": null,
      "phone": null,
      "nickname": null,
      "role": "admin",
      "city": null,
      "english_level": null,
      "learning_goal": null,
      "source_channel": null,
      "lead_status": "new",
      "assigned_consultant_id": null,
      "updated_at": "2026-07-22T04:05:00.140Z"
    },
    {
      "id": "c1b2a493-a876-4c02-979a-1dd3b0647578",
      "full_name": "Codex Low-Code Admin",
      "avatar_url": null,
      "phone": null,
      "nickname": null,
      "role": "admin",
      "city": null,
      "english_level": null,
      "learning_goal": null,
      "source_channel": null,
      "lead_status": "new",
      "assigned_consultant_id": null,
      "updated_at": "2026-07-23T03:10:49.583Z"
    },
    {
      "id": "50bfca3f-e053-4225-a699-3a2f4522fae9",
      "full_name": "Codex Admin",
      "avatar_url": null,
      "phone": null,
      "nickname": null,
      "role": "admin",
      "city": null,
      "english_level": null,
      "learning_goal": null,
      "source_channel": null,
      "lead_status": "new",
      "assigned_consultant_id": null,
      "updated_at": "2026-07-24T01:34:15.760Z"
    },
    {
      "id": "5efcd1fd-5448-4f7b-9b75-9b60fbcf1c08",
      "full_name": "Codex Screenshot Admin",
      "avatar_url": null,
      "phone": null,
      "nickname": "Codex Admin",
      "role": "admin",
      "city": null,
      "english_level": null,
      "learning_goal": null,
      "source_channel": null,
      "lead_status": "new",
      "assigned_consultant_id": null,
      "updated_at": "2026-07-25T21:08:38.708Z"
    }
  ],
  "loggedAt": "2026-07-31T00:46:19.601Z"
}
[32m[Nest] 54700  - [39m2026/07/31 08:46:40 [32m    LOG[39m [38;5;3m[JobLocalExecutorService] [39m[32mSupabase users log job "supabase_users_20s_logger" fetched 6 rows. runId=d1e09441-fd6c-4581-b3dc-d562abb6dffb[39m
[workflow-api][supabase-users-log] {
  "handledBy": "workflow.supabase.users.log",
  "jobCode": "supabase_users_20s_logger",
  "runId": "d1e09441-fd6c-4581-b3dc-d562abb6dffb",
  "userCount": 6,
  "users": [
    {
      "id": "d327cb46-374f-483e-b721-182baf8fe32b",
      "full_name": null,
      "avatar_url": null,
      "phone": null,
      "nickname": null,
      "role": "student",
      "city": null,
      "english_level": null,
      "learning_goal": null,
      "source_channel": null,
      "lead_status": "new",
      "assigned_consultant_id": null,
      "updated_at": "2026-07-21T18:29:33.444Z"
    },
    {
      "id": "83ca3cc5-8ebf-4df4-a5f1-b6e695eb1256",
      "full_name": "Codex Test User",
      "avatar_url": null,
      "phone": null,
      "nickname": null,
      "role": "admin",
      "city": null,
      "english_level": null,
      "learning_goal": null,
      "source_channel": null,
      "lead_status": "new",
      "assigned_consultant_id": null,
      "updated_at": "2026-07-21T18:59:04.796Z"
    },
    {
      "id": "90f8c866-56d2-4a0d-aa8c-e50534a97ebd",
      "full_name": "qweqweqwe",
      "avatar_url": null,
      "phone": null,
      "nickname": null,
      "role": "admin",
      "city": null,
      "english_level": null,
      "learning_goal": null,
      "source_channel": null,
      "lead_status": "new",
      "assigned_consultant_id": null,
      "updated_at": "2026-07-22T04:05:00.140Z"
    },
    {
      "id": "c1b2a493-a876-4c02-979a-1dd3b0647578",
      "full_name": "Codex Low-Code Admin",
      "avatar_url": null,
      "phone": null,
      "nickname": null,
      "role": "admin",
      "city": null,
      "english_level": null,
      "learning_goal": null,
      "source_channel": null,
      "lead_status": "new",
      "assigned_consultant_id": null,
      "updated_at": "2026-07-23T03:10:49.583Z"
    },
    {
      "id": "50bfca3f-e053-4225-a699-3a2f4522fae9",
      "full_name": "Codex Admin",
      "avatar_url": null,
      "phone": null,
      "nickname": null,
      "role": "admin",
      "city": null,
      "english_level": null,
      "learning_goal": null,
      "source_channel": null,
      "lead_status": "new",
      "assigned_consultant_id": null,
      "updated_at": "2026-07-24T01:34:15.760Z"
    },
    {
      "id": "5efcd1fd-5448-4f7b-9b75-9b60fbcf1c08",
      "full_name": "Codex Screenshot Admin",
      "avatar_url": null,
      "phone": null,
      "nickname": "Codex Admin",
      "role": "admin",
      "city": null,
      "english_level": null,
      "learning_goal": null,
      "source_channel": null,
      "lead_status": "new",
      "assigned_consultant_id": null,
      "updated_at": "2026-07-25T21:08:38.708Z"
    }
  ],
  "loggedAt": "2026-07-31T00:46:40.741Z"
}
[32m[Nest] 54700  - [39m2026/07/31 08:47:01 [32m    LOG[39m [38;5;3m[JobLocalExecutorService] [39m[32mSupabase users log job "supabase_users_20s_logger" fetched 6 rows. runId=62a416ef-d80c-4ac7-863f-e5d3260facf1[39m
[workflow-api][supabase-users-log] {
  "handledBy": "workflow.supabase.users.log",
  "jobCode": "supabase_users_20s_logger",
  "runId": "62a416ef-d80c-4ac7-863f-e5d3260facf1",
  "userCount": 6,
  "users": [
    {
      "id": "d327cb46-374f-483e-b721-182baf8fe32b",
      "full_name": null,
      "avatar_url": null,
      "phone": null,
      "nickname": null,
      "role": "student",
      "city": null,
      "english_level": null,
      "learning_goal": null,
      "source_channel": null,
      "lead_status": "new",
      "assigned_consultant_id": null,
      "updated_at": "2026-07-21T18:29:33.444Z"
    },
    {
      "id": "83ca3cc5-8ebf-4df4-a5f1-b6e695eb1256",
      "full_name": "Codex Test User",
      "avatar_url": null,
      "phone": null,
      "nickname": null,
      "role": "admin",
      "city": null,
      "english_level": null,
      "learning_goal": null,
      "source_channel": null,
      "lead_status": "new",
      "assigned_consultant_id": null,
      "updated_at": "2026-07-21T18:59:04.796Z"
    },
    {
      "id": "90f8c866-56d2-4a0d-aa8c-e50534a97ebd",
      "full_name": "qweqweqwe",
      "avatar_url": null,
      "phone": null,
      "nickname": null,
      "role": "admin",
      "city": null,
      "english_level": null,
      "learning_goal": null,
      "source_channel": null,
      "lead_status": "new",
      "assigned_consultant_id": null,
      "updated_at": "2026-07-22T04:05:00.140Z"
    },
    {
      "id": "c1b2a493-a876-4c02-979a-1dd3b0647578",
      "full_name": "Codex Low-Code Admin",
      "avatar_url": null,
      "phone": null,
      "nickname": null,
      "role": "admin",
      "city": null,
      "english_level": null,
      "learning_goal": null,
      "source_channel": null,
      "lead_status": "new",
      "assigned_consultant_id": null,
      "updated_at": "2026-07-23T03:10:49.583Z"
    },
    {
      "id": "50bfca3f-e053-4225-a699-3a2f4522fae9",
      "full_name": "Codex Admin",
      "avatar_url": null,
      "phone": null,
      "nickname": null,
      "role": "admin",
      "city": null,
      "english_level": null,
      "learning_goal": null,
      "source_channel": null,
      "lead_status": "new",
      "assigned_consultant_id": null,
      "updated_at": "2026-07-24T01:34:15.760Z"
    },
    {
      "id": "5efcd1fd-5448-4f7b-9b75-9b60fbcf1c08",
      "full_name": "Codex Screenshot Admin",
      "avatar_url": null,
      "phone": null,
      "nickname": "Codex Admin",
      "role": "admin",
      "city": null,
      "english_level": null,
      "learning_goal": null,
      "source_channel": null,
      "lead_status": "new",
      "assigned_consultant_id": null,
      "updated_at": "2026-07-25T21:08:38.708Z"
    }
  ],
  "loggedAt": "2026-07-31T00:47:01.867Z"
}
[32m[Nest] 54700  - [39m2026/07/31 08:47:22 [32m    LOG[39m [38;5;3m[JobLocalExecutorService] [39m[32mSupabase users log job "supabase_users_20s_logger" fetched 6 rows. runId=da5e73ef-bbf1-4cb7-b7ae-a1aa77558c10[39m
[workflow-api][supabase-users-log] {
  "handledBy": "workflow.supabase.users.log",
  "jobCode": "supabase_users_20s_logger",
  "runId": "da5e73ef-bbf1-4cb7-b7ae-a1aa77558c10",
  "userCount": 6,
  "users": [
    {
      "id": "d327cb46-374f-483e-b721-182baf8fe32b",
      "full_name": null,
      "avatar_url": null,
      "phone": null,
      "nickname": null,
      "role": "student",
      "city": null,
      "english_level": null,
      "learning_goal": null,
      "source_channel": null,
      "lead_status": "new",
      "assigned_consultant_id": null,
      "updated_at": "2026-07-21T18:29:33.444Z"
    },
    {
      "id": "83ca3cc5-8ebf-4df4-a5f1-b6e695eb1256",
      "full_name": "Codex Test User",
      "avatar_url": null,
      "phone": null,
      "nickname": null,
      "role": "admin",
      "city": null,
      "english_level": null,
      "learning_goal": null,
      "source_channel": null,
      "lead_status": "new",
      "assigned_consultant_id": null,
      "updated_at": "2026-07-21T18:59:04.796Z"
    },
    {
      "id": "90f8c866-56d2-4a0d-aa8c-e50534a97ebd",
      "full_name": "qweqweqwe",
      "avatar_url": null,
      "phone": null,
      "nickname": null,
      "role": "admin",
      "city": null,
      "english_level": null,
      "learning_goal": null,
      "source_channel": null,
      "lead_status": "new",
      "assigned_consultant_id": null,
      "updated_at": "2026-07-22T04:05:00.140Z"
    },
    {
      "id": "c1b2a493-a876-4c02-979a-1dd3b0647578",
      "full_name": "Codex Low-Code Admin",
      "avatar_url": null,
      "phone": null,
      "nickname": null,
      "role": "admin",
      "city": null,
      "english_level": null,
      "learning_goal": null,
      "source_channel": null,
      "lead_status": "new",
      "assigned_consultant_id": null,
      "updated_at": "2026-07-23T03:10:49.583Z"
    },
    {
      "id": "50bfca3f-e053-4225-a699-3a2f4522fae9",
      "full_name": "Codex Admin",
      "avatar_url": null,
      "phone": null,
      "nickname": null,
      "role": "admin",
      "city": null,
      "english_level": null,
      "learning_goal": null,
      "source_channel": null,
      "lead_status": "new",
      "assigned_consultant_id": null,
      "updated_at": "2026-07-24T01:34:15.760Z"
    },
    {
      "id": "5efcd1fd-5448-4f7b-9b75-9b60fbcf1c08",
      "full_name": "Codex Screenshot Admin",
      "avatar_url": null,
      "phone": null,
      "nickname": "Codex Admin",
      "role": "admin",
      "city": null,
      "english_level": null,
      "learning_goal": null,
      "source_channel": null,
      "lead_status": "new",
      "assigned_consultant_id": null,
      "updated_at": "2026-07-25T21:08:38.708Z"
    }
  ],
  "loggedAt": "2026-07-31T00:47:22.986Z"
}
[32m[Nest] 54700  - [39m2026/07/31 08:47:44 [32m    LOG[39m [38;5;3m[JobLocalExecutorService] [39m[32mSupabase users log job "supabase_users_20s_logger" fetched 6 rows. runId=e13a7f00-55b1-4435-8b50-03deb04343a0[39m
[workflow-api][supabase-users-log] {
  "handledBy": "workflow.supabase.users.log",
  "jobCode": "supabase_users_20s_logger",
  "runId": "e13a7f00-55b1-4435-8b50-03deb04343a0",
  "userCount": 6,
  "users": [
    {
      "id": "d327cb46-374f-483e-b721-182baf8fe32b",
      "full_name": null,
      "avatar_url": null,
      "phone": null,
      "nickname": null,
      "role": "student",
      "city": null,
      "english_level": null,
      "learning_goal": null,
      "source_channel": null,
      "lead_status": "new",
      "assigned_consultant_id": null,
      "updated_at": "2026-07-21T18:29:33.444Z"
    },
    {
      "id": "83ca3cc5-8ebf-4df4-a5f1-b6e695eb1256",
      "full_name": "Codex Test User",
      "avatar_url": null,
      "phone": null,
      "nickname": null,
      "role": "admin",
      "city": null,
      "english_level": null,
      "learning_goal": null,
      "source_channel": null,
      "lead_status": "new",
      "assigned_consultant_id": null,
      "updated_at": "2026-07-21T18:59:04.796Z"
    },
    {
      "id": "90f8c866-56d2-4a0d-aa8c-e50534a97ebd",
      "full_name": "qweqweqwe",
      "avatar_url": null,
      "phone": null,
      "nickname": null,
      "role": "admin",
      "city": null,
      "english_level": null,
      "learning_goal": null,
      "source_channel": null,
      "lead_status": "new",
      "assigned_consultant_id": null,
      "updated_at": "2026-07-22T04:05:00.140Z"
    },
    {
      "id": "c1b2a493-a876-4c02-979a-1dd3b0647578",
      "full_name": "Codex Low-Code Admin",
      "avatar_url": null,
      "phone": null,
      "nickname": null,
      "role": "admin",
      "city": null,
      "english_level": null,
      "learning_goal": null,
      "source_channel": null,
      "lead_status": "new",
      "assigned_consultant_id": null,
      "updated_at": "2026-07-23T03:10:49.583Z"
    },
    {
      "id": "50bfca3f-e053-4225-a699-3a2f4522fae9",
      "full_name": "Codex Admin",
      "avatar_url": null,
      "phone": null,
      "nickname": null,
      "role": "admin",
      "city": null,
      "english_level": null,
      "learning_goal": null,
      "source_channel": null,
      "lead_status": "new",
      "assigned_consultant_id": null,
      "updated_at": "2026-07-24T01:34:15.760Z"
    },
    {
      "id": "5efcd1fd-5448-4f7b-9b75-9b60fbcf1c08",
      "full_name": "Codex Screenshot Admin",
      "avatar_url": null,
      "phone": null,
      "nickname": "Codex Admin",
      "role": "admin",
      "city": null,
      "english_level": null,
      "learning_goal": null,
      "source_channel": null,
      "lead_status": "new",
      "assigned_consultant_id": null,
      "updated_at": "2026-07-25T21:08:38.708Z"
    }
  ],
  "loggedAt": "2026-07-31T00:47:44.108Z"
}
[32m[Nest] 54700  - [39m2026/07/31 08:48:05 [32m    LOG[39m [38;5;3m[JobLocalExecutorService] [39m[32mSupabase users log job "supabase_users_20s_logger" fetched 6 rows. runId=41fd2a58-f77b-4dd5-9007-7a106c97c02e[39m
[workflow-api][supabase-users-log] {
  "handledBy": "workflow.supabase.users.log",
  "jobCode": "supabase_users_20s_logger",
  "runId": "41fd2a58-f77b-4dd5-9007-7a106c97c02e",
  "userCount": 6,
  "users": [
    {
      "id": "d327cb46-374f-483e-b721-182baf8fe32b",
      "full_name": null,
      "avatar_url": null,
      "phone": null,
      "nickname": null,
      "role": "student",
      "city": null,
      "english_level": null,
      "learning_goal": null,
      "source_channel": null,
      "lead_status": "new",
      "assigned_consultant_id": null,
      "updated_at": "2026-07-21T18:29:33.444Z"
    },
    {
      "id": "83ca3cc5-8ebf-4df4-a5f1-b6e695eb1256",
      "full_name": "Codex Test User",
      "avatar_url": null,
      "phone": null,
      "nickname": null,
      "role": "admin",
      "city": null,
      "english_level": null,
      "learning_goal": null,
      "source_channel": null,
      "lead_status": "new",
      "assigned_consultant_id": null,
      "updated_at": "2026-07-21T18:59:04.796Z"
    },
    {
      "id": "90f8c866-56d2-4a0d-aa8c-e50534a97ebd",
      "full_name": "qweqweqwe",
      "avatar_url": null,
      "phone": null,
      "nickname": null,
      "role": "admin",
      "city": null,
      "english_level": null,
      "learning_goal": null,
      "source_channel": null,
      "lead_status": "new",
      "assigned_consultant_id": null,
      "updated_at": "2026-07-22T04:05:00.140Z"
    },
    {
      "id": "c1b2a493-a876-4c02-979a-1dd3b0647578",
      "full_name": "Codex Low-Code Admin",
      "avatar_url": null,
      "phone": null,
      "nickname": null,
      "role": "admin",
      "city": null,
      "english_level": null,
      "learning_goal": null,
      "source_channel": null,
      "lead_status": "new",
      "assigned_consultant_id": null,
      "updated_at": "2026-07-23T03:10:49.583Z"
    },
    {
      "id": "50bfca3f-e053-4225-a699-3a2f4522fae9",
      "full_name": "Codex Admin",
      "avatar_url": null,
      "phone": null,
      "nickname": null,
      "role": "admin",
      "city": null,
      "english_level": null,
      "learning_goal": null,
      "source_channel": null,
      "lead_status": "new",
      "assigned_consultant_id": null,
      "updated_at": "2026-07-24T01:34:15.760Z"
    },
    {
      "id": "5efcd1fd-5448-4f7b-9b75-9b60fbcf1c08",
      "full_name": "Codex Screenshot Admin",
      "avatar_url": null,
      "phone": null,
      "nickname": "Codex Admin",
      "role": "admin",
      "city": null,
      "english_level": null,
      "learning_goal": null,
      "source_channel": null,
      "lead_status": "new",
      "assigned_consultant_id": null,
      "updated_at": "2026-07-25T21:08:38.708Z"
    }
  ],
  "loggedAt": "2026-07-31T00:48:05.230Z"
}
[32m[Nest] 54700  - [39m2026/07/31 08:48:25 [32m    LOG[39m [38;5;3m[JobLocalExecutorService] [39m[32mSupabase users log job "supabase_users_20s_logger" fetched 6 rows. runId=598085fa-c53e-48af-926d-c14842e3debd[39m
[workflow-api][supabase-users-log] {
  "handledBy": "workflow.supabase.users.log",
  "jobCode": "supabase_users_20s_logger",
  "runId": "598085fa-c53e-48af-926d-c14842e3debd",
  "userCount": 6,
  "users": [
    {
      "id": "d327cb46-374f-483e-b721-182baf8fe32b",
      "full_name": null,
      "avatar_url": null,
      "phone": null,
      "nickname": null,
      "role": "student",
      "city": null,
      "english_level": null,
      "learning_goal": null,
      "source_channel": null,
      "lead_status": "new",
      "assigned_consultant_id": null,
      "updated_at": "2026-07-21T18:29:33.444Z"
    },
    {
      "id": "83ca3cc5-8ebf-4df4-a5f1-b6e695eb1256",
      "full_name": "Codex Test User",
      "avatar_url": null,
      "phone": null,
      "nickname": null,
      "role": "admin",
      "city": null,
      "english_level": null,
      "learning_goal": null,
      "source_channel": null,
      "lead_status": "new",
      "assigned_consultant_id": null,
      "updated_at": "2026-07-21T18:59:04.796Z"
    },
    {
      "id": "90f8c866-56d2-4a0d-aa8c-e50534a97ebd",
      "full_name": "qweqweqwe",
      "avatar_url": null,
      "phone": null,
      "nickname": null,
      "role": "admin",
      "city": null,
      "english_level": null,
      "learning_goal": null,
      "source_channel": null,
      "lead_status": "new",
      "assigned_consultant_id": null,
      "updated_at": "2026-07-22T04:05:00.140Z"
    },
    {
      "id": "c1b2a493-a876-4c02-979a-1dd3b0647578",
      "full_name": "Codex Low-Code Admin",
      "avatar_url": null,
      "phone": null,
      "nickname": null,
      "role": "admin",
      "city": null,
      "english_level": null,
      "learning_goal": null,
      "source_channel": null,
      "lead_status": "new",
      "assigned_consultant_id": null,
      "updated_at": "2026-07-23T03:10:49.583Z"
    },
    {
      "id": "50bfca3f-e053-4225-a699-3a2f4522fae9",
      "full_name": "Codex Admin",
      "avatar_url": null,
      "phone": null,
      "nickname": null,
      "role": "admin",
      "city": null,
      "english_level": null,
      "learning_goal": null,
      "source_channel": null,
      "lead_status": "new",
      "assigned_consultant_id": null,
      "updated_at": "2026-07-24T01:34:15.760Z"
    },
    {
      "id": "5efcd1fd-5448-4f7b-9b75-9b60fbcf1c08",
      "full_name": "Codex Screenshot Admin",
      "avatar_url": null,
      "phone": null,
      "nickname": "Codex Admin",
      "role": "admin",
      "city": null,
      "english_level": null,
      "learning_goal": null,
      "source_channel": null,
      "lead_status": "new",
      "assigned_consultant_id": null,
      "updated_at": "2026-07-25T21:08:38.708Z"
    }
  ],
  "loggedAt": "2026-07-31T00:48:25.392Z"
}
[32m[Nest] 54700  - [39m2026/07/31 08:48:46 [32m    LOG[39m [38;5;3m[JobLocalExecutorService] [39m[32mSupabase users log job "supabase_users_20s_logger" fetched 6 rows. runId=55dc278a-dbc0-48f0-9697-be6318347b50[39m
[workflow-api][supabase-users-log] {
  "handledBy": "workflow.supabase.users.log",
  "jobCode": "supabase_users_20s_logger",
  "runId": "55dc278a-dbc0-48f0-9697-be6318347b50",
  "userCount": 6,
  "users": [
    {
      "id": "d327cb46-374f-483e-b721-182baf8fe32b",
      "full_name": null,
      "avatar_url": null,
      "phone": null,
      "nickname": null,
      "role": "student",
      "city": null,
      "english_level": null,
      "learning_goal": null,
      "source_channel": null,
      "lead_status": "new",
      "assigned_consultant_id": null,
      "updated_at": "2026-07-21T18:29:33.444Z"
    },
    {
      "id": "83ca3cc5-8ebf-4df4-a5f1-b6e695eb1256",
      "full_name": "Codex Test User",
      "avatar_url": null,
      "phone": null,
      "nickname": null,
      "role": "admin",
      "city": null,
      "english_level": null,
      "learning_goal": null,
      "source_channel": null,
      "lead_status": "new",
      "assigned_consultant_id": null,
      "updated_at": "2026-07-21T18:59:04.796Z"
    },
    {
      "id": "90f8c866-56d2-4a0d-aa8c-e50534a97ebd",
      "full_name": "qweqweqwe",
      "avatar_url": null,
      "phone": null,
      "nickname": null,
      "role": "admin",
      "city": null,
      "english_level": null,
      "learning_goal": null,
      "source_channel": null,
      "lead_status": "new",
      "assigned_consultant_id": null,
      "updated_at": "2026-07-22T04:05:00.140Z"
    },
    {
      "id": "c1b2a493-a876-4c02-979a-1dd3b0647578",
      "full_name": "Codex Low-Code Admin",
      "avatar_url": null,
      "phone": null,
      "nickname": null,
      "role": "admin",
      "city": null,
      "english_level": null,
      "learning_goal": null,
      "source_channel": null,
      "lead_status": "new",
      "assigned_consultant_id": null,
      "updated_at": "2026-07-23T03:10:49.583Z"
    },
    {
      "id": "50bfca3f-e053-4225-a699-3a2f4522fae9",
      "full_name": "Codex Admin",
      "avatar_url": null,
      "phone": null,
      "nickname": null,
      "role": "admin",
      "city": null,
      "english_level": null,
      "learning_goal": null,
      "source_channel": null,
      "lead_status": "new",
      "assigned_consultant_id": null,
      "updated_at": "2026-07-24T01:34:15.760Z"
    },
    {
      "id": "5efcd1fd-5448-4f7b-9b75-9b60fbcf1c08",
      "full_name": "Codex Screenshot Admin",
      "avatar_url": null,
      "phone": null,
      "nickname": "Codex Admin",
      "role": "admin",
      "city": null,
      "english_level": null,
      "learning_goal": null,
      "source_channel": null,
      "lead_status": "new",
      "assigned_consultant_id": null,
      "updated_at": "2026-07-25T21:08:38.708Z"
    }
  ],
  "loggedAt": "2026-07-31T00:48:46.530Z"
}
[32m[Nest] 54700  - [39m2026/07/31 08:49:07 [32m    LOG[39m [38;5;3m[JobLocalExecutorService] [39m[32mSupabase users log job "supabase_users_20s_logger" fetched 6 rows. runId=f2722374-fb15-4e9a-b450-f0cd0d14e96d[39m
[workflow-api][supabase-users-log] {
  "handledBy": "workflow.supabase.users.log",
  "jobCode": "supabase_users_20s_logger",
  "runId": "f2722374-fb15-4e9a-b450-f0cd0d14e96d",
  "userCount": 6,
  "users": [
    {
      "id": "d327cb46-374f-483e-b721-182baf8fe32b",
      "full_name": null,
      "avatar_url": null,
      "phone": null,
      "nickname": null,
      "role": "student",
      "city": null,
      "english_level": null,
      "learning_goal": null,
      "source_channel": null,
      "lead_status": "new",
      "assigned_consultant_id": null,
      "updated_at": "2026-07-21T18:29:33.444Z"
    },
    {
      "id": "83ca3cc5-8ebf-4df4-a5f1-b6e695eb1256",
      "full_name": "Codex Test User",
      "avatar_url": null,
      "phone": null,
      "nickname": null,
      "role": "admin",
      "city": null,
      "english_level": null,
      "learning_goal": null,
      "source_channel": null,
      "lead_status": "new",
      "assigned_consultant_id": null,
      "updated_at": "2026-07-21T18:59:04.796Z"
    },
    {
      "id": "90f8c866-56d2-4a0d-aa8c-e50534a97ebd",
      "full_name": "qweqweqwe",
      "avatar_url": null,
      "phone": null,
      "nickname": null,
      "role": "admin",
      "city": null,
      "english_level": null,
      "learning_goal": null,
      "source_channel": null,
      "lead_status": "new",
      "assigned_consultant_id": null,
      "updated_at": "2026-07-22T04:05:00.140Z"
    },
    {
      "id": "c1b2a493-a876-4c02-979a-1dd3b0647578",
      "full_name": "Codex Low-Code Admin",
      "avatar_url": null,
      "phone": null,
      "nickname": null,
      "role": "admin",
      "city": null,
      "english_level": null,
      "learning_goal": null,
      "source_channel": null,
      "lead_status": "new",
      "assigned_consultant_id": null,
      "updated_at": "2026-07-23T03:10:49.583Z"
    },
    {
      "id": "50bfca3f-e053-4225-a699-3a2f4522fae9",
      "full_name": "Codex Admin",
      "avatar_url": null,
      "phone": null,
      "nickname": null,
      "role": "admin",
      "city": null,
      "english_level": null,
      "learning_goal": null,
      "source_channel": null,
      "lead_status": "new",
      "assigned_consultant_id": null,
      "updated_at": "2026-07-24T01:34:15.760Z"
    },
    {
      "id": "5efcd1fd-5448-4f7b-9b75-9b60fbcf1c08",
      "full_name": "Codex Screenshot Admin",
      "avatar_url": null,
      "phone": null,
      "nickname": "Codex Admin",
      "role": "admin",
      "city": null,
      "english_level": null,
      "learning_goal": null,
      "source_channel": null,
      "lead_status": "new",
      "assigned_consultant_id": null,
      "updated_at": "2026-07-25T21:08:38.708Z"
    }
  ],
  "loggedAt": "2026-07-31T00:49:07.661Z"
}
[32m[Nest] 54700  - [39m2026/07/31 08:49:27 [32m    LOG[39m [38;5;3m[JobLocalExecutorService] [39m[32mSupabase users log job "supabase_users_20s_logger" fetched 6 rows. runId=348d331f-60cc-4991-8e3e-2512ddc185a6[39m
[workflow-api][supabase-users-log] {
  "handledBy": "workflow.supabase.users.log",
  "jobCode": "supabase_users_20s_logger",
  "runId": "348d331f-60cc-4991-8e3e-2512ddc185a6",
  "userCount": 6,
  "users": [
    {
      "id": "d327cb46-374f-483e-b721-182baf8fe32b",
      "full_name": null,
      "avatar_url": null,
      "phone": null,
      "nickname": null,
      "role": "student",
      "city": null,
      "english_level": null,
      "learning_goal": null,
      "source_channel": null,
      "lead_status": "new",
      "assigned_consultant_id": null,
      "updated_at": "2026-07-21T18:29:33.444Z"
    },
    {
      "id": "83ca3cc5-8ebf-4df4-a5f1-b6e695eb1256",
      "full_name": "Codex Test User",
      "avatar_url": null,
      "phone": null,
      "nickname": null,
      "role": "admin",
      "city": null,
      "english_level": null,
      "learning_goal": null,
      "source_channel": null,
      "lead_status": "new",
      "assigned_consultant_id": null,
      "updated_at": "2026-07-21T18:59:04.796Z"
    },
    {
      "id": "90f8c866-56d2-4a0d-aa8c-e50534a97ebd",
      "full_name": "qweqweqwe",
      "avatar_url": null,
      "phone": null,
      "nickname": null,
      "role": "admin",
      "city": null,
      "english_level": null,
      "learning_goal": null,
      "source_channel": null,
      "lead_status": "new",
      "assigned_consultant_id": null,
      "updated_at": "2026-07-22T04:05:00.140Z"
    },
    {
      "id": "c1b2a493-a876-4c02-979a-1dd3b0647578",
      "full_name": "Codex Low-Code Admin",
      "avatar_url": null,
      "phone": null,
      "nickname": null,
      "role": "admin",
      "city": null,
      "english_level": null,
      "learning_goal": null,
      "source_channel": null,
      "lead_status": "new",
      "assigned_consultant_id": null,
      "updated_at": "2026-07-23T03:10:49.583Z"
    },
    {
      "id": "50bfca3f-e053-4225-a699-3a2f4522fae9",
      "full_name": "Codex Admin",
      "avatar_url": null,
      "phone": null,
      "nickname": null,
      "role": "admin",
      "city": null,
      "english_level": null,
      "learning_goal": null,
      "source_channel": null,
      "lead_status": "new",
      "assigned_consultant_id": null,
      "updated_at": "2026-07-24T01:34:15.760Z"
    },
    {
      "id": "5efcd1fd-5448-4f7b-9b75-9b60fbcf1c08",
      "full_name": "Codex Screenshot Admin",
      "avatar_url": null,
      "phone": null,
      "nickname": "Codex Admin",
      "role": "admin",
      "city": null,
      "english_level": null,
      "learning_goal": null,
      "source_channel": null,
      "lead_status": "new",
      "assigned_consultant_id": null,
      "updated_at": "2026-07-25T21:08:38.708Z"
    }
  ],
  "loggedAt": "2026-07-31T00:49:27.810Z"
}
[32m[Nest] 54700  - [39m2026/07/31 08:49:48 [32m    LOG[39m [38;5;3m[JobLocalExecutorService] [39m[32mSupabase users log job "supabase_users_20s_logger" fetched 6 rows. runId=5fa70b28-743e-4267-bc58-263f2e6ff8ad[39m
[workflow-api][supabase-users-log] {
  "handledBy": "workflow.supabase.users.log",
  "jobCode": "supabase_users_20s_logger",
  "runId": "5fa70b28-743e-4267-bc58-263f2e6ff8ad",
  "userCount": 6,
  "users": [
    {
      "id": "d327cb46-374f-483e-b721-182baf8fe32b",
      "full_name": null,
      "avatar_url": null,
      "phone": null,
      "nickname": null,
      "role": "student",
      "city": null,
      "english_level": null,
      "learning_goal": null,
      "source_channel": null,
      "lead_status": "new",
      "assigned_consultant_id": null,
      "updated_at": "2026-07-21T18:29:33.444Z"
    },
    {
      "id": "83ca3cc5-8ebf-4df4-a5f1-b6e695eb1256",
      "full_name": "Codex Test User",
      "avatar_url": null,
      "phone": null,
      "nickname": null,
      "role": "admin",
      "city": null,
      "english_level": null,
      "learning_goal": null,
      "source_channel": null,
      "lead_status": "new",
      "assigned_consultant_id": null,
      "updated_at": "2026-07-21T18:59:04.796Z"
    },
    {
      "id": "90f8c866-56d2-4a0d-aa8c-e50534a97ebd",
      "full_name": "qweqweqwe",
      "avatar_url": null,
      "phone": null,
      "nickname": null,
      "role": "admin",
      "city": null,
      "english_level": null,
      "learning_goal": null,
      "source_channel": null,
      "lead_status": "new",
      "assigned_consultant_id": null,
      "updated_at": "2026-07-22T04:05:00.140Z"
    },
    {
      "id": "c1b2a493-a876-4c02-979a-1dd3b0647578",
      "full_name": "Codex Low-Code Admin",
      "avatar_url": null,
      "phone": null,
      "nickname": null,
      "role": "admin",
      "city": null,
      "english_level": null,
      "learning_goal": null,
      "source_channel": null,
      "lead_status": "new",
      "assigned_consultant_id": null,
      "updated_at": "2026-07-23T03:10:49.583Z"
    },
    {
      "id": "50bfca3f-e053-4225-a699-3a2f4522fae9",
      "full_name": "Codex Admin",
      "avatar_url": null,
      "phone": null,
      "nickname": null,
      "role": "admin",
      "city": null,
      "english_level": null,
      "learning_goal": null,
      "source_channel": null,
      "lead_status": "new",
      "assigned_consultant_id": null,
      "updated_at": "2026-07-24T01:34:15.760Z"
    },
    {
      "id": "5efcd1fd-5448-4f7b-9b75-9b60fbcf1c08",
      "full_name": "Codex Screenshot Admin",
      "avatar_url": null,
      "phone": null,
      "nickname": "Codex Admin",
      "role": "admin",
      "city": null,
      "english_level": null,
      "learning_goal": null,
      "source_channel": null,
      "lead_status": "new",
      "assigned_consultant_id": null,
      "updated_at": "2026-07-25T21:08:38.708Z"
    }
  ],
  "loggedAt": "2026-07-31T00:49:48.942Z"
}
[32m[Nest] 54700  - [39m2026/07/31 08:50:09 [32m    LOG[39m [38;5;3m[JobLocalExecutorService] [39m[32mSupabase users log job "supabase_users_20s_logger" fetched 6 rows. runId=37b8b30c-5d87-496a-846b-5d0f6bf90c3a[39m
[workflow-api][supabase-users-log] {
  "handledBy": "workflow.supabase.users.log",
  "jobCode": "supabase_users_20s_logger",
  "runId": "37b8b30c-5d87-496a-846b-5d0f6bf90c3a",
  "userCount": 6,
  "users": [
    {
      "id": "d327cb46-374f-483e-b721-182baf8fe32b",
      "full_name": null,
      "avatar_url": null,
      "phone": null,
      "nickname": null,
      "role": "student",
      "city": null,
      "english_level": null,
      "learning_goal": null,
      "source_channel": null,
      "lead_status": "new",
      "assigned_consultant_id": null,
      "updated_at": "2026-07-21T18:29:33.444Z"
    },
    {
      "id": "83ca3cc5-8ebf-4df4-a5f1-b6e695eb1256",
      "full_name": "Codex Test User",
      "avatar_url": null,
      "phone": null,
      "nickname": null,
      "role": "admin",
      "city": null,
      "english_level": null,
      "learning_goal": null,
      "source_channel": null,
      "lead_status": "new",
      "assigned_consultant_id": null,
      "updated_at": "2026-07-21T18:59:04.796Z"
    },
    {
      "id": "90f8c866-56d2-4a0d-aa8c-e50534a97ebd",
      "full_name": "qweqweqwe",
      "avatar_url": null,
      "phone": null,
      "nickname": null,
      "role": "admin",
      "city": null,
      "english_level": null,
      "learning_goal": null,
      "source_channel": null,
      "lead_status": "new",
      "assigned_consultant_id": null,
      "updated_at": "2026-07-22T04:05:00.140Z"
    },
    {
      "id": "c1b2a493-a876-4c02-979a-1dd3b0647578",
      "full_name": "Codex Low-Code Admin",
      "avatar_url": null,
      "phone": null,
      "nickname": null,
      "role": "admin",
      "city": null,
      "english_level": null,
      "learning_goal": null,
      "source_channel": null,
      "lead_status": "new",
      "assigned_consultant_id": null,
      "updated_at": "2026-07-23T03:10:49.583Z"
    },
    {
      "id": "50bfca3f-e053-4225-a699-3a2f4522fae9",
      "full_name": "Codex Admin",
      "avatar_url": null,
      "phone": null,
      "nickname": null,
      "role": "admin",
      "city": null,
      "english_level": null,
      "learning_goal": null,
      "source_channel": null,
      "lead_status": "new",
      "assigned_consultant_id": null,
      "updated_at": "2026-07-24T01:34:15.760Z"
    },
    {
      "id": "5efcd1fd-5448-4f7b-9b75-9b60fbcf1c08",
      "full_name": "Codex Screenshot Admin",
      "avatar_url": null,
      "phone": null,
      "nickname": "Codex Admin",
      "role": "admin",
      "city": null,
      "english_level": null,
      "learning_goal": null,
      "source_channel": null,
      "lead_status": "new",
      "assigned_consultant_id": null,
      "updated_at": "2026-07-25T21:08:38.708Z"
    }
  ],
  "loggedAt": "2026-07-31T00:50:09.101Z"
}
[32m[Nest] 54700  - [39m2026/07/31 08:50:29 [32m    LOG[39m [38;5;3m[JobLocalExecutorService] [39m[32mSupabase users log job "supabase_users_20s_logger" fetched 6 rows. runId=437ca0c4-ad9b-44b3-b12e-517473cd204b[39m
[workflow-api][supabase-users-log] {
  "handledBy": "workflow.supabase.users.log",
  "jobCode": "supabase_users_20s_logger",
  "runId": "437ca0c4-ad9b-44b3-b12e-517473cd204b",
  "userCount": 6,
  "users": [
    {
      "id": "d327cb46-374f-483e-b721-182baf8fe32b",
      "full_name": null,
      "avatar_url": null,
      "phone": null,
      "nickname": null,
      "role": "student",
      "city": null,
      "english_level": null,
      "learning_goal": null,
      "source_channel": null,
      "lead_status": "new",
      "assigned_consultant_id": null,
      "updated_at": "2026-07-21T18:29:33.444Z"
    },
    {
      "id": "83ca3cc5-8ebf-4df4-a5f1-b6e695eb1256",
      "full_name": "Codex Test User",
      "avatar_url": null,
      "phone": null,
      "nickname": null,
      "role": "admin",
      "city": null,
      "english_level": null,
      "learning_goal": null,
      "source_channel": null,
      "lead_status": "new",
      "assigned_consultant_id": null,
      "updated_at": "2026-07-21T18:59:04.796Z"
    },
    {
      "id": "90f8c866-56d2-4a0d-aa8c-e50534a97ebd",
      "full_name": "qweqweqwe",
      "avatar_url": null,
      "phone": null,
      "nickname": null,
      "role": "admin",
      "city": null,
      "english_level": null,
      "learning_goal": null,
      "source_channel": null,
      "lead_status": "new",
      "assigned_consultant_id": null,
      "updated_at": "2026-07-22T04:05:00.140Z"
    },
    {
      "id": "c1b2a493-a876-4c02-979a-1dd3b0647578",
      "full_name": "Codex Low-Code Admin",
      "avatar_url": null,
      "phone": null,
      "nickname": null,
      "role": "admin",
      "city": null,
      "english_level": null,
      "learning_goal": null,
      "source_channel": null,
      "lead_status": "new",
      "assigned_consultant_id": null,
      "updated_at": "2026-07-23T03:10:49.583Z"
    },
    {
      "id": "50bfca3f-e053-4225-a699-3a2f4522fae9",
      "full_name": "Codex Admin",
      "avatar_url": null,
      "phone": null,
      "nickname": null,
      "role": "admin",
      "city": null,
      "english_level": null,
      "learning_goal": null,
      "source_channel": null,
      "lead_status": "new",
      "assigned_consultant_id": null,
      "updated_at": "2026-07-24T01:34:15.760Z"
    },
    {
      "id": "5efcd1fd-5448-4f7b-9b75-9b60fbcf1c08",
      "full_name": "Codex Screenshot Admin",
      "avatar_url": null,
      "phone": null,
      "nickname": "Codex Admin",
      "role": "admin",
      "city": null,
      "english_level": null,
      "learning_goal": null,
      "source_channel": null,
      "lead_status": "new",
      "assigned_consultant_id": null,
      "updated_at": "2026-07-25T21:08:38.708Z"
    }
  ],
  "loggedAt": "2026-07-31T00:50:29.264Z"
}
[32m[Nest] 54700  - [39m2026/07/31 08:50:50 [32m    LOG[39m [38;5;3m[JobLocalExecutorService] [39m[32mSupabase users log job "supabase_users_20s_logger" fetched 6 rows. runId=d3cb6383-ad79-49e7-ad5e-4397ec3c89fb[39m
[workflow-api][supabase-users-log] {
  "handledBy": "workflow.supabase.users.log",
  "jobCode": "supabase_users_20s_logger",
  "runId": "d3cb6383-ad79-49e7-ad5e-4397ec3c89fb",
  "userCount": 6,
  "users": [
    {
      "id": "d327cb46-374f-483e-b721-182baf8fe32b",
      "full_name": null,
      "avatar_url": null,
      "phone": null,
      "nickname": null,
      "role": "student",
      "city": null,
      "english_level": null,
      "learning_goal": null,
      "source_channel": null,
      "lead_status": "new",
      "assigned_consultant_id": null,
      "updated_at": "2026-07-21T18:29:33.444Z"
    },
    {
      "id": "83ca3cc5-8ebf-4df4-a5f1-b6e695eb1256",
      "full_name": "Codex Test User",
      "avatar_url": null,
      "phone": null,
      "nickname": null,
      "role": "admin",
      "city": null,
      "english_level": null,
      "learning_goal": null,
      "source_channel": null,
      "lead_status": "new",
      "assigned_consultant_id": null,
      "updated_at": "2026-07-21T18:59:04.796Z"
    },
    {
      "id": "90f8c866-56d2-4a0d-aa8c-e50534a97ebd",
      "full_name": "qweqweqwe",
      "avatar_url": null,
      "phone": null,
      "nickname": null,
      "role": "admin",
      "city": null,
      "english_level": null,
      "learning_goal": null,
      "source_channel": null,
      "lead_status": "new",
      "assigned_consultant_id": null,
      "updated_at": "2026-07-22T04:05:00.140Z"
    },
    {
      "id": "c1b2a493-a876-4c02-979a-1dd3b0647578",
      "full_name": "Codex Low-Code Admin",
      "avatar_url": null,
      "phone": null,
      "nickname": null,
      "role": "admin",
      "city": null,
      "english_level": null,
      "learning_goal": null,
      "source_channel": null,
      "lead_status": "new",
      "assigned_consultant_id": null,
      "updated_at": "2026-07-23T03:10:49.583Z"
    },
    {
      "id": "50bfca3f-e053-4225-a699-3a2f4522fae9",
      "full_name": "Codex Admin",
      "avatar_url": null,
      "phone": null,
      "nickname": null,
      "role": "admin",
      "city": null,
      "english_level": null,
      "learning_goal": null,
      "source_channel": null,
      "lead_status": "new",
      "assigned_consultant_id": null,
      "updated_at": "2026-07-24T01:34:15.760Z"
    },
    {
      "id": "5efcd1fd-5448-4f7b-9b75-9b60fbcf1c08",
      "full_name": "Codex Screenshot Admin",
      "avatar_url": null,
      "phone": null,
      "nickname": "Codex Admin",
      "role": "admin",
      "city": null,
      "english_level": null,
      "learning_goal": null,
      "source_channel": null,
      "lead_status": "new",
      "assigned_consultant_id": null,
      "updated_at": "2026-07-25T21:08:38.708Z"
    }
  ],
  "loggedAt": "2026-07-31T00:50:50.410Z"
}
[32m[Nest] 54700  - [39m2026/07/31 08:51:10 [32m    LOG[39m [38;5;3m[JobLocalExecutorService] [39m[32mSupabase users log job "supabase_users_20s_logger" fetched 6 rows. runId=3bcf747f-a0df-4770-8c4f-d33a3994a576[39m
[workflow-api][supabase-users-log] {
  "handledBy": "workflow.supabase.users.log",
  "jobCode": "supabase_users_20s_logger",
  "runId": "3bcf747f-a0df-4770-8c4f-d33a3994a576",
  "userCount": 6,
  "users": [
    {
      "id": "d327cb46-374f-483e-b721-182baf8fe32b",
      "full_name": null,
      "avatar_url": null,
      "phone": null,
      "nickname": null,
      "role": "student",
      "city": null,
      "english_level": null,
      "learning_goal": null,
      "source_channel": null,
      "lead_status": "new",
      "assigned_consultant_id": null,
      "updated_at": "2026-07-21T18:29:33.444Z"
    },
    {
      "id": "83ca3cc5-8ebf-4df4-a5f1-b6e695eb1256",
      "full_name": "Codex Test User",
      "avatar_url": null,
      "phone": null,
      "nickname": null,
      "role": "admin",
      "city": null,
      "english_level": null,
      "learning_goal": null,
      "source_channel": null,
      "lead_status": "new",
      "assigned_consultant_id": null,
      "updated_at": "2026-07-21T18:59:04.796Z"
    },
    {
      "id": "90f8c866-56d2-4a0d-aa8c-e50534a97ebd",
      "full_name": "qweqweqwe",
      "avatar_url": null,
      "phone": null,
      "nickname": null,
      "role": "admin",
      "city": null,
      "english_level": null,
      "learning_goal": null,
      "source_channel": null,
      "lead_status": "new",
      "assigned_consultant_id": null,
      "updated_at": "2026-07-22T04:05:00.140Z"
    },
    {
      "id": "c1b2a493-a876-4c02-979a-1dd3b0647578",
      "full_name": "Codex Low-Code Admin",
      "avatar_url": null,
      "phone": null,
      "nickname": null,
      "role": "admin",
      "city": null,
      "english_level": null,
      "learning_goal": null,
      "source_channel": null,
      "lead_status": "new",
      "assigned_consultant_id": null,
      "updated_at": "2026-07-23T03:10:49.583Z"
    },
    {
      "id": "50bfca3f-e053-4225-a699-3a2f4522fae9",
      "full_name": "Codex Admin",
      "avatar_url": null,
      "phone": null,
      "nickname": null,
      "role": "admin",
      "city": null,
      "english_level": null,
      "learning_goal": null,
      "source_channel": null,
      "lead_status": "new",
      "assigned_consultant_id": null,
      "updated_at": "2026-07-24T01:34:15.760Z"
    },
    {
      "id": "5efcd1fd-5448-4f7b-9b75-9b60fbcf1c08",
      "full_name": "Codex Screenshot Admin",
      "avatar_url": null,
      "phone": null,
      "nickname": "Codex Admin",
      "role": "admin",
      "city": null,
      "english_level": null,
      "learning_goal": null,
      "source_channel": null,
      "lead_status": "new",
      "assigned_consultant_id": null,
      "updated_at": "2026-07-25T21:08:38.708Z"
    }
  ],
  "loggedAt": "2026-07-31T00:51:10.571Z"
}
[32m[Nest] 54700  - [39m2026/07/31 08:51:31 [32m    LOG[39m [38;5;3m[JobLocalExecutorService] [39m[32mSupabase users log job "supabase_users_20s_logger" fetched 6 rows. runId=2b2ff1e7-d51d-45da-9a77-de50cdb62797[39m
[workflow-api][supabase-users-log] {
  "handledBy": "workflow.supabase.users.log",
  "jobCode": "supabase_users_20s_logger",
  "runId": "2b2ff1e7-d51d-45da-9a77-de50cdb62797",
  "userCount": 6,
  "users": [
    {
      "id": "d327cb46-374f-483e-b721-182baf8fe32b",
      "full_name": null,
      "avatar_url": null,
      "phone": null,
      "nickname": null,
      "role": "student",
      "city": null,
      "english_level": null,
      "learning_goal": null,
      "source_channel": null,
      "lead_status": "new",
      "assigned_consultant_id": null,
      "updated_at": "2026-07-21T18:29:33.444Z"
    },
    {
      "id": "83ca3cc5-8ebf-4df4-a5f1-b6e695eb1256",
      "full_name": "Codex Test User",
      "avatar_url": null,
      "phone": null,
      "nickname": null,
      "role": "admin",
      "city": null,
      "english_level": null,
      "learning_goal": null,
      "source_channel": null,
      "lead_status": "new",
      "assigned_consultant_id": null,
      "updated_at": "2026-07-21T18:59:04.796Z"
    },
    {
      "id": "90f8c866-56d2-4a0d-aa8c-e50534a97ebd",
      "full_name": "qweqweqwe",
      "avatar_url": null,
      "phone": null,
      "nickname": null,
      "role": "admin",
      "city": null,
      "english_level": null,
      "learning_goal": null,
      "source_channel": null,
      "lead_status": "new",
      "assigned_consultant_id": null,
      "updated_at": "2026-07-22T04:05:00.140Z"
    },
    {
      "id": "c1b2a493-a876-4c02-979a-1dd3b0647578",
      "full_name": "Codex Low-Code Admin",
      "avatar_url": null,
      "phone": null,
      "nickname": null,
      "role": "admin",
      "city": null,
      "english_level": null,
      "learning_goal": null,
      "source_channel": null,
      "lead_status": "new",
      "assigned_consultant_id": null,
      "updated_at": "2026-07-23T03:10:49.583Z"
    },
    {
      "id": "50bfca3f-e053-4225-a699-3a2f4522fae9",
      "full_name": "Codex Admin",
      "avatar_url": null,
      "phone": null,
      "nickname": null,
      "role": "admin",
      "city": null,
      "english_level": null,
      "learning_goal": null,
      "source_channel": null,
      "lead_status": "new",
      "assigned_consultant_id": null,
      "updated_at": "2026-07-24T01:34:15.760Z"
    },
    {
      "id": "5efcd1fd-5448-4f7b-9b75-9b60fbcf1c08",
      "full_name": "Codex Screenshot Admin",
      "avatar_url": null,
      "phone": null,
      "nickname": "Codex Admin",
      "role": "admin",
      "city": null,
      "english_level": null,
      "learning_goal": null,
      "source_channel": null,
      "lead_status": "new",
      "assigned_consultant_id": null,
      "updated_at": "2026-07-25T21:08:38.708Z"
    }
  ],
  "loggedAt": "2026-07-31T00:51:31.697Z"
}
[32m[Nest] 54700  - [39m2026/07/31 08:51:51 [32m    LOG[39m [38;5;3m[JobLocalExecutorService] [39m[32mSupabase users log job "supabase_users_20s_logger" fetched 6 rows. runId=f63451a7-ca1b-4719-b09a-f648b0cec7b1[39m
[workflow-api][supabase-users-log] {
  "handledBy": "workflow.supabase.users.log",
  "jobCode": "supabase_users_20s_logger",
  "runId": "f63451a7-ca1b-4719-b09a-f648b0cec7b1",
  "userCount": 6,
  "users": [
    {
      "id": "d327cb46-374f-483e-b721-182baf8fe32b",
      "full_name": null,
      "avatar_url": null,
      "phone": null,
      "nickname": null,
      "role": "student",
      "city": null,
      "english_level": null,
      "learning_goal": null,
      "source_channel": null,
      "lead_status": "new",
      "assigned_consultant_id": null,
      "updated_at": "2026-07-21T18:29:33.444Z"
    },
    {
      "id": "83ca3cc5-8ebf-4df4-a5f1-b6e695eb1256",
      "full_name": "Codex Test User",
      "avatar_url": null,
      "phone": null,
      "nickname": null,
      "role": "admin",
      "city": null,
      "english_level": null,
      "learning_goal": null,
      "source_channel": null,
      "lead_status": "new",
      "assigned_consultant_id": null,
      "updated_at": "2026-07-21T18:59:04.796Z"
    },
    {
      "id": "90f8c866-56d2-4a0d-aa8c-e50534a97ebd",
      "full_name": "qweqweqwe",
      "avatar_url": null,
      "phone": null,
      "nickname": null,
      "role": "admin",
      "city": null,
      "english_level": null,
      "learning_goal": null,
      "source_channel": null,
      "lead_status": "new",
      "assigned_consultant_id": null,
      "updated_at": "2026-07-22T04:05:00.140Z"
    },
    {
      "id": "c1b2a493-a876-4c02-979a-1dd3b0647578",
      "full_name": "Codex Low-Code Admin",
      "avatar_url": null,
      "phone": null,
      "nickname": null,
      "role": "admin",
      "city": null,
      "english_level": null,
      "learning_goal": null,
      "source_channel": null,
      "lead_status": "new",
      "assigned_consultant_id": null,
      "updated_at": "2026-07-23T03:10:49.583Z"
    },
    {
      "id": "50bfca3f-e053-4225-a699-3a2f4522fae9",
      "full_name": "Codex Admin",
      "avatar_url": null,
      "phone": null,
      "nickname": null,
      "role": "admin",
      "city": null,
      "english_level": null,
      "learning_goal": null,
      "source_channel": null,
      "lead_status": "new",
      "assigned_consultant_id": null,
      "updated_at": "2026-07-24T01:34:15.760Z"
    },
    {
      "id": "5efcd1fd-5448-4f7b-9b75-9b60fbcf1c08",
      "full_name": "Codex Screenshot Admin",
      "avatar_url": null,
      "phone": null,
      "nickname": "Codex Admin",
      "role": "admin",
      "city": null,
      "english_level": null,
      "learning_goal": null,
      "source_channel": null,
      "lead_status": "new",
      "assigned_consultant_id": null,
      "updated_at": "2026-07-25T21:08:38.708Z"
    }
  ],
  "loggedAt": "2026-07-31T00:51:51.845Z"
}
[32m[Nest] 54700  - [39m2026/07/31 08:52:12 [32m    LOG[39m [38;5;3m[JobLocalExecutorService] [39m[32mSupabase users log job "supabase_users_20s_logger" fetched 6 rows. runId=b79da160-283f-41c9-ae13-619d51d5d719[39m
[workflow-api][supabase-users-log] {
  "handledBy": "workflow.supabase.users.log",
  "jobCode": "supabase_users_20s_logger",
  "runId": "b79da160-283f-41c9-ae13-619d51d5d719",
  "userCount": 6,
  "users": [
    {
      "id": "d327cb46-374f-483e-b721-182baf8fe32b",
      "full_name": null,
      "avatar_url": null,
      "phone": null,
      "nickname": null,
      "role": "student",
      "city": null,
      "english_level": null,
      "learning_goal": null,
      "source_channel": null,
      "lead_status": "new",
      "assigned_consultant_id": null,
      "updated_at": "2026-07-21T18:29:33.444Z"
    },
    {
      "id": "83ca3cc5-8ebf-4df4-a5f1-b6e695eb1256",
      "full_name": "Codex Test User",
      "avatar_url": null,
      "phone": null,
      "nickname": null,
      "role": "admin",
      "city": null,
      "english_level": null,
      "learning_goal": null,
      "source_channel": null,
      "lead_status": "new",
      "assigned_consultant_id": null,
      "updated_at": "2026-07-21T18:59:04.796Z"
    },
    {
      "id": "90f8c866-56d2-4a0d-aa8c-e50534a97ebd",
      "full_name": "qweqweqwe",
      "avatar_url": null,
      "phone": null,
      "nickname": null,
      "role": "admin",
      "city": null,
      "english_level": null,
      "learning_goal": null,
      "source_channel": null,
      "lead_status": "new",
      "assigned_consultant_id": null,
      "updated_at": "2026-07-22T04:05:00.140Z"
    },
    {
      "id": "c1b2a493-a876-4c02-979a-1dd3b0647578",
      "full_name": "Codex Low-Code Admin",
      "avatar_url": null,
      "phone": null,
      "nickname": null,
      "role": "admin",
      "city": null,
      "english_level": null,
      "learning_goal": null,
      "source_channel": null,
      "lead_status": "new",
      "assigned_consultant_id": null,
      "updated_at": "2026-07-23T03:10:49.583Z"
    },
    {
      "id": "50bfca3f-e053-4225-a699-3a2f4522fae9",
      "full_name": "Codex Admin",
      "avatar_url": null,
      "phone": null,
      "nickname": null,
      "role": "admin",
      "city": null,
      "english_level": null,
      "learning_goal": null,
      "source_channel": null,
      "lead_status": "new",
      "assigned_consultant_id": null,
      "updated_at": "2026-07-24T01:34:15.760Z"
    },
    {
      "id": "5efcd1fd-5448-4f7b-9b75-9b60fbcf1c08",
      "full_name": "Codex Screenshot Admin",
      "avatar_url": null,
      "phone": null,
      "nickname": "Codex Admin",
      "role": "admin",
      "city": null,
      "english_level": null,
      "learning_goal": null,
      "source_channel": null,
      "lead_status": "new",
      "assigned_consultant_id": null,
      "updated_at": "2026-07-25T21:08:38.708Z"
    }
  ],
  "loggedAt": "2026-07-31T00:52:12.986Z"
}
[32m[Nest] 54700  - [39m2026/07/31 08:52:33 [32m    LOG[39m [38;5;3m[JobLocalExecutorService] [39m[32mSupabase users log job "supabase_users_20s_logger" fetched 6 rows. runId=df0561dc-2be3-4663-a8db-ec25c07aa799[39m
[workflow-api][supabase-users-log] {
  "handledBy": "workflow.supabase.users.log",
  "jobCode": "supabase_users_20s_logger",
  "runId": "df0561dc-2be3-4663-a8db-ec25c07aa799",
  "userCount": 6,
  "users": [
    {
      "id": "d327cb46-374f-483e-b721-182baf8fe32b",
      "full_name": null,
      "avatar_url": null,
      "phone": null,
      "nickname": null,
      "role": "student",
      "city": null,
      "english_level": null,
      "learning_goal": null,
      "source_channel": null,
      "lead_status": "new",
      "assigned_consultant_id": null,
      "updated_at": "2026-07-21T18:29:33.444Z"
    },
    {
      "id": "83ca3cc5-8ebf-4df4-a5f1-b6e695eb1256",
      "full_name": "Codex Test User",
      "avatar_url": null,
      "phone": null,
      "nickname": null,
      "role": "admin",
      "city": null,
      "english_level": null,
      "learning_goal": null,
      "source_channel": null,
      "lead_status": "new",
      "assigned_consultant_id": null,
      "updated_at": "2026-07-21T18:59:04.796Z"
    },
    {
      "id": "90f8c866-56d2-4a0d-aa8c-e50534a97ebd",
      "full_name": "qweqweqwe",
      "avatar_url": null,
      "phone": null,
      "nickname": null,
      "role": "admin",
      "city": null,
      "english_level": null,
      "learning_goal": null,
      "source_channel": null,
      "lead_status": "new",
      "assigned_consultant_id": null,
      "updated_at": "2026-07-22T04:05:00.140Z"
    },
    {
      "id": "c1b2a493-a876-4c02-979a-1dd3b0647578",
      "full_name": "Codex Low-Code Admin",
      "avatar_url": null,
      "phone": null,
      "nickname": null,
      "role": "admin",
      "city": null,
      "english_level": null,
      "learning_goal": null,
      "source_channel": null,
      "lead_status": "new",
      "assigned_consultant_id": null,
      "updated_at": "2026-07-23T03:10:49.583Z"
    },
    {
      "id": "50bfca3f-e053-4225-a699-3a2f4522fae9",
      "full_name": "Codex Admin",
      "avatar_url": null,
      "phone": null,
      "nickname": null,
      "role": "admin",
      "city": null,
      "english_level": null,
      "learning_goal": null,
      "source_channel": null,
      "lead_status": "new",
      "assigned_consultant_id": null,
      "updated_at": "2026-07-24T01:34:15.760Z"
    },
    {
      "id": "5efcd1fd-5448-4f7b-9b75-9b60fbcf1c08",
      "full_name": "Codex Screenshot Admin",
      "avatar_url": null,
      "phone": null,
      "nickname": "Codex Admin",
      "role": "admin",
      "city": null,
      "english_level": null,
      "learning_goal": null,
      "source_channel": null,
      "lead_status": "new",
      "assigned_consultant_id": null,
      "updated_at": "2026-07-25T21:08:38.708Z"
    }
  ],
  "loggedAt": "2026-07-31T00:52:33.163Z"
}
[32m[Nest] 54700  - [39m2026/07/31 08:52:53 [32m    LOG[39m [38;5;3m[JobLocalExecutorService] [39m[32mSupabase users log job "supabase_users_20s_logger" fetched 6 rows. runId=943752fc-a2ec-45e7-abb3-92fc44e07404[39m
[workflow-api][supabase-users-log] {
  "handledBy": "workflow.supabase.users.log",
  "jobCode": "supabase_users_20s_logger",
  "runId": "943752fc-a2ec-45e7-abb3-92fc44e07404",
  "userCount": 6,
  "users": [
    {
      "id": "d327cb46-374f-483e-b721-182baf8fe32b",
      "full_name": null,
      "avatar_url": null,
      "phone": null,
      "nickname": null,
      "role": "student",
      "city": null,
      "english_level": null,
      "learning_goal": null,
      "source_channel": null,
      "lead_status": "new",
      "assigned_consultant_id": null,
      "updated_at": "2026-07-21T18:29:33.444Z"
    },
    {
      "id": "83ca3cc5-8ebf-4df4-a5f1-b6e695eb1256",
      "full_name": "Codex Test User",
      "avatar_url": null,
      "phone": null,
      "nickname": null,
      "role": "admin",
      "city": null,
      "english_level": null,
      "learning_goal": null,
      "source_channel": null,
      "lead_status": "new",
      "assigned_consultant_id": null,
      "updated_at": "2026-07-21T18:59:04.796Z"
    },
    {
      "id": "90f8c866-56d2-4a0d-aa8c-e50534a97ebd",
      "full_name": "qweqweqwe",
      "avatar_url": null,
      "phone": null,
      "nickname": null,
      "role": "admin",
      "city": null,
      "english_level": null,
      "learning_goal": null,
      "source_channel": null,
      "lead_status": "new",
      "assigned_consultant_id": null,
      "updated_at": "2026-07-22T04:05:00.140Z"
    },
    {
      "id": "c1b2a493-a876-4c02-979a-1dd3b0647578",
      "full_name": "Codex Low-Code Admin",
      "avatar_url": null,
      "phone": null,
      "nickname": null,
      "role": "admin",
      "city": null,
      "english_level": null,
      "learning_goal": null,
      "source_channel": null,
      "lead_status": "new",
      "assigned_consultant_id": null,
      "updated_at": "2026-07-23T03:10:49.583Z"
    },
    {
      "id": "50bfca3f-e053-4225-a699-3a2f4522fae9",
      "full_name": "Codex Admin",
      "avatar_url": null,
      "phone": null,
      "nickname": null,
      "role": "admin",
      "city": null,
      "english_level": null,
      "learning_goal": null,
      "source_channel": null,
      "lead_status": "new",
      "assigned_consultant_id": null,
      "updated_at": "2026-07-24T01:34:15.760Z"
    },
    {
      "id": "5efcd1fd-5448-4f7b-9b75-9b60fbcf1c08",
      "full_name": "Codex Screenshot Admin",
      "avatar_url": null,
      "phone": null,
      "nickname": "Codex Admin",
      "role": "admin",
      "city": null,
      "english_level": null,
      "learning_goal": null,
      "source_channel": null,
      "lead_status": "new",
      "assigned_consultant_id": null,
      "updated_at": "2026-07-25T21:08:38.708Z"
    }
  ],
  "loggedAt": "2026-07-31T00:52:53.321Z"
}
[32m[Nest] 54700  - [39m2026/07/31 08:53:14 [32m    LOG[39m [38;5;3m[JobLocalExecutorService] [39m[32mSupabase users log job "supabase_users_20s_logger" fetched 6 rows. runId=03ce2d7b-7d19-4750-927d-11921e82e723[39m
[workflow-api][supabase-users-log] {
  "handledBy": "workflow.supabase.users.log",
  "jobCode": "supabase_users_20s_logger",
  "runId": "03ce2d7b-7d19-4750-927d-11921e82e723",
  "userCount": 6,
  "users": [
    {
      "id": "d327cb46-374f-483e-b721-182baf8fe32b",
      "full_name": null,
      "avatar_url": null,
      "phone": null,
      "nickname": null,
      "role": "student",
      "city": null,
      "english_level": null,
      "learning_goal": null,
      "source_channel": null,
      "lead_status": "new",
      "assigned_consultant_id": null,
      "updated_at": "2026-07-21T18:29:33.444Z"
    },
    {
      "id": "83ca3cc5-8ebf-4df4-a5f1-b6e695eb1256",
      "full_name": "Codex Test User",
      "avatar_url": null,
      "phone": null,
      "nickname": null,
      "role": "admin",
      "city": null,
      "english_level": null,
      "learning_goal": null,
      "source_channel": null,
      "lead_status": "new",
      "assigned_consultant_id": null,
      "updated_at": "2026-07-21T18:59:04.796Z"
    },
    {
      "id": "90f8c866-56d2-4a0d-aa8c-e50534a97ebd",
      "full_name": "qweqweqwe",
      "avatar_url": null,
      "phone": null,
      "nickname": null,
      "role": "admin",
      "city": null,
      "english_level": null,
      "learning_goal": null,
      "source_channel": null,
      "lead_status": "new",
      "assigned_consultant_id": null,
      "updated_at": "2026-07-22T04:05:00.140Z"
    },
    {
      "id": "c1b2a493-a876-4c02-979a-1dd3b0647578",
      "full_name": "Codex Low-Code Admin",
      "avatar_url": null,
      "phone": null,
      "nickname": null,
      "role": "admin",
      "city": null,
      "english_level": null,
      "learning_goal": null,
      "source_channel": null,
      "lead_status": "new",
      "assigned_consultant_id": null,
      "updated_at": "2026-07-23T03:10:49.583Z"
    },
    {
      "id": "50bfca3f-e053-4225-a699-3a2f4522fae9",
      "full_name": "Codex Admin",
      "avatar_url": null,
      "phone": null,
      "nickname": null,
      "role": "admin",
      "city": null,
      "english_level": null,
      "learning_goal": null,
      "source_channel": null,
      "lead_status": "new",
      "assigned_consultant_id": null,
      "updated_at": "2026-07-24T01:34:15.760Z"
    },
    {
      "id": "5efcd1fd-5448-4f7b-9b75-9b60fbcf1c08",
      "full_name": "Codex Screenshot Admin",
      "avatar_url": null,
      "phone": null,
      "nickname": "Codex Admin",
      "role": "admin",
      "city": null,
      "english_level": null,
      "learning_goal": null,
      "source_channel": null,
      "lead_status": "new",
      "assigned_consultant_id": null,
      "updated_at": "2026-07-25T21:08:38.708Z"
    }
  ],
  "loggedAt": "2026-07-31T00:53:14.519Z"
}
[32m[Nest] 54700  - [39m2026/07/31 08:53:34 [32m    LOG[39m [38;5;3m[JobLocalExecutorService] [39m[32mSupabase users log job "supabase_users_20s_logger" fetched 6 rows. runId=624e3266-c9fa-472f-95ba-865f525a77e0[39m
[workflow-api][supabase-users-log] {
  "handledBy": "workflow.supabase.users.log",
  "jobCode": "supabase_users_20s_logger",
  "runId": "624e3266-c9fa-472f-95ba-865f525a77e0",
  "userCount": 6,
  "users": [
    {
      "id": "d327cb46-374f-483e-b721-182baf8fe32b",
      "full_name": null,
      "avatar_url": null,
      "phone": null,
      "nickname": null,
      "role": "student",
      "city": null,
      "english_level": null,
      "learning_goal": null,
      "source_channel": null,
      "lead_status": "new",
      "assigned_consultant_id": null,
      "updated_at": "2026-07-21T18:29:33.444Z"
    },
    {
      "id": "83ca3cc5-8ebf-4df4-a5f1-b6e695eb1256",
      "full_name": "Codex Test User",
      "avatar_url": null,
      "phone": null,
      "nickname": null,
      "role": "admin",
      "city": null,
      "english_level": null,
      "learning_goal": null,
      "source_channel": null,
      "lead_status": "new",
      "assigned_consultant_id": null,
      "updated_at": "2026-07-21T18:59:04.796Z"
    },
    {
      "id": "90f8c866-56d2-4a0d-aa8c-e50534a97ebd",
      "full_name": "qweqweqwe",
      "avatar_url": null,
      "phone": null,
      "nickname": null,
      "role": "admin",
      "city": null,
      "english_level": null,
      "learning_goal": null,
      "source_channel": null,
      "lead_status": "new",
      "assigned_consultant_id": null,
      "updated_at": "2026-07-22T04:05:00.140Z"
    },
    {
      "id": "c1b2a493-a876-4c02-979a-1dd3b0647578",
      "full_name": "Codex Low-Code Admin",
      "avatar_url": null,
      "phone": null,
      "nickname": null,
      "role": "admin",
      "city": null,
      "english_level": null,
      "learning_goal": null,
      "source_channel": null,
      "lead_status": "new",
      "assigned_consultant_id": null,
      "updated_at": "2026-07-23T03:10:49.583Z"
    },
    {
      "id": "50bfca3f-e053-4225-a699-3a2f4522fae9",
      "full_name": "Codex Admin",
      "avatar_url": null,
      "phone": null,
      "nickname": null,
      "role": "admin",
      "city": null,
      "english_level": null,
      "learning_goal": null,
      "source_channel": null,
      "lead_status": "new",
      "assigned_consultant_id": null,
      "updated_at": "2026-07-24T01:34:15.760Z"
    },
    {
      "id": "5efcd1fd-5448-4f7b-9b75-9b60fbcf1c08",
      "full_name": "Codex Screenshot Admin",
      "avatar_url": null,
      "phone": null,
      "nickname": "Codex Admin",
      "role": "admin",
      "city": null,
      "english_level": null,
      "learning_goal": null,
      "source_channel": null,
      "lead_status": "new",
      "assigned_consultant_id": null,
      "updated_at": "2026-07-25T21:08:38.708Z"
    }
  ],
  "loggedAt": "2026-07-31T00:53:34.630Z"
}
[32m[Nest] 54700  - [39m2026/07/31 08:53:54 [32m    LOG[39m [38;5;3m[JobLocalExecutorService] [39m[32mSupabase users log job "supabase_users_20s_logger" fetched 6 rows. runId=de8cf7ee-c4d5-4ae0-b4bb-3eff91af3649[39m
[workflow-api][supabase-users-log] {
  "handledBy": "workflow.supabase.users.log",
  "jobCode": "supabase_users_20s_logger",
  "runId": "de8cf7ee-c4d5-4ae0-b4bb-3eff91af3649",
  "userCount": 6,
  "users": [
    {
      "id": "d327cb46-374f-483e-b721-182baf8fe32b",
      "full_name": null,
      "avatar_url": null,
      "phone": null,
      "nickname": null,
      "role": "student",
      "city": null,
      "english_level": null,
      "learning_goal": null,
      "source_channel": null,
      "lead_status": "new",
      "assigned_consultant_id": null,
      "updated_at": "2026-07-21T18:29:33.444Z"
    },
    {
      "id": "83ca3cc5-8ebf-4df4-a5f1-b6e695eb1256",
      "full_name": "Codex Test User",
      "avatar_url": null,
      "phone": null,
      "nickname": null,
      "role": "admin",
      "city": null,
      "english_level": null,
      "learning_goal": null,
      "source_channel": null,
      "lead_status": "new",
      "assigned_consultant_id": null,
      "updated_at": "2026-07-21T18:59:04.796Z"
    },
    {
      "id": "90f8c866-56d2-4a0d-aa8c-e50534a97ebd",
      "full_name": "qweqweqwe",
      "avatar_url": null,
      "phone": null,
      "nickname": null,
      "role": "admin",
      "city": null,
      "english_level": null,
      "learning_goal": null,
      "source_channel": null,
      "lead_status": "new",
      "assigned_consultant_id": null,
      "updated_at": "2026-07-22T04:05:00.140Z"
    },
    {
      "id": "c1b2a493-a876-4c02-979a-1dd3b0647578",
      "full_name": "Codex Low-Code Admin",
      "avatar_url": null,
      "phone": null,
      "nickname": null,
      "role": "admin",
      "city": null,
      "english_level": null,
      "learning_goal": null,
      "source_channel": null,
      "lead_status": "new",
      "assigned_consultant_id": null,
      "updated_at": "2026-07-23T03:10:49.583Z"
    },
    {
      "id": "50bfca3f-e053-4225-a699-3a2f4522fae9",
      "full_name": "Codex Admin",
      "avatar_url": null,
      "phone": null,
      "nickname": null,
      "role": "admin",
      "city": null,
      "english_level": null,
      "learning_goal": null,
      "source_channel": null,
      "lead_status": "new",
      "assigned_consultant_id": null,
      "updated_at": "2026-07-24T01:34:15.760Z"
    },
    {
      "id": "5efcd1fd-5448-4f7b-9b75-9b60fbcf1c08",
      "full_name": "Codex Screenshot Admin",
      "avatar_url": null,
      "phone": null,
      "nickname": "Codex Admin",
      "role": "admin",
      "city": null,
      "english_level": null,
      "learning_goal": null,
      "source_channel": null,
      "lead_status": "new",
      "assigned_consultant_id": null,
      "updated_at": "2026-07-25T21:08:38.708Z"
    }
  ],
  "loggedAt": "2026-07-31T00:53:54.789Z"
}
[32m[Nest] 54700  - [39m2026/07/31 08:54:14 [32m    LOG[39m [38;5;3m[JobLocalExecutorService] [39m[32mSupabase users log job "supabase_users_20s_logger" fetched 6 rows. runId=71465c08-d95d-4905-8ad9-5129397c1597[39m
[workflow-api][supabase-users-log] {
  "handledBy": "workflow.supabase.users.log",
  "jobCode": "supabase_users_20s_logger",
  "runId": "71465c08-d95d-4905-8ad9-5129397c1597",
  "userCount": 6,
  "users": [
    {
      "id": "d327cb46-374f-483e-b721-182baf8fe32b",
      "full_name": null,
      "avatar_url": null,
      "phone": null,
      "nickname": null,
      "role": "student",
      "city": null,
      "english_level": null,
      "learning_goal": null,
      "source_channel": null,
      "lead_status": "new",
      "assigned_consultant_id": null,
      "updated_at": "2026-07-21T18:29:33.444Z"
    },
    {
      "id": "83ca3cc5-8ebf-4df4-a5f1-b6e695eb1256",
      "full_name": "Codex Test User",
      "avatar_url": null,
      "phone": null,
      "nickname": null,
      "role": "admin",
      "city": null,
      "english_level": null,
      "learning_goal": null,
      "source_channel": null,
      "lead_status": "new",
      "assigned_consultant_id": null,
      "updated_at": "2026-07-21T18:59:04.796Z"
    },
    {
      "id": "90f8c866-56d2-4a0d-aa8c-e50534a97ebd",
      "full_name": "qweqweqwe",
      "avatar_url": null,
      "phone": null,
      "nickname": null,
      "role": "admin",
      "city": null,
      "english_level": null,
      "learning_goal": null,
      "source_channel": null,
      "lead_status": "new",
      "assigned_consultant_id": null,
      "updated_at": "2026-07-22T04:05:00.140Z"
    },
    {
      "id": "c1b2a493-a876-4c02-979a-1dd3b0647578",
      "full_name": "Codex Low-Code Admin",
      "avatar_url": null,
      "phone": null,
      "nickname": null,
      "role": "admin",
      "city": null,
      "english_level": null,
      "learning_goal": null,
      "source_channel": null,
      "lead_status": "new",
      "assigned_consultant_id": null,
      "updated_at": "2026-07-23T03:10:49.583Z"
    },
    {
      "id": "50bfca3f-e053-4225-a699-3a2f4522fae9",
      "full_name": "Codex Admin",
      "avatar_url": null,
      "phone": null,
      "nickname": null,
      "role": "admin",
      "city": null,
      "english_level": null,
      "learning_goal": null,
      "source_channel": null,
      "lead_status": "new",
      "assigned_consultant_id": null,
      "updated_at": "2026-07-24T01:34:15.760Z"
    },
    {
      "id": "5efcd1fd-5448-4f7b-9b75-9b60fbcf1c08",
      "full_name": "Codex Screenshot Admin",
      "avatar_url": null,
      "phone": null,
      "nickname": "Codex Admin",
      "role": "admin",
      "city": null,
      "english_level": null,
      "learning_goal": null,
      "source_channel": null,
      "lead_status": "new",
      "assigned_consultant_id": null,
      "updated_at": "2026-07-25T21:08:38.708Z"
    }
  ],
  "loggedAt": "2026-07-31T00:54:14.954Z"
}
[32m[Nest] 54700  - [39m2026/07/31 08:54:35 [32m    LOG[39m [38;5;3m[JobLocalExecutorService] [39m[32mSupabase users log job "supabase_users_20s_logger" fetched 6 rows. runId=69eb2016-7e27-4de7-9e99-d9648db57ed3[39m
[workflow-api][supabase-users-log] {
  "handledBy": "workflow.supabase.users.log",
  "jobCode": "supabase_users_20s_logger",
  "runId": "69eb2016-7e27-4de7-9e99-d9648db57ed3",
  "userCount": 6,
  "users": [
    {
      "id": "d327cb46-374f-483e-b721-182baf8fe32b",
      "full_name": null,
      "avatar_url": null,
      "phone": null,
      "nickname": null,
      "role": "student",
      "city": null,
      "english_level": null,
      "learning_goal": null,
      "source_channel": null,
      "lead_status": "new",
      "assigned_consultant_id": null,
      "updated_at": "2026-07-21T18:29:33.444Z"
    },
    {
      "id": "83ca3cc5-8ebf-4df4-a5f1-b6e695eb1256",
      "full_name": "Codex Test User",
      "avatar_url": null,
      "phone": null,
      "nickname": null,
      "role": "admin",
      "city": null,
      "english_level": null,
      "learning_goal": null,
      "source_channel": null,
      "lead_status": "new",
      "assigned_consultant_id": null,
      "updated_at": "2026-07-21T18:59:04.796Z"
    },
    {
      "id": "90f8c866-56d2-4a0d-aa8c-e50534a97ebd",
      "full_name": "qweqweqwe",
      "avatar_url": null,
      "phone": null,
      "nickname": null,
      "role": "admin",
      "city": null,
      "english_level": null,
      "learning_goal": null,
      "source_channel": null,
      "lead_status": "new",
      "assigned_consultant_id": null,
      "updated_at": "2026-07-22T04:05:00.140Z"
    },
    {
      "id": "c1b2a493-a876-4c02-979a-1dd3b0647578",
      "full_name": "Codex Low-Code Admin",
      "avatar_url": null,
      "phone": null,
      "nickname": null,
      "role": "admin",
      "city": null,
      "english_level": null,
      "learning_goal": null,
      "source_channel": null,
      "lead_status": "new",
      "assigned_consultant_id": null,
      "updated_at": "2026-07-23T03:10:49.583Z"
    },
    {
      "id": "50bfca3f-e053-4225-a699-3a2f4522fae9",
      "full_name": "Codex Admin",
      "avatar_url": null,
      "phone": null,
      "nickname": null,
      "role": "admin",
      "city": null,
      "english_level": null,
      "learning_goal": null,
      "source_channel": null,
      "lead_status": "new",
      "assigned_consultant_id": null,
      "updated_at": "2026-07-24T01:34:15.760Z"
    },
    {
      "id": "5efcd1fd-5448-4f7b-9b75-9b60fbcf1c08",
      "full_name": "Codex Screenshot Admin",
      "avatar_url": null,
      "phone": null,
      "nickname": "Codex Admin",
      "role": "admin",
      "city": null,
      "english_level": null,
      "learning_goal": null,
      "source_channel": null,
      "lead_status": "new",
      "assigned_consultant_id": null,
      "updated_at": "2026-07-25T21:08:38.708Z"
    }
  ],
  "loggedAt": "2026-07-31T00:54:35.132Z"
}
[32m[Nest] 54700  - [39m2026/07/31 08:54:55 [32m    LOG[39m [38;5;3m[JobLocalExecutorService] [39m[32mSupabase users log job "supabase_users_20s_logger" fetched 6 rows. runId=d9059fe5-2dd8-4782-884c-3f932b855472[39m
[workflow-api][supabase-users-log] {
  "handledBy": "workflow.supabase.users.log",
  "jobCode": "supabase_users_20s_logger",
  "runId": "d9059fe5-2dd8-4782-884c-3f932b855472",
  "userCount": 6,
  "users": [
    {
      "id": "d327cb46-374f-483e-b721-182baf8fe32b",
      "full_name": null,
      "avatar_url": null,
      "phone": null,
      "nickname": null,
      "role": "student",
      "city": null,
      "english_level": null,
      "learning_goal": null,
      "source_channel": null,
      "lead_status": "new",
      "assigned_consultant_id": null,
      "updated_at": "2026-07-21T18:29:33.444Z"
    },
    {
      "id": "83ca3cc5-8ebf-4df4-a5f1-b6e695eb1256",
      "full_name": "Codex Test User",
      "avatar_url": null,
      "phone": null,
      "nickname": null,
      "role": "admin",
      "city": null,
      "english_level": null,
      "learning_goal": null,
      "source_channel": null,
      "lead_status": "new",
      "assigned_consultant_id": null,
      "updated_at": "2026-07-21T18:59:04.796Z"
    },
    {
      "id": "90f8c866-56d2-4a0d-aa8c-e50534a97ebd",
      "full_name": "qweqweqwe",
      "avatar_url": null,
      "phone": null,
      "nickname": null,
      "role": "admin",
      "city": null,
      "english_level": null,
      "learning_goal": null,
      "source_channel": null,
      "lead_status": "new",
      "assigned_consultant_id": null,
      "updated_at": "2026-07-22T04:05:00.140Z"
    },
    {
      "id": "c1b2a493-a876-4c02-979a-1dd3b0647578",
      "full_name": "Codex Low-Code Admin",
      "avatar_url": null,
      "phone": null,
      "nickname": null,
      "role": "admin",
      "city": null,
      "english_level": null,
      "learning_goal": null,
      "source_channel": null,
      "lead_status": "new",
      "assigned_consultant_id": null,
      "updated_at": "2026-07-23T03:10:49.583Z"
    },
    {
      "id": "50bfca3f-e053-4225-a699-3a2f4522fae9",
      "full_name": "Codex Admin",
      "avatar_url": null,
      "phone": null,
      "nickname": null,
      "role": "admin",
      "city": null,
      "english_level": null,
      "learning_goal": null,
      "source_channel": null,
      "lead_status": "new",
      "assigned_consultant_id": null,
      "updated_at": "2026-07-24T01:34:15.760Z"
    },
    {
      "id": "5efcd1fd-5448-4f7b-9b75-9b60fbcf1c08",
      "full_name": "Codex Screenshot Admin",
      "avatar_url": null,
      "phone": null,
      "nickname": "Codex Admin",
      "role": "admin",
      "city": null,
      "english_level": null,
      "learning_goal": null,
      "source_channel": null,
      "lead_status": "new",
      "assigned_consultant_id": null,
      "updated_at": "2026-07-25T21:08:38.708Z"
    }
  ],
  "loggedAt": "2026-07-31T00:54:55.280Z"
}
[32m[Nest] 54700  - [39m2026/07/31 08:55:15 [32m    LOG[39m [38;5;3m[JobLocalExecutorService] [39m[32mSupabase users log job "supabase_users_20s_logger" fetched 6 rows. runId=b3cb5fe7-3caf-4707-8507-5fec96320096[39m
[workflow-api][supabase-users-log] {
  "handledBy": "workflow.supabase.users.log",
  "jobCode": "supabase_users_20s_logger",
  "runId": "b3cb5fe7-3caf-4707-8507-5fec96320096",
  "userCount": 6,
  "users": [
    {
      "id": "d327cb46-374f-483e-b721-182baf8fe32b",
      "full_name": null,
      "avatar_url": null,
      "phone": null,
      "nickname": null,
      "role": "student",
      "city": null,
      "english_level": null,
      "learning_goal": null,
      "source_channel": null,
      "lead_status": "new",
      "assigned_consultant_id": null,
      "updated_at": "2026-07-21T18:29:33.444Z"
    },
    {
      "id": "83ca3cc5-8ebf-4df4-a5f1-b6e695eb1256",
      "full_name": "Codex Test User",
      "avatar_url": null,
      "phone": null,
      "nickname": null,
      "role": "admin",
      "city": null,
      "english_level": null,
      "learning_goal": null,
      "source_channel": null,
      "lead_status": "new",
      "assigned_consultant_id": null,
      "updated_at": "2026-07-21T18:59:04.796Z"
    },
    {
      "id": "90f8c866-56d2-4a0d-aa8c-e50534a97ebd",
      "full_name": "qweqweqwe",
      "avatar_url": null,
      "phone": null,
      "nickname": null,
      "role": "admin",
      "city": null,
      "english_level": null,
      "learning_goal": null,
      "source_channel": null,
      "lead_status": "new",
      "assigned_consultant_id": null,
      "updated_at": "2026-07-22T04:05:00.140Z"
    },
    {
      "id": "c1b2a493-a876-4c02-979a-1dd3b0647578",
      "full_name": "Codex Low-Code Admin",
      "avatar_url": null,
      "phone": null,
      "nickname": null,
      "role": "admin",
      "city": null,
      "english_level": null,
      "learning_goal": null,
      "source_channel": null,
      "lead_status": "new",
      "assigned_consultant_id": null,
      "updated_at": "2026-07-23T03:10:49.583Z"
    },
    {
      "id": "50bfca3f-e053-4225-a699-3a2f4522fae9",
      "full_name": "Codex Admin",
      "avatar_url": null,
      "phone": null,
      "nickname": null,
      "role": "admin",
      "city": null,
      "english_level": null,
      "learning_goal": null,
      "source_channel": null,
      "lead_status": "new",
      "assigned_consultant_id": null,
      "updated_at": "2026-07-24T01:34:15.760Z"
    },
    {
      "id": "5efcd1fd-5448-4f7b-9b75-9b60fbcf1c08",
      "full_name": "Codex Screenshot Admin",
      "avatar_url": null,
      "phone": null,
      "nickname": "Codex Admin",
      "role": "admin",
      "city": null,
      "english_level": null,
      "learning_goal": null,
      "source_channel": null,
      "lead_status": "new",
      "assigned_consultant_id": null,
      "updated_at": "2026-07-25T21:08:38.708Z"
    }
  ],
  "loggedAt": "2026-07-31T00:55:15.434Z"
}
[32m[Nest] 54700  - [39m2026/07/31 08:55:35 [32m    LOG[39m [38;5;3m[JobLocalExecutorService] [39m[32mSupabase users log job "supabase_users_20s_logger" fetched 6 rows. runId=e493d74d-8c58-4d7b-854a-97fea987d4cd[39m
[workflow-api][supabase-users-log] {
  "handledBy": "workflow.supabase.users.log",
  "jobCode": "supabase_users_20s_logger",
  "runId": "e493d74d-8c58-4d7b-854a-97fea987d4cd",
  "userCount": 6,
  "users": [
    {
      "id": "d327cb46-374f-483e-b721-182baf8fe32b",
      "full_name": null,
      "avatar_url": null,
      "phone": null,
      "nickname": null,
      "role": "student",
      "city": null,
      "english_level": null,
      "learning_goal": null,
      "source_channel": null,
      "lead_status": "new",
      "assigned_consultant_id": null,
      "updated_at": "2026-07-21T18:29:33.444Z"
    },
    {
      "id": "83ca3cc5-8ebf-4df4-a5f1-b6e695eb1256",
      "full_name": "Codex Test User",
      "avatar_url": null,
      "phone": null,
      "nickname": null,
      "role": "admin",
      "city": null,
      "english_level": null,
      "learning_goal": null,
      "source_channel": null,
      "lead_status": "new",
      "assigned_consultant_id": null,
      "updated_at": "2026-07-21T18:59:04.796Z"
    },
    {
      "id": "90f8c866-56d2-4a0d-aa8c-e50534a97ebd",
      "full_name": "qweqweqwe",
      "avatar_url": null,
      "phone": null,
      "nickname": null,
      "role": "admin",
      "city": null,
      "english_level": null,
      "learning_goal": null,
      "source_channel": null,
      "lead_status": "new",
      "assigned_consultant_id": null,
      "updated_at": "2026-07-22T04:05:00.140Z"
    },
    {
      "id": "c1b2a493-a876-4c02-979a-1dd3b0647578",
      "full_name": "Codex Low-Code Admin",
      "avatar_url": null,
      "phone": null,
      "nickname": null,
      "role": "admin",
      "city": null,
      "english_level": null,
      "learning_goal": null,
      "source_channel": null,
      "lead_status": "new",
      "assigned_consultant_id": null,
      "updated_at": "2026-07-23T03:10:49.583Z"
    },
    {
      "id": "50bfca3f-e053-4225-a699-3a2f4522fae9",
      "full_name": "Codex Admin",
      "avatar_url": null,
      "phone": null,
      "nickname": null,
      "role": "admin",
      "city": null,
      "english_level": null,
      "learning_goal": null,
      "source_channel": null,
      "lead_status": "new",
      "assigned_consultant_id": null,
      "updated_at": "2026-07-24T01:34:15.760Z"
    },
    {
      "id": "5efcd1fd-5448-4f7b-9b75-9b60fbcf1c08",
      "full_name": "Codex Screenshot Admin",
      "avatar_url": null,
      "phone": null,
      "nickname": "Codex Admin",
      "role": "admin",
      "city": null,
      "english_level": null,
      "learning_goal": null,
      "source_channel": null,
      "lead_status": "new",
      "assigned_consultant_id": null,
      "updated_at": "2026-07-25T21:08:38.708Z"
    }
  ],
  "loggedAt": "2026-07-31T00:55:35.594Z"
}
[32m[Nest] 54700  - [39m2026/07/31 08:55:55 [32m    LOG[39m [38;5;3m[JobLocalExecutorService] [39m[32mSupabase users log job "supabase_users_20s_logger" fetched 6 rows. runId=17a2bf2d-f9b3-41c3-a2fd-cffafd98072c[39m
[workflow-api][supabase-users-log] {
  "handledBy": "workflow.supabase.users.log",
  "jobCode": "supabase_users_20s_logger",
  "runId": "17a2bf2d-f9b3-41c3-a2fd-cffafd98072c",
  "userCount": 6,
  "users": [
    {
      "id": "d327cb46-374f-483e-b721-182baf8fe32b",
      "full_name": null,
      "avatar_url": null,
      "phone": null,
      "nickname": null,
      "role": "student",
      "city": null,
      "english_level": null,
      "learning_goal": null,
      "source_channel": null,
      "lead_status": "new",
      "assigned_consultant_id": null,
      "updated_at": "2026-07-21T18:29:33.444Z"
    },
    {
      "id": "83ca3cc5-8ebf-4df4-a5f1-b6e695eb1256",
      "full_name": "Codex Test User",
      "avatar_url": null,
      "phone": null,
      "nickname": null,
      "role": "admin",
      "city": null,
      "english_level": null,
      "learning_goal": null,
      "source_channel": null,
      "lead_status": "new",
      "assigned_consultant_id": null,
      "updated_at": "2026-07-21T18:59:04.796Z"
    },
    {
      "id": "90f8c866-56d2-4a0d-aa8c-e50534a97ebd",
      "full_name": "qweqweqwe",
      "avatar_url": null,
      "phone": null,
      "nickname": null,
      "role": "admin",
      "city": null,
      "english_level": null,
      "learning_goal": null,
      "source_channel": null,
      "lead_status": "new",
      "assigned_consultant_id": null,
      "updated_at": "2026-07-22T04:05:00.140Z"
    },
    {
      "id": "c1b2a493-a876-4c02-979a-1dd3b0647578",
      "full_name": "Codex Low-Code Admin",
      "avatar_url": null,
      "phone": null,
      "nickname": null,
      "role": "admin",
      "city": null,
      "english_level": null,
      "learning_goal": null,
      "source_channel": null,
      "lead_status": "new",
      "assigned_consultant_id": null,
      "updated_at": "2026-07-23T03:10:49.583Z"
    },
    {
      "id": "50bfca3f-e053-4225-a699-3a2f4522fae9",
      "full_name": "Codex Admin",
      "avatar_url": null,
      "phone": null,
      "nickname": null,
      "role": "admin",
      "city": null,
      "english_level": null,
      "learning_goal": null,
      "source_channel": null,
      "lead_status": "new",
      "assigned_consultant_id": null,
      "updated_at": "2026-07-24T01:34:15.760Z"
    },
    {
      "id": "5efcd1fd-5448-4f7b-9b75-9b60fbcf1c08",
      "full_name": "Codex Screenshot Admin",
      "avatar_url": null,
      "phone": null,
      "nickname": "Codex Admin",
      "role": "admin",
      "city": null,
      "english_level": null,
      "learning_goal": null,
      "source_channel": null,
      "lead_status": "new",
      "assigned_consultant_id": null,
      "updated_at": "2026-07-25T21:08:38.708Z"
    }
  ],
  "loggedAt": "2026-07-31T00:55:55.761Z"
}
[32m[Nest] 54700  - [39m2026/07/31 08:56:15 [32m    LOG[39m [38;5;3m[JobLocalExecutorService] [39m[32mSupabase users log job "supabase_users_20s_logger" fetched 6 rows. runId=d189e708-214a-4b32-94ef-5c20bb51135d[39m
[workflow-api][supabase-users-log] {
  "handledBy": "workflow.supabase.users.log",
  "jobCode": "supabase_users_20s_logger",
  "runId": "d189e708-214a-4b32-94ef-5c20bb51135d",
  "userCount": 6,
  "users": [
    {
      "id": "d327cb46-374f-483e-b721-182baf8fe32b",
      "full_name": null,
      "avatar_url": null,
      "phone": null,
      "nickname": null,
      "role": "student",
      "city": null,
      "english_level": null,
      "learning_goal": null,
      "source_channel": null,
      "lead_status": "new",
      "assigned_consultant_id": null,
      "updated_at": "2026-07-21T18:29:33.444Z"
    },
    {
      "id": "83ca3cc5-8ebf-4df4-a5f1-b6e695eb1256",
      "full_name": "Codex Test User",
      "avatar_url": null,
      "phone": null,
      "nickname": null,
      "role": "admin",
      "city": null,
      "english_level": null,
      "learning_goal": null,
      "source_channel": null,
      "lead_status": "new",
      "assigned_consultant_id": null,
      "updated_at": "2026-07-21T18:59:04.796Z"
    },
    {
      "id": "90f8c866-56d2-4a0d-aa8c-e50534a97ebd",
      "full_name": "qweqweqwe",
      "avatar_url": null,
      "phone": null,
      "nickname": null,
      "role": "admin",
      "city": null,
      "english_level": null,
      "learning_goal": null,
      "source_channel": null,
      "lead_status": "new",
      "assigned_consultant_id": null,
      "updated_at": "2026-07-22T04:05:00.140Z"
    },
    {
      "id": "c1b2a493-a876-4c02-979a-1dd3b0647578",
      "full_name": "Codex Low-Code Admin",
      "avatar_url": null,
      "phone": null,
      "nickname": null,
      "role": "admin",
      "city": null,
      "english_level": null,
      "learning_goal": null,
      "source_channel": null,
      "lead_status": "new",
      "assigned_consultant_id": null,
      "updated_at": "2026-07-23T03:10:49.583Z"
    },
    {
      "id": "50bfca3f-e053-4225-a699-3a2f4522fae9",
      "full_name": "Codex Admin",
      "avatar_url": null,
      "phone": null,
      "nickname": null,
      "role": "admin",
      "city": null,
      "english_level": null,
      "learning_goal": null,
      "source_channel": null,
      "lead_status": "new",
      "assigned_consultant_id": null,
      "updated_at": "2026-07-24T01:34:15.760Z"
    },
    {
      "id": "5efcd1fd-5448-4f7b-9b75-9b60fbcf1c08",
      "full_name": "Codex Screenshot Admin",
      "avatar_url": null,
      "phone": null,
      "nickname": "Codex Admin",
      "role": "admin",
      "city": null,
      "english_level": null,
      "learning_goal": null,
      "source_channel": null,
      "lead_status": "new",
      "assigned_consultant_id": null,
      "updated_at": "2026-07-25T21:08:38.708Z"
    }
  ],
  "loggedAt": "2026-07-31T00:56:15.913Z"
}
[32m[Nest] 54700  - [39m2026/07/31 08:56:36 [32m    LOG[39m [38;5;3m[JobLocalExecutorService] [39m[32mSupabase users log job "supabase_users_20s_logger" fetched 6 rows. runId=5221353f-2017-4185-8bd0-803c34d9682f[39m
[workflow-api][supabase-users-log] {
  "handledBy": "workflow.supabase.users.log",
  "jobCode": "supabase_users_20s_logger",
  "runId": "5221353f-2017-4185-8bd0-803c34d9682f",
  "userCount": 6,
  "users": [
    {
      "id": "d327cb46-374f-483e-b721-182baf8fe32b",
      "full_name": null,
      "avatar_url": null,
      "phone": null,
      "nickname": null,
      "role": "student",
      "city": null,
      "english_level": null,
      "learning_goal": null,
      "source_channel": null,
      "lead_status": "new",
      "assigned_consultant_id": null,
      "updated_at": "2026-07-21T18:29:33.444Z"
    },
    {
      "id": "83ca3cc5-8ebf-4df4-a5f1-b6e695eb1256",
      "full_name": "Codex Test User",
      "avatar_url": null,
      "phone": null,
      "nickname": null,
      "role": "admin",
      "city": null,
      "english_level": null,
      "learning_goal": null,
      "source_channel": null,
      "lead_status": "new",
      "assigned_consultant_id": null,
      "updated_at": "2026-07-21T18:59:04.796Z"
    },
    {
      "id": "90f8c866-56d2-4a0d-aa8c-e50534a97ebd",
      "full_name": "qweqweqwe",
      "avatar_url": null,
      "phone": null,
      "nickname": null,
      "role": "admin",
      "city": null,
      "english_level": null,
      "learning_goal": null,
      "source_channel": null,
      "lead_status": "new",
      "assigned_consultant_id": null,
      "updated_at": "2026-07-22T04:05:00.140Z"
    },
    {
      "id": "c1b2a493-a876-4c02-979a-1dd3b0647578",
      "full_name": "Codex Low-Code Admin",
      "avatar_url": null,
      "phone": null,
      "nickname": null,
      "role": "admin",
      "city": null,
      "english_level": null,
      "learning_goal": null,
      "source_channel": null,
      "lead_status": "new",
      "assigned_consultant_id": null,
      "updated_at": "2026-07-23T03:10:49.583Z"
    },
    {
      "id": "50bfca3f-e053-4225-a699-3a2f4522fae9",
      "full_name": "Codex Admin",
      "avatar_url": null,
      "phone": null,
      "nickname": null,
      "role": "admin",
      "city": null,
      "english_level": null,
      "learning_goal": null,
      "source_channel": null,
      "lead_status": "new",
      "assigned_consultant_id": null,
      "updated_at": "2026-07-24T01:34:15.760Z"
    },
    {
      "id": "5efcd1fd-5448-4f7b-9b75-9b60fbcf1c08",
      "full_name": "Codex Screenshot Admin",
      "avatar_url": null,
      "phone": null,
      "nickname": "Codex Admin",
      "role": "admin",
      "city": null,
      "english_level": null,
      "learning_goal": null,
      "source_channel": null,
      "lead_status": "new",
      "assigned_consultant_id": null,
      "updated_at": "2026-07-25T21:08:38.708Z"
    }
  ],
  "loggedAt": "2026-07-31T00:56:36.071Z"
}
[32m[Nest] 54700  - [39m2026/07/31 08:56:56 [32m    LOG[39m [38;5;3m[JobLocalExecutorService] [39m[32mSupabase users log job "supabase_users_20s_logger" fetched 6 rows. runId=2992b012-c10b-42ea-b7e9-28b608aa09c7[39m
[workflow-api][supabase-users-log] {
  "handledBy": "workflow.supabase.users.log",
  "jobCode": "supabase_users_20s_logger",
  "runId": "2992b012-c10b-42ea-b7e9-28b608aa09c7",
  "userCount": 6,
  "users": [
    {
      "id": "d327cb46-374f-483e-b721-182baf8fe32b",
      "full_name": null,
      "avatar_url": null,
      "phone": null,
      "nickname": null,
      "role": "student",
      "city": null,
      "english_level": null,
      "learning_goal": null,
      "source_channel": null,
      "lead_status": "new",
      "assigned_consultant_id": null,
      "updated_at": "2026-07-21T18:29:33.444Z"
    },
    {
      "id": "83ca3cc5-8ebf-4df4-a5f1-b6e695eb1256",
      "full_name": "Codex Test User",
      "avatar_url": null,
      "phone": null,
      "nickname": null,
      "role": "admin",
      "city": null,
      "english_level": null,
      "learning_goal": null,
      "source_channel": null,
      "lead_status": "new",
      "assigned_consultant_id": null,
      "updated_at": "2026-07-21T18:59:04.796Z"
    },
    {
      "id": "90f8c866-56d2-4a0d-aa8c-e50534a97ebd",
      "full_name": "qweqweqwe",
      "avatar_url": null,
      "phone": null,
      "nickname": null,
      "role": "admin",
      "city": null,
      "english_level": null,
      "learning_goal": null,
      "source_channel": null,
      "lead_status": "new",
      "assigned_consultant_id": null,
      "updated_at": "2026-07-22T04:05:00.140Z"
    },
    {
      "id": "c1b2a493-a876-4c02-979a-1dd3b0647578",
      "full_name": "Codex Low-Code Admin",
      "avatar_url": null,
      "phone": null,
      "nickname": null,
      "role": "admin",
      "city": null,
      "english_level": null,
      "learning_goal": null,
      "source_channel": null,
      "lead_status": "new",
      "assigned_consultant_id": null,
      "updated_at": "2026-07-23T03:10:49.583Z"
    },
    {
      "id": "50bfca3f-e053-4225-a699-3a2f4522fae9",
      "full_name": "Codex Admin",
      "avatar_url": null,
      "phone": null,
      "nickname": null,
      "role": "admin",
      "city": null,
      "english_level": null,
      "learning_goal": null,
      "source_channel": null,
      "lead_status": "new",
      "assigned_consultant_id": null,
      "updated_at": "2026-07-24T01:34:15.760Z"
    },
    {
      "id": "5efcd1fd-5448-4f7b-9b75-9b60fbcf1c08",
      "full_name": "Codex Screenshot Admin",
      "avatar_url": null,
      "phone": null,
      "nickname": "Codex Admin",
      "role": "admin",
      "city": null,
      "english_level": null,
      "learning_goal": null,
      "source_channel": null,
      "lead_status": "new",
      "assigned_consultant_id": null,
      "updated_at": "2026-07-25T21:08:38.708Z"
    }
  ],
  "loggedAt": "2026-07-31T00:56:56.238Z"
}
[32m[Nest] 54700  - [39m2026/07/31 08:57:16 [32m    LOG[39m [38;5;3m[JobLocalExecutorService] [39m[32mSupabase users log job "supabase_users_20s_logger" fetched 6 rows. runId=8e47701f-cc25-4919-b7d1-acca838cd171[39m
[workflow-api][supabase-users-log] {
  "handledBy": "workflow.supabase.users.log",
  "jobCode": "supabase_users_20s_logger",
  "runId": "8e47701f-cc25-4919-b7d1-acca838cd171",
  "userCount": 6,
  "users": [
    {
      "id": "d327cb46-374f-483e-b721-182baf8fe32b",
      "full_name": null,
      "avatar_url": null,
      "phone": null,
      "nickname": null,
      "role": "student",
      "city": null,
      "english_level": null,
      "learning_goal": null,
      "source_channel": null,
      "lead_status": "new",
      "assigned_consultant_id": null,
      "updated_at": "2026-07-21T18:29:33.444Z"
    },
    {
      "id": "83ca3cc5-8ebf-4df4-a5f1-b6e695eb1256",
      "full_name": "Codex Test User",
      "avatar_url": null,
      "phone": null,
      "nickname": null,
      "role": "admin",
      "city": null,
      "english_level": null,
      "learning_goal": null,
      "source_channel": null,
      "lead_status": "new",
      "assigned_consultant_id": null,
      "updated_at": "2026-07-21T18:59:04.796Z"
    },
    {
      "id": "90f8c866-56d2-4a0d-aa8c-e50534a97ebd",
      "full_name": "qweqweqwe",
      "avatar_url": null,
      "phone": null,
      "nickname": null,
      "role": "admin",
      "city": null,
      "english_level": null,
      "learning_goal": null,
      "source_channel": null,
      "lead_status": "new",
      "assigned_consultant_id": null,
      "updated_at": "2026-07-22T04:05:00.140Z"
    },
    {
      "id": "c1b2a493-a876-4c02-979a-1dd3b0647578",
      "full_name": "Codex Low-Code Admin",
      "avatar_url": null,
      "phone": null,
      "nickname": null,
      "role": "admin",
      "city": null,
      "english_level": null,
      "learning_goal": null,
      "source_channel": null,
      "lead_status": "new",
      "assigned_consultant_id": null,
      "updated_at": "2026-07-23T03:10:49.583Z"
    },
    {
      "id": "50bfca3f-e053-4225-a699-3a2f4522fae9",
      "full_name": "Codex Admin",
      "avatar_url": null,
      "phone": null,
      "nickname": null,
      "role": "admin",
      "city": null,
      "english_level": null,
      "learning_goal": null,
      "source_channel": null,
      "lead_status": "new",
      "assigned_consultant_id": null,
      "updated_at": "2026-07-24T01:34:15.760Z"
    },
    {
      "id": "5efcd1fd-5448-4f7b-9b75-9b60fbcf1c08",
      "full_name": "Codex Screenshot Admin",
      "avatar_url": null,
      "phone": null,
      "nickname": "Codex Admin",
      "role": "admin",
      "city": null,
      "english_level": null,
      "learning_goal": null,
      "source_channel": null,
      "lead_status": "new",
      "assigned_consultant_id": null,
      "updated_at": "2026-07-25T21:08:38.708Z"
    }
  ],
  "loggedAt": "2026-07-31T00:57:16.410Z"
}
[32m[Nest] 54700  - [39m2026/07/31 08:57:36 [32m    LOG[39m [38;5;3m[JobLocalExecutorService] [39m[32mSupabase users log job "supabase_users_20s_logger" fetched 6 rows. runId=e0d1adf6-ab83-439a-b2a7-823755e88838[39m
[workflow-api][supabase-users-log] {
  "handledBy": "workflow.supabase.users.log",
  "jobCode": "supabase_users_20s_logger",
  "runId": "e0d1adf6-ab83-439a-b2a7-823755e88838",
  "userCount": 6,
  "users": [
    {
      "id": "d327cb46-374f-483e-b721-182baf8fe32b",
      "full_name": null,
      "avatar_url": null,
      "phone": null,
      "nickname": null,
      "role": "student",
      "city": null,
      "english_level": null,
      "learning_goal": null,
      "source_channel": null,
      "lead_status": "new",
      "assigned_consultant_id": null,
      "updated_at": "2026-07-21T18:29:33.444Z"
    },
    {
      "id": "83ca3cc5-8ebf-4df4-a5f1-b6e695eb1256",
      "full_name": "Codex Test User",
      "avatar_url": null,
      "phone": null,
      "nickname": null,
      "role": "admin",
      "city": null,
      "english_level": null,
      "learning_goal": null,
      "source_channel": null,
      "lead_status": "new",
      "assigned_consultant_id": null,
      "updated_at": "2026-07-21T18:59:04.796Z"
    },
    {
      "id": "90f8c866-56d2-4a0d-aa8c-e50534a97ebd",
      "full_name": "qweqweqwe",
      "avatar_url": null,
      "phone": null,
      "nickname": null,
      "role": "admin",
      "city": null,
      "english_level": null,
      "learning_goal": null,
      "source_channel": null,
      "lead_status": "new",
      "assigned_consultant_id": null,
      "updated_at": "2026-07-22T04:05:00.140Z"
    },
    {
      "id": "c1b2a493-a876-4c02-979a-1dd3b0647578",
      "full_name": "Codex Low-Code Admin",
      "avatar_url": null,
      "phone": null,
      "nickname": null,
      "role": "admin",
      "city": null,
      "english_level": null,
      "learning_goal": null,
      "source_channel": null,
      "lead_status": "new",
      "assigned_consultant_id": null,
      "updated_at": "2026-07-23T03:10:49.583Z"
    },
    {
      "id": "50bfca3f-e053-4225-a699-3a2f4522fae9",
      "full_name": "Codex Admin",
      "avatar_url": null,
      "phone": null,
      "nickname": null,
      "role": "admin",
      "city": null,
      "english_level": null,
      "learning_goal": null,
      "source_channel": null,
      "lead_status": "new",
      "assigned_consultant_id": null,
      "updated_at": "2026-07-24T01:34:15.760Z"
    },
    {
      "id": "5efcd1fd-5448-4f7b-9b75-9b60fbcf1c08",
      "full_name": "Codex Screenshot Admin",
      "avatar_url": null,
      "phone": null,
      "nickname": "Codex Admin",
      "role": "admin",
      "city": null,
      "english_level": null,
      "learning_goal": null,
      "source_channel": null,
      "lead_status": "new",
      "assigned_consultant_id": null,
      "updated_at": "2026-07-25T21:08:38.708Z"
    }
  ],
  "loggedAt": "2026-07-31T00:57:36.568Z"
}
[32m[Nest] 54700  - [39m2026/07/31 08:57:57 [32m    LOG[39m [38;5;3m[JobLocalExecutorService] [39m[32mSupabase users log job "supabase_users_20s_logger" fetched 6 rows. runId=7cc4d056-cbd5-430b-9516-052cfb0e408e[39m
[workflow-api][supabase-users-log] {
  "handledBy": "workflow.supabase.users.log",
  "jobCode": "supabase_users_20s_logger",
  "runId": "7cc4d056-cbd5-430b-9516-052cfb0e408e",
  "userCount": 6,
  "users": [
    {
      "id": "d327cb46-374f-483e-b721-182baf8fe32b",
      "full_name": null,
      "avatar_url": null,
      "phone": null,
      "nickname": null,
      "role": "student",
      "city": null,
      "english_level": null,
      "learning_goal": null,
      "source_channel": null,
      "lead_status": "new",
      "assigned_consultant_id": null,
      "updated_at": "2026-07-21T18:29:33.444Z"
    },
    {
      "id": "83ca3cc5-8ebf-4df4-a5f1-b6e695eb1256",
      "full_name": "Codex Test User",
      "avatar_url": null,
      "phone": null,
      "nickname": null,
      "role": "admin",
      "city": null,
      "english_level": null,
      "learning_goal": null,
      "source_channel": null,
      "lead_status": "new",
      "assigned_consultant_id": null,
      "updated_at": "2026-07-21T18:59:04.796Z"
    },
    {
      "id": "90f8c866-56d2-4a0d-aa8c-e50534a97ebd",
      "full_name": "qweqweqwe",
      "avatar_url": null,
      "phone": null,
      "nickname": null,
      "role": "admin",
      "city": null,
      "english_level": null,
      "learning_goal": null,
      "source_channel": null,
      "lead_status": "new",
      "assigned_consultant_id": null,
      "updated_at": "2026-07-22T04:05:00.140Z"
    },
    {
      "id": "c1b2a493-a876-4c02-979a-1dd3b0647578",
      "full_name": "Codex Low-Code Admin",
      "avatar_url": null,
      "phone": null,
      "nickname": null,
      "role": "admin",
      "city": null,
      "english_level": null,
      "learning_goal": null,
      "source_channel": null,
      "lead_status": "new",
      "assigned_consultant_id": null,
      "updated_at": "2026-07-23T03:10:49.583Z"
    },
    {
      "id": "50bfca3f-e053-4225-a699-3a2f4522fae9",
      "full_name": "Codex Admin",
      "avatar_url": null,
      "phone": null,
      "nickname": null,
      "role": "admin",
      "city": null,
      "english_level": null,
      "learning_goal": null,
      "source_channel": null,
      "lead_status": "new",
      "assigned_consultant_id": null,
      "updated_at": "2026-07-24T01:34:15.760Z"
    },
    {
      "id": "5efcd1fd-5448-4f7b-9b75-9b60fbcf1c08",
      "full_name": "Codex Screenshot Admin",
      "avatar_url": null,
      "phone": null,
      "nickname": "Codex Admin",
      "role": "admin",
      "city": null,
      "english_level": null,
      "learning_goal": null,
      "source_channel": null,
      "lead_status": "new",
      "assigned_consultant_id": null,
      "updated_at": "2026-07-25T21:08:38.708Z"
    }
  ],
  "loggedAt": "2026-07-31T00:57:57.708Z"
}
08:58:18 [tsx] change in ./src\workflow-service\app.module.ts Restarting...
[32m[Nest] 55616  - [39m2026/07/31 08:58:20 [32m    LOG[39m [38;5;3m[NestFactory] [39m[32mStarting Nest application...[39m
[32m[Nest] 55616  - [39m2026/07/31 08:58:20 [32m    LOG[39m [38;5;3m[InstanceLoader] [39m[32mDatabaseModule dependencies initialized[39m[38;5;3m +14ms[39m
[32m[Nest] 55616  - [39m2026/07/31 08:58:20 [32m    LOG[39m [38;5;3m[InstanceLoader] [39m[32mRuleModule dependencies initialized[39m[38;5;3m +1ms[39m
[32m[Nest] 55616  - [39m2026/07/31 08:58:20 [32m    LOG[39m [38;5;3m[InstanceLoader] [39m[32mIntegrationModule dependencies initialized[39m[38;5;3m +0ms[39m
[32m[Nest] 55616  - [39m2026/07/31 08:58:20 [32m    LOG[39m [38;5;3m[InstanceLoader] [39m[32mHealthModule dependencies initialized[39m[38;5;3m +1ms[39m
[32m[Nest] 55616  - [39m2026/07/31 08:58:20 [32m    LOG[39m [38;5;3m[InstanceLoader] [39m[32mDefinitionModule dependencies initialized[39m[38;5;3m +1ms[39m
[32m[Nest] 55616  - [39m2026/07/31 08:58:20 [32m    LOG[39m [38;5;3m[InstanceLoader] [39m[32mTaskModule dependencies initialized[39m[38;5;3m +0ms[39m
[32m[Nest] 55616  - [39m2026/07/31 08:58:20 [32m    LOG[39m [38;5;3m[InstanceLoader] [39m[32mHistoryModule dependencies initialized[39m[38;5;3m +0ms[39m
[32m[Nest] 55616  - [39m2026/07/31 08:58:20 [32m    LOG[39m [38;5;3m[InstanceLoader] [39m[32mAppModule dependencies initialized[39m[38;5;3m +1ms[39m
[32m[Nest] 55616  - [39m2026/07/31 08:58:20 [32m    LOG[39m [38;5;3m[InstanceLoader] [39m[32mRuntimeModule dependencies initialized[39m[38;5;3m +0ms[39m
[32m[Nest] 55616  - [39m2026/07/31 08:58:20 [32m    LOG[39m [38;5;3m[InstanceLoader] [39m[32mJobModule dependencies initialized[39m[38;5;3m +0ms[39m
[32m[Nest] 55616  - [39m2026/07/31 08:58:20 [32m    LOG[39m [38;5;3m[NestMicroservice] [39m[32mNest microservice successfully started[39m[38;5;3m +395ms[39m
Workflow service is listening on Redis.
[32m[Nest] 55616  - [39m2026/07/31 08:58:21 [32m    LOG[39m [38;5;3m[JobLocalExecutorService] [39m[32mSupabase users log job "supabase_users_20s_logger" fetched 6 rows. runId=41ad4a1a-c14c-40d1-b66d-2faa69c60d4f[39m
[workflow-api][supabase-users-log] {
  "handledBy": "workflow.supabase.users.log",
  "jobCode": "supabase_users_20s_logger",
  "runId": "41ad4a1a-c14c-40d1-b66d-2faa69c60d4f",
  "userCount": 6,
  "users": [
    {
      "id": "d327cb46-374f-483e-b721-182baf8fe32b",
      "full_name": null,
      "avatar_url": null,
      "phone": null,
      "nickname": null,
      "role": "student",
      "city": null,
      "english_level": null,
      "learning_goal": null,
      "source_channel": null,
      "lead_status": "new",
      "assigned_consultant_id": null,
      "updated_at": "2026-07-21T18:29:33.444Z"
    },
    {
      "id": "83ca3cc5-8ebf-4df4-a5f1-b6e695eb1256",
      "full_name": "Codex Test User",
      "avatar_url": null,
      "phone": null,
      "nickname": null,
      "role": "admin",
      "city": null,
      "english_level": null,
      "learning_goal": null,
      "source_channel": null,
      "lead_status": "new",
      "assigned_consultant_id": null,
      "updated_at": "2026-07-21T18:59:04.796Z"
    },
    {
      "id": "90f8c866-56d2-4a0d-aa8c-e50534a97ebd",
      "full_name": "qweqweqwe",
      "avatar_url": null,
      "phone": null,
      "nickname": null,
      "role": "admin",
      "city": null,
      "english_level": null,
      "learning_goal": null,
      "source_channel": null,
      "lead_status": "new",
      "assigned_consultant_id": null,
      "updated_at": "2026-07-22T04:05:00.140Z"
    },
    {
      "id": "c1b2a493-a876-4c02-979a-1dd3b0647578",
      "full_name": "Codex Low-Code Admin",
      "avatar_url": null,
      "phone": null,
      "nickname": null,
      "role": "admin",
      "city": null,
      "english_level": null,
      "learning_goal": null,
      "source_channel": null,
      "lead_status": "new",
      "assigned_consultant_id": null,
      "updated_at": "2026-07-23T03:10:49.583Z"
    },
    {
      "id": "50bfca3f-e053-4225-a699-3a2f4522fae9",
      "full_name": "Codex Admin",
      "avatar_url": null,
      "phone": null,
      "nickname": null,
      "role": "admin",
      "city": null,
      "english_level": null,
      "learning_goal": null,
      "source_channel": null,
      "lead_status": "new",
      "assigned_consultant_id": null,
      "updated_at": "2026-07-24T01:34:15.760Z"
    },
    {
      "id": "5efcd1fd-5448-4f7b-9b75-9b60fbcf1c08",
      "full_name": "Codex Screenshot Admin",
      "avatar_url": null,
      "phone": null,
      "nickname": "Codex Admin",
      "role": "admin",
      "city": null,
      "english_level": null,
      "learning_goal": null,
      "source_channel": null,
      "lead_status": "new",
      "assigned_consultant_id": null,
      "updated_at": "2026-07-25T21:08:38.708Z"
    }
  ],
  "loggedAt": "2026-07-31T00:58:21.828Z"
}
08:58:28 [tsx] change in ./src\workflow-service\workflow.rpc.controller.ts Restarting...
[32m[Nest] 48020  - [39m2026/07/31 08:58:30 [32m    LOG[39m [38;5;3m[NestFactory] [39m[32mStarting Nest application...[39m
[32m[Nest] 48020  - [39m2026/07/31 08:58:30 [32m    LOG[39m [38;5;3m[InstanceLoader] [39m[32mDatabaseModule dependencies initialized[39m[38;5;3m +16ms[39m
[32m[Nest] 48020  - [39m2026/07/31 08:58:30 [32m    LOG[39m [38;5;3m[InstanceLoader] [39m[32mRuleModule dependencies initialized[39m[38;5;3m +0ms[39m
[32m[Nest] 48020  - [39m2026/07/31 08:58:30 [32m    LOG[39m [38;5;3m[InstanceLoader] [39m[32mIntegrationModule dependencies initialized[39m[38;5;3m +1ms[39m
[32m[Nest] 48020  - [39m2026/07/31 08:58:30 [32m    LOG[39m [38;5;3m[InstanceLoader] [39m[32mHealthModule dependencies initialized[39m[38;5;3m +1ms[39m
[32m[Nest] 48020  - [39m2026/07/31 08:58:30 [32m    LOG[39m [38;5;3m[InstanceLoader] [39m[32mDefinitionModule dependencies initialized[39m[38;5;3m +3ms[39m
[32m[Nest] 48020  - [39m2026/07/31 08:58:30 [32m    LOG[39m [38;5;3m[InstanceLoader] [39m[32mTaskModule dependencies initialized[39m[38;5;3m +0ms[39m
[32m[Nest] 48020  - [39m2026/07/31 08:58:30 [32m    LOG[39m [38;5;3m[InstanceLoader] [39m[32mHistoryModule dependencies initialized[39m[38;5;3m +1ms[39m
[32m[Nest] 48020  - [39m2026/07/31 08:58:30 [32m    LOG[39m [38;5;3m[InstanceLoader] [39m[32mAppModule dependencies initialized[39m[38;5;3m +0ms[39m
[32m[Nest] 48020  - [39m2026/07/31 08:58:30 [32m    LOG[39m [38;5;3m[InstanceLoader] [39m[32mRuntimeModule dependencies initialized[39m[38;5;3m +1ms[39m
[32m[Nest] 48020  - [39m2026/07/31 08:58:30 [32m    LOG[39m [38;5;3m[InstanceLoader] [39m[32mJobModule dependencies initialized[39m[38;5;3m +0ms[39m
[32m[Nest] 48020  - [39m2026/07/31 08:58:30 [32m    LOG[39m [38;5;3m[NestMicroservice] [39m[32mNest microservice successfully started[39m[38;5;3m +406ms[39m
Workflow service is listening on Redis.
[32m[Nest] 48020  - [39m2026/07/31 08:58:42 [32m    LOG[39m [38;5;3m[JobLocalExecutorService] [39m[32mSupabase users log job "supabase_users_20s_logger" fetched 6 rows. runId=78e1d2be-c6d1-430a-b8d1-b03cfb77a324[39m
[workflow-api][supabase-users-log] {
  "handledBy": "workflow.supabase.users.log",
  "jobCode": "supabase_users_20s_logger",
  "runId": "78e1d2be-c6d1-430a-b8d1-b03cfb77a324",
  "userCount": 6,
  "users": [
    {
      "id": "d327cb46-374f-483e-b721-182baf8fe32b",
      "full_name": null,
      "avatar_url": null,
      "phone": null,
      "nickname": null,
      "role": "student",
      "city": null,
      "english_level": null,
      "learning_goal": null,
      "source_channel": null,
      "lead_status": "new",
      "assigned_consultant_id": null,
      "updated_at": "2026-07-21T18:29:33.444Z"
    },
    {
      "id": "83ca3cc5-8ebf-4df4-a5f1-b6e695eb1256",
      "full_name": "Codex Test User",
      "avatar_url": null,
      "phone": null,
      "nickname": null,
      "role": "admin",
      "city": null,
      "english_level": null,
      "learning_goal": null,
      "source_channel": null,
      "lead_status": "new",
      "assigned_consultant_id": null,
      "updated_at": "2026-07-21T18:59:04.796Z"
    },
    {
      "id": "90f8c866-56d2-4a0d-aa8c-e50534a97ebd",
      "full_name": "qweqweqwe",
      "avatar_url": null,
      "phone": null,
      "nickname": null,
      "role": "admin",
      "city": null,
      "english_level": null,
      "learning_goal": null,
      "source_channel": null,
      "lead_status": "new",
      "assigned_consultant_id": null,
      "updated_at": "2026-07-22T04:05:00.140Z"
    },
    {
      "id": "c1b2a493-a876-4c02-979a-1dd3b0647578",
      "full_name": "Codex Low-Code Admin",
      "avatar_url": null,
      "phone": null,
      "nickname": null,
      "role": "admin",
      "city": null,
      "english_level": null,
      "learning_goal": null,
      "source_channel": null,
      "lead_status": "new",
      "assigned_consultant_id": null,
      "updated_at": "2026-07-23T03:10:49.583Z"
    },
    {
      "id": "50bfca3f-e053-4225-a699-3a2f4522fae9",
      "full_name": "Codex Admin",
      "avatar_url": null,
      "phone": null,
      "nickname": null,
      "role": "admin",
      "city": null,
      "english_level": null,
      "learning_goal": null,
      "source_channel": null,
      "lead_status": "new",
      "assigned_consultant_id": null,
      "updated_at": "2026-07-24T01:34:15.760Z"
    },
    {
      "id": "5efcd1fd-5448-4f7b-9b75-9b60fbcf1c08",
      "full_name": "Codex Screenshot Admin",
      "avatar_url": null,
      "phone": null,
      "nickname": "Codex Admin",
      "role": "admin",
      "city": null,
      "english_level": null,
      "learning_goal": null,
      "source_channel": null,
      "lead_status": "new",
      "assigned_consultant_id": null,
      "updated_at": "2026-07-25T21:08:38.708Z"
    }
  ],
  "loggedAt": "2026-07-31T00:58:42.396Z"
}
[32m[Nest] 48020  - [39m2026/07/31 08:59:03 [32m    LOG[39m [38;5;3m[JobLocalExecutorService] [39m[32mSupabase users log job "supabase_users_20s_logger" fetched 6 rows. runId=84f4e6d7-09eb-40f2-a3c0-4e9c749fa849[39m
[workflow-api][supabase-users-log] {
  "handledBy": "workflow.supabase.users.log",
  "jobCode": "supabase_users_20s_logger",
  "runId": "84f4e6d7-09eb-40f2-a3c0-4e9c749fa849",
  "userCount": 6,
  "users": [
    {
      "id": "d327cb46-374f-483e-b721-182baf8fe32b",
      "full_name": null,
      "avatar_url": null,
      "phone": null,
      "nickname": null,
      "role": "student",
      "city": null,
      "english_level": null,
      "learning_goal": null,
      "source_channel": null,
      "lead_status": "new",
      "assigned_consultant_id": null,
      "updated_at": "2026-07-21T18:29:33.444Z"
    },
    {
      "id": "83ca3cc5-8ebf-4df4-a5f1-b6e695eb1256",
      "full_name": "Codex Test User",
      "avatar_url": null,
      "phone": null,
      "nickname": null,
      "role": "admin",
      "city": null,
      "english_level": null,
      "learning_goal": null,
      "source_channel": null,
      "lead_status": "new",
      "assigned_consultant_id": null,
      "updated_at": "2026-07-21T18:59:04.796Z"
    },
    {
      "id": "90f8c866-56d2-4a0d-aa8c-e50534a97ebd",
      "full_name": "qweqweqwe",
      "avatar_url": null,
      "phone": null,
      "nickname": null,
      "role": "admin",
      "city": null,
      "english_level": null,
      "learning_goal": null,
      "source_channel": null,
      "lead_status": "new",
      "assigned_consultant_id": null,
      "updated_at": "2026-07-22T04:05:00.140Z"
    },
    {
      "id": "c1b2a493-a876-4c02-979a-1dd3b0647578",
      "full_name": "Codex Low-Code Admin",
      "avatar_url": null,
      "phone": null,
      "nickname": null,
      "role": "admin",
      "city": null,
      "english_level": null,
      "learning_goal": null,
      "source_channel": null,
      "lead_status": "new",
      "assigned_consultant_id": null,
      "updated_at": "2026-07-23T03:10:49.583Z"
    },
    {
      "id": "50bfca3f-e053-4225-a699-3a2f4522fae9",
      "full_name": "Codex Admin",
      "avatar_url": null,
      "phone": null,
      "nickname": null,
      "role": "admin",
      "city": null,
      "english_level": null,
      "learning_goal": null,
      "source_channel": null,
      "lead_status": "new",
      "assigned_consultant_id": null,
      "updated_at": "2026-07-24T01:34:15.760Z"
    },
    {
      "id": "5efcd1fd-5448-4f7b-9b75-9b60fbcf1c08",
      "full_name": "Codex Screenshot Admin",
      "avatar_url": null,
      "phone": null,
      "nickname": "Codex Admin",
      "role": "admin",
      "city": null,
      "english_level": null,
      "learning_goal": null,
      "source_channel": null,
      "lead_status": "new",
      "assigned_consultant_id": null,
      "updated_at": "2026-07-25T21:08:38.708Z"
    }
  ],
  "loggedAt": "2026-07-31T00:59:03.525Z"
}
[32m[Nest] 48020  - [39m2026/07/31 08:59:24 [32m    LOG[39m [38;5;3m[JobLocalExecutorService] [39m[32mSupabase users log job "supabase_users_20s_logger" fetched 6 rows. runId=be287f0d-e8cf-4893-bf03-32dbbb0b5092[39m
[workflow-api][supabase-users-log] {
  "handledBy": "workflow.supabase.users.log",
  "jobCode": "supabase_users_20s_logger",
  "runId": "be287f0d-e8cf-4893-bf03-32dbbb0b5092",
  "userCount": 6,
  "users": [
    {
      "id": "d327cb46-374f-483e-b721-182baf8fe32b",
      "full_name": null,
      "avatar_url": null,
      "phone": null,
      "nickname": null,
      "role": "student",
      "city": null,
      "english_level": null,
      "learning_goal": null,
      "source_channel": null,
      "lead_status": "new",
      "assigned_consultant_id": null,
      "updated_at": "2026-07-21T18:29:33.444Z"
    },
    {
      "id": "83ca3cc5-8ebf-4df4-a5f1-b6e695eb1256",
      "full_name": "Codex Test User",
      "avatar_url": null,
      "phone": null,
      "nickname": null,
      "role": "admin",
      "city": null,
      "english_level": null,
      "learning_goal": null,
      "source_channel": null,
      "lead_status": "new",
      "assigned_consultant_id": null,
      "updated_at": "2026-07-21T18:59:04.796Z"
    },
    {
      "id": "90f8c866-56d2-4a0d-aa8c-e50534a97ebd",
      "full_name": "qweqweqwe",
      "avatar_url": null,
      "phone": null,
      "nickname": null,
      "role": "admin",
      "city": null,
      "english_level": null,
      "learning_goal": null,
      "source_channel": null,
      "lead_status": "new",
      "assigned_consultant_id": null,
      "updated_at": "2026-07-22T04:05:00.140Z"
    },
    {
      "id": "c1b2a493-a876-4c02-979a-1dd3b0647578",
      "full_name": "Codex Low-Code Admin",
      "avatar_url": null,
      "phone": null,
      "nickname": null,
      "role": "admin",
      "city": null,
      "english_level": null,
      "learning_goal": null,
      "source_channel": null,
      "lead_status": "new",
      "assigned_consultant_id": null,
      "updated_at": "2026-07-23T03:10:49.583Z"
    },
    {
      "id": "50bfca3f-e053-4225-a699-3a2f4522fae9",
      "full_name": "Codex Admin",
      "avatar_url": null,
      "phone": null,
      "nickname": null,
      "role": "admin",
      "city": null,
      "english_level": null,
      "learning_goal": null,
      "source_channel": null,
      "lead_status": "new",
      "assigned_consultant_id": null,
      "updated_at": "2026-07-24T01:34:15.760Z"
    },
    {
      "id": "5efcd1fd-5448-4f7b-9b75-9b60fbcf1c08",
      "full_name": "Codex Screenshot Admin",
      "avatar_url": null,
      "phone": null,
      "nickname": "Codex Admin",
      "role": "admin",
      "city": null,
      "english_level": null,
      "learning_goal": null,
      "source_channel": null,
      "lead_status": "new",
      "assigned_consultant_id": null,
      "updated_at": "2026-07-25T21:08:38.708Z"
    }
  ],
  "loggedAt": "2026-07-31T00:59:24.662Z"
}
[32m[Nest] 48020  - [39m2026/07/31 08:59:45 [32m    LOG[39m [38;5;3m[JobLocalExecutorService] [39m[32mSupabase users log job "supabase_users_20s_logger" fetched 6 rows. runId=214a2c4d-ccc1-4035-80ff-619e512bdd53[39m
[workflow-api][supabase-users-log] {
  "handledBy": "workflow.supabase.users.log",
  "jobCode": "supabase_users_20s_logger",
  "runId": "214a2c4d-ccc1-4035-80ff-619e512bdd53",
  "userCount": 6,
  "users": [
    {
      "id": "d327cb46-374f-483e-b721-182baf8fe32b",
      "full_name": null,
      "avatar_url": null,
      "phone": null,
      "nickname": null,
      "role": "student",
      "city": null,
      "english_level": null,
      "learning_goal": null,
      "source_channel": null,
      "lead_status": "new",
      "assigned_consultant_id": null,
      "updated_at": "2026-07-21T18:29:33.444Z"
    },
    {
      "id": "83ca3cc5-8ebf-4df4-a5f1-b6e695eb1256",
      "full_name": "Codex Test User",
      "avatar_url": null,
      "phone": null,
      "nickname": null,
      "role": "admin",
      "city": null,
      "english_level": null,
      "learning_goal": null,
      "source_channel": null,
      "lead_status": "new",
      "assigned_consultant_id": null,
      "updated_at": "2026-07-21T18:59:04.796Z"
    },
    {
      "id": "90f8c866-56d2-4a0d-aa8c-e50534a97ebd",
      "full_name": "qweqweqwe",
      "avatar_url": null,
      "phone": null,
      "nickname": null,
      "role": "admin",
      "city": null,
      "english_level": null,
      "learning_goal": null,
      "source_channel": null,
      "lead_status": "new",
      "assigned_consultant_id": null,
      "updated_at": "2026-07-22T04:05:00.140Z"
    },
    {
      "id": "c1b2a493-a876-4c02-979a-1dd3b0647578",
      "full_name": "Codex Low-Code Admin",
      "avatar_url": null,
      "phone": null,
      "nickname": null,
      "role": "admin",
      "city": null,
      "english_level": null,
      "learning_goal": null,
      "source_channel": null,
      "lead_status": "new",
      "assigned_consultant_id": null,
      "updated_at": "2026-07-23T03:10:49.583Z"
    },
    {
      "id": "50bfca3f-e053-4225-a699-3a2f4522fae9",
      "full_name": "Codex Admin",
      "avatar_url": null,
      "phone": null,
      "nickname": null,
      "role": "admin",
      "city": null,
      "english_level": null,
      "learning_goal": null,
      "source_channel": null,
      "lead_status": "new",
      "assigned_consultant_id": null,
      "updated_at": "2026-07-24T01:34:15.760Z"
    },
    {
      "id": "5efcd1fd-5448-4f7b-9b75-9b60fbcf1c08",
      "full_name": "Codex Screenshot Admin",
      "avatar_url": null,
      "phone": null,
      "nickname": "Codex Admin",
      "role": "admin",
      "city": null,
      "english_level": null,
      "learning_goal": null,
      "source_channel": null,
      "lead_status": "new",
      "assigned_consultant_id": null,
      "updated_at": "2026-07-25T21:08:38.708Z"
    }
  ],
  "loggedAt": "2026-07-31T00:59:45.792Z"
}
[32m[Nest] 48020  - [39m2026/07/31 09:00:06 [32m    LOG[39m [38;5;3m[JobLocalExecutorService] [39m[32mSupabase users log job "supabase_users_20s_logger" fetched 6 rows. runId=fe7c6dc3-ef88-4aa5-a3ab-d95abe9531dd[39m
[workflow-api][supabase-users-log] {
  "handledBy": "workflow.supabase.users.log",
  "jobCode": "supabase_users_20s_logger",
  "runId": "fe7c6dc3-ef88-4aa5-a3ab-d95abe9531dd",
  "userCount": 6,
  "users": [
    {
      "id": "d327cb46-374f-483e-b721-182baf8fe32b",
      "full_name": null,
      "avatar_url": null,
      "phone": null,
      "nickname": null,
      "role": "student",
      "city": null,
      "english_level": null,
      "learning_goal": null,
      "source_channel": null,
      "lead_status": "new",
      "assigned_consultant_id": null,
      "updated_at": "2026-07-21T18:29:33.444Z"
    },
    {
      "id": "83ca3cc5-8ebf-4df4-a5f1-b6e695eb1256",
      "full_name": "Codex Test User",
      "avatar_url": null,
      "phone": null,
      "nickname": null,
      "role": "admin",
      "city": null,
      "english_level": null,
      "learning_goal": null,
      "source_channel": null,
      "lead_status": "new",
      "assigned_consultant_id": null,
      "updated_at": "2026-07-21T18:59:04.796Z"
    },
    {
      "id": "90f8c866-56d2-4a0d-aa8c-e50534a97ebd",
      "full_name": "qweqweqwe",
      "avatar_url": null,
      "phone": null,
      "nickname": null,
      "role": "admin",
      "city": null,
      "english_level": null,
      "learning_goal": null,
      "source_channel": null,
      "lead_status": "new",
      "assigned_consultant_id": null,
      "updated_at": "2026-07-22T04:05:00.140Z"
    },
    {
      "id": "c1b2a493-a876-4c02-979a-1dd3b0647578",
      "full_name": "Codex Low-Code Admin",
      "avatar_url": null,
      "phone": null,
      "nickname": null,
      "role": "admin",
      "city": null,
      "english_level": null,
      "learning_goal": null,
      "source_channel": null,
      "lead_status": "new",
      "assigned_consultant_id": null,
      "updated_at": "2026-07-23T03:10:49.583Z"
    },
    {
      "id": "50bfca3f-e053-4225-a699-3a2f4522fae9",
      "full_name": "Codex Admin",
      "avatar_url": null,
      "phone": null,
      "nickname": null,
      "role": "admin",
      "city": null,
      "english_level": null,
      "learning_goal": null,
      "source_channel": null,
      "lead_status": "new",
      "assigned_consultant_id": null,
      "updated_at": "2026-07-24T01:34:15.760Z"
    },
    {
      "id": "5efcd1fd-5448-4f7b-9b75-9b60fbcf1c08",
      "full_name": "Codex Screenshot Admin",
      "avatar_url": null,
      "phone": null,
      "nickname": "Codex Admin",
      "role": "admin",
      "city": null,
      "english_level": null,
      "learning_goal": null,
      "source_channel": null,
      "lead_status": "new",
      "assigned_consultant_id": null,
      "updated_at": "2026-07-25T21:08:38.708Z"
    }
  ],
  "loggedAt": "2026-07-31T01:00:06.949Z"
}
09:00:09 [tsx] change in ./src\workflow\testing\approval-flow-test.service.ts Restarting...
[32m[Nest] 67456  - [39m2026/07/31 09:00:11 [32m    LOG[39m [38;5;3m[NestFactory] [39m[32mStarting Nest application...[39m
[32m[Nest] 67456  - [39m2026/07/31 09:00:11 [32m    LOG[39m [38;5;3m[InstanceLoader] [39m[32mDatabaseModule dependencies initialized[39m[38;5;3m +17ms[39m
[32m[Nest] 67456  - [39m2026/07/31 09:00:11 [32m    LOG[39m [38;5;3m[InstanceLoader] [39m[32mRuleModule dependencies initialized[39m[38;5;3m +1ms[39m
[32m[Nest] 67456  - [39m2026/07/31 09:00:11 [32m    LOG[39m [38;5;3m[InstanceLoader] [39m[32mIntegrationModule dependencies initialized[39m[38;5;3m +0ms[39m
[32m[Nest] 67456  - [39m2026/07/31 09:00:11 [32m    LOG[39m [38;5;3m[InstanceLoader] [39m[32mHealthModule dependencies initialized[39m[38;5;3m +1ms[39m
[32m[Nest] 67456  - [39m2026/07/31 09:00:11 [32m    LOG[39m [38;5;3m[InstanceLoader] [39m[32mDefinitionModule dependencies initialized[39m[38;5;3m +0ms[39m
[32m[Nest] 67456  - [39m2026/07/31 09:00:11 [32m    LOG[39m [38;5;3m[InstanceLoader] [39m[32mTaskModule dependencies initialized[39m[38;5;3m +1ms[39m
[32m[Nest] 67456  - [39m2026/07/31 09:00:11 [32m    LOG[39m [38;5;3m[InstanceLoader] [39m[32mHistoryModule dependencies initialized[39m[38;5;3m +0ms[39m
[32m[Nest] 67456  - [39m2026/07/31 09:00:11 [32m    LOG[39m [38;5;3m[InstanceLoader] [39m[32mAppModule dependencies initialized[39m[38;5;3m +1ms[39m
[32m[Nest] 67456  - [39m2026/07/31 09:00:11 [32m    LOG[39m [38;5;3m[InstanceLoader] [39m[32mRuntimeModule dependencies initialized[39m[38;5;3m +0ms[39m
[32m[Nest] 67456  - [39m2026/07/31 09:00:11 [32m    LOG[39m [38;5;3m[InstanceLoader] [39m[32mJobModule dependencies initialized[39m[38;5;3m +0ms[39m
[32m[Nest] 67456  - [39m2026/07/31 09:00:11 [32m    LOG[39m [38;5;3m[NestMicroservice] [39m[32mNest microservice successfully started[39m[38;5;3m +407ms[39m
Workflow service is listening on Redis.
[32m[Nest] 67456  - [39m2026/07/31 09:00:28 [32m    LOG[39m [38;5;3m[JobLocalExecutorService] [39m[32mSupabase users log job "supabase_users_20s_logger" fetched 6 rows. runId=d3c7e592-a222-445e-82e7-f64330df19f8[39m
[workflow-api][supabase-users-log] {
  "handledBy": "workflow.supabase.users.log",
  "jobCode": "supabase_users_20s_logger",
  "runId": "d3c7e592-a222-445e-82e7-f64330df19f8",
  "userCount": 6,
  "users": [
    {
      "id": "d327cb46-374f-483e-b721-182baf8fe32b",
      "full_name": null,
      "avatar_url": null,
      "phone": null,
      "nickname": null,
      "role": "student",
      "city": null,
      "english_level": null,
      "learning_goal": null,
      "source_channel": null,
      "lead_status": "new",
      "assigned_consultant_id": null,
      "updated_at": "2026-07-21T18:29:33.444Z"
    },
    {
      "id": "83ca3cc5-8ebf-4df4-a5f1-b6e695eb1256",
      "full_name": "Codex Test User",
      "avatar_url": null,
      "phone": null,
      "nickname": null,
      "role": "admin",
      "city": null,
      "english_level": null,
      "learning_goal": null,
      "source_channel": null,
      "lead_status": "new",
      "assigned_consultant_id": null,
      "updated_at": "2026-07-21T18:59:04.796Z"
    },
    {
      "id": "90f8c866-56d2-4a0d-aa8c-e50534a97ebd",
      "full_name": "qweqweqwe",
      "avatar_url": null,
      "phone": null,
      "nickname": null,
      "role": "admin",
      "city": null,
      "english_level": null,
      "learning_goal": null,
      "source_channel": null,
      "lead_status": "new",
      "assigned_consultant_id": null,
      "updated_at": "2026-07-22T04:05:00.140Z"
    },
    {
      "id": "c1b2a493-a876-4c02-979a-1dd3b0647578",
      "full_name": "Codex Low-Code Admin",
      "avatar_url": null,
      "phone": null,
      "nickname": null,
      "role": "admin",
      "city": null,
      "english_level": null,
      "learning_goal": null,
      "source_channel": null,
      "lead_status": "new",
      "assigned_consultant_id": null,
      "updated_at": "2026-07-23T03:10:49.583Z"
    },
    {
      "id": "50bfca3f-e053-4225-a699-3a2f4522fae9",
      "full_name": "Codex Admin",
      "avatar_url": null,
      "phone": null,
      "nickname": null,
      "role": "admin",
      "city": null,
      "english_level": null,
      "learning_goal": null,
      "source_channel": null,
      "lead_status": "new",
      "assigned_consultant_id": null,
      "updated_at": "2026-07-24T01:34:15.760Z"
    },
    {
      "id": "5efcd1fd-5448-4f7b-9b75-9b60fbcf1c08",
      "full_name": "Codex Screenshot Admin",
      "avatar_url": null,
      "phone": null,
      "nickname": "Codex Admin",
      "role": "admin",
      "city": null,
      "english_level": null,
      "learning_goal": null,
      "source_channel": null,
      "lead_status": "new",
      "assigned_consultant_id": null,
      "updated_at": "2026-07-25T21:08:38.708Z"
    }
  ],
  "loggedAt": "2026-07-31T01:00:28.046Z"
}
[32m[Nest] 67456  - [39m2026/07/31 09:00:48 [32m    LOG[39m [38;5;3m[JobLocalExecutorService] [39m[32mSupabase users log job "supabase_users_20s_logger" fetched 6 rows. runId=c7049c23-1e7f-4973-95b4-abb7c4bc04c6[39m
[workflow-api][supabase-users-log] {
  "handledBy": "workflow.supabase.users.log",
  "jobCode": "supabase_users_20s_logger",
  "runId": "c7049c23-1e7f-4973-95b4-abb7c4bc04c6",
  "userCount": 6,
  "users": [
    {
      "id": "d327cb46-374f-483e-b721-182baf8fe32b",
      "full_name": null,
      "avatar_url": null,
      "phone": null,
      "nickname": null,
      "role": "student",
      "city": null,
      "english_level": null,
      "learning_goal": null,
      "source_channel": null,
      "lead_status": "new",
      "assigned_consultant_id": null,
      "updated_at": "2026-07-21T18:29:33.444Z"
    },
    {
      "id": "83ca3cc5-8ebf-4df4-a5f1-b6e695eb1256",
      "full_name": "Codex Test User",
      "avatar_url": null,
      "phone": null,
      "nickname": null,
      "role": "admin",
      "city": null,
      "english_level": null,
      "learning_goal": null,
      "source_channel": null,
      "lead_status": "new",
      "assigned_consultant_id": null,
      "updated_at": "2026-07-21T18:59:04.796Z"
    },
    {
      "id": "90f8c866-56d2-4a0d-aa8c-e50534a97ebd",
      "full_name": "qweqweqwe",
      "avatar_url": null,
      "phone": null,
      "nickname": null,
      "role": "admin",
      "city": null,
      "english_level": null,
      "learning_goal": null,
      "source_channel": null,
      "lead_status": "new",
      "assigned_consultant_id": null,
      "updated_at": "2026-07-22T04:05:00.140Z"
    },
    {
      "id": "c1b2a493-a876-4c02-979a-1dd3b0647578",
      "full_name": "Codex Low-Code Admin",
      "avatar_url": null,
      "phone": null,
      "nickname": null,
      "role": "admin",
      "city": null,
      "english_level": null,
      "learning_goal": null,
      "source_channel": null,
      "lead_status": "new",
      "assigned_consultant_id": null,
      "updated_at": "2026-07-23T03:10:49.583Z"
    },
    {
      "id": "50bfca3f-e053-4225-a699-3a2f4522fae9",
      "full_name": "Codex Admin",
      "avatar_url": null,
      "phone": null,
      "nickname": null,
      "role": "admin",
      "city": null,
      "english_level": null,
      "learning_goal": null,
      "source_channel": null,
      "lead_status": "new",
      "assigned_consultant_id": null,
      "updated_at": "2026-07-24T01:34:15.760Z"
    },
    {
      "id": "5efcd1fd-5448-4f7b-9b75-9b60fbcf1c08",
      "full_name": "Codex Screenshot Admin",
      "avatar_url": null,
      "phone": null,
      "nickname": "Codex Admin",
      "role": "admin",
      "city": null,
      "english_level": null,
      "learning_goal": null,
      "source_channel": null,
      "lead_status": "new",
      "assigned_consultant_id": null,
      "updated_at": "2026-07-25T21:08:38.708Z"
    }
  ],
  "loggedAt": "2026-07-31T01:00:48.206Z"
}
[32m[Nest] 67456  - [39m2026/07/31 09:01:09 [32m    LOG[39m [38;5;3m[JobLocalExecutorService] [39m[32mSupabase users log job "supabase_users_20s_logger" fetched 6 rows. runId=eb4c4266-bec3-4cde-81b2-892f41066638[39m
[workflow-api][supabase-users-log] {
  "handledBy": "workflow.supabase.users.log",
  "jobCode": "supabase_users_20s_logger",
  "runId": "eb4c4266-bec3-4cde-81b2-892f41066638",
  "userCount": 6,
  "users": [
    {
      "id": "d327cb46-374f-483e-b721-182baf8fe32b",
      "full_name": null,
      "avatar_url": null,
      "phone": null,
      "nickname": null,
      "role": "student",
      "city": null,
      "english_level": null,
      "learning_goal": null,
      "source_channel": null,
      "lead_status": "new",
      "assigned_consultant_id": null,
      "updated_at": "2026-07-21T18:29:33.444Z"
    },
    {
      "id": "83ca3cc5-8ebf-4df4-a5f1-b6e695eb1256",
      "full_name": "Codex Test User",
      "avatar_url": null,
      "phone": null,
      "nickname": null,
      "role": "admin",
      "city": null,
      "english_level": null,
      "learning_goal": null,
      "source_channel": null,
      "lead_status": "new",
      "assigned_consultant_id": null,
      "updated_at": "2026-07-21T18:59:04.796Z"
    },
    {
      "id": "90f8c866-56d2-4a0d-aa8c-e50534a97ebd",
      "full_name": "qweqweqwe",
      "avatar_url": null,
      "phone": null,
      "nickname": null,
      "role": "admin",
      "city": null,
      "english_level": null,
      "learning_goal": null,
      "source_channel": null,
      "lead_status": "new",
      "assigned_consultant_id": null,
      "updated_at": "2026-07-22T04:05:00.140Z"
    },
    {
      "id": "c1b2a493-a876-4c02-979a-1dd3b0647578",
      "full_name": "Codex Low-Code Admin",
      "avatar_url": null,
      "phone": null,
      "nickname": null,
      "role": "admin",
      "city": null,
      "english_level": null,
      "learning_goal": null,
      "source_channel": null,
      "lead_status": "new",
      "assigned_consultant_id": null,
      "updated_at": "2026-07-23T03:10:49.583Z"
    },
    {
      "id": "50bfca3f-e053-4225-a699-3a2f4522fae9",
      "full_name": "Codex Admin",
      "avatar_url": null,
      "phone": null,
      "nickname": null,
      "role": "admin",
      "city": null,
      "english_level": null,
      "learning_goal": null,
      "source_channel": null,
      "lead_status": "new",
      "assigned_consultant_id": null,
      "updated_at": "2026-07-24T01:34:15.760Z"
    },
    {
      "id": "5efcd1fd-5448-4f7b-9b75-9b60fbcf1c08",
      "full_name": "Codex Screenshot Admin",
      "avatar_url": null,
      "phone": null,
      "nickname": "Codex Admin",
      "role": "admin",
      "city": null,
      "english_level": null,
      "learning_goal": null,
      "source_channel": null,
      "lead_status": "new",
      "assigned_consultant_id": null,
      "updated_at": "2026-07-25T21:08:38.708Z"
    }
  ],
  "loggedAt": "2026-07-31T01:01:09.362Z"
}
[32m[Nest] 67456  - [39m2026/07/31 09:01:29 [32m    LOG[39m [38;5;3m[JobLocalExecutorService] [39m[32mSupabase users log job "supabase_users_20s_logger" fetched 6 rows. runId=9ffb2c3a-b3c9-4ea9-9696-91d4825c8693[39m
[workflow-api][supabase-users-log] {
  "handledBy": "workflow.supabase.users.log",
  "jobCode": "supabase_users_20s_logger",
  "runId": "9ffb2c3a-b3c9-4ea9-9696-91d4825c8693",
  "userCount": 6,
  "users": [
    {
      "id": "d327cb46-374f-483e-b721-182baf8fe32b",
      "full_name": null,
      "avatar_url": null,
      "phone": null,
      "nickname": null,
      "role": "student",
      "city": null,
      "english_level": null,
      "learning_goal": null,
      "source_channel": null,
      "lead_status": "new",
      "assigned_consultant_id": null,
      "updated_at": "2026-07-21T18:29:33.444Z"
    },
    {
      "id": "83ca3cc5-8ebf-4df4-a5f1-b6e695eb1256",
      "full_name": "Codex Test User",
      "avatar_url": null,
      "phone": null,
      "nickname": null,
      "role": "admin",
      "city": null,
      "english_level": null,
      "learning_goal": null,
      "source_channel": null,
      "lead_status": "new",
      "assigned_consultant_id": null,
      "updated_at": "2026-07-21T18:59:04.796Z"
    },
    {
      "id": "90f8c866-56d2-4a0d-aa8c-e50534a97ebd",
      "full_name": "qweqweqwe",
      "avatar_url": null,
      "phone": null,
      "nickname": null,
      "role": "admin",
      "city": null,
      "english_level": null,
      "learning_goal": null,
      "source_channel": null,
      "lead_status": "new",
      "assigned_consultant_id": null,
      "updated_at": "2026-07-22T04:05:00.140Z"
    },
    {
      "id": "c1b2a493-a876-4c02-979a-1dd3b0647578",
      "full_name": "Codex Low-Code Admin",
      "avatar_url": null,
      "phone": null,
      "nickname": null,
      "role": "admin",
      "city": null,
      "english_level": null,
      "learning_goal": null,
      "source_channel": null,
      "lead_status": "new",
      "assigned_consultant_id": null,
      "updated_at": "2026-07-23T03:10:49.583Z"
    },
    {
      "id": "50bfca3f-e053-4225-a699-3a2f4522fae9",
      "full_name": "Codex Admin",
      "avatar_url": null,
      "phone": null,
      "nickname": null,
      "role": "admin",
      "city": null,
      "english_level": null,
      "learning_goal": null,
      "source_channel": null,
      "lead_status": "new",
      "assigned_consultant_id": null,
      "updated_at": "2026-07-24T01:34:15.760Z"
    },
    {
      "id": "5efcd1fd-5448-4f7b-9b75-9b60fbcf1c08",
      "full_name": "Codex Screenshot Admin",
      "avatar_url": null,
      "phone": null,
      "nickname": "Codex Admin",
      "role": "admin",
      "city": null,
      "english_level": null,
      "learning_goal": null,
      "source_channel": null,
      "lead_status": "new",
      "assigned_consultant_id": null,
      "updated_at": "2026-07-25T21:08:38.708Z"
    }
  ],
  "loggedAt": "2026-07-31T01:01:29.530Z"
}
[32m[Nest] 67456  - [39m2026/07/31 09:01:50 [32m    LOG[39m [38;5;3m[JobLocalExecutorService] [39m[32mSupabase users log job "supabase_users_20s_logger" fetched 6 rows. runId=757b3cfb-15d5-4432-af8d-5b3b6077e451[39m
[workflow-api][supabase-users-log] {
  "handledBy": "workflow.supabase.users.log",
  "jobCode": "supabase_users_20s_logger",
  "runId": "757b3cfb-15d5-4432-af8d-5b3b6077e451",
  "userCount": 6,
  "users": [
    {
      "id": "d327cb46-374f-483e-b721-182baf8fe32b",
      "full_name": null,
      "avatar_url": null,
      "phone": null,
      "nickname": null,
      "role": "student",
      "city": null,
      "english_level": null,
      "learning_goal": null,
      "source_channel": null,
      "lead_status": "new",
      "assigned_consultant_id": null,
      "updated_at": "2026-07-21T18:29:33.444Z"
    },
    {
      "id": "83ca3cc5-8ebf-4df4-a5f1-b6e695eb1256",
      "full_name": "Codex Test User",
      "avatar_url": null,
      "phone": null,
      "nickname": null,
      "role": "admin",
      "city": null,
      "english_level": null,
      "learning_goal": null,
      "source_channel": null,
      "lead_status": "new",
      "assigned_consultant_id": null,
      "updated_at": "2026-07-21T18:59:04.796Z"
    },
    {
      "id": "90f8c866-56d2-4a0d-aa8c-e50534a97ebd",
      "full_name": "qweqweqwe",
      "avatar_url": null,
      "phone": null,
      "nickname": null,
      "role": "admin",
      "city": null,
      "english_level": null,
      "learning_goal": null,
      "source_channel": null,
      "lead_status": "new",
      "assigned_consultant_id": null,
      "updated_at": "2026-07-22T04:05:00.140Z"
    },
    {
      "id": "c1b2a493-a876-4c02-979a-1dd3b0647578",
      "full_name": "Codex Low-Code Admin",
      "avatar_url": null,
      "phone": null,
      "nickname": null,
      "role": "admin",
      "city": null,
      "english_level": null,
      "learning_goal": null,
      "source_channel": null,
      "lead_status": "new",
      "assigned_consultant_id": null,
      "updated_at": "2026-07-23T03:10:49.583Z"
    },
    {
      "id": "50bfca3f-e053-4225-a699-3a2f4522fae9",
      "full_name": "Codex Admin",
      "avatar_url": null,
      "phone": null,
      "nickname": null,
      "role": "admin",
      "city": null,
      "english_level": null,
      "learning_goal": null,
      "source_channel": null,
      "lead_status": "new",
      "assigned_consultant_id": null,
      "updated_at": "2026-07-24T01:34:15.760Z"
    },
    {
      "id": "5efcd1fd-5448-4f7b-9b75-9b60fbcf1c08",
      "full_name": "Codex Screenshot Admin",
      "avatar_url": null,
      "phone": null,
      "nickname": "Codex Admin",
      "role": "admin",
      "city": null,
      "english_level": null,
      "learning_goal": null,
      "source_channel": null,
      "lead_status": "new",
      "assigned_consultant_id": null,
      "updated_at": "2026-07-25T21:08:38.708Z"
    }
  ],
  "loggedAt": "2026-07-31T01:01:50.665Z"
}
[32m[Nest] 67456  - [39m2026/07/31 09:02:10 [32m    LOG[39m [38;5;3m[JobLocalExecutorService] [39m[32mSupabase users log job "supabase_users_20s_logger" fetched 6 rows. runId=dc3698a8-0be8-4196-8f50-ca8b52e2cdc8[39m
[workflow-api][supabase-users-log] {
  "handledBy": "workflow.supabase.users.log",
  "jobCode": "supabase_users_20s_logger",
  "runId": "dc3698a8-0be8-4196-8f50-ca8b52e2cdc8",
  "userCount": 6,
  "users": [
    {
      "id": "d327cb46-374f-483e-b721-182baf8fe32b",
      "full_name": null,
      "avatar_url": null,
      "phone": null,
      "nickname": null,
      "role": "student",
      "city": null,
      "english_level": null,
      "learning_goal": null,
      "source_channel": null,
      "lead_status": "new",
      "assigned_consultant_id": null,
      "updated_at": "2026-07-21T18:29:33.444Z"
    },
    {
      "id": "83ca3cc5-8ebf-4df4-a5f1-b6e695eb1256",
      "full_name": "Codex Test User",
      "avatar_url": null,
      "phone": null,
      "nickname": null,
      "role": "admin",
      "city": null,
      "english_level": null,
      "learning_goal": null,
      "source_channel": null,
      "lead_status": "new",
      "assigned_consultant_id": null,
      "updated_at": "2026-07-21T18:59:04.796Z"
    },
    {
      "id": "90f8c866-56d2-4a0d-aa8c-e50534a97ebd",
      "full_name": "qweqweqwe",
      "avatar_url": null,
      "phone": null,
      "nickname": null,
      "role": "admin",
      "city": null,
      "english_level": null,
      "learning_goal": null,
      "source_channel": null,
      "lead_status": "new",
      "assigned_consultant_id": null,
      "updated_at": "2026-07-22T04:05:00.140Z"
    },
    {
      "id": "c1b2a493-a876-4c02-979a-1dd3b0647578",
      "full_name": "Codex Low-Code Admin",
      "avatar_url": null,
      "phone": null,
      "nickname": null,
      "role": "admin",
      "city": null,
      "english_level": null,
      "learning_goal": null,
      "source_channel": null,
      "lead_status": "new",
      "assigned_consultant_id": null,
      "updated_at": "2026-07-23T03:10:49.583Z"
    },
    {
      "id": "50bfca3f-e053-4225-a699-3a2f4522fae9",
      "full_name": "Codex Admin",
      "avatar_url": null,
      "phone": null,
      "nickname": null,
      "role": "admin",
      "city": null,
      "english_level": null,
      "learning_goal": null,
      "source_channel": null,
      "lead_status": "new",
      "assigned_consultant_id": null,
      "updated_at": "2026-07-24T01:34:15.760Z"
    },
    {
      "id": "5efcd1fd-5448-4f7b-9b75-9b60fbcf1c08",
      "full_name": "Codex Screenshot Admin",
      "avatar_url": null,
      "phone": null,
      "nickname": "Codex Admin",
      "role": "admin",
      "city": null,
      "english_level": null,
      "learning_goal": null,
      "source_channel": null,
      "lead_status": "new",
      "assigned_consultant_id": null,
      "updated_at": "2026-07-25T21:08:38.708Z"
    }
  ],
  "loggedAt": "2026-07-31T01:02:10.820Z"
}
[32m[Nest] 67456  - [39m2026/07/31 09:02:30 [32m    LOG[39m [38;5;3m[JobLocalExecutorService] [39m[32mSupabase users log job "supabase_users_20s_logger" fetched 6 rows. runId=0342c49b-ceb2-427f-9824-645227b36b1d[39m
[workflow-api][supabase-users-log] {
  "handledBy": "workflow.supabase.users.log",
  "jobCode": "supabase_users_20s_logger",
  "runId": "0342c49b-ceb2-427f-9824-645227b36b1d",
  "userCount": 6,
  "users": [
    {
      "id": "d327cb46-374f-483e-b721-182baf8fe32b",
      "full_name": null,
      "avatar_url": null,
      "phone": null,
      "nickname": null,
      "role": "student",
      "city": null,
      "english_level": null,
      "learning_goal": null,
      "source_channel": null,
      "lead_status": "new",
      "assigned_consultant_id": null,
      "updated_at": "2026-07-21T18:29:33.444Z"
    },
    {
      "id": "83ca3cc5-8ebf-4df4-a5f1-b6e695eb1256",
      "full_name": "Codex Test User",
      "avatar_url": null,
      "phone": null,
      "nickname": null,
      "role": "admin",
      "city": null,
      "english_level": null,
      "learning_goal": null,
      "source_channel": null,
      "lead_status": "new",
      "assigned_consultant_id": null,
      "updated_at": "2026-07-21T18:59:04.796Z"
    },
    {
      "id": "90f8c866-56d2-4a0d-aa8c-e50534a97ebd",
      "full_name": "qweqweqwe",
      "avatar_url": null,
      "phone": null,
      "nickname": null,
      "role": "admin",
      "city": null,
      "english_level": null,
      "learning_goal": null,
      "source_channel": null,
      "lead_status": "new",
      "assigned_consultant_id": null,
      "updated_at": "2026-07-22T04:05:00.140Z"
    },
    {
      "id": "c1b2a493-a876-4c02-979a-1dd3b0647578",
      "full_name": "Codex Low-Code Admin",
      "avatar_url": null,
      "phone": null,
      "nickname": null,
      "role": "admin",
      "city": null,
      "english_level": null,
      "learning_goal": null,
      "source_channel": null,
      "lead_status": "new",
      "assigned_consultant_id": null,
      "updated_at": "2026-07-23T03:10:49.583Z"
    },
    {
      "id": "50bfca3f-e053-4225-a699-3a2f4522fae9",
      "full_name": "Codex Admin",
      "avatar_url": null,
      "phone": null,
      "nickname": null,
      "role": "admin",
      "city": null,
      "english_level": null,
      "learning_goal": null,
      "source_channel": null,
      "lead_status": "new",
      "assigned_consultant_id": null,
      "updated_at": "2026-07-24T01:34:15.760Z"
    },
    {
      "id": "5efcd1fd-5448-4f7b-9b75-9b60fbcf1c08",
      "full_name": "Codex Screenshot Admin",
      "avatar_url": null,
      "phone": null,
      "nickname": "Codex Admin",
      "role": "admin",
      "city": null,
      "english_level": null,
      "learning_goal": null,
      "source_channel": null,
      "lead_status": "new",
      "assigned_consultant_id": null,
      "updated_at": "2026-07-25T21:08:38.708Z"
    }
  ],
  "loggedAt": "2026-07-31T01:02:30.988Z"
}
[32m[Nest] 67456  - [39m2026/07/31 09:02:51 [32m    LOG[39m [38;5;3m[JobLocalExecutorService] [39m[32mSupabase users log job "supabase_users_20s_logger" fetched 6 rows. runId=4f4b453c-1dcb-4377-b980-8cb318e193b0[39m
[workflow-api][supabase-users-log] {
  "handledBy": "workflow.supabase.users.log",
  "jobCode": "supabase_users_20s_logger",
  "runId": "4f4b453c-1dcb-4377-b980-8cb318e193b0",
  "userCount": 6,
  "users": [
    {
      "id": "d327cb46-374f-483e-b721-182baf8fe32b",
      "full_name": null,
      "avatar_url": null,
      "phone": null,
      "nickname": null,
      "role": "student",
      "city": null,
      "english_level": null,
      "learning_goal": null,
      "source_channel": null,
      "lead_status": "new",
      "assigned_consultant_id": null,
      "updated_at": "2026-07-21T18:29:33.444Z"
    },
    {
      "id": "83ca3cc5-8ebf-4df4-a5f1-b6e695eb1256",
      "full_name": "Codex Test User",
      "avatar_url": null,
      "phone": null,
      "nickname": null,
      "role": "admin",
      "city": null,
      "english_level": null,
      "learning_goal": null,
      "source_channel": null,
      "lead_status": "new",
      "assigned_consultant_id": null,
      "updated_at": "2026-07-21T18:59:04.796Z"
    },
    {
      "id": "90f8c866-56d2-4a0d-aa8c-e50534a97ebd",
      "full_name": "qweqweqwe",
      "avatar_url": null,
      "phone": null,
      "nickname": null,
      "role": "admin",
      "city": null,
      "english_level": null,
      "learning_goal": null,
      "source_channel": null,
      "lead_status": "new",
      "assigned_consultant_id": null,
      "updated_at": "2026-07-22T04:05:00.140Z"
    },
    {
      "id": "c1b2a493-a876-4c02-979a-1dd3b0647578",
      "full_name": "Codex Low-Code Admin",
      "avatar_url": null,
      "phone": null,
      "nickname": null,
      "role": "admin",
      "city": null,
      "english_level": null,
      "learning_goal": null,
      "source_channel": null,
      "lead_status": "new",
      "assigned_consultant_id": null,
      "updated_at": "2026-07-23T03:10:49.583Z"
    },
    {
      "id": "50bfca3f-e053-4225-a699-3a2f4522fae9",
      "full_name": "Codex Admin",
      "avatar_url": null,
      "phone": null,
      "nickname": null,
      "role": "admin",
      "city": null,
      "english_level": null,
      "learning_goal": null,
      "source_channel": null,
      "lead_status": "new",
      "assigned_consultant_id": null,
      "updated_at": "2026-07-24T01:34:15.760Z"
    },
    {
      "id": "5efcd1fd-5448-4f7b-9b75-9b60fbcf1c08",
      "full_name": "Codex Screenshot Admin",
      "avatar_url": null,
      "phone": null,
      "nickname": "Codex Admin",
      "role": "admin",
      "city": null,
      "english_level": null,
      "learning_goal": null,
      "source_channel": null,
      "lead_status": "new",
      "assigned_consultant_id": null,
      "updated_at": "2026-07-25T21:08:38.708Z"
    }
  ],
  "loggedAt": "2026-07-31T01:02:51.177Z"
}
[32m[Nest] 67456  - [39m2026/07/31 09:03:11 [32m    LOG[39m [38;5;3m[JobLocalExecutorService] [39m[32mSupabase users log job "supabase_users_20s_logger" fetched 6 rows. runId=4aea4b54-e909-41a5-b570-1de1b7048e22[39m
[workflow-api][supabase-users-log] {
  "handledBy": "workflow.supabase.users.log",
  "jobCode": "supabase_users_20s_logger",
  "runId": "4aea4b54-e909-41a5-b570-1de1b7048e22",
  "userCount": 6,
  "users": [
    {
      "id": "d327cb46-374f-483e-b721-182baf8fe32b",
      "full_name": null,
      "avatar_url": null,
      "phone": null,
      "nickname": null,
      "role": "student",
      "city": null,
      "english_level": null,
      "learning_goal": null,
      "source_channel": null,
      "lead_status": "new",
      "assigned_consultant_id": null,
      "updated_at": "2026-07-21T18:29:33.444Z"
    },
    {
      "id": "83ca3cc5-8ebf-4df4-a5f1-b6e695eb1256",
      "full_name": "Codex Test User",
      "avatar_url": null,
      "phone": null,
      "nickname": null,
      "role": "admin",
      "city": null,
      "english_level": null,
      "learning_goal": null,
      "source_channel": null,
      "lead_status": "new",
      "assigned_consultant_id": null,
      "updated_at": "2026-07-21T18:59:04.796Z"
    },
    {
      "id": "90f8c866-56d2-4a0d-aa8c-e50534a97ebd",
      "full_name": "qweqweqwe",
      "avatar_url": null,
      "phone": null,
      "nickname": null,
      "role": "admin",
      "city": null,
      "english_level": null,
      "learning_goal": null,
      "source_channel": null,
      "lead_status": "new",
      "assigned_consultant_id": null,
      "updated_at": "2026-07-22T04:05:00.140Z"
    },
    {
      "id": "c1b2a493-a876-4c02-979a-1dd3b0647578",
      "full_name": "Codex Low-Code Admin",
      "avatar_url": null,
      "phone": null,
      "nickname": null,
      "role": "admin",
      "city": null,
      "english_level": null,
      "learning_goal": null,
      "source_channel": null,
      "lead_status": "new",
      "assigned_consultant_id": null,
      "updated_at": "2026-07-23T03:10:49.583Z"
    },
    {
      "id": "50bfca3f-e053-4225-a699-3a2f4522fae9",
      "full_name": "Codex Admin",
      "avatar_url": null,
      "phone": null,
      "nickname": null,
      "role": "admin",
      "city": null,
      "english_level": null,
      "learning_goal": null,
      "source_channel": null,
      "lead_status": "new",
      "assigned_consultant_id": null,
      "updated_at": "2026-07-24T01:34:15.760Z"
    },
    {
      "id": "5efcd1fd-5448-4f7b-9b75-9b60fbcf1c08",
      "full_name": "Codex Screenshot Admin",
      "avatar_url": null,
      "phone": null,
      "nickname": "Codex Admin",
      "role": "admin",
      "city": null,
      "english_level": null,
      "learning_goal": null,
      "source_channel": null,
      "lead_status": "new",
      "assigned_consultant_id": null,
      "updated_at": "2026-07-25T21:08:38.708Z"
    }
  ],
  "loggedAt": "2026-07-31T01:03:11.328Z"
}
[32m[Nest] 67456  - [39m2026/07/31 09:03:32 [32m    LOG[39m [38;5;3m[JobLocalExecutorService] [39m[32mSupabase users log job "supabase_users_20s_logger" fetched 6 rows. runId=5101f871-507f-4ac6-ae74-bfb69621930e[39m
[workflow-api][supabase-users-log] {
  "handledBy": "workflow.supabase.users.log",
  "jobCode": "supabase_users_20s_logger",
  "runId": "5101f871-507f-4ac6-ae74-bfb69621930e",
  "userCount": 6,
  "users": [
    {
      "id": "d327cb46-374f-483e-b721-182baf8fe32b",
      "full_name": null,
      "avatar_url": null,
      "phone": null,
      "nickname": null,
      "role": "student",
      "city": null,
      "english_level": null,
      "learning_goal": null,
      "source_channel": null,
      "lead_status": "new",
      "assigned_consultant_id": null,
      "updated_at": "2026-07-21T18:29:33.444Z"
    },
    {
      "id": "83ca3cc5-8ebf-4df4-a5f1-b6e695eb1256",
      "full_name": "Codex Test User",
      "avatar_url": null,
      "phone": null,
      "nickname": null,
      "role": "admin",
      "city": null,
      "english_level": null,
      "learning_goal": null,
      "source_channel": null,
      "lead_status": "new",
      "assigned_consultant_id": null,
      "updated_at": "2026-07-21T18:59:04.796Z"
    },
    {
      "id": "90f8c866-56d2-4a0d-aa8c-e50534a97ebd",
      "full_name": "qweqweqwe",
      "avatar_url": null,
      "phone": null,
      "nickname": null,
      "role": "admin",
      "city": null,
      "english_level": null,
      "learning_goal": null,
      "source_channel": null,
      "lead_status": "new",
      "assigned_consultant_id": null,
      "updated_at": "2026-07-22T04:05:00.140Z"
    },
    {
      "id": "c1b2a493-a876-4c02-979a-1dd3b0647578",
      "full_name": "Codex Low-Code Admin",
      "avatar_url": null,
      "phone": null,
      "nickname": null,
      "role": "admin",
      "city": null,
      "english_level": null,
      "learning_goal": null,
      "source_channel": null,
      "lead_status": "new",
      "assigned_consultant_id": null,
      "updated_at": "2026-07-23T03:10:49.583Z"
    },
    {
      "id": "50bfca3f-e053-4225-a699-3a2f4522fae9",
      "full_name": "Codex Admin",
      "avatar_url": null,
      "phone": null,
      "nickname": null,
      "role": "admin",
      "city": null,
      "english_level": null,
      "learning_goal": null,
      "source_channel": null,
      "lead_status": "new",
      "assigned_consultant_id": null,
      "updated_at": "2026-07-24T01:34:15.760Z"
    },
    {
      "id": "5efcd1fd-5448-4f7b-9b75-9b60fbcf1c08",
      "full_name": "Codex Screenshot Admin",
      "avatar_url": null,
      "phone": null,
      "nickname": "Codex Admin",
      "role": "admin",
      "city": null,
      "english_level": null,
      "learning_goal": null,
      "source_channel": null,
      "lead_status": "new",
      "assigned_consultant_id": null,
      "updated_at": "2026-07-25T21:08:38.708Z"
    }
  ],
  "loggedAt": "2026-07-31T01:03:32.453Z"
}
[32m[Nest] 67456  - [39m2026/07/31 09:03:53 [32m    LOG[39m [38;5;3m[JobLocalExecutorService] [39m[32mSupabase users log job "supabase_users_20s_logger" fetched 6 rows. runId=70adf9dc-e10c-41c8-b669-d9fce800fd50[39m
[workflow-api][supabase-users-log] {
  "handledBy": "workflow.supabase.users.log",
  "jobCode": "supabase_users_20s_logger",
  "runId": "70adf9dc-e10c-41c8-b669-d9fce800fd50",
  "userCount": 6,
  "users": [
    {
      "id": "d327cb46-374f-483e-b721-182baf8fe32b",
      "full_name": null,
      "avatar_url": null,
      "phone": null,
      "nickname": null,
      "role": "student",
      "city": null,
      "english_level": null,
      "learning_goal": null,
      "source_channel": null,
      "lead_status": "new",
      "assigned_consultant_id": null,
      "updated_at": "2026-07-21T18:29:33.444Z"
    },
    {
      "id": "83ca3cc5-8ebf-4df4-a5f1-b6e695eb1256",
      "full_name": "Codex Test User",
      "avatar_url": null,
      "phone": null,
      "nickname": null,
      "role": "admin",
      "city": null,
      "english_level": null,
      "learning_goal": null,
      "source_channel": null,
      "lead_status": "new",
      "assigned_consultant_id": null,
      "updated_at": "2026-07-21T18:59:04.796Z"
    },
    {
      "id": "90f8c866-56d2-4a0d-aa8c-e50534a97ebd",
      "full_name": "qweqweqwe",
      "avatar_url": null,
      "phone": null,
      "nickname": null,
      "role": "admin",
      "city": null,
      "english_level": null,
      "learning_goal": null,
      "source_channel": null,
      "lead_status": "new",
      "assigned_consultant_id": null,
      "updated_at": "2026-07-22T04:05:00.140Z"
    },
    {
      "id": "c1b2a493-a876-4c02-979a-1dd3b0647578",
      "full_name": "Codex Low-Code Admin",
      "avatar_url": null,
      "phone": null,
      "nickname": null,
      "role": "admin",
      "city": null,
      "english_level": null,
      "learning_goal": null,
      "source_channel": null,
      "lead_status": "new",
      "assigned_consultant_id": null,
      "updated_at": "2026-07-23T03:10:49.583Z"
    },
    {
      "id": "50bfca3f-e053-4225-a699-3a2f4522fae9",
      "full_name": "Codex Admin",
      "avatar_url": null,
      "phone": null,
      "nickname": null,
      "role": "admin",
      "city": null,
      "english_level": null,
      "learning_goal": null,
      "source_channel": null,
      "lead_status": "new",
      "assigned_consultant_id": null,
      "updated_at": "2026-07-24T01:34:15.760Z"
    },
    {
      "id": "5efcd1fd-5448-4f7b-9b75-9b60fbcf1c08",
      "full_name": "Codex Screenshot Admin",
      "avatar_url": null,
      "phone": null,
      "nickname": "Codex Admin",
      "role": "admin",
      "city": null,
      "english_level": null,
      "learning_goal": null,
      "source_channel": null,
      "lead_status": "new",
      "assigned_consultant_id": null,
      "updated_at": "2026-07-25T21:08:38.708Z"
    }
  ],
  "loggedAt": "2026-07-31T01:03:53.606Z"
}
[32m[Nest] 67456  - [39m2026/07/31 09:04:14 [32m    LOG[39m [38;5;3m[JobLocalExecutorService] [39m[32mSupabase users log job "supabase_users_20s_logger" fetched 6 rows. runId=398e25a5-2103-492a-a9a2-15bc919c984c[39m
[workflow-api][supabase-users-log] {
  "handledBy": "workflow.supabase.users.log",
  "jobCode": "supabase_users_20s_logger",
  "runId": "398e25a5-2103-492a-a9a2-15bc919c984c",
  "userCount": 6,
  "users": [
    {
      "id": "d327cb46-374f-483e-b721-182baf8fe32b",
      "full_name": null,
      "avatar_url": null,
      "phone": null,
      "nickname": null,
      "role": "student",
      "city": null,
      "english_level": null,
      "learning_goal": null,
      "source_channel": null,
      "lead_status": "new",
      "assigned_consultant_id": null,
      "updated_at": "2026-07-21T18:29:33.444Z"
    },
    {
      "id": "83ca3cc5-8ebf-4df4-a5f1-b6e695eb1256",
      "full_name": "Codex Test User",
      "avatar_url": null,
      "phone": null,
      "nickname": null,
      "role": "admin",
      "city": null,
      "english_level": null,
      "learning_goal": null,
      "source_channel": null,
      "lead_status": "new",
      "assigned_consultant_id": null,
      "updated_at": "2026-07-21T18:59:04.796Z"
    },
    {
      "id": "90f8c866-56d2-4a0d-aa8c-e50534a97ebd",
      "full_name": "qweqweqwe",
      "avatar_url": null,
      "phone": null,
      "nickname": null,
      "role": "admin",
      "city": null,
      "english_level": null,
      "learning_goal": null,
      "source_channel": null,
      "lead_status": "new",
      "assigned_consultant_id": null,
      "updated_at": "2026-07-22T04:05:00.140Z"
    },
    {
      "id": "c1b2a493-a876-4c02-979a-1dd3b0647578",
      "full_name": "Codex Low-Code Admin",
      "avatar_url": null,
      "phone": null,
      "nickname": null,
      "role": "admin",
      "city": null,
      "english_level": null,
      "learning_goal": null,
      "source_channel": null,
      "lead_status": "new",
      "assigned_consultant_id": null,
      "updated_at": "2026-07-23T03:10:49.583Z"
    },
    {
      "id": "50bfca3f-e053-4225-a699-3a2f4522fae9",
      "full_name": "Codex Admin",
      "avatar_url": null,
      "phone": null,
      "nickname": null,
      "role": "admin",
      "city": null,
      "english_level": null,
      "learning_goal": null,
      "source_channel": null,
      "lead_status": "new",
      "assigned_consultant_id": null,
      "updated_at": "2026-07-24T01:34:15.760Z"
    },
    {
      "id": "5efcd1fd-5448-4f7b-9b75-9b60fbcf1c08",
      "full_name": "Codex Screenshot Admin",
      "avatar_url": null,
      "phone": null,
      "nickname": "Codex Admin",
      "role": "admin",
      "city": null,
      "english_level": null,
      "learning_goal": null,
      "source_channel": null,
      "lead_status": "new",
      "assigned_consultant_id": null,
      "updated_at": "2026-07-25T21:08:38.708Z"
    }
  ],
  "loggedAt": "2026-07-31T01:04:14.814Z"
}
