
> hikari-api@ workflow:dev C:\Users\11516\Desktop\project\enLearn\api
> tsx watch src/workflow-service/main.ts

[32m[Nest] 71352  - [39m2026/07/31 08:17:14 [32m    LOG[39m [38;5;3m[NestFactory] [39m[32mStarting Nest application...[39m
[32m[Nest] 71352  - [39m2026/07/31 08:17:14 [32m    LOG[39m [38;5;3m[InstanceLoader] [39m[32mDatabaseModule dependencies initialized[39m[38;5;3m +123ms[39m
[32m[Nest] 71352  - [39m2026/07/31 08:17:14 [32m    LOG[39m [38;5;3m[InstanceLoader] [39m[32mRuleModule dependencies initialized[39m[38;5;3m +6ms[39m
[32m[Nest] 71352  - [39m2026/07/31 08:17:14 [32m    LOG[39m [38;5;3m[InstanceLoader] [39m[32mIntegrationModule dependencies initialized[39m[38;5;3m +4ms[39m
[32m[Nest] 71352  - [39m2026/07/31 08:17:14 [32m    LOG[39m [38;5;3m[InstanceLoader] [39m[32mAppModule dependencies initialized[39m[38;5;3m +3ms[39m
[32m[Nest] 71352  - [39m2026/07/31 08:17:14 [32m    LOG[39m [38;5;3m[InstanceLoader] [39m[32mHealthModule dependencies initialized[39m[38;5;3m +1ms[39m
[32m[Nest] 71352  - [39m2026/07/31 08:17:14 [32m    LOG[39m [38;5;3m[InstanceLoader] [39m[32mDefinitionModule dependencies initialized[39m[38;5;3m +3ms[39m
[32m[Nest] 71352  - [39m2026/07/31 08:17:14 [32m    LOG[39m [38;5;3m[InstanceLoader] [39m[32mTaskModule dependencies initialized[39m[38;5;3m +2ms[39m
[32m[Nest] 71352  - [39m2026/07/31 08:17:14 [32m    LOG[39m [38;5;3m[InstanceLoader] [39m[32mHistoryModule dependencies initialized[39m[38;5;3m +2ms[39m
[32m[Nest] 71352  - [39m2026/07/31 08:17:14 [32m    LOG[39m [38;5;3m[InstanceLoader] [39m[32mRuntimeModule dependencies initialized[39m[38;5;3m +1ms[39m
[32m[Nest] 71352  - [39m2026/07/31 08:17:14 [32m    LOG[39m [38;5;3m[InstanceLoader] [39m[32mJobModule dependencies initialized[39m[38;5;3m +1ms[39m
[32m[Nest] 71352  - [39m2026/07/31 08:17:17 [32m    LOG[39m [38;5;3m[NestMicroservice] [39m[32mNest microservice successfully started[39m[38;5;3m +2838ms[39m
[32m[Nest] 71352  - [39m2026/07/31 08:17:17 [32m    LOG[39m [38;5;3m[RoutesResolver] [39m[32mWorkflowRpcController {/api/workflow}:[39m[38;5;3m +25ms[39m
[32m[Nest] 71352  - [39m2026/07/31 08:17:17 [32m    LOG[39m [38;5;3m[RoutesResolver] [39m[32mHealthController {/api/workflow/health}:[39m[38;5;3m +2ms[39m
[32m[Nest] 71352  - [39m2026/07/31 08:17:17 [32m    LOG[39m [38;5;3m[RouterExplorer] [39m[32mMapped {/api/workflow/health, GET} route[39m[38;5;3m +8ms[39m
[32m[Nest] 71352  - [39m2026/07/31 08:17:17 [32m    LOG[39m [38;5;3m[RoutesResolver] [39m[32mDefinitionController {/api/workflow/definitions}:[39m[38;5;3m +2ms[39m
[32m[Nest] 71352  - [39m2026/07/31 08:17:17 [32m    LOG[39m [38;5;3m[RouterExplorer] [39m[32mMapped {/api/workflow/definitions/capabilities, GET} route[39m[38;5;3m +1ms[39m
[32m[Nest] 71352  - [39m2026/07/31 08:17:17 [32m    LOG[39m [38;5;3m[RouterExplorer] [39m[32mMapped {/api/workflow/definitions, GET} route[39m[38;5;3m +3ms[39m
[32m[Nest] 71352  - [39m2026/07/31 08:17:17 [32m    LOG[39m [38;5;3m[RouterExplorer] [39m[32mMapped {/api/workflow/definitions/:definitionId/disable, POST} route[39m[38;5;3m +3ms[39m
[32m[Nest] 71352  - [39m2026/07/31 08:17:17 [32m    LOG[39m [38;5;3m[RoutesResolver] [39m[32mModelController {/api/workflow/models}:[39m[38;5;3m +1ms[39m
[32m[Nest] 71352  - [39m2026/07/31 08:17:17 [32m    LOG[39m [38;5;3m[RouterExplorer] [39m[32mMapped {/api/workflow/models, GET} route[39m[38;5;3m +2ms[39m
[32m[Nest] 71352  - [39m2026/07/31 08:17:17 [32m    LOG[39m [38;5;3m[RouterExplorer] [39m[32mMapped {/api/workflow/models/:modelId, GET} route[39m[38;5;3m +4ms[39m
[32m[Nest] 71352  - [39m2026/07/31 08:17:17 [32m    LOG[39m [38;5;3m[RouterExplorer] [39m[32mMapped {/api/workflow/models, POST} route[39m[38;5;3m +3ms[39m
[32m[Nest] 71352  - [39m2026/07/31 08:17:17 [32m    LOG[39m [38;5;3m[RouterExplorer] [39m[32mMapped {/api/workflow/models/:modelId, PUT} route[39m[38;5;3m +1ms[39m
[32m[Nest] 71352  - [39m2026/07/31 08:17:17 [32m    LOG[39m [38;5;3m[RouterExplorer] [39m[32mMapped {/api/workflow/models/:modelId/publish, POST} route[39m[38;5;3m +2ms[39m
[32m[Nest] 71352  - [39m2026/07/31 08:17:17 [32m    LOG[39m [38;5;3m[RoutesResolver] [39m[32mRuntimeController {/api/workflow/instances}:[39m[38;5;3m +1ms[39m
[32m[Nest] 71352  - [39m2026/07/31 08:17:17 [32m    LOG[39m [38;5;3m[RouterExplorer] [39m[32mMapped {/api/workflow/instances, GET} route[39m[38;5;3m +1ms[39m
[32m[Nest] 71352  - [39m2026/07/31 08:17:17 [32m    LOG[39m [38;5;3m[RouterExplorer] [39m[32mMapped {/api/workflow/instances/started, GET} route[39m[38;5;3m +1ms[39m
[32m[Nest] 71352  - [39m2026/07/31 08:17:17 [32m    LOG[39m [38;5;3m[RouterExplorer] [39m[32mMapped {/api/workflow/instances/:instanceId, GET} route[39m[38;5;3m +1ms[39m
[32m[Nest] 71352  - [39m2026/07/31 08:17:17 [32m    LOG[39m [38;5;3m[RouterExplorer] [39m[32mMapped {/api/workflow/instances/:instanceId/timeline, GET} route[39m[38;5;3m +1ms[39m
[32m[Nest] 71352  - [39m2026/07/31 08:17:17 [32m    LOG[39m [38;5;3m[RouterExplorer] [39m[32mMapped {/api/workflow/instances, POST} route[39m[38;5;3m +1ms[39m
[32m[Nest] 71352  - [39m2026/07/31 08:17:17 [32m    LOG[39m [38;5;3m[RouterExplorer] [39m[32mMapped {/api/workflow/instances/:instanceId/withdraw, POST} route[39m[38;5;3m +1ms[39m
[32m[Nest] 71352  - [39m2026/07/31 08:17:17 [32m    LOG[39m [38;5;3m[RouterExplorer] [39m[32mMapped {/api/workflow/instances/:instanceId/terminate, POST} route[39m[38;5;3m +1ms[39m
[32m[Nest] 71352  - [39m2026/07/31 08:17:17 [32m    LOG[39m [38;5;3m[RoutesResolver] [39m[32mTaskController {/api/workflow/tasks}:[39m[38;5;3m +1ms[39m
[32m[Nest] 71352  - [39m2026/07/31 08:17:17 [32m    LOG[39m [38;5;3m[RouterExplorer] [39m[32mMapped {/api/workflow/tasks/todo, GET} route[39m[38;5;3m +1ms[39m
[32m[Nest] 71352  - [39m2026/07/31 08:17:17 [32m    LOG[39m [38;5;3m[RouterExplorer] [39m[32mMapped {/api/workflow/tasks/done, GET} route[39m[38;5;3m +1ms[39m
[32m[Nest] 71352  - [39m2026/07/31 08:17:17 [32m    LOG[39m [38;5;3m[RouterExplorer] [39m[32mMapped {/api/workflow/tasks/cc, GET} route[39m[38;5;3m +0ms[39m
[32m[Nest] 71352  - [39m2026/07/31 08:17:17 [32m    LOG[39m [38;5;3m[RouterExplorer] [39m[32mMapped {/api/workflow/tasks/started, GET} route[39m[38;5;3m +1ms[39m
[32m[Nest] 71352  - [39m2026/07/31 08:17:17 [32m    LOG[39m [38;5;3m[RouterExplorer] [39m[32mMapped {/api/workflow/tasks/:taskId, GET} route[39m[38;5;3m +1ms[39m
[32m[Nest] 71352  - [39m2026/07/31 08:17:17 [32m    LOG[39m [38;5;3m[RouterExplorer] [39m[32mMapped {/api/workflow/tasks/:taskId/approve, POST} route[39m[38;5;3m +1ms[39m
[32m[Nest] 71352  - [39m2026/07/31 08:17:17 [32m    LOG[39m [38;5;3m[RouterExplorer] [39m[32mMapped {/api/workflow/tasks/:taskId/claim, POST} route[39m[38;5;3m +1ms[39m
[32m[Nest] 71352  - [39m2026/07/31 08:17:17 [32m    LOG[39m [38;5;3m[RouterExplorer] [39m[32mMapped {/api/workflow/tasks/:taskId/reject, POST} route[39m[38;5;3m +1ms[39m
[32m[Nest] 71352  - [39m2026/07/31 08:17:17 [32m    LOG[39m [38;5;3m[RouterExplorer] [39m[32mMapped {/api/workflow/tasks/:taskId/transfer, POST} route[39m[38;5;3m +1ms[39m
[32m[Nest] 71352  - [39m2026/07/31 08:17:17 [32m    LOG[39m [38;5;3m[RouterExplorer] [39m[32mMapped {/api/workflow/tasks/:taskId/add-sign, POST} route[39m[38;5;3m +0ms[39m
[32m[Nest] 71352  - [39m2026/07/31 08:17:17 [32m    LOG[39m [38;5;3m[RoutesResolver] [39m[32mHistoryController {/api/workflow/history}:[39m[38;5;3m +1ms[39m
[32m[Nest] 71352  - [39m2026/07/31 08:17:17 [32m    LOG[39m [38;5;3m[RouterExplorer] [39m[32mMapped {/api/workflow/history/instances/:instanceId/timeline, GET} route[39m[38;5;3m +1ms[39m
[32m[Nest] 71352  - [39m2026/07/31 08:17:17 [32m    LOG[39m [38;5;3m[RoutesResolver] [39m[32mJobController {/api/workflow/jobs}:[39m[38;5;3m +1ms[39m
[32m[Nest] 71352  - [39m2026/07/31 08:17:17 [32m    LOG[39m [38;5;3m[RouterExplorer] [39m[32mMapped {/api/workflow/jobs, GET} route[39m[38;5;3m +4ms[39m
[32m[Nest] 71352  - [39m2026/07/31 08:17:17 [32m    LOG[39m [38;5;3m[RouterExplorer] [39m[32mMapped {/api/workflow/jobs, POST} route[39m[38;5;3m +3ms[39m
[32m[Nest] 71352  - [39m2026/07/31 08:17:17 [32m    LOG[39m [38;5;3m[RouterExplorer] [39m[32mMapped {/api/workflow/jobs/runs, GET} route[39m[38;5;3m +0ms[39m
[32m[Nest] 71352  - [39m2026/07/31 08:17:17 [32m    LOG[39m [38;5;3m[RouterExplorer] [39m[32mMapped {/api/workflow/jobs/:jobId, GET} route[39m[38;5;3m +1ms[39m
[32m[Nest] 71352  - [39m2026/07/31 08:17:17 [32m    LOG[39m [38;5;3m[RouterExplorer] [39m[32mMapped {/api/workflow/jobs/:jobId/status, POST} route[39m[38;5;3m +1ms[39m
[32m[Nest] 71352  - [39m2026/07/31 08:17:17 [32m    LOG[39m [38;5;3m[RouterExplorer] [39m[32mMapped {/api/workflow/jobs/:jobId/run, POST} route[39m[38;5;3m +1ms[39m
[32m[Nest] 71352  - [39m2026/07/31 08:17:17 [32m    LOG[39m [38;5;3m[NestApplication] [39m[32mNest application successfully started[39m[38;5;3m +62ms[39m
Workflow API listening on http://localhost:3010/api/workflow
[32m[Nest] 71352  - [39m2026/07/31 08:17:19 [32m    LOG[39m [38;5;3m[JobLocalExecutorService] [39m[32mSupabase users log job "supabase_users_20s_logger" fetched 6 rows. runId=ed9863c3-b822-481a-924d-8d0ebae6f0c0[39m
[workflow-api][supabase-users-log] {
  "handledBy": "workflow.supabase.users.log",
  "jobCode": "supabase_users_20s_logger",
  "runId": "ed9863c3-b822-481a-924d-8d0ebae6f0c0",
  "userCount": 6,
  "users": [
    {
      "id": "d327cb46-374f-483e-b721-182baf8fe32b",
      "full_name": null,
      "avatar_url": null,
      "phone": null,
      "nickname": null,
      "role": "student",
      "city": null,
      "english_level": null,
      "learning_goal": null,
      "source_channel": null,
      "lead_status": "new",
      "assigned_consultant_id": null,
      "updated_at": "2026-07-21T18:29:33.444Z"
    },
    {
      "id": "83ca3cc5-8ebf-4df4-a5f1-b6e695eb1256",
      "full_name": "Codex Test User",
      "avatar_url": null,
      "phone": null,
      "nickname": null,
      "role": "admin",
      "city": null,
      "english_level": null,
      "learning_goal": null,
      "source_channel": null,
      "lead_status": "new",
      "assigned_consultant_id": null,
      "updated_at": "2026-07-21T18:59:04.796Z"
    },
    {
      "id": "90f8c866-56d2-4a0d-aa8c-e50534a97ebd",
      "full_name": "qweqweqwe",
      "avatar_url": null,
      "phone": null,
      "nickname": null,
      "role": "admin",
      "city": null,
      "english_level": null,
      "learning_goal": null,
      "source_channel": null,
      "lead_status": "new",
      "assigned_consultant_id": null,
      "updated_at": "2026-07-22T04:05:00.140Z"
    },
    {
      "id": "c1b2a493-a876-4c02-979a-1dd3b0647578",
      "full_name": "Codex Low-Code Admin",
      "avatar_url": null,
      "phone": null,
      "nickname": null,
      "role": "admin",
      "city": null,
      "english_level": null,
      "learning_goal": null,
      "source_channel": null,
      "lead_status": "new",
      "assigned_consultant_id": null,
      "updated_at": "2026-07-23T03:10:49.583Z"
    },
    {
      "id": "50bfca3f-e053-4225-a699-3a2f4522fae9",
      "full_name": "Codex Admin",
      "avatar_url": null,
      "phone": null,
      "nickname": null,
      "role": "admin",
      "city": null,
      "english_level": null,
      "learning_goal": null,
      "source_channel": null,
      "lead_status": "new",
      "assigned_consultant_id": null,
      "updated_at": "2026-07-24T01:34:15.760Z"
    },
    {
      "id": "5efcd1fd-5448-4f7b-9b75-9b60fbcf1c08",
      "full_name": "Codex Screenshot Admin",
      "avatar_url": null,
      "phone": null,
      "nickname": "Codex Admin",
      "role": "admin",
      "city": null,
      "english_level": null,
      "learning_goal": null,
      "source_channel": null,
      "lead_status": "new",
      "assigned_consultant_id": null,
      "updated_at": "2026-07-25T21:08:38.708Z"
    }
  ],
  "loggedAt": "2026-07-31T00:17:19.030Z"
}
[32m[Nest] 71352  - [39m2026/07/31 08:17:39 [32m    LOG[39m [38;5;3m[JobLocalExecutorService] [39m[32mSupabase users log job "supabase_users_20s_logger" fetched 6 rows. runId=83e44993-2511-4b9d-8738-f19b26c63c83[39m
[workflow-api][supabase-users-log] {
  "handledBy": "workflow.supabase.users.log",
  "jobCode": "supabase_users_20s_logger",
  "runId": "83e44993-2511-4b9d-8738-f19b26c63c83",
  "userCount": 6,
  "users": [
    {
      "id": "d327cb46-374f-483e-b721-182baf8fe32b",
      "full_name": null,
      "avatar_url": null,
      "phone": null,
      "nickname": null,
      "role": "student",
      "city": null,
      "english_level": null,
      "learning_goal": null,
      "source_channel": null,
      "lead_status": "new",
      "assigned_consultant_id": null,
      "updated_at": "2026-07-21T18:29:33.444Z"
    },
    {
      "id": "83ca3cc5-8ebf-4df4-a5f1-b6e695eb1256",
      "full_name": "Codex Test User",
      "avatar_url": null,
      "phone": null,
      "nickname": null,
      "role": "admin",
      "city": null,
      "english_level": null,
      "learning_goal": null,
      "source_channel": null,
      "lead_status": "new",
      "assigned_consultant_id": null,
      "updated_at": "2026-07-21T18:59:04.796Z"
    },
    {
      "id": "90f8c866-56d2-4a0d-aa8c-e50534a97ebd",
      "full_name": "qweqweqwe",
      "avatar_url": null,
      "phone": null,
      "nickname": null,
      "role": "admin",
      "city": null,
      "english_level": null,
      "learning_goal": null,
      "source_channel": null,
      "lead_status": "new",
      "assigned_consultant_id": null,
      "updated_at": "2026-07-22T04:05:00.140Z"
    },
    {
      "id": "c1b2a493-a876-4c02-979a-1dd3b0647578",
      "full_name": "Codex Low-Code Admin",
      "avatar_url": null,
      "phone": null,
      "nickname": null,
      "role": "admin",
      "city": null,
      "english_level": null,
      "learning_goal": null,
      "source_channel": null,
      "lead_status": "new",
      "assigned_consultant_id": null,
      "updated_at": "2026-07-23T03:10:49.583Z"
    },
    {
      "id": "50bfca3f-e053-4225-a699-3a2f4522fae9",
      "full_name": "Codex Admin",
      "avatar_url": null,
      "phone": null,
      "nickname": null,
      "role": "admin",
      "city": null,
      "english_level": null,
      "learning_goal": null,
      "source_channel": null,
      "lead_status": "new",
      "assigned_consultant_id": null,
      "updated_at": "2026-07-24T01:34:15.760Z"
    },
    {
      "id": "5efcd1fd-5448-4f7b-9b75-9b60fbcf1c08",
      "full_name": "Codex Screenshot Admin",
      "avatar_url": null,
      "phone": null,
      "nickname": "Codex Admin",
      "role": "admin",
      "city": null,
      "english_level": null,
      "learning_goal": null,
      "source_channel": null,
      "lead_status": "new",
      "assigned_consultant_id": null,
      "updated_at": "2026-07-25T21:08:38.708Z"
    }
  ],
  "loggedAt": "2026-07-31T00:17:39.937Z"
}
[32m[Nest] 71352  - [39m2026/07/31 08:17:59 [32m    LOG[39m [38;5;3m[JobLocalExecutorService] [39m[32mSupabase users log job "supabase_users_20s_logger" fetched 6 rows. runId=834d2672-2364-4eb2-9b59-7cb26ded9475[39m
[workflow-api][supabase-users-log] {
  "handledBy": "workflow.supabase.users.log",
  "jobCode": "supabase_users_20s_logger",
  "runId": "834d2672-2364-4eb2-9b59-7cb26ded9475",
  "userCount": 6,
  "users": [
    {
      "id": "d327cb46-374f-483e-b721-182baf8fe32b",
      "full_name": null,
      "avatar_url": null,
      "phone": null,
      "nickname": null,
      "role": "student",
      "city": null,
      "english_level": null,
      "learning_goal": null,
      "source_channel": null,
      "lead_status": "new",
      "assigned_consultant_id": null,
      "updated_at": "2026-07-21T18:29:33.444Z"
    },
    {
      "id": "83ca3cc5-8ebf-4df4-a5f1-b6e695eb1256",
      "full_name": "Codex Test User",
      "avatar_url": null,
      "phone": null,
      "nickname": null,
      "role": "admin",
      "city": null,
      "english_level": null,
      "learning_goal": null,
      "source_channel": null,
      "lead_status": "new",
      "assigned_consultant_id": null,
      "updated_at": "2026-07-21T18:59:04.796Z"
    },
    {
      "id": "90f8c866-56d2-4a0d-aa8c-e50534a97ebd",
      "full_name": "qweqweqwe",
      "avatar_url": null,
      "phone": null,
      "nickname": null,
      "role": "admin",
      "city": null,
      "english_level": null,
      "learning_goal": null,
      "source_channel": null,
      "lead_status": "new",
      "assigned_consultant_id": null,
      "updated_at": "2026-07-22T04:05:00.140Z"
    },
    {
      "id": "c1b2a493-a876-4c02-979a-1dd3b0647578",
      "full_name": "Codex Low-Code Admin",
      "avatar_url": null,
      "phone": null,
      "nickname": null,
      "role": "admin",
      "city": null,
      "english_level": null,
      "learning_goal": null,
      "source_channel": null,
      "lead_status": "new",
      "assigned_consultant_id": null,
      "updated_at": "2026-07-23T03:10:49.583Z"
    },
    {
      "id": "50bfca3f-e053-4225-a699-3a2f4522fae9",
      "full_name": "Codex Admin",
      "avatar_url": null,
      "phone": null,
      "nickname": null,
      "role": "admin",
      "city": null,
      "english_level": null,
      "learning_goal": null,
      "source_channel": null,
      "lead_status": "new",
      "assigned_consultant_id": null,
      "updated_at": "2026-07-24T01:34:15.760Z"
    },
    {
      "id": "5efcd1fd-5448-4f7b-9b75-9b60fbcf1c08",
      "full_name": "Codex Screenshot Admin",
      "avatar_url": null,
      "phone": null,
      "nickname": "Codex Admin",
      "role": "admin",
      "city": null,
      "english_level": null,
      "learning_goal": null,
      "source_channel": null,
      "lead_status": "new",
      "assigned_consultant_id": null,
      "updated_at": "2026-07-25T21:08:38.708Z"
    }
  ],
  "loggedAt": "2026-07-31T00:17:59.702Z"
}
[32m[Nest] 71352  - [39m2026/07/31 08:18:19 [32m    LOG[39m [38;5;3m[JobLocalExecutorService] [39m[32mSupabase users log job "supabase_users_20s_logger" fetched 6 rows. runId=85a16bc0-3379-4832-a723-ab6e57cd517d[39m
[workflow-api][supabase-users-log] {
  "handledBy": "workflow.supabase.users.log",
  "jobCode": "supabase_users_20s_logger",
  "runId": "85a16bc0-3379-4832-a723-ab6e57cd517d",
  "userCount": 6,
  "users": [
    {
      "id": "d327cb46-374f-483e-b721-182baf8fe32b",
      "full_name": null,
      "avatar_url": null,
      "phone": null,
      "nickname": null,
      "role": "student",
      "city": null,
      "english_level": null,
      "learning_goal": null,
      "source_channel": null,
      "lead_status": "new",
      "assigned_consultant_id": null,
      "updated_at": "2026-07-21T18:29:33.444Z"
    },
    {
      "id": "83ca3cc5-8ebf-4df4-a5f1-b6e695eb1256",
      "full_name": "Codex Test User",
      "avatar_url": null,
      "phone": null,
      "nickname": null,
      "role": "admin",
      "city": null,
      "english_level": null,
      "learning_goal": null,
      "source_channel": null,
      "lead_status": "new",
      "assigned_consultant_id": null,
      "updated_at": "2026-07-21T18:59:04.796Z"
    },
    {
      "id": "90f8c866-56d2-4a0d-aa8c-e50534a97ebd",
      "full_name": "qweqweqwe",
      "avatar_url": null,
      "phone": null,
      "nickname": null,
      "role": "admin",
      "city": null,
      "english_level": null,
      "learning_goal": null,
      "source_channel": null,
      "lead_status": "new",
      "assigned_consultant_id": null,
      "updated_at": "2026-07-22T04:05:00.140Z"
    },
    {
      "id": "c1b2a493-a876-4c02-979a-1dd3b0647578",
      "full_name": "Codex Low-Code Admin",
      "avatar_url": null,
      "phone": null,
      "nickname": null,
      "role": "admin",
      "city": null,
      "english_level": null,
      "learning_goal": null,
      "source_channel": null,
      "lead_status": "new",
      "assigned_consultant_id": null,
      "updated_at": "2026-07-23T03:10:49.583Z"
    },
    {
      "id": "50bfca3f-e053-4225-a699-3a2f4522fae9",
      "full_name": "Codex Admin",
      "avatar_url": null,
      "phone": null,
      "nickname": null,
      "role": "admin",
      "city": null,
      "english_level": null,
      "learning_goal": null,
      "source_channel": null,
      "lead_status": "new",
      "assigned_consultant_id": null,
      "updated_at": "2026-07-24T01:34:15.760Z"
    },
    {
      "id": "5efcd1fd-5448-4f7b-9b75-9b60fbcf1c08",
      "full_name": "Codex Screenshot Admin",
      "avatar_url": null,
      "phone": null,
      "nickname": "Codex Admin",
      "role": "admin",
      "city": null,
      "english_level": null,
      "learning_goal": null,
      "source_channel": null,
      "lead_status": "new",
      "assigned_consultant_id": null,
      "updated_at": "2026-07-25T21:08:38.708Z"
    }
  ],
  "loggedAt": "2026-07-31T00:18:19.884Z"
}
[32m[Nest] 71352  - [39m2026/07/31 08:18:41 [32m    LOG[39m [38;5;3m[JobLocalExecutorService] [39m[32mSupabase users log job "supabase_users_20s_logger" fetched 6 rows. runId=93a8d726-7fa8-4848-b742-fb13a1d1bcf5[39m
[workflow-api][supabase-users-log] {
  "handledBy": "workflow.supabase.users.log",
  "jobCode": "supabase_users_20s_logger",
  "runId": "93a8d726-7fa8-4848-b742-fb13a1d1bcf5",
  "userCount": 6,
  "users": [
    {
      "id": "d327cb46-374f-483e-b721-182baf8fe32b",
      "full_name": null,
      "avatar_url": null,
      "phone": null,
      "nickname": null,
      "role": "student",
      "city": null,
      "english_level": null,
      "learning_goal": null,
      "source_channel": null,
      "lead_status": "new",
      "assigned_consultant_id": null,
      "updated_at": "2026-07-21T18:29:33.444Z"
    },
    {
      "id": "83ca3cc5-8ebf-4df4-a5f1-b6e695eb1256",
      "full_name": "Codex Test User",
      "avatar_url": null,
      "phone": null,
      "nickname": null,
      "role": "admin",
      "city": null,
      "english_level": null,
      "learning_goal": null,
      "source_channel": null,
      "lead_status": "new",
      "assigned_consultant_id": null,
      "updated_at": "2026-07-21T18:59:04.796Z"
    },
    {
      "id": "90f8c866-56d2-4a0d-aa8c-e50534a97ebd",
      "full_name": "qweqweqwe",
      "avatar_url": null,
      "phone": null,
      "nickname": null,
      "role": "admin",
      "city": null,
      "english_level": null,
      "learning_goal": null,
      "source_channel": null,
      "lead_status": "new",
      "assigned_consultant_id": null,
      "updated_at": "2026-07-22T04:05:00.140Z"
    },
    {
      "id": "c1b2a493-a876-4c02-979a-1dd3b0647578",
      "full_name": "Codex Low-Code Admin",
      "avatar_url": null,
      "phone": null,
      "nickname": null,
      "role": "admin",
      "city": null,
      "english_level": null,
      "learning_goal": null,
      "source_channel": null,
      "lead_status": "new",
      "assigned_consultant_id": null,
      "updated_at": "2026-07-23T03:10:49.583Z"
    },
    {
      "id": "50bfca3f-e053-4225-a699-3a2f4522fae9",
      "full_name": "Codex Admin",
      "avatar_url": null,
      "phone": null,
      "nickname": null,
      "role": "admin",
      "city": null,
      "english_level": null,
      "learning_goal": null,
      "source_channel": null,
      "lead_status": "new",
      "assigned_consultant_id": null,
      "updated_at": "2026-07-24T01:34:15.760Z"
    },
    {
      "id": "5efcd1fd-5448-4f7b-9b75-9b60fbcf1c08",
      "full_name": "Codex Screenshot Admin",
      "avatar_url": null,
      "phone": null,
      "nickname": "Codex Admin",
      "role": "admin",
      "city": null,
      "english_level": null,
      "learning_goal": null,
      "source_channel": null,
      "lead_status": "new",
      "assigned_consultant_id": null,
      "updated_at": "2026-07-25T21:08:38.708Z"
    }
  ],
  "loggedAt": "2026-07-31T00:18:41.026Z"
}
[32m[Nest] 71352  - [39m2026/07/31 08:19:02 [32m    LOG[39m [38;5;3m[JobLocalExecutorService] [39m[32mSupabase users log job "supabase_users_20s_logger" fetched 6 rows. runId=75903e18-7eb0-47c4-8df5-3ca211cf41ae[39m
[workflow-api][supabase-users-log] {
  "handledBy": "workflow.supabase.users.log",
  "jobCode": "supabase_users_20s_logger",
  "runId": "75903e18-7eb0-47c4-8df5-3ca211cf41ae",
  "userCount": 6,
  "users": [
    {
      "id": "d327cb46-374f-483e-b721-182baf8fe32b",
      "full_name": null,
      "avatar_url": null,
      "phone": null,
      "nickname": null,
      "role": "student",
      "city": null,
      "english_level": null,
      "learning_goal": null,
      "source_channel": null,
      "lead_status": "new",
      "assigned_consultant_id": null,
      "updated_at": "2026-07-21T18:29:33.444Z"
    },
    {
      "id": "83ca3cc5-8ebf-4df4-a5f1-b6e695eb1256",
      "full_name": "Codex Test User",
      "avatar_url": null,
      "phone": null,
      "nickname": null,
      "role": "admin",
      "city": null,
      "english_level": null,
      "learning_goal": null,
      "source_channel": null,
      "lead_status": "new",
      "assigned_consultant_id": null,
      "updated_at": "2026-07-21T18:59:04.796Z"
    },
    {
      "id": "90f8c866-56d2-4a0d-aa8c-e50534a97ebd",
      "full_name": "qweqweqwe",
      "avatar_url": null,
      "phone": null,
      "nickname": null,
      "role": "admin",
      "city": null,
      "english_level": null,
      "learning_goal": null,
      "source_channel": null,
      "lead_status": "new",
      "assigned_consultant_id": null,
      "updated_at": "2026-07-22T04:05:00.140Z"
    },
    {
      "id": "c1b2a493-a876-4c02-979a-1dd3b0647578",
      "full_name": "Codex Low-Code Admin",
      "avatar_url": null,
      "phone": null,
      "nickname": null,
      "role": "admin",
      "city": null,
      "english_level": null,
      "learning_goal": null,
      "source_channel": null,
      "lead_status": "new",
      "assigned_consultant_id": null,
      "updated_at": "2026-07-23T03:10:49.583Z"
    },
    {
      "id": "50bfca3f-e053-4225-a699-3a2f4522fae9",
      "full_name": "Codex Admin",
      "avatar_url": null,
      "phone": null,
      "nickname": null,
      "role": "admin",
      "city": null,
      "english_level": null,
      "learning_goal": null,
      "source_channel": null,
      "lead_status": "new",
      "assigned_consultant_id": null,
      "updated_at": "2026-07-24T01:34:15.760Z"
    },
    {
      "id": "5efcd1fd-5448-4f7b-9b75-9b60fbcf1c08",
      "full_name": "Codex Screenshot Admin",
      "avatar_url": null,
      "phone": null,
      "nickname": "Codex Admin",
      "role": "admin",
      "city": null,
      "english_level": null,
      "learning_goal": null,
      "source_channel": null,
      "lead_status": "new",
      "assigned_consultant_id": null,
      "updated_at": "2026-07-25T21:08:38.708Z"
    }
  ],
  "loggedAt": "2026-07-31T00:19:02.150Z"
}
[32m[Nest] 71352  - [39m2026/07/31 08:19:23 [32m    LOG[39m [38;5;3m[JobLocalExecutorService] [39m[32mSupabase users log job "supabase_users_20s_logger" fetched 6 rows. runId=4011f78e-8e76-486f-9045-7f50bc80d741[39m
[workflow-api][supabase-users-log] {
  "handledBy": "workflow.supabase.users.log",
  "jobCode": "supabase_users_20s_logger",
  "runId": "4011f78e-8e76-486f-9045-7f50bc80d741",
  "userCount": 6,
  "users": [
    {
      "id": "d327cb46-374f-483e-b721-182baf8fe32b",
      "full_name": null,
      "avatar_url": null,
      "phone": null,
      "nickname": null,
      "role": "student",
      "city": null,
      "english_level": null,
      "learning_goal": null,
      "source_channel": null,
      "lead_status": "new",
      "assigned_consultant_id": null,
      "updated_at": "2026-07-21T18:29:33.444Z"
    },
    {
      "id": "83ca3cc5-8ebf-4df4-a5f1-b6e695eb1256",
      "full_name": "Codex Test User",
      "avatar_url": null,
      "phone": null,
      "nickname": null,
      "role": "admin",
      "city": null,
      "english_level": null,
      "learning_goal": null,
      "source_channel": null,
      "lead_status": "new",
      "assigned_consultant_id": null,
      "updated_at": "2026-07-21T18:59:04.796Z"
    },
    {
      "id": "90f8c866-56d2-4a0d-aa8c-e50534a97ebd",
      "full_name": "qweqweqwe",
      "avatar_url": null,
      "phone": null,
      "nickname": null,
      "role": "admin",
      "city": null,
      "english_level": null,
      "learning_goal": null,
      "source_channel": null,
      "lead_status": "new",
      "assigned_consultant_id": null,
      "updated_at": "2026-07-22T04:05:00.140Z"
    },
    {
      "id": "c1b2a493-a876-4c02-979a-1dd3b0647578",
      "full_name": "Codex Low-Code Admin",
      "avatar_url": null,
      "phone": null,
      "nickname": null,
      "role": "admin",
      "city": null,
      "english_level": null,
      "learning_goal": null,
      "source_channel": null,
      "lead_status": "new",
      "assigned_consultant_id": null,
      "updated_at": "2026-07-23T03:10:49.583Z"
    },
    {
      "id": "50bfca3f-e053-4225-a699-3a2f4522fae9",
      "full_name": "Codex Admin",
      "avatar_url": null,
      "phone": null,
      "nickname": null,
      "role": "admin",
      "city": null,
      "english_level": null,
      "learning_goal": null,
      "source_channel": null,
      "lead_status": "new",
      "assigned_consultant_id": null,
      "updated_at": "2026-07-24T01:34:15.760Z"
    },
    {
      "id": "5efcd1fd-5448-4f7b-9b75-9b60fbcf1c08",
      "full_name": "Codex Screenshot Admin",
      "avatar_url": null,
      "phone": null,
      "nickname": "Codex Admin",
      "role": "admin",
      "city": null,
      "english_level": null,
      "learning_goal": null,
      "source_channel": null,
      "lead_status": "new",
      "assigned_consultant_id": null,
      "updated_at": "2026-07-25T21:08:38.708Z"
    }
  ],
  "loggedAt": "2026-07-31T00:19:23.288Z"
}
[32m[Nest] 71352  - [39m2026/07/31 08:19:44 [32m    LOG[39m [38;5;3m[JobLocalExecutorService] [39m[32mSupabase users log job "supabase_users_20s_logger" fetched 6 rows. runId=1e78fca9-3756-4a63-9f43-b0c172b2e9cc[39m
[workflow-api][supabase-users-log] {
  "handledBy": "workflow.supabase.users.log",
  "jobCode": "supabase_users_20s_logger",
  "runId": "1e78fca9-3756-4a63-9f43-b0c172b2e9cc",
  "userCount": 6,
  "users": [
    {
      "id": "d327cb46-374f-483e-b721-182baf8fe32b",
      "full_name": null,
      "avatar_url": null,
      "phone": null,
      "nickname": null,
      "role": "student",
      "city": null,
      "english_level": null,
      "learning_goal": null,
      "source_channel": null,
      "lead_status": "new",
      "assigned_consultant_id": null,
      "updated_at": "2026-07-21T18:29:33.444Z"
    },
    {
      "id": "83ca3cc5-8ebf-4df4-a5f1-b6e695eb1256",
      "full_name": "Codex Test User",
      "avatar_url": null,
      "phone": null,
      "nickname": null,
      "role": "admin",
      "city": null,
      "english_level": null,
      "learning_goal": null,
      "source_channel": null,
      "lead_status": "new",
      "assigned_consultant_id": null,
      "updated_at": "2026-07-21T18:59:04.796Z"
    },
    {
      "id": "90f8c866-56d2-4a0d-aa8c-e50534a97ebd",
      "full_name": "qweqweqwe",
      "avatar_url": null,
      "phone": null,
      "nickname": null,
      "role": "admin",
      "city": null,
      "english_level": null,
      "learning_goal": null,
      "source_channel": null,
      "lead_status": "new",
      "assigned_consultant_id": null,
      "updated_at": "2026-07-22T04:05:00.140Z"
    },
    {
      "id": "c1b2a493-a876-4c02-979a-1dd3b0647578",
      "full_name": "Codex Low-Code Admin",
      "avatar_url": null,
      "phone": null,
      "nickname": null,
      "role": "admin",
      "city": null,
      "english_level": null,
      "learning_goal": null,
      "source_channel": null,
      "lead_status": "new",
      "assigned_consultant_id": null,
      "updated_at": "2026-07-23T03:10:49.583Z"
    },
    {
      "id": "50bfca3f-e053-4225-a699-3a2f4522fae9",
      "full_name": "Codex Admin",
      "avatar_url": null,
      "phone": null,
      "nickname": null,
      "role": "admin",
      "city": null,
      "english_level": null,
      "learning_goal": null,
      "source_channel": null,
      "lead_status": "new",
      "assigned_consultant_id": null,
      "updated_at": "2026-07-24T01:34:15.760Z"
    },
    {
      "id": "5efcd1fd-5448-4f7b-9b75-9b60fbcf1c08",
      "full_name": "Codex Screenshot Admin",
      "avatar_url": null,
      "phone": null,
      "nickname": "Codex Admin",
      "role": "admin",
      "city": null,
      "english_level": null,
      "learning_goal": null,
      "source_channel": null,
      "lead_status": "new",
      "assigned_consultant_id": null,
      "updated_at": "2026-07-25T21:08:38.708Z"
    }
  ],
  "loggedAt": "2026-07-31T00:19:44.431Z"
}
[32m[Nest] 71352  - [39m2026/07/31 08:20:05 [32m    LOG[39m [38;5;3m[JobLocalExecutorService] [39m[32mSupabase users log job "supabase_users_20s_logger" fetched 6 rows. runId=f9dae058-2c92-416a-9f14-d872008aaf17[39m
[workflow-api][supabase-users-log] {
  "handledBy": "workflow.supabase.users.log",
  "jobCode": "supabase_users_20s_logger",
  "runId": "f9dae058-2c92-416a-9f14-d872008aaf17",
  "userCount": 6,
  "users": [
    {
      "id": "d327cb46-374f-483e-b721-182baf8fe32b",
      "full_name": null,
      "avatar_url": null,
      "phone": null,
      "nickname": null,
      "role": "student",
      "city": null,
      "english_level": null,
      "learning_goal": null,
      "source_channel": null,
      "lead_status": "new",
      "assigned_consultant_id": null,
      "updated_at": "2026-07-21T18:29:33.444Z"
    },
    {
      "id": "83ca3cc5-8ebf-4df4-a5f1-b6e695eb1256",
      "full_name": "Codex Test User",
      "avatar_url": null,
      "phone": null,
      "nickname": null,
      "role": "admin",
      "city": null,
      "english_level": null,
      "learning_goal": null,
      "source_channel": null,
      "lead_status": "new",
      "assigned_consultant_id": null,
      "updated_at": "2026-07-21T18:59:04.796Z"
    },
    {
      "id": "90f8c866-56d2-4a0d-aa8c-e50534a97ebd",
      "full_name": "qweqweqwe",
      "avatar_url": null,
      "phone": null,
      "nickname": null,
      "role": "admin",
      "city": null,
      "english_level": null,
      "learning_goal": null,
      "source_channel": null,
      "lead_status": "new",
      "assigned_consultant_id": null,
      "updated_at": "2026-07-22T04:05:00.140Z"
    },
    {
      "id": "c1b2a493-a876-4c02-979a-1dd3b0647578",
      "full_name": "Codex Low-Code Admin",
      "avatar_url": null,
      "phone": null,
      "nickname": null,
      "role": "admin",
      "city": null,
      "english_level": null,
      "learning_goal": null,
      "source_channel": null,
      "lead_status": "new",
      "assigned_consultant_id": null,
      "updated_at": "2026-07-23T03:10:49.583Z"
    },
    {
      "id": "50bfca3f-e053-4225-a699-3a2f4522fae9",
      "full_name": "Codex Admin",
      "avatar_url": null,
      "phone": null,
      "nickname": null,
      "role": "admin",
      "city": null,
      "english_level": null,
      "learning_goal": null,
      "source_channel": null,
      "lead_status": "new",
      "assigned_consultant_id": null,
      "updated_at": "2026-07-24T01:34:15.760Z"
    },
    {
      "id": "5efcd1fd-5448-4f7b-9b75-9b60fbcf1c08",
      "full_name": "Codex Screenshot Admin",
      "avatar_url": null,
      "phone": null,
      "nickname": "Codex Admin",
      "role": "admin",
      "city": null,
      "english_level": null,
      "learning_goal": null,
      "source_channel": null,
      "lead_status": "new",
      "assigned_consultant_id": null,
      "updated_at": "2026-07-25T21:08:38.708Z"
    }
  ],
  "loggedAt": "2026-07-31T00:20:05.595Z"
}
[32m[Nest] 71352  - [39m2026/07/31 08:20:26 [32m    LOG[39m [38;5;3m[JobLocalExecutorService] [39m[32mSupabase users log job "supabase_users_20s_logger" fetched 6 rows. runId=33455c8b-3fb1-45bf-84a8-8a65858adec1[39m
[workflow-api][supabase-users-log] {
  "handledBy": "workflow.supabase.users.log",
  "jobCode": "supabase_users_20s_logger",
  "runId": "33455c8b-3fb1-45bf-84a8-8a65858adec1",
  "userCount": 6,
  "users": [
    {
      "id": "d327cb46-374f-483e-b721-182baf8fe32b",
      "full_name": null,
      "avatar_url": null,
      "phone": null,
      "nickname": null,
      "role": "student",
      "city": null,
      "english_level": null,
      "learning_goal": null,
      "source_channel": null,
      "lead_status": "new",
      "assigned_consultant_id": null,
      "updated_at": "2026-07-21T18:29:33.444Z"
    },
    {
      "id": "83ca3cc5-8ebf-4df4-a5f1-b6e695eb1256",
      "full_name": "Codex Test User",
      "avatar_url": null,
      "phone": null,
      "nickname": null,
      "role": "admin",
      "city": null,
      "english_level": null,
      "learning_goal": null,
      "source_channel": null,
      "lead_status": "new",
      "assigned_consultant_id": null,
      "updated_at": "2026-07-21T18:59:04.796Z"
    },
    {
      "id": "90f8c866-56d2-4a0d-aa8c-e50534a97ebd",
      "full_name": "qweqweqwe",
      "avatar_url": null,
      "phone": null,
      "nickname": null,
      "role": "admin",
      "city": null,
      "english_level": null,
      "learning_goal": null,
      "source_channel": null,
      "lead_status": "new",
      "assigned_consultant_id": null,
      "updated_at": "2026-07-22T04:05:00.140Z"
    },
    {
      "id": "c1b2a493-a876-4c02-979a-1dd3b0647578",
      "full_name": "Codex Low-Code Admin",
      "avatar_url": null,
      "phone": null,
      "nickname": null,
      "role": "admin",
      "city": null,
      "english_level": null,
      "learning_goal": null,
      "source_channel": null,
      "lead_status": "new",
      "assigned_consultant_id": null,
      "updated_at": "2026-07-23T03:10:49.583Z"
    },
    {
      "id": "50bfca3f-e053-4225-a699-3a2f4522fae9",
      "full_name": "Codex Admin",
      "avatar_url": null,
      "phone": null,
      "nickname": null,
      "role": "admin",
      "city": null,
      "english_level": null,
      "learning_goal": null,
      "source_channel": null,
      "lead_status": "new",
      "assigned_consultant_id": null,
      "updated_at": "2026-07-24T01:34:15.760Z"
    },
    {
      "id": "5efcd1fd-5448-4f7b-9b75-9b60fbcf1c08",
      "full_name": "Codex Screenshot Admin",
      "avatar_url": null,
      "phone": null,
      "nickname": "Codex Admin",
      "role": "admin",
      "city": null,
      "english_level": null,
      "learning_goal": null,
      "source_channel": null,
      "lead_status": "new",
      "assigned_consultant_id": null,
      "updated_at": "2026-07-25T21:08:38.708Z"
    }
  ],
  "loggedAt": "2026-07-31T00:20:26.766Z"
}
[32m[Nest] 71352  - [39m2026/07/31 08:20:47 [32m    LOG[39m [38;5;3m[JobLocalExecutorService] [39m[32mSupabase users log job "supabase_users_20s_logger" fetched 6 rows. runId=e1a2b0f9-1f14-4b71-8db1-1d57506da70b[39m
[workflow-api][supabase-users-log] {
  "handledBy": "workflow.supabase.users.log",
  "jobCode": "supabase_users_20s_logger",
  "runId": "e1a2b0f9-1f14-4b71-8db1-1d57506da70b",
  "userCount": 6,
  "users": [
    {
      "id": "d327cb46-374f-483e-b721-182baf8fe32b",
      "full_name": null,
      "avatar_url": null,
      "phone": null,
      "nickname": null,
      "role": "student",
      "city": null,
      "english_level": null,
      "learning_goal": null,
      "source_channel": null,
      "lead_status": "new",
      "assigned_consultant_id": null,
      "updated_at": "2026-07-21T18:29:33.444Z"
    },
    {
      "id": "83ca3cc5-8ebf-4df4-a5f1-b6e695eb1256",
      "full_name": "Codex Test User",
      "avatar_url": null,
      "phone": null,
      "nickname": null,
      "role": "admin",
      "city": null,
      "english_level": null,
      "learning_goal": null,
      "source_channel": null,
      "lead_status": "new",
      "assigned_consultant_id": null,
      "updated_at": "2026-07-21T18:59:04.796Z"
    },
    {
      "id": "90f8c866-56d2-4a0d-aa8c-e50534a97ebd",
      "full_name": "qweqweqwe",
      "avatar_url": null,
      "phone": null,
      "nickname": null,
      "role": "admin",
      "city": null,
      "english_level": null,
      "learning_goal": null,
      "source_channel": null,
      "lead_status": "new",
      "assigned_consultant_id": null,
      "updated_at": "2026-07-22T04:05:00.140Z"
    },
    {
      "id": "c1b2a493-a876-4c02-979a-1dd3b0647578",
      "full_name": "Codex Low-Code Admin",
      "avatar_url": null,
      "phone": null,
      "nickname": null,
      "role": "admin",
      "city": null,
      "english_level": null,
      "learning_goal": null,
      "source_channel": null,
      "lead_status": "new",
      "assigned_consultant_id": null,
      "updated_at": "2026-07-23T03:10:49.583Z"
    },
    {
      "id": "50bfca3f-e053-4225-a699-3a2f4522fae9",
      "full_name": "Codex Admin",
      "avatar_url": null,
      "phone": null,
      "nickname": null,
      "role": "admin",
      "city": null,
      "english_level": null,
      "learning_goal": null,
      "source_channel": null,
      "lead_status": "new",
      "assigned_consultant_id": null,
      "updated_at": "2026-07-24T01:34:15.760Z"
    },
    {
      "id": "5efcd1fd-5448-4f7b-9b75-9b60fbcf1c08",
      "full_name": "Codex Screenshot Admin",
      "avatar_url": null,
      "phone": null,
      "nickname": "Codex Admin",
      "role": "admin",
      "city": null,
      "english_level": null,
      "learning_goal": null,
      "source_channel": null,
      "lead_status": "new",
      "assigned_consultant_id": null,
      "updated_at": "2026-07-25T21:08:38.708Z"
    }
  ],
  "loggedAt": "2026-07-31T00:20:47.862Z"
}
[32m[Nest] 71352  - [39m2026/07/31 08:21:09 [32m    LOG[39m [38;5;3m[JobLocalExecutorService] [39m[32mSupabase users log job "supabase_users_20s_logger" fetched 6 rows. runId=8fb4ec3f-4ee1-4202-9e34-21be6ed1c67a[39m
[workflow-api][supabase-users-log] {
  "handledBy": "workflow.supabase.users.log",
  "jobCode": "supabase_users_20s_logger",
  "runId": "8fb4ec3f-4ee1-4202-9e34-21be6ed1c67a",
  "userCount": 6,
  "users": [
    {
      "id": "d327cb46-374f-483e-b721-182baf8fe32b",
      "full_name": null,
      "avatar_url": null,
      "phone": null,
      "nickname": null,
      "role": "student",
      "city": null,
      "english_level": null,
      "learning_goal": null,
      "source_channel": null,
      "lead_status": "new",
      "assigned_consultant_id": null,
      "updated_at": "2026-07-21T18:29:33.444Z"
    },
    {
      "id": "83ca3cc5-8ebf-4df4-a5f1-b6e695eb1256",
      "full_name": "Codex Test User",
      "avatar_url": null,
      "phone": null,
      "nickname": null,
      "role": "admin",
      "city": null,
      "english_level": null,
      "learning_goal": null,
      "source_channel": null,
      "lead_status": "new",
      "assigned_consultant_id": null,
      "updated_at": "2026-07-21T18:59:04.796Z"
    },
    {
      "id": "90f8c866-56d2-4a0d-aa8c-e50534a97ebd",
      "full_name": "qweqweqwe",
      "avatar_url": null,
      "phone": null,
      "nickname": null,
      "role": "admin",
      "city": null,
      "english_level": null,
      "learning_goal": null,
      "source_channel": null,
      "lead_status": "new",
      "assigned_consultant_id": null,
      "updated_at": "2026-07-22T04:05:00.140Z"
    },
    {
      "id": "c1b2a493-a876-4c02-979a-1dd3b0647578",
      "full_name": "Codex Low-Code Admin",
      "avatar_url": null,
      "phone": null,
      "nickname": null,
      "role": "admin",
      "city": null,
      "english_level": null,
      "learning_goal": null,
      "source_channel": null,
      "lead_status": "new",
      "assigned_consultant_id": null,
      "updated_at": "2026-07-23T03:10:49.583Z"
    },
    {
      "id": "50bfca3f-e053-4225-a699-3a2f4522fae9",
      "full_name": "Codex Admin",
      "avatar_url": null,
      "phone": null,
      "nickname": null,
      "role": "admin",
      "city": null,
      "english_level": null,
      "learning_goal": null,
      "source_channel": null,
      "lead_status": "new",
      "assigned_consultant_id": null,
      "updated_at": "2026-07-24T01:34:15.760Z"
    },
    {
      "id": "5efcd1fd-5448-4f7b-9b75-9b60fbcf1c08",
      "full_name": "Codex Screenshot Admin",
      "avatar_url": null,
      "phone": null,
      "nickname": "Codex Admin",
      "role": "admin",
      "city": null,
      "english_level": null,
      "learning_goal": null,
      "source_channel": null,
      "lead_status": "new",
      "assigned_consultant_id": null,
      "updated_at": "2026-07-25T21:08:38.708Z"
    }
  ],
  "loggedAt": "2026-07-31T00:21:09.536Z"
}
[32m[Nest] 71352  - [39m2026/07/31 08:21:30 [32m    LOG[39m [38;5;3m[JobLocalExecutorService] [39m[32mSupabase users log job "supabase_users_20s_logger" fetched 6 rows. runId=885afea6-5eb5-4d8e-995b-fc37fb1c2282[39m
[workflow-api][supabase-users-log] {
  "handledBy": "workflow.supabase.users.log",
  "jobCode": "supabase_users_20s_logger",
  "runId": "885afea6-5eb5-4d8e-995b-fc37fb1c2282",
  "userCount": 6,
  "users": [
    {
      "id": "d327cb46-374f-483e-b721-182baf8fe32b",
      "full_name": null,
      "avatar_url": null,
      "phone": null,
      "nickname": null,
      "role": "student",
      "city": null,
      "english_level": null,
      "learning_goal": null,
      "source_channel": null,
      "lead_status": "new",
      "assigned_consultant_id": null,
      "updated_at": "2026-07-21T18:29:33.444Z"
    },
    {
      "id": "83ca3cc5-8ebf-4df4-a5f1-b6e695eb1256",
      "full_name": "Codex Test User",
      "avatar_url": null,
      "phone": null,
      "nickname": null,
      "role": "admin",
      "city": null,
      "english_level": null,
      "learning_goal": null,
      "source_channel": null,
      "lead_status": "new",
      "assigned_consultant_id": null,
      "updated_at": "2026-07-21T18:59:04.796Z"
    },
    {
      "id": "90f8c866-56d2-4a0d-aa8c-e50534a97ebd",
      "full_name": "qweqweqwe",
      "avatar_url": null,
      "phone": null,
      "nickname": null,
      "role": "admin",
      "city": null,
      "english_level": null,
      "learning_goal": null,
      "source_channel": null,
      "lead_status": "new",
      "assigned_consultant_id": null,
      "updated_at": "2026-07-22T04:05:00.140Z"
    },
    {
      "id": "c1b2a493-a876-4c02-979a-1dd3b0647578",
      "full_name": "Codex Low-Code Admin",
      "avatar_url": null,
      "phone": null,
      "nickname": null,
      "role": "admin",
      "city": null,
      "english_level": null,
      "learning_goal": null,
      "source_channel": null,
      "lead_status": "new",
      "assigned_consultant_id": null,
      "updated_at": "2026-07-23T03:10:49.583Z"
    },
    {
      "id": "50bfca3f-e053-4225-a699-3a2f4522fae9",
      "full_name": "Codex Admin",
      "avatar_url": null,
      "phone": null,
      "nickname": null,
      "role": "admin",
      "city": null,
      "english_level": null,
      "learning_goal": null,
      "source_channel": null,
      "lead_status": "new",
      "assigned_consultant_id": null,
      "updated_at": "2026-07-24T01:34:15.760Z"
    },
    {
      "id": "5efcd1fd-5448-4f7b-9b75-9b60fbcf1c08",
      "full_name": "Codex Screenshot Admin",
      "avatar_url": null,
      "phone": null,
      "nickname": "Codex Admin",
      "role": "admin",
      "city": null,
      "english_level": null,
      "learning_goal": null,
      "source_channel": null,
      "lead_status": "new",
      "assigned_consultant_id": null,
      "updated_at": "2026-07-25T21:08:38.708Z"
    }
  ],
  "loggedAt": "2026-07-31T00:21:30.163Z"
}
[32m[Nest] 71352  - [39m2026/07/31 08:21:50 [32m    LOG[39m [38;5;3m[JobLocalExecutorService] [39m[32mSupabase users log job "supabase_users_20s_logger" fetched 6 rows. runId=155269c9-9c7b-4e65-9aba-e249d2f58a46[39m
[workflow-api][supabase-users-log] {
  "handledBy": "workflow.supabase.users.log",
  "jobCode": "supabase_users_20s_logger",
  "runId": "155269c9-9c7b-4e65-9aba-e249d2f58a46",
  "userCount": 6,
  "users": [
    {
      "id": "d327cb46-374f-483e-b721-182baf8fe32b",
      "full_name": null,
      "avatar_url": null,
      "phone": null,
      "nickname": null,
      "role": "student",
      "city": null,
      "english_level": null,
      "learning_goal": null,
      "source_channel": null,
      "lead_status": "new",
      "assigned_consultant_id": null,
      "updated_at": "2026-07-21T18:29:33.444Z"
    },
    {
      "id": "83ca3cc5-8ebf-4df4-a5f1-b6e695eb1256",
      "full_name": "Codex Test User",
      "avatar_url": null,
      "phone": null,
      "nickname": null,
      "role": "admin",
      "city": null,
      "english_level": null,
      "learning_goal": null,
      "source_channel": null,
      "lead_status": "new",
      "assigned_consultant_id": null,
      "updated_at": "2026-07-21T18:59:04.796Z"
    },
    {
      "id": "90f8c866-56d2-4a0d-aa8c-e50534a97ebd",
      "full_name": "qweqweqwe",
      "avatar_url": null,
      "phone": null,
      "nickname": null,
      "role": "admin",
      "city": null,
      "english_level": null,
      "learning_goal": null,
      "source_channel": null,
      "lead_status": "new",
      "assigned_consultant_id": null,
      "updated_at": "2026-07-22T04:05:00.140Z"
    },
    {
      "id": "c1b2a493-a876-4c02-979a-1dd3b0647578",
      "full_name": "Codex Low-Code Admin",
      "avatar_url": null,
      "phone": null,
      "nickname": null,
      "role": "admin",
      "city": null,
      "english_level": null,
      "learning_goal": null,
      "source_channel": null,
      "lead_status": "new",
      "assigned_consultant_id": null,
      "updated_at": "2026-07-23T03:10:49.583Z"
    },
    {
      "id": "50bfca3f-e053-4225-a699-3a2f4522fae9",
      "full_name": "Codex Admin",
      "avatar_url": null,
      "phone": null,
      "nickname": null,
      "role": "admin",
      "city": null,
      "english_level": null,
      "learning_goal": null,
      "source_channel": null,
      "lead_status": "new",
      "assigned_consultant_id": null,
      "updated_at": "2026-07-24T01:34:15.760Z"
    },
    {
      "id": "5efcd1fd-5448-4f7b-9b75-9b60fbcf1c08",
      "full_name": "Codex Screenshot Admin",
      "avatar_url": null,
      "phone": null,
      "nickname": "Codex Admin",
      "role": "admin",
      "city": null,
      "english_level": null,
      "learning_goal": null,
      "source_channel": null,
      "lead_status": "new",
      "assigned_consultant_id": null,
      "updated_at": "2026-07-25T21:08:38.708Z"
    }
  ],
  "loggedAt": "2026-07-31T00:21:50.324Z"
}
[32m[Nest] 71352  - [39m2026/07/31 08:22:11 [32m    LOG[39m [38;5;3m[JobLocalExecutorService] [39m[32mSupabase users log job "supabase_users_20s_logger" fetched 6 rows. runId=18ff7573-aa6f-4f33-9c10-84883b660971[39m
[workflow-api][supabase-users-log] {
  "handledBy": "workflow.supabase.users.log",
  "jobCode": "supabase_users_20s_logger",
  "runId": "18ff7573-aa6f-4f33-9c10-84883b660971",
  "userCount": 6,
  "users": [
    {
      "id": "d327cb46-374f-483e-b721-182baf8fe32b",
      "full_name": null,
      "avatar_url": null,
      "phone": null,
      "nickname": null,
      "role": "student",
      "city": null,
      "english_level": null,
      "learning_goal": null,
      "source_channel": null,
      "lead_status": "new",
      "assigned_consultant_id": null,
      "updated_at": "2026-07-21T18:29:33.444Z"
    },
    {
      "id": "83ca3cc5-8ebf-4df4-a5f1-b6e695eb1256",
      "full_name": "Codex Test User",
      "avatar_url": null,
      "phone": null,
      "nickname": null,
      "role": "admin",
      "city": null,
      "english_level": null,
      "learning_goal": null,
      "source_channel": null,
      "lead_status": "new",
      "assigned_consultant_id": null,
      "updated_at": "2026-07-21T18:59:04.796Z"
    },
    {
      "id": "90f8c866-56d2-4a0d-aa8c-e50534a97ebd",
      "full_name": "qweqweqwe",
      "avatar_url": null,
      "phone": null,
      "nickname": null,
      "role": "admin",
      "city": null,
      "english_level": null,
      "learning_goal": null,
      "source_channel": null,
      "lead_status": "new",
      "assigned_consultant_id": null,
      "updated_at": "2026-07-22T04:05:00.140Z"
    },
    {
      "id": "c1b2a493-a876-4c02-979a-1dd3b0647578",
      "full_name": "Codex Low-Code Admin",
      "avatar_url": null,
      "phone": null,
      "nickname": null,
      "role": "admin",
      "city": null,
      "english_level": null,
      "learning_goal": null,
      "source_channel": null,
      "lead_status": "new",
      "assigned_consultant_id": null,
      "updated_at": "2026-07-23T03:10:49.583Z"
    },
    {
      "id": "50bfca3f-e053-4225-a699-3a2f4522fae9",
      "full_name": "Codex Admin",
      "avatar_url": null,
      "phone": null,
      "nickname": null,
      "role": "admin",
      "city": null,
      "english_level": null,
      "learning_goal": null,
      "source_channel": null,
      "lead_status": "new",
      "assigned_consultant_id": null,
      "updated_at": "2026-07-24T01:34:15.760Z"
    },
    {
      "id": "5efcd1fd-5448-4f7b-9b75-9b60fbcf1c08",
      "full_name": "Codex Screenshot Admin",
      "avatar_url": null,
      "phone": null,
      "nickname": "Codex Admin",
      "role": "admin",
      "city": null,
      "english_level": null,
      "learning_goal": null,
      "source_channel": null,
      "lead_status": "new",
      "assigned_consultant_id": null,
      "updated_at": "2026-07-25T21:08:38.708Z"
    }
  ],
  "loggedAt": "2026-07-31T00:22:11.489Z"
}
[32m[Nest] 71352  - [39m2026/07/31 08:22:32 [32m    LOG[39m [38;5;3m[JobLocalExecutorService] [39m[32mSupabase users log job "supabase_users_20s_logger" fetched 6 rows. runId=016b40ac-3d2a-40e4-8980-f2c18e3aa6ba[39m
[workflow-api][supabase-users-log] {
  "handledBy": "workflow.supabase.users.log",
  "jobCode": "supabase_users_20s_logger",
  "runId": "016b40ac-3d2a-40e4-8980-f2c18e3aa6ba",
  "userCount": 6,
  "users": [
    {
      "id": "d327cb46-374f-483e-b721-182baf8fe32b",
      "full_name": null,
      "avatar_url": null,
      "phone": null,
      "nickname": null,
      "role": "student",
      "city": null,
      "english_level": null,
      "learning_goal": null,
      "source_channel": null,
      "lead_status": "new",
      "assigned_consultant_id": null,
      "updated_at": "2026-07-21T18:29:33.444Z"
    },
    {
      "id": "83ca3cc5-8ebf-4df4-a5f1-b6e695eb1256",
      "full_name": "Codex Test User",
      "avatar_url": null,
      "phone": null,
      "nickname": null,
      "role": "admin",
      "city": null,
      "english_level": null,
      "learning_goal": null,
      "source_channel": null,
      "lead_status": "new",
      "assigned_consultant_id": null,
      "updated_at": "2026-07-21T18:59:04.796Z"
    },
    {
      "id": "90f8c866-56d2-4a0d-aa8c-e50534a97ebd",
      "full_name": "qweqweqwe",
      "avatar_url": null,
      "phone": null,
      "nickname": null,
      "role": "admin",
      "city": null,
      "english_level": null,
      "learning_goal": null,
      "source_channel": null,
      "lead_status": "new",
      "assigned_consultant_id": null,
      "updated_at": "2026-07-22T04:05:00.140Z"
    },
    {
      "id": "c1b2a493-a876-4c02-979a-1dd3b0647578",
      "full_name": "Codex Low-Code Admin",
      "avatar_url": null,
      "phone": null,
      "nickname": null,
      "role": "admin",
      "city": null,
      "english_level": null,
      "learning_goal": null,
      "source_channel": null,
      "lead_status": "new",
      "assigned_consultant_id": null,
      "updated_at": "2026-07-23T03:10:49.583Z"
    },
    {
      "id": "50bfca3f-e053-4225-a699-3a2f4522fae9",
      "full_name": "Codex Admin",
      "avatar_url": null,
      "phone": null,
      "nickname": null,
      "role": "admin",
      "city": null,
      "english_level": null,
      "learning_goal": null,
      "source_channel": null,
      "lead_status": "new",
      "assigned_consultant_id": null,
      "updated_at": "2026-07-24T01:34:15.760Z"
    },
    {
      "id": "5efcd1fd-5448-4f7b-9b75-9b60fbcf1c08",
      "full_name": "Codex Screenshot Admin",
      "avatar_url": null,
      "phone": null,
      "nickname": "Codex Admin",
      "role": "admin",
      "city": null,
      "english_level": null,
      "learning_goal": null,
      "source_channel": null,
      "lead_status": "new",
      "assigned_consultant_id": null,
      "updated_at": "2026-07-25T21:08:38.708Z"
    }
  ],
  "loggedAt": "2026-07-31T00:22:32.618Z"
}
[32m[Nest] 71352  - [39m2026/07/31 08:22:53 [32m    LOG[39m [38;5;3m[JobLocalExecutorService] [39m[32mSupabase users log job "supabase_users_20s_logger" fetched 6 rows. runId=9970b434-912b-41f1-b224-9d84b3908263[39m
[workflow-api][supabase-users-log] {
  "handledBy": "workflow.supabase.users.log",
  "jobCode": "supabase_users_20s_logger",
  "runId": "9970b434-912b-41f1-b224-9d84b3908263",
  "userCount": 6,
  "users": [
    {
      "id": "d327cb46-374f-483e-b721-182baf8fe32b",
      "full_name": null,
      "avatar_url": null,
      "phone": null,
      "nickname": null,
      "role": "student",
      "city": null,
      "english_level": null,
      "learning_goal": null,
      "source_channel": null,
      "lead_status": "new",
      "assigned_consultant_id": null,
      "updated_at": "2026-07-21T18:29:33.444Z"
    },
    {
      "id": "83ca3cc5-8ebf-4df4-a5f1-b6e695eb1256",
      "full_name": "Codex Test User",
      "avatar_url": null,
      "phone": null,
      "nickname": null,
      "role": "admin",
      "city": null,
      "english_level": null,
      "learning_goal": null,
      "source_channel": null,
      "lead_status": "new",
      "assigned_consultant_id": null,
      "updated_at": "2026-07-21T18:59:04.796Z"
    },
    {
      "id": "90f8c866-56d2-4a0d-aa8c-e50534a97ebd",
      "full_name": "qweqweqwe",
      "avatar_url": null,
      "phone": null,
      "nickname": null,
      "role": "admin",
      "city": null,
      "english_level": null,
      "learning_goal": null,
      "source_channel": null,
      "lead_status": "new",
      "assigned_consultant_id": null,
      "updated_at": "2026-07-22T04:05:00.140Z"
    },
    {
      "id": "c1b2a493-a876-4c02-979a-1dd3b0647578",
      "full_name": "Codex Low-Code Admin",
      "avatar_url": null,
      "phone": null,
      "nickname": null,
      "role": "admin",
      "city": null,
      "english_level": null,
      "learning_goal": null,
      "source_channel": null,
      "lead_status": "new",
      "assigned_consultant_id": null,
      "updated_at": "2026-07-23T03:10:49.583Z"
    },
    {
      "id": "50bfca3f-e053-4225-a699-3a2f4522fae9",
      "full_name": "Codex Admin",
      "avatar_url": null,
      "phone": null,
      "nickname": null,
      "role": "admin",
      "city": null,
      "english_level": null,
      "learning_goal": null,
      "source_channel": null,
      "lead_status": "new",
      "assigned_consultant_id": null,
      "updated_at": "2026-07-24T01:34:15.760Z"
    },
    {
      "id": "5efcd1fd-5448-4f7b-9b75-9b60fbcf1c08",
      "full_name": "Codex Screenshot Admin",
      "avatar_url": null,
      "phone": null,
      "nickname": "Codex Admin",
      "role": "admin",
      "city": null,
      "english_level": null,
      "learning_goal": null,
      "source_channel": null,
      "lead_status": "new",
      "assigned_consultant_id": null,
      "updated_at": "2026-07-25T21:08:38.708Z"
    }
  ],
  "loggedAt": "2026-07-31T00:22:53.787Z"
}
[32m[Nest] 71352  - [39m2026/07/31 08:23:14 [32m    LOG[39m [38;5;3m[JobLocalExecutorService] [39m[32mSupabase users log job "supabase_users_20s_logger" fetched 6 rows. runId=d5a8f4fb-4aea-4a83-945b-18e7c6025804[39m
[workflow-api][supabase-users-log] {
  "handledBy": "workflow.supabase.users.log",
  "jobCode": "supabase_users_20s_logger",
  "runId": "d5a8f4fb-4aea-4a83-945b-18e7c6025804",
  "userCount": 6,
  "users": [
    {
      "id": "d327cb46-374f-483e-b721-182baf8fe32b",
      "full_name": null,
      "avatar_url": null,
      "phone": null,
      "nickname": null,
      "role": "student",
      "city": null,
      "english_level": null,
      "learning_goal": null,
      "source_channel": null,
      "lead_status": "new",
      "assigned_consultant_id": null,
      "updated_at": "2026-07-21T18:29:33.444Z"
    },
    {
      "id": "83ca3cc5-8ebf-4df4-a5f1-b6e695eb1256",
      "full_name": "Codex Test User",
      "avatar_url": null,
      "phone": null,
      "nickname": null,
      "role": "admin",
      "city": null,
      "english_level": null,
      "learning_goal": null,
      "source_channel": null,
      "lead_status": "new",
      "assigned_consultant_id": null,
      "updated_at": "2026-07-21T18:59:04.796Z"
    },
    {
      "id": "90f8c866-56d2-4a0d-aa8c-e50534a97ebd",
      "full_name": "qweqweqwe",
      "avatar_url": null,
      "phone": null,
      "nickname": null,
      "role": "admin",
      "city": null,
      "english_level": null,
      "learning_goal": null,
      "source_channel": null,
      "lead_status": "new",
      "assigned_consultant_id": null,
      "updated_at": "2026-07-22T04:05:00.140Z"
    },
    {
      "id": "c1b2a493-a876-4c02-979a-1dd3b0647578",
      "full_name": "Codex Low-Code Admin",
      "avatar_url": null,
      "phone": null,
      "nickname": null,
      "role": "admin",
      "city": null,
      "english_level": null,
      "learning_goal": null,
      "source_channel": null,
      "lead_status": "new",
      "assigned_consultant_id": null,
      "updated_at": "2026-07-23T03:10:49.583Z"
    },
    {
      "id": "50bfca3f-e053-4225-a699-3a2f4522fae9",
      "full_name": "Codex Admin",
      "avatar_url": null,
      "phone": null,
      "nickname": null,
      "role": "admin",
      "city": null,
      "english_level": null,
      "learning_goal": null,
      "source_channel": null,
      "lead_status": "new",
      "assigned_consultant_id": null,
      "updated_at": "2026-07-24T01:34:15.760Z"
    },
    {
      "id": "5efcd1fd-5448-4f7b-9b75-9b60fbcf1c08",
      "full_name": "Codex Screenshot Admin",
      "avatar_url": null,
      "phone": null,
      "nickname": "Codex Admin",
      "role": "admin",
      "city": null,
      "english_level": null,
      "learning_goal": null,
      "source_channel": null,
      "lead_status": "new",
      "assigned_consultant_id": null,
      "updated_at": "2026-07-25T21:08:38.708Z"
    }
  ],
  "loggedAt": "2026-07-31T00:23:14.902Z"
}
[32m[Nest] 71352  - [39m2026/07/31 08:23:36 [32m    LOG[39m [38;5;3m[JobLocalExecutorService] [39m[32mSupabase users log job "supabase_users_20s_logger" fetched 6 rows. runId=06920cf0-77b2-4731-8eb1-7d53fde571e3[39m
[workflow-api][supabase-users-log] {
  "handledBy": "workflow.supabase.users.log",
  "jobCode": "supabase_users_20s_logger",
  "runId": "06920cf0-77b2-4731-8eb1-7d53fde571e3",
  "userCount": 6,
  "users": [
    {
      "id": "d327cb46-374f-483e-b721-182baf8fe32b",
      "full_name": null,
      "avatar_url": null,
      "phone": null,
      "nickname": null,
      "role": "student",
      "city": null,
      "english_level": null,
      "learning_goal": null,
      "source_channel": null,
      "lead_status": "new",
      "assigned_consultant_id": null,
      "updated_at": "2026-07-21T18:29:33.444Z"
    },
    {
      "id": "83ca3cc5-8ebf-4df4-a5f1-b6e695eb1256",
      "full_name": "Codex Test User",
      "avatar_url": null,
      "phone": null,
      "nickname": null,
      "role": "admin",
      "city": null,
      "english_level": null,
      "learning_goal": null,
      "source_channel": null,
      "lead_status": "new",
      "assigned_consultant_id": null,
      "updated_at": "2026-07-21T18:59:04.796Z"
    },
    {
      "id": "90f8c866-56d2-4a0d-aa8c-e50534a97ebd",
      "full_name": "qweqweqwe",
      "avatar_url": null,
      "phone": null,
      "nickname": null,
      "role": "admin",
      "city": null,
      "english_level": null,
      "learning_goal": null,
      "source_channel": null,
      "lead_status": "new",
      "assigned_consultant_id": null,
      "updated_at": "2026-07-22T04:05:00.140Z"
    },
    {
      "id": "c1b2a493-a876-4c02-979a-1dd3b0647578",
      "full_name": "Codex Low-Code Admin",
      "avatar_url": null,
      "phone": null,
      "nickname": null,
      "role": "admin",
      "city": null,
      "english_level": null,
      "learning_goal": null,
      "source_channel": null,
      "lead_status": "new",
      "assigned_consultant_id": null,
      "updated_at": "2026-07-23T03:10:49.583Z"
    },
    {
      "id": "50bfca3f-e053-4225-a699-3a2f4522fae9",
      "full_name": "Codex Admin",
      "avatar_url": null,
      "phone": null,
      "nickname": null,
      "role": "admin",
      "city": null,
      "english_level": null,
      "learning_goal": null,
      "source_channel": null,
      "lead_status": "new",
      "assigned_consultant_id": null,
      "updated_at": "2026-07-24T01:34:15.760Z"
    },
    {
      "id": "5efcd1fd-5448-4f7b-9b75-9b60fbcf1c08",
      "full_name": "Codex Screenshot Admin",
      "avatar_url": null,
      "phone": null,
      "nickname": "Codex Admin",
      "role": "admin",
      "city": null,
      "english_level": null,
      "learning_goal": null,
      "source_channel": null,
      "lead_status": "new",
      "assigned_consultant_id": null,
      "updated_at": "2026-07-25T21:08:38.708Z"
    }
  ],
  "loggedAt": "2026-07-31T00:23:36.063Z"
}
[32m[Nest] 71352  - [39m2026/07/31 08:23:56 [32m    LOG[39m [38;5;3m[JobLocalExecutorService] [39m[32mSupabase users log job "supabase_users_20s_logger" fetched 6 rows. runId=5637a502-0e11-49ad-ad06-014e56cf87eb[39m
[workflow-api][supabase-users-log] {
  "handledBy": "workflow.supabase.users.log",
  "jobCode": "supabase_users_20s_logger",
  "runId": "5637a502-0e11-49ad-ad06-014e56cf87eb",
  "userCount": 6,
  "users": [
    {
      "id": "d327cb46-374f-483e-b721-182baf8fe32b",
      "full_name": null,
      "avatar_url": null,
      "phone": null,
      "nickname": null,
      "role": "student",
      "city": null,
      "english_level": null,
      "learning_goal": null,
      "source_channel": null,
      "lead_status": "new",
      "assigned_consultant_id": null,
      "updated_at": "2026-07-21T18:29:33.444Z"
    },
    {
      "id": "83ca3cc5-8ebf-4df4-a5f1-b6e695eb1256",
      "full_name": "Codex Test User",
      "avatar_url": null,
      "phone": null,
      "nickname": null,
      "role": "admin",
      "city": null,
      "english_level": null,
      "learning_goal": null,
      "source_channel": null,
      "lead_status": "new",
      "assigned_consultant_id": null,
      "updated_at": "2026-07-21T18:59:04.796Z"
    },
    {
      "id": "90f8c866-56d2-4a0d-aa8c-e50534a97ebd",
      "full_name": "qweqweqwe",
      "avatar_url": null,
      "phone": null,
      "nickname": null,
      "role": "admin",
      "city": null,
      "english_level": null,
      "learning_goal": null,
      "source_channel": null,
      "lead_status": "new",
      "assigned_consultant_id": null,
      "updated_at": "2026-07-22T04:05:00.140Z"
    },
    {
      "id": "c1b2a493-a876-4c02-979a-1dd3b0647578",
      "full_name": "Codex Low-Code Admin",
      "avatar_url": null,
      "phone": null,
      "nickname": null,
      "role": "admin",
      "city": null,
      "english_level": null,
      "learning_goal": null,
      "source_channel": null,
      "lead_status": "new",
      "assigned_consultant_id": null,
      "updated_at": "2026-07-23T03:10:49.583Z"
    },
    {
      "id": "50bfca3f-e053-4225-a699-3a2f4522fae9",
      "full_name": "Codex Admin",
      "avatar_url": null,
      "phone": null,
      "nickname": null,
      "role": "admin",
      "city": null,
      "english_level": null,
      "learning_goal": null,
      "source_channel": null,
      "lead_status": "new",
      "assigned_consultant_id": null,
      "updated_at": "2026-07-24T01:34:15.760Z"
    },
    {
      "id": "5efcd1fd-5448-4f7b-9b75-9b60fbcf1c08",
      "full_name": "Codex Screenshot Admin",
      "avatar_url": null,
      "phone": null,
      "nickname": "Codex Admin",
      "role": "admin",
      "city": null,
      "english_level": null,
      "learning_goal": null,
      "source_channel": null,
      "lead_status": "new",
      "assigned_consultant_id": null,
      "updated_at": "2026-07-25T21:08:38.708Z"
    }
  ],
  "loggedAt": "2026-07-31T00:23:56.229Z"
}
[32m[Nest] 71352  - [39m2026/07/31 08:24:16 [32m    LOG[39m [38;5;3m[JobLocalExecutorService] [39m[32mSupabase users log job "supabase_users_20s_logger" fetched 6 rows. runId=50ccba9e-2562-43d1-86d9-47ec1c6b832d[39m
[workflow-api][supabase-users-log] {
  "handledBy": "workflow.supabase.users.log",
  "jobCode": "supabase_users_20s_logger",
  "runId": "50ccba9e-2562-43d1-86d9-47ec1c6b832d",
  "userCount": 6,
  "users": [
    {
      "id": "d327cb46-374f-483e-b721-182baf8fe32b",
      "full_name": null,
      "avatar_url": null,
      "phone": null,
      "nickname": null,
      "role": "student",
      "city": null,
      "english_level": null,
      "learning_goal": null,
      "source_channel": null,
      "lead_status": "new",
      "assigned_consultant_id": null,
      "updated_at": "2026-07-21T18:29:33.444Z"
    },
    {
      "id": "83ca3cc5-8ebf-4df4-a5f1-b6e695eb1256",
      "full_name": "Codex Test User",
      "avatar_url": null,
      "phone": null,
      "nickname": null,
      "role": "admin",
      "city": null,
      "english_level": null,
      "learning_goal": null,
      "source_channel": null,
      "lead_status": "new",
      "assigned_consultant_id": null,
      "updated_at": "2026-07-21T18:59:04.796Z"
    },
    {
      "id": "90f8c866-56d2-4a0d-aa8c-e50534a97ebd",
      "full_name": "qweqweqwe",
      "avatar_url": null,
      "phone": null,
      "nickname": null,
      "role": "admin",
      "city": null,
      "english_level": null,
      "learning_goal": null,
      "source_channel": null,
      "lead_status": "new",
      "assigned_consultant_id": null,
      "updated_at": "2026-07-22T04:05:00.140Z"
    },
    {
      "id": "c1b2a493-a876-4c02-979a-1dd3b0647578",
      "full_name": "Codex Low-Code Admin",
      "avatar_url": null,
      "phone": null,
      "nickname": null,
      "role": "admin",
      "city": null,
      "english_level": null,
      "learning_goal": null,
      "source_channel": null,
      "lead_status": "new",
      "assigned_consultant_id": null,
      "updated_at": "2026-07-23T03:10:49.583Z"
    },
    {
      "id": "50bfca3f-e053-4225-a699-3a2f4522fae9",
      "full_name": "Codex Admin",
      "avatar_url": null,
      "phone": null,
      "nickname": null,
      "role": "admin",
      "city": null,
      "english_level": null,
      "learning_goal": null,
      "source_channel": null,
      "lead_status": "new",
      "assigned_consultant_id": null,
      "updated_at": "2026-07-24T01:34:15.760Z"
    },
    {
      "id": "5efcd1fd-5448-4f7b-9b75-9b60fbcf1c08",
      "full_name": "Codex Screenshot Admin",
      "avatar_url": null,
      "phone": null,
      "nickname": "Codex Admin",
      "role": "admin",
      "city": null,
      "english_level": null,
      "learning_goal": null,
      "source_channel": null,
      "lead_status": "new",
      "assigned_consultant_id": null,
      "updated_at": "2026-07-25T21:08:38.708Z"
    }
  ],
  "loggedAt": "2026-07-31T00:24:16.399Z"
}
[32m[Nest] 71352  - [39m2026/07/31 08:24:36 [32m    LOG[39m [38;5;3m[JobLocalExecutorService] [39m[32mSupabase users log job "supabase_users_20s_logger" fetched 6 rows. runId=21fb84c8-4a35-4655-87d1-7b3430e31af7[39m
[workflow-api][supabase-users-log] {
  "handledBy": "workflow.supabase.users.log",
  "jobCode": "supabase_users_20s_logger",
  "runId": "21fb84c8-4a35-4655-87d1-7b3430e31af7",
  "userCount": 6,
  "users": [
    {
      "id": "d327cb46-374f-483e-b721-182baf8fe32b",
      "full_name": null,
      "avatar_url": null,
      "phone": null,
      "nickname": null,
      "role": "student",
      "city": null,
      "english_level": null,
      "learning_goal": null,
      "source_channel": null,
      "lead_status": "new",
      "assigned_consultant_id": null,
      "updated_at": "2026-07-21T18:29:33.444Z"
    },
    {
      "id": "83ca3cc5-8ebf-4df4-a5f1-b6e695eb1256",
      "full_name": "Codex Test User",
      "avatar_url": null,
      "phone": null,
      "nickname": null,
      "role": "admin",
      "city": null,
      "english_level": null,
      "learning_goal": null,
      "source_channel": null,
      "lead_status": "new",
      "assigned_consultant_id": null,
      "updated_at": "2026-07-21T18:59:04.796Z"
    },
    {
      "id": "90f8c866-56d2-4a0d-aa8c-e50534a97ebd",
      "full_name": "qweqweqwe",
      "avatar_url": null,
      "phone": null,
      "nickname": null,
      "role": "admin",
      "city": null,
      "english_level": null,
      "learning_goal": null,
      "source_channel": null,
      "lead_status": "new",
      "assigned_consultant_id": null,
      "updated_at": "2026-07-22T04:05:00.140Z"
    },
    {
      "id": "c1b2a493-a876-4c02-979a-1dd3b0647578",
      "full_name": "Codex Low-Code Admin",
      "avatar_url": null,
      "phone": null,
      "nickname": null,
      "role": "admin",
      "city": null,
      "english_level": null,
      "learning_goal": null,
      "source_channel": null,
      "lead_status": "new",
      "assigned_consultant_id": null,
      "updated_at": "2026-07-23T03:10:49.583Z"
    },
    {
      "id": "50bfca3f-e053-4225-a699-3a2f4522fae9",
      "full_name": "Codex Admin",
      "avatar_url": null,
      "phone": null,
      "nickname": null,
      "role": "admin",
      "city": null,
      "english_level": null,
      "learning_goal": null,
      "source_channel": null,
      "lead_status": "new",
      "assigned_consultant_id": null,
      "updated_at": "2026-07-24T01:34:15.760Z"
    },
    {
      "id": "5efcd1fd-5448-4f7b-9b75-9b60fbcf1c08",
      "full_name": "Codex Screenshot Admin",
      "avatar_url": null,
      "phone": null,
      "nickname": "Codex Admin",
      "role": "admin",
      "city": null,
      "english_level": null,
      "learning_goal": null,
      "source_channel": null,
      "lead_status": "new",
      "assigned_consultant_id": null,
      "updated_at": "2026-07-25T21:08:38.708Z"
    }
  ],
  "loggedAt": "2026-07-31T00:24:36.573Z"
}
[32m[Nest] 71352  - [39m2026/07/31 08:24:56 [32m    LOG[39m [38;5;3m[JobLocalExecutorService] [39m[32mSupabase users log job "supabase_users_20s_logger" fetched 6 rows. runId=b9e6924f-668c-42cd-b953-fca0060faa2e[39m
[workflow-api][supabase-users-log] {
  "handledBy": "workflow.supabase.users.log",
  "jobCode": "supabase_users_20s_logger",
  "runId": "b9e6924f-668c-42cd-b953-fca0060faa2e",
  "userCount": 6,
  "users": [
    {
      "id": "d327cb46-374f-483e-b721-182baf8fe32b",
      "full_name": null,
      "avatar_url": null,
      "phone": null,
      "nickname": null,
      "role": "student",
      "city": null,
      "english_level": null,
      "learning_goal": null,
      "source_channel": null,
      "lead_status": "new",
      "assigned_consultant_id": null,
      "updated_at": "2026-07-21T18:29:33.444Z"
    },
    {
      "id": "83ca3cc5-8ebf-4df4-a5f1-b6e695eb1256",
      "full_name": "Codex Test User",
      "avatar_url": null,
      "phone": null,
      "nickname": null,
      "role": "admin",
      "city": null,
      "english_level": null,
      "learning_goal": null,
      "source_channel": null,
      "lead_status": "new",
      "assigned_consultant_id": null,
      "updated_at": "2026-07-21T18:59:04.796Z"
    },
    {
      "id": "90f8c866-56d2-4a0d-aa8c-e50534a97ebd",
      "full_name": "qweqweqwe",
      "avatar_url": null,
      "phone": null,
      "nickname": null,
      "role": "admin",
      "city": null,
      "english_level": null,
      "learning_goal": null,
      "source_channel": null,
      "lead_status": "new",
      "assigned_consultant_id": null,
      "updated_at": "2026-07-22T04:05:00.140Z"
    },
    {
      "id": "c1b2a493-a876-4c02-979a-1dd3b0647578",
      "full_name": "Codex Low-Code Admin",
      "avatar_url": null,
      "phone": null,
      "nickname": null,
      "role": "admin",
      "city": null,
      "english_level": null,
      "learning_goal": null,
      "source_channel": null,
      "lead_status": "new",
      "assigned_consultant_id": null,
      "updated_at": "2026-07-23T03:10:49.583Z"
    },
    {
      "id": "50bfca3f-e053-4225-a699-3a2f4522fae9",
      "full_name": "Codex Admin",
      "avatar_url": null,
      "phone": null,
      "nickname": null,
      "role": "admin",
      "city": null,
      "english_level": null,
      "learning_goal": null,
      "source_channel": null,
      "lead_status": "new",
      "assigned_consultant_id": null,
      "updated_at": "2026-07-24T01:34:15.760Z"
    },
    {
      "id": "5efcd1fd-5448-4f7b-9b75-9b60fbcf1c08",
      "full_name": "Codex Screenshot Admin",
      "avatar_url": null,
      "phone": null,
      "nickname": "Codex Admin",
      "role": "admin",
      "city": null,
      "english_level": null,
      "learning_goal": null,
      "source_channel": null,
      "lead_status": "new",
      "assigned_consultant_id": null,
      "updated_at": "2026-07-25T21:08:38.708Z"
    }
  ],
  "loggedAt": "2026-07-31T00:24:56.743Z"
}
[32m[Nest] 71352  - [39m2026/07/31 08:25:17 [32m    LOG[39m [38;5;3m[JobLocalExecutorService] [39m[32mSupabase users log job "supabase_users_20s_logger" fetched 6 rows. runId=1800a7ef-443b-43a3-9c7f-359ffd7131fc[39m
[workflow-api][supabase-users-log] {
  "handledBy": "workflow.supabase.users.log",
  "jobCode": "supabase_users_20s_logger",
  "runId": "1800a7ef-443b-43a3-9c7f-359ffd7131fc",
  "userCount": 6,
  "users": [
    {
      "id": "d327cb46-374f-483e-b721-182baf8fe32b",
      "full_name": null,
      "avatar_url": null,
      "phone": null,
      "nickname": null,
      "role": "student",
      "city": null,
      "english_level": null,
      "learning_goal": null,
      "source_channel": null,
      "lead_status": "new",
      "assigned_consultant_id": null,
      "updated_at": "2026-07-21T18:29:33.444Z"
    },
    {
      "id": "83ca3cc5-8ebf-4df4-a5f1-b6e695eb1256",
      "full_name": "Codex Test User",
      "avatar_url": null,
      "phone": null,
      "nickname": null,
      "role": "admin",
      "city": null,
      "english_level": null,
      "learning_goal": null,
      "source_channel": null,
      "lead_status": "new",
      "assigned_consultant_id": null,
      "updated_at": "2026-07-21T18:59:04.796Z"
    },
    {
      "id": "90f8c866-56d2-4a0d-aa8c-e50534a97ebd",
      "full_name": "qweqweqwe",
      "avatar_url": null,
      "phone": null,
      "nickname": null,
      "role": "admin",
      "city": null,
      "english_level": null,
      "learning_goal": null,
      "source_channel": null,
      "lead_status": "new",
      "assigned_consultant_id": null,
      "updated_at": "2026-07-22T04:05:00.140Z"
    },
    {
      "id": "c1b2a493-a876-4c02-979a-1dd3b0647578",
      "full_name": "Codex Low-Code Admin",
      "avatar_url": null,
      "phone": null,
      "nickname": null,
      "role": "admin",
      "city": null,
      "english_level": null,
      "learning_goal": null,
      "source_channel": null,
      "lead_status": "new",
      "assigned_consultant_id": null,
      "updated_at": "2026-07-23T03:10:49.583Z"
    },
    {
      "id": "50bfca3f-e053-4225-a699-3a2f4522fae9",
      "full_name": "Codex Admin",
      "avatar_url": null,
      "phone": null,
      "nickname": null,
      "role": "admin",
      "city": null,
      "english_level": null,
      "learning_goal": null,
      "source_channel": null,
      "lead_status": "new",
      "assigned_consultant_id": null,
      "updated_at": "2026-07-24T01:34:15.760Z"
    },
    {
      "id": "5efcd1fd-5448-4f7b-9b75-9b60fbcf1c08",
      "full_name": "Codex Screenshot Admin",
      "avatar_url": null,
      "phone": null,
      "nickname": "Codex Admin",
      "role": "admin",
      "city": null,
      "english_level": null,
      "learning_goal": null,
      "source_channel": null,
      "lead_status": "new",
      "assigned_consultant_id": null,
      "updated_at": "2026-07-25T21:08:38.708Z"
    }
  ],
  "loggedAt": "2026-07-31T00:25:17.971Z"
}
[32m[Nest] 71352  - [39m2026/07/31 08:25:39 [32m    LOG[39m [38;5;3m[JobLocalExecutorService] [39m[32mSupabase users log job "supabase_users_20s_logger" fetched 6 rows. runId=467e3007-3454-49ce-8167-09c4186f22e6[39m
[workflow-api][supabase-users-log] {
  "handledBy": "workflow.supabase.users.log",
  "jobCode": "supabase_users_20s_logger",
  "runId": "467e3007-3454-49ce-8167-09c4186f22e6",
  "userCount": 6,
  "users": [
    {
      "id": "d327cb46-374f-483e-b721-182baf8fe32b",
      "full_name": null,
      "avatar_url": null,
      "phone": null,
      "nickname": null,
      "role": "student",
      "city": null,
      "english_level": null,
      "learning_goal": null,
      "source_channel": null,
      "lead_status": "new",
      "assigned_consultant_id": null,
      "updated_at": "2026-07-21T18:29:33.444Z"
    },
    {
      "id": "83ca3cc5-8ebf-4df4-a5f1-b6e695eb1256",
      "full_name": "Codex Test User",
      "avatar_url": null,
      "phone": null,
      "nickname": null,
      "role": "admin",
      "city": null,
      "english_level": null,
      "learning_goal": null,
      "source_channel": null,
      "lead_status": "new",
      "assigned_consultant_id": null,
      "updated_at": "2026-07-21T18:59:04.796Z"
    },
    {
      "id": "90f8c866-56d2-4a0d-aa8c-e50534a97ebd",
      "full_name": "qweqweqwe",
      "avatar_url": null,
      "phone": null,
      "nickname": null,
      "role": "admin",
      "city": null,
      "english_level": null,
      "learning_goal": null,
      "source_channel": null,
      "lead_status": "new",
      "assigned_consultant_id": null,
      "updated_at": "2026-07-22T04:05:00.140Z"
    },
    {
      "id": "c1b2a493-a876-4c02-979a-1dd3b0647578",
      "full_name": "Codex Low-Code Admin",
      "avatar_url": null,
      "phone": null,
      "nickname": null,
      "role": "admin",
      "city": null,
      "english_level": null,
      "learning_goal": null,
      "source_channel": null,
      "lead_status": "new",
      "assigned_consultant_id": null,
      "updated_at": "2026-07-23T03:10:49.583Z"
    },
    {
      "id": "50bfca3f-e053-4225-a699-3a2f4522fae9",
      "full_name": "Codex Admin",
      "avatar_url": null,
      "phone": null,
      "nickname": null,
      "role": "admin",
      "city": null,
      "english_level": null,
      "learning_goal": null,
      "source_channel": null,
      "lead_status": "new",
      "assigned_consultant_id": null,
      "updated_at": "2026-07-24T01:34:15.760Z"
    },
    {
      "id": "5efcd1fd-5448-4f7b-9b75-9b60fbcf1c08",
      "full_name": "Codex Screenshot Admin",
      "avatar_url": null,
      "phone": null,
      "nickname": "Codex Admin",
      "role": "admin",
      "city": null,
      "english_level": null,
      "learning_goal": null,
      "source_channel": null,
      "lead_status": "new",
      "assigned_consultant_id": null,
      "updated_at": "2026-07-25T21:08:38.708Z"
    }
  ],
  "loggedAt": "2026-07-31T00:25:39.066Z"
}
[32m[Nest] 71352  - [39m2026/07/31 08:26:00 [32m    LOG[39m [38;5;3m[JobLocalExecutorService] [39m[32mSupabase users log job "supabase_users_20s_logger" fetched 6 rows. runId=8a12fda1-d4e8-4146-b175-97c104941206[39m
[workflow-api][supabase-users-log] {
  "handledBy": "workflow.supabase.users.log",
  "jobCode": "supabase_users_20s_logger",
  "runId": "8a12fda1-d4e8-4146-b175-97c104941206",
  "userCount": 6,
  "users": [
    {
      "id": "d327cb46-374f-483e-b721-182baf8fe32b",
      "full_name": null,
      "avatar_url": null,
      "phone": null,
      "nickname": null,
      "role": "student",
      "city": null,
      "english_level": null,
      "learning_goal": null,
      "source_channel": null,
      "lead_status": "new",
      "assigned_consultant_id": null,
      "updated_at": "2026-07-21T18:29:33.444Z"
    },
    {
      "id": "83ca3cc5-8ebf-4df4-a5f1-b6e695eb1256",
      "full_name": "Codex Test User",
      "avatar_url": null,
      "phone": null,
      "nickname": null,
      "role": "admin",
      "city": null,
      "english_level": null,
      "learning_goal": null,
      "source_channel": null,
      "lead_status": "new",
      "assigned_consultant_id": null,
      "updated_at": "2026-07-21T18:59:04.796Z"
    },
    {
      "id": "90f8c866-56d2-4a0d-aa8c-e50534a97ebd",
      "full_name": "qweqweqwe",
      "avatar_url": null,
      "phone": null,
      "nickname": null,
      "role": "admin",
      "city": null,
      "english_level": null,
      "learning_goal": null,
      "source_channel": null,
      "lead_status": "new",
      "assigned_consultant_id": null,
      "updated_at": "2026-07-22T04:05:00.140Z"
    },
    {
      "id": "c1b2a493-a876-4c02-979a-1dd3b0647578",
      "full_name": "Codex Low-Code Admin",
      "avatar_url": null,
      "phone": null,
      "nickname": null,
      "role": "admin",
      "city": null,
      "english_level": null,
      "learning_goal": null,
      "source_channel": null,
      "lead_status": "new",
      "assigned_consultant_id": null,
      "updated_at": "2026-07-23T03:10:49.583Z"
    },
    {
      "id": "50bfca3f-e053-4225-a699-3a2f4522fae9",
      "full_name": "Codex Admin",
      "avatar_url": null,
      "phone": null,
      "nickname": null,
      "role": "admin",
      "city": null,
      "english_level": null,
      "learning_goal": null,
      "source_channel": null,
      "lead_status": "new",
      "assigned_consultant_id": null,
      "updated_at": "2026-07-24T01:34:15.760Z"
    },
    {
      "id": "5efcd1fd-5448-4f7b-9b75-9b60fbcf1c08",
      "full_name": "Codex Screenshot Admin",
      "avatar_url": null,
      "phone": null,
      "nickname": "Codex Admin",
      "role": "admin",
      "city": null,
      "english_level": null,
      "learning_goal": null,
      "source_channel": null,
      "lead_status": "new",
      "assigned_consultant_id": null,
      "updated_at": "2026-07-25T21:08:38.708Z"
    }
  ],
  "loggedAt": "2026-07-31T00:26:00.211Z"
}
[32m[Nest] 71352  - [39m2026/07/31 08:26:20 [32m    LOG[39m [38;5;3m[JobLocalExecutorService] [39m[32mSupabase users log job "supabase_users_20s_logger" fetched 6 rows. runId=e4e29fd9-f100-4f6d-ba66-9bcf8d064606[39m
[workflow-api][supabase-users-log] {
  "handledBy": "workflow.supabase.users.log",
  "jobCode": "supabase_users_20s_logger",
  "runId": "e4e29fd9-f100-4f6d-ba66-9bcf8d064606",
  "userCount": 6,
  "users": [
    {
      "id": "d327cb46-374f-483e-b721-182baf8fe32b",
      "full_name": null,
      "avatar_url": null,
      "phone": null,
      "nickname": null,
      "role": "student",
      "city": null,
      "english_level": null,
      "learning_goal": null,
      "source_channel": null,
      "lead_status": "new",
      "assigned_consultant_id": null,
      "updated_at": "2026-07-21T18:29:33.444Z"
    },
    {
      "id": "83ca3cc5-8ebf-4df4-a5f1-b6e695eb1256",
      "full_name": "Codex Test User",
      "avatar_url": null,
      "phone": null,
      "nickname": null,
      "role": "admin",
      "city": null,
      "english_level": null,
      "learning_goal": null,
      "source_channel": null,
      "lead_status": "new",
      "assigned_consultant_id": null,
      "updated_at": "2026-07-21T18:59:04.796Z"
    },
    {
      "id": "90f8c866-56d2-4a0d-aa8c-e50534a97ebd",
      "full_name": "qweqweqwe",
      "avatar_url": null,
      "phone": null,
      "nickname": null,
      "role": "admin",
      "city": null,
      "english_level": null,
      "learning_goal": null,
      "source_channel": null,
      "lead_status": "new",
      "assigned_consultant_id": null,
      "updated_at": "2026-07-22T04:05:00.140Z"
    },
    {
      "id": "c1b2a493-a876-4c02-979a-1dd3b0647578",
      "full_name": "Codex Low-Code Admin",
      "avatar_url": null,
      "phone": null,
      "nickname": null,
      "role": "admin",
      "city": null,
      "english_level": null,
      "learning_goal": null,
      "source_channel": null,
      "lead_status": "new",
      "assigned_consultant_id": null,
      "updated_at": "2026-07-23T03:10:49.583Z"
    },
    {
      "id": "50bfca3f-e053-4225-a699-3a2f4522fae9",
      "full_name": "Codex Admin",
      "avatar_url": null,
      "phone": null,
      "nickname": null,
      "role": "admin",
      "city": null,
      "english_level": null,
      "learning_goal": null,
      "source_channel": null,
      "lead_status": "new",
      "assigned_consultant_id": null,
      "updated_at": "2026-07-24T01:34:15.760Z"
    },
    {
      "id": "5efcd1fd-5448-4f7b-9b75-9b60fbcf1c08",
      "full_name": "Codex Screenshot Admin",
      "avatar_url": null,
      "phone": null,
      "nickname": "Codex Admin",
      "role": "admin",
      "city": null,
      "english_level": null,
      "learning_goal": null,
      "source_channel": null,
      "lead_status": "new",
      "assigned_consultant_id": null,
      "updated_at": "2026-07-25T21:08:38.708Z"
    }
  ],
  "loggedAt": "2026-07-31T00:26:20.374Z"
}
[32m[Nest] 71352  - [39m2026/07/31 08:26:41 [32m    LOG[39m [38;5;3m[JobLocalExecutorService] [39m[32mSupabase users log job "supabase_users_20s_logger" fetched 6 rows. runId=4265c908-88eb-4a5c-b8de-be0684361c01[39m
[workflow-api][supabase-users-log] {
  "handledBy": "workflow.supabase.users.log",
  "jobCode": "supabase_users_20s_logger",
  "runId": "4265c908-88eb-4a5c-b8de-be0684361c01",
  "userCount": 6,
  "users": [
    {
      "id": "d327cb46-374f-483e-b721-182baf8fe32b",
      "full_name": null,
      "avatar_url": null,
      "phone": null,
      "nickname": null,
      "role": "student",
      "city": null,
      "english_level": null,
      "learning_goal": null,
      "source_channel": null,
      "lead_status": "new",
      "assigned_consultant_id": null,
      "updated_at": "2026-07-21T18:29:33.444Z"
    },
    {
      "id": "83ca3cc5-8ebf-4df4-a5f1-b6e695eb1256",
      "full_name": "Codex Test User",
      "avatar_url": null,
      "phone": null,
      "nickname": null,
      "role": "admin",
      "city": null,
      "english_level": null,
      "learning_goal": null,
      "source_channel": null,
      "lead_status": "new",
      "assigned_consultant_id": null,
      "updated_at": "2026-07-21T18:59:04.796Z"
    },
    {
      "id": "90f8c866-56d2-4a0d-aa8c-e50534a97ebd",
      "full_name": "qweqweqwe",
      "avatar_url": null,
      "phone": null,
      "nickname": null,
      "role": "admin",
      "city": null,
      "english_level": null,
      "learning_goal": null,
      "source_channel": null,
      "lead_status": "new",
      "assigned_consultant_id": null,
      "updated_at": "2026-07-22T04:05:00.140Z"
    },
    {
      "id": "c1b2a493-a876-4c02-979a-1dd3b0647578",
      "full_name": "Codex Low-Code Admin",
      "avatar_url": null,
      "phone": null,
      "nickname": null,
      "role": "admin",
      "city": null,
      "english_level": null,
      "learning_goal": null,
      "source_channel": null,
      "lead_status": "new",
      "assigned_consultant_id": null,
      "updated_at": "2026-07-23T03:10:49.583Z"
    },
    {
      "id": "50bfca3f-e053-4225-a699-3a2f4522fae9",
      "full_name": "Codex Admin",
      "avatar_url": null,
      "phone": null,
      "nickname": null,
      "role": "admin",
      "city": null,
      "english_level": null,
      "learning_goal": null,
      "source_channel": null,
      "lead_status": "new",
      "assigned_consultant_id": null,
      "updated_at": "2026-07-24T01:34:15.760Z"
    },
    {
      "id": "5efcd1fd-5448-4f7b-9b75-9b60fbcf1c08",
      "full_name": "Codex Screenshot Admin",
      "avatar_url": null,
      "phone": null,
      "nickname": "Codex Admin",
      "role": "admin",
      "city": null,
      "english_level": null,
      "learning_goal": null,
      "source_channel": null,
      "lead_status": "new",
      "assigned_consultant_id": null,
      "updated_at": "2026-07-25T21:08:38.708Z"
    }
  ],
  "loggedAt": "2026-07-31T00:26:41.538Z"
}
[32m[Nest] 71352  - [39m2026/07/31 08:27:02 [32m    LOG[39m [38;5;3m[JobLocalExecutorService] [39m[32mSupabase users log job "supabase_users_20s_logger" fetched 6 rows. runId=c7ae97a7-38b0-4500-a747-5928bf534c36[39m
[workflow-api][supabase-users-log] {
  "handledBy": "workflow.supabase.users.log",
  "jobCode": "supabase_users_20s_logger",
  "runId": "c7ae97a7-38b0-4500-a747-5928bf534c36",
  "userCount": 6,
  "users": [
    {
      "id": "d327cb46-374f-483e-b721-182baf8fe32b",
      "full_name": null,
      "avatar_url": null,
      "phone": null,
      "nickname": null,
      "role": "student",
      "city": null,
      "english_level": null,
      "learning_goal": null,
      "source_channel": null,
      "lead_status": "new",
      "assigned_consultant_id": null,
      "updated_at": "2026-07-21T18:29:33.444Z"
    },
    {
      "id": "83ca3cc5-8ebf-4df4-a5f1-b6e695eb1256",
      "full_name": "Codex Test User",
      "avatar_url": null,
      "phone": null,
      "nickname": null,
      "role": "admin",
      "city": null,
      "english_level": null,
      "learning_goal": null,
      "source_channel": null,
      "lead_status": "new",
      "assigned_consultant_id": null,
      "updated_at": "2026-07-21T18:59:04.796Z"
    },
    {
      "id": "90f8c866-56d2-4a0d-aa8c-e50534a97ebd",
      "full_name": "qweqweqwe",
      "avatar_url": null,
      "phone": null,
      "nickname": null,
      "role": "admin",
      "city": null,
      "english_level": null,
      "learning_goal": null,
      "source_channel": null,
      "lead_status": "new",
      "assigned_consultant_id": null,
      "updated_at": "2026-07-22T04:05:00.140Z"
    },
    {
      "id": "c1b2a493-a876-4c02-979a-1dd3b0647578",
      "full_name": "Codex Low-Code Admin",
      "avatar_url": null,
      "phone": null,
      "nickname": null,
      "role": "admin",
      "city": null,
      "english_level": null,
      "learning_goal": null,
      "source_channel": null,
      "lead_status": "new",
      "assigned_consultant_id": null,
      "updated_at": "2026-07-23T03:10:49.583Z"
    },
    {
      "id": "50bfca3f-e053-4225-a699-3a2f4522fae9",
      "full_name": "Codex Admin",
      "avatar_url": null,
      "phone": null,
      "nickname": null,
      "role": "admin",
      "city": null,
      "english_level": null,
      "learning_goal": null,
      "source_channel": null,
      "lead_status": "new",
      "assigned_consultant_id": null,
      "updated_at": "2026-07-24T01:34:15.760Z"
    },
    {
      "id": "5efcd1fd-5448-4f7b-9b75-9b60fbcf1c08",
      "full_name": "Codex Screenshot Admin",
      "avatar_url": null,
      "phone": null,
      "nickname": "Codex Admin",
      "role": "admin",
      "city": null,
      "english_level": null,
      "learning_goal": null,
      "source_channel": null,
      "lead_status": "new",
      "assigned_consultant_id": null,
      "updated_at": "2026-07-25T21:08:38.708Z"
    }
  ],
  "loggedAt": "2026-07-31T00:27:02.687Z"
}
[32m[Nest] 71352  - [39m2026/07/31 08:27:22 [32m    LOG[39m [38;5;3m[JobLocalExecutorService] [39m[32mSupabase users log job "supabase_users_20s_logger" fetched 6 rows. runId=3976ee1a-9087-4d54-886c-74e57c349dbf[39m
[workflow-api][supabase-users-log] {
  "handledBy": "workflow.supabase.users.log",
  "jobCode": "supabase_users_20s_logger",
  "runId": "3976ee1a-9087-4d54-886c-74e57c349dbf",
  "userCount": 6,
  "users": [
    {
      "id": "d327cb46-374f-483e-b721-182baf8fe32b",
      "full_name": null,
      "avatar_url": null,
      "phone": null,
      "nickname": null,
      "role": "student",
      "city": null,
      "english_level": null,
      "learning_goal": null,
      "source_channel": null,
      "lead_status": "new",
      "assigned_consultant_id": null,
      "updated_at": "2026-07-21T18:29:33.444Z"
    },
    {
      "id": "83ca3cc5-8ebf-4df4-a5f1-b6e695eb1256",
      "full_name": "Codex Test User",
      "avatar_url": null,
      "phone": null,
      "nickname": null,
      "role": "admin",
      "city": null,
      "english_level": null,
      "learning_goal": null,
      "source_channel": null,
      "lead_status": "new",
      "assigned_consultant_id": null,
      "updated_at": "2026-07-21T18:59:04.796Z"
    },
    {
      "id": "90f8c866-56d2-4a0d-aa8c-e50534a97ebd",
      "full_name": "qweqweqwe",
      "avatar_url": null,
      "phone": null,
      "nickname": null,
      "role": "admin",
      "city": null,
      "english_level": null,
      "learning_goal": null,
      "source_channel": null,
      "lead_status": "new",
      "assigned_consultant_id": null,
      "updated_at": "2026-07-22T04:05:00.140Z"
    },
    {
      "id": "c1b2a493-a876-4c02-979a-1dd3b0647578",
      "full_name": "Codex Low-Code Admin",
      "avatar_url": null,
      "phone": null,
      "nickname": null,
      "role": "admin",
      "city": null,
      "english_level": null,
      "learning_goal": null,
      "source_channel": null,
      "lead_status": "new",
      "assigned_consultant_id": null,
      "updated_at": "2026-07-23T03:10:49.583Z"
    },
    {
      "id": "50bfca3f-e053-4225-a699-3a2f4522fae9",
      "full_name": "Codex Admin",
      "avatar_url": null,
      "phone": null,
      "nickname": null,
      "role": "admin",
      "city": null,
      "english_level": null,
      "learning_goal": null,
      "source_channel": null,
      "lead_status": "new",
      "assigned_consultant_id": null,
      "updated_at": "2026-07-24T01:34:15.760Z"
    },
    {
      "id": "5efcd1fd-5448-4f7b-9b75-9b60fbcf1c08",
      "full_name": "Codex Screenshot Admin",
      "avatar_url": null,
      "phone": null,
      "nickname": "Codex Admin",
      "role": "admin",
      "city": null,
      "english_level": null,
      "learning_goal": null,
      "source_channel": null,
      "lead_status": "new",
      "assigned_consultant_id": null,
      "updated_at": "2026-07-25T21:08:38.708Z"
    }
  ],
  "loggedAt": "2026-07-31T00:27:22.855Z"
}
[32m[Nest] 71352  - [39m2026/07/31 08:27:44 [32m    LOG[39m [38;5;3m[JobLocalExecutorService] [39m[32mSupabase users log job "supabase_users_20s_logger" fetched 6 rows. runId=8ae83132-ddd6-4503-a441-90ac76f7b7d8[39m
[workflow-api][supabase-users-log] {
  "handledBy": "workflow.supabase.users.log",
  "jobCode": "supabase_users_20s_logger",
  "runId": "8ae83132-ddd6-4503-a441-90ac76f7b7d8",
  "userCount": 6,
  "users": [
    {
      "id": "d327cb46-374f-483e-b721-182baf8fe32b",
      "full_name": null,
      "avatar_url": null,
      "phone": null,
      "nickname": null,
      "role": "student",
      "city": null,
      "english_level": null,
      "learning_goal": null,
      "source_channel": null,
      "lead_status": "new",
      "assigned_consultant_id": null,
      "updated_at": "2026-07-21T18:29:33.444Z"
    },
    {
      "id": "83ca3cc5-8ebf-4df4-a5f1-b6e695eb1256",
      "full_name": "Codex Test User",
      "avatar_url": null,
      "phone": null,
      "nickname": null,
      "role": "admin",
      "city": null,
      "english_level": null,
      "learning_goal": null,
      "source_channel": null,
      "lead_status": "new",
      "assigned_consultant_id": null,
      "updated_at": "2026-07-21T18:59:04.796Z"
    },
    {
      "id": "90f8c866-56d2-4a0d-aa8c-e50534a97ebd",
      "full_name": "qweqweqwe",
      "avatar_url": null,
      "phone": null,
      "nickname": null,
      "role": "admin",
      "city": null,
      "english_level": null,
      "learning_goal": null,
      "source_channel": null,
      "lead_status": "new",
      "assigned_consultant_id": null,
      "updated_at": "2026-07-22T04:05:00.140Z"
    },
    {
      "id": "c1b2a493-a876-4c02-979a-1dd3b0647578",
      "full_name": "Codex Low-Code Admin",
      "avatar_url": null,
      "phone": null,
      "nickname": null,
      "role": "admin",
      "city": null,
      "english_level": null,
      "learning_goal": null,
      "source_channel": null,
      "lead_status": "new",
      "assigned_consultant_id": null,
      "updated_at": "2026-07-23T03:10:49.583Z"
    },
    {
      "id": "50bfca3f-e053-4225-a699-3a2f4522fae9",
      "full_name": "Codex Admin",
      "avatar_url": null,
      "phone": null,
      "nickname": null,
      "role": "admin",
      "city": null,
      "english_level": null,
      "learning_goal": null,
      "source_channel": null,
      "lead_status": "new",
      "assigned_consultant_id": null,
      "updated_at": "2026-07-24T01:34:15.760Z"
    },
    {
      "id": "5efcd1fd-5448-4f7b-9b75-9b60fbcf1c08",
      "full_name": "Codex Screenshot Admin",
      "avatar_url": null,
      "phone": null,
      "nickname": "Codex Admin",
      "role": "admin",
      "city": null,
      "english_level": null,
      "learning_goal": null,
      "source_channel": null,
      "lead_status": "new",
      "assigned_consultant_id": null,
      "updated_at": "2026-07-25T21:08:38.708Z"
    }
  ],
  "loggedAt": "2026-07-31T00:27:44.006Z"
}
[32m[Nest] 71352  - [39m2026/07/31 08:28:05 [32m    LOG[39m [38;5;3m[JobLocalExecutorService] [39m[32mSupabase users log job "supabase_users_20s_logger" fetched 6 rows. runId=f52700ab-c258-4c26-b137-86ce9eed87c0[39m
[workflow-api][supabase-users-log] {
  "handledBy": "workflow.supabase.users.log",
  "jobCode": "supabase_users_20s_logger",
  "runId": "f52700ab-c258-4c26-b137-86ce9eed87c0",
  "userCount": 6,
  "users": [
    {
      "id": "d327cb46-374f-483e-b721-182baf8fe32b",
      "full_name": null,
      "avatar_url": null,
      "phone": null,
      "nickname": null,
      "role": "student",
      "city": null,
      "english_level": null,
      "learning_goal": null,
      "source_channel": null,
      "lead_status": "new",
      "assigned_consultant_id": null,
      "updated_at": "2026-07-21T18:29:33.444Z"
    },
    {
      "id": "83ca3cc5-8ebf-4df4-a5f1-b6e695eb1256",
      "full_name": "Codex Test User",
      "avatar_url": null,
      "phone": null,
      "nickname": null,
      "role": "admin",
      "city": null,
      "english_level": null,
      "learning_goal": null,
      "source_channel": null,
      "lead_status": "new",
      "assigned_consultant_id": null,
      "updated_at": "2026-07-21T18:59:04.796Z"
    },
    {
      "id": "90f8c866-56d2-4a0d-aa8c-e50534a97ebd",
      "full_name": "qweqweqwe",
      "avatar_url": null,
      "phone": null,
      "nickname": null,
      "role": "admin",
      "city": null,
      "english_level": null,
      "learning_goal": null,
      "source_channel": null,
      "lead_status": "new",
      "assigned_consultant_id": null,
      "updated_at": "2026-07-22T04:05:00.140Z"
    },
    {
      "id": "c1b2a493-a876-4c02-979a-1dd3b0647578",
      "full_name": "Codex Low-Code Admin",
      "avatar_url": null,
      "phone": null,
      "nickname": null,
      "role": "admin",
      "city": null,
      "english_level": null,
      "learning_goal": null,
      "source_channel": null,
      "lead_status": "new",
      "assigned_consultant_id": null,
      "updated_at": "2026-07-23T03:10:49.583Z"
    },
    {
      "id": "50bfca3f-e053-4225-a699-3a2f4522fae9",
      "full_name": "Codex Admin",
      "avatar_url": null,
      "phone": null,
      "nickname": null,
      "role": "admin",
      "city": null,
      "english_level": null,
      "learning_goal": null,
      "source_channel": null,
      "lead_status": "new",
      "assigned_consultant_id": null,
      "updated_at": "2026-07-24T01:34:15.760Z"
    },
    {
      "id": "5efcd1fd-5448-4f7b-9b75-9b60fbcf1c08",
      "full_name": "Codex Screenshot Admin",
      "avatar_url": null,
      "phone": null,
      "nickname": "Codex Admin",
      "role": "admin",
      "city": null,
      "english_level": null,
      "learning_goal": null,
      "source_channel": null,
      "lead_status": "new",
      "assigned_consultant_id": null,
      "updated_at": "2026-07-25T21:08:38.708Z"
    }
  ],
  "loggedAt": "2026-07-31T00:28:05.164Z"
}
[32m[Nest] 71352  - [39m2026/07/31 08:28:25 [32m    LOG[39m [38;5;3m[JobLocalExecutorService] [39m[32mSupabase users log job "supabase_users_20s_logger" fetched 6 rows. runId=156ff17e-9531-4455-a89f-b51876159f55[39m
[workflow-api][supabase-users-log] {
  "handledBy": "workflow.supabase.users.log",
  "jobCode": "supabase_users_20s_logger",
  "runId": "156ff17e-9531-4455-a89f-b51876159f55",
  "userCount": 6,
  "users": [
    {
      "id": "d327cb46-374f-483e-b721-182baf8fe32b",
      "full_name": null,
      "avatar_url": null,
      "phone": null,
      "nickname": null,
      "role": "student",
      "city": null,
      "english_level": null,
      "learning_goal": null,
      "source_channel": null,
      "lead_status": "new",
      "assigned_consultant_id": null,
      "updated_at": "2026-07-21T18:29:33.444Z"
    },
    {
      "id": "83ca3cc5-8ebf-4df4-a5f1-b6e695eb1256",
      "full_name": "Codex Test User",
      "avatar_url": null,
      "phone": null,
      "nickname": null,
      "role": "admin",
      "city": null,
      "english_level": null,
      "learning_goal": null,
      "source_channel": null,
      "lead_status": "new",
      "assigned_consultant_id": null,
      "updated_at": "2026-07-21T18:59:04.796Z"
    },
    {
      "id": "90f8c866-56d2-4a0d-aa8c-e50534a97ebd",
      "full_name": "qweqweqwe",
      "avatar_url": null,
      "phone": null,
      "nickname": null,
      "role": "admin",
      "city": null,
      "english_level": null,
      "learning_goal": null,
      "source_channel": null,
      "lead_status": "new",
      "assigned_consultant_id": null,
      "updated_at": "2026-07-22T04:05:00.140Z"
    },
    {
      "id": "c1b2a493-a876-4c02-979a-1dd3b0647578",
      "full_name": "Codex Low-Code Admin",
      "avatar_url": null,
      "phone": null,
      "nickname": null,
      "role": "admin",
      "city": null,
      "english_level": null,
      "learning_goal": null,
      "source_channel": null,
      "lead_status": "new",
      "assigned_consultant_id": null,
      "updated_at": "2026-07-23T03:10:49.583Z"
    },
    {
      "id": "50bfca3f-e053-4225-a699-3a2f4522fae9",
      "full_name": "Codex Admin",
      "avatar_url": null,
      "phone": null,
      "nickname": null,
      "role": "admin",
      "city": null,
      "english_level": null,
      "learning_goal": null,
      "source_channel": null,
      "lead_status": "new",
      "assigned_consultant_id": null,
      "updated_at": "2026-07-24T01:34:15.760Z"
    },
    {
      "id": "5efcd1fd-5448-4f7b-9b75-9b60fbcf1c08",
      "full_name": "Codex Screenshot Admin",
      "avatar_url": null,
      "phone": null,
      "nickname": "Codex Admin",
      "role": "admin",
      "city": null,
      "english_level": null,
      "learning_goal": null,
      "source_channel": null,
      "lead_status": "new",
      "assigned_consultant_id": null,
      "updated_at": "2026-07-25T21:08:38.708Z"
    }
  ],
  "loggedAt": "2026-07-31T00:28:25.360Z"
}
[32m[Nest] 71352  - [39m2026/07/31 08:28:46 [32m    LOG[39m [38;5;3m[JobLocalExecutorService] [39m[32mSupabase users log job "supabase_users_20s_logger" fetched 6 rows. runId=796c333a-c8d8-42f7-8648-a01f2c8ce903[39m
[workflow-api][supabase-users-log] {
  "handledBy": "workflow.supabase.users.log",
  "jobCode": "supabase_users_20s_logger",
  "runId": "796c333a-c8d8-42f7-8648-a01f2c8ce903",
  "userCount": 6,
  "users": [
    {
      "id": "d327cb46-374f-483e-b721-182baf8fe32b",
      "full_name": null,
      "avatar_url": null,
      "phone": null,
      "nickname": null,
      "role": "student",
      "city": null,
      "english_level": null,
      "learning_goal": null,
      "source_channel": null,
      "lead_status": "new",
      "assigned_consultant_id": null,
      "updated_at": "2026-07-21T18:29:33.444Z"
    },
    {
      "id": "83ca3cc5-8ebf-4df4-a5f1-b6e695eb1256",
      "full_name": "Codex Test User",
      "avatar_url": null,
      "phone": null,
      "nickname": null,
      "role": "admin",
      "city": null,
      "english_level": null,
      "learning_goal": null,
      "source_channel": null,
      "lead_status": "new",
      "assigned_consultant_id": null,
      "updated_at": "2026-07-21T18:59:04.796Z"
    },
    {
      "id": "90f8c866-56d2-4a0d-aa8c-e50534a97ebd",
      "full_name": "qweqweqwe",
      "avatar_url": null,
      "phone": null,
      "nickname": null,
      "role": "admin",
      "city": null,
      "english_level": null,
      "learning_goal": null,
      "source_channel": null,
      "lead_status": "new",
      "assigned_consultant_id": null,
      "updated_at": "2026-07-22T04:05:00.140Z"
    },
    {
      "id": "c1b2a493-a876-4c02-979a-1dd3b0647578",
      "full_name": "Codex Low-Code Admin",
      "avatar_url": null,
      "phone": null,
      "nickname": null,
      "role": "admin",
      "city": null,
      "english_level": null,
      "learning_goal": null,
      "source_channel": null,
      "lead_status": "new",
      "assigned_consultant_id": null,
      "updated_at": "2026-07-23T03:10:49.583Z"
    },
    {
      "id": "50bfca3f-e053-4225-a699-3a2f4522fae9",
      "full_name": "Codex Admin",
      "avatar_url": null,
      "phone": null,
      "nickname": null,
      "role": "admin",
      "city": null,
      "english_level": null,
      "learning_goal": null,
      "source_channel": null,
      "lead_status": "new",
      "assigned_consultant_id": null,
      "updated_at": "2026-07-24T01:34:15.760Z"
    },
    {
      "id": "5efcd1fd-5448-4f7b-9b75-9b60fbcf1c08",
      "full_name": "Codex Screenshot Admin",
      "avatar_url": null,
      "phone": null,
      "nickname": "Codex Admin",
      "role": "admin",
      "city": null,
      "english_level": null,
      "learning_goal": null,
      "source_channel": null,
      "lead_status": "new",
      "assigned_consultant_id": null,
      "updated_at": "2026-07-25T21:08:38.708Z"
    }
  ],
  "loggedAt": "2026-07-31T00:28:46.522Z"
}
[32m[Nest] 71352  - [39m2026/07/31 08:29:06 [32m    LOG[39m [38;5;3m[JobLocalExecutorService] [39m[32mSupabase users log job "supabase_users_20s_logger" fetched 6 rows. runId=29ef581e-29bd-4191-8f34-21b45f2b5d2f[39m
[workflow-api][supabase-users-log] {
  "handledBy": "workflow.supabase.users.log",
  "jobCode": "supabase_users_20s_logger",
  "runId": "29ef581e-29bd-4191-8f34-21b45f2b5d2f",
  "userCount": 6,
  "users": [
    {
      "id": "d327cb46-374f-483e-b721-182baf8fe32b",
      "full_name": null,
      "avatar_url": null,
      "phone": null,
      "nickname": null,
      "role": "student",
      "city": null,
      "english_level": null,
      "learning_goal": null,
      "source_channel": null,
      "lead_status": "new",
      "assigned_consultant_id": null,
      "updated_at": "2026-07-21T18:29:33.444Z"
    },
    {
      "id": "83ca3cc5-8ebf-4df4-a5f1-b6e695eb1256",
      "full_name": "Codex Test User",
      "avatar_url": null,
      "phone": null,
      "nickname": null,
      "role": "admin",
      "city": null,
      "english_level": null,
      "learning_goal": null,
      "source_channel": null,
      "lead_status": "new",
      "assigned_consultant_id": null,
      "updated_at": "2026-07-21T18:59:04.796Z"
    },
    {
      "id": "90f8c866-56d2-4a0d-aa8c-e50534a97ebd",
      "full_name": "qweqweqwe",
      "avatar_url": null,
      "phone": null,
      "nickname": null,
      "role": "admin",
      "city": null,
      "english_level": null,
      "learning_goal": null,
      "source_channel": null,
      "lead_status": "new",
      "assigned_consultant_id": null,
      "updated_at": "2026-07-22T04:05:00.140Z"
    },
    {
      "id": "c1b2a493-a876-4c02-979a-1dd3b0647578",
      "full_name": "Codex Low-Code Admin",
      "avatar_url": null,
      "phone": null,
      "nickname": null,
      "role": "admin",
      "city": null,
      "english_level": null,
      "learning_goal": null,
      "source_channel": null,
      "lead_status": "new",
      "assigned_consultant_id": null,
      "updated_at": "2026-07-23T03:10:49.583Z"
    },
    {
      "id": "50bfca3f-e053-4225-a699-3a2f4522fae9",
      "full_name": "Codex Admin",
      "avatar_url": null,
      "phone": null,
      "nickname": null,
      "role": "admin",
      "city": null,
      "english_level": null,
      "learning_goal": null,
      "source_channel": null,
      "lead_status": "new",
      "assigned_consultant_id": null,
      "updated_at": "2026-07-24T01:34:15.760Z"
    },
    {
      "id": "5efcd1fd-5448-4f7b-9b75-9b60fbcf1c08",
      "full_name": "Codex Screenshot Admin",
      "avatar_url": null,
      "phone": null,
      "nickname": "Codex Admin",
      "role": "admin",
      "city": null,
      "english_level": null,
      "learning_goal": null,
      "source_channel": null,
      "lead_status": "new",
      "assigned_consultant_id": null,
      "updated_at": "2026-07-25T21:08:38.708Z"
    }
  ],
  "loggedAt": "2026-07-31T00:29:06.737Z"
}
[32m[Nest] 71352  - [39m2026/07/31 08:29:26 [32m    LOG[39m [38;5;3m[JobLocalExecutorService] [39m[32mSupabase users log job "supabase_users_20s_logger" fetched 6 rows. runId=4cdfe120-d68f-4601-8d53-4ef9c53a190e[39m
[workflow-api][supabase-users-log] {
  "handledBy": "workflow.supabase.users.log",
  "jobCode": "supabase_users_20s_logger",
  "runId": "4cdfe120-d68f-4601-8d53-4ef9c53a190e",
  "userCount": 6,
  "users": [
    {
      "id": "d327cb46-374f-483e-b721-182baf8fe32b",
      "full_name": null,
      "avatar_url": null,
      "phone": null,
      "nickname": null,
      "role": "student",
      "city": null,
      "english_level": null,
      "learning_goal": null,
      "source_channel": null,
      "lead_status": "new",
      "assigned_consultant_id": null,
      "updated_at": "2026-07-21T18:29:33.444Z"
    },
    {
      "id": "83ca3cc5-8ebf-4df4-a5f1-b6e695eb1256",
      "full_name": "Codex Test User",
      "avatar_url": null,
      "phone": null,
      "nickname": null,
      "role": "admin",
      "city": null,
      "english_level": null,
      "learning_goal": null,
      "source_channel": null,
      "lead_status": "new",
      "assigned_consultant_id": null,
      "updated_at": "2026-07-21T18:59:04.796Z"
    },
    {
      "id": "90f8c866-56d2-4a0d-aa8c-e50534a97ebd",
      "full_name": "qweqweqwe",
      "avatar_url": null,
      "phone": null,
      "nickname": null,
      "role": "admin",
      "city": null,
      "english_level": null,
      "learning_goal": null,
      "source_channel": null,
      "lead_status": "new",
      "assigned_consultant_id": null,
      "updated_at": "2026-07-22T04:05:00.140Z"
    },
    {
      "id": "c1b2a493-a876-4c02-979a-1dd3b0647578",
      "full_name": "Codex Low-Code Admin",
      "avatar_url": null,
      "phone": null,
      "nickname": null,
      "role": "admin",
      "city": null,
      "english_level": null,
      "learning_goal": null,
      "source_channel": null,
      "lead_status": "new",
      "assigned_consultant_id": null,
      "updated_at": "2026-07-23T03:10:49.583Z"
    },
    {
      "id": "50bfca3f-e053-4225-a699-3a2f4522fae9",
      "full_name": "Codex Admin",
      "avatar_url": null,
      "phone": null,
      "nickname": null,
      "role": "admin",
      "city": null,
      "english_level": null,
      "learning_goal": null,
      "source_channel": null,
      "lead_status": "new",
      "assigned_consultant_id": null,
      "updated_at": "2026-07-24T01:34:15.760Z"
    },
    {
      "id": "5efcd1fd-5448-4f7b-9b75-9b60fbcf1c08",
      "full_name": "Codex Screenshot Admin",
      "avatar_url": null,
      "phone": null,
      "nickname": "Codex Admin",
      "role": "admin",
      "city": null,
      "english_level": null,
      "learning_goal": null,
      "source_channel": null,
      "lead_status": "new",
      "assigned_consultant_id": null,
      "updated_at": "2026-07-25T21:08:38.708Z"
    }
  ],
  "loggedAt": "2026-07-31T00:29:26.920Z"
}
[32m[Nest] 71352  - [39m2026/07/31 08:29:47 [32m    LOG[39m [38;5;3m[JobLocalExecutorService] [39m[32mSupabase users log job "supabase_users_20s_logger" fetched 6 rows. runId=2e509fc3-444a-4bca-a82d-f1771e922572[39m
[workflow-api][supabase-users-log] {
  "handledBy": "workflow.supabase.users.log",
  "jobCode": "supabase_users_20s_logger",
  "runId": "2e509fc3-444a-4bca-a82d-f1771e922572",
  "userCount": 6,
  "users": [
    {
      "id": "d327cb46-374f-483e-b721-182baf8fe32b",
      "full_name": null,
      "avatar_url": null,
      "phone": null,
      "nickname": null,
      "role": "student",
      "city": null,
      "english_level": null,
      "learning_goal": null,
      "source_channel": null,
      "lead_status": "new",
      "assigned_consultant_id": null,
      "updated_at": "2026-07-21T18:29:33.444Z"
    },
    {
      "id": "83ca3cc5-8ebf-4df4-a5f1-b6e695eb1256",
      "full_name": "Codex Test User",
      "avatar_url": null,
      "phone": null,
      "nickname": null,
      "role": "admin",
      "city": null,
      "english_level": null,
      "learning_goal": null,
      "source_channel": null,
      "lead_status": "new",
      "assigned_consultant_id": null,
      "updated_at": "2026-07-21T18:59:04.796Z"
    },
    {
      "id": "90f8c866-56d2-4a0d-aa8c-e50534a97ebd",
      "full_name": "qweqweqwe",
      "avatar_url": null,
      "phone": null,
      "nickname": null,
      "role": "admin",
      "city": null,
      "english_level": null,
      "learning_goal": null,
      "source_channel": null,
      "lead_status": "new",
      "assigned_consultant_id": null,
      "updated_at": "2026-07-22T04:05:00.140Z"
    },
    {
      "id": "c1b2a493-a876-4c02-979a-1dd3b0647578",
      "full_name": "Codex Low-Code Admin",
      "avatar_url": null,
      "phone": null,
      "nickname": null,
      "role": "admin",
      "city": null,
      "english_level": null,
      "learning_goal": null,
      "source_channel": null,
      "lead_status": "new",
      "assigned_consultant_id": null,
      "updated_at": "2026-07-23T03:10:49.583Z"
    },
    {
      "id": "50bfca3f-e053-4225-a699-3a2f4522fae9",
      "full_name": "Codex Admin",
      "avatar_url": null,
      "phone": null,
      "nickname": null,
      "role": "admin",
      "city": null,
      "english_level": null,
      "learning_goal": null,
      "source_channel": null,
      "lead_status": "new",
      "assigned_consultant_id": null,
      "updated_at": "2026-07-24T01:34:15.760Z"
    },
    {
      "id": "5efcd1fd-5448-4f7b-9b75-9b60fbcf1c08",
      "full_name": "Codex Screenshot Admin",
      "avatar_url": null,
      "phone": null,
      "nickname": "Codex Admin",
      "role": "admin",
      "city": null,
      "english_level": null,
      "learning_goal": null,
      "source_channel": null,
      "lead_status": "new",
      "assigned_consultant_id": null,
      "updated_at": "2026-07-25T21:08:38.708Z"
    }
  ],
  "loggedAt": "2026-07-31T00:29:47.083Z"
}
[32m[Nest] 71352  - [39m2026/07/31 08:30:07 [32m    LOG[39m [38;5;3m[JobLocalExecutorService] [39m[32mSupabase users log job "supabase_users_20s_logger" fetched 6 rows. runId=0762092d-426e-48b0-8f06-f265078d4cda[39m
[workflow-api][supabase-users-log] {
  "handledBy": "workflow.supabase.users.log",
  "jobCode": "supabase_users_20s_logger",
  "runId": "0762092d-426e-48b0-8f06-f265078d4cda",
  "userCount": 6,
  "users": [
    {
      "id": "d327cb46-374f-483e-b721-182baf8fe32b",
      "full_name": null,
      "avatar_url": null,
      "phone": null,
      "nickname": null,
      "role": "student",
      "city": null,
      "english_level": null,
      "learning_goal": null,
      "source_channel": null,
      "lead_status": "new",
      "assigned_consultant_id": null,
      "updated_at": "2026-07-21T18:29:33.444Z"
    },
    {
      "id": "83ca3cc5-8ebf-4df4-a5f1-b6e695eb1256",
      "full_name": "Codex Test User",
      "avatar_url": null,
      "phone": null,
      "nickname": null,
      "role": "admin",
      "city": null,
      "english_level": null,
      "learning_goal": null,
      "source_channel": null,
      "lead_status": "new",
      "assigned_consultant_id": null,
      "updated_at": "2026-07-21T18:59:04.796Z"
    },
    {
      "id": "90f8c866-56d2-4a0d-aa8c-e50534a97ebd",
      "full_name": "qweqweqwe",
      "avatar_url": null,
      "phone": null,
      "nickname": null,
      "role": "admin",
      "city": null,
      "english_level": null,
      "learning_goal": null,
      "source_channel": null,
      "lead_status": "new",
      "assigned_consultant_id": null,
      "updated_at": "2026-07-22T04:05:00.140Z"
    },
    {
      "id": "c1b2a493-a876-4c02-979a-1dd3b0647578",
      "full_name": "Codex Low-Code Admin",
      "avatar_url": null,
      "phone": null,
      "nickname": null,
      "role": "admin",
      "city": null,
      "english_level": null,
      "learning_goal": null,
      "source_channel": null,
      "lead_status": "new",
      "assigned_consultant_id": null,
      "updated_at": "2026-07-23T03:10:49.583Z"
    },
    {
      "id": "50bfca3f-e053-4225-a699-3a2f4522fae9",
      "full_name": "Codex Admin",
      "avatar_url": null,
      "phone": null,
      "nickname": null,
      "role": "admin",
      "city": null,
      "english_level": null,
      "learning_goal": null,
      "source_channel": null,
      "lead_status": "new",
      "assigned_consultant_id": null,
      "updated_at": "2026-07-24T01:34:15.760Z"
    },
    {
      "id": "5efcd1fd-5448-4f7b-9b75-9b60fbcf1c08",
      "full_name": "Codex Screenshot Admin",
      "avatar_url": null,
      "phone": null,
      "nickname": "Codex Admin",
      "role": "admin",
      "city": null,
      "english_level": null,
      "learning_goal": null,
      "source_channel": null,
      "lead_status": "new",
      "assigned_consultant_id": null,
      "updated_at": "2026-07-25T21:08:38.708Z"
    }
  ],
  "loggedAt": "2026-07-31T00:30:07.258Z"
}
[32m[Nest] 71352  - [39m2026/07/31 08:30:28 [32m    LOG[39m [38;5;3m[JobLocalExecutorService] [39m[32mSupabase users log job "supabase_users_20s_logger" fetched 6 rows. runId=db98d875-254b-4e26-9194-d226be7170c0[39m
[workflow-api][supabase-users-log] {
  "handledBy": "workflow.supabase.users.log",
  "jobCode": "supabase_users_20s_logger",
  "runId": "db98d875-254b-4e26-9194-d226be7170c0",
  "userCount": 6,
  "users": [
    {
      "id": "d327cb46-374f-483e-b721-182baf8fe32b",
      "full_name": null,
      "avatar_url": null,
      "phone": null,
      "nickname": null,
      "role": "student",
      "city": null,
      "english_level": null,
      "learning_goal": null,
      "source_channel": null,
      "lead_status": "new",
      "assigned_consultant_id": null,
      "updated_at": "2026-07-21T18:29:33.444Z"
    },
    {
      "id": "83ca3cc5-8ebf-4df4-a5f1-b6e695eb1256",
      "full_name": "Codex Test User",
      "avatar_url": null,
      "phone": null,
      "nickname": null,
      "role": "admin",
      "city": null,
      "english_level": null,
      "learning_goal": null,
      "source_channel": null,
      "lead_status": "new",
      "assigned_consultant_id": null,
      "updated_at": "2026-07-21T18:59:04.796Z"
    },
    {
      "id": "90f8c866-56d2-4a0d-aa8c-e50534a97ebd",
      "full_name": "qweqweqwe",
      "avatar_url": null,
      "phone": null,
      "nickname": null,
      "role": "admin",
      "city": null,
      "english_level": null,
      "learning_goal": null,
      "source_channel": null,
      "lead_status": "new",
      "assigned_consultant_id": null,
      "updated_at": "2026-07-22T04:05:00.140Z"
    },
    {
      "id": "c1b2a493-a876-4c02-979a-1dd3b0647578",
      "full_name": "Codex Low-Code Admin",
      "avatar_url": null,
      "phone": null,
      "nickname": null,
      "role": "admin",
      "city": null,
      "english_level": null,
      "learning_goal": null,
      "source_channel": null,
      "lead_status": "new",
      "assigned_consultant_id": null,
      "updated_at": "2026-07-23T03:10:49.583Z"
    },
    {
      "id": "50bfca3f-e053-4225-a699-3a2f4522fae9",
      "full_name": "Codex Admin",
      "avatar_url": null,
      "phone": null,
      "nickname": null,
      "role": "admin",
      "city": null,
      "english_level": null,
      "learning_goal": null,
      "source_channel": null,
      "lead_status": "new",
      "assigned_consultant_id": null,
      "updated_at": "2026-07-24T01:34:15.760Z"
    },
    {
      "id": "5efcd1fd-5448-4f7b-9b75-9b60fbcf1c08",
      "full_name": "Codex Screenshot Admin",
      "avatar_url": null,
      "phone": null,
      "nickname": "Codex Admin",
      "role": "admin",
      "city": null,
      "english_level": null,
      "learning_goal": null,
      "source_channel": null,
      "lead_status": "new",
      "assigned_consultant_id": null,
      "updated_at": "2026-07-25T21:08:38.708Z"
    }
  ],
  "loggedAt": "2026-07-31T00:30:28.394Z"
}
[32m[Nest] 71352  - [39m2026/07/31 08:30:49 [32m    LOG[39m [38;5;3m[JobLocalExecutorService] [39m[32mSupabase users log job "supabase_users_20s_logger" fetched 6 rows. runId=40cd413b-3271-49b2-8a66-7308cbaad348[39m
[workflow-api][supabase-users-log] {
  "handledBy": "workflow.supabase.users.log",
  "jobCode": "supabase_users_20s_logger",
  "runId": "40cd413b-3271-49b2-8a66-7308cbaad348",
  "userCount": 6,
  "users": [
    {
      "id": "d327cb46-374f-483e-b721-182baf8fe32b",
      "full_name": null,
      "avatar_url": null,
      "phone": null,
      "nickname": null,
      "role": "student",
      "city": null,
      "english_level": null,
      "learning_goal": null,
      "source_channel": null,
      "lead_status": "new",
      "assigned_consultant_id": null,
      "updated_at": "2026-07-21T18:29:33.444Z"
    },
    {
      "id": "83ca3cc5-8ebf-4df4-a5f1-b6e695eb1256",
      "full_name": "Codex Test User",
      "avatar_url": null,
      "phone": null,
      "nickname": null,
      "role": "admin",
      "city": null,
      "english_level": null,
      "learning_goal": null,
      "source_channel": null,
      "lead_status": "new",
      "assigned_consultant_id": null,
      "updated_at": "2026-07-21T18:59:04.796Z"
    },
    {
      "id": "90f8c866-56d2-4a0d-aa8c-e50534a97ebd",
      "full_name": "qweqweqwe",
      "avatar_url": null,
      "phone": null,
      "nickname": null,
      "role": "admin",
      "city": null,
      "english_level": null,
      "learning_goal": null,
      "source_channel": null,
      "lead_status": "new",
      "assigned_consultant_id": null,
      "updated_at": "2026-07-22T04:05:00.140Z"
    },
    {
      "id": "c1b2a493-a876-4c02-979a-1dd3b0647578",
      "full_name": "Codex Low-Code Admin",
      "avatar_url": null,
      "phone": null,
      "nickname": null,
      "role": "admin",
      "city": null,
      "english_level": null,
      "learning_goal": null,
      "source_channel": null,
      "lead_status": "new",
      "assigned_consultant_id": null,
      "updated_at": "2026-07-23T03:10:49.583Z"
    },
    {
      "id": "50bfca3f-e053-4225-a699-3a2f4522fae9",
      "full_name": "Codex Admin",
      "avatar_url": null,
      "phone": null,
      "nickname": null,
      "role": "admin",
      "city": null,
      "english_level": null,
      "learning_goal": null,
      "source_channel": null,
      "lead_status": "new",
      "assigned_consultant_id": null,
      "updated_at": "2026-07-24T01:34:15.760Z"
    },
    {
      "id": "5efcd1fd-5448-4f7b-9b75-9b60fbcf1c08",
      "full_name": "Codex Screenshot Admin",
      "avatar_url": null,
      "phone": null,
      "nickname": "Codex Admin",
      "role": "admin",
      "city": null,
      "english_level": null,
      "learning_goal": null,
      "source_channel": null,
      "lead_status": "new",
      "assigned_consultant_id": null,
      "updated_at": "2026-07-25T21:08:38.708Z"
    }
  ],
  "loggedAt": "2026-07-31T00:30:49.508Z"
}
[32m[Nest] 71352  - [39m2026/07/31 08:31:10 [32m    LOG[39m [38;5;3m[JobLocalExecutorService] [39m[32mSupabase users log job "supabase_users_20s_logger" fetched 6 rows. runId=03e167f6-a199-43fd-865c-35f9fe03d08e[39m
[workflow-api][supabase-users-log] {
  "handledBy": "workflow.supabase.users.log",
  "jobCode": "supabase_users_20s_logger",
  "runId": "03e167f6-a199-43fd-865c-35f9fe03d08e",
  "userCount": 6,
  "users": [
    {
      "id": "d327cb46-374f-483e-b721-182baf8fe32b",
      "full_name": null,
      "avatar_url": null,
      "phone": null,
      "nickname": null,
      "role": "student",
      "city": null,
      "english_level": null,
      "learning_goal": null,
      "source_channel": null,
      "lead_status": "new",
      "assigned_consultant_id": null,
      "updated_at": "2026-07-21T18:29:33.444Z"
    },
    {
      "id": "83ca3cc5-8ebf-4df4-a5f1-b6e695eb1256",
      "full_name": "Codex Test User",
      "avatar_url": null,
      "phone": null,
      "nickname": null,
      "role": "admin",
      "city": null,
      "english_level": null,
      "learning_goal": null,
      "source_channel": null,
      "lead_status": "new",
      "assigned_consultant_id": null,
      "updated_at": "2026-07-21T18:59:04.796Z"
    },
    {
      "id": "90f8c866-56d2-4a0d-aa8c-e50534a97ebd",
      "full_name": "qweqweqwe",
      "avatar_url": null,
      "phone": null,
      "nickname": null,
      "role": "admin",
      "city": null,
      "english_level": null,
      "learning_goal": null,
      "source_channel": null,
      "lead_status": "new",
      "assigned_consultant_id": null,
      "updated_at": "2026-07-22T04:05:00.140Z"
    },
    {
      "id": "c1b2a493-a876-4c02-979a-1dd3b0647578",
      "full_name": "Codex Low-Code Admin",
      "avatar_url": null,
      "phone": null,
      "nickname": null,
      "role": "admin",
      "city": null,
      "english_level": null,
      "learning_goal": null,
      "source_channel": null,
      "lead_status": "new",
      "assigned_consultant_id": null,
      "updated_at": "2026-07-23T03:10:49.583Z"
    },
    {
      "id": "50bfca3f-e053-4225-a699-3a2f4522fae9",
      "full_name": "Codex Admin",
      "avatar_url": null,
      "phone": null,
      "nickname": null,
      "role": "admin",
      "city": null,
      "english_level": null,
      "learning_goal": null,
      "source_channel": null,
      "lead_status": "new",
      "assigned_consultant_id": null,
      "updated_at": "2026-07-24T01:34:15.760Z"
    },
    {
      "id": "5efcd1fd-5448-4f7b-9b75-9b60fbcf1c08",
      "full_name": "Codex Screenshot Admin",
      "avatar_url": null,
      "phone": null,
      "nickname": "Codex Admin",
      "role": "admin",
      "city": null,
      "english_level": null,
      "learning_goal": null,
      "source_channel": null,
      "lead_status": "new",
      "assigned_consultant_id": null,
      "updated_at": "2026-07-25T21:08:38.708Z"
    }
  ],
  "loggedAt": "2026-07-31T00:31:10.643Z"
}
[32m[Nest] 71352  - [39m2026/07/31 08:31:31 [32m    LOG[39m [38;5;3m[JobLocalExecutorService] [39m[32mSupabase users log job "supabase_users_20s_logger" fetched 6 rows. runId=1f31ae2b-f382-47e2-bd4f-73530861a706[39m
[workflow-api][supabase-users-log] {
  "handledBy": "workflow.supabase.users.log",
  "jobCode": "supabase_users_20s_logger",
  "runId": "1f31ae2b-f382-47e2-bd4f-73530861a706",
  "userCount": 6,
  "users": [
    {
      "id": "d327cb46-374f-483e-b721-182baf8fe32b",
      "full_name": null,
      "avatar_url": null,
      "phone": null,
      "nickname": null,
      "role": "student",
      "city": null,
      "english_level": null,
      "learning_goal": null,
      "source_channel": null,
      "lead_status": "new",
      "assigned_consultant_id": null,
      "updated_at": "2026-07-21T18:29:33.444Z"
    },
    {
      "id": "83ca3cc5-8ebf-4df4-a5f1-b6e695eb1256",
      "full_name": "Codex Test User",
      "avatar_url": null,
      "phone": null,
      "nickname": null,
      "role": "admin",
      "city": null,
      "english_level": null,
      "learning_goal": null,
      "source_channel": null,
      "lead_status": "new",
      "assigned_consultant_id": null,
      "updated_at": "2026-07-21T18:59:04.796Z"
    },
    {
      "id": "90f8c866-56d2-4a0d-aa8c-e50534a97ebd",
      "full_name": "qweqweqwe",
      "avatar_url": null,
      "phone": null,
      "nickname": null,
      "role": "admin",
      "city": null,
      "english_level": null,
      "learning_goal": null,
      "source_channel": null,
      "lead_status": "new",
      "assigned_consultant_id": null,
      "updated_at": "2026-07-22T04:05:00.140Z"
    },
    {
      "id": "c1b2a493-a876-4c02-979a-1dd3b0647578",
      "full_name": "Codex Low-Code Admin",
      "avatar_url": null,
      "phone": null,
      "nickname": null,
      "role": "admin",
      "city": null,
      "english_level": null,
      "learning_goal": null,
      "source_channel": null,
      "lead_status": "new",
      "assigned_consultant_id": null,
      "updated_at": "2026-07-23T03:10:49.583Z"
    },
    {
      "id": "50bfca3f-e053-4225-a699-3a2f4522fae9",
      "full_name": "Codex Admin",
      "avatar_url": null,
      "phone": null,
      "nickname": null,
      "role": "admin",
      "city": null,
      "english_level": null,
      "learning_goal": null,
      "source_channel": null,
      "lead_status": "new",
      "assigned_consultant_id": null,
      "updated_at": "2026-07-24T01:34:15.760Z"
    },
    {
      "id": "5efcd1fd-5448-4f7b-9b75-9b60fbcf1c08",
      "full_name": "Codex Screenshot Admin",
      "avatar_url": null,
      "phone": null,
      "nickname": "Codex Admin",
      "role": "admin",
      "city": null,
      "english_level": null,
      "learning_goal": null,
      "source_channel": null,
      "lead_status": "new",
      "assigned_consultant_id": null,
      "updated_at": "2026-07-25T21:08:38.708Z"
    }
  ],
  "loggedAt": "2026-07-31T00:31:31.790Z"
}
[32m[Nest] 71352  - [39m2026/07/31 08:31:52 [32m    LOG[39m [38;5;3m[JobLocalExecutorService] [39m[32mSupabase users log job "supabase_users_20s_logger" fetched 6 rows. runId=03a10038-8ead-4ab9-9208-32c4425c831b[39m
[workflow-api][supabase-users-log] {
  "handledBy": "workflow.supabase.users.log",
  "jobCode": "supabase_users_20s_logger",
  "runId": "03a10038-8ead-4ab9-9208-32c4425c831b",
  "userCount": 6,
  "users": [
    {
      "id": "d327cb46-374f-483e-b721-182baf8fe32b",
      "full_name": null,
      "avatar_url": null,
      "phone": null,
      "nickname": null,
      "role": "student",
      "city": null,
      "english_level": null,
      "learning_goal": null,
      "source_channel": null,
      "lead_status": "new",
      "assigned_consultant_id": null,
      "updated_at": "2026-07-21T18:29:33.444Z"
    },
    {
      "id": "83ca3cc5-8ebf-4df4-a5f1-b6e695eb1256",
      "full_name": "Codex Test User",
      "avatar_url": null,
      "phone": null,
      "nickname": null,
      "role": "admin",
      "city": null,
      "english_level": null,
      "learning_goal": null,
      "source_channel": null,
      "lead_status": "new",
      "assigned_consultant_id": null,
      "updated_at": "2026-07-21T18:59:04.796Z"
    },
    {
      "id": "90f8c866-56d2-4a0d-aa8c-e50534a97ebd",
      "full_name": "qweqweqwe",
      "avatar_url": null,
      "phone": null,
      "nickname": null,
      "role": "admin",
      "city": null,
      "english_level": null,
      "learning_goal": null,
      "source_channel": null,
      "lead_status": "new",
      "assigned_consultant_id": null,
      "updated_at": "2026-07-22T04:05:00.140Z"
    },
    {
      "id": "c1b2a493-a876-4c02-979a-1dd3b0647578",
      "full_name": "Codex Low-Code Admin",
      "avatar_url": null,
      "phone": null,
      "nickname": null,
      "role": "admin",
      "city": null,
      "english_level": null,
      "learning_goal": null,
      "source_channel": null,
      "lead_status": "new",
      "assigned_consultant_id": null,
      "updated_at": "2026-07-23T03:10:49.583Z"
    },
    {
      "id": "50bfca3f-e053-4225-a699-3a2f4522fae9",
      "full_name": "Codex Admin",
      "avatar_url": null,
      "phone": null,
      "nickname": null,
      "role": "admin",
      "city": null,
      "english_level": null,
      "learning_goal": null,
      "source_channel": null,
      "lead_status": "new",
      "assigned_consultant_id": null,
      "updated_at": "2026-07-24T01:34:15.760Z"
    },
    {
      "id": "5efcd1fd-5448-4f7b-9b75-9b60fbcf1c08",
      "full_name": "Codex Screenshot Admin",
      "avatar_url": null,
      "phone": null,
      "nickname": "Codex Admin",
      "role": "admin",
      "city": null,
      "english_level": null,
      "learning_goal": null,
      "source_channel": null,
      "lead_status": "new",
      "assigned_consultant_id": null,
      "updated_at": "2026-07-25T21:08:38.708Z"
    }
  ],
  "loggedAt": "2026-07-31T00:31:52.874Z"
}
08:32:09 [tsx] change in ./src\workflow-service\workflow.rpc.controller.ts Restarting...
[32m[Nest] 21620  - [39m2026/07/31 08:32:14 [32m    LOG[39m [38;5;3m[NestFactory] [39m[32mStarting Nest application...[39m
[32m[Nest] 21620  - [39m2026/07/31 08:32:14 [32m    LOG[39m [38;5;3m[InstanceLoader] [39m[32mDatabaseModule dependencies initialized[39m[38;5;3m +36ms[39m
[32m[Nest] 21620  - [39m2026/07/31 08:32:14 [32m    LOG[39m [38;5;3m[InstanceLoader] [39m[32mRuleModule dependencies initialized[39m[38;5;3m +1ms[39m
[32m[Nest] 21620  - [39m2026/07/31 08:32:14 [32m    LOG[39m [38;5;3m[InstanceLoader] [39m[32mIntegrationModule dependencies initialized[39m[38;5;3m +1ms[39m
[32m[Nest] 21620  - [39m2026/07/31 08:32:14 [32m    LOG[39m [38;5;3m[InstanceLoader] [39m[32mHealthModule dependencies initialized[39m[38;5;3m +1ms[39m
[32m[Nest] 21620  - [39m2026/07/31 08:32:14 [32m    LOG[39m [38;5;3m[InstanceLoader] [39m[32mDefinitionModule dependencies initialized[39m[38;5;3m +2ms[39m
[32m[Nest] 21620  - [39m2026/07/31 08:32:14 [32m    LOG[39m [38;5;3m[InstanceLoader] [39m[32mTaskModule dependencies initialized[39m[38;5;3m +1ms[39m
[32m[Nest] 21620  - [39m2026/07/31 08:32:14 [32m    LOG[39m [38;5;3m[InstanceLoader] [39m[32mHistoryModule dependencies initialized[39m[38;5;3m +0ms[39m
[32m[Nest] 21620  - [39m2026/07/31 08:32:14 [32m    LOG[39m [38;5;3m[InstanceLoader] [39m[32mAppModule dependencies initialized[39m[38;5;3m +1ms[39m
[32m[Nest] 21620  - [39m2026/07/31 08:32:14 [32m    LOG[39m [38;5;3m[InstanceLoader] [39m[32mRuntimeModule dependencies initialized[39m[38;5;3m +2ms[39m
[32m[Nest] 21620  - [39m2026/07/31 08:32:14 [32m    LOG[39m [38;5;3m[InstanceLoader] [39m[32mJobModule dependencies initialized[39m[38;5;3m +0ms[39m
[32m[Nest] 21620  - [39m2026/07/31 08:32:17 [32m    LOG[39m [38;5;3m[NestMicroservice] [39m[32mNest microservice successfully started[39m[38;5;3m +2768ms[39m
Workflow service is listening on Redis.
[32m[Nest] 21620  - [39m2026/07/31 08:32:18 [32m    LOG[39m [38;5;3m[JobLocalExecutorService] [39m[32mSupabase users log job "supabase_users_20s_logger" fetched 6 rows. runId=13ffd46b-d994-4512-b3eb-7fd9e18e31f1[39m
[workflow-api][supabase-users-log] {
  "handledBy": "workflow.supabase.users.log",
  "jobCode": "supabase_users_20s_logger",
  "runId": "13ffd46b-d994-4512-b3eb-7fd9e18e31f1",
  "userCount": 6,
  "users": [
    {
      "id": "d327cb46-374f-483e-b721-182baf8fe32b",
      "full_name": null,
      "avatar_url": null,
      "phone": null,
      "nickname": null,
      "role": "student",
      "city": null,
      "english_level": null,
      "learning_goal": null,
      "source_channel": null,
      "lead_status": "new",
      "assigned_consultant_id": null,
      "updated_at": "2026-07-21T18:29:33.444Z"
    },
    {
      "id": "83ca3cc5-8ebf-4df4-a5f1-b6e695eb1256",
      "full_name": "Codex Test User",
      "avatar_url": null,
      "phone": null,
      "nickname": null,
      "role": "admin",
      "city": null,
      "english_level": null,
      "learning_goal": null,
      "source_channel": null,
      "lead_status": "new",
      "assigned_consultant_id": null,
      "updated_at": "2026-07-21T18:59:04.796Z"
    },
    {
      "id": "90f8c866-56d2-4a0d-aa8c-e50534a97ebd",
      "full_name": "qweqweqwe",
      "avatar_url": null,
      "phone": null,
      "nickname": null,
      "role": "admin",
      "city": null,
      "english_level": null,
      "learning_goal": null,
      "source_channel": null,
      "lead_status": "new",
      "assigned_consultant_id": null,
      "updated_at": "2026-07-22T04:05:00.140Z"
    },
    {
      "id": "c1b2a493-a876-4c02-979a-1dd3b0647578",
      "full_name": "Codex Low-Code Admin",
      "avatar_url": null,
      "phone": null,
      "nickname": null,
      "role": "admin",
      "city": null,
      "english_level": null,
      "learning_goal": null,
      "source_channel": null,
      "lead_status": "new",
      "assigned_consultant_id": null,
      "updated_at": "2026-07-23T03:10:49.583Z"
    },
    {
      "id": "50bfca3f-e053-4225-a699-3a2f4522fae9",
      "full_name": "Codex Admin",
      "avatar_url": null,
      "phone": null,
      "nickname": null,
      "role": "admin",
      "city": null,
      "english_level": null,
      "learning_goal": null,
      "source_channel": null,
      "lead_status": "new",
      "assigned_consultant_id": null,
      "updated_at": "2026-07-24T01:34:15.760Z"
    },
    {
      "id": "5efcd1fd-5448-4f7b-9b75-9b60fbcf1c08",
      "full_name": "Codex Screenshot Admin",
      "avatar_url": null,
      "phone": null,
      "nickname": "Codex Admin",
      "role": "admin",
      "city": null,
      "english_level": null,
      "learning_goal": null,
      "source_channel": null,
      "lead_status": "new",
      "assigned_consultant_id": null,
      "updated_at": "2026-07-25T21:08:38.708Z"
    }
  ],
  "loggedAt": "2026-07-31T00:32:18.198Z"
}
08:32:23 [tsx] change in ./src\workflow-service\workflow.rpc.controller.ts Restarting...
[32m[Nest] 23724  - [39m2026/07/31 08:32:25 [32m    LOG[39m [38;5;3m[NestFactory] [39m[32mStarting Nest application...[39m
[32m[Nest] 23724  - [39m2026/07/31 08:32:25 [32m    LOG[39m [38;5;3m[InstanceLoader] [39m[32mDatabaseModule dependencies initialized[39m[38;5;3m +24ms[39m
[32m[Nest] 23724  - [39m2026/07/31 08:32:25 [32m    LOG[39m [38;5;3m[InstanceLoader] [39m[32mRuleModule dependencies initialized[39m[38;5;3m +1ms[39m
[32m[Nest] 23724  - [39m2026/07/31 08:32:25 [32m    LOG[39m [38;5;3m[InstanceLoader] [39m[32mIntegrationModule dependencies initialized[39m[38;5;3m +0ms[39m
[32m[Nest] 23724  - [39m2026/07/31 08:32:25 [32m    LOG[39m [38;5;3m[InstanceLoader] [39m[32mHealthModule dependencies initialized[39m[38;5;3m +1ms[39m
[32m[Nest] 23724  - [39m2026/07/31 08:32:25 [32m    LOG[39m [38;5;3m[InstanceLoader] [39m[32mDefinitionModule dependencies initialized[39m[38;5;3m +2ms[39m
[32m[Nest] 23724  - [39m2026/07/31 08:32:25 [32m    LOG[39m [38;5;3m[InstanceLoader] [39m[32mTaskModule dependencies initialized[39m[38;5;3m +1ms[39m
[32m[Nest] 23724  - [39m2026/07/31 08:32:25 [32m    LOG[39m [38;5;3m[InstanceLoader] [39m[32mHistoryModule dependencies initialized[39m[38;5;3m +0ms[39m
[32m[Nest] 23724  - [39m2026/07/31 08:32:25 [32m    LOG[39m [38;5;3m[InstanceLoader] [39m[32mAppModule dependencies initialized[39m[38;5;3m +1ms[39m
[32m[Nest] 23724  - [39m2026/07/31 08:32:25 [32m    LOG[39m [38;5;3m[InstanceLoader] [39m[32mRuntimeModule dependencies initialized[39m[38;5;3m +0ms[39m
[32m[Nest] 23724  - [39m2026/07/31 08:32:25 [32m    LOG[39m [38;5;3m[InstanceLoader] [39m[32mJobModule dependencies initialized[39m[38;5;3m +0ms[39m
[32m[Nest] 23724  - [39m2026/07/31 08:32:26 [32m    LOG[39m [38;5;3m[NestMicroservice] [39m[32mNest microservice successfully started[39m[38;5;3m +456ms[39m
Workflow service is listening on Redis.
[32m[Nest] 23724  - [39m2026/07/31 08:32:38 [32m    LOG[39m [38;5;3m[JobLocalExecutorService] [39m[32mSupabase users log job "supabase_users_20s_logger" fetched 6 rows. runId=fac84d5d-06db-4b08-91d8-e0a2e389acb2[39m
[workflow-api][supabase-users-log] {
  "handledBy": "workflow.supabase.users.log",
  "jobCode": "supabase_users_20s_logger",
  "runId": "fac84d5d-06db-4b08-91d8-e0a2e389acb2",
  "userCount": 6,
  "users": [
    {
      "id": "d327cb46-374f-483e-b721-182baf8fe32b",
      "full_name": null,
      "avatar_url": null,
      "phone": null,
      "nickname": null,
      "role": "student",
      "city": null,
      "english_level": null,
      "learning_goal": null,
      "source_channel": null,
      "lead_status": "new",
      "assigned_consultant_id": null,
      "updated_at": "2026-07-21T18:29:33.444Z"
    },
    {
      "id": "83ca3cc5-8ebf-4df4-a5f1-b6e695eb1256",
      "full_name": "Codex Test User",
      "avatar_url": null,
      "phone": null,
      "nickname": null,
      "role": "admin",
      "city": null,
      "english_level": null,
      "learning_goal": null,
      "source_channel": null,
      "lead_status": "new",
      "assigned_consultant_id": null,
      "updated_at": "2026-07-21T18:59:04.796Z"
    },
    {
      "id": "90f8c866-56d2-4a0d-aa8c-e50534a97ebd",
      "full_name": "qweqweqwe",
      "avatar_url": null,
      "phone": null,
      "nickname": null,
      "role": "admin",
      "city": null,
      "english_level": null,
      "learning_goal": null,
      "source_channel": null,
      "lead_status": "new",
      "assigned_consultant_id": null,
      "updated_at": "2026-07-22T04:05:00.140Z"
    },
    {
      "id": "c1b2a493-a876-4c02-979a-1dd3b0647578",
      "full_name": "Codex Low-Code Admin",
      "avatar_url": null,
      "phone": null,
      "nickname": null,
      "role": "admin",
      "city": null,
      "english_level": null,
      "learning_goal": null,
      "source_channel": null,
      "lead_status": "new",
      "assigned_consultant_id": null,
      "updated_at": "2026-07-23T03:10:49.583Z"
    },
    {
      "id": "50bfca3f-e053-4225-a699-3a2f4522fae9",
      "full_name": "Codex Admin",
      "avatar_url": null,
      "phone": null,
      "nickname": null,
      "role": "admin",
      "city": null,
      "english_level": null,
      "learning_goal": null,
      "source_channel": null,
      "lead_status": "new",
      "assigned_consultant_id": null,
      "updated_at": "2026-07-24T01:34:15.760Z"
    },
    {
      "id": "5efcd1fd-5448-4f7b-9b75-9b60fbcf1c08",
      "full_name": "Codex Screenshot Admin",
      "avatar_url": null,
      "phone": null,
      "nickname": "Codex Admin",
      "role": "admin",
      "city": null,
      "english_level": null,
      "learning_goal": null,
      "source_channel": null,
      "lead_status": "new",
      "assigned_consultant_id": null,
      "updated_at": "2026-07-25T21:08:38.708Z"
    }
  ],
  "loggedAt": "2026-07-31T00:32:38.681Z"
}
[32m[Nest] 23724  - [39m2026/07/31 08:32:59 [32m    LOG[39m [38;5;3m[JobLocalExecutorService] [39m[32mSupabase users log job "supabase_users_20s_logger" fetched 6 rows. runId=7a400229-a234-4872-b117-0d10b4058e36[39m
[workflow-api][supabase-users-log] {
  "handledBy": "workflow.supabase.users.log",
  "jobCode": "supabase_users_20s_logger",
  "runId": "7a400229-a234-4872-b117-0d10b4058e36",
  "userCount": 6,
  "users": [
    {
      "id": "d327cb46-374f-483e-b721-182baf8fe32b",
      "full_name": null,
      "avatar_url": null,
      "phone": null,
      "nickname": null,
      "role": "student",
      "city": null,
      "english_level": null,
      "learning_goal": null,
      "source_channel": null,
      "lead_status": "new",
      "assigned_consultant_id": null,
      "updated_at": "2026-07-21T18:29:33.444Z"
    },
    {
      "id": "83ca3cc5-8ebf-4df4-a5f1-b6e695eb1256",
      "full_name": "Codex Test User",
      "avatar_url": null,
      "phone": null,
      "nickname": null,
      "role": "admin",
      "city": null,
      "english_level": null,
      "learning_goal": null,
      "source_channel": null,
      "lead_status": "new",
      "assigned_consultant_id": null,
      "updated_at": "2026-07-21T18:59:04.796Z"
    },
    {
      "id": "90f8c866-56d2-4a0d-aa8c-e50534a97ebd",
      "full_name": "qweqweqwe",
      "avatar_url": null,
      "phone": null,
      "nickname": null,
      "role": "admin",
      "city": null,
      "english_level": null,
      "learning_goal": null,
      "source_channel": null,
      "lead_status": "new",
      "assigned_consultant_id": null,
      "updated_at": "2026-07-22T04:05:00.140Z"
    },
    {
      "id": "c1b2a493-a876-4c02-979a-1dd3b0647578",
      "full_name": "Codex Low-Code Admin",
      "avatar_url": null,
      "phone": null,
      "nickname": null,
      "role": "admin",
      "city": null,
      "english_level": null,
      "learning_goal": null,
      "source_channel": null,
      "lead_status": "new",
      "assigned_consultant_id": null,
      "updated_at": "2026-07-23T03:10:49.583Z"
    },
    {
      "id": "50bfca3f-e053-4225-a699-3a2f4522fae9",
      "full_name": "Codex Admin",
      "avatar_url": null,
      "phone": null,
      "nickname": null,
      "role": "admin",
      "city": null,
      "english_level": null,
      "learning_goal": null,
      "source_channel": null,
      "lead_status": "new",
      "assigned_consultant_id": null,
      "updated_at": "2026-07-24T01:34:15.760Z"
    },
    {
      "id": "5efcd1fd-5448-4f7b-9b75-9b60fbcf1c08",
      "full_name": "Codex Screenshot Admin",
      "avatar_url": null,
      "phone": null,
      "nickname": "Codex Admin",
      "role": "admin",
      "city": null,
      "english_level": null,
      "learning_goal": null,
      "source_channel": null,
      "lead_status": "new",
      "assigned_consultant_id": null,
      "updated_at": "2026-07-25T21:08:38.708Z"
    }
  ],
  "loggedAt": "2026-07-31T00:32:59.828Z"
}
08:33:14 [tsx] change in ./src\workflow-service\workflow.rpc.controller.ts Restarting...
[32m[Nest] 41668  - [39m2026/07/31 08:33:16 [32m    LOG[39m [38;5;3m[NestFactory] [39m[32mStarting Nest application...[39m
[32m[Nest] 41668  - [39m2026/07/31 08:33:16 [32m    LOG[39m [38;5;3m[InstanceLoader] [39m[32mDatabaseModule dependencies initialized[39m[38;5;3m +16ms[39m
[32m[Nest] 41668  - [39m2026/07/31 08:33:16 [32m    LOG[39m [38;5;3m[InstanceLoader] [39m[32mRuleModule dependencies initialized[39m[38;5;3m +0ms[39m
[32m[Nest] 41668  - [39m2026/07/31 08:33:16 [32m    LOG[39m [38;5;3m[InstanceLoader] [39m[32mIntegrationModule dependencies initialized[39m[38;5;3m +1ms[39m
[32m[Nest] 41668  - [39m2026/07/31 08:33:16 [32m    LOG[39m [38;5;3m[InstanceLoader] [39m[32mHealthModule dependencies initialized[39m[38;5;3m +0ms[39m
[32m[Nest] 41668  - [39m2026/07/31 08:33:16 [32m    LOG[39m [38;5;3m[InstanceLoader] [39m[32mDefinitionModule dependencies initialized[39m[38;5;3m +1ms[39m
[32m[Nest] 41668  - [39m2026/07/31 08:33:16 [32m    LOG[39m [38;5;3m[InstanceLoader] [39m[32mTaskModule dependencies initialized[39m[38;5;3m +0ms[39m
[32m[Nest] 41668  - [39m2026/07/31 08:33:16 [32m    LOG[39m [38;5;3m[InstanceLoader] [39m[32mHistoryModule dependencies initialized[39m[38;5;3m +1ms[39m
[32m[Nest] 41668  - [39m2026/07/31 08:33:16 [32m    LOG[39m [38;5;3m[InstanceLoader] [39m[32mAppModule dependencies initialized[39m[38;5;3m +1ms[39m
[32m[Nest] 41668  - [39m2026/07/31 08:33:16 [32m    LOG[39m [38;5;3m[InstanceLoader] [39m[32mRuntimeModule dependencies initialized[39m[38;5;3m +0ms[39m
[32m[Nest] 41668  - [39m2026/07/31 08:33:16 [32m    LOG[39m [38;5;3m[InstanceLoader] [39m[32mJobModule dependencies initialized[39m[38;5;3m +1ms[39m
[32m[Nest] 41668  - [39m2026/07/31 08:33:16 [32m    LOG[39m [38;5;3m[NestMicroservice] [39m[32mNest microservice successfully started[39m[38;5;3m +412ms[39m
Workflow service is listening on Redis.
[32m[Nest] 41668  - [39m2026/07/31 08:33:20 [32m    LOG[39m [38;5;3m[JobLocalExecutorService] [39m[32mSupabase users log job "supabase_users_20s_logger" fetched 6 rows. runId=02aa2425-b105-4b60-852a-6db619a918c2[39m
[workflow-api][supabase-users-log] {
  "handledBy": "workflow.supabase.users.log",
  "jobCode": "supabase_users_20s_logger",
  "runId": "02aa2425-b105-4b60-852a-6db619a918c2",
  "userCount": 6,
  "users": [
    {
      "id": "d327cb46-374f-483e-b721-182baf8fe32b",
      "full_name": null,
      "avatar_url": null,
      "phone": null,
      "nickname": null,
      "role": "student",
      "city": null,
      "english_level": null,
      "learning_goal": null,
      "source_channel": null,
      "lead_status": "new",
      "assigned_consultant_id": null,
      "updated_at": "2026-07-21T18:29:33.444Z"
    },
    {
      "id": "83ca3cc5-8ebf-4df4-a5f1-b6e695eb1256",
      "full_name": "Codex Test User",
      "avatar_url": null,
      "phone": null,
      "nickname": null,
      "role": "admin",
      "city": null,
      "english_level": null,
      "learning_goal": null,
      "source_channel": null,
      "lead_status": "new",
      "assigned_consultant_id": null,
      "updated_at": "2026-07-21T18:59:04.796Z"
    },
    {
      "id": "90f8c866-56d2-4a0d-aa8c-e50534a97ebd",
      "full_name": "qweqweqwe",
      "avatar_url": null,
      "phone": null,
      "nickname": null,
      "role": "admin",
      "city": null,
      "english_level": null,
      "learning_goal": null,
      "source_channel": null,
      "lead_status": "new",
      "assigned_consultant_id": null,
      "updated_at": "2026-07-22T04:05:00.140Z"
    },
    {
      "id": "c1b2a493-a876-4c02-979a-1dd3b0647578",
      "full_name": "Codex Low-Code Admin",
      "avatar_url": null,
      "phone": null,
      "nickname": null,
      "role": "admin",
      "city": null,
      "english_level": null,
      "learning_goal": null,
      "source_channel": null,
      "lead_status": "new",
      "assigned_consultant_id": null,
      "updated_at": "2026-07-23T03:10:49.583Z"
    },
    {
      "id": "50bfca3f-e053-4225-a699-3a2f4522fae9",
      "full_name": "Codex Admin",
      "avatar_url": null,
      "phone": null,
      "nickname": null,
      "role": "admin",
      "city": null,
      "english_level": null,
      "learning_goal": null,
      "source_channel": null,
      "lead_status": "new",
      "assigned_consultant_id": null,
      "updated_at": "2026-07-24T01:34:15.760Z"
    },
    {
      "id": "5efcd1fd-5448-4f7b-9b75-9b60fbcf1c08",
      "full_name": "Codex Screenshot Admin",
      "avatar_url": null,
      "phone": null,
      "nickname": "Codex Admin",
      "role": "admin",
      "city": null,
      "english_level": null,
      "learning_goal": null,
      "source_channel": null,
      "lead_status": "new",
      "assigned_consultant_id": null,
      "updated_at": "2026-07-25T21:08:38.708Z"
    }
  ],
  "loggedAt": "2026-07-31T00:33:20.945Z"
}
[32m[Nest] 41668  - [39m2026/07/31 08:33:41 [32m    LOG[39m [38;5;3m[JobLocalExecutorService] [39m[32mSupabase users log job "supabase_users_20s_logger" fetched 6 rows. runId=fb49bb14-d558-4a0a-9a27-da7f00d8b86a[39m
[workflow-api][supabase-users-log] {
  "handledBy": "workflow.supabase.users.log",
  "jobCode": "supabase_users_20s_logger",
  "runId": "fb49bb14-d558-4a0a-9a27-da7f00d8b86a",
  "userCount": 6,
  "users": [
    {
      "id": "d327cb46-374f-483e-b721-182baf8fe32b",
      "full_name": null,
      "avatar_url": null,
      "phone": null,
      "nickname": null,
      "role": "student",
      "city": null,
      "english_level": null,
      "learning_goal": null,
      "source_channel": null,
      "lead_status": "new",
      "assigned_consultant_id": null,
      "updated_at": "2026-07-21T18:29:33.444Z"
    },
    {
      "id": "83ca3cc5-8ebf-4df4-a5f1-b6e695eb1256",
      "full_name": "Codex Test User",
      "avatar_url": null,
      "phone": null,
      "nickname": null,
      "role": "admin",
      "city": null,
      "english_level": null,
      "learning_goal": null,
      "source_channel": null,
      "lead_status": "new",
      "assigned_consultant_id": null,
      "updated_at": "2026-07-21T18:59:04.796Z"
    },
    {
      "id": "90f8c866-56d2-4a0d-aa8c-e50534a97ebd",
      "full_name": "qweqweqwe",
      "avatar_url": null,
      "phone": null,
      "nickname": null,
      "role": "admin",
      "city": null,
      "english_level": null,
      "learning_goal": null,
      "source_channel": null,
      "lead_status": "new",
      "assigned_consultant_id": null,
      "updated_at": "2026-07-22T04:05:00.140Z"
    },
    {
      "id": "c1b2a493-a876-4c02-979a-1dd3b0647578",
      "full_name": "Codex Low-Code Admin",
      "avatar_url": null,
      "phone": null,
      "nickname": null,
      "role": "admin",
      "city": null,
      "english_level": null,
      "learning_goal": null,
      "source_channel": null,
      "lead_status": "new",
      "assigned_consultant_id": null,
      "updated_at": "2026-07-23T03:10:49.583Z"
    },
    {
      "id": "50bfca3f-e053-4225-a699-3a2f4522fae9",
      "full_name": "Codex Admin",
      "avatar_url": null,
      "phone": null,
      "nickname": null,
      "role": "admin",
      "city": null,
      "english_level": null,
      "learning_goal": null,
      "source_channel": null,
      "lead_status": "new",
      "assigned_consultant_id": null,
      "updated_at": "2026-07-24T01:34:15.760Z"
    },
    {
      "id": "5efcd1fd-5448-4f7b-9b75-9b60fbcf1c08",
      "full_name": "Codex Screenshot Admin",
      "avatar_url": null,
      "phone": null,
      "nickname": "Codex Admin",
      "role": "admin",
      "city": null,
      "english_level": null,
      "learning_goal": null,
      "source_channel": null,
      "lead_status": "new",
      "assigned_consultant_id": null,
      "updated_at": "2026-07-25T21:08:38.708Z"
    }
  ],
  "loggedAt": "2026-07-31T00:33:41.128Z"
}
 ELIFECYCLE  Command failed with exit code 4294967295.
