
> hikari-api@ standalone:dev E:\enLearn\api
> tsx watch src/standalone.ts

[Nest] 32900  - 2026/08/08 06:11:45     LOG [NestFactory] Starting Nest application...
[Nest] 32900  - 2026/08/08 06:11:45     LOG [InstanceLoader] AccountModule dependencies initialized +16ms
[Nest] 32900  - 2026/08/08 06:11:45     LOG [InstanceLoader] AdminModule dependencies initialized +0ms
[Nest] 32900  - 2026/08/08 06:11:45     LOG [InstanceLoader] PaymentModule dependencies initialized +0ms
[Nest] 32900  - 2026/08/08 06:11:45     LOG [InstanceLoader] UserModule dependencies initialized +0ms
[Nest] 32900  - 2026/08/08 06:11:45     LOG [InstanceLoader] LowCodeModule dependencies initialized +0ms
[Nest] 32900  - 2026/08/08 06:11:45     LOG [InstanceLoader] PostsModule dependencies initialized +0ms
[Nest] 32900  - 2026/08/08 06:11:45     LOG [InstanceLoader] NotificationModule dependencies initialized +0ms
[Nest] 32900  - 2026/08/08 06:11:45     LOG [InstanceLoader] EntityDesignModule dependencies initialized +0ms
[Nest] 32900  - 2026/08/08 06:11:45     LOG [InstanceLoader] FilesModule dependencies initialized +0ms
[Nest] 32900  - 2026/08/08 06:11:45     LOG [InstanceLoader] ChatModule dependencies initialized +0ms
[Nest] 32900  - 2026/08/08 06:11:45     LOG [InstanceLoader] PlanningModule dependencies initialized +0ms
[Nest] 32900  - 2026/08/08 06:11:45     LOG [InstanceLoader] DatabaseModule dependencies initialized +1ms
[Nest] 32900  - 2026/08/08 06:11:45     LOG [InstanceLoader] AuthModule dependencies initialized +0ms
[Nest] 32900  - 2026/08/08 06:11:45     LOG [InstanceLoader] DefinitionModule dependencies initialized +0ms
[Nest] 32900  - 2026/08/08 06:11:45     LOG [InstanceLoader] JobModule dependencies initialized +0ms
[Nest] 32900  - 2026/08/08 06:11:45     LOG [InstanceLoader] RuntimeModule dependencies initialized +0ms
[Nest] 32900  - 2026/08/08 06:11:45     LOG [InstanceLoader] WorkflowModule dependencies initialized +0ms
[Nest] 32900  - 2026/08/08 06:11:45     LOG [InstanceLoader] StandaloneAppModule dependencies initialized +0ms
[Nest] 32900  - 2026/08/08 06:11:45     LOG [RoutesResolver] ServiceGatewayController {/api}: +204ms
[Nest] 32900  - 2026/08/08 06:11:45     LOG [RouterExplorer] Mapped {/api/service, POST} route +1ms
[Nest] 32900  - 2026/08/08 06:11:45     LOG [RoutesResolver] AuthController {/api/auth}: +0ms
[Nest] 32900  - 2026/08/08 06:11:45     LOG [RouterExplorer] Mapped {/api/auth/signin, POST} route +0ms
[Nest] 32900  - 2026/08/08 06:11:45     LOG [RouterExplorer] Mapped {/api/auth/account-options, GET} route +0ms
[Nest] 32900  - 2026/08/08 06:11:45     LOG [RouterExplorer] Mapped {/api/auth/signup, POST} route +1ms
[Nest] 32900  - 2026/08/08 06:11:45     LOG [RouterExplorer] Mapped {/api/auth/oauth, POST} route +0ms
[Nest] 32900  - 2026/08/08 06:11:45     LOG [RouterExplorer] Mapped {/api/auth/session, POST} route +0ms
[Nest] 32900  - 2026/08/08 06:11:45     LOG [RouterExplorer] Mapped {/api/auth/refresh, POST} route +0ms
[Nest] 32900  - 2026/08/08 06:11:45     LOG [RouterExplorer] Mapped {/api/auth/me, GET} route +0ms
[Nest] 32900  - 2026/08/08 06:11:45     LOG [RouterExplorer] Mapped {/api/auth/select-account, POST} route +0ms
[Nest] 32900  - 2026/08/08 06:11:45     LOG [RouterExplorer] Mapped {/api/auth/signout, POST} route +0ms
[Nest] 32900  - 2026/08/08 06:11:45     LOG [NestApplication] Nest application successfully started +1ms
Standalone API listening on http://localhost:3002/api/service
Domain and workflow services are running in-process; Redis transport is disabled.
[Nest] 32900  - 2026/08/08 06:12:00     LOG [ServiceGatewayController] [service] notification.getUnreadCount ok 2430ms
[Nest] 32900  - 2026/08/08 06:13:28     LOG [ServiceGatewayController] [service] notification.getUnreadCount ok 1456ms
[Nest] 32900  - 2026/08/08 06:14:29     LOG [ServiceGatewayController] [service] notification.getUnreadCount ok 1784ms
[Nest] 32900  - 2026/08/08 06:15:28     LOG [ServiceGatewayController] [service] notification.getUnreadCount ok 1335ms
[Nest] 32900  - 2026/08/08 06:16:28    WARN [ServiceGatewayController] [service] notification.getUnreadCount failed 791ms: JWT expired JWT expired Forbidden
[Nest] 32900  - 2026/08/08 06:16:30     LOG [ServiceGatewayController] [service] notification.getUnreadCount ok 591ms
[Nest] 32900  - 2026/08/08 06:17:28     LOG [ServiceGatewayController] [service] notification.getUnreadCount ok 668ms
[Nest] 32900  - 2026/08/08 06:18:28     LOG [ServiceGatewayController] [service] notification.getUnreadCount ok 798ms
[Nest] 32900  - 2026/08/08 06:19:28     LOG [ServiceGatewayController] [service] notification.getUnreadCount ok 646ms
[Nest] 32900  - 2026/08/08 06:20:28     LOG [ServiceGatewayController] [service] notification.getUnreadCount ok 791ms
[Nest] 32900  - 2026/08/08 06:21:04     LOG [ServiceGatewayController] [service] admin.listNavigationRoutes ok 450ms
[Nest] 32900  - 2026/08/08 06:21:06     LOG [ServiceGatewayController] [service] lowcode.getRuntimePage ok 2064ms
[Nest] 32900  - 2026/08/08 06:21:06     LOG [ServiceGatewayController] [service] lowcode.getRuntimePage ok 2211ms
[Nest] 32900  - 2026/08/08 06:21:06     LOG [ServiceGatewayController] [service] lowcode.getRuntimePage ok 2736ms
[Nest] 32900  - 2026/08/08 06:21:06     LOG [ServiceGatewayController] [service] lowcode.getRuntimePage ok 2756ms
[Nest] 32900  - 2026/08/08 06:21:07     LOG [ServiceGatewayController] [service] lowcode.getRuntimePage ok 3049ms
[Nest] 32900  - 2026/08/08 06:21:07     LOG [ServiceGatewayController] [service] lowcode.getRuntimePage ok 3212ms
[Nest] 32900  - 2026/08/08 06:21:07     LOG [ServiceGatewayController] [service] lowcode.getRuntimePage ok 3253ms
[Nest] 32900  - 2026/08/08 06:21:07     LOG [ServiceGatewayController] [service] lowcode.getRuntimePage ok 3290ms
[Nest] 32900  - 2026/08/08 06:21:07     LOG [ServiceGatewayController] [service] lowcode.getRuntimePage ok 3303ms
[Nest] 32900  - 2026/08/08 06:21:07     LOG [ServiceGatewayController] [service] lowcode.getRuntimePage ok 3352ms
[Nest] 32900  - 2026/08/08 06:21:07     LOG [ServiceGatewayController] [service] lowcode.getRuntimePage ok 3452ms
[Nest] 32900  - 2026/08/08 06:21:07     LOG [ServiceGatewayController] [service] lowcode.getRuntimePage ok 3457ms
[Nest] 32900  - 2026/08/08 06:21:07     LOG [ServiceGatewayController] [service] lowcode.getRuntimePage ok 3500ms
[Nest] 32900  - 2026/08/08 06:21:07     LOG [ServiceGatewayController] [service] lowcode.getRuntimePage ok 3615ms
[Nest] 32900  - 2026/08/08 06:21:07     LOG [ServiceGatewayController] [service] lowcode.getRuntimePage ok 3652ms
[Nest] 32900  - 2026/08/08 06:21:07     LOG [ServiceGatewayController] [service] lowcode.getRuntimePage ok 3723ms
[Nest] 32900  - 2026/08/08 06:21:07     LOG [ServiceGatewayController] [service] lowcode.getRuntimePage ok 3746ms
[Nest] 32900  - 2026/08/08 06:21:07     LOG [ServiceGatewayController] [service] lowcode.getRuntimePage ok 3775ms
[Nest] 32900  - 2026/08/08 06:21:07     LOG [ServiceGatewayController] [service] lowcode.getRuntimePage ok 3759ms
[Nest] 32900  - 2026/08/08 06:21:07     LOG [ServiceGatewayController] [service] lowcode.getRuntimePage ok 3772ms
[Nest] 32900  - 2026/08/08 06:21:07     LOG [ServiceGatewayController] [service] lowcode.getRuntimePage ok 3775ms
[Nest] 32900  - 2026/08/08 06:21:08     LOG [ServiceGatewayController] [service] lowcode.getRuntimePage ok 3824ms
[Nest] 32900  - 2026/08/08 06:21:08     LOG [ServiceGatewayController] [service] lowcode.getRuntimePage ok 3837ms
[Nest] 32900  - 2026/08/08 06:21:08     LOG [ServiceGatewayController] [service] lowcode.getRuntimePage ok 3822ms
[Nest] 32900  - 2026/08/08 06:21:08     LOG [ServiceGatewayController] [service] lowcode.getRuntimePage ok 3865ms
[Nest] 32900  - 2026/08/08 06:21:08     LOG [ServiceGatewayController] [service] lowcode.getRuntimePage ok 3864ms
[Nest] 32900  - 2026/08/08 06:21:08     LOG [ServiceGatewayController] [service] lowcode.getRuntimePage ok 3890ms
[Nest] 32900  - 2026/08/08 06:21:08     LOG [ServiceGatewayController] [service] lowcode.getRuntimePage ok 3878ms
[Nest] 32900  - 2026/08/08 06:21:08     LOG [ServiceGatewayController] [service] lowcode.getRuntimePage ok 3915ms
[Nest] 32900  - 2026/08/08 06:21:08     LOG [ServiceGatewayController] [service] lowcode.getRuntimePage ok 3896ms
[Nest] 32900  - 2026/08/08 06:21:08     LOG [ServiceGatewayController] [service] lowcode.getRuntimePage ok 3917ms
[Nest] 32900  - 2026/08/08 06:21:08     LOG [ServiceGatewayController] [service] lowcode.getRuntimePage ok 3997ms
[Nest] 32900  - 2026/08/08 06:21:08     LOG [ServiceGatewayController] [service] lowcode.getRuntimePage ok 3985ms
[Nest] 32900  - 2026/08/08 06:21:08     LOG [ServiceGatewayController] [service] lowcode.getRuntimePage ok 4033ms
[Nest] 32900  - 2026/08/08 06:21:08     LOG [ServiceGatewayController] [service] lowcode.getRuntimePage ok 4035ms
[Nest] 32900  - 2026/08/08 06:21:08     LOG [ServiceGatewayController] [service] lowcode.getRuntimePage ok 4025ms
[Nest] 32900  - 2026/08/08 06:21:08     LOG [ServiceGatewayController] [service] lowcode.getRuntimePage ok 4034ms
[Nest] 32900  - 2026/08/08 06:21:08     LOG [ServiceGatewayController] [service] lowcode.getRuntimePage ok 4024ms
[Nest] 32900  - 2026/08/08 06:21:08     LOG [ServiceGatewayController] [service] lowcode.getRuntimePage ok 4031ms
[Nest] 32900  - 2026/08/08 06:21:08     LOG [ServiceGatewayController] [service] lowcode.getRuntimePage ok 4054ms
[Nest] 32900  - 2026/08/08 06:21:08     LOG [ServiceGatewayController] [service] lowcode.getRuntimePage ok 4040ms
[Nest] 32900  - 2026/08/08 06:21:08     LOG [ServiceGatewayController] [service] lowcode.getRuntimePage ok 4076ms
[Nest] 32900  - 2026/08/08 06:21:08     LOG [ServiceGatewayController] [service] lowcode.getRuntimePage ok 4062ms
[Nest] 32900  - 2026/08/08 06:21:08     LOG [ServiceGatewayController] [service] lowcode.getRuntimePage ok 4065ms
[Nest] 32900  - 2026/08/08 06:21:08     LOG [ServiceGatewayController] [service] lowcode.getRuntimePage ok 4105ms
[Nest] 32900  - 2026/08/08 06:21:08     LOG [ServiceGatewayController] [service] admin.listItems ok 285ms
[Nest] 32900  - 2026/08/08 06:21:08     LOG [ServiceGatewayController] [service] admin.listNavigationRoutes ok 489ms requestId=mobile-8564c246-cb12-4117-af77-1a754988a676
[Nest] 32900  - 2026/08/08 06:21:09     LOG [ServiceGatewayController] [service] lowcode.listItems ok 601ms
[Nest] 32900  - 2026/08/08 06:21:09     LOG [ServiceGatewayController] [service] lowcode.getRuntimePage ok 641ms requestId=mobile-2a17726e-82fe-4c79-9931-819dc6fa1004
[Nest] 32900  - 2026/08/08 06:21:09     LOG [ServiceGatewayController] [service] lowcode.listItems ok 594ms
[Nest] 32900  - 2026/08/08 06:21:09     LOG [ServiceGatewayController] [service] admin.listItems ok 328ms requestId=mobile-29398e0e-2aa0-45aa-8bde-704cffb738b1
[Nest] 32900  - 2026/08/08 06:21:10     LOG [ServiceGatewayController] [service] admin.listItems ok 447ms
[Nest] 32900  - 2026/08/08 06:21:10     LOG [ServiceGatewayController] [service] admin.listItems ok 293ms requestId=mobile-4f283687-b776-4e8b-ae11-40a1466dae47
[Nest] 32900  - 2026/08/08 06:21:10     LOG [ServiceGatewayController] [service] admin.listItems ok 278ms
[Nest] 32900  - 2026/08/08 06:21:10     LOG [ServiceGatewayController] [service] planning.listItems ok 283ms
[Nest] 32900  - 2026/08/08 06:21:11     LOG [ServiceGatewayController] [service] workflow.listItems ok 310ms
[Nest] 32900  - 2026/08/08 06:21:11     LOG [ServiceGatewayController] [service] notification.listItems ok 290ms
[Nest] 32900  - 2026/08/08 06:21:11     LOG [ServiceGatewayController] [service] notification.listItems ok 270ms
[Nest] 32900  - 2026/08/08 06:21:11     LOG [ServiceGatewayController] [service] notification.listItems ok 273ms
[Nest] 32900  - 2026/08/08 06:21:12     LOG [ServiceGatewayController] [service] admin.listItems ok 269ms
[Nest] 32900  - 2026/08/08 06:21:12     LOG [ServiceGatewayController] [service] admin.listItems ok 276ms
[Nest] 32900  - 2026/08/08 06:21:12     LOG [ServiceGatewayController] [service] workflow.listItems ok 277ms
[Nest] 32900  - 2026/08/08 06:21:13     LOG [ServiceGatewayController] [service] admin.listItems ok 280ms
[Nest] 32900  - 2026/08/08 06:21:13     LOG [ServiceGatewayController] [service] admin.listItems ok 267ms
[Nest] 32900  - 2026/08/08 06:21:13     LOG [ServiceGatewayController] [service] admin.listItems ok 276ms
[Nest] 32900  - 2026/08/08 06:21:13     LOG [ServiceGatewayController] [service] planning.listRelationOptions ok 271ms
[Nest] 32900  - 2026/08/08 06:21:14     LOG [ServiceGatewayController] [service] planning.listItems ok 271ms
[Nest] 32900  - 2026/08/08 06:21:14     LOG [ServiceGatewayController] [service] workflow.listItems ok 323ms
[Nest] 32900  - 2026/08/08 06:21:15     LOG [ServiceGatewayController] [service] lowcode.listItems ok 559ms
[Nest] 32900  - 2026/08/08 06:21:15     LOG [ServiceGatewayController] [service] admin.listItems ok 319ms
[Nest] 32900  - 2026/08/08 06:21:15     LOG [ServiceGatewayController] [service] notification.listItems ok 300ms
[Nest] 32900  - 2026/08/08 06:21:16     LOG [ServiceGatewayController] [service] files.runAction ok 738ms
[Nest] 32900  - 2026/08/08 06:21:17     LOG [ServiceGatewayController] [service] workflow.listItems ok 1453ms
[Nest] 32900  - 2026/08/08 06:21:18     LOG [ServiceGatewayController] [service] entityDesign.listViews ok 757ms
[Nest] 32900  - 2026/08/08 06:21:18     LOG [ServiceGatewayController] [service] planning.listItems ok 268ms
[Nest] 32900  - 2026/08/08 06:21:19     LOG [ServiceGatewayController] [service] planning.listRelationOptions ok 275ms
[Nest] 32900  - 2026/08/08 06:21:19     LOG [ServiceGatewayController] [service] planning.listRelationOptions ok 272ms
[Nest] 32900  - 2026/08/08 06:21:19     LOG [ServiceGatewayController] [service] workflow.listItems ok 271ms
[Nest] 32900  - 2026/08/08 06:21:20     LOG [ServiceGatewayController] [service] lowcode.listItems ok 537ms
[Nest] 32900  - 2026/08/08 06:21:20     LOG [ServiceGatewayController] [service] admin.listItems ok 291ms
[Nest] 32900  - 2026/08/08 06:21:20     LOG [ServiceGatewayController] [service] admin.listItems ok 271ms
[Nest] 32900  - 2026/08/08 06:21:21     LOG [ServiceGatewayController] [service] admin.listItems ok 282ms
[Nest] 32900  - 2026/08/08 06:21:21     LOG [ServiceGatewayController] [service] admin.listItems ok 270ms
[Nest] 32900  - 2026/08/08 06:21:21     LOG [ServiceGatewayController] [service] admin.listItems ok 278ms
[Nest] 32900  - 2026/08/08 06:21:21     LOG [ServiceGatewayController] [service] planning.listItems ok 283ms
[Nest] 32900  - 2026/08/08 06:21:22     LOG [ServiceGatewayController] [service] planning.listRelationOptions ok 264ms
[Nest] 32900  - 2026/08/08 06:21:22     LOG [ServiceGatewayController] [service] workflow.listItems ok 267ms
[Nest] 32900  - 2026/08/08 06:21:22     LOG [ServiceGatewayController] [service] planning.listItems ok 271ms
[Nest] 32900  - 2026/08/08 06:21:23     LOG [ServiceGatewayController] [service] planning.listRelationOptions ok 270ms
[Nest] 32900  - 2026/08/08 06:21:23     LOG [ServiceGatewayController] [service] planning.listItems ok 288ms
[Nest] 32900  - 2026/08/08 06:21:23     LOG [ServiceGatewayController] [service] planning.listRelationOptions ok 271ms
[Nest] 32900  - 2026/08/08 06:21:23     LOG [ServiceGatewayController] [service] planning.listRelationOptions ok 263ms
[Nest] 32900  - 2026/08/08 06:21:24     LOG [ServiceGatewayController] [service] planning.listRelationOptions ok 265ms
[Nest] 32900  - 2026/08/08 06:21:24     LOG [ServiceGatewayController] [service] planning.listRelationOptions ok 271ms
[Nest] 32900  - 2026/08/08 06:21:24     LOG [ServiceGatewayController] [service] planning.listRelationOptions ok 279ms
[Nest] 32900  - 2026/08/08 06:21:24     LOG [ServiceGatewayController] [service] planning.listRelationOptions ok 269ms
[Nest] 32900  - 2026/08/08 06:21:25     LOG [ServiceGatewayController] [service] planning.listItems ok 275ms
[Nest] 32900  - 2026/08/08 06:21:25     LOG [ServiceGatewayController] [service] planning.listRelationOptions ok 263ms
[Nest] 32900  - 2026/08/08 06:21:25     LOG [ServiceGatewayController] [service] planning.listRelationOptions ok 267ms
[Nest] 32900  - 2026/08/08 06:21:26     LOG [ServiceGatewayController] [service] planning.listRelationOptions ok 264ms
[Nest] 32900  - 2026/08/08 06:21:26     LOG [ServiceGatewayController] [service] planning.listItems ok 269ms
[Nest] 32900  - 2026/08/08 06:21:26     LOG [ServiceGatewayController] [service] planning.listItems ok 277ms
[Nest] 32900  - 2026/08/08 06:21:26     LOG [ServiceGatewayController] [service] planning.listRelationOptions ok 272ms
[Nest] 32900  - 2026/08/08 06:21:27     LOG [ServiceGatewayController] [service] planning.listRelationOptions ok 269ms
[Nest] 32900  - 2026/08/08 06:21:27     LOG [ServiceGatewayController] [service] planning.listRelationOptions ok 268ms
[Nest] 32900  - 2026/08/08 06:21:27     LOG [ServiceGatewayController] [service] planning.listItems ok 267ms
[Nest] 32900  - 2026/08/08 06:21:27     LOG [ServiceGatewayController] [service] planning.listItems ok 268ms
[Nest] 32900  - 2026/08/08 06:21:28     LOG [ServiceGatewayController] [service] notification.getUnreadCount ok 616ms
[Nest] 32900  - 2026/08/08 06:21:28     LOG [ServiceGatewayController] [service] planning.listRelationOptions ok 274ms
[Nest] 32900  - 2026/08/08 06:21:28     LOG [ServiceGatewayController] [service] planning.listRelationOptions ok 263ms
[Nest] 32900  - 2026/08/08 06:21:28     LOG [ServiceGatewayController] [service] planning.listRelationOptions ok 268ms
[Nest] 32900  - 2026/08/08 06:21:28     LOG [ServiceGatewayController] [service] planning.listRelationOptions ok 263ms
[Nest] 32900  - 2026/08/08 06:21:29     LOG [ServiceGatewayController] [service] planning.listItems ok 282ms
[Nest] 32900  - 2026/08/08 06:21:29     LOG [ServiceGatewayController] [service] planning.listRelationOptions ok 266ms
[Nest] 32900  - 2026/08/08 06:21:29     LOG [ServiceGatewayController] [service] planning.listRelationOptions ok 271ms
[Nest] 32900  - 2026/08/08 06:21:30     LOG [ServiceGatewayController] [service] planning.listItems ok 271ms
[Nest] 32900  - 2026/08/08 06:21:30     LOG [ServiceGatewayController] [service] planning.listItems ok 276ms
[Nest] 32900  - 2026/08/08 06:21:30     LOG [ServiceGatewayController] [service] planning.listRelationOptions ok 266ms
[Nest] 32900  - 2026/08/08 06:21:30     LOG [ServiceGatewayController] [service] planning.listRelationOptions ok 263ms
[Nest] 32900  - 2026/08/08 06:21:31     LOG [ServiceGatewayController] [service] planning.listRelationOptions ok 265ms
[Nest] 32900  - 2026/08/08 06:21:31     LOG [ServiceGatewayController] [service] planning.listItems ok 291ms
[Nest] 32900  - 2026/08/08 06:21:31     LOG [ServiceGatewayController] [service] planning.listRelationOptions ok 518ms
[Nest] 32900  - 2026/08/08 06:21:32     LOG [ServiceGatewayController] [service] planning.listRelationOptions ok 268ms
[Nest] 32900  - 2026/08/08 06:21:32     LOG [ServiceGatewayController] [service] planning.listRelationOptions ok 264ms
[Nest] 32900  - 2026/08/08 06:21:32     LOG [ServiceGatewayController] [service] planning.listRelationOptions ok 262ms
[Nest] 32900  - 2026/08/08 06:21:33     LOG [ServiceGatewayController] [service] planning.listRelationOptions ok 269ms
[Nest] 32900  - 2026/08/08 06:21:33     LOG [ServiceGatewayController] [service] planning.listRelationOptions ok 272ms
[Nest] 32900  - 2026/08/08 06:21:33     LOG [ServiceGatewayController] [service] planning.listItems ok 268ms
[Nest] 32900  - 2026/08/08 06:21:33     LOG [ServiceGatewayController] [service] planning.listRelationOptions ok 264ms
[Nest] 32900  - 2026/08/08 06:21:34     LOG [ServiceGatewayController] [service] planning.listRelationOptions ok 272ms
[Nest] 32900  - 2026/08/08 06:21:34     LOG [ServiceGatewayController] [service] planning.listRelationOptions ok 262ms
[Nest] 32900  - 2026/08/08 06:21:34     LOG [ServiceGatewayController] [service] planning.listItems ok 268ms
[Nest] 32900  - 2026/08/08 06:21:34     LOG [ServiceGatewayController] [service] planning.listRelationOptions ok 261ms
[Nest] 32900  - 2026/08/08 06:21:35     LOG [ServiceGatewayController] [service] planning.listItems ok 283ms
[Nest] 32900  - 2026/08/08 06:21:35     LOG [ServiceGatewayController] [service] planning.listRelationOptions ok 267ms
[Nest] 32900  - 2026/08/08 06:21:35     LOG [ServiceGatewayController] [service] planning.listItems ok 274ms
[Nest] 32900  - 2026/08/08 06:21:36     LOG [ServiceGatewayController] [service] planning.listItems ok 270ms
[Nest] 32900  - 2026/08/08 06:21:36     LOG [ServiceGatewayController] [service] planning.listRelationOptions ok 262ms
[Nest] 32900  - 2026/08/08 06:21:36     LOG [ServiceGatewayController] [service] planning.listRelationOptions ok 271ms
[Nest] 32900  - 2026/08/08 06:21:36     LOG [ServiceGatewayController] [service] planning.listRelationOptions ok 271ms
[Nest] 32900  - 2026/08/08 06:21:37     LOG [ServiceGatewayController] [service] planning.listRelationOptions ok 267ms
[Nest] 32900  - 2026/08/08 06:21:37     LOG [ServiceGatewayController] [service] planning.listRelationOptions ok 263ms
[Nest] 32900  - 2026/08/08 06:21:37     LOG [ServiceGatewayController] [service] planning.listRelationOptions ok 262ms
[Nest] 32900  - 2026/08/08 06:21:37     LOG [ServiceGatewayController] [service] planning.listRelationOptions ok 263ms
[Nest] 32900  - 2026/08/08 06:21:38     LOG [ServiceGatewayController] [service] planning.listRelationOptions ok 269ms
[Nest] 32900  - 2026/08/08 06:21:38     LOG [ServiceGatewayController] [service] planning.listRelationOptions ok 272ms
[Nest] 32900  - 2026/08/08 06:21:38     LOG [ServiceGatewayController] [service] planning.listItems ok 270ms
[Nest] 32900  - 2026/08/08 06:21:38     LOG [ServiceGatewayController] [service] planning.listRelationOptions ok 274ms
[Nest] 32900  - 2026/08/08 06:21:39     LOG [ServiceGatewayController] [service] planning.listRelationOptions ok 262ms
[Nest] 32900  - 2026/08/08 06:21:39     LOG [ServiceGatewayController] [service] planning.listRelationOptions ok 269ms
[Nest] 32900  - 2026/08/08 06:21:39     LOG [ServiceGatewayController] [service] planning.listItems ok 270ms
[Nest] 32900  - 2026/08/08 06:21:40     LOG [ServiceGatewayController] [service] planning.listRelationOptions ok 269ms
[Nest] 32900  - 2026/08/08 06:21:40     LOG [ServiceGatewayController] [service] planning.listRelationOptions ok 263ms
[Nest] 32900  - 2026/08/08 06:21:40     LOG [ServiceGatewayController] [service] planning.listRelationOptions ok 264ms
[Nest] 32900  - 2026/08/08 06:21:40     LOG [ServiceGatewayController] [service] planning.listItems ok 267ms
[Nest] 32900  - 2026/08/08 06:22:29     LOG [ServiceGatewayController] [service] notification.getUnreadCount ok 1507ms
[Nest] 32900  - 2026/08/08 06:23:28     LOG [ServiceGatewayController] [service] notification.getUnreadCount ok 715ms
[Nest] 32900  - 2026/08/08 06:24:28     LOG [ServiceGatewayController] [service] notification.getUnreadCount ok 759ms
[Nest] 32900  - 2026/08/08 06:25:28     LOG [ServiceGatewayController] [service] notification.getUnreadCount ok 704ms
[Nest] 32900  - 2026/08/08 06:26:29     LOG [ServiceGatewayController] [service] notification.getUnreadCount ok 2350ms
[Nest] 32900  - 2026/08/08 06:37:31     LOG [ServiceGatewayController] [service] notification.getUnreadCount ok 3306ms
[Nest] 32900  - 2026/08/08 06:37:34     LOG [ServiceGatewayController] [service] admin.listItems ok 607ms
[Nest] 32900  - 2026/08/08 06:37:35     LOG [ServiceGatewayController] [service] notification.getUnreadCount ok 1339ms
[Nest] 32900  - 2026/08/08 06:37:36     LOG [ServiceGatewayController] [service] admin.listItems ok 1678ms
[Nest] 32900  - 2026/08/08 06:37:36     LOG [ServiceGatewayController] [service] lowcode.listItems ok 1958ms
[Nest] 32900  - 2026/08/08 06:37:37     LOG [ServiceGatewayController] [service] planning.listRelationOptions ok 616ms
[Nest] 32900  - 2026/08/08 06:37:37     LOG [ServiceGatewayController] [service] planning.listRelationOptions ok 624ms
[Nest] 32900  - 2026/08/08 06:37:37     LOG [ServiceGatewayController] [service] lowcode.listItems ok 1226ms
[Nest] 32900  - 2026/08/08 06:37:37     LOG [ServiceGatewayController] [service] planning.listItems ok 954ms
[Nest] 32900  - 2026/08/08 06:37:37     LOG [ServiceGatewayController] [service] planning.listRelationOptions ok 959ms
[Nest] 32900  - 2026/08/08 06:37:46     LOG [ServiceGatewayController] [service] notification.getUnreadCount ok 1802ms
[Nest] 32900  - 2026/08/08 06:37:46     LOG [ServiceGatewayController] [service] lowcode.listItems ok 2188ms
[Nest] 32900  - 2026/08/08 06:37:46     LOG [ServiceGatewayController] [service] lowcode.listItems ok 2551ms
[Nest] 32900  - 2026/08/08 06:37:47     LOG [ServiceGatewayController] [service] planning.listItems ok 591ms
[Nest] 32900  - 2026/08/08 06:37:51     LOG [ServiceGatewayController] [service] notification.getUnreadCount ok 912ms
[Nest] 32900  - 2026/08/08 06:37:51     LOG [ServiceGatewayController] [service] lowcode.listItems ok 1186ms
[Nest] 32900  - 2026/08/08 06:37:52     LOG [ServiceGatewayController] [service] lowcode.listItems ok 1760ms
[Nest] 32900  - 2026/08/08 06:37:53     LOG [ServiceGatewayController] [service] planning.listItems ok 554ms
[Nest] 32900  - 2026/08/08 06:37:53     LOG [ServiceGatewayController] [service] planning.listRelationOptions ok 589ms
[Nest] 32900  - 2026/08/08 06:37:53     LOG [ServiceGatewayController] [service] planning.listRelationOptions ok 592ms
[Nest] 32900  - 2026/08/08 06:37:53     LOG [ServiceGatewayController] [service] planning.listRelationOptions ok 934ms
[Nest] 32900  - 2026/08/08 06:37:53     LOG [ServiceGatewayController] [service] planning.listRelationOptions ok 1155ms
[Nest] 32900  - 2026/08/08 06:37:55     LOG [ServiceGatewayController] [service] notification.getUnreadCount ok 1516ms
[Nest] 32900  - 2026/08/08 06:37:56     LOG [ServiceGatewayController] [service] lowcode.listItems ok 1821ms
[Nest] 32900  - 2026/08/08 06:37:56     LOG [ServiceGatewayController] [service] lowcode.listItems ok 1864ms
[Nest] 32900  - 2026/08/08 06:37:56     LOG [ServiceGatewayController] [service] planning.listItems ok 559ms
[Nest] 32900  - 2026/08/08 06:37:58     LOG [ServiceGatewayController] [service] notification.getUnreadCount ok 927ms
[Nest] 32900  - 2026/08/08 06:37:58     LOG [ServiceGatewayController] [service] lowcode.listItems ok 1166ms
[Nest] 32900  - 2026/08/08 06:37:58     LOG [ServiceGatewayController] [service] lowcode.listItems ok 1269ms
[Nest] 32900  - 2026/08/08 06:37:59     LOG [ServiceGatewayController] [service] planning.listRelationOptions ok 547ms
[Nest] 32900  - 2026/08/08 06:37:59     LOG [ServiceGatewayController] [service] planning.listRelationOptions ok 572ms
[Nest] 32900  - 2026/08/08 06:37:59     LOG [ServiceGatewayController] [service] planning.listItems ok 588ms
[Nest] 32900  - 2026/08/08 06:38:05     LOG [ServiceGatewayController] [service] notification.getUnreadCount ok 1954ms
[Nest] 32900  - 2026/08/08 06:38:06     LOG [ServiceGatewayController] [service] lowcode.listItems ok 2335ms
[Nest] 32900  - 2026/08/08 06:38:06     LOG [ServiceGatewayController] [service] lowcode.listItems ok 2593ms
[Nest] 32900  - 2026/08/08 06:38:06     LOG [ServiceGatewayController] [service] planning.listRelationOptions ok 594ms
[Nest] 32900  - 2026/08/08 06:38:06     LOG [ServiceGatewayController] [service] planning.listRelationOptions ok 606ms
[Nest] 32900  - 2026/08/08 06:38:07     LOG [ServiceGatewayController] [service] planning.listRelationOptions ok 800ms
[Nest] 32900  - 2026/08/08 06:38:07     LOG [ServiceGatewayController] [service] planning.listItems ok 1359ms
[Nest] 32900  - 2026/08/08 06:38:10     LOG [ServiceGatewayController] [service] notification.getUnreadCount ok 923ms
[Nest] 32900  - 2026/08/08 06:38:10     LOG [ServiceGatewayController] [service] lowcode.listItems ok 1257ms
[Nest] 32900  - 2026/08/08 06:38:11     LOG [ServiceGatewayController] [service] notification.getUnreadCount ok 903ms
[Nest] 32900  - 2026/08/08 06:38:11     LOG [ServiceGatewayController] [service] lowcode.listItems ok 1268ms
[Nest] 32900  - 2026/08/08 06:38:12     LOG [ServiceGatewayController] [service] notification.getUnreadCount ok 919ms
[Nest] 32900  - 2026/08/08 06:38:12     LOG [ServiceGatewayController] [service] lowcode.listItems ok 1295ms
[Nest] 32900  - 2026/08/08 06:38:12     LOG [ServiceGatewayController] [service] notification.getUnreadCount ok 907ms
[Nest] 32900  - 2026/08/08 06:38:13     LOG [ServiceGatewayController] [service] lowcode.listItems ok 1243ms
[Nest] 32900  - 2026/08/08 06:38:13     LOG [ServiceGatewayController] [service] notification.getUnreadCount ok 917ms
[Nest] 32900  - 2026/08/08 06:38:13     LOG [ServiceGatewayController] [service] lowcode.listItems ok 1259ms
[Nest] 32900  - 2026/08/08 06:38:16     LOG [ServiceGatewayController] [service] notification.getUnreadCount ok 1499ms
[Nest] 32900  - 2026/08/08 06:38:16     LOG [ServiceGatewayController] [service] notification.getUnreadCount ok 1212ms
[Nest] 32900  - 2026/08/08 06:38:16     LOG [ServiceGatewayController] [service] lowcode.listItems ok 1879ms
[Nest] 32900  - 2026/08/08 06:38:16     LOG [ServiceGatewayController] [service] lowcode.listItems ok 1581ms
[Nest] 32900  - 2026/08/08 06:38:16     LOG [ServiceGatewayController] [service] notification.getUnreadCount ok 1363ms
[Nest] 32900  - 2026/08/08 06:38:17     LOG [ServiceGatewayController] [service] lowcode.listItems ok 1562ms
[Nest] 32900  - 2026/08/08 06:38:17     LOG [ServiceGatewayController] [service] notification.getUnreadCount ok 916ms
[Nest] 32900  - 2026/08/08 06:38:17     LOG [ServiceGatewayController] [service] lowcode.listItems ok 1229ms
[Nest] 32900  - 2026/08/08 06:38:24     LOG [ServiceGatewayController] [service] notification.getUnreadCount ok 1237ms
[Nest] 32900  - 2026/08/08 06:38:25     LOG [ServiceGatewayController] [service] lowcode.listItems ok 1599ms
[Nest] 32900  - 2026/08/08 06:38:25     LOG [ServiceGatewayController] [service] notification.getUnreadCount ok 1335ms
[Nest] 32900  - 2026/08/08 06:38:25     LOG [ServiceGatewayController] [service] lowcode.listItems ok 1266ms
[Nest] 32900  - 2026/08/08 06:38:26     LOG [ServiceGatewayController] [service] lowcode.listItems ok 1684ms
[Nest] 32900  - 2026/08/08 06:38:26     LOG [ServiceGatewayController] [service] notification.getUnreadCount ok 1316ms
[Nest] 32900  - 2026/08/08 06:38:26     LOG [ServiceGatewayController] [service] lowcode.listItems ok 1624ms
[Nest] 32900  - 2026/08/08 06:38:26     LOG [ServiceGatewayController] [service] notification.getUnreadCount ok 920ms
[Nest] 32900  - 2026/08/08 06:38:26     LOG [ServiceGatewayController] [service] lowcode.listItems ok 1462ms
[Nest] 32900  - 2026/08/08 06:38:26     LOG [ServiceGatewayController] [service] notification.getUnreadCount ok 934ms
[Nest] 32900  - 2026/08/08 06:38:27     LOG [ServiceGatewayController] [service] planning.listItems ok 818ms
[Nest] 32900  - 2026/08/08 06:38:27     LOG [ServiceGatewayController] [service] planning.listRelationOptions ok 627ms
[Nest] 32900  - 2026/08/08 06:38:27     LOG [ServiceGatewayController] [service] planning.listRelationOptions ok 583ms
[Nest] 32900  - 2026/08/08 06:38:27     LOG [ServiceGatewayController] [service] lowcode.listItems ok 1223ms
[Nest] 32900  - 2026/08/08 06:38:27     LOG [ServiceGatewayController] [service] lowcode.listItems ok 1308ms
[Nest] 32900  - 2026/08/08 06:38:27     LOG [ServiceGatewayController] [service] planning.listRelationOptions ok 563ms
[Nest] 32900  - 2026/08/08 06:38:27     LOG [ServiceGatewayController] [service] planning.listRelationOptions ok 576ms
[Nest] 32900  - 2026/08/08 06:38:27     LOG [ServiceGatewayController] [service] planning.listItems ok 575ms
[Nest] 32900  - 2026/08/08 06:38:27     LOG [ServiceGatewayController] [service] planning.listRelationOptions ok 615ms
[Nest] 32900  - 2026/08/08 06:38:28     LOG [ServiceGatewayController] [service] notification.getUnreadCount ok 969ms
[Nest] 32900  - 2026/08/08 06:38:29     LOG [ServiceGatewayController] [service] lowcode.listItems ok 1245ms
[Nest] 32900  - 2026/08/08 06:38:29     LOG [ServiceGatewayController] [service] lowcode.listItems ok 1193ms
[Nest] 32900  - 2026/08/08 06:38:30     LOG [ServiceGatewayController] [service] planning.listRelationOptions ok 908ms
[Nest] 32900  - 2026/08/08 06:38:30     LOG [ServiceGatewayController] [service] planning.listRelationOptions ok 920ms
[Nest] 32900  - 2026/08/08 06:38:30     LOG [ServiceGatewayController] [service] planning.listItems ok 973ms
[Nest] 32900  - 2026/08/08 06:38:30     LOG [ServiceGatewayController] [service] planning.listRelationOptions ok 988ms
[Nest] 32900  - 2026/08/08 06:38:30     LOG [ServiceGatewayController] [service] planning.listRelationOptions ok 1002ms
[Nest] 32900  - 2026/08/08 06:38:31     LOG [ServiceGatewayController] [service] notification.getUnreadCount ok 1229ms
[Nest] 32900  - 2026/08/08 06:38:32     LOG [ServiceGatewayController] [service] lowcode.listItems ok 2072ms
[Nest] 32900  - 2026/08/08 06:38:32     LOG [ServiceGatewayController] [service] lowcode.listItems ok 2380ms
[Nest] 32900  - 2026/08/08 06:38:32     LOG [ServiceGatewayController] [service] planning.listRelationOptions ok 728ms
[Nest] 32900  - 2026/08/08 06:38:32     LOG [ServiceGatewayController] [service] planning.listRelationOptions ok 750ms
[Nest] 32900  - 2026/08/08 06:38:32     LOG [ServiceGatewayController] [service] planning.listRelationOptions ok 771ms
[Nest] 32900  - 2026/08/08 06:38:32     LOG [ServiceGatewayController] [service] planning.listRelationOptions ok 791ms
[Nest] 32900  - 2026/08/08 06:38:32     LOG [ServiceGatewayController] [service] planning.listRelationOptions ok 801ms
[Nest] 32900  - 2026/08/08 06:38:33     LOG [ServiceGatewayController] [service] planning.listItems ok 1036ms
[Nest] 32900  - 2026/08/08 06:38:34     LOG [ServiceGatewayController] [service] planning.listRelationOptions ok 1176ms
[Nest] 32900  - 2026/08/08 06:38:35     LOG [ServiceGatewayController] [service] notification.getUnreadCount ok 936ms
[Nest] 32900  - 2026/08/08 06:38:51     LOG [ServiceGatewayController] [service] lowcode.listItems ok 1582ms
[Nest] 32900  - 2026/08/08 06:39:35     LOG [ServiceGatewayController] [service] notification.getUnreadCount ok 1455ms
[Nest] 32900  - 2026/08/08 06:40:35     LOG [ServiceGatewayController] [service] notification.getUnreadCount ok 1321ms
[Nest] 32900  - 2026/08/08 06:41:35     LOG [ServiceGatewayController] [service] notification.getUnreadCount ok 1304ms
[Nest] 32900  - 2026/08/08 06:42:36     LOG [ServiceGatewayController] [service] notification.getUnreadCount ok 2174ms
[Nest] 32900  - 2026/08/08 06:43:36     LOG [ServiceGatewayController] [service] notification.getUnreadCount ok 1386ms
[Nest] 32900  - 2026/08/08 06:43:39     LOG [ServiceGatewayController] [service] admin.listNavigationRoutes ok 957ms
[Nest] 32900  - 2026/08/08 06:43:40     LOG [ServiceGatewayController] [service] lowcode.getRuntimePage ok 1431ms
[Nest] 32900  - 2026/08/08 06:43:40     LOG [ServiceGatewayController] [service] lowcode.getRuntimePage ok 1479ms
[Nest] 32900  - 2026/08/08 06:43:41     LOG [ServiceGatewayController] [service] admin.listNavigationRoutes ok 1434ms requestId=mobile-22c5db8e-7a29-4e38-9420-4242d658e9ad
[Nest] 32900  - 2026/08/08 06:43:41     LOG [ServiceGatewayController] [service] lowcode.getRuntimePage ok 1740ms
[Nest] 32900  - 2026/08/08 06:43:41     LOG [ServiceGatewayController] [service] lowcode.getRuntimePage ok 1856ms
[Nest] 32900  - 2026/08/08 06:43:41     LOG [ServiceGatewayController] [service] lowcode.getRuntimePage ok 2207ms
[Nest] 32900  - 2026/08/08 06:43:41     LOG [ServiceGatewayController] [service] lowcode.getRuntimePage ok 2361ms
[Nest] 32900  - 2026/08/08 06:43:41     LOG [ServiceGatewayController] [service] lowcode.getRuntimePage ok 2471ms
[Nest] 32900  - 2026/08/08 06:43:42     LOG [ServiceGatewayController] [service] lowcode.getRuntimePage ok 3083ms
[Nest] 32900  - 2026/08/08 06:43:42     LOG [ServiceGatewayController] [service] lowcode.getRuntimePage ok 3088ms
[Nest] 32900  - 2026/08/08 06:43:42     LOG [ServiceGatewayController] [service] lowcode.getRuntimePage ok 3310ms
[Nest] 32900  - 2026/08/08 06:43:42     LOG [ServiceGatewayController] [service] lowcode.getRuntimePage ok 3351ms
[Nest] 32900  - 2026/08/08 06:43:42     LOG [ServiceGatewayController] [service] lowcode.getRuntimePage ok 3373ms
[Nest] 32900  - 2026/08/08 06:43:42     LOG [ServiceGatewayController] [service] lowcode.getRuntimePage ok 3442ms
[Nest] 32900  - 2026/08/08 06:43:42     LOG [ServiceGatewayController] [service] lowcode.getRuntimePage ok 3450ms
[Nest] 32900  - 2026/08/08 06:43:42     LOG [ServiceGatewayController] [service] lowcode.getRuntimePage ok 3489ms
[Nest] 32900  - 2026/08/08 06:43:42     LOG [ServiceGatewayController] [service] lowcode.getRuntimePage ok 3548ms
[Nest] 32900  - 2026/08/08 06:43:42     LOG [ServiceGatewayController] [service] lowcode.getRuntimePage ok 3551ms
[Nest] 32900  - 2026/08/08 06:43:42     LOG [ServiceGatewayController] [service] lowcode.getRuntimePage ok 3611ms
[Nest] 32900  - 2026/08/08 06:43:43     LOG [ServiceGatewayController] [service] lowcode.getRuntimePage ok 3597ms
[Nest] 32900  - 2026/08/08 06:43:43     LOG [ServiceGatewayController] [service] lowcode.getRuntimePage ok 3632ms
[Nest] 32900  - 2026/08/08 06:43:43     LOG [ServiceGatewayController] [service] lowcode.getRuntimePage ok 3647ms
[Nest] 32900  - 2026/08/08 06:43:43     LOG [ServiceGatewayController] [service] lowcode.getRuntimePage ok 3681ms
[Nest] 32900  - 2026/08/08 06:43:43     LOG [ServiceGatewayController] [service] lowcode.getRuntimePage ok 3677ms
[Nest] 32900  - 2026/08/08 06:43:43     LOG [ServiceGatewayController] [service] lowcode.getRuntimePage ok 3736ms
[Nest] 32900  - 2026/08/08 06:43:43     LOG [ServiceGatewayController] [service] lowcode.getRuntimePage ok 3762ms
[Nest] 32900  - 2026/08/08 06:43:43     LOG [ServiceGatewayController] [service] lowcode.getRuntimePage ok 3735ms
[Nest] 32900  - 2026/08/08 06:43:43     LOG [ServiceGatewayController] [service] lowcode.getRuntimePage ok 3763ms
[Nest] 32900  - 2026/08/08 06:43:43     LOG [ServiceGatewayController] [service] lowcode.getRuntimePage ok 3827ms
[Nest] 32900  - 2026/08/08 06:43:43     LOG [ServiceGatewayController] [service] lowcode.getRuntimePage ok 3872ms
[Nest] 32900  - 2026/08/08 06:43:43     LOG [ServiceGatewayController] [service] lowcode.getRuntimePage ok 3866ms
[Nest] 32900  - 2026/08/08 06:43:43     LOG [ServiceGatewayController] [service] lowcode.getRuntimePage ok 3894ms
[Nest] 32900  - 2026/08/08 06:43:43     LOG [ServiceGatewayController] [service] lowcode.getRuntimePage ok 3928ms
[Nest] 32900  - 2026/08/08 06:43:43     LOG [ServiceGatewayController] [service] lowcode.getRuntimePage ok 3928ms
[Nest] 32900  - 2026/08/08 06:43:43     LOG [ServiceGatewayController] [service] lowcode.getRuntimePage ok 3936ms
[Nest] 32900  - 2026/08/08 06:43:43     LOG [ServiceGatewayController] [service] lowcode.getRuntimePage ok 3974ms
[Nest] 32900  - 2026/08/08 06:43:43     LOG [ServiceGatewayController] [service] lowcode.getRuntimePage ok 4014ms
[Nest] 32900  - 2026/08/08 06:43:43     LOG [ServiceGatewayController] [service] lowcode.getRuntimePage ok 3997ms
[Nest] 32900  - 2026/08/08 06:43:43     LOG [ServiceGatewayController] [service] lowcode.getRuntimePage ok 4004ms
[Nest] 32900  - 2026/08/08 06:43:43     LOG [ServiceGatewayController] [service] lowcode.getRuntimePage ok 4012ms
[Nest] 32900  - 2026/08/08 06:43:43     LOG [ServiceGatewayController] [service] lowcode.getRuntimePage ok 4021ms
[Nest] 32900  - 2026/08/08 06:43:43     LOG [ServiceGatewayController] [service] lowcode.getRuntimePage ok 4050ms
[Nest] 32900  - 2026/08/08 06:43:43     LOG [ServiceGatewayController] [service] lowcode.getRuntimePage ok 4084ms
[Nest] 32900  - 2026/08/08 06:43:43     LOG [ServiceGatewayController] [service] lowcode.getRuntimePage ok 4074ms
[Nest] 32900  - 2026/08/08 06:43:43     LOG [ServiceGatewayController] [service] lowcode.getRuntimePage ok 4113ms
[Nest] 32900  - 2026/08/08 06:43:43     LOG [ServiceGatewayController] [service] lowcode.getRuntimePage ok 4113ms
[Nest] 32900  - 2026/08/08 06:43:43     LOG [ServiceGatewayController] [service] lowcode.getRuntimePage ok 2385ms requestId=mobile-9969a7b3-34da-4b5d-bf59-3db552c4ea0f
[Nest] 32900  - 2026/08/08 06:43:44     LOG [ServiceGatewayController] [service] admin.listItems ok 598ms
[Nest] 32900  - 2026/08/08 06:43:44     LOG [ServiceGatewayController] [service] admin.listItems ok 807ms requestId=mobile-62871ed9-d7be-4c1b-9cc1-e7eaaab2193b
[Nest] 32900  - 2026/08/08 06:43:45     LOG [ServiceGatewayController] [service] admin.listItems ok 641ms requestId=mobile-f37a044b-9588-467a-b864-f15c321732f3
[Nest] 32900  - 2026/08/08 06:43:45     LOG [ServiceGatewayController] [service] lowcode.listItems ok 1152ms
[Nest] 32900  - 2026/08/08 06:43:46     LOG [ServiceGatewayController] [service] lowcode.listItems ok 1003ms
[Nest] 32900  - 2026/08/08 06:43:47     LOG [ServiceGatewayController] [service] admin.listItems ok 910ms
[Nest] 32900  - 2026/08/08 06:43:47     LOG [ServiceGatewayController] [service] admin.listItems ok 583ms
[Nest] 32900  - 2026/08/08 06:43:48     LOG [ServiceGatewayController] [service] planning.listItems ok 599ms
[Nest] 32900  - 2026/08/08 06:43:49     LOG [ServiceGatewayController] [service] workflow.listItems ok 639ms
[Nest] 32900  - 2026/08/08 06:43:49     LOG [ServiceGatewayController] [service] notification.listItems ok 600ms
[Nest] 32900  - 2026/08/08 06:43:50     LOG [ServiceGatewayController] [service] notification.listItems ok 588ms
[Nest] 32900  - 2026/08/08 06:43:50     LOG [ServiceGatewayController] [service] notification.listItems ok 584ms
[Nest] 32900  - 2026/08/08 06:43:51     LOG [ServiceGatewayController] [service] admin.listItems ok 583ms
[Nest] 32900  - 2026/08/08 06:43:51     LOG [ServiceGatewayController] [service] admin.listItems ok 585ms
[Nest] 32900  - 2026/08/08 06:43:52     LOG [ServiceGatewayController] [service] workflow.listItems ok 586ms
[Nest] 32900  - 2026/08/08 06:43:53     LOG [ServiceGatewayController] [service] admin.listItems ok 588ms
[Nest] 32900  - 2026/08/08 06:43:53     LOG [ServiceGatewayController] [service] admin.listItems ok 602ms
[Nest] 32900  - 2026/08/08 06:43:54     LOG [ServiceGatewayController] [service] admin.listItems ok 590ms
[Nest] 32900  - 2026/08/08 06:43:54     LOG [ServiceGatewayController] [service] planning.listRelationOptions ok 608ms
[Nest] 32900  - 2026/08/08 06:43:55     LOG [ServiceGatewayController] [service] planning.listItems ok 617ms
[Nest] 32900  - 2026/08/08 06:43:56     LOG [ServiceGatewayController] [service] workflow.listItems ok 641ms
[Nest] 32900  - 2026/08/08 06:43:57     LOG [ServiceGatewayController] [service] lowcode.listItems ok 1019ms
[Nest] 32900  - 2026/08/08 06:43:57     LOG [ServiceGatewayController] [service] admin.listItems ok 637ms
[Nest] 32900  - 2026/08/08 06:43:58     LOG [ServiceGatewayController] [service] notification.listItems ok 631ms
[Nest] 32900  - 2026/08/08 06:44:00     LOG [ServiceGatewayController] [service] files.runAction ok 1574ms
[Nest] 32900  - 2026/08/08 06:44:02     LOG [ServiceGatewayController] [service] workflow.listItems ok 1993ms
[Nest] 32900  - 2026/08/08 06:44:03     LOG [ServiceGatewayController] [service] entityDesign.listViews ok 1545ms
[Nest] 32900  - 2026/08/08 06:44:04     LOG [ServiceGatewayController] [service] planning.listItems ok 801ms
[Nest] 32900  - 2026/08/08 06:44:05     LOG [ServiceGatewayController] [service] planning.listRelationOptions ok 585ms
[Nest] 32900  - 2026/08/08 06:44:05     LOG [ServiceGatewayController] [service] planning.listRelationOptions ok 578ms
[Nest] 32900  - 2026/08/08 06:44:06     LOG [ServiceGatewayController] [service] workflow.listItems ok 580ms
[Nest] 32900  - 2026/08/08 06:44:07     LOG [ServiceGatewayController] [service] lowcode.listItems ok 1010ms
[Nest] 32900  - 2026/08/08 06:44:07     LOG [ServiceGatewayController] [service] admin.listItems ok 598ms
[Nest] 32900  - 2026/08/08 06:44:08     LOG [ServiceGatewayController] [service] admin.listItems ok 588ms
[Nest] 32900  - 2026/08/08 06:44:09     LOG [ServiceGatewayController] [service] admin.listItems ok 594ms
[Nest] 32900  - 2026/08/08 06:44:09     LOG [ServiceGatewayController] [service] admin.listItems ok 592ms
[Nest] 32900  - 2026/08/08 06:44:10     LOG [ServiceGatewayController] [service] admin.listItems ok 585ms
[Nest] 32900  - 2026/08/08 06:44:10     LOG [ServiceGatewayController] [service] planning.listItems ok 579ms
[Nest] 32900  - 2026/08/08 06:44:11     LOG [ServiceGatewayController] [service] planning.listRelationOptions ok 569ms
[Nest] 32900  - 2026/08/08 06:44:11     LOG [ServiceGatewayController] [service] workflow.listItems ok 581ms
[Nest] 32900  - 2026/08/08 06:44:12     LOG [ServiceGatewayController] [service] planning.listItems ok 586ms
[Nest] 32900  - 2026/08/08 06:44:13     LOG [ServiceGatewayController] [service] planning.listRelationOptions ok 574ms
[Nest] 32900  - 2026/08/08 06:44:13     LOG [ServiceGatewayController] [service] planning.listItems ok 580ms
[Nest] 32900  - 2026/08/08 06:44:14     LOG [ServiceGatewayController] [service] planning.listRelationOptions ok 571ms
[Nest] 32900  - 2026/08/08 06:44:14     LOG [ServiceGatewayController] [service] planning.listRelationOptions ok 578ms
[Nest] 32900  - 2026/08/08 06:44:15     LOG [ServiceGatewayController] [service] planning.listRelationOptions ok 573ms
[Nest] 32900  - 2026/08/08 06:44:15     LOG [ServiceGatewayController] [service] planning.listRelationOptions ok 576ms
[Nest] 32900  - 2026/08/08 06:44:16     LOG [ServiceGatewayController] [service] planning.listRelationOptions ok 582ms
[Nest] 32900  - 2026/08/08 06:44:17     LOG [ServiceGatewayController] [service] planning.listRelationOptions ok 571ms
[Nest] 32900  - 2026/08/08 06:44:17     LOG [ServiceGatewayController] [service] planning.listItems ok 584ms
[Nest] 32900  - 2026/08/08 06:44:18     LOG [ServiceGatewayController] [service] planning.listRelationOptions ok 571ms
[Nest] 32900  - 2026/08/08 06:44:18     LOG [ServiceGatewayController] [service] planning.listRelationOptions ok 579ms
[Nest] 32900  - 2026/08/08 06:44:19     LOG [ServiceGatewayController] [service] planning.listRelationOptions ok 577ms
[Nest] 32900  - 2026/08/08 06:44:20     LOG [ServiceGatewayController] [service] planning.listItems ok 598ms
[Nest] 32900  - 2026/08/08 06:44:20     LOG [ServiceGatewayController] [service] planning.listItems ok 580ms
[Nest] 32900  - 2026/08/08 06:44:21     LOG [ServiceGatewayController] [service] planning.listRelationOptions ok 571ms
[Nest] 32900  - 2026/08/08 06:44:21     LOG [ServiceGatewayController] [service] planning.listRelationOptions ok 596ms
[Nest] 32900  - 2026/08/08 06:44:22     LOG [ServiceGatewayController] [service] planning.listRelationOptions ok 570ms
[Nest] 32900  - 2026/08/08 06:44:22     LOG [ServiceGatewayController] [service] planning.listItems ok 580ms
[Nest] 32900  - 2026/08/08 06:44:23     LOG [ServiceGatewayController] [service] planning.listItems ok 571ms
[Nest] 32900  - 2026/08/08 06:44:24     LOG [ServiceGatewayController] [service] planning.listRelationOptions ok 588ms
[Nest] 32900  - 2026/08/08 06:44:24     LOG [ServiceGatewayController] [service] planning.listRelationOptions ok 572ms
[Nest] 32900  - 2026/08/08 06:44:25     LOG [ServiceGatewayController] [service] planning.listRelationOptions ok 609ms
[Nest] 32900  - 2026/08/08 06:44:25     LOG [ServiceGatewayController] [service] planning.listRelationOptions ok 580ms
[Nest] 32900  - 2026/08/08 06:44:26     LOG [ServiceGatewayController] [service] planning.listItems ok 580ms
[Nest] 32900  - 2026/08/08 06:44:27     LOG [ServiceGatewayController] [service] planning.listRelationOptions ok 572ms
[Nest] 32900  - 2026/08/08 06:44:27     LOG [ServiceGatewayController] [service] planning.listRelationOptions ok 574ms
[Nest] 32900  - 2026/08/08 06:44:28     LOG [ServiceGatewayController] [service] planning.listItems ok 581ms
[Nest] 32900  - 2026/08/08 06:44:28     LOG [ServiceGatewayController] [service] planning.listItems ok 580ms
[Nest] 32900  - 2026/08/08 06:44:29     LOG [ServiceGatewayController] [service] planning.listRelationOptions ok 574ms
[Nest] 32900  - 2026/08/08 06:44:29     LOG [ServiceGatewayController] [service] planning.listRelationOptions ok 570ms
[Nest] 32900  - 2026/08/08 06:44:30     LOG [ServiceGatewayController] [service] planning.listRelationOptions ok 594ms
[Nest] 32900  - 2026/08/08 06:44:31     LOG [ServiceGatewayController] [service] planning.listItems ok 578ms
[Nest] 32900  - 2026/08/08 06:44:31     LOG [ServiceGatewayController] [service] planning.listRelationOptions ok 599ms
[Nest] 32900  - 2026/08/08 06:44:32     LOG [ServiceGatewayController] [service] planning.listRelationOptions ok 570ms
[Nest] 32900  - 2026/08/08 06:44:32     LOG [ServiceGatewayController] [service] planning.listRelationOptions ok 571ms
[Nest] 32900  - 2026/08/08 06:44:33     LOG [ServiceGatewayController] [service] planning.listRelationOptions ok 569ms
[Nest] 32900  - 2026/08/08 06:44:33     LOG [ServiceGatewayController] [service] planning.listRelationOptions ok 572ms
[Nest] 32900  - 2026/08/08 06:44:34     LOG [ServiceGatewayController] [service] planning.listRelationOptions ok 567ms
[Nest] 32900  - 2026/08/08 06:44:35     LOG [ServiceGatewayController] [service] planning.listItems ok 579ms
[Nest] 32900  - 2026/08/08 06:44:35     LOG [ServiceGatewayController] [service] planning.listRelationOptions ok 591ms
[Nest] 32900  - 2026/08/08 06:44:36     LOG [ServiceGatewayController] [service] planning.listRelationOptions ok 573ms
[Nest] 32900  - 2026/08/08 06:44:36     LOG [ServiceGatewayController] [service] planning.listRelationOptions ok 587ms
[Nest] 32900  - 2026/08/08 06:44:37     LOG [ServiceGatewayController] [service] planning.listItems ok 584ms
[Nest] 32900  - 2026/08/08 06:44:38     LOG [ServiceGatewayController] [service] planning.listRelationOptions ok 571ms
[Nest] 32900  - 2026/08/08 06:44:38     LOG [ServiceGatewayController] [service] planning.listItems ok 594ms
[Nest] 32900  - 2026/08/08 06:44:39     LOG [ServiceGatewayController] [service] planning.listRelationOptions ok 574ms
[Nest] 32900  - 2026/08/08 06:44:39     LOG [ServiceGatewayController] [service] planning.listItems ok 585ms
[Nest] 32900  - 2026/08/08 06:44:40     LOG [ServiceGatewayController] [service] planning.listItems ok 582ms
[Nest] 32900  - 2026/08/08 06:44:40     LOG [ServiceGatewayController] [service] planning.listRelationOptions ok 594ms
[Nest] 32900  - 2026/08/08 06:44:41     LOG [ServiceGatewayController] [service] planning.listRelationOptions ok 575ms
[Nest] 32900  - 2026/08/08 06:44:42     LOG [ServiceGatewayController] [service] planning.listRelationOptions ok 899ms
[Nest] 32900  - 2026/08/08 06:44:43     LOG [ServiceGatewayController] [service] planning.listRelationOptions ok 583ms
[Nest] 32900  - 2026/08/08 06:44:43     LOG [ServiceGatewayController] [service] planning.listRelationOptions ok 573ms
[Nest] 32900  - 2026/08/08 06:44:44     LOG [ServiceGatewayController] [service] planning.listRelationOptions ok 571ms
[Nest] 32900  - 2026/08/08 06:44:44     LOG [ServiceGatewayController] [service] planning.listRelationOptions ok 567ms
[Nest] 32900  - 2026/08/08 06:44:45     LOG [ServiceGatewayController] [service] planning.listRelationOptions ok 572ms
[Nest] 32900  - 2026/08/08 06:44:45     LOG [ServiceGatewayController] [service] planning.listRelationOptions ok 569ms
[Nest] 32900  - 2026/08/08 06:44:46     LOG [ServiceGatewayController] [service] planning.listItems ok 875ms
[Nest] 32900  - 2026/08/08 06:44:47     LOG [ServiceGatewayController] [service] planning.listRelationOptions ok 571ms
[Nest] 32900  - 2026/08/08 06:44:47     LOG [ServiceGatewayController] [service] planning.listRelationOptions ok 571ms
[Nest] 32900  - 2026/08/08 06:44:48     LOG [ServiceGatewayController] [service] planning.listRelationOptions ok 573ms
[Nest] 32900  - 2026/08/08 06:44:49     LOG [ServiceGatewayController] [service] planning.listItems ok 584ms
[Nest] 32900  - 2026/08/08 06:44:49     LOG [ServiceGatewayController] [service] planning.listRelationOptions ok 584ms
[Nest] 32900  - 2026/08/08 06:44:50     LOG [ServiceGatewayController] [service] planning.listRelationOptions ok 571ms
[Nest] 32900  - 2026/08/08 06:44:50     LOG [ServiceGatewayController] [service] planning.listRelationOptions ok 574ms
[Nest] 32900  - 2026/08/08 06:44:51     LOG [ServiceGatewayController] [service] planning.listItems ok 597ms
[Nest] 32900  - 2026/08/08 06:45:28     LOG [ServiceGatewayController] [service] notification.getUnreadCount ok 1476ms
[Nest] 32900  - 2026/08/08 06:46:28     LOG [ServiceGatewayController] [service] notification.getUnreadCount ok 1349ms
[Nest] 32900  - 2026/08/08 06:47:28     LOG [ServiceGatewayController] [service] notification.getUnreadCount ok 1388ms
06:48:14 [tsx] change in ./src\planning-service\planning.models.ts Restarting...
[Nest] 37168  - 2026/08/08 06:48:18     LOG [NestFactory] Starting Nest application...
[Nest] 37168  - 2026/08/08 06:48:18     LOG [InstanceLoader] AccountModule dependencies initialized +17ms
[Nest] 37168  - 2026/08/08 06:48:18     LOG [InstanceLoader] AdminModule dependencies initialized +0ms
[Nest] 37168  - 2026/08/08 06:48:18     LOG [InstanceLoader] PaymentModule dependencies initialized +0ms
[Nest] 37168  - 2026/08/08 06:48:18     LOG [InstanceLoader] UserModule dependencies initialized +0ms
[Nest] 37168  - 2026/08/08 06:48:18     LOG [InstanceLoader] LowCodeModule dependencies initialized +0ms
[Nest] 37168  - 2026/08/08 06:48:18     LOG [InstanceLoader] PostsModule dependencies initialized +0ms
[Nest] 37168  - 2026/08/08 06:48:18     LOG [InstanceLoader] NotificationModule dependencies initialized +0ms
[Nest] 37168  - 2026/08/08 06:48:18     LOG [InstanceLoader] EntityDesignModule dependencies initialized +0ms
[Nest] 37168  - 2026/08/08 06:48:18     LOG [InstanceLoader] FilesModule dependencies initialized +0ms
[Nest] 37168  - 2026/08/08 06:48:18     LOG [InstanceLoader] ChatModule dependencies initialized +0ms
[Nest] 37168  - 2026/08/08 06:48:18     LOG [InstanceLoader] PlanningModule dependencies initialized +0ms
[Nest] 37168  - 2026/08/08 06:48:18     LOG [InstanceLoader] DatabaseModule dependencies initialized +0ms
[Nest] 37168  - 2026/08/08 06:48:18     LOG [InstanceLoader] AuthModule dependencies initialized +1ms
[Nest] 37168  - 2026/08/08 06:48:18     LOG [InstanceLoader] DefinitionModule dependencies initialized +0ms
[Nest] 37168  - 2026/08/08 06:48:18     LOG [InstanceLoader] JobModule dependencies initialized +0ms
[Nest] 37168  - 2026/08/08 06:48:18     LOG [InstanceLoader] RuntimeModule dependencies initialized +0ms
[Nest] 37168  - 2026/08/08 06:48:18     LOG [InstanceLoader] WorkflowModule dependencies initialized +0ms
[Nest] 37168  - 2026/08/08 06:48:18     LOG [InstanceLoader] StandaloneAppModule dependencies initialized +0ms
[Nest] 37168  - 2026/08/08 06:48:20     LOG [RoutesResolver] ServiceGatewayController {/api}: +2333ms
[Nest] 37168  - 2026/08/08 06:48:20     LOG [RouterExplorer] Mapped {/api/service, POST} route +2ms
[Nest] 37168  - 2026/08/08 06:48:20     LOG [RoutesResolver] AuthController {/api/auth}: +0ms
[Nest] 37168  - 2026/08/08 06:48:20     LOG [RouterExplorer] Mapped {/api/auth/signin, POST} route +0ms
[Nest] 37168  - 2026/08/08 06:48:20     LOG [RouterExplorer] Mapped {/api/auth/account-options, GET} route +0ms
[Nest] 37168  - 2026/08/08 06:48:20     LOG [RouterExplorer] Mapped {/api/auth/signup, POST} route +0ms
[Nest] 37168  - 2026/08/08 06:48:20     LOG [RouterExplorer] Mapped {/api/auth/oauth, POST} route +0ms
[Nest] 37168  - 2026/08/08 06:48:20     LOG [RouterExplorer] Mapped {/api/auth/session, POST} route +0ms
[Nest] 37168  - 2026/08/08 06:48:20     LOG [RouterExplorer] Mapped {/api/auth/refresh, POST} route +0ms
[Nest] 37168  - 2026/08/08 06:48:20     LOG [RouterExplorer] Mapped {/api/auth/me, GET} route +0ms
[Nest] 37168  - 2026/08/08 06:48:20     LOG [RouterExplorer] Mapped {/api/auth/select-account, POST} route +1ms
[Nest] 37168  - 2026/08/08 06:48:20     LOG [RouterExplorer] Mapped {/api/auth/signout, POST} route +0ms
[Nest] 37168  - 2026/08/08 06:48:20     LOG [NestApplication] Nest application successfully started +2ms
Standalone API listening on http://localhost:3002/api/service
Domain and workflow services are running in-process; Redis transport is disabled.
[Nest] 37168  - 2026/08/08 06:48:29     LOG [ServiceGatewayController] [service] notification.getUnreadCount ok 1996ms
06:49:14 [tsx] change in ./src\planning-service\planning.models.ts Restarting...
[Nest] 41752  - 2026/08/08 06:49:15     LOG [NestFactory] Starting Nest application...
[Nest] 41752  - 2026/08/08 06:49:15     LOG [InstanceLoader] AccountModule dependencies initialized +20ms
[Nest] 41752  - 2026/08/08 06:49:15     LOG [InstanceLoader] AdminModule dependencies initialized +0ms
[Nest] 41752  - 2026/08/08 06:49:15     LOG [InstanceLoader] PaymentModule dependencies initialized +0ms
[Nest] 41752  - 2026/08/08 06:49:15     LOG [InstanceLoader] UserModule dependencies initialized +0ms
[Nest] 41752  - 2026/08/08 06:49:15     LOG [InstanceLoader] LowCodeModule dependencies initialized +0ms
[Nest] 41752  - 2026/08/08 06:49:15     LOG [InstanceLoader] PostsModule dependencies initialized +0ms
[Nest] 41752  - 2026/08/08 06:49:15     LOG [InstanceLoader] NotificationModule dependencies initialized +0ms
[Nest] 41752  - 2026/08/08 06:49:15     LOG [InstanceLoader] EntityDesignModule dependencies initialized +0ms
[Nest] 41752  - 2026/08/08 06:49:15     LOG [InstanceLoader] FilesModule dependencies initialized +0ms
[Nest] 41752  - 2026/08/08 06:49:15     LOG [InstanceLoader] ChatModule dependencies initialized +0ms
[Nest] 41752  - 2026/08/08 06:49:15     LOG [InstanceLoader] PlanningModule dependencies initialized +0ms
[Nest] 41752  - 2026/08/08 06:49:15     LOG [InstanceLoader] DatabaseModule dependencies initialized +1ms
[Nest] 41752  - 2026/08/08 06:49:15     LOG [InstanceLoader] AuthModule dependencies initialized +0ms
[Nest] 41752  - 2026/08/08 06:49:15     LOG [InstanceLoader] DefinitionModule dependencies initialized +0ms
[Nest] 41752  - 2026/08/08 06:49:15     LOG [InstanceLoader] JobModule dependencies initialized +0ms
[Nest] 41752  - 2026/08/08 06:49:15     LOG [InstanceLoader] RuntimeModule dependencies initialized +0ms
[Nest] 41752  - 2026/08/08 06:49:15     LOG [InstanceLoader] WorkflowModule dependencies initialized +0ms
[Nest] 41752  - 2026/08/08 06:49:15     LOG [InstanceLoader] StandaloneAppModule dependencies initialized +0ms
[Nest] 41752  - 2026/08/08 06:49:15     LOG [RoutesResolver] ServiceGatewayController {/api}: +208ms
[Nest] 41752  - 2026/08/08 06:49:15     LOG [RouterExplorer] Mapped {/api/service, POST} route +2ms
[Nest] 41752  - 2026/08/08 06:49:15     LOG [RoutesResolver] AuthController {/api/auth}: +0ms
[Nest] 41752  - 2026/08/08 06:49:15     LOG [RouterExplorer] Mapped {/api/auth/signin, POST} route +0ms
[Nest] 41752  - 2026/08/08 06:49:15     LOG [RouterExplorer] Mapped {/api/auth/account-options, GET} route +0ms
[Nest] 41752  - 2026/08/08 06:49:15     LOG [RouterExplorer] Mapped {/api/auth/signup, POST} route +1ms
[Nest] 41752  - 2026/08/08 06:49:15     LOG [RouterExplorer] Mapped {/api/auth/oauth, POST} route +0ms
[Nest] 41752  - 2026/08/08 06:49:15     LOG [RouterExplorer] Mapped {/api/auth/session, POST} route +0ms
[Nest] 41752  - 2026/08/08 06:49:15     LOG [RouterExplorer] Mapped {/api/auth/refresh, POST} route +0ms
[Nest] 41752  - 2026/08/08 06:49:15     LOG [RouterExplorer] Mapped {/api/auth/me, GET} route +0ms
[Nest] 41752  - 2026/08/08 06:49:15     LOG [RouterExplorer] Mapped {/api/auth/select-account, POST} route +0ms
[Nest] 41752  - 2026/08/08 06:49:15     LOG [RouterExplorer] Mapped {/api/auth/signout, POST} route +0ms
[Nest] 41752  - 2026/08/08 06:49:15     LOG [NestApplication] Nest application successfully started +2ms
Standalone API listening on http://localhost:3002/api/service
Domain and workflow services are running in-process; Redis transport is disabled.
[Nest] 41752  - 2026/08/08 06:49:29     LOG [ServiceGatewayController] [service] notification.getUnreadCount ok 1676ms
[Nest] 41752  - 2026/08/08 06:50:28     LOG [ServiceGatewayController] [service] notification.getUnreadCount ok 1401ms
06:50:30 [tsx] change in ./src\planning-service\planning.models.ts Restarting...
[Nest] 46132  - 2026/08/08 06:50:31     LOG [NestFactory] Starting Nest application...
[Nest] 46132  - 2026/08/08 06:50:31     LOG [InstanceLoader] AccountModule dependencies initialized +24ms
[Nest] 46132  - 2026/08/08 06:50:31     LOG [InstanceLoader] AdminModule dependencies initialized +0ms
[Nest] 46132  - 2026/08/08 06:50:31     LOG [InstanceLoader] PaymentModule dependencies initialized +0ms
[Nest] 46132  - 2026/08/08 06:50:31     LOG [InstanceLoader] UserModule dependencies initialized +0ms
[Nest] 46132  - 2026/08/08 06:50:31     LOG [InstanceLoader] LowCodeModule dependencies initialized +0ms
[Nest] 46132  - 2026/08/08 06:50:31     LOG [InstanceLoader] PostsModule dependencies initialized +0ms
[Nest] 46132  - 2026/08/08 06:50:31     LOG [InstanceLoader] NotificationModule dependencies initialized +0ms
[Nest] 46132  - 2026/08/08 06:50:31     LOG [InstanceLoader] EntityDesignModule dependencies initialized +0ms
[Nest] 46132  - 2026/08/08 06:50:31     LOG [InstanceLoader] FilesModule dependencies initialized +0ms
[Nest] 46132  - 2026/08/08 06:50:31     LOG [InstanceLoader] ChatModule dependencies initialized +1ms
[Nest] 46132  - 2026/08/08 06:50:31     LOG [InstanceLoader] PlanningModule dependencies initialized +0ms
[Nest] 46132  - 2026/08/08 06:50:31     LOG [InstanceLoader] DatabaseModule dependencies initialized +0ms
[Nest] 46132  - 2026/08/08 06:50:31     LOG [InstanceLoader] AuthModule dependencies initialized +0ms
[Nest] 46132  - 2026/08/08 06:50:31     LOG [InstanceLoader] DefinitionModule dependencies initialized +0ms
[Nest] 46132  - 2026/08/08 06:50:31     LOG [InstanceLoader] JobModule dependencies initialized +0ms
[Nest] 46132  - 2026/08/08 06:50:31     LOG [InstanceLoader] RuntimeModule dependencies initialized +0ms
[Nest] 46132  - 2026/08/08 06:50:31     LOG [InstanceLoader] WorkflowModule dependencies initialized +0ms
[Nest] 46132  - 2026/08/08 06:50:31     LOG [InstanceLoader] StandaloneAppModule dependencies initialized +0ms
[Nest] 46132  - 2026/08/08 06:50:32     LOG [RoutesResolver] ServiceGatewayController {/api}: +236ms
[Nest] 46132  - 2026/08/08 06:50:32     LOG [RouterExplorer] Mapped {/api/service, POST} route +1ms
[Nest] 46132  - 2026/08/08 06:50:32     LOG [RoutesResolver] AuthController {/api/auth}: +0ms
[Nest] 46132  - 2026/08/08 06:50:32     LOG [RouterExplorer] Mapped {/api/auth/signin, POST} route +1ms
[Nest] 46132  - 2026/08/08 06:50:32     LOG [RouterExplorer] Mapped {/api/auth/account-options, GET} route +0ms
[Nest] 46132  - 2026/08/08 06:50:32     LOG [RouterExplorer] Mapped {/api/auth/signup, POST} route +0ms
[Nest] 46132  - 2026/08/08 06:50:32     LOG [RouterExplorer] Mapped {/api/auth/oauth, POST} route +0ms
[Nest] 46132  - 2026/08/08 06:50:32     LOG [RouterExplorer] Mapped {/api/auth/session, POST} route +0ms
[Nest] 46132  - 2026/08/08 06:50:32     LOG [RouterExplorer] Mapped {/api/auth/refresh, POST} route +0ms
[Nest] 46132  - 2026/08/08 06:50:32     LOG [RouterExplorer] Mapped {/api/auth/me, GET} route +0ms
[Nest] 46132  - 2026/08/08 06:50:32     LOG [RouterExplorer] Mapped {/api/auth/select-account, POST} route +1ms
[Nest] 46132  - 2026/08/08 06:50:32     LOG [RouterExplorer] Mapped {/api/auth/signout, POST} route +0ms
[Nest] 46132  - 2026/08/08 06:50:32     LOG [NestApplication] Nest application successfully started +1ms
Standalone API listening on http://localhost:3002/api/service
Domain and workflow services are running in-process; Redis transport is disabled.
06:50:41 [tsx] change in ./src\planning-service\planning.resources.ts Restarting...
[Nest] 51564  - 2026/08/08 06:50:42     LOG [NestFactory] Starting Nest application...
[Nest] 51564  - 2026/08/08 06:50:42     LOG [InstanceLoader] AccountModule dependencies initialized +25ms
[Nest] 51564  - 2026/08/08 06:50:42     LOG [InstanceLoader] AdminModule dependencies initialized +1ms
[Nest] 51564  - 2026/08/08 06:50:42     LOG [InstanceLoader] PaymentModule dependencies initialized +0ms
[Nest] 51564  - 2026/08/08 06:50:42     LOG [InstanceLoader] UserModule dependencies initialized +0ms
[Nest] 51564  - 2026/08/08 06:50:42     LOG [InstanceLoader] LowCodeModule dependencies initialized +0ms
[Nest] 51564  - 2026/08/08 06:50:42     LOG [InstanceLoader] PostsModule dependencies initialized +0ms
[Nest] 51564  - 2026/08/08 06:50:42     LOG [InstanceLoader] NotificationModule dependencies initialized +0ms
[Nest] 51564  - 2026/08/08 06:50:42     LOG [InstanceLoader] EntityDesignModule dependencies initialized +0ms
[Nest] 51564  - 2026/08/08 06:50:42     LOG [InstanceLoader] FilesModule dependencies initialized +0ms
[Nest] 51564  - 2026/08/08 06:50:42     LOG [InstanceLoader] ChatModule dependencies initialized +0ms
[Nest] 51564  - 2026/08/08 06:50:42     LOG [InstanceLoader] PlanningModule dependencies initialized +1ms
[Nest] 51564  - 2026/08/08 06:50:42     LOG [InstanceLoader] DatabaseModule dependencies initialized +0ms
[Nest] 51564  - 2026/08/08 06:50:42     LOG [InstanceLoader] AuthModule dependencies initialized +0ms
[Nest] 51564  - 2026/08/08 06:50:42     LOG [InstanceLoader] DefinitionModule dependencies initialized +0ms
[Nest] 51564  - 2026/08/08 06:50:42     LOG [InstanceLoader] JobModule dependencies initialized +1ms
[Nest] 51564  - 2026/08/08 06:50:42     LOG [InstanceLoader] RuntimeModule dependencies initialized +0ms
[Nest] 51564  - 2026/08/08 06:50:42     LOG [InstanceLoader] WorkflowModule dependencies initialized +0ms
[Nest] 51564  - 2026/08/08 06:50:42     LOG [InstanceLoader] StandaloneAppModule dependencies initialized +0ms
[Nest] 51564  - 2026/08/08 06:50:42     LOG [RoutesResolver] ServiceGatewayController {/api}: +227ms
[Nest] 51564  - 2026/08/08 06:50:42     LOG [RouterExplorer] Mapped {/api/service, POST} route +2ms
[Nest] 51564  - 2026/08/08 06:50:42     LOG [RoutesResolver] AuthController {/api/auth}: +0ms
[Nest] 51564  - 2026/08/08 06:50:42     LOG [RouterExplorer] Mapped {/api/auth/signin, POST} route +0ms
[Nest] 51564  - 2026/08/08 06:50:42     LOG [RouterExplorer] Mapped {/api/auth/account-options, GET} route +0ms
[Nest] 51564  - 2026/08/08 06:50:42     LOG [RouterExplorer] Mapped {/api/auth/signup, POST} route +0ms
[Nest] 51564  - 2026/08/08 06:50:42     LOG [RouterExplorer] Mapped {/api/auth/oauth, POST} route +0ms
[Nest] 51564  - 2026/08/08 06:50:42     LOG [RouterExplorer] Mapped {/api/auth/session, POST} route +0ms
[Nest] 51564  - 2026/08/08 06:50:42     LOG [RouterExplorer] Mapped {/api/auth/refresh, POST} route +0ms
[Nest] 51564  - 2026/08/08 06:50:42     LOG [RouterExplorer] Mapped {/api/auth/me, GET} route +1ms
[Nest] 51564  - 2026/08/08 06:50:42     LOG [RouterExplorer] Mapped {/api/auth/select-account, POST} route +0ms
[Nest] 51564  - 2026/08/08 06:50:42     LOG [RouterExplorer] Mapped {/api/auth/signout, POST} route +0ms
[Nest] 51564  - 2026/08/08 06:50:42     LOG [NestApplication] Nest application successfully started +2ms
[Nest] 51564  - 2026/08/08 06:50:42   ERROR [NestApplication] Error: listen EADDRINUSE: address already in use :::3002 +1ms
node:net:1940
    const ex = new UVExceptionWithHostPort(err, 'listen', address, port);
               ^

Error: listen EADDRINUSE: address already in use :::3002
    at Server.setupListenHandle [as _listen2] (node:net:1940:16)
    at listenInCluster (node:net:1997:12)
    at Server.listen (node:net:2102:7)
    at ExpressAdapter.listen (E:\enLearn\node_modules\.pnpm\@nestjs+platform-express@10_795a7c87fa3e5cd6ba081ef20e3755d8\node_modules\@nestjs\platform-express\adapters\express-adapter.js:95:32)
    at E:\enLearn\node_modules\.pnpm\@nestjs+core@10.4.22_@nestj_20db045583bc571f8afad53a02391131\node_modules\@nestjs\core\nest-application.js:183:30
    at new Promise (<anonymous>)
    at NestApplication.listen (E:\enLearn\node_modules\.pnpm\@nestjs+core@10.4.22_@nestj_20db045583bc571f8afad53a02391131\node_modules\@nestjs\core\nest-application.js:173:16)
    at async bootstrap (E:\enLearn\api\src\standalone.ts:31:3) {
  code: 'EADDRINUSE',
  errno: -4091,
  syscall: 'listen',
  address: '::',
  port: 3002
}

Node.js v22.17.0
06:50:52 [tsx] change in ./src\planning-service\planning.resources.ts Rerunning...
[Nest] 45960  - 2026/08/08 06:50:53     LOG [NestFactory] Starting Nest application...
[Nest] 45960  - 2026/08/08 06:50:53     LOG [InstanceLoader] AccountModule dependencies initialized +20ms
[Nest] 45960  - 2026/08/08 06:50:53     LOG [InstanceLoader] AdminModule dependencies initialized +0ms
[Nest] 45960  - 2026/08/08 06:50:53     LOG [InstanceLoader] PaymentModule dependencies initialized +1ms
[Nest] 45960  - 2026/08/08 06:50:53     LOG [InstanceLoader] UserModule dependencies initialized +0ms
[Nest] 45960  - 2026/08/08 06:50:53     LOG [InstanceLoader] LowCodeModule dependencies initialized +0ms
[Nest] 45960  - 2026/08/08 06:50:53     LOG [InstanceLoader] PostsModule dependencies initialized +0ms
[Nest] 45960  - 2026/08/08 06:50:53     LOG [InstanceLoader] NotificationModule dependencies initialized +0ms
[Nest] 45960  - 2026/08/08 06:50:53     LOG [InstanceLoader] EntityDesignModule dependencies initialized +0ms
[Nest] 45960  - 2026/08/08 06:50:53     LOG [InstanceLoader] FilesModule dependencies initialized +0ms
[Nest] 45960  - 2026/08/08 06:50:53     LOG [InstanceLoader] ChatModule dependencies initialized +0ms
[Nest] 45960  - 2026/08/08 06:50:53     LOG [InstanceLoader] PlanningModule dependencies initialized +0ms
[Nest] 45960  - 2026/08/08 06:50:53     LOG [InstanceLoader] DatabaseModule dependencies initialized +0ms
[Nest] 45960  - 2026/08/08 06:50:53     LOG [InstanceLoader] AuthModule dependencies initialized +0ms
[Nest] 45960  - 2026/08/08 06:50:53     LOG [InstanceLoader] DefinitionModule dependencies initialized +0ms
[Nest] 45960  - 2026/08/08 06:50:53     LOG [InstanceLoader] JobModule dependencies initialized +0ms
[Nest] 45960  - 2026/08/08 06:50:53     LOG [InstanceLoader] RuntimeModule dependencies initialized +0ms
[Nest] 45960  - 2026/08/08 06:50:53     LOG [InstanceLoader] WorkflowModule dependencies initialized +0ms
[Nest] 45960  - 2026/08/08 06:50:53     LOG [InstanceLoader] StandaloneAppModule dependencies initialized +0ms
[Nest] 45960  - 2026/08/08 06:50:54     LOG [RoutesResolver] ServiceGatewayController {/api}: +216ms
[Nest] 45960  - 2026/08/08 06:50:54     LOG [RouterExplorer] Mapped {/api/service, POST} route +2ms
[Nest] 45960  - 2026/08/08 06:50:54     LOG [RoutesResolver] AuthController {/api/auth}: +0ms
[Nest] 45960  - 2026/08/08 06:50:54     LOG [RouterExplorer] Mapped {/api/auth/signin, POST} route +0ms
[Nest] 45960  - 2026/08/08 06:50:54     LOG [RouterExplorer] Mapped {/api/auth/account-options, GET} route +0ms
[Nest] 45960  - 2026/08/08 06:50:54     LOG [RouterExplorer] Mapped {/api/auth/signup, POST} route +0ms
[Nest] 45960  - 2026/08/08 06:50:54     LOG [RouterExplorer] Mapped {/api/auth/oauth, POST} route +1ms
[Nest] 45960  - 2026/08/08 06:50:54     LOG [RouterExplorer] Mapped {/api/auth/session, POST} route +0ms
[Nest] 45960  - 2026/08/08 06:50:54     LOG [RouterExplorer] Mapped {/api/auth/refresh, POST} route +0ms
[Nest] 45960  - 2026/08/08 06:50:54     LOG [RouterExplorer] Mapped {/api/auth/me, GET} route +0ms
[Nest] 45960  - 2026/08/08 06:50:54     LOG [RouterExplorer] Mapped {/api/auth/select-account, POST} route +0ms
[Nest] 45960  - 2026/08/08 06:50:54     LOG [RouterExplorer] Mapped {/api/auth/signout, POST} route +0ms
[Nest] 45960  - 2026/08/08 06:50:54     LOG [NestApplication] Nest application successfully started +2ms
Standalone API listening on http://localhost:3002/api/service
Domain and workflow services are running in-process; Redis transport is disabled.
06:51:03 [tsx] change in ./src\planning-service\planning.service.ts Restarting...
[Nest] 44288  - 2026/08/08 06:51:04     LOG [NestFactory] Starting Nest application...
[Nest] 44288  - 2026/08/08 06:51:04     LOG [InstanceLoader] AccountModule dependencies initialized +20ms
[Nest] 44288  - 2026/08/08 06:51:04     LOG [InstanceLoader] AdminModule dependencies initialized +1ms
[Nest] 44288  - 2026/08/08 06:51:04     LOG [InstanceLoader] PaymentModule dependencies initialized +0ms
[Nest] 44288  - 2026/08/08 06:51:04     LOG [InstanceLoader] UserModule dependencies initialized +0ms
[Nest] 44288  - 2026/08/08 06:51:04     LOG [InstanceLoader] LowCodeModule dependencies initialized +0ms
[Nest] 44288  - 2026/08/08 06:51:04     LOG [InstanceLoader] PostsModule dependencies initialized +0ms
[Nest] 44288  - 2026/08/08 06:51:04     LOG [InstanceLoader] NotificationModule dependencies initialized +0ms
[Nest] 44288  - 2026/08/08 06:51:04     LOG [InstanceLoader] EntityDesignModule dependencies initialized +0ms
[Nest] 44288  - 2026/08/08 06:51:04     LOG [InstanceLoader] FilesModule dependencies initialized +0ms
[Nest] 44288  - 2026/08/08 06:51:04     LOG [InstanceLoader] ChatModule dependencies initialized +0ms
[Nest] 44288  - 2026/08/08 06:51:04     LOG [InstanceLoader] PlanningModule dependencies initialized +0ms
[Nest] 44288  - 2026/08/08 06:51:04     LOG [InstanceLoader] DatabaseModule dependencies initialized +0ms
[Nest] 44288  - 2026/08/08 06:51:04     LOG [InstanceLoader] AuthModule dependencies initialized +0ms
[Nest] 44288  - 2026/08/08 06:51:04     LOG [InstanceLoader] DefinitionModule dependencies initialized +0ms
[Nest] 44288  - 2026/08/08 06:51:04     LOG [InstanceLoader] JobModule dependencies initialized +0ms
[Nest] 44288  - 2026/08/08 06:51:04     LOG [InstanceLoader] RuntimeModule dependencies initialized +0ms
[Nest] 44288  - 2026/08/08 06:51:04     LOG [InstanceLoader] WorkflowModule dependencies initialized +1ms
[Nest] 44288  - 2026/08/08 06:51:04     LOG [InstanceLoader] StandaloneAppModule dependencies initialized +0ms
[Nest] 44288  - 2026/08/08 06:51:04     LOG [RoutesResolver] ServiceGatewayController {/api}: +219ms
[Nest] 44288  - 2026/08/08 06:51:04     LOG [RouterExplorer] Mapped {/api/service, POST} route +1ms
[Nest] 44288  - 2026/08/08 06:51:04     LOG [RoutesResolver] AuthController {/api/auth}: +0ms
[Nest] 44288  - 2026/08/08 06:51:04     LOG [RouterExplorer] Mapped {/api/auth/signin, POST} route +1ms
[Nest] 44288  - 2026/08/08 06:51:04     LOG [RouterExplorer] Mapped {/api/auth/account-options, GET} route +0ms
[Nest] 44288  - 2026/08/08 06:51:04     LOG [RouterExplorer] Mapped {/api/auth/signup, POST} route +0ms
[Nest] 44288  - 2026/08/08 06:51:04     LOG [RouterExplorer] Mapped {/api/auth/oauth, POST} route +0ms
[Nest] 44288  - 2026/08/08 06:51:04     LOG [RouterExplorer] Mapped {/api/auth/session, POST} route +0ms
[Nest] 44288  - 2026/08/08 06:51:04     LOG [RouterExplorer] Mapped {/api/auth/refresh, POST} route +0ms
[Nest] 44288  - 2026/08/08 06:51:04     LOG [RouterExplorer] Mapped {/api/auth/me, GET} route +0ms
[Nest] 44288  - 2026/08/08 06:51:04     LOG [RouterExplorer] Mapped {/api/auth/select-account, POST} route +1ms
[Nest] 44288  - 2026/08/08 06:51:04     LOG [RouterExplorer] Mapped {/api/auth/signout, POST} route +0ms
[Nest] 44288  - 2026/08/08 06:51:04     LOG [NestApplication] Nest application successfully started +1ms
[Nest] 44288  - 2026/08/08 06:51:04   ERROR [NestApplication] Error: listen EADDRINUSE: address already in use :::3002 +2ms
node:net:1940
    const ex = new UVExceptionWithHostPort(err, 'listen', address, port);
               ^

Error: listen EADDRINUSE: address already in use :::3002
    at Server.setupListenHandle [as _listen2] (node:net:1940:16)
    at listenInCluster (node:net:1997:12)
    at Server.listen (node:net:2102:7)
    at ExpressAdapter.listen (E:\enLearn\node_modules\.pnpm\@nestjs+platform-express@10_795a7c87fa3e5cd6ba081ef20e3755d8\node_modules\@nestjs\platform-express\adapters\express-adapter.js:95:32)
    at E:\enLearn\node_modules\.pnpm\@nestjs+core@10.4.22_@nestj_20db045583bc571f8afad53a02391131\node_modules\@nestjs\core\nest-application.js:183:30
    at new Promise (<anonymous>)
    at NestApplication.listen (E:\enLearn\node_modules\.pnpm\@nestjs+core@10.4.22_@nestj_20db045583bc571f8afad53a02391131\node_modules\@nestjs\core\nest-application.js:173:16)
    at async bootstrap (E:\enLearn\api\src\standalone.ts:31:3) {
  code: 'EADDRINUSE',
  errno: -4091,
  syscall: 'listen',
  address: '::',
  port: 3002
}

Node.js v22.17.0
06:51:31 [tsx] change in ./src\common\request-idempotency.ts Rerunning...
[Nest] 12628  - 2026/08/08 06:51:33     LOG [NestFactory] Starting Nest application...
[Nest] 12628  - 2026/08/08 06:51:33     LOG [InstanceLoader] AccountModule dependencies initialized +17ms
[Nest] 12628  - 2026/08/08 06:51:33     LOG [InstanceLoader] AdminModule dependencies initialized +0ms
[Nest] 12628  - 2026/08/08 06:51:33     LOG [InstanceLoader] PaymentModule dependencies initialized +0ms
[Nest] 12628  - 2026/08/08 06:51:33     LOG [InstanceLoader] UserModule dependencies initialized +0ms
[Nest] 12628  - 2026/08/08 06:51:33     LOG [InstanceLoader] LowCodeModule dependencies initialized +0ms
[Nest] 12628  - 2026/08/08 06:51:33     LOG [InstanceLoader] PostsModule dependencies initialized +0ms
[Nest] 12628  - 2026/08/08 06:51:33     LOG [InstanceLoader] NotificationModule dependencies initialized +0ms
[Nest] 12628  - 2026/08/08 06:51:33     LOG [InstanceLoader] EntityDesignModule dependencies initialized +0ms
[Nest] 12628  - 2026/08/08 06:51:33     LOG [InstanceLoader] FilesModule dependencies initialized +0ms
[Nest] 12628  - 2026/08/08 06:51:33     LOG [InstanceLoader] ChatModule dependencies initialized +0ms
[Nest] 12628  - 2026/08/08 06:51:33     LOG [InstanceLoader] PlanningModule dependencies initialized +0ms
[Nest] 12628  - 2026/08/08 06:51:33     LOG [InstanceLoader] DatabaseModule dependencies initialized +0ms
[Nest] 12628  - 2026/08/08 06:51:33     LOG [InstanceLoader] AuthModule dependencies initialized +0ms
[Nest] 12628  - 2026/08/08 06:51:33     LOG [InstanceLoader] DefinitionModule dependencies initialized +0ms
[Nest] 12628  - 2026/08/08 06:51:33     LOG [InstanceLoader] JobModule dependencies initialized +1ms
[Nest] 12628  - 2026/08/08 06:51:33     LOG [InstanceLoader] RuntimeModule dependencies initialized +0ms
[Nest] 12628  - 2026/08/08 06:51:33     LOG [InstanceLoader] WorkflowModule dependencies initialized +0ms
[Nest] 12628  - 2026/08/08 06:51:33     LOG [InstanceLoader] StandaloneAppModule dependencies initialized +0ms
[Nest] 12628  - 2026/08/08 06:51:33     LOG [RoutesResolver] ServiceGatewayController {/api}: +190ms
[Nest] 12628  - 2026/08/08 06:51:33     LOG [RouterExplorer] Mapped {/api/service, POST} route +2ms
[Nest] 12628  - 2026/08/08 06:51:33     LOG [RoutesResolver] AuthController {/api/auth}: +0ms
[Nest] 12628  - 2026/08/08 06:51:33     LOG [RouterExplorer] Mapped {/api/auth/signin, POST} route +0ms
[Nest] 12628  - 2026/08/08 06:51:33     LOG [RouterExplorer] Mapped {/api/auth/account-options, GET} route +0ms
[Nest] 12628  - 2026/08/08 06:51:33     LOG [RouterExplorer] Mapped {/api/auth/signup, POST} route +0ms
[Nest] 12628  - 2026/08/08 06:51:33     LOG [RouterExplorer] Mapped {/api/auth/oauth, POST} route +0ms
[Nest] 12628  - 2026/08/08 06:51:33     LOG [RouterExplorer] Mapped {/api/auth/session, POST} route +1ms
[Nest] 12628  - 2026/08/08 06:51:33     LOG [RouterExplorer] Mapped {/api/auth/refresh, POST} route +0ms
[Nest] 12628  - 2026/08/08 06:51:33     LOG [RouterExplorer] Mapped {/api/auth/me, GET} route +0ms
[Nest] 12628  - 2026/08/08 06:51:33     LOG [RouterExplorer] Mapped {/api/auth/select-account, POST} route +0ms
[Nest] 12628  - 2026/08/08 06:51:33     LOG [RouterExplorer] Mapped {/api/auth/signout, POST} route +0ms
[Nest] 12628  - 2026/08/08 06:51:33     LOG [NestApplication] Nest application successfully started +1ms
Standalone API listening on http://localhost:3002/api/service
Domain and workflow services are running in-process; Redis transport is disabled.
06:52:00 [tsx] change in ./src\planning-service\planning.resources.ts Restarting...
06:52:01 [tsx] change in ./src\gateway\service-gateway.controller.ts Restarting...
[Nest] 45352  - 2026/08/08 06:52:03     LOG [NestFactory] Starting Nest application...
[Nest] 45352  - 2026/08/08 06:52:03     LOG [InstanceLoader] AccountModule dependencies initialized +20ms
[Nest] 45352  - 2026/08/08 06:52:03     LOG [InstanceLoader] AdminModule dependencies initialized +0ms
[Nest] 45352  - 2026/08/08 06:52:03     LOG [InstanceLoader] PaymentModule dependencies initialized +0ms
[Nest] 45352  - 2026/08/08 06:52:03     LOG [InstanceLoader] UserModule dependencies initialized +0ms
[Nest] 45352  - 2026/08/08 06:52:03     LOG [InstanceLoader] LowCodeModule dependencies initialized +1ms
[Nest] 45352  - 2026/08/08 06:52:03     LOG [InstanceLoader] PostsModule dependencies initialized +0ms
[Nest] 45352  - 2026/08/08 06:52:03     LOG [InstanceLoader] NotificationModule dependencies initialized +0ms
[Nest] 45352  - 2026/08/08 06:52:03     LOG [InstanceLoader] EntityDesignModule dependencies initialized +0ms
[Nest] 45352  - 2026/08/08 06:52:03     LOG [InstanceLoader] FilesModule dependencies initialized +0ms
[Nest] 45352  - 2026/08/08 06:52:03     LOG [InstanceLoader] ChatModule dependencies initialized +0ms
[Nest] 45352  - 2026/08/08 06:52:03     LOG [InstanceLoader] PlanningModule dependencies initialized +0ms
[Nest] 45352  - 2026/08/08 06:52:03     LOG [InstanceLoader] DatabaseModule dependencies initialized +0ms
[Nest] 45352  - 2026/08/08 06:52:03     LOG [InstanceLoader] AuthModule dependencies initialized +0ms
[Nest] 45352  - 2026/08/08 06:52:03     LOG [InstanceLoader] DefinitionModule dependencies initialized +0ms
[Nest] 45352  - 2026/08/08 06:52:03     LOG [InstanceLoader] JobModule dependencies initialized +0ms
[Nest] 45352  - 2026/08/08 06:52:03     LOG [InstanceLoader] RuntimeModule dependencies initialized +0ms
[Nest] 45352  - 2026/08/08 06:52:03     LOG [InstanceLoader] WorkflowModule dependencies initialized +0ms
[Nest] 45352  - 2026/08/08 06:52:03     LOG [InstanceLoader] StandaloneAppModule dependencies initialized +1ms
[Nest] 45352  - 2026/08/08 06:52:03     LOG [RoutesResolver] ServiceGatewayController {/api}: +219ms
[Nest] 45352  - 2026/08/08 06:52:03     LOG [RouterExplorer] Mapped {/api/service, POST} route +2ms
[Nest] 45352  - 2026/08/08 06:52:03     LOG [RoutesResolver] AuthController {/api/auth}: +0ms
[Nest] 45352  - 2026/08/08 06:52:03     LOG [RouterExplorer] Mapped {/api/auth/signin, POST} route +1ms
[Nest] 45352  - 2026/08/08 06:52:03     LOG [RouterExplorer] Mapped {/api/auth/account-options, GET} route +0ms
[Nest] 45352  - 2026/08/08 06:52:03     LOG [RouterExplorer] Mapped {/api/auth/signup, POST} route +0ms
[Nest] 45352  - 2026/08/08 06:52:03     LOG [RouterExplorer] Mapped {/api/auth/oauth, POST} route +0ms
[Nest] 45352  - 2026/08/08 06:52:03     LOG [RouterExplorer] Mapped {/api/auth/session, POST} route +0ms
[Nest] 45352  - 2026/08/08 06:52:03     LOG [RouterExplorer] Mapped {/api/auth/refresh, POST} route +0ms
[Nest] 45352  - 2026/08/08 06:52:03     LOG [RouterExplorer] Mapped {/api/auth/me, GET} route +0ms
[Nest] 45352  - 2026/08/08 06:52:03     LOG [RouterExplorer] Mapped {/api/auth/select-account, POST} route +0ms
[Nest] 45352  - 2026/08/08 06:52:03     LOG [RouterExplorer] Mapped {/api/auth/signout, POST} route +1ms
[Nest] 45352  - 2026/08/08 06:52:03     LOG [NestApplication] Nest application successfully started +1ms
Standalone API listening on http://localhost:3002/api/service
Domain and workflow services are running in-process; Redis transport is disabled.
[Nest] 45352  - 2026/08/08 06:52:29     LOG [ServiceGatewayController] [service] notification.getUnreadCount ok 1822ms
[Nest] 45352  - 2026/08/08 06:53:28     LOG [ServiceGatewayController] [service] notification.getUnreadCount ok 1312ms
[Nest] 45352  - 2026/08/08 06:54:29     LOG [ServiceGatewayController] [service] notification.getUnreadCount ok 2129ms
[Nest] 45352  - 2026/08/08 06:55:28     LOG [ServiceGatewayController] [service] notification.getUnreadCount ok 1461ms
06:56:01 [tsx] change in ./src\common\request-idempotency.ts Restarting...
[Nest] 53132  - 2026/08/08 06:56:03     LOG [NestFactory] Starting Nest application...
[Nest] 53132  - 2026/08/08 06:56:03     LOG [InstanceLoader] AccountModule dependencies initialized +22ms
[Nest] 53132  - 2026/08/08 06:56:03     LOG [InstanceLoader] AdminModule dependencies initialized +1ms
[Nest] 53132  - 2026/08/08 06:56:03     LOG [InstanceLoader] PaymentModule dependencies initialized +0ms
[Nest] 53132  - 2026/08/08 06:56:03     LOG [InstanceLoader] UserModule dependencies initialized +0ms
[Nest] 53132  - 2026/08/08 06:56:03     LOG [InstanceLoader] LowCodeModule dependencies initialized +0ms
[Nest] 53132  - 2026/08/08 06:56:03     LOG [InstanceLoader] PostsModule dependencies initialized +0ms
[Nest] 53132  - 2026/08/08 06:56:03     LOG [InstanceLoader] NotificationModule dependencies initialized +0ms
[Nest] 53132  - 2026/08/08 06:56:03     LOG [InstanceLoader] EntityDesignModule dependencies initialized +0ms
[Nest] 53132  - 2026/08/08 06:56:03     LOG [InstanceLoader] FilesModule dependencies initialized +0ms
[Nest] 53132  - 2026/08/08 06:56:03     LOG [InstanceLoader] ChatModule dependencies initialized +0ms
[Nest] 53132  - 2026/08/08 06:56:03     LOG [InstanceLoader] PlanningModule dependencies initialized +0ms
[Nest] 53132  - 2026/08/08 06:56:03     LOG [InstanceLoader] DatabaseModule dependencies initialized +0ms
[Nest] 53132  - 2026/08/08 06:56:03     LOG [InstanceLoader] AuthModule dependencies initialized +1ms
[Nest] 53132  - 2026/08/08 06:56:03     LOG [InstanceLoader] DefinitionModule dependencies initialized +0ms
[Nest] 53132  - 2026/08/08 06:56:03     LOG [InstanceLoader] JobModule dependencies initialized +0ms
[Nest] 53132  - 2026/08/08 06:56:03     LOG [InstanceLoader] RuntimeModule dependencies initialized +0ms
[Nest] 53132  - 2026/08/08 06:56:03     LOG [InstanceLoader] WorkflowModule dependencies initialized +0ms
[Nest] 53132  - 2026/08/08 06:56:03     LOG [InstanceLoader] StandaloneAppModule dependencies initialized +0ms
[Nest] 53132  - 2026/08/08 06:56:03     LOG [RoutesResolver] ServiceGatewayController {/api}: +242ms
[Nest] 53132  - 2026/08/08 06:56:03     LOG [RouterExplorer] Mapped {/api/service, POST} route +1ms
[Nest] 53132  - 2026/08/08 06:56:03     LOG [RoutesResolver] AuthController {/api/auth}: +0ms
[Nest] 53132  - 2026/08/08 06:56:03     LOG [RouterExplorer] Mapped {/api/auth/signin, POST} route +1ms
[Nest] 53132  - 2026/08/08 06:56:03     LOG [RouterExplorer] Mapped {/api/auth/account-options, GET} route +0ms
[Nest] 53132  - 2026/08/08 06:56:03     LOG [RouterExplorer] Mapped {/api/auth/signup, POST} route +0ms
[Nest] 53132  - 2026/08/08 06:56:03     LOG [RouterExplorer] Mapped {/api/auth/oauth, POST} route +0ms
[Nest] 53132  - 2026/08/08 06:56:03     LOG [RouterExplorer] Mapped {/api/auth/session, POST} route +0ms
[Nest] 53132  - 2026/08/08 06:56:03     LOG [RouterExplorer] Mapped {/api/auth/refresh, POST} route +0ms
[Nest] 53132  - 2026/08/08 06:56:03     LOG [RouterExplorer] Mapped {/api/auth/me, GET} route +0ms
[Nest] 53132  - 2026/08/08 06:56:03     LOG [RouterExplorer] Mapped {/api/auth/select-account, POST} route +1ms
[Nest] 53132  - 2026/08/08 06:56:03     LOG [RouterExplorer] Mapped {/api/auth/signout, POST} route +0ms
[Nest] 53132  - 2026/08/08 06:56:03     LOG [NestApplication] Nest application successfully started +1ms
Standalone API listening on http://localhost:3002/api/service
Domain and workflow services are running in-process; Redis transport is disabled.
[Nest] 53132  - 2026/08/08 06:56:30     LOG [ServiceGatewayController] [service] notification.getUnreadCount ok 2681ms
[Nest] 53132  - 2026/08/08 06:56:38     LOG [ServiceGatewayController] [service] admin.listNavigationRoutes ok 3832ms requestId=mobile-342e84dc-aec6-4b48-a4da-b7af773d8056
[Nest] 53132  - 2026/08/08 06:56:40     LOG [ServiceGatewayController] [service] lowcode.getRuntimePage ok 1843ms requestId=mobile-90a927e8-e7c9-4f51-8129-b11cf3004f0f
[Nest] 53132  - 2026/08/08 06:56:40     LOG [ServiceGatewayController] [service] admin.listItems ok 618ms requestId=mobile-dab94ecd-3e27-4c5a-bad0-152f86ad877a
[Nest] 53132  - 2026/08/08 06:56:41     LOG [ServiceGatewayController] [service] admin.listItems ok 615ms requestId=mobile-9845e45d-d7fb-42e1-99e4-0f7da31d45ac
[Nest] 53132  - 2026/08/08 06:57:28     LOG [ServiceGatewayController] [service] notification.getUnreadCount ok 1409ms
[Nest] 53132  - 2026/08/08 06:59:03     LOG [ServiceGatewayController] [service] admin.listNavigationRoutes ok 2510ms
[Nest] 53132  - 2026/08/08 06:59:05     LOG [ServiceGatewayController] [service] lowcode.getRuntimePage ok 1603ms
[Nest] 53132  - 2026/08/08 06:59:06     LOG [ServiceGatewayController] [service] planning.createItem ok 1274ms
[Nest] 53132  - 2026/08/08 06:59:07     LOG [ServiceGatewayController] [service] planning.deleteItem ok 966ms
[Nest] 53132  - 2026/08/08 06:59:09     LOG [ServiceGatewayController] [service] admin.listNavigationRoutes ok 1902ms
[Nest] 53132  - 2026/08/08 06:59:10     LOG [ServiceGatewayController] [service] lowcode.getRuntimePage ok 1296ms
[Nest] 53132  - 2026/08/08 06:59:11     LOG [ServiceGatewayController] [service] planning.listItems ok 610ms
[Nest] 53132  - 2026/08/08 06:59:11    WARN [ServiceGatewayController] [service] planning.createItem failed 327ms: Permission required: planning.models.manage Permission required: planning.models.manage Forbidden
[Nest] 53132  - 2026/08/08 06:59:13     LOG [ServiceGatewayController] [service] admin.listNavigationRoutes ok 2058ms
[Nest] 53132  - 2026/08/08 06:59:15    WARN [ServiceGatewayController] [service] lowcode.getRuntimePage failed 1252ms: The requested page is not available in your navigation. The requested page is not available in your navigation. Forbidden
[Nest] 53132  - 2026/08/08 06:59:15    WARN [ServiceGatewayController] [service] planning.listItems failed 317ms: Permission required: planning.models.view Permission required: planning.models.view Forbidden
[Nest] 53132  - 2026/08/08 06:59:39     LOG [ServiceGatewayController] [service] admin.listItems ok 599ms
[Nest] 53132  - 2026/08/08 06:59:40     LOG [ServiceGatewayController] [service] notification.getUnreadCount ok 1348ms
[Nest] 53132  - 2026/08/08 06:59:40     LOG [ServiceGatewayController] [service] admin.listItems ok 1406ms
[Nest] 53132  - 2026/08/08 06:59:41     LOG [ServiceGatewayController] [service] lowcode.listItems ok 1681ms
[Nest] 53132  - 2026/08/08 06:59:41     LOG [ServiceGatewayController] [service] planning.listItems ok 554ms
[Nest] 53132  - 2026/08/08 06:59:42     LOG [ServiceGatewayController] [service] lowcode.listItems ok 1268ms
[Nest] 53132  - 2026/08/08 06:59:43     LOG [ServiceGatewayController] [service] admin.listItems ok 592ms
[Nest] 53132  - 2026/08/08 06:59:44     LOG [ServiceGatewayController] [service] admin.listItems ok 881ms
[Nest] 53132  - 2026/08/08 06:59:44     LOG [ServiceGatewayController] [service] notification.getUnreadCount ok 922ms
[Nest] 53132  - 2026/08/08 06:59:46     LOG [ServiceGatewayController] [service] admin.listItems ok 614ms
[Nest] 53132  - 2026/08/08 06:59:47     LOG [ServiceGatewayController] [service] admin.listItems ok 920ms
[Nest] 53132  - 2026/08/08 06:59:47     LOG [ServiceGatewayController] [service] notification.getUnreadCount ok 935ms
[Nest] 53132  - 2026/08/08 06:59:47    WARN [ServiceGatewayController] [service] lowcode.listItems failed 1179ms: The requested page is not available in your navigation. The requested page is not available in your navigation. Forbidden
[Nest] 53132  - 2026/08/08 06:59:48    WARN [ServiceGatewayController] [service] lowcode.listItems failed 1266ms: The requested page is not available in your navigation. The requested page is not available in your navigation. Forbidden
[Nest] 53132  - 2026/08/08 07:01:39     LOG [ServiceGatewayController] [service] admin.listItems ok 287ms
[Nest] 53132  - 2026/08/08 07:01:40     LOG [ServiceGatewayController] [service] notification.getUnreadCount ok 450ms
[Nest] 53132  - 2026/08/08 07:01:40     LOG [ServiceGatewayController] [service] admin.listItems ok 1155ms
[Nest] 53132  - 2026/08/08 07:01:41     LOG [ServiceGatewayController] [service] lowcode.listItems ok 1689ms
[Nest] 53132  - 2026/08/08 07:01:41     LOG [ServiceGatewayController] [service] lowcode.listItems ok 653ms
[Nest] 53132  - 2026/08/08 07:01:41     LOG [ServiceGatewayController] [service] planning.listItems ok 610ms
[Nest] 53132  - 2026/08/08 07:01:42     LOG [ServiceGatewayController] [service] lowcode.listItems ok 628ms
[Nest] 53132  - 2026/08/08 07:01:42     LOG [ServiceGatewayController] [service] notification.getUnreadCount ok 938ms
[Nest] 53132  - 2026/08/08 07:01:42     LOG [ServiceGatewayController] [service] lowcode.listItems ok 1112ms
[Nest] 53132  - 2026/08/08 07:01:42     LOG [ServiceGatewayController] [service] planning.listItems ok 140ms
[Nest] 53132  - 2026/08/08 07:01:43     LOG [ServiceGatewayController] [service] planning.saveItem ok 473ms
[Nest] 53132  - 2026/08/08 07:01:44     LOG [ServiceGatewayController] [service] notification.getUnreadCount ok 448ms
[Nest] 53132  - 2026/08/08 07:01:44     LOG [ServiceGatewayController] [service] planning.listItems ok 595ms
[Nest] 53132  - 2026/08/08 07:01:44     LOG [ServiceGatewayController] [service] planning.saveItem ok 472ms
[Nest] 53132  - 2026/08/08 07:01:44     LOG [ServiceGatewayController] [service] planning.listItems ok 594ms
[Nest] 53132  - 2026/08/08 07:01:45     LOG [ServiceGatewayController] [service] lowcode.listItems ok 640ms
[Nest] 53132  - 2026/08/08 07:01:45     LOG [ServiceGatewayController] [service] planning.listItems ok 605ms
[Nest] 53132  - 2026/08/08 07:01:45     LOG [ServiceGatewayController] [service] notification.getUnreadCount ok 914ms
[Nest] 53132  - 2026/08/08 07:01:46     LOG [ServiceGatewayController] [service] lowcode.listItems ok 635ms
[Nest] 53132  - 2026/08/08 07:01:47     LOG [ServiceGatewayController] [service] planning.listItems ok 594ms
[Nest] 53132  - 2026/08/08 07:01:47     LOG [ServiceGatewayController] [service] lowcode.listItems ok 627ms
[Nest] 53132  - 2026/08/08 07:01:47     LOG [ServiceGatewayController] [service] notification.getUnreadCount ok 913ms
[Nest] 53132  - 2026/08/08 07:01:48     LOG [ServiceGatewayController] [service] admin.listItems ok 281ms
[Nest] 53132  - 2026/08/08 07:01:48     LOG [ServiceGatewayController] [service] notification.getUnreadCount ok 445ms
[Nest] 53132  - 2026/08/08 07:01:49     LOG [ServiceGatewayController] [service] admin.listItems ok 949ms
[Nest] 53132  - 2026/08/08 07:01:49     LOG [ServiceGatewayController] [service] lowcode.listItems ok 957ms
[Nest] 53132  - 2026/08/08 07:01:49     LOG [ServiceGatewayController] [service] planning.listItems ok 303ms
[Nest] 53132  - 2026/08/08 07:01:50     LOG [ServiceGatewayController] [service] planning.listRelationOptions ok 609ms
[Nest] 53132  - 2026/08/08 07:01:50     LOG [ServiceGatewayController] [service] lowcode.listItems ok 653ms
[Nest] 53132  - 2026/08/08 07:01:50     LOG [ServiceGatewayController] [service] planning.listRelationOptions ok 954ms
[Nest] 53132  - 2026/08/08 07:01:51     LOG [ServiceGatewayController] [service] planning.saveItem ok 824ms
[Nest] 53132  - 2026/08/08 07:01:52     LOG [ServiceGatewayController] [service] notification.getUnreadCount ok 445ms
[Nest] 53132  - 2026/08/08 07:01:52     LOG [ServiceGatewayController] [service] planning.listRelationOptions ok 598ms
[Nest] 53132  - 2026/08/08 07:01:52     LOG [ServiceGatewayController] [service] planning.listRelationOptions ok 626ms
[Nest] 53132  - 2026/08/08 07:01:52     LOG [ServiceGatewayController] [service] planning.listItems ok 742ms
[Nest] 53132  - 2026/08/08 07:01:52     LOG [ServiceGatewayController] [service] planning.listItems ok 1057ms
[Nest] 53132  - 2026/08/08 07:01:53     LOG [ServiceGatewayController] [service] planning.saveItem ok 465ms
[Nest] 53132  - 2026/08/08 07:01:53     LOG [ServiceGatewayController] [service] planning.listItems ok 283ms
[Nest] 53132  - 2026/08/08 07:01:54     LOG [ServiceGatewayController] [service] lowcode.listItems ok 630ms
[Nest] 53132  - 2026/08/08 07:01:54     LOG [ServiceGatewayController] [service] notification.getUnreadCount ok 784ms
[Nest] 53132  - 2026/08/08 07:01:54     LOG [ServiceGatewayController] [service] lowcode.listItems ok 1126ms
[Nest] 53132  - 2026/08/08 07:01:54     LOG [ServiceGatewayController] [service] planning.listItems ok 280ms
[Nest] 53132  - 2026/08/08 07:01:55     LOG [ServiceGatewayController] [service] planning.listRelationOptions ok 440ms
[Nest] 53132  - 2026/08/08 07:01:55     LOG [ServiceGatewayController] [service] planning.listRelationOptions ok 595ms
[Nest] 53132  - 2026/08/08 07:01:55     LOG [ServiceGatewayController] [service] planning.deleteItem ok 467ms
[Nest] 53132  - 2026/08/08 07:01:56     LOG [ServiceGatewayController] [service] planning.listItems ok 282ms
[Nest] 53132  - 2026/08/08 07:01:56     LOG [ServiceGatewayController] [service] planning.listRelationOptions ok 432ms
[Nest] 53132  - 2026/08/08 07:01:56     LOG [ServiceGatewayController] [service] planning.listRelationOptions ok 603ms
[Nest] 53132  - 2026/08/08 07:01:56     LOG [ServiceGatewayController] [service] planning.listItems ok 433ms
[Nest] 53132  - 2026/08/08 07:01:57     LOG [ServiceGatewayController] [service] admin.listItems ok 282ms
[Nest] 53132  - 2026/08/08 07:01:58     LOG [ServiceGatewayController] [service] notification.getUnreadCount ok 452ms
[Nest] 53132  - 2026/08/08 07:01:58     LOG [ServiceGatewayController] [service] lowcode.listItems ok 932ms
[Nest] 53132  - 2026/08/08 07:01:58     LOG [ServiceGatewayController] [service] admin.listItems ok 940ms
[Nest] 53132  - 2026/08/08 07:01:58     LOG [ServiceGatewayController] [service] planning.listItems ok 284ms
[Nest] 53132  - 2026/08/08 07:01:59     LOG [ServiceGatewayController] [service] lowcode.listItems ok 806ms
[Nest] 53132  - 2026/08/08 07:01:59     LOG [ServiceGatewayController] [service] planning.deleteItem ok 786ms
[Nest] 53132  - 2026/08/08 07:02:00     LOG [ServiceGatewayController] [service] planning.listItems ok 283ms
[Nest] 53132  - 2026/08/08 07:02:00     LOG [ServiceGatewayController] [service] planning.listItems ok 431ms
[Nest] 53132  - 2026/08/08 07:02:00     LOG [ServiceGatewayController] [service] planning.listItems ok 280ms
[Nest] 53132  - 2026/08/08 07:02:00     LOG [ServiceGatewayController] [service] planning.listItems ok 277ms
[Nest] 53132  - 2026/08/08 07:02:01     LOG [ServiceGatewayController] [service] planning.listItems ok 279ms
[Nest] 53132  - 2026/08/08 07:03:00     LOG [ServiceGatewayController] [service] admin.listItems ok 278ms
[Nest] 53132  - 2026/08/08 07:03:01     LOG [ServiceGatewayController] [service] notification.getUnreadCount ok 443ms
[Nest] 53132  - 2026/08/08 07:03:01     LOG [ServiceGatewayController] [service] lowcode.listItems ok 975ms
[Nest] 53132  - 2026/08/08 07:03:01     LOG [ServiceGatewayController] [service] admin.listItems ok 1002ms
[Nest] 53132  - 2026/08/08 07:03:02     LOG [ServiceGatewayController] [service] planning.listItems ok 534ms
[Nest] 53132  - 2026/08/08 07:03:02     LOG [ServiceGatewayController] [service] planning.listItems ok 449ms
[Nest] 53132  - 2026/08/08 07:03:02     LOG [ServiceGatewayController] [service] planning.listItems ok 278ms
[Nest] 53132  - 2026/08/08 07:03:03     LOG [ServiceGatewayController] [service] planning.listItems ok 281ms
[Nest] 53132  - 2026/08/08 07:03:03     LOG [ServiceGatewayController] [service] lowcode.listItems ok 1392ms
[Nest] 53132  - 2026/08/08 07:03:56     LOG [ServiceGatewayController] [service] admin.listItems ok 275ms
[Nest] 53132  - 2026/08/08 07:03:56     LOG [ServiceGatewayController] [service] notification.getUnreadCount ok 475ms
[Nest] 53132  - 2026/08/08 07:03:57     LOG [ServiceGatewayController] [service] admin.listItems ok 1232ms
[Nest] 53132  - 2026/08/08 07:03:57     LOG [ServiceGatewayController] [service] lowcode.listItems ok 1784ms
[Nest] 53132  - 2026/08/08 07:03:57     LOG [ServiceGatewayController] [service] lowcode.listItems ok 636ms
[Nest] 53132  - 2026/08/08 07:03:58     LOG [ServiceGatewayController] [service] planning.listItems ok 455ms
[Nest] 53132  - 2026/08/08 07:03:59     LOG [ServiceGatewayController] [service] lowcode.listItems ok 637ms
[Nest] 53132  - 2026/08/08 07:03:59     LOG [ServiceGatewayController] [service] notification.getUnreadCount ok 831ms
[Nest] 53132  - 2026/08/08 07:03:59     LOG [ServiceGatewayController] [service] lowcode.listItems ok 1093ms
[Nest] 53132  - 2026/08/08 07:03:59     LOG [ServiceGatewayController] [service] planning.listItems ok 133ms
[Nest] 53132  - 2026/08/08 07:04:00     LOG [ServiceGatewayController] [service] planning.saveItem ok 475ms
[Nest] 53132  - 2026/08/08 07:04:00     LOG [ServiceGatewayController] [service] notification.getUnreadCount ok 439ms
[Nest] 53132  - 2026/08/08 07:04:00     LOG [ServiceGatewayController] [service] planning.listItems ok 631ms
[Nest] 53132  - 2026/08/08 07:04:01     LOG [ServiceGatewayController] [service] planning.saveItem ok 476ms
[Nest] 53132  - 2026/08/08 07:04:01     LOG [ServiceGatewayController] [service] planning.listItems ok 608ms
[Nest] 53132  - 2026/08/08 07:04:02     LOG [ServiceGatewayController] [service] lowcode.listItems ok 628ms
[Nest] 53132  - 2026/08/08 07:04:02     LOG [ServiceGatewayController] [service] planning.listItems ok 594ms
[Nest] 53132  - 2026/08/08 07:04:02     LOG [ServiceGatewayController] [service] notification.getUnreadCount ok 778ms
[Nest] 53132  - 2026/08/08 07:04:03     LOG [ServiceGatewayController] [service] lowcode.listItems ok 646ms
[Nest] 53132  - 2026/08/08 07:04:03     LOG [ServiceGatewayController] [service] planning.listItems ok 578ms
[Nest] 53132  - 2026/08/08 07:04:03     LOG [ServiceGatewayController] [service] lowcode.listItems ok 628ms
[Nest] 53132  - 2026/08/08 07:04:04     LOG [ServiceGatewayController] [service] notification.getUnreadCount ok 804ms
[Nest] 53132  - 2026/08/08 07:04:05     LOG [ServiceGatewayController] [service] admin.listItems ok 272ms
[Nest] 53132  - 2026/08/08 07:04:05     LOG [ServiceGatewayController] [service] notification.getUnreadCount ok 622ms
[Nest] 53132  - 2026/08/08 07:04:06     LOG [ServiceGatewayController] [service] lowcode.listItems ok 789ms
[Nest] 53132  - 2026/08/08 07:04:06     LOG [ServiceGatewayController] [service] admin.listItems ok 921ms
[Nest] 53132  - 2026/08/08 07:04:06     LOG [ServiceGatewayController] [service] planning.listItems ok 139ms
[Nest] 53132  - 2026/08/08 07:04:06     LOG [ServiceGatewayController] [service] planning.listRelationOptions ok 656ms
[Nest] 53132  - 2026/08/08 07:04:06     LOG [ServiceGatewayController] [service] lowcode.listItems ok 619ms
[Nest] 53132  - 2026/08/08 07:04:07     LOG [ServiceGatewayController] [service] planning.listRelationOptions ok 926ms
[Nest] 53132  - 2026/08/08 07:04:08     LOG [ServiceGatewayController] [service] planning.saveItem ok 473ms
[Nest] 53132  - 2026/08/08 07:04:08     LOG [ServiceGatewayController] [service] notification.getUnreadCount ok 433ms
[Nest] 53132  - 2026/08/08 07:04:08     LOG [ServiceGatewayController] [service] planning.listRelationOptions ok 598ms
[Nest] 53132  - 2026/08/08 07:04:08     LOG [ServiceGatewayController] [service] planning.listRelationOptions ok 653ms
[Nest] 53132  - 2026/08/08 07:04:08     LOG [ServiceGatewayController] [service] planning.listItems ok 820ms
[Nest] 53132  - 2026/08/08 07:04:09     LOG [ServiceGatewayController] [service] planning.listItems ok 1169ms
[Nest] 53132  - 2026/08/08 07:04:09     LOG [ServiceGatewayController] [service] planning.saveItem ok 447ms
[Nest] 53132  - 2026/08/08 07:04:10     LOG [ServiceGatewayController] [service] planning.listItems ok 280ms
[Nest] 53132  - 2026/08/08 07:04:10     LOG [ServiceGatewayController] [service] lowcode.listItems ok 622ms
[Nest] 53132  - 2026/08/08 07:04:11     LOG [ServiceGatewayController] [service] notification.getUnreadCount ok 812ms
[Nest] 53132  - 2026/08/08 07:04:11     LOG [ServiceGatewayController] [service] lowcode.listItems ok 1097ms
[Nest] 53132  - 2026/08/08 07:04:11     LOG [ServiceGatewayController] [service] planning.listItems ok 274ms
[Nest] 53132  - 2026/08/08 07:04:11     LOG [ServiceGatewayController] [service] planning.listRelationOptions ok 440ms
[Nest] 53132  - 2026/08/08 07:04:11     LOG [ServiceGatewayController] [service] planning.listRelationOptions ok 625ms
[Nest] 53132  - 2026/08/08 07:04:12     LOG [ServiceGatewayController] [service] planning.deleteItem ok 456ms
[Nest] 53132  - 2026/08/08 07:04:12     LOG [ServiceGatewayController] [service] planning.listItems ok 276ms
[Nest] 53132  - 2026/08/08 07:04:12     LOG [ServiceGatewayController] [service] planning.listRelationOptions ok 443ms
[Nest] 53132  - 2026/08/08 07:04:13     LOG [ServiceGatewayController] [service] planning.listRelationOptions ok 603ms
[Nest] 53132  - 2026/08/08 07:04:13     LOG [ServiceGatewayController] [service] planning.listItems ok 423ms
[Nest] 53132  - 2026/08/08 07:04:14     LOG [ServiceGatewayController] [service] admin.listItems ok 273ms
[Nest] 53132  - 2026/08/08 07:04:14     LOG [ServiceGatewayController] [service] notification.getUnreadCount ok 452ms
[Nest] 53132  - 2026/08/08 07:04:15     LOG [ServiceGatewayController] [service] lowcode.listItems ok 939ms
[Nest] 53132  - 2026/08/08 07:04:15     LOG [ServiceGatewayController] [service] admin.listItems ok 962ms
[Nest] 53132  - 2026/08/08 07:04:15     LOG [ServiceGatewayController] [service] planning.listItems ok 278ms
[Nest] 53132  - 2026/08/08 07:04:16     LOG [ServiceGatewayController] [service] lowcode.listItems ok 792ms
[Nest] 53132  - 2026/08/08 07:04:16     LOG [ServiceGatewayController] [service] planning.deleteItem ok 785ms
[Nest] 53132  - 2026/08/08 07:04:16     LOG [ServiceGatewayController] [service] planning.listItems ok 281ms
[Nest] 53132  - 2026/08/08 07:04:17     LOG [ServiceGatewayController] [service] planning.listItems ok 449ms
[Nest] 53132  - 2026/08/08 07:04:17     LOG [ServiceGatewayController] [service] planning.listItems ok 276ms
[Nest] 53132  - 2026/08/08 07:04:17     LOG [ServiceGatewayController] [service] planning.listItems ok 275ms
[Nest] 53132  - 2026/08/08 07:04:17     LOG [ServiceGatewayController] [service] planning.listItems ok 282ms
[Nest] 53132  - 2026/08/08 07:07:42     LOG [ServiceGatewayController] [service] admin.listNavigationRoutes ok 2336ms
[Nest] 53132  - 2026/08/08 07:07:43     LOG [ServiceGatewayController] [service] lowcode.getRuntimePage ok 1543ms
[Nest] 53132  - 2026/08/08 07:07:44     LOG [ServiceGatewayController] [service] planning.createItem ok 1239ms
[Nest] 53132  - 2026/08/08 07:07:45     LOG [ServiceGatewayController] [service] planning.deleteItem ok 922ms
[Nest] 53132  - 2026/08/08 07:07:47     LOG [ServiceGatewayController] [service] admin.listNavigationRoutes ok 1892ms
[Nest] 53132  - 2026/08/08 07:07:48     LOG [ServiceGatewayController] [service] lowcode.getRuntimePage ok 1223ms
[Nest] 53132  - 2026/08/08 07:07:49     LOG [ServiceGatewayController] [service] planning.listItems ok 585ms
[Nest] 53132  - 2026/08/08 07:07:49    WARN [ServiceGatewayController] [service] planning.createItem failed 286ms: Permission required: planning.models.manage Permission required: planning.models.manage Forbidden
[Nest] 53132  - 2026/08/08 07:07:51     LOG [ServiceGatewayController] [service] admin.listNavigationRoutes ok 2045ms
[Nest] 53132  - 2026/08/08 07:07:53    WARN [ServiceGatewayController] [service] lowcode.getRuntimePage failed 1233ms: The requested page is not available in your navigation. The requested page is not available in your navigation. Forbidden
[Nest] 53132  - 2026/08/08 07:07:53    WARN [ServiceGatewayController] [service] planning.listItems failed 295ms: Permission required: planning.models.view Permission required: planning.models.view Forbidden
[Nest] 53132  - 2026/08/08 07:08:06     LOG [ServiceGatewayController] [service] admin.listItems ok 590ms
[Nest] 53132  - 2026/08/08 07:08:07     LOG [ServiceGatewayController] [service] notification.getUnreadCount ok 1412ms
[Nest] 53132  - 2026/08/08 07:08:07     LOG [ServiceGatewayController] [service] admin.listItems ok 1470ms
[Nest] 53132  - 2026/08/08 07:08:07     LOG [ServiceGatewayController] [service] lowcode.listItems ok 1794ms
[Nest] 53132  - 2026/08/08 07:08:08     LOG [ServiceGatewayController] [service] planning.listItems ok 601ms
[Nest] 53132  - 2026/08/08 07:08:08     LOG [ServiceGatewayController] [service] lowcode.listItems ok 1259ms
[Nest] 53132  - 2026/08/08 07:08:10     LOG [ServiceGatewayController] [service] admin.listItems ok 579ms
[Nest] 53132  - 2026/08/08 07:08:11     LOG [ServiceGatewayController] [service] notification.getUnreadCount ok 891ms
[Nest] 53132  - 2026/08/08 07:08:11     LOG [ServiceGatewayController] [service] admin.listItems ok 943ms
[Nest] 53132  - 2026/08/08 07:08:12     LOG [ServiceGatewayController] [service] admin.listItems ok 585ms
[Nest] 53132  - 2026/08/08 07:08:13     LOG [ServiceGatewayController] [service] notification.getUnreadCount ok 911ms
[Nest] 53132  - 2026/08/08 07:08:13     LOG [ServiceGatewayController] [service] admin.listItems ok 977ms
[Nest] 53132  - 2026/08/08 07:08:13    WARN [ServiceGatewayController] [service] lowcode.listItems failed 1303ms: The requested page is not available in your navigation. The requested page is not available in your navigation. Forbidden
[Nest] 53132  - 2026/08/08 07:08:14    WARN [ServiceGatewayController] [service] lowcode.listItems failed 1279ms: The requested page is not available in your navigation. The requested page is not available in your navigation. Forbidden
[Nest] 53132  - 2026/08/08 07:24:59     LOG [ServiceGatewayController] [service] admin.listItems ok 645ms
[Nest] 53132  - 2026/08/08 07:25:01     LOG [ServiceGatewayController] [service] notification.getUnreadCount ok 1477ms
[Nest] 53132  - 2026/08/08 07:25:01     LOG [ServiceGatewayController] [service] admin.listItems ok 1518ms
[Nest] 53132  - 2026/08/08 07:25:01     LOG [ServiceGatewayController] [service] lowcode.listItems ok 2270ms
[Nest] 53132  - 2026/08/08 07:25:02     LOG [ServiceGatewayController] [service] lowcode.listItems ok 1309ms
[Nest] 53132  - 2026/08/08 07:25:02     LOG [ServiceGatewayController] [service] lowcode.listItems ok 1259ms
[Nest] 53132  - 2026/08/08 07:25:03     LOG [ServiceGatewayController] [service] lowcode.listItems ok 1380ms
[Nest] 53132  - 2026/08/08 07:25:03     LOG [ServiceGatewayController] [service] admin.listItems ok 1417ms
[Nest] 53132  - 2026/08/08 07:25:05     LOG [ServiceGatewayController] [service] lowcode.saveItem ok 1100ms
[Nest] 53132  - 2026/08/08 07:25:07     LOG [ServiceGatewayController] [service] lowcode.listItems ok 1295ms
[Nest] 53132  - 2026/08/08 07:25:08     LOG [ServiceGatewayController] [service] admin.listItems ok 1175ms
[Nest] 53132  - 2026/08/08 07:25:08     LOG [ServiceGatewayController] [service] lowcode.listItems ok 1373ms
[Nest] 53132  - 2026/08/08 07:25:09     LOG [ServiceGatewayController] [service] lowcode.listItems ok 1802ms
[Nest] 53132  - 2026/08/08 07:27:20     LOG [ServiceGatewayController] [service] admin.listItems ok 603ms
[Nest] 53132  - 2026/08/08 07:27:21     LOG [ServiceGatewayController] [service] notification.getUnreadCount ok 1236ms
[Nest] 53132  - 2026/08/08 07:27:21     LOG [ServiceGatewayController] [service] lowcode.listItems ok 1623ms
[Nest] 53132  - 2026/08/08 07:27:21     LOG [ServiceGatewayController] [service] admin.listItems ok 1768ms
[Nest] 53132  - 2026/08/08 07:27:22     LOG [ServiceGatewayController] [service] admin.listItems ok 760ms
[Nest] 53132  - 2026/08/08 07:27:23     LOG [ServiceGatewayController] [service] lowcode.listItems ok 1352ms
[Nest] 53132  - 2026/08/08 07:27:23     LOG [ServiceGatewayController] [service] lowcode.listItems ok 1295ms
[Nest] 53132  - 2026/08/08 07:27:23     LOG [ServiceGatewayController] [service] lowcode.listItems ok 1583ms
[Nest] 53132  - 2026/08/08 07:27:27     LOG [ServiceGatewayController] [service] lowcode.saveItem ok 1007ms
[Nest] 53132  - 2026/08/08 07:27:28     LOG [ServiceGatewayController] [service] lowcode.listItems ok 1260ms
[Nest] 53132  - 2026/08/08 07:27:29     LOG [ServiceGatewayController] [service] lowcode.listItems ok 1056ms
[Nest] 53132  - 2026/08/08 07:27:29     LOG [ServiceGatewayController] [service] admin.listItems ok 1178ms
[Nest] 53132  - 2026/08/08 07:27:30     LOG [ServiceGatewayController] [service] lowcode.listItems ok 1634ms
07:42:49 [tsx] change in ./src\lowcode-service\lowcode.resources.ts Restarting...
[Nest] 54828  - 2026/08/08 07:43:01     LOG [NestFactory] Starting Nest application...
[Nest] 54828  - 2026/08/08 07:43:02     LOG [InstanceLoader] AccountModule dependencies initialized +200ms
[Nest] 54828  - 2026/08/08 07:43:02     LOG [InstanceLoader] AdminModule dependencies initialized +0ms
[Nest] 54828  - 2026/08/08 07:43:02     LOG [InstanceLoader] PaymentModule dependencies initialized +0ms
[Nest] 54828  - 2026/08/08 07:43:02     LOG [InstanceLoader] UserModule dependencies initialized +0ms
[Nest] 54828  - 2026/08/08 07:43:02     LOG [InstanceLoader] LowCodeModule dependencies initialized +0ms
[Nest] 54828  - 2026/08/08 07:43:02     LOG [InstanceLoader] PostsModule dependencies initialized +0ms
[Nest] 54828  - 2026/08/08 07:43:02     LOG [InstanceLoader] NotificationModule dependencies initialized +0ms
[Nest] 54828  - 2026/08/08 07:43:02     LOG [InstanceLoader] EntityDesignModule dependencies initialized +0ms
[Nest] 54828  - 2026/08/08 07:43:02     LOG [InstanceLoader] FilesModule dependencies initialized +0ms
[Nest] 54828  - 2026/08/08 07:43:02     LOG [InstanceLoader] ChatModule dependencies initialized +0ms
[Nest] 54828  - 2026/08/08 07:43:02     LOG [InstanceLoader] PlanningModule dependencies initialized +0ms
[Nest] 54828  - 2026/08/08 07:43:02     LOG [InstanceLoader] DatabaseModule dependencies initialized +0ms
[Nest] 54828  - 2026/08/08 07:43:02     LOG [InstanceLoader] AuthModule dependencies initialized +1ms
[Nest] 54828  - 2026/08/08 07:43:02     LOG [InstanceLoader] DefinitionModule dependencies initialized +0ms
[Nest] 54828  - 2026/08/08 07:43:02     LOG [InstanceLoader] JobModule dependencies initialized +0ms
[Nest] 54828  - 2026/08/08 07:43:02     LOG [InstanceLoader] RuntimeModule dependencies initialized +0ms
[Nest] 54828  - 2026/08/08 07:43:02     LOG [InstanceLoader] WorkflowModule dependencies initialized +0ms
[Nest] 54828  - 2026/08/08 07:43:02     LOG [InstanceLoader] StandaloneAppModule dependencies initialized +0ms
[Nest] 54828  - 2026/08/08 07:43:30     LOG [RoutesResolver] ServiceGatewayController {/api}: +28424ms
[Nest] 54828  - 2026/08/08 07:43:30     LOG [RouterExplorer] Mapped {/api/service, POST} route +1ms
[Nest] 54828  - 2026/08/08 07:43:30     LOG [RoutesResolver] AuthController {/api/auth}: +0ms
[Nest] 54828  - 2026/08/08 07:43:30     LOG [RouterExplorer] Mapped {/api/auth/signin, POST} route +1ms
[Nest] 54828  - 2026/08/08 07:43:30     LOG [RouterExplorer] Mapped {/api/auth/account-options, GET} route +0ms
[Nest] 54828  - 2026/08/08 07:43:30     LOG [RouterExplorer] Mapped {/api/auth/signup, POST} route +0ms
[Nest] 54828  - 2026/08/08 07:43:30     LOG [RouterExplorer] Mapped {/api/auth/oauth, POST} route +0ms
[Nest] 54828  - 2026/08/08 07:43:30     LOG [RouterExplorer] Mapped {/api/auth/session, POST} route +0ms
[Nest] 54828  - 2026/08/08 07:43:30     LOG [RouterExplorer] Mapped {/api/auth/refresh, POST} route +0ms
[Nest] 54828  - 2026/08/08 07:43:30     LOG [RouterExplorer] Mapped {/api/auth/me, GET} route +0ms
[Nest] 54828  - 2026/08/08 07:43:30     LOG [RouterExplorer] Mapped {/api/auth/select-account, POST} route +0ms
[Nest] 54828  - 2026/08/08 07:43:30     LOG [RouterExplorer] Mapped {/api/auth/signout, POST} route +0ms
[Nest] 54828  - 2026/08/08 07:43:30     LOG [NestApplication] Nest application successfully started +2ms
Standalone API listening on http://localhost:3002/api/service
Domain and workflow services are running in-process; Redis transport is disabled.
[Nest] 54828  - 2026/08/08 07:44:14     LOG [ServiceGatewayController] [service] admin.listNavigationRoutes ok 476ms requestId=mobile-bb7c8536-6d57-43fc-a124-382f374d2aa1
[Nest] 54828  - 2026/08/08 07:44:15     LOG [ServiceGatewayController] [service] lowcode.getRuntimePage ok 628ms requestId=mobile-42ffacf4-a10a-4dbf-a2b7-d203f6f0aae7
[Nest] 54828  - 2026/08/08 07:44:15     LOG [ServiceGatewayController] [service] admin.listItems ok 322ms requestId=mobile-4364d053-7016-4bc4-b018-e7ced066e16a
[Nest] 54828  - 2026/08/08 07:44:33     LOG [ServiceGatewayController] [service] lowcode.getRuntimePage ok 1314ms requestId=mobile-a1aeb617-7356-49cf-8610-abbcd1a57011
[Nest] 54828  - 2026/08/08 07:44:34     LOG [ServiceGatewayController] [service] lowcode.getRuntimePage ok 911ms requestId=mobile-7d251a20-aaf4-46d3-b5b0-28260c51428a
[Nest] 54828  - 2026/08/08 07:44:34     LOG [ServiceGatewayController] [service] lowcode.getRuntimePage ok 660ms requestId=mobile-2b41498b-9577-40ca-ada3-67c42c97cb97
[Nest] 54828  - 2026/08/08 07:44:35     LOG [ServiceGatewayController] [service] lowcode.getRuntimePage ok 618ms requestId=mobile-d33cbaad-ace9-4b93-8504-34d4257def20
[Nest] 54828  - 2026/08/08 07:44:35     LOG [ServiceGatewayController] [service] lowcode.getRuntimePage ok 873ms requestId=mobile-6936fa7d-8021-4d7a-9dd8-643310436ce0
[Nest] 54828  - 2026/08/08 07:44:35     LOG [ServiceGatewayController] [service] planning.listItems ok 284ms requestId=mobile-f1a48cc3-9b91-4049-9214-9518dc02287b
[Nest] 54828  - 2026/08/08 07:45:08     LOG [ServiceGatewayController] [service] admin.listNavigationRoutes ok 488ms requestId=mobile-abfe811a-319f-42d2-9a25-39cb2a1deb89
[Nest] 54828  - 2026/08/08 07:45:09     LOG [ServiceGatewayController] [service] lowcode.getRuntimePage ok 649ms requestId=mobile-bc1f6862-fae4-4ba1-9170-60b536d3c38c
[Nest] 54828  - 2026/08/08 07:45:09     LOG [ServiceGatewayController] [service] admin.listItems ok 291ms requestId=mobile-94c31f5d-4b34-4bba-ae7f-0bd7b4d151ee
[Nest] 54828  - 2026/08/08 08:00:34     LOG [ServiceGatewayController] [service] lowcode.getRuntimePage ok 3269ms requestId=mobile-6749a5ca-fadf-4063-a141-24465c9dabb4
[Nest] 54828  - 2026/08/08 08:00:34     LOG [ServiceGatewayController] [service] admin.listItems ok 312ms requestId=mobile-c2ee0452-cf4b-438b-ae5c-37dabbe6ddb8
[Nest] 54828  - 2026/08/08 08:01:14     LOG [ServiceGatewayController] [service] admin.listItems ok 643ms requestId=mobile-4873a8b5-5f3b-43a7-8b5c-f8bbca9909da
[Nest] 54828  - 2026/08/08 08:01:14     LOG [ServiceGatewayController] [service] admin.listItems ok 443ms requestId=mobile-a18c997d-d2e4-4067-8571-8b5d9edd9686
[Nest] 54828  - 2026/08/08 08:01:15     LOG [ServiceGatewayController] [service] admin.listItems ok 390ms requestId=mobile-a53b7165-9a36-4ca9-90b2-c160e03c9995
[Nest] 54828  - 2026/08/08 08:01:16     LOG [ServiceGatewayController] [service] admin.listItems ok 288ms requestId=mobile-783454ce-2f30-4452-b5fd-b3aace04cb66
[Nest] 54828  - 2026/08/08 08:01:16     LOG [ServiceGatewayController] [service] admin.listItems ok 299ms requestId=mobile-38a68c0f-0c26-4c90-8264-23496e179576
[Nest] 54828  - 2026/08/08 08:01:20     LOG [ServiceGatewayController] [service] lowcode.getRuntimePage ok 675ms requestId=mobile-3a24713b-30d8-4ec9-ba47-a67c02cbb5c9
[Nest] 54828  - 2026/08/08 08:01:20     LOG [ServiceGatewayController] [service] lowcode.listItems ok 742ms requestId=mobile-4fc6986c-997a-4f45-8c1f-5cf9e17927fa
[Nest] 54828  - 2026/08/08 08:01:20     LOG [ServiceGatewayController] [service] admin.listItems ok 771ms requestId=mobile-93d6b3a2-0d2e-4e3e-ab00-28b7a0dc87ab
[Nest] 54828  - 2026/08/08 08:03:07    WARN [ServiceGatewayController] [service] notification.getUnreadCount failed 699ms: Authentication required. Authentication required. Unauthorized
[Nest] 54828  - 2026/08/08 08:03:12     LOG [ServiceGatewayController] [service] admin.listItems ok 302ms
[Nest] 54828  - 2026/08/08 08:03:13     LOG [ServiceGatewayController] [service] admin.listItems ok 482ms
[Nest] 54828  - 2026/08/08 08:03:13     LOG [ServiceGatewayController] [service] notification.getUnreadCount ok 489ms
[Nest] 54828  - 2026/08/08 08:03:13     LOG [ServiceGatewayController] [service] lowcode.listItems ok 757ms
[Nest] 54828  - 2026/08/08 08:03:13     LOG [ServiceGatewayController] [service] planning.listRelationOptions ok 318ms
[Nest] 54828  - 2026/08/08 08:03:13     LOG [ServiceGatewayController] [service] planning.listRelationOptions ok 322ms
[Nest] 54828  - 2026/08/08 08:03:13     LOG [ServiceGatewayController] [service] lowcode.listItems ok 626ms
[Nest] 54828  - 2026/08/08 08:03:13     LOG [ServiceGatewayController] [service] planning.listRelationOptions ok 480ms
[Nest] 54828  - 2026/08/08 08:03:13     LOG [ServiceGatewayController] [service] planning.listRelationOptions ok 489ms
[Nest] 54828  - 2026/08/08 08:03:13     LOG [ServiceGatewayController] [service] planning.listRelationOptions ok 560ms
[Nest] 54828  - 2026/08/08 08:03:14     LOG [ServiceGatewayController] [service] planning.listItems ok 287ms
[Nest] 54828  - 2026/08/08 08:03:14     LOG [ServiceGatewayController] [service] planning.listRelationOptions ok 276ms
[Nest] 54828  - 2026/08/08 08:03:33     LOG [ServiceGatewayController] [service] notification.getUnreadCount ok 608ms
[Nest] 54828  - 2026/08/08 08:03:33     LOG [ServiceGatewayController] [service] lowcode.listItems ok 869ms
[Nest] 54828  - 2026/08/08 08:03:33     LOG [ServiceGatewayController] [service] lowcode.listItems ok 1015ms
[Nest] 54828  - 2026/08/08 08:03:33     LOG [ServiceGatewayController] [service] admin.listItems ok 147ms
[Nest] 54828  - 2026/08/08 08:03:33     LOG [ServiceGatewayController] [service] admin.listItems ok 288ms
[Nest] 54828  - 2026/08/08 08:03:36     LOG [ServiceGatewayController] [service] lowcode.listItems ok 634ms
[Nest] 54828  - 2026/08/08 08:03:36    WARN [ServiceGatewayController] [service] lowcode.listItems failed 352ms: Could not find the table 'public.lowcode_form_definitions' in the schema cache Could not find the table 'public.lowcode_form_definitions' in the schema cache Bad Request
[Nest] 54828  - 2026/08/08 08:04:13     LOG [ServiceGatewayController] [service] notification.getUnreadCount ok 1030ms
[Nest] 54828  - 2026/08/08 08:04:24     LOG [ServiceGatewayController] [service] lowcode.listItems ok 1200ms
[Nest] 54828  - 2026/08/08 08:04:24    WARN [ServiceGatewayController] [service] lowcode.listItems failed 303ms: Could not find the table 'public.lowcode_form_definitions' in the schema cache Could not find the table 'public.lowcode_form_definitions' in the schema cache Bad Request
[Nest] 54828  - 2026/08/08 08:05:17     LOG [ServiceGatewayController] [service] notification.getUnreadCount ok 5262ms
[Nest] 54828  - 2026/08/08 08:06:13     LOG [ServiceGatewayController] [service] notification.getUnreadCount ok 1268ms
[Nest] 54828  - 2026/08/08 08:07:13     LOG [ServiceGatewayController] [service] notification.getUnreadCount ok 710ms
[Nest] 54828  - 2026/08/08 08:08:15     LOG [ServiceGatewayController] [service] notification.getUnreadCount ok 2551ms
[Nest] 54828  - 2026/08/08 08:09:13     LOG [ServiceGatewayController] [service] notification.getUnreadCount ok 1320ms
[Nest] 54828  - 2026/08/08 08:10:13     LOG [ServiceGatewayController] [service] notification.getUnreadCount ok 1131ms
[Nest] 54828  - 2026/08/08 08:11:13     LOG [ServiceGatewayController] [service] notification.getUnreadCount ok 851ms
[Nest] 54828  - 2026/08/08 08:11:40     LOG [ServiceGatewayController] [service] admin.listItems ok 288ms
[Nest] 54828  - 2026/08/08 08:11:40     LOG [ServiceGatewayController] [service] notification.getUnreadCount ok 457ms
[Nest] 54828  - 2026/08/08 08:11:41     LOG [ServiceGatewayController] [service] admin.listItems ok 974ms
[Nest] 54828  - 2026/08/08 08:11:41     LOG [ServiceGatewayController] [service] lowcode.listItems ok 978ms
[Nest] 54828  - 2026/08/08 08:11:41     LOG [ServiceGatewayController] [service] admin.listItems ok 645ms
[Nest] 54828  - 2026/08/08 08:11:42     LOG [ServiceGatewayController] [service] lowcode.listItems ok 1206ms
[Nest] 54828  - 2026/08/08 08:11:42     LOG [ServiceGatewayController] [service] lowcode.listItems ok 1341ms
[Nest] 54828  - 2026/08/08 08:11:42     LOG [ServiceGatewayController] [service] lowcode.listItems ok 1370ms
[Nest] 54828  - 2026/08/08 08:11:42     LOG [ServiceGatewayController] [service] lowcode.listItems ok 317ms
[Nest] 54828  - 2026/08/08 08:11:44     LOG [ServiceGatewayController] [service] lowcode.saveItem ok 529ms
[Nest] 54828  - 2026/08/08 08:11:45     LOG [ServiceGatewayController] [service] lowcode.listItems ok 662ms
[Nest] 54828  - 2026/08/08 08:11:45     LOG [ServiceGatewayController] [service] admin.listItems ok 361ms
[Nest] 54828  - 2026/08/08 08:11:45     LOG [ServiceGatewayController] [service] lowcode.listItems ok 629ms
[Nest] 54828  - 2026/08/08 08:11:45     LOG [ServiceGatewayController] [service] lowcode.listItems ok 641ms
[Nest] 54828  - 2026/08/08 08:11:45     LOG [ServiceGatewayController] [service] lowcode.listItems ok 303ms
[Nest] 54828  - 2026/08/08 08:12:13     LOG [ServiceGatewayController] [service] notification.getUnreadCount ok 662ms
[Nest] 54828  - 2026/08/08 08:13:13     LOG [ServiceGatewayController] [service] notification.getUnreadCount ok 1232ms
[Nest] 54828  - 2026/08/08 08:13:34     LOG [ServiceGatewayController] [service] admin.listItems ok 281ms
[Nest] 54828  - 2026/08/08 08:13:35     LOG [ServiceGatewayController] [service] notification.getUnreadCount ok 455ms
[Nest] 54828  - 2026/08/08 08:13:35     LOG [ServiceGatewayController] [service] admin.listItems ok 463ms
[Nest] 54828  - 2026/08/08 08:13:35     LOG [ServiceGatewayController] [service] lowcode.listItems ok 669ms
[Nest] 54828  - 2026/08/08 08:13:35     LOG [ServiceGatewayController] [service] admin.listItems ok 141ms
[Nest] 54828  - 2026/08/08 08:13:35     LOG [ServiceGatewayController] [service] admin.listItems ok 286ms
[Nest] 54828  - 2026/08/08 08:13:36     LOG [ServiceGatewayController] [service] lowcode.listItems ok 624ms
[Nest] 54828  - 2026/08/08 08:13:39     LOG [ServiceGatewayController] [service] lowcode.listItems ok 627ms
[Nest] 54828  - 2026/08/08 08:13:40     LOG [ServiceGatewayController] [service] lowcode.listItems ok 302ms
[Nest] 54828  - 2026/08/08 08:14:36     LOG [ServiceGatewayController] [service] notification.getUnreadCount ok 1136ms
[Nest] 54828  - 2026/08/08 08:15:35     LOG [ServiceGatewayController] [service] notification.getUnreadCount ok 935ms
[Nest] 54828  - 2026/08/08 08:16:35     LOG [ServiceGatewayController] [service] notification.getUnreadCount ok 680ms
[Nest] 54828  - 2026/08/08 08:17:37     LOG [ServiceGatewayController] [service] notification.getUnreadCount ok 2614ms
[Nest] 54828  - 2026/08/08 08:18:36     LOG [ServiceGatewayController] [service] notification.getUnreadCount ok 1189ms
[Nest] 54828  - 2026/08/08 08:19:35     LOG [ServiceGatewayController] [service] notification.getUnreadCount ok 670ms
[Nest] 54828  - 2026/08/08 08:20:35     LOG [ServiceGatewayController] [service] notification.getUnreadCount ok 753ms
[Nest] 54828  - 2026/08/08 08:21:37     LOG [ServiceGatewayController] [service] notification.getUnreadCount ok 2571ms
[Nest] 54828  - 2026/08/08 08:22:37     LOG [ServiceGatewayController] [service] notification.getUnreadCount ok 2003ms
[Nest] 54828  - 2026/08/08 08:23:37     LOG [ServiceGatewayController] [service] notification.getUnreadCount ok 2459ms
[Nest] 54828  - 2026/08/08 08:24:36     LOG [ServiceGatewayController] [service] notification.getUnreadCount ok 1845ms
[Nest] 54828  - 2026/08/08 08:25:36     LOG [ServiceGatewayController] [service] notification.getUnreadCount ok 1548ms
[Nest] 54828  - 2026/08/08 08:26:37     LOG [ServiceGatewayController] [service] notification.getUnreadCount ok 2260ms
[Nest] 54828  - 2026/08/08 08:27:37     LOG [ServiceGatewayController] [service] notification.getUnreadCount ok 2115ms
[Nest] 54828  - 2026/08/08 08:28:36     LOG [ServiceGatewayController] [service] notification.getUnreadCount ok 1403ms
[Nest] 54828  - 2026/08/08 08:29:36     LOG [ServiceGatewayController] [service] notification.getUnreadCount ok 1936ms
[Nest] 54828  - 2026/08/08 08:30:37     LOG [ServiceGatewayController] [service] notification.getUnreadCount ok 2256ms
[Nest] 54828  - 2026/08/08 08:31:36     LOG [ServiceGatewayController] [service] notification.getUnreadCount ok 1651ms
[Nest] 54828  - 2026/08/08 08:32:36     LOG [ServiceGatewayController] [service] notification.getUnreadCount ok 1596ms
[Nest] 54828  - 2026/08/08 08:33:37     LOG [ServiceGatewayController] [service] notification.getUnreadCount ok 2034ms
[Nest] 54828  - 2026/08/08 08:34:36     LOG [ServiceGatewayController] [service] notification.getUnreadCount ok 1526ms
[Nest] 54828  - 2026/08/08 08:35:36     LOG [ServiceGatewayController] [service] notification.getUnreadCount ok 1062ms
[Nest] 54828  - 2026/08/08 08:36:36     LOG [ServiceGatewayController] [service] notification.getUnreadCount ok 1382ms
[Nest] 54828  - 2026/08/08 08:37:36     LOG [ServiceGatewayController] [service] notification.getUnreadCount ok 1369ms
[Nest] 54828  - 2026/08/08 08:38:36     LOG [ServiceGatewayController] [service] notification.getUnreadCount ok 1580ms
[Nest] 54828  - 2026/08/08 08:39:37     LOG [ServiceGatewayController] [service] notification.getUnreadCount ok 1753ms
[Nest] 54828  - 2026/08/08 08:41:25     LOG [ServiceGatewayController] [service] notification.getUnreadCount ok 1518ms
08:41:37 [tsx] change in ./src\lowcode-service\lowcode.resources.ts Restarting...
[Nest] 48344  - 2026/08/08 08:41:39     LOG [NestFactory] Starting Nest application...
[Nest] 48344  - 2026/08/08 08:41:39     LOG [InstanceLoader] AccountModule dependencies initialized +16ms
[Nest] 48344  - 2026/08/08 08:41:39     LOG [InstanceLoader] AdminModule dependencies initialized +0ms
[Nest] 48344  - 2026/08/08 08:41:39     LOG [InstanceLoader] PaymentModule dependencies initialized +0ms
[Nest] 48344  - 2026/08/08 08:41:39     LOG [InstanceLoader] UserModule dependencies initialized +0ms
[Nest] 48344  - 2026/08/08 08:41:39     LOG [InstanceLoader] LowCodeModule dependencies initialized +0ms
[Nest] 48344  - 2026/08/08 08:41:39     LOG [InstanceLoader] PostsModule dependencies initialized +0ms
[Nest] 48344  - 2026/08/08 08:41:39     LOG [InstanceLoader] NotificationModule dependencies initialized +0ms
[Nest] 48344  - 2026/08/08 08:41:39     LOG [InstanceLoader] EntityDesignModule dependencies initialized +0ms
[Nest] 48344  - 2026/08/08 08:41:39     LOG [InstanceLoader] FilesModule dependencies initialized +0ms
[Nest] 48344  - 2026/08/08 08:41:39     LOG [InstanceLoader] ChatModule dependencies initialized +0ms
[Nest] 48344  - 2026/08/08 08:41:39     LOG [InstanceLoader] PlanningModule dependencies initialized +0ms
[Nest] 48344  - 2026/08/08 08:41:39     LOG [InstanceLoader] DatabaseModule dependencies initialized +0ms
[Nest] 48344  - 2026/08/08 08:41:39     LOG [InstanceLoader] AuthModule dependencies initialized +0ms
[Nest] 48344  - 2026/08/08 08:41:39     LOG [InstanceLoader] DefinitionModule dependencies initialized +0ms
[Nest] 48344  - 2026/08/08 08:41:39     LOG [InstanceLoader] JobModule dependencies initialized +1ms
[Nest] 48344  - 2026/08/08 08:41:39     LOG [InstanceLoader] RuntimeModule dependencies initialized +0ms
[Nest] 48344  - 2026/08/08 08:41:39     LOG [InstanceLoader] WorkflowModule dependencies initialized +0ms
[Nest] 48344  - 2026/08/08 08:41:39     LOG [InstanceLoader] StandaloneAppModule dependencies initialized +0ms
[Nest] 48344  - 2026/08/08 08:41:39     LOG [RoutesResolver] ServiceGatewayController {/api}: +273ms
[Nest] 48344  - 2026/08/08 08:41:39     LOG [RouterExplorer] Mapped {/api/service, POST} route +2ms
[Nest] 48344  - 2026/08/08 08:41:39     LOG [RoutesResolver] AuthController {/api/auth}: +0ms
[Nest] 48344  - 2026/08/08 08:41:39     LOG [RouterExplorer] Mapped {/api/auth/signin, POST} route +1ms
[Nest] 48344  - 2026/08/08 08:41:39     LOG [RouterExplorer] Mapped {/api/auth/account-options, GET} route +0ms
[Nest] 48344  - 2026/08/08 08:41:39     LOG [RouterExplorer] Mapped {/api/auth/signup, POST} route +0ms
[Nest] 48344  - 2026/08/08 08:41:39     LOG [RouterExplorer] Mapped {/api/auth/oauth, POST} route +0ms
[Nest] 48344  - 2026/08/08 08:41:39     LOG [RouterExplorer] Mapped {/api/auth/session, POST} route +0ms
[Nest] 48344  - 2026/08/08 08:41:39     LOG [RouterExplorer] Mapped {/api/auth/refresh, POST} route +0ms
[Nest] 48344  - 2026/08/08 08:41:39     LOG [RouterExplorer] Mapped {/api/auth/me, GET} route +0ms
[Nest] 48344  - 2026/08/08 08:41:39     LOG [RouterExplorer] Mapped {/api/auth/select-account, POST} route +0ms
[Nest] 48344  - 2026/08/08 08:41:39     LOG [RouterExplorer] Mapped {/api/auth/signout, POST} route +1ms
[Nest] 48344  - 2026/08/08 08:41:39     LOG [NestApplication] Nest application successfully started +1ms
Standalone API listening on http://localhost:3002/api/service
Domain and workflow services are running in-process; Redis transport is disabled.
[Nest] 48344  - 2026/08/08 08:41:41     LOG [ServiceGatewayController] [service] notification.getUnreadCount ok 1515ms
[Nest] 48344  - 2026/08/08 08:41:41     LOG [ServiceGatewayController] [service] admin.listItems ok 2115ms
[Nest] 48344  - 2026/08/08 08:41:42     LOG [ServiceGatewayController] [service] lowcode.listItems ok 2307ms
[Nest] 48344  - 2026/08/08 08:41:42     LOG [ServiceGatewayController] [service] admin.listItems ok 143ms
[Nest] 48344  - 2026/08/08 08:41:42     LOG [ServiceGatewayController] [service] admin.listItems ok 302ms
[Nest] 48344  - 2026/08/08 08:41:42     LOG [ServiceGatewayController] [service] lowcode.listItems ok 662ms
[Nest] 48344  - 2026/08/08 08:42:39     LOG [ServiceGatewayController] [service] notification.getUnreadCount ok 686ms
[Nest] 48344  - 2026/08/08 08:43:39     LOG [ServiceGatewayController] [service] notification.getUnreadCount ok 855ms
[Nest] 48344  - 2026/08/08 08:43:57     LOG [ServiceGatewayController] [service] admin.listItems ok 294ms
[Nest] 48344  - 2026/08/08 08:43:57     LOG [ServiceGatewayController] [service] notification.getUnreadCount ok 492ms
[Nest] 48344  - 2026/08/08 08:43:58     LOG [ServiceGatewayController] [service] admin.listItems ok 627ms
[Nest] 48344  - 2026/08/08 08:43:58     LOG [ServiceGatewayController] [service] lowcode.listItems ok 815ms
[Nest] 48344  - 2026/08/08 08:43:58     LOG [ServiceGatewayController] [service] admin.listItems ok 153ms
[Nest] 48344  - 2026/08/08 08:43:58     LOG [ServiceGatewayController] [service] admin.listItems ok 301ms
[Nest] 48344  - 2026/08/08 08:43:58     LOG [ServiceGatewayController] [service] lowcode.listItems ok 654ms
[Nest] 48344  - 2026/08/08 08:44:58     LOG [ServiceGatewayController] [service] notification.getUnreadCount ok 924ms
[Nest] 48344  - 2026/08/08 08:45:59     LOG [ServiceGatewayController] [service] notification.getUnreadCount ok 2208ms
[Nest] 48344  - 2026/08/08 08:46:14     LOG [ServiceGatewayController] [service] notification.getUnreadCount ok 1444ms
[Nest] 48344  - 2026/08/08 08:46:15     LOG [ServiceGatewayController] [service] lowcode.listItems ok 1841ms
[Nest] 48344  - 2026/08/08 08:46:15     LOG [ServiceGatewayController] [service] notification.getUnreadCount ok 470ms
[Nest] 48344  - 2026/08/08 08:46:15     LOG [ServiceGatewayController] [service] admin.listItems ok 487ms
[Nest] 48344  - 2026/08/08 08:46:15     LOG [ServiceGatewayController] [service] notification.getUnreadCount ok 488ms
[Nest] 48344  - 2026/08/08 08:46:15     LOG [ServiceGatewayController] [service] admin.listItems ok 139ms
[Nest] 48344  - 2026/08/08 08:46:15     LOG [ServiceGatewayController] [service] admin.listItems ok 406ms
[Nest] 48344  - 2026/08/08 08:46:16     LOG [ServiceGatewayController] [service] lowcode.listItems ok 1499ms
08:46:50 [tsx] change in ./src\planning-service\planning.models.ts Restarting...
[Nest] 29528  - 2026/08/08 08:47:00     LOG [NestFactory] Starting Nest application...
[Nest] 29528  - 2026/08/08 08:47:00     LOG [InstanceLoader] AccountModule dependencies initialized +48ms
[Nest] 29528  - 2026/08/08 08:47:00     LOG [InstanceLoader] AdminModule dependencies initialized +0ms
[Nest] 29528  - 2026/08/08 08:47:00     LOG [InstanceLoader] PaymentModule dependencies initialized +0ms
[Nest] 29528  - 2026/08/08 08:47:00     LOG [InstanceLoader] UserModule dependencies initialized +0ms
[Nest] 29528  - 2026/08/08 08:47:00     LOG [InstanceLoader] LowCodeModule dependencies initialized +0ms
[Nest] 29528  - 2026/08/08 08:47:00     LOG [InstanceLoader] PostsModule dependencies initialized +0ms
[Nest] 29528  - 2026/08/08 08:47:00     LOG [InstanceLoader] NotificationModule dependencies initialized +0ms
[Nest] 29528  - 2026/08/08 08:47:00     LOG [InstanceLoader] EntityDesignModule dependencies initialized +0ms
[Nest] 29528  - 2026/08/08 08:47:00     LOG [InstanceLoader] FilesModule dependencies initialized +0ms
[Nest] 29528  - 2026/08/08 08:47:00     LOG [InstanceLoader] ChatModule dependencies initialized +0ms
[Nest] 29528  - 2026/08/08 08:47:00     LOG [InstanceLoader] PlanningModule dependencies initialized +0ms
[Nest] 29528  - 2026/08/08 08:47:00     LOG [InstanceLoader] DatabaseModule dependencies initialized +0ms
[Nest] 29528  - 2026/08/08 08:47:00     LOG [InstanceLoader] AuthModule dependencies initialized +0ms
[Nest] 29528  - 2026/08/08 08:47:00     LOG [InstanceLoader] DefinitionModule dependencies initialized +0ms
[Nest] 29528  - 2026/08/08 08:47:00     LOG [InstanceLoader] JobModule dependencies initialized +1ms
[Nest] 29528  - 2026/08/08 08:47:00     LOG [InstanceLoader] RuntimeModule dependencies initialized +0ms
[Nest] 29528  - 2026/08/08 08:47:00     LOG [InstanceLoader] WorkflowModule dependencies initialized +0ms
[Nest] 29528  - 2026/08/08 08:47:00     LOG [InstanceLoader] StandaloneAppModule dependencies initialized +0ms
[Nest] 29528  - 2026/08/08 08:47:03     LOG [RoutesResolver] ServiceGatewayController {/api}: +2941ms
[Nest] 29528  - 2026/08/08 08:47:03     LOG [RouterExplorer] Mapped {/api/service, POST} route +2ms
[Nest] 29528  - 2026/08/08 08:47:03     LOG [RoutesResolver] AuthController {/api/auth}: +0ms
[Nest] 29528  - 2026/08/08 08:47:03     LOG [RouterExplorer] Mapped {/api/auth/signin, POST} route +1ms
[Nest] 29528  - 2026/08/08 08:47:03     LOG [RouterExplorer] Mapped {/api/auth/account-options, GET} route +0ms
[Nest] 29528  - 2026/08/08 08:47:03     LOG [RouterExplorer] Mapped {/api/auth/signup, POST} route +0ms
[Nest] 29528  - 2026/08/08 08:47:03     LOG [RouterExplorer] Mapped {/api/auth/oauth, POST} route +0ms
[Nest] 29528  - 2026/08/08 08:47:03     LOG [RouterExplorer] Mapped {/api/auth/session, POST} route +0ms
[Nest] 29528  - 2026/08/08 08:47:03     LOG [RouterExplorer] Mapped {/api/auth/refresh, POST} route +0ms
[Nest] 29528  - 2026/08/08 08:47:03     LOG [RouterExplorer] Mapped {/api/auth/me, GET} route +1ms
[Nest] 29528  - 2026/08/08 08:47:03     LOG [RouterExplorer] Mapped {/api/auth/select-account, POST} route +0ms
[Nest] 29528  - 2026/08/08 08:47:03     LOG [RouterExplorer] Mapped {/api/auth/signout, POST} route +0ms
[Nest] 29528  - 2026/08/08 08:47:03     LOG [NestApplication] Nest application successfully started +2ms
Standalone API listening on http://localhost:3002/api/service
Domain and workflow services are running in-process; Redis transport is disabled.
08:47:04 [tsx] change in ./src\planning-service\planning.models.ts Restarting...
[Nest] 42180  - 2026/08/08 08:47:06     LOG [NestFactory] Starting Nest application...
[Nest] 42180  - 2026/08/08 08:47:06     LOG [InstanceLoader] AccountModule dependencies initialized +20ms
[Nest] 42180  - 2026/08/08 08:47:06     LOG [InstanceLoader] AdminModule dependencies initialized +0ms
[Nest] 42180  - 2026/08/08 08:47:06     LOG [InstanceLoader] PaymentModule dependencies initialized +0ms
[Nest] 42180  - 2026/08/08 08:47:06     LOG [InstanceLoader] UserModule dependencies initialized +0ms
[Nest] 42180  - 2026/08/08 08:47:06     LOG [InstanceLoader] LowCodeModule dependencies initialized +0ms
[Nest] 42180  - 2026/08/08 08:47:06     LOG [InstanceLoader] PostsModule dependencies initialized +0ms
[Nest] 42180  - 2026/08/08 08:47:06     LOG [InstanceLoader] NotificationModule dependencies initialized +1ms
[Nest] 42180  - 2026/08/08 08:47:06     LOG [InstanceLoader] EntityDesignModule dependencies initialized +0ms
[Nest] 42180  - 2026/08/08 08:47:06     LOG [InstanceLoader] FilesModule dependencies initialized +0ms
[Nest] 42180  - 2026/08/08 08:47:06     LOG [InstanceLoader] ChatModule dependencies initialized +0ms
[Nest] 42180  - 2026/08/08 08:47:06     LOG [InstanceLoader] PlanningModule dependencies initialized +0ms
[Nest] 42180  - 2026/08/08 08:47:06     LOG [InstanceLoader] DatabaseModule dependencies initialized +0ms
[Nest] 42180  - 2026/08/08 08:47:06     LOG [InstanceLoader] AuthModule dependencies initialized +0ms
[Nest] 42180  - 2026/08/08 08:47:06     LOG [InstanceLoader] DefinitionModule dependencies initialized +0ms
[Nest] 42180  - 2026/08/08 08:47:06     LOG [InstanceLoader] JobModule dependencies initialized +0ms
[Nest] 42180  - 2026/08/08 08:47:06     LOG [InstanceLoader] RuntimeModule dependencies initialized +0ms
[Nest] 42180  - 2026/08/08 08:47:06     LOG [InstanceLoader] WorkflowModule dependencies initialized +0ms
[Nest] 42180  - 2026/08/08 08:47:06     LOG [InstanceLoader] StandaloneAppModule dependencies initialized +0ms
[Nest] 42180  - 2026/08/08 08:47:06     LOG [RoutesResolver] ServiceGatewayController {/api}: +203ms
[Nest] 42180  - 2026/08/08 08:47:06     LOG [RouterExplorer] Mapped {/api/service, POST} route +2ms
[Nest] 42180  - 2026/08/08 08:47:06     LOG [RoutesResolver] AuthController {/api/auth}: +0ms
[Nest] 42180  - 2026/08/08 08:47:06     LOG [RouterExplorer] Mapped {/api/auth/signin, POST} route +1ms
[Nest] 42180  - 2026/08/08 08:47:06     LOG [RouterExplorer] Mapped {/api/auth/account-options, GET} route +0ms
[Nest] 42180  - 2026/08/08 08:47:06     LOG [RouterExplorer] Mapped {/api/auth/signup, POST} route +0ms
[Nest] 42180  - 2026/08/08 08:47:06     LOG [RouterExplorer] Mapped {/api/auth/oauth, POST} route +0ms
[Nest] 42180  - 2026/08/08 08:47:06     LOG [RouterExplorer] Mapped {/api/auth/session, POST} route +0ms
[Nest] 42180  - 2026/08/08 08:47:06     LOG [RouterExplorer] Mapped {/api/auth/refresh, POST} route +0ms
[Nest] 42180  - 2026/08/08 08:47:06     LOG [RouterExplorer] Mapped {/api/auth/me, GET} route +0ms
[Nest] 42180  - 2026/08/08 08:47:06     LOG [RouterExplorer] Mapped {/api/auth/select-account, POST} route +0ms
[Nest] 42180  - 2026/08/08 08:47:06     LOG [RouterExplorer] Mapped {/api/auth/signout, POST} route +1ms
[Nest] 42180  - 2026/08/08 08:47:06     LOG [NestApplication] Nest application successfully started +1ms
Standalone API listening on http://localhost:3002/api/service
Domain and workflow services are running in-process; Redis transport is disabled.
[Nest] 42180  - 2026/08/08 08:47:16     LOG [ServiceGatewayController] [service] notification.getUnreadCount ok 2717ms
08:47:28 [tsx] change in ./src\planning-service\planning.models.ts Restarting...
[Nest] 40432  - 2026/08/08 08:47:30     LOG [NestFactory] Starting Nest application...
[Nest] 40432  - 2026/08/08 08:47:30     LOG [InstanceLoader] AccountModule dependencies initialized +18ms
[Nest] 40432  - 2026/08/08 08:47:30     LOG [InstanceLoader] AdminModule dependencies initialized +0ms
[Nest] 40432  - 2026/08/08 08:47:30     LOG [InstanceLoader] PaymentModule dependencies initialized +0ms
[Nest] 40432  - 2026/08/08 08:47:30     LOG [InstanceLoader] UserModule dependencies initialized +0ms
[Nest] 40432  - 2026/08/08 08:47:30     LOG [InstanceLoader] LowCodeModule dependencies initialized +0ms
[Nest] 40432  - 2026/08/08 08:47:30     LOG [InstanceLoader] PostsModule dependencies initialized +0ms
[Nest] 40432  - 2026/08/08 08:47:30     LOG [InstanceLoader] NotificationModule dependencies initialized +0ms
[Nest] 40432  - 2026/08/08 08:47:30     LOG [InstanceLoader] EntityDesignModule dependencies initialized +0ms
[Nest] 40432  - 2026/08/08 08:47:30     LOG [InstanceLoader] FilesModule dependencies initialized +0ms
[Nest] 40432  - 2026/08/08 08:47:30     LOG [InstanceLoader] ChatModule dependencies initialized +0ms
[Nest] 40432  - 2026/08/08 08:47:30     LOG [InstanceLoader] PlanningModule dependencies initialized +0ms
[Nest] 40432  - 2026/08/08 08:47:30     LOG [InstanceLoader] DatabaseModule dependencies initialized +1ms
[Nest] 40432  - 2026/08/08 08:47:30     LOG [InstanceLoader] AuthModule dependencies initialized +0ms
[Nest] 40432  - 2026/08/08 08:47:30     LOG [InstanceLoader] DefinitionModule dependencies initialized +0ms
[Nest] 40432  - 2026/08/08 08:47:30     LOG [InstanceLoader] JobModule dependencies initialized +0ms
[Nest] 40432  - 2026/08/08 08:47:30     LOG [InstanceLoader] RuntimeModule dependencies initialized +0ms
[Nest] 40432  - 2026/08/08 08:47:30     LOG [InstanceLoader] WorkflowModule dependencies initialized +0ms
[Nest] 40432  - 2026/08/08 08:47:30     LOG [InstanceLoader] StandaloneAppModule dependencies initialized +0ms
[Nest] 40432  - 2026/08/08 08:47:30     LOG [RoutesResolver] ServiceGatewayController {/api}: +210ms
[Nest] 40432  - 2026/08/08 08:47:30     LOG [RouterExplorer] Mapped {/api/service, POST} route +1ms
[Nest] 40432  - 2026/08/08 08:47:30     LOG [RoutesResolver] AuthController {/api/auth}: +0ms
[Nest] 40432  - 2026/08/08 08:47:30     LOG [RouterExplorer] Mapped {/api/auth/signin, POST} route +1ms
[Nest] 40432  - 2026/08/08 08:47:30     LOG [RouterExplorer] Mapped {/api/auth/account-options, GET} route +0ms
[Nest] 40432  - 2026/08/08 08:47:30     LOG [RouterExplorer] Mapped {/api/auth/signup, POST} route +0ms
[Nest] 40432  - 2026/08/08 08:47:30     LOG [RouterExplorer] Mapped {/api/auth/oauth, POST} route +0ms
[Nest] 40432  - 2026/08/08 08:47:30     LOG [RouterExplorer] Mapped {/api/auth/session, POST} route +0ms
[Nest] 40432  - 2026/08/08 08:47:30     LOG [RouterExplorer] Mapped {/api/auth/refresh, POST} route +0ms
[Nest] 40432  - 2026/08/08 08:47:30     LOG [RouterExplorer] Mapped {/api/auth/me, GET} route +0ms
[Nest] 40432  - 2026/08/08 08:47:30     LOG [RouterExplorer] Mapped {/api/auth/select-account, POST} route +0ms
[Nest] 40432  - 2026/08/08 08:47:30     LOG [RouterExplorer] Mapped {/api/auth/signout, POST} route +1ms
[Nest] 40432  - 2026/08/08 08:47:30     LOG [NestApplication] Nest application successfully started +1ms
Standalone API listening on http://localhost:3002/api/service
Domain and workflow services are running in-process; Redis transport is disabled.
[Nest] 40432  - 2026/08/08 08:47:52     LOG [ServiceGatewayController] [service] notification.getUnreadCount ok 1459ms
[Nest] 40432  - 2026/08/08 08:47:55     LOG [ServiceGatewayController] [service] lowcode.listItems ok 3583ms
[Nest] 40432  - 2026/08/08 08:47:55     LOG [ServiceGatewayController] [service] admin.listItems ok 154ms
[Nest] 40432  - 2026/08/08 08:47:55     LOG [ServiceGatewayController] [service] admin.listItems ok 811ms
[Nest] 40432  - 2026/08/08 08:47:55     LOG [ServiceGatewayController] [service] notification.getUnreadCount ok 890ms
[Nest] 40432  - 2026/08/08 08:47:55     LOG [ServiceGatewayController] [service] admin.listItems ok 592ms
[Nest] 40432  - 2026/08/08 08:47:55     LOG [ServiceGatewayController] [service] notification.getUnreadCount ok 1140ms
[Nest] 40432  - 2026/08/08 08:47:56     LOG [ServiceGatewayController] [service] lowcode.listItems ok 666ms
[Nest] 40432  - 2026/08/08 08:48:53     LOG [ServiceGatewayController] [service] notification.getUnreadCount ok 1623ms
[Nest] 40432  - 2026/08/08 08:48:56     LOG [ServiceGatewayController] [service] notification.getUnreadCount ok 1271ms
[Nest] 40432  - 2026/08/08 08:48:57     LOG [ServiceGatewayController] [service] notification.getUnreadCount ok 437ms
[Nest] 40432  - 2026/08/08 08:48:57     LOG [ServiceGatewayController] [service] notification.getUnreadCount ok 478ms
[Nest] 40432  - 2026/08/08 08:48:57     LOG [ServiceGatewayController] [service] admin.listItems ok 528ms
[Nest] 40432  - 2026/08/08 08:48:57     LOG [ServiceGatewayController] [service] lowcode.listItems ok 2371ms
[Nest] 40432  - 2026/08/08 08:48:57     LOG [ServiceGatewayController] [service] admin.listItems ok 272ms
[Nest] 40432  - 2026/08/08 08:48:57     LOG [ServiceGatewayController] [service] admin.listItems ok 325ms
[Nest] 40432  - 2026/08/08 08:48:58     LOG [ServiceGatewayController] [service] lowcode.listItems ok 1060ms
[Nest] 40432  - 2026/08/08 08:50:01     LOG [ServiceGatewayController] [service] notification.getUnreadCount ok 5600ms
[Nest] 40432  - 2026/08/08 08:50:57     LOG [ServiceGatewayController] [service] notification.getUnreadCount ok 1833ms
[Nest] 40432  - 2026/08/08 08:51:56     LOG [ServiceGatewayController] [service] notification.getUnreadCount ok 1455ms
08:51:57 [tsx] change in ./src\planning-service\planning.service.ts Restarting...
[Nest] 51348  - 2026/08/08 08:51:59     LOG [NestFactory] Starting Nest application...
[Nest] 51348  - 2026/08/08 08:51:59     LOG [InstanceLoader] AccountModule dependencies initialized +23ms
[Nest] 51348  - 2026/08/08 08:51:59     LOG [InstanceLoader] AdminModule dependencies initialized +0ms
[Nest] 51348  - 2026/08/08 08:51:59     LOG [InstanceLoader] PaymentModule dependencies initialized +0ms
[Nest] 51348  - 2026/08/08 08:51:59     LOG [InstanceLoader] UserModule dependencies initialized +0ms
[Nest] 51348  - 2026/08/08 08:51:59     LOG [InstanceLoader] LowCodeModule dependencies initialized +0ms
[Nest] 51348  - 2026/08/08 08:51:59     LOG [InstanceLoader] PostsModule dependencies initialized +0ms
[Nest] 51348  - 2026/08/08 08:51:59     LOG [InstanceLoader] NotificationModule dependencies initialized +0ms
[Nest] 51348  - 2026/08/08 08:51:59     LOG [InstanceLoader] EntityDesignModule dependencies initialized +0ms
[Nest] 51348  - 2026/08/08 08:51:59     LOG [InstanceLoader] FilesModule dependencies initialized +1ms
[Nest] 51348  - 2026/08/08 08:51:59     LOG [InstanceLoader] ChatModule dependencies initialized +0ms
[Nest] 51348  - 2026/08/08 08:51:59     LOG [InstanceLoader] PlanningModule dependencies initialized +0ms
[Nest] 51348  - 2026/08/08 08:51:59     LOG [InstanceLoader] DatabaseModule dependencies initialized +0ms
[Nest] 51348  - 2026/08/08 08:51:59     LOG [InstanceLoader] AuthModule dependencies initialized +0ms
[Nest] 51348  - 2026/08/08 08:51:59     LOG [InstanceLoader] DefinitionModule dependencies initialized +0ms
[Nest] 51348  - 2026/08/08 08:51:59     LOG [InstanceLoader] JobModule dependencies initialized +1ms
[Nest] 51348  - 2026/08/08 08:51:59     LOG [InstanceLoader] RuntimeModule dependencies initialized +0ms
[Nest] 51348  - 2026/08/08 08:51:59     LOG [InstanceLoader] WorkflowModule dependencies initialized +0ms
[Nest] 51348  - 2026/08/08 08:51:59     LOG [InstanceLoader] StandaloneAppModule dependencies initialized +0ms
[Nest] 51348  - 2026/08/08 08:52:00     LOG [RoutesResolver] ServiceGatewayController {/api}: +256ms
[Nest] 51348  - 2026/08/08 08:52:00     LOG [RouterExplorer] Mapped {/api/service, POST} route +2ms
[Nest] 51348  - 2026/08/08 08:52:00     LOG [RoutesResolver] AuthController {/api/auth}: +0ms
[Nest] 51348  - 2026/08/08 08:52:00     LOG [RouterExplorer] Mapped {/api/auth/signin, POST} route +0ms
[Nest] 51348  - 2026/08/08 08:52:00     LOG [RouterExplorer] Mapped {/api/auth/account-options, GET} route +0ms
[Nest] 51348  - 2026/08/08 08:52:00     LOG [RouterExplorer] Mapped {/api/auth/signup, POST} route +1ms
[Nest] 51348  - 2026/08/08 08:52:00     LOG [RouterExplorer] Mapped {/api/auth/oauth, POST} route +0ms
[Nest] 51348  - 2026/08/08 08:52:00     LOG [RouterExplorer] Mapped {/api/auth/session, POST} route +0ms
[Nest] 51348  - 2026/08/08 08:52:00     LOG [RouterExplorer] Mapped {/api/auth/refresh, POST} route +0ms
[Nest] 51348  - 2026/08/08 08:52:00     LOG [RouterExplorer] Mapped {/api/auth/me, GET} route +0ms
[Nest] 51348  - 2026/08/08 08:52:00     LOG [RouterExplorer] Mapped {/api/auth/select-account, POST} route +0ms
[Nest] 51348  - 2026/08/08 08:52:00     LOG [RouterExplorer] Mapped {/api/auth/signout, POST} route +0ms
[Nest] 51348  - 2026/08/08 08:52:00     LOG [NestApplication] Nest application successfully started +2ms
Standalone API listening on http://localhost:3002/api/service
Domain and workflow services are running in-process; Redis transport is disabled.
08:52:08 [tsx] change in ./src\planning-service\planning.resources.ts Restarting...
[Nest] 35336  - 2026/08/08 08:52:10     LOG [NestFactory] Starting Nest application...
[Nest] 35336  - 2026/08/08 08:52:10     LOG [InstanceLoader] AccountModule dependencies initialized +29ms
[Nest] 35336  - 2026/08/08 08:52:10     LOG [InstanceLoader] AdminModule dependencies initialized +0ms
[Nest] 35336  - 2026/08/08 08:52:10     LOG [InstanceLoader] PaymentModule dependencies initialized +0ms
[Nest] 35336  - 2026/08/08 08:52:10     LOG [InstanceLoader] UserModule dependencies initialized +0ms
[Nest] 35336  - 2026/08/08 08:52:10     LOG [InstanceLoader] LowCodeModule dependencies initialized +0ms
[Nest] 35336  - 2026/08/08 08:52:10     LOG [InstanceLoader] PostsModule dependencies initialized +0ms
[Nest] 35336  - 2026/08/08 08:52:10     LOG [InstanceLoader] NotificationModule dependencies initialized +0ms
[Nest] 35336  - 2026/08/08 08:52:10     LOG [InstanceLoader] EntityDesignModule dependencies initialized +0ms
[Nest] 35336  - 2026/08/08 08:52:10     LOG [InstanceLoader] FilesModule dependencies initialized +0ms
[Nest] 35336  - 2026/08/08 08:52:10     LOG [InstanceLoader] ChatModule dependencies initialized +0ms
[Nest] 35336  - 2026/08/08 08:52:10     LOG [InstanceLoader] PlanningModule dependencies initialized +0ms
[Nest] 35336  - 2026/08/08 08:52:10     LOG [InstanceLoader] DatabaseModule dependencies initialized +1ms
[Nest] 35336  - 2026/08/08 08:52:10     LOG [InstanceLoader] AuthModule dependencies initialized +0ms
[Nest] 35336  - 2026/08/08 08:52:10     LOG [InstanceLoader] DefinitionModule dependencies initialized +0ms
[Nest] 35336  - 2026/08/08 08:52:10     LOG [InstanceLoader] JobModule dependencies initialized +0ms
[Nest] 35336  - 2026/08/08 08:52:10     LOG [InstanceLoader] RuntimeModule dependencies initialized +0ms
[Nest] 35336  - 2026/08/08 08:52:10     LOG [InstanceLoader] WorkflowModule dependencies initialized +0ms
[Nest] 35336  - 2026/08/08 08:52:10     LOG [InstanceLoader] StandaloneAppModule dependencies initialized +0ms
[Nest] 35336  - 2026/08/08 08:52:11     LOG [RoutesResolver] ServiceGatewayController {/api}: +328ms
[Nest] 35336  - 2026/08/08 08:52:11     LOG [RouterExplorer] Mapped {/api/service, POST} route +3ms
[Nest] 35336  - 2026/08/08 08:52:11     LOG [RoutesResolver] AuthController {/api/auth}: +0ms
[Nest] 35336  - 2026/08/08 08:52:11     LOG [RouterExplorer] Mapped {/api/auth/signin, POST} route +1ms
[Nest] 35336  - 2026/08/08 08:52:11     LOG [RouterExplorer] Mapped {/api/auth/account-options, GET} route +0ms
[Nest] 35336  - 2026/08/08 08:52:11     LOG [RouterExplorer] Mapped {/api/auth/signup, POST} route +0ms
[Nest] 35336  - 2026/08/08 08:52:11     LOG [RouterExplorer] Mapped {/api/auth/oauth, POST} route +0ms
[Nest] 35336  - 2026/08/08 08:52:11     LOG [RouterExplorer] Mapped {/api/auth/session, POST} route +0ms
[Nest] 35336  - 2026/08/08 08:52:11     LOG [RouterExplorer] Mapped {/api/auth/refresh, POST} route +0ms
[Nest] 35336  - 2026/08/08 08:52:11     LOG [RouterExplorer] Mapped {/api/auth/me, GET} route +0ms
[Nest] 35336  - 2026/08/08 08:52:11     LOG [RouterExplorer] Mapped {/api/auth/select-account, POST} route +1ms
[Nest] 35336  - 2026/08/08 08:52:11     LOG [RouterExplorer] Mapped {/api/auth/signout, POST} route +0ms
[Nest] 35336  - 2026/08/08 08:52:11     LOG [NestApplication] Nest application successfully started +3ms
Standalone API listening on http://localhost:3002/api/service
Domain and workflow services are running in-process; Redis transport is disabled.
08:52:17 [tsx] change in ./src\planning-service\planning.resources.ts Restarting...
[Nest] 57708  - 2026/08/08 08:52:19     LOG [NestFactory] Starting Nest application...
[Nest] 57708  - 2026/08/08 08:52:19     LOG [InstanceLoader] AccountModule dependencies initialized +18ms
[Nest] 57708  - 2026/08/08 08:52:19     LOG [InstanceLoader] AdminModule dependencies initialized +0ms
[Nest] 57708  - 2026/08/08 08:52:19     LOG [InstanceLoader] PaymentModule dependencies initialized +0ms
[Nest] 57708  - 2026/08/08 08:52:19     LOG [InstanceLoader] UserModule dependencies initialized +0ms
[Nest] 57708  - 2026/08/08 08:52:19     LOG [InstanceLoader] LowCodeModule dependencies initialized +0ms
[Nest] 57708  - 2026/08/08 08:52:19     LOG [InstanceLoader] PostsModule dependencies initialized +0ms
[Nest] 57708  - 2026/08/08 08:52:19     LOG [InstanceLoader] NotificationModule dependencies initialized +0ms
[Nest] 57708  - 2026/08/08 08:52:19     LOG [InstanceLoader] EntityDesignModule dependencies initialized +0ms
[Nest] 57708  - 2026/08/08 08:52:19     LOG [InstanceLoader] FilesModule dependencies initialized +1ms
[Nest] 57708  - 2026/08/08 08:52:19     LOG [InstanceLoader] ChatModule dependencies initialized +0ms
[Nest] 57708  - 2026/08/08 08:52:19     LOG [InstanceLoader] PlanningModule dependencies initialized +0ms
[Nest] 57708  - 2026/08/08 08:52:19     LOG [InstanceLoader] DatabaseModule dependencies initialized +0ms
[Nest] 57708  - 2026/08/08 08:52:19     LOG [InstanceLoader] AuthModule dependencies initialized +0ms
[Nest] 57708  - 2026/08/08 08:52:19     LOG [InstanceLoader] DefinitionModule dependencies initialized +0ms
[Nest] 57708  - 2026/08/08 08:52:19     LOG [InstanceLoader] JobModule dependencies initialized +0ms
[Nest] 57708  - 2026/08/08 08:52:19     LOG [InstanceLoader] RuntimeModule dependencies initialized +0ms
[Nest] 57708  - 2026/08/08 08:52:19     LOG [InstanceLoader] WorkflowModule dependencies initialized +0ms
[Nest] 57708  - 2026/08/08 08:52:19     LOG [InstanceLoader] StandaloneAppModule dependencies initialized +0ms
[Nest] 57708  - 2026/08/08 08:52:19     LOG [RoutesResolver] ServiceGatewayController {/api}: +242ms
[Nest] 57708  - 2026/08/08 08:52:19     LOG [RouterExplorer] Mapped {/api/service, POST} route +1ms
[Nest] 57708  - 2026/08/08 08:52:19     LOG [RoutesResolver] AuthController {/api/auth}: +0ms
[Nest] 57708  - 2026/08/08 08:52:19     LOG [RouterExplorer] Mapped {/api/auth/signin, POST} route +1ms
[Nest] 57708  - 2026/08/08 08:52:19     LOG [RouterExplorer] Mapped {/api/auth/account-options, GET} route +0ms
[Nest] 57708  - 2026/08/08 08:52:19     LOG [RouterExplorer] Mapped {/api/auth/signup, POST} route +0ms
[Nest] 57708  - 2026/08/08 08:52:19     LOG [RouterExplorer] Mapped {/api/auth/oauth, POST} route +0ms
[Nest] 57708  - 2026/08/08 08:52:19     LOG [RouterExplorer] Mapped {/api/auth/session, POST} route +0ms
[Nest] 57708  - 2026/08/08 08:52:19     LOG [RouterExplorer] Mapped {/api/auth/refresh, POST} route +0ms
[Nest] 57708  - 2026/08/08 08:52:19     LOG [RouterExplorer] Mapped {/api/auth/me, GET} route +0ms
[Nest] 57708  - 2026/08/08 08:52:19     LOG [RouterExplorer] Mapped {/api/auth/select-account, POST} route +0ms
[Nest] 57708  - 2026/08/08 08:52:19     LOG [RouterExplorer] Mapped {/api/auth/signout, POST} route +1ms
[Nest] 57708  - 2026/08/08 08:52:19     LOG [NestApplication] Nest application successfully started +1ms
Standalone API listening on http://localhost:3002/api/service
Domain and workflow services are running in-process; Redis transport is disabled.
08:52:33 [tsx] change in ./src\planning-service\planning.models.ts Restarting...
[Nest] 53140  - 2026/08/08 08:52:35     LOG [NestFactory] Starting Nest application...
[Nest] 53140  - 2026/08/08 08:52:35     LOG [InstanceLoader] AccountModule dependencies initialized +20ms
[Nest] 53140  - 2026/08/08 08:52:35     LOG [InstanceLoader] AdminModule dependencies initialized +0ms
[Nest] 53140  - 2026/08/08 08:52:35     LOG [InstanceLoader] PaymentModule dependencies initialized +0ms
[Nest] 53140  - 2026/08/08 08:52:35     LOG [InstanceLoader] UserModule dependencies initialized +0ms
[Nest] 53140  - 2026/08/08 08:52:35     LOG [InstanceLoader] LowCodeModule dependencies initialized +0ms
[Nest] 53140  - 2026/08/08 08:52:35     LOG [InstanceLoader] PostsModule dependencies initialized +0ms
[Nest] 53140  - 2026/08/08 08:52:35     LOG [InstanceLoader] NotificationModule dependencies initialized +0ms
[Nest] 53140  - 2026/08/08 08:52:35     LOG [InstanceLoader] EntityDesignModule dependencies initialized +0ms
[Nest] 53140  - 2026/08/08 08:52:35     LOG [InstanceLoader] FilesModule dependencies initialized +1ms
[Nest] 53140  - 2026/08/08 08:52:35     LOG [InstanceLoader] ChatModule dependencies initialized +0ms
[Nest] 53140  - 2026/08/08 08:52:35     LOG [InstanceLoader] PlanningModule dependencies initialized +0ms
[Nest] 53140  - 2026/08/08 08:52:35     LOG [InstanceLoader] DatabaseModule dependencies initialized +0ms
[Nest] 53140  - 2026/08/08 08:52:35     LOG [InstanceLoader] AuthModule dependencies initialized +0ms
[Nest] 53140  - 2026/08/08 08:52:35     LOG [InstanceLoader] DefinitionModule dependencies initialized +0ms
[Nest] 53140  - 2026/08/08 08:52:35     LOG [InstanceLoader] JobModule dependencies initialized +0ms
[Nest] 53140  - 2026/08/08 08:52:35     LOG [InstanceLoader] RuntimeModule dependencies initialized +0ms
[Nest] 53140  - 2026/08/08 08:52:35     LOG [InstanceLoader] WorkflowModule dependencies initialized +0ms
[Nest] 53140  - 2026/08/08 08:52:35     LOG [InstanceLoader] StandaloneAppModule dependencies initialized +0ms
[Nest] 53140  - 2026/08/08 08:52:35     LOG [RoutesResolver] ServiceGatewayController {/api}: +229ms
[Nest] 53140  - 2026/08/08 08:52:35     LOG [RouterExplorer] Mapped {/api/service, POST} route +2ms
[Nest] 53140  - 2026/08/08 08:52:35     LOG [RoutesResolver] AuthController {/api/auth}: +0ms
[Nest] 53140  - 2026/08/08 08:52:35     LOG [RouterExplorer] Mapped {/api/auth/signin, POST} route +0ms
[Nest] 53140  - 2026/08/08 08:52:35     LOG [RouterExplorer] Mapped {/api/auth/account-options, GET} route +0ms
[Nest] 53140  - 2026/08/08 08:52:35     LOG [RouterExplorer] Mapped {/api/auth/signup, POST} route +0ms
[Nest] 53140  - 2026/08/08 08:52:35     LOG [RouterExplorer] Mapped {/api/auth/oauth, POST} route +0ms
[Nest] 53140  - 2026/08/08 08:52:35     LOG [RouterExplorer] Mapped {/api/auth/session, POST} route +0ms
[Nest] 53140  - 2026/08/08 08:52:35     LOG [RouterExplorer] Mapped {/api/auth/refresh, POST} route +1ms
[Nest] 53140  - 2026/08/08 08:52:35     LOG [RouterExplorer] Mapped {/api/auth/me, GET} route +0ms
[Nest] 53140  - 2026/08/08 08:52:35     LOG [RouterExplorer] Mapped {/api/auth/select-account, POST} route +0ms
[Nest] 53140  - 2026/08/08 08:52:35     LOG [RouterExplorer] Mapped {/api/auth/signout, POST} route +0ms
[Nest] 53140  - 2026/08/08 08:52:35     LOG [NestApplication] Nest application successfully started +1ms
Standalone API listening on http://localhost:3002/api/service
Domain and workflow services are running in-process; Redis transport is disabled.
08:52:46 [tsx] change in ./src\planning-service\planning.service.ts Restarting...
[Nest] 43720  - 2026/08/08 08:52:48     LOG [NestFactory] Starting Nest application...
[Nest] 43720  - 2026/08/08 08:52:48     LOG [InstanceLoader] AccountModule dependencies initialized +21ms
[Nest] 43720  - 2026/08/08 08:52:48     LOG [InstanceLoader] AdminModule dependencies initialized +0ms
[Nest] 43720  - 2026/08/08 08:52:48     LOG [InstanceLoader] PaymentModule dependencies initialized +0ms
[Nest] 43720  - 2026/08/08 08:52:48     LOG [InstanceLoader] UserModule dependencies initialized +0ms
[Nest] 43720  - 2026/08/08 08:52:48     LOG [InstanceLoader] LowCodeModule dependencies initialized +0ms
[Nest] 43720  - 2026/08/08 08:52:48     LOG [InstanceLoader] PostsModule dependencies initialized +0ms
[Nest] 43720  - 2026/08/08 08:52:48     LOG [InstanceLoader] NotificationModule dependencies initialized +0ms
[Nest] 43720  - 2026/08/08 08:52:48     LOG [InstanceLoader] EntityDesignModule dependencies initialized +0ms
[Nest] 43720  - 2026/08/08 08:52:48     LOG [InstanceLoader] FilesModule dependencies initialized +0ms
[Nest] 43720  - 2026/08/08 08:52:48     LOG [InstanceLoader] ChatModule dependencies initialized +0ms
[Nest] 43720  - 2026/08/08 08:52:48     LOG [InstanceLoader] PlanningModule dependencies initialized +0ms
[Nest] 43720  - 2026/08/08 08:52:48     LOG [InstanceLoader] DatabaseModule dependencies initialized +0ms
[Nest] 43720  - 2026/08/08 08:52:48     LOG [InstanceLoader] AuthModule dependencies initialized +0ms
[Nest] 43720  - 2026/08/08 08:52:48     LOG [InstanceLoader] DefinitionModule dependencies initialized +0ms
[Nest] 43720  - 2026/08/08 08:52:48     LOG [InstanceLoader] JobModule dependencies initialized +0ms
[Nest] 43720  - 2026/08/08 08:52:48     LOG [InstanceLoader] RuntimeModule dependencies initialized +1ms
[Nest] 43720  - 2026/08/08 08:52:48     LOG [InstanceLoader] WorkflowModule dependencies initialized +0ms
[Nest] 43720  - 2026/08/08 08:52:48     LOG [InstanceLoader] StandaloneAppModule dependencies initialized +0ms
[Nest] 43720  - 2026/08/08 08:52:48     LOG [RoutesResolver] ServiceGatewayController {/api}: +246ms
[Nest] 43720  - 2026/08/08 08:52:48     LOG [RouterExplorer] Mapped {/api/service, POST} route +1ms
[Nest] 43720  - 2026/08/08 08:52:48     LOG [RoutesResolver] AuthController {/api/auth}: +0ms
[Nest] 43720  - 2026/08/08 08:52:48     LOG [RouterExplorer] Mapped {/api/auth/signin, POST} route +0ms
[Nest] 43720  - 2026/08/08 08:52:48     LOG [RouterExplorer] Mapped {/api/auth/account-options, GET} route +1ms
[Nest] 43720  - 2026/08/08 08:52:48     LOG [RouterExplorer] Mapped {/api/auth/signup, POST} route +0ms
[Nest] 43720  - 2026/08/08 08:52:48     LOG [RouterExplorer] Mapped {/api/auth/oauth, POST} route +0ms
[Nest] 43720  - 2026/08/08 08:52:48     LOG [RouterExplorer] Mapped {/api/auth/session, POST} route +0ms
[Nest] 43720  - 2026/08/08 08:52:48     LOG [RouterExplorer] Mapped {/api/auth/refresh, POST} route +0ms
[Nest] 43720  - 2026/08/08 08:52:48     LOG [RouterExplorer] Mapped {/api/auth/me, GET} route +0ms
[Nest] 43720  - 2026/08/08 08:52:48     LOG [RouterExplorer] Mapped {/api/auth/select-account, POST} route +0ms
[Nest] 43720  - 2026/08/08 08:52:48     LOG [RouterExplorer] Mapped {/api/auth/signout, POST} route +0ms
[Nest] 43720  - 2026/08/08 08:52:48     LOG [NestApplication] Nest application successfully started +2ms
Standalone API listening on http://localhost:3002/api/service
Domain and workflow services are running in-process; Redis transport is disabled.
[Nest] 43720  - 2026/08/08 08:52:56     LOG [ServiceGatewayController] [service] notification.getUnreadCount ok 1491ms
[Nest] 43720  - 2026/08/08 08:53:18     LOG [ServiceGatewayController] [service] admin.listItems ok 303ms
[Nest] 43720  - 2026/08/08 08:53:18     LOG [ServiceGatewayController] [service] notification.getUnreadCount ok 510ms
[Nest] 43720  - 2026/08/08 08:53:18     LOG [ServiceGatewayController] [service] admin.listItems ok 608ms
[Nest] 43720  - 2026/08/08 08:53:19     LOG [ServiceGatewayController] [service] lowcode.listItems ok 976ms
[Nest] 43720  - 2026/08/08 08:53:19     LOG [ServiceGatewayController] [service] lowcode.listItems ok 1162ms
[Nest] 43720  - 2026/08/08 08:53:19     LOG [ServiceGatewayController] [service] lowcode.listItems ok 1180ms
[Nest] 43720  - 2026/08/08 08:53:20     LOG [ServiceGatewayController] [service] admin.listItems ok 1129ms
[Nest] 43720  - 2026/08/08 08:53:20     LOG [ServiceGatewayController] [service] lowcode.listItems ok 1218ms
[Nest] 43720  - 2026/08/08 08:53:20     LOG [ServiceGatewayController] [service] lowcode.listItems ok 467ms
[Nest] 43720  - 2026/08/08 08:53:22     LOG [ServiceGatewayController] [service] lowcode.saveItem ok 575ms
[Nest] 43720  - 2026/08/08 08:53:22     LOG [ServiceGatewayController] [service] lowcode.listItems ok 650ms
[Nest] 43720  - 2026/08/08 08:53:23     LOG [ServiceGatewayController] [service] admin.listItems ok 384ms
[Nest] 43720  - 2026/08/08 08:53:23     LOG [ServiceGatewayController] [service] lowcode.listItems ok 638ms
[Nest] 43720  - 2026/08/08 08:53:23     LOG [ServiceGatewayController] [service] lowcode.listItems ok 684ms
[Nest] 43720  - 2026/08/08 08:53:23     LOG [ServiceGatewayController] [service] lowcode.listItems ok 277ms
[Nest] 43720  - 2026/08/08 08:53:56     LOG [ServiceGatewayController] [service] notification.getUnreadCount ok 761ms
[Nest] 43720  - 2026/08/08 08:55:07     LOG [ServiceGatewayController] [service] lowcode.listItems ok 439ms
[Nest] 43720  - 2026/08/08 08:55:47     LOG [ServiceGatewayController] [service] admin.listItems ok 789ms
[Nest] 43720  - 2026/08/08 08:55:48     LOG [ServiceGatewayController] [service] notification.getUnreadCount ok 526ms
[Nest] 43720  - 2026/08/08 08:55:48     LOG [ServiceGatewayController] [service] admin.listItems ok 559ms
[Nest] 43720  - 2026/08/08 08:55:48    WARN [ServiceGatewayController] [service] lowcode.listItems failed 887ms: Low-code page "/dashboard/account" was not found. Low-code page "/dashboard/account" was not found. Not Found
[Nest] 43720  - 2026/08/08 08:55:48    WARN [ServiceGatewayController] [service] lowcode.listItems failed 801ms: Low-code page "/dashboard/account" was not found. Low-code page "/dashboard/account" was not found. Not Found
[Nest] 43720  - 2026/08/08 08:56:56     LOG [ServiceGatewayController] [service] admin.listItems ok 283ms
[Nest] 43720  - 2026/08/08 08:56:56     LOG [ServiceGatewayController] [service] lowcode.listItems ok 287ms
[Nest] 43720  - 2026/08/08 08:56:56     LOG [ServiceGatewayController] [service] notification.getUnreadCount ok 539ms
[Nest] 43720  - 2026/08/08 08:56:57     LOG [ServiceGatewayController] [service] user.listItems ok 308ms
[Nest] 43720  - 2026/08/08 08:56:57     LOG [ServiceGatewayController] [service] admin.listItems ok 504ms
[Nest] 43720  - 2026/08/08 08:56:57     LOG [ServiceGatewayController] [service] payment.listItems ok 297ms
[Nest] 43720  - 2026/08/08 08:56:59     LOG [ServiceGatewayController] [service] admin.listItems ok 291ms
[Nest] 43720  - 2026/08/08 08:56:59     LOG [ServiceGatewayController] [service] lowcode.listItems ok 287ms
[Nest] 43720  - 2026/08/08 08:56:59     LOG [ServiceGatewayController] [service] notification.getUnreadCount ok 447ms
[Nest] 43720  - 2026/08/08 08:57:00     LOG [ServiceGatewayController] [service] admin.listItems ok 476ms
[Nest] 43720  - 2026/08/08 08:57:02     LOG [ServiceGatewayController] [service] admin.listItems ok 280ms
[Nest] 43720  - 2026/08/08 08:57:02     LOG [ServiceGatewayController] [service] lowcode.listItems ok 286ms
[Nest] 43720  - 2026/08/08 08:57:02     LOG [ServiceGatewayController] [service] notification.getUnreadCount ok 458ms
[Nest] 43720  - 2026/08/08 08:57:02     LOG [ServiceGatewayController] [service] lowcode.listItems ok 656ms
[Nest] 43720  - 2026/08/08 08:57:02     LOG [ServiceGatewayController] [service] lowcode.listTablePageOptions ok 845ms
[Nest] 43720  - 2026/08/08 08:57:02     LOG [ServiceGatewayController] [service] admin.listItems ok 835ms
[Nest] 43720  - 2026/08/08 08:57:24     LOG [ServiceGatewayController] [service] admin.listItems ok 274ms
[Nest] 43720  - 2026/08/08 08:57:24     LOG [ServiceGatewayController] [service] lowcode.listItems ok 287ms
[Nest] 43720  - 2026/08/08 08:57:25     LOG [ServiceGatewayController] [service] notification.getUnreadCount ok 539ms
[Nest] 43720  - 2026/08/08 08:57:25     LOG [ServiceGatewayController] [service] user.listItems ok 378ms
[Nest] 43720  - 2026/08/08 08:57:25     LOG [ServiceGatewayController] [service] admin.listItems ok 559ms
[Nest] 43720  - 2026/08/08 08:57:25     LOG [ServiceGatewayController] [service] payment.listItems ok 287ms
[Nest] 43720  - 2026/08/08 08:57:27     LOG [ServiceGatewayController] [service] admin.listItems ok 272ms
[Nest] 43720  - 2026/08/08 08:57:28     LOG [ServiceGatewayController] [service] lowcode.listItems ok 273ms
[Nest] 43720  - 2026/08/08 08:57:28     LOG [ServiceGatewayController] [service] notification.getUnreadCount ok 463ms
[Nest] 43720  - 2026/08/08 08:57:28     LOG [ServiceGatewayController] [service] admin.listItems ok 444ms
[Nest] 43720  - 2026/08/08 08:57:30     LOG [ServiceGatewayController] [service] admin.listItems ok 277ms
[Nest] 43720  - 2026/08/08 08:57:30     LOG [ServiceGatewayController] [service] lowcode.listItems ok 282ms
[Nest] 43720  - 2026/08/08 08:57:30     LOG [ServiceGatewayController] [service] notification.getUnreadCount ok 458ms
[Nest] 43720  - 2026/08/08 08:57:31     LOG [ServiceGatewayController] [service] lowcode.listItems ok 635ms
[Nest] 43720  - 2026/08/08 08:57:31     LOG [ServiceGatewayController] [service] lowcode.listTablePageOptions ok 755ms
[Nest] 43720  - 2026/08/08 08:57:31     LOG [ServiceGatewayController] [service] admin.listItems ok 752ms
[Nest] 43720  - 2026/08/08 08:58:32     LOG [ServiceGatewayController] [service] admin.listItems ok 296ms
[Nest] 43720  - 2026/08/08 08:58:33     LOG [ServiceGatewayController] [service] lowcode.listItems ok 285ms
[Nest] 43720  - 2026/08/08 08:58:33     LOG [ServiceGatewayController] [service] notification.getUnreadCount ok 976ms
[Nest] 43720  - 2026/08/08 08:58:34     LOG [ServiceGatewayController] [service] user.listItems ok 295ms
[Nest] 43720  - 2026/08/08 08:58:34     LOG [ServiceGatewayController] [service] admin.listItems ok 472ms
[Nest] 43720  - 2026/08/08 08:58:34     LOG [ServiceGatewayController] [service] payment.listItems ok 297ms
[Nest] 43720  - 2026/08/08 08:58:36     LOG [ServiceGatewayController] [service] admin.listItems ok 290ms
[Nest] 43720  - 2026/08/08 08:58:36     LOG [ServiceGatewayController] [service] lowcode.listItems ok 298ms
[Nest] 43720  - 2026/08/08 08:58:36     LOG [ServiceGatewayController] [service] notification.getUnreadCount ok 468ms
[Nest] 43720  - 2026/08/08 08:58:37     LOG [ServiceGatewayController] [service] admin.listItems ok 485ms
[Nest] 43720  - 2026/08/08 08:58:39     LOG [ServiceGatewayController] [service] admin.listItems ok 296ms
[Nest] 43720  - 2026/08/08 08:58:39     LOG [ServiceGatewayController] [service] lowcode.listItems ok 290ms
[Nest] 43720  - 2026/08/08 08:58:39     LOG [ServiceGatewayController] [service] notification.getUnreadCount ok 486ms
[Nest] 43720  - 2026/08/08 08:58:39     LOG [ServiceGatewayController] [service] lowcode.listItems ok 678ms
[Nest] 43720  - 2026/08/08 08:58:39     LOG [ServiceGatewayController] [service] lowcode.listTablePageOptions ok 783ms
[Nest] 43720  - 2026/08/08 08:58:39     LOG [ServiceGatewayController] [service] admin.listItems ok 780ms
[Nest] 43720  - 2026/08/08 08:58:41     LOG [ServiceGatewayController] [service] admin.listItems ok 292ms
[Nest] 43720  - 2026/08/08 08:58:42     LOG [ServiceGatewayController] [service] notification.getUnreadCount ok 505ms
[Nest] 43720  - 2026/08/08 08:59:30     LOG [ServiceGatewayController] [service] admin.listItems ok 279ms
[Nest] 43720  - 2026/08/08 08:59:31     LOG [ServiceGatewayController] [service] notification.getUnreadCount ok 436ms
[Nest] 43720  - 2026/08/08 09:00:19     LOG [ServiceGatewayController] [service] admin.listItems ok 305ms
[Nest] 43720  - 2026/08/08 09:00:20     LOG [ServiceGatewayController] [service] notification.getUnreadCount ok 1168ms
[Nest] 43720  - 2026/08/08 09:03:56     LOG [ServiceGatewayController] [service] admin.listItems ok 631ms
[Nest] 43720  - 2026/08/08 09:03:57     LOG [ServiceGatewayController] [service] lowcode.listItems ok 818ms
[Nest] 43720  - 2026/08/08 09:03:57     LOG [ServiceGatewayController] [service] notification.getUnreadCount ok 1343ms
[Nest] 43720  - 2026/08/08 09:03:58     LOG [ServiceGatewayController] [service] user.listItems ok 693ms
[Nest] 43720  - 2026/08/08 09:03:58     LOG [ServiceGatewayController] [service] admin.listItems ok 1021ms
[Nest] 43720  - 2026/08/08 09:03:59     LOG [ServiceGatewayController] [service] payment.listItems ok 1060ms
[Nest] 43720  - 2026/08/08 09:04:03     LOG [ServiceGatewayController] [service] admin.listItems ok 626ms
[Nest] 43720  - 2026/08/08 09:04:03     LOG [ServiceGatewayController] [service] lowcode.listItems ok 859ms
[Nest] 43720  - 2026/08/08 09:04:04     LOG [ServiceGatewayController] [service] notification.getUnreadCount ok 978ms
[Nest] 43720  - 2026/08/08 09:04:05     LOG [ServiceGatewayController] [service] admin.listItems ok 986ms
[Nest] 43720  - 2026/08/08 09:04:08     LOG [ServiceGatewayController] [service] admin.listItems ok 651ms
[Nest] 43720  - 2026/08/08 09:04:09     LOG [ServiceGatewayController] [service] lowcode.listItems ok 659ms
[Nest] 43720  - 2026/08/08 09:04:09     LOG [ServiceGatewayController] [service] notification.getUnreadCount ok 1370ms
[Nest] 43720  - 2026/08/08 09:04:09     LOG [ServiceGatewayController] [service] lowcode.listItems ok 1492ms
[Nest] 43720  - 2026/08/08 09:04:10     LOG [ServiceGatewayController] [service] lowcode.listTablePageOptions ok 2102ms
[Nest] 43720  - 2026/08/08 09:04:10     LOG [ServiceGatewayController] [service] admin.listItems ok 2098ms
[Nest] 43720  - 2026/08/08 09:04:13     LOG [ServiceGatewayController] [service] admin.listItems ok 625ms
[Nest] 43720  - 2026/08/08 09:04:14     LOG [ServiceGatewayController] [service] lowcode.listItems ok 651ms
[Nest] 43720  - 2026/08/08 09:04:14     LOG [ServiceGatewayController] [service] admin.listItems ok 961ms
[Nest] 43720  - 2026/08/08 09:04:14     LOG [ServiceGatewayController] [service] notification.getUnreadCount ok 976ms
[Nest] 43720  - 2026/08/08 09:04:16     LOG [ServiceGatewayController] [service] entityDesign.listDesign ok 2324ms
[Nest] 43720  - 2026/08/08 09:05:41     LOG [ServiceGatewayController] [service] admin.listItems ok 621ms
[Nest] 43720  - 2026/08/08 09:05:42     LOG [ServiceGatewayController] [service] admin.listItems ok 1079ms
[Nest] 43720  - 2026/08/08 09:05:42     LOG [ServiceGatewayController] [service] notification.getUnreadCount ok 1267ms
[Nest] 43720  - 2026/08/08 09:05:42     LOG [ServiceGatewayController] [service] lowcode.listItems ok 1822ms
[Nest] 43720  - 2026/08/08 09:05:43     LOG [ServiceGatewayController] [service] admin.listItems ok 743ms
[Nest] 43720  - 2026/08/08 09:05:43     LOG [ServiceGatewayController] [service] lowcode.listItems ok 1488ms
[Nest] 43720  - 2026/08/08 09:05:44     LOG [ServiceGatewayController] [service] lowcode.listItems ok 1874ms
[Nest] 43720  - 2026/08/08 09:05:44     LOG [ServiceGatewayController] [service] lowcode.listItems ok 1379ms
[Nest] 43720  - 2026/08/08 09:05:45     LOG [ServiceGatewayController] [service] lowcode.listItems ok 1371ms
[Nest] 43720  - 2026/08/08 09:05:47     LOG [ServiceGatewayController] [service] lowcode.saveItem ok 1034ms
[Nest] 43720  - 2026/08/08 09:05:48     LOG [ServiceGatewayController] [service] lowcode.listItems ok 1300ms
09:05:48 [tsx] change in ./src\planning-service\planning.resources.ts Restarting...
[Nest] 57488  - 2026/08/08 09:05:50     LOG [NestFactory] Starting Nest application...
[Nest] 57488  - 2026/08/08 09:05:50     LOG [InstanceLoader] AccountModule dependencies initialized +17ms
[Nest] 57488  - 2026/08/08 09:05:50     LOG [InstanceLoader] AdminModule dependencies initialized +0ms
[Nest] 57488  - 2026/08/08 09:05:50     LOG [InstanceLoader] PaymentModule dependencies initialized +0ms
[Nest] 57488  - 2026/08/08 09:05:50     LOG [InstanceLoader] UserModule dependencies initialized +0ms
[Nest] 57488  - 2026/08/08 09:05:50     LOG [InstanceLoader] LowCodeModule dependencies initialized +0ms
[Nest] 57488  - 2026/08/08 09:05:50     LOG [InstanceLoader] PostsModule dependencies initialized +0ms
[Nest] 57488  - 2026/08/08 09:05:50     LOG [InstanceLoader] NotificationModule dependencies initialized +0ms
[Nest] 57488  - 2026/08/08 09:05:50     LOG [InstanceLoader] EntityDesignModule dependencies initialized +0ms
[Nest] 57488  - 2026/08/08 09:05:50     LOG [InstanceLoader] FilesModule dependencies initialized +1ms
[Nest] 57488  - 2026/08/08 09:05:50     LOG [InstanceLoader] ChatModule dependencies initialized +0ms
[Nest] 57488  - 2026/08/08 09:05:50     LOG [InstanceLoader] PlanningModule dependencies initialized +0ms
[Nest] 57488  - 2026/08/08 09:05:50     LOG [InstanceLoader] DatabaseModule dependencies initialized +0ms
[Nest] 57488  - 2026/08/08 09:05:50     LOG [InstanceLoader] AuthModule dependencies initialized +0ms
[Nest] 57488  - 2026/08/08 09:05:50     LOG [InstanceLoader] DefinitionModule dependencies initialized +0ms
[Nest] 57488  - 2026/08/08 09:05:50     LOG [InstanceLoader] JobModule dependencies initialized +0ms
[Nest] 57488  - 2026/08/08 09:05:50     LOG [InstanceLoader] RuntimeModule dependencies initialized +0ms
[Nest] 57488  - 2026/08/08 09:05:50     LOG [InstanceLoader] WorkflowModule dependencies initialized +0ms
[Nest] 57488  - 2026/08/08 09:05:50     LOG [InstanceLoader] StandaloneAppModule dependencies initialized +0ms
[Nest] 57488  - 2026/08/08 09:05:50     LOG [RoutesResolver] ServiceGatewayController {/api}: +199ms
[Nest] 57488  - 2026/08/08 09:05:50     LOG [RouterExplorer] Mapped {/api/service, POST} route +1ms
[Nest] 57488  - 2026/08/08 09:05:50     LOG [RoutesResolver] AuthController {/api/auth}: +0ms
[Nest] 57488  - 2026/08/08 09:05:50     LOG [RouterExplorer] Mapped {/api/auth/signin, POST} route +0ms
[Nest] 57488  - 2026/08/08 09:05:50     LOG [RouterExplorer] Mapped {/api/auth/account-options, GET} route +0ms
[Nest] 57488  - 2026/08/08 09:05:50     LOG [RouterExplorer] Mapped {/api/auth/signup, POST} route +0ms
[Nest] 57488  - 2026/08/08 09:05:50     LOG [RouterExplorer] Mapped {/api/auth/oauth, POST} route +0ms
[Nest] 57488  - 2026/08/08 09:05:50     LOG [RouterExplorer] Mapped {/api/auth/session, POST} route +1ms
[Nest] 57488  - 2026/08/08 09:05:50     LOG [RouterExplorer] Mapped {/api/auth/refresh, POST} route +0ms
[Nest] 57488  - 2026/08/08 09:05:50     LOG [RouterExplorer] Mapped {/api/auth/me, GET} route +0ms
[Nest] 57488  - 2026/08/08 09:05:50     LOG [RouterExplorer] Mapped {/api/auth/select-account, POST} route +0ms
[Nest] 57488  - 2026/08/08 09:05:50     LOG [RouterExplorer] Mapped {/api/auth/signout, POST} route +0ms
[Nest] 57488  - 2026/08/08 09:05:50     LOG [NestApplication] Nest application successfully started +1ms
Standalone API listening on http://localhost:3002/api/service
Domain and workflow services are running in-process; Redis transport is disabled.
[Nest] 57488  - 2026/08/08 09:05:54     LOG [ServiceGatewayController] [service] admin.listItems ok 3336ms
[Nest] 57488  - 2026/08/08 09:05:54     LOG [ServiceGatewayController] [service] lowcode.listItems ok 3545ms
[Nest] 57488  - 2026/08/08 09:05:54     LOG [ServiceGatewayController] [service] lowcode.listItems ok 642ms
[Nest] 57488  - 2026/08/08 09:05:55     LOG [ServiceGatewayController] [service] lowcode.listItems ok 4295ms
09:05:58 [tsx] change in ./src\planning-service\planning.models.ts Restarting...
[Nest] 55392  - 2026/08/08 09:05:59     LOG [NestFactory] Starting Nest application...
[Nest] 55392  - 2026/08/08 09:05:59     LOG [InstanceLoader] AccountModule dependencies initialized +17ms
[Nest] 55392  - 2026/08/08 09:05:59     LOG [InstanceLoader] AdminModule dependencies initialized +0ms
[Nest] 55392  - 2026/08/08 09:05:59     LOG [InstanceLoader] PaymentModule dependencies initialized +0ms
[Nest] 55392  - 2026/08/08 09:05:59     LOG [InstanceLoader] UserModule dependencies initialized +0ms
[Nest] 55392  - 2026/08/08 09:05:59     LOG [InstanceLoader] LowCodeModule dependencies initialized +0ms
[Nest] 55392  - 2026/08/08 09:05:59     LOG [InstanceLoader] PostsModule dependencies initialized +0ms
[Nest] 55392  - 2026/08/08 09:05:59     LOG [InstanceLoader] NotificationModule dependencies initialized +0ms
[Nest] 55392  - 2026/08/08 09:05:59     LOG [InstanceLoader] EntityDesignModule dependencies initialized +0ms
[Nest] 55392  - 2026/08/08 09:05:59     LOG [InstanceLoader] FilesModule dependencies initialized +0ms
[Nest] 55392  - 2026/08/08 09:05:59     LOG [InstanceLoader] ChatModule dependencies initialized +0ms
[Nest] 55392  - 2026/08/08 09:05:59     LOG [InstanceLoader] PlanningModule dependencies initialized +0ms
[Nest] 55392  - 2026/08/08 09:05:59     LOG [InstanceLoader] DatabaseModule dependencies initialized +1ms
[Nest] 55392  - 2026/08/08 09:05:59     LOG [InstanceLoader] AuthModule dependencies initialized +0ms
[Nest] 55392  - 2026/08/08 09:05:59     LOG [InstanceLoader] DefinitionModule dependencies initialized +0ms
[Nest] 55392  - 2026/08/08 09:05:59     LOG [InstanceLoader] JobModule dependencies initialized +0ms
[Nest] 55392  - 2026/08/08 09:05:59     LOG [InstanceLoader] RuntimeModule dependencies initialized +0ms
[Nest] 55392  - 2026/08/08 09:05:59     LOG [InstanceLoader] WorkflowModule dependencies initialized +0ms
[Nest] 55392  - 2026/08/08 09:05:59     LOG [InstanceLoader] StandaloneAppModule dependencies initialized +0ms
[Nest] 55392  - 2026/08/08 09:05:59     LOG [RoutesResolver] ServiceGatewayController {/api}: +195ms
[Nest] 55392  - 2026/08/08 09:05:59     LOG [RouterExplorer] Mapped {/api/service, POST} route +2ms
[Nest] 55392  - 2026/08/08 09:05:59     LOG [RoutesResolver] AuthController {/api/auth}: +0ms
[Nest] 55392  - 2026/08/08 09:05:59     LOG [RouterExplorer] Mapped {/api/auth/signin, POST} route +0ms
[Nest] 55392  - 2026/08/08 09:05:59     LOG [RouterExplorer] Mapped {/api/auth/account-options, GET} route +0ms
[Nest] 55392  - 2026/08/08 09:05:59     LOG [RouterExplorer] Mapped {/api/auth/signup, POST} route +0ms
[Nest] 55392  - 2026/08/08 09:05:59     LOG [RouterExplorer] Mapped {/api/auth/oauth, POST} route +0ms
[Nest] 55392  - 2026/08/08 09:05:59     LOG [RouterExplorer] Mapped {/api/auth/session, POST} route +0ms
[Nest] 55392  - 2026/08/08 09:05:59     LOG [RouterExplorer] Mapped {/api/auth/refresh, POST} route +0ms
[Nest] 55392  - 2026/08/08 09:05:59     LOG [RouterExplorer] Mapped {/api/auth/me, GET} route +0ms
[Nest] 55392  - 2026/08/08 09:05:59     LOG [RouterExplorer] Mapped {/api/auth/select-account, POST} route +1ms
[Nest] 55392  - 2026/08/08 09:05:59     LOG [RouterExplorer] Mapped {/api/auth/signout, POST} route +0ms
[Nest] 55392  - 2026/08/08 09:05:59     LOG [NestApplication] Nest application successfully started +1ms
[Nest] 55392  - 2026/08/08 09:05:59   ERROR [NestApplication] Error: listen EADDRINUSE: address already in use :::3002 +1ms
node:net:1940
    const ex = new UVExceptionWithHostPort(err, 'listen', address, port);
               ^

Error: listen EADDRINUSE: address already in use :::3002
    at Server.setupListenHandle [as _listen2] (node:net:1940:16)
    at listenInCluster (node:net:1997:12)
    at Server.listen (node:net:2102:7)
    at ExpressAdapter.listen (E:\enLearn\node_modules\.pnpm\@nestjs+platform-express@10_795a7c87fa3e5cd6ba081ef20e3755d8\node_modules\@nestjs\platform-express\adapters\express-adapter.js:95:32)
    at E:\enLearn\node_modules\.pnpm\@nestjs+core@10.4.22_@nestj_20db045583bc571f8afad53a02391131\node_modules\@nestjs\core\nest-application.js:183:30
    at new Promise (<anonymous>)
    at NestApplication.listen (E:\enLearn\node_modules\.pnpm\@nestjs+core@10.4.22_@nestj_20db045583bc571f8afad53a02391131\node_modules\@nestjs\core\nest-application.js:173:16)
    at async bootstrap (E:\enLearn\api\src\standalone.ts:31:3) {
  code: 'EADDRINUSE',
  errno: -4091,
  syscall: 'listen',
  address: '::',
  port: 3002
}

Node.js v22.17.0
09:06:16 [tsx] change in ./src\planning-service\planning.service.ts Rerunning...
[Nest] 53676  - 2026/08/08 09:06:17     LOG [NestFactory] Starting Nest application...
[Nest] 53676  - 2026/08/08 09:06:17     LOG [InstanceLoader] AccountModule dependencies initialized +18ms
[Nest] 53676  - 2026/08/08 09:06:17     LOG [InstanceLoader] AdminModule dependencies initialized +0ms
[Nest] 53676  - 2026/08/08 09:06:17     LOG [InstanceLoader] PaymentModule dependencies initialized +0ms
[Nest] 53676  - 2026/08/08 09:06:17     LOG [InstanceLoader] UserModule dependencies initialized +0ms
[Nest] 53676  - 2026/08/08 09:06:17     LOG [InstanceLoader] LowCodeModule dependencies initialized +0ms
[Nest] 53676  - 2026/08/08 09:06:17     LOG [InstanceLoader] PostsModule dependencies initialized +0ms
[Nest] 53676  - 2026/08/08 09:06:17     LOG [InstanceLoader] NotificationModule dependencies initialized +0ms
[Nest] 53676  - 2026/08/08 09:06:17     LOG [InstanceLoader] EntityDesignModule dependencies initialized +1ms
[Nest] 53676  - 2026/08/08 09:06:17     LOG [InstanceLoader] FilesModule dependencies initialized +0ms
[Nest] 53676  - 2026/08/08 09:06:17     LOG [InstanceLoader] ChatModule dependencies initialized +0ms
[Nest] 53676  - 2026/08/08 09:06:17     LOG [InstanceLoader] PlanningModule dependencies initialized +0ms
[Nest] 53676  - 2026/08/08 09:06:17     LOG [InstanceLoader] DatabaseModule dependencies initialized +0ms
[Nest] 53676  - 2026/08/08 09:06:17     LOG [InstanceLoader] AuthModule dependencies initialized +0ms
[Nest] 53676  - 2026/08/08 09:06:17     LOG [InstanceLoader] DefinitionModule dependencies initialized +0ms
[Nest] 53676  - 2026/08/08 09:06:17     LOG [InstanceLoader] JobModule dependencies initialized +0ms
[Nest] 53676  - 2026/08/08 09:06:17     LOG [InstanceLoader] RuntimeModule dependencies initialized +0ms
[Nest] 53676  - 2026/08/08 09:06:17     LOG [InstanceLoader] WorkflowModule dependencies initialized +0ms
[Nest] 53676  - 2026/08/08 09:06:17     LOG [InstanceLoader] StandaloneAppModule dependencies initialized +0ms
[Nest] 53676  - 2026/08/08 09:06:17     LOG [RoutesResolver] ServiceGatewayController {/api}: +252ms
[Nest] 53676  - 2026/08/08 09:06:17     LOG [RouterExplorer] Mapped {/api/service, POST} route +1ms
[Nest] 53676  - 2026/08/08 09:06:17     LOG [RoutesResolver] AuthController {/api/auth}: +0ms
[Nest] 53676  - 2026/08/08 09:06:17     LOG [RouterExplorer] Mapped {/api/auth/signin, POST} route +1ms
[Nest] 53676  - 2026/08/08 09:06:17     LOG [RouterExplorer] Mapped {/api/auth/account-options, GET} route +0ms
[Nest] 53676  - 2026/08/08 09:06:17     LOG [RouterExplorer] Mapped {/api/auth/signup, POST} route +0ms
[Nest] 53676  - 2026/08/08 09:06:17     LOG [RouterExplorer] Mapped {/api/auth/oauth, POST} route +0ms
[Nest] 53676  - 2026/08/08 09:06:17     LOG [RouterExplorer] Mapped {/api/auth/session, POST} route +0ms
[Nest] 53676  - 2026/08/08 09:06:17     LOG [RouterExplorer] Mapped {/api/auth/refresh, POST} route +0ms
[Nest] 53676  - 2026/08/08 09:06:17     LOG [RouterExplorer] Mapped {/api/auth/me, GET} route +0ms
[Nest] 53676  - 2026/08/08 09:06:17     LOG [RouterExplorer] Mapped {/api/auth/select-account, POST} route +0ms
[Nest] 53676  - 2026/08/08 09:06:17     LOG [RouterExplorer] Mapped {/api/auth/signout, POST} route +1ms
[Nest] 53676  - 2026/08/08 09:06:18     LOG [NestApplication] Nest application successfully started +1ms
Standalone API listening on http://localhost:3002/api/service
Domain and workflow services are running in-process; Redis transport is disabled.
09:10:54 [tsx] change in ./src\planning-service\planning.models.ts Restarting...
[Nest] 52776  - 2026/08/08 09:10:55     LOG [NestFactory] Starting Nest application...
[Nest] 52776  - 2026/08/08 09:10:55     LOG [InstanceLoader] AccountModule dependencies initialized +21ms
[Nest] 52776  - 2026/08/08 09:10:55     LOG [InstanceLoader] AdminModule dependencies initialized +0ms
[Nest] 52776  - 2026/08/08 09:10:55     LOG [InstanceLoader] PaymentModule dependencies initialized +0ms
[Nest] 52776  - 2026/08/08 09:10:55     LOG [InstanceLoader] UserModule dependencies initialized +0ms
[Nest] 52776  - 2026/08/08 09:10:55     LOG [InstanceLoader] LowCodeModule dependencies initialized +0ms
[Nest] 52776  - 2026/08/08 09:10:55     LOG [InstanceLoader] PostsModule dependencies initialized +0ms
[Nest] 52776  - 2026/08/08 09:10:55     LOG [InstanceLoader] NotificationModule dependencies initialized +0ms
[Nest] 52776  - 2026/08/08 09:10:55     LOG [InstanceLoader] EntityDesignModule dependencies initialized +0ms
[Nest] 52776  - 2026/08/08 09:10:55     LOG [InstanceLoader] FilesModule dependencies initialized +0ms
[Nest] 52776  - 2026/08/08 09:10:55     LOG [InstanceLoader] ChatModule dependencies initialized +0ms
[Nest] 52776  - 2026/08/08 09:10:55     LOG [InstanceLoader] PlanningModule dependencies initialized +0ms
[Nest] 52776  - 2026/08/08 09:10:55     LOG [InstanceLoader] DatabaseModule dependencies initialized +0ms
[Nest] 52776  - 2026/08/08 09:10:55     LOG [InstanceLoader] AuthModule dependencies initialized +0ms
[Nest] 52776  - 2026/08/08 09:10:55     LOG [InstanceLoader] DefinitionModule dependencies initialized +0ms
[Nest] 52776  - 2026/08/08 09:10:55     LOG [InstanceLoader] JobModule dependencies initialized +0ms
[Nest] 52776  - 2026/08/08 09:10:55     LOG [InstanceLoader] RuntimeModule dependencies initialized +1ms
[Nest] 52776  - 2026/08/08 09:10:55     LOG [InstanceLoader] WorkflowModule dependencies initialized +0ms
[Nest] 52776  - 2026/08/08 09:10:55     LOG [InstanceLoader] StandaloneAppModule dependencies initialized +0ms
[Nest] 52776  - 2026/08/08 09:10:55     LOG [RoutesResolver] ServiceGatewayController {/api}: +207ms
[Nest] 52776  - 2026/08/08 09:10:55     LOG [RouterExplorer] Mapped {/api/service, POST} route +1ms
[Nest] 52776  - 2026/08/08 09:10:55     LOG [RoutesResolver] AuthController {/api/auth}: +0ms
[Nest] 52776  - 2026/08/08 09:10:55     LOG [RouterExplorer] Mapped {/api/auth/signin, POST} route +0ms
[Nest] 52776  - 2026/08/08 09:10:55     LOG [RouterExplorer] Mapped {/api/auth/account-options, GET} route +0ms
[Nest] 52776  - 2026/08/08 09:10:55     LOG [RouterExplorer] Mapped {/api/auth/signup, POST} route +1ms
[Nest] 52776  - 2026/08/08 09:10:55     LOG [RouterExplorer] Mapped {/api/auth/oauth, POST} route +0ms
[Nest] 52776  - 2026/08/08 09:10:55     LOG [RouterExplorer] Mapped {/api/auth/session, POST} route +0ms
[Nest] 52776  - 2026/08/08 09:10:55     LOG [RouterExplorer] Mapped {/api/auth/refresh, POST} route +0ms
[Nest] 52776  - 2026/08/08 09:10:55     LOG [RouterExplorer] Mapped {/api/auth/me, GET} route +0ms
[Nest] 52776  - 2026/08/08 09:10:55     LOG [RouterExplorer] Mapped {/api/auth/select-account, POST} route +0ms
[Nest] 52776  - 2026/08/08 09:10:55     LOG [RouterExplorer] Mapped {/api/auth/signout, POST} route +0ms
[Nest] 52776  - 2026/08/08 09:10:55     LOG [NestApplication] Nest application successfully started +1ms
Standalone API listening on http://localhost:3002/api/service
Domain and workflow services are running in-process; Redis transport is disabled.
[Nest] 52776  - 2026/08/08 09:24:22     LOG [ServiceGatewayController] [service] admin.listNavigationRoutes ok 1526ms
[Nest] 52776  - 2026/08/08 09:24:23     LOG [ServiceGatewayController] [service] lowcode.getRuntimePage ok 802ms
[Nest] 52776  - 2026/08/08 09:24:24     LOG [ServiceGatewayController] [service] planning.createItem ok 757ms
[Nest] 52776  - 2026/08/08 09:24:24     LOG [ServiceGatewayController] [service] planning.deleteItem ok 450ms
[Nest] 52776  - 2026/08/08 09:24:25     LOG [ServiceGatewayController] [service] admin.listNavigationRoutes ok 832ms
[Nest] 52776  - 2026/08/08 09:24:26     LOG [ServiceGatewayController] [service] lowcode.getRuntimePage ok 634ms
[Nest] 52776  - 2026/08/08 09:24:26     LOG [ServiceGatewayController] [service] planning.listItems ok 279ms
[Nest] 52776  - 2026/08/08 09:24:26    WARN [ServiceGatewayController] [service] planning.createItem failed 137ms: Permission required: planning.models.manage Permission required: planning.models.manage Forbidden
[Nest] 52776  - 2026/08/08 09:24:27     LOG [ServiceGatewayController] [service] admin.listNavigationRoutes ok 927ms
[Nest] 52776  - 2026/08/08 09:24:28    WARN [ServiceGatewayController] [service] lowcode.getRuntimePage failed 626ms: The requested page is not available in your navigation. The requested page is not available in your navigation. Forbidden
[Nest] 52776  - 2026/08/08 09:24:28    WARN [ServiceGatewayController] [service] planning.listItems failed 135ms: Permission required: planning.models.view Permission required: planning.models.view Forbidden
[Nest] 52776  - 2026/08/08 09:24:50     LOG [ServiceGatewayController] [service] admin.listItems ok 327ms
[Nest] 52776  - 2026/08/08 09:24:51     LOG [ServiceGatewayController] [service] admin.listItems ok 515ms
[Nest] 52776  - 2026/08/08 09:24:51     LOG [ServiceGatewayController] [service] notification.getUnreadCount ok 1104ms
[Nest] 52776  - 2026/08/08 09:24:51     LOG [ServiceGatewayController] [service] lowcode.listItems ok 1107ms
[Nest] 52776  - 2026/08/08 09:24:52     LOG [ServiceGatewayController] [service] planning.listItems ok 321ms
[Nest] 52776  - 2026/08/08 09:24:52     LOG [ServiceGatewayController] [service] lowcode.listItems ok 1122ms
[Nest] 52776  - 2026/08/08 09:24:53     LOG [ServiceGatewayController] [service] admin.listItems ok 286ms
[Nest] 52776  - 2026/08/08 09:24:54     LOG [ServiceGatewayController] [service] notification.getUnreadCount ok 506ms
[Nest] 52776  - 2026/08/08 09:24:54     LOG [ServiceGatewayController] [service] admin.listItems ok 511ms
[Nest] 52776  - 2026/08/08 09:24:54     LOG [ServiceGatewayController] [service] admin.listItems ok 297ms
[Nest] 52776  - 2026/08/08 09:24:55     LOG [ServiceGatewayController] [service] notification.getUnreadCount ok 495ms
[Nest] 52776  - 2026/08/08 09:24:55     LOG [ServiceGatewayController] [service] admin.listItems ok 518ms
[Nest] 52776  - 2026/08/08 09:24:55    WARN [ServiceGatewayController] [service] lowcode.listItems failed 706ms: The requested page is not available in your navigation. The requested page is not available in your navigation. Forbidden
[Nest] 52776  - 2026/08/08 09:24:56    WARN [ServiceGatewayController] [service] lowcode.listItems failed 1558ms: The requested page is not available in your navigation. The requested page is not available in your navigation. Forbidden
[Nest] 52776  - 2026/08/08 09:25:16     LOG [ServiceGatewayController] [service] admin.listItems ok 279ms
[Nest] 52776  - 2026/08/08 09:25:16     LOG [ServiceGatewayController] [service] notification.getUnreadCount ok 508ms
[Nest] 52776  - 2026/08/08 09:25:17     LOG [ServiceGatewayController] [service] admin.listItems ok 1009ms
[Nest] 52776  - 2026/08/08 09:25:17     LOG [ServiceGatewayController] [service] lowcode.listItems ok 1173ms
[Nest] 52776  - 2026/08/08 09:25:17     LOG [ServiceGatewayController] [service] planning.listItems ok 285ms
[Nest] 52776  - 2026/08/08 09:25:17     LOG [ServiceGatewayController] [service] lowcode.listItems ok 650ms
[Nest] 52776  - 2026/08/08 09:25:18     LOG [ServiceGatewayController] [service] notification.getUnreadCount ok 470ms
[Nest] 52776  - 2026/08/08 09:25:18     LOG [ServiceGatewayController] [service] lowcode.listItems ok 657ms
[Nest] 52776  - 2026/08/08 09:25:18     LOG [ServiceGatewayController] [service] lowcode.listItems ok 832ms
[Nest] 52776  - 2026/08/08 09:25:18     LOG [ServiceGatewayController] [service] planning.listItems ok 142ms
[Nest] 52776  - 2026/08/08 09:25:19     LOG [ServiceGatewayController] [service] planning.saveItem ok 526ms
[Nest] 52776  - 2026/08/08 09:25:20     LOG [ServiceGatewayController] [service] planning.listItems ok 304ms
[Nest] 52776  - 2026/08/08 09:25:20     LOG [ServiceGatewayController] [service] notification.getUnreadCount ok 450ms
[Nest] 52776  - 2026/08/08 09:25:20     LOG [ServiceGatewayController] [service] planning.listItems ok 302ms
[Nest] 52776  - 2026/08/08 09:25:20     LOG [ServiceGatewayController] [service] planning.saveItem ok 508ms
[Nest] 52776  - 2026/08/08 09:25:21     LOG [ServiceGatewayController] [service] planning.listItems ok 279ms
[Nest] 52776  - 2026/08/08 09:25:21     LOG [ServiceGatewayController] [service] planning.listItems ok 289ms
[Nest] 52776  - 2026/08/08 09:25:21     LOG [ServiceGatewayController] [service] notification.getUnreadCount ok 461ms
[Nest] 52776  - 2026/08/08 09:25:21     LOG [ServiceGatewayController] [service] lowcode.listItems ok 625ms
[Nest] 52776  - 2026/08/08 09:25:22     LOG [ServiceGatewayController] [service] lowcode.listItems ok 629ms
[Nest] 52776  - 2026/08/08 09:25:22     LOG [ServiceGatewayController] [service] planning.listItems ok 331ms
[Nest] 52776  - 2026/08/08 09:25:22     LOG [ServiceGatewayController] [service] notification.getUnreadCount ok 517ms
[Nest] 52776  - 2026/08/08 09:25:22     LOG [ServiceGatewayController] [service] lowcode.listItems ok 706ms
[Nest] 52776  - 2026/08/08 09:25:24     LOG [ServiceGatewayController] [service] admin.listItems ok 279ms
[Nest] 52776  - 2026/08/08 09:25:24     LOG [ServiceGatewayController] [service] notification.getUnreadCount ok 453ms
[Nest] 52776  - 2026/08/08 09:25:24     LOG [ServiceGatewayController] [service] admin.listItems ok 508ms
[Nest] 52776  - 2026/08/08 09:25:24     LOG [ServiceGatewayController] [service] lowcode.listItems ok 675ms
[Nest] 52776  - 2026/08/08 09:25:24     LOG [ServiceGatewayController] [service] planning.listItems ok 137ms
[Nest] 52776  - 2026/08/08 09:25:25     LOG [ServiceGatewayController] [service] planning.listRelationOptions ok 292ms
[Nest] 52776  - 2026/08/08 09:25:25     LOG [ServiceGatewayController] [service] lowcode.listItems ok 642ms
[Nest] 52776  - 2026/08/08 09:25:25     LOG [ServiceGatewayController] [service] planning.listRelationOptions ok 581ms
[Nest] 52776  - 2026/08/08 09:25:26     LOG [ServiceGatewayController] [service] planning.saveItem ok 648ms
[Nest] 52776  - 2026/08/08 09:25:26     LOG [ServiceGatewayController] [service] planning.listRelationOptions ok 286ms
[Nest] 52776  - 2026/08/08 09:25:26     LOG [ServiceGatewayController] [service] planning.listRelationOptions ok 301ms
[Nest] 52776  - 2026/08/08 09:25:26     LOG [ServiceGatewayController] [service] notification.getUnreadCount ok 441ms
[Nest] 52776  - 2026/08/08 09:25:26     LOG [ServiceGatewayController] [service] planning.listItems ok 457ms
[Nest] 52776  - 2026/08/08 09:25:26     LOG [ServiceGatewayController] [service] planning.listItems ok 683ms
[Nest] 52776  - 2026/08/08 09:25:27     LOG [ServiceGatewayController] [service] planning.saveItem ok 547ms
[Nest] 52776  - 2026/08/08 09:25:27     LOG [ServiceGatewayController] [service] planning.listItems ok 301ms
[Nest] 52776  - 2026/08/08 09:25:28     LOG [ServiceGatewayController] [service] notification.getUnreadCount ok 477ms
[Nest] 52776  - 2026/08/08 09:25:28     LOG [ServiceGatewayController] [service] lowcode.listItems ok 638ms
[Nest] 52776  - 2026/08/08 09:25:28     LOG [ServiceGatewayController] [service] lowcode.listItems ok 653ms
[Nest] 52776  - 2026/08/08 09:25:28     LOG [ServiceGatewayController] [service] planning.listItems ok 277ms
[Nest] 52776  - 2026/08/08 09:25:28     LOG [ServiceGatewayController] [service] planning.listRelationOptions ok 285ms
[Nest] 52776  - 2026/08/08 09:25:28     LOG [ServiceGatewayController] [service] planning.listRelationOptions ok 300ms
[Nest] 52776  - 2026/08/08 09:25:29     LOG [ServiceGatewayController] [service] planning.deleteItem ok 565ms
[Nest] 52776  - 2026/08/08 09:25:30     LOG [ServiceGatewayController] [service] planning.listItems ok 273ms
[Nest] 52776  - 2026/08/08 09:25:30     LOG [ServiceGatewayController] [service] planning.listRelationOptions ok 284ms
[Nest] 52776  - 2026/08/08 09:25:30     LOG [ServiceGatewayController] [service] planning.listRelationOptions ok 296ms
[Nest] 52776  - 2026/08/08 09:25:30     LOG [ServiceGatewayController] [service] planning.listItems ok 296ms
[Nest] 52776  - 2026/08/08 09:25:31     LOG [ServiceGatewayController] [service] admin.listItems ok 279ms
[Nest] 52776  - 2026/08/08 09:25:31     LOG [ServiceGatewayController] [service] notification.getUnreadCount ok 454ms
[Nest] 52776  - 2026/08/08 09:25:31     LOG [ServiceGatewayController] [service] admin.listItems ok 493ms
[Nest] 52776  - 2026/08/08 09:25:31     LOG [ServiceGatewayController] [service] lowcode.listItems ok 678ms
[Nest] 52776  - 2026/08/08 09:25:32     LOG [ServiceGatewayController] [service] planning.listItems ok 298ms
[Nest] 52776  - 2026/08/08 09:25:32     LOG [ServiceGatewayController] [service] lowcode.listItems ok 618ms
[Nest] 52776  - 2026/08/08 09:25:33     LOG [ServiceGatewayController] [service] planning.deleteItem ok 460ms
[Nest] 52776  - 2026/08/08 09:25:33     LOG [ServiceGatewayController] [service] planning.listItems ok 270ms
[Nest] 52776  - 2026/08/08 09:25:33     LOG [ServiceGatewayController] [service] planning.listItems ok 273ms
[Nest] 52776  - 2026/08/08 09:25:34     LOG [ServiceGatewayController] [service] planning.listItems ok 273ms
[Nest] 52776  - 2026/08/08 09:25:34     LOG [ServiceGatewayController] [service] planning.listItems ok 274ms
[Nest] 52776  - 2026/08/08 09:25:34     LOG [ServiceGatewayController] [service] planning.listItems ok 272ms
[Nest] 52776  - 2026/08/08 09:28:19     LOG [ServiceGatewayController] [service] admin.listNavigationRoutes ok 1197ms
[Nest] 52776  - 2026/08/08 09:28:20     LOG [ServiceGatewayController] [service] lowcode.getRuntimePage ok 796ms
[Nest] 52776  - 2026/08/08 09:28:21     LOG [ServiceGatewayController] [service] planning.createItem ok 640ms
[Nest] 52776  - 2026/08/08 09:28:21     LOG [ServiceGatewayController] [service] planning.deleteItem ok 456ms
[Nest] 52776  - 2026/08/08 09:28:22     LOG [ServiceGatewayController] [service] admin.listNavigationRoutes ok 872ms
[Nest] 52776  - 2026/08/08 09:28:23     LOG [ServiceGatewayController] [service] lowcode.getRuntimePage ok 640ms
[Nest] 52776  - 2026/08/08 09:28:23     LOG [ServiceGatewayController] [service] planning.listItems ok 280ms
[Nest] 52776  - 2026/08/08 09:28:23    WARN [ServiceGatewayController] [service] planning.createItem failed 136ms: Permission required: planning.models.manage Permission required: planning.models.manage Forbidden
[Nest] 52776  - 2026/08/08 09:28:24     LOG [ServiceGatewayController] [service] admin.listNavigationRoutes ok 935ms
[Nest] 52776  - 2026/08/08 09:28:25    WARN [ServiceGatewayController] [service] lowcode.getRuntimePage failed 637ms: The requested page is not available in your navigation. The requested page is not available in your navigation. Forbidden
[Nest] 52776  - 2026/08/08 09:28:25    WARN [ServiceGatewayController] [service] planning.listItems failed 138ms: Permission required: planning.models.view Permission required: planning.models.view Forbidden
[Nest] 52776  - 2026/08/08 09:34:02     LOG [ServiceGatewayController] [service] admin.listNavigationRoutes ok 1198ms
[Nest] 52776  - 2026/08/08 09:34:03     LOG [ServiceGatewayController] [service] lowcode.getRuntimePage ok 822ms
[Nest] 52776  - 2026/08/08 09:34:04     LOG [ServiceGatewayController] [service] planning.createItem ok 668ms
[Nest] 52776  - 2026/08/08 09:34:04     LOG [ServiceGatewayController] [service] planning.deleteItem ok 469ms
[Nest] 52776  - 2026/08/08 09:34:05     LOG [ServiceGatewayController] [service] admin.listNavigationRoutes ok 966ms
[Nest] 52776  - 2026/08/08 09:34:06     LOG [ServiceGatewayController] [service] lowcode.getRuntimePage ok 638ms
[Nest] 52776  - 2026/08/08 09:34:06     LOG [ServiceGatewayController] [service] planning.listItems ok 281ms
[Nest] 52776  - 2026/08/08 09:34:06    WARN [ServiceGatewayController] [service] planning.createItem failed 150ms: Permission required: planning.models.manage Permission required: planning.models.manage Forbidden
[Nest] 52776  - 2026/08/08 09:34:07     LOG [ServiceGatewayController] [service] admin.listNavigationRoutes ok 950ms
[Nest] 52776  - 2026/08/08 09:34:08    WARN [ServiceGatewayController] [service] lowcode.getRuntimePage failed 641ms: The requested page is not available in your navigation. The requested page is not available in your navigation. Forbidden
[Nest] 52776  - 2026/08/08 09:34:08    WARN [ServiceGatewayController] [service] planning.listItems failed 142ms: Permission required: planning.models.view Permission required: planning.models.view Forbidden
[Nest] 52776  - 2026/08/08 09:34:34     LOG [ServiceGatewayController] [service] admin.listItems ok 591ms
[Nest] 52776  - 2026/08/08 09:34:35     LOG [ServiceGatewayController] [service] notification.getUnreadCount ok 1373ms
[Nest] 52776  - 2026/08/08 09:34:36     LOG [ServiceGatewayController] [service] admin.listItems ok 1587ms
[Nest] 52776  - 2026/08/08 09:34:36     LOG [ServiceGatewayController] [service] lowcode.listItems ok 1744ms
[Nest] 52776  - 2026/08/08 09:34:37     LOG [ServiceGatewayController] [service] planning.listItems ok 840ms
[Nest] 52776  - 2026/08/08 09:34:37     LOG [ServiceGatewayController] [service] lowcode.listItems ok 1507ms
[Nest] 52776  - 2026/08/08 09:34:39     LOG [ServiceGatewayController] [service] admin.listItems ok 604ms
[Nest] 52776  - 2026/08/08 09:34:40     LOG [ServiceGatewayController] [service] notification.getUnreadCount ok 953ms
[Nest] 52776  - 2026/08/08 09:34:40     LOG [ServiceGatewayController] [service] admin.listItems ok 1014ms
[Nest] 52776  - 2026/08/08 09:34:41     LOG [ServiceGatewayController] [service] admin.listItems ok 593ms
[Nest] 52776  - 2026/08/08 09:34:42     LOG [ServiceGatewayController] [service] admin.listItems ok 1013ms
[Nest] 52776  - 2026/08/08 09:34:43     LOG [ServiceGatewayController] [service] notification.getUnreadCount ok 1394ms
[Nest] 52776  - 2026/08/08 09:34:44    WARN [ServiceGatewayController] [service] lowcode.listItems failed 2545ms: The requested page is not available in your navigation. The requested page is not available in your navigation. Forbidden
[Nest] 52776  - 2026/08/08 09:34:45    WARN [ServiceGatewayController] [service] lowcode.listItems failed 2499ms: The requested page is not available in your navigation. The requested page is not available in your navigation. Forbidden
[Nest] 52776  - 2026/08/08 09:35:31     LOG [ServiceGatewayController] [service] admin.listItems ok 315ms
[Nest] 52776  - 2026/08/08 09:35:31     LOG [ServiceGatewayController] [service] notification.getUnreadCount ok 906ms
[Nest] 52776  - 2026/08/08 09:35:32     LOG [ServiceGatewayController] [service] lowcode.listItems ok 1039ms
[Nest] 52776  - 2026/08/08 09:35:32     LOG [ServiceGatewayController] [service] admin.listItems ok 1224ms
[Nest] 52776  - 2026/08/08 09:35:32     LOG [ServiceGatewayController] [service] planning.listItems ok 288ms
[Nest] 52776  - 2026/08/08 09:35:32     LOG [ServiceGatewayController] [service] lowcode.listItems ok 669ms
[Nest] 52776  - 2026/08/08 09:35:33     LOG [ServiceGatewayController] [service] lowcode.listItems ok 640ms
[Nest] 52776  - 2026/08/08 09:35:33     LOG [ServiceGatewayController] [service] notification.getUnreadCount ok 834ms
[Nest] 52776  - 2026/08/08 09:35:33     LOG [ServiceGatewayController] [service] lowcode.listItems ok 1200ms
[Nest] 52776  - 2026/08/08 09:35:33     LOG [ServiceGatewayController] [service] planning.listItems ok 148ms
[Nest] 52776  - 2026/08/08 09:35:34     LOG [ServiceGatewayController] [service] planning.saveItem ok 532ms
[Nest] 52776  - 2026/08/08 09:35:34     LOG [ServiceGatewayController] [service] planning.listItems ok 279ms
[Nest] 52776  - 2026/08/08 09:35:34     LOG [ServiceGatewayController] [service] notification.getUnreadCount ok 467ms
[Nest] 52776  - 2026/08/08 09:35:35     LOG [ServiceGatewayController] [service] planning.listItems ok 456ms
[Nest] 52776  - 2026/08/08 09:35:35     LOG [ServiceGatewayController] [service] planning.saveItem ok 466ms
[Nest] 52776  - 2026/08/08 09:35:35     LOG [ServiceGatewayController] [service] planning.listItems ok 305ms
[Nest] 52776  - 2026/08/08 09:35:36     LOG [ServiceGatewayController] [service] notification.getUnreadCount ok 446ms
[Nest] 52776  - 2026/08/08 09:35:36     LOG [ServiceGatewayController] [service] lowcode.listItems ok 664ms
[Nest] 52776  - 2026/08/08 09:35:36     LOG [ServiceGatewayController] [service] planning.listItems ok 834ms
[Nest] 52776  - 2026/08/08 09:35:37     LOG [ServiceGatewayController] [service] lowcode.listItems ok 664ms
[Nest] 52776  - 2026/08/08 09:35:38     LOG [ServiceGatewayController] [service] notification.getUnreadCount ok 461ms
[Nest] 52776  - 2026/08/08 09:35:38     LOG [ServiceGatewayController] [service] planning.listItems ok 610ms
[Nest] 52776  - 2026/08/08 09:35:38     LOG [ServiceGatewayController] [service] lowcode.listItems ok 664ms
[Nest] 52776  - 2026/08/08 09:35:40     LOG [ServiceGatewayController] [service] admin.listItems ok 293ms
[Nest] 52776  - 2026/08/08 09:35:40     LOG [ServiceGatewayController] [service] notification.getUnreadCount ok 459ms
[Nest] 52776  - 2026/08/08 09:35:40     LOG [ServiceGatewayController] [service] lowcode.listItems ok 627ms
[Nest] 52776  - 2026/08/08 09:35:40     LOG [ServiceGatewayController] [service] planning.listItems ok 136ms
[Nest] 52776  - 2026/08/08 09:35:40     LOG [ServiceGatewayController] [service] admin.listItems ok 883ms
[Nest] 52776  - 2026/08/08 09:35:41     LOG [ServiceGatewayController] [service] planning.listRelationOptions ok 459ms
[Nest] 52776  - 2026/08/08 09:35:41     LOG [ServiceGatewayController] [service] planning.listRelationOptions ok 871ms
[Nest] 52776  - 2026/08/08 09:35:41     LOG [ServiceGatewayController] [service] lowcode.listItems ok 722ms
[Nest] 52776  - 2026/08/08 09:35:42     LOG [ServiceGatewayController] [service] planning.saveItem ok 651ms
[Nest] 52776  - 2026/08/08 09:35:42     LOG [ServiceGatewayController] [service] planning.listItems ok 415ms
[Nest] 52776  - 2026/08/08 09:35:42     LOG [ServiceGatewayController] [service] notification.getUnreadCount ok 479ms
[Nest] 52776  - 2026/08/08 09:35:43     LOG [ServiceGatewayController] [service] planning.listRelationOptions ok 623ms
[Nest] 52776  - 2026/08/08 09:35:43     LOG [ServiceGatewayController] [service] planning.listRelationOptions ok 662ms
[Nest] 52776  - 2026/08/08 09:35:43     LOG [ServiceGatewayController] [service] planning.listItems ok 985ms
[Nest] 52776  - 2026/08/08 09:35:44     LOG [ServiceGatewayController] [service] planning.saveItem ok 489ms
[Nest] 52776  - 2026/08/08 09:35:44     LOG [ServiceGatewayController] [service] planning.listItems ok 296ms
[Nest] 52776  - 2026/08/08 09:35:44     LOG [ServiceGatewayController] [service] notification.getUnreadCount ok 457ms
[Nest] 52776  - 2026/08/08 09:35:45     LOG [ServiceGatewayController] [service] lowcode.listItems ok 669ms
[Nest] 52776  - 2026/08/08 09:35:45     LOG [ServiceGatewayController] [service] lowcode.listItems ok 976ms
[Nest] 52776  - 2026/08/08 09:35:45     LOG [ServiceGatewayController] [service] planning.listRelationOptions ok 269ms
[Nest] 52776  - 2026/08/08 09:35:45     LOG [ServiceGatewayController] [service] planning.listItems ok 286ms
[Nest] 52776  - 2026/08/08 09:35:45     LOG [ServiceGatewayController] [service] planning.listRelationOptions ok 479ms
[Nest] 52776  - 2026/08/08 09:35:46     LOG [ServiceGatewayController] [service] planning.deleteItem ok 657ms
[Nest] 52776  - 2026/08/08 09:35:47     LOG [ServiceGatewayController] [service] planning.listRelationOptions ok 278ms
[Nest] 52776  - 2026/08/08 09:35:47     LOG [ServiceGatewayController] [service] planning.listItems ok 292ms
[Nest] 52776  - 2026/08/08 09:35:47     LOG [ServiceGatewayController] [service] planning.listRelationOptions ok 436ms
[Nest] 52776  - 2026/08/08 09:35:47     LOG [ServiceGatewayController] [service] planning.listItems ok 877ms
[Nest] 52776  - 2026/08/08 09:35:49     LOG [ServiceGatewayController] [service] admin.listItems ok 298ms
[Nest] 52776  - 2026/08/08 09:35:49     LOG [ServiceGatewayController] [service] notification.getUnreadCount ok 474ms
[Nest] 52776  - 2026/08/08 09:35:49     LOG [ServiceGatewayController] [service] lowcode.listItems ok 621ms
[Nest] 52776  - 2026/08/08 09:35:49     LOG [ServiceGatewayController] [service] admin.listItems ok 864ms
[Nest] 52776  - 2026/08/08 09:35:49     LOG [ServiceGatewayController] [service] planning.listItems ok 284ms
[Nest] 52776  - 2026/08/08 09:35:50     LOG [ServiceGatewayController] [service] lowcode.listItems ok 644ms
[Nest] 52776  - 2026/08/08 09:35:50     LOG [ServiceGatewayController] [service] planning.deleteItem ok 461ms
[Nest] 52776  - 2026/08/08 09:35:51     LOG [ServiceGatewayController] [service] planning.listItems ok 294ms
[Nest] 52776  - 2026/08/08 09:35:51     LOG [ServiceGatewayController] [service] planning.listItems ok 293ms
[Nest] 52776  - 2026/08/08 09:35:51     LOG [ServiceGatewayController] [service] planning.listItems ok 296ms
[Nest] 52776  - 2026/08/08 09:35:52     LOG [ServiceGatewayController] [service] planning.listItems ok 291ms
[Nest] 52776  - 2026/08/08 09:35:52     LOG [ServiceGatewayController] [service] planning.listItems ok 291ms
[Nest] 52776  - 2026/08/08 09:38:45    WARN [ServiceGatewayController] [service] notification.getUnreadCount failed 898ms: Authentication required. Authentication required. Unauthorized
[Nest] 52776  - 2026/08/08 09:38:54     LOG [ServiceGatewayController] [service] admin.listItems ok 1441ms
[Nest] 52776  - 2026/08/08 09:38:55     LOG [ServiceGatewayController] [service] notification.getUnreadCount ok 942ms
[Nest] 52776  - 2026/08/08 09:38:55     LOG [ServiceGatewayController] [service] lowcode.listItems ok 1296ms
[Nest] 52776  - 2026/08/08 09:38:55     LOG [ServiceGatewayController] [service] admin.listItems ok 306ms
[Nest] 52776  - 2026/08/08 09:38:56     LOG [ServiceGatewayController] [service] admin.listItems ok 1715ms
[Nest] 52776  - 2026/08/08 09:38:56     LOG [ServiceGatewayController] [service] admin.listItems ok 608ms
[Nest] 52776  - 2026/08/08 09:38:57     LOG [ServiceGatewayController] [service] lowcode.listItems ok 1876ms
[Nest] 52776  - 2026/08/08 09:39:55     LOG [ServiceGatewayController] [service] notification.getUnreadCount ok 1343ms
[Nest] 52776  - 2026/08/08 09:40:55     LOG [ServiceGatewayController] [service] notification.getUnreadCount ok 1696ms
[Nest] 52776  - 2026/08/08 09:41:23     LOG [ServiceGatewayController] [service] notification.getUnreadCount ok 1537ms
[Nest] 52776  - 2026/08/08 09:41:23     LOG [ServiceGatewayController] [service] lowcode.listItems ok 1754ms
[Nest] 52776  - 2026/08/08 09:41:25     LOG [ServiceGatewayController] [service] entityDesign.listDesign ok 1716ms
[Nest] 52776  - 2026/08/08 09:41:28     LOG [ServiceGatewayController] [service] entityDesign.listPhysicalTables ok 1751ms
[Nest] 52776  - 2026/08/08 09:41:55     LOG [ServiceGatewayController] [service] notification.getUnreadCount ok 1384ms
[Nest] 52776  - 2026/08/08 09:42:56     LOG [ServiceGatewayController] [service] notification.getUnreadCount ok 2663ms
[Nest] 52776  - 2026/08/08 09:43:56     LOG [ServiceGatewayController] [service] notification.getUnreadCount ok 1784ms
[Nest] 52776  - 2026/08/08 09:44:56     LOG [ServiceGatewayController] [service] notification.getUnreadCount ok 1998ms
[Nest] 52776  - 2026/08/08 09:45:55     LOG [ServiceGatewayController] [service] notification.getUnreadCount ok 1398ms
[Nest] 52776  - 2026/08/08 09:46:17     LOG [ServiceGatewayController] [service] entityDesign.listPhysicalTables ok 3570ms
[Nest] 52776  - 2026/08/08 09:46:55     LOG [ServiceGatewayController] [service] notification.getUnreadCount ok 1399ms
[Nest] 52776  - 2026/08/08 09:47:56     LOG [ServiceGatewayController] [service] notification.getUnreadCount ok 2342ms
[Nest] 52776  - 2026/08/08 09:49:29     LOG [ServiceGatewayController] [service] notification.getUnreadCount ok 2289ms
[Nest] 52776  - 2026/08/08 09:50:29     LOG [ServiceGatewayController] [service] notification.getUnreadCount ok 2061ms
[Nest] 52776  - 2026/08/08 09:51:29     LOG [ServiceGatewayController] [service] notification.getUnreadCount ok 1995ms
[Nest] 52776  - 2026/08/08 09:52:29     LOG [ServiceGatewayController] [service] notification.getUnreadCount ok 2157ms
[Nest] 52776  - 2026/08/08 09:53:30     LOG [ServiceGatewayController] [service] notification.getUnreadCount ok 3077ms
[Nest] 52776  - 2026/08/08 09:54:29     LOG [ServiceGatewayController] [service] notification.getUnreadCount ok 2085ms
[Nest] 52776  - 2026/08/08 09:55:29     LOG [ServiceGatewayController] [service] notification.getUnreadCount ok 1689ms
[Nest] 52776  - 2026/08/08 09:56:28     LOG [ServiceGatewayController] [service] notification.getUnreadCount ok 706ms
[Nest] 52776  - 2026/08/08 09:57:28     LOG [ServiceGatewayController] [service] notification.getUnreadCount ok 658ms
[Nest] 52776  - 2026/08/08 09:58:28     LOG [ServiceGatewayController] [service] notification.getUnreadCount ok 1010ms
[Nest] 52776  - 2026/08/08 09:59:28     LOG [ServiceGatewayController] [service] notification.getUnreadCount ok 994ms
[Nest] 52776  - 2026/08/08 10:00:28     LOG [ServiceGatewayController] [service] notification.getUnreadCount ok 939ms
[Nest] 52776  - 2026/08/08 10:01:28     LOG [ServiceGatewayController] [service] notification.getUnreadCount ok 826ms
[Nest] 52776  - 2026/08/08 10:29:51     LOG [ServiceGatewayController] [service] admin.listItems ok 818ms
[Nest] 52776  - 2026/08/08 10:29:52     LOG [ServiceGatewayController] [service] lowcode.listItems ok 1034ms
[Nest] 52776  - 2026/08/08 10:29:52     LOG [ServiceGatewayController] [service] notification.getUnreadCount ok 1464ms
[Nest] 52776  - 2026/08/08 10:29:54     LOG [ServiceGatewayController] [service] user.listItems ok 850ms
[Nest] 52776  - 2026/08/08 10:29:55     LOG [ServiceGatewayController] [service] admin.listItems ok 1243ms
[Nest] 52776  - 2026/08/08 10:29:55     LOG [ServiceGatewayController] [service] payment.listItems ok 674ms
[Nest] 52776  - 2026/08/08 10:30:00     LOG [ServiceGatewayController] [service] admin.listItems ok 740ms
[Nest] 52776  - 2026/08/08 10:30:00     LOG [ServiceGatewayController] [service] lowcode.listItems ok 649ms
[Nest] 52776  - 2026/08/08 10:30:01     LOG [ServiceGatewayController] [service] notification.getUnreadCount ok 1027ms
[Nest] 52776  - 2026/08/08 10:30:03     LOG [ServiceGatewayController] [service] admin.listItems ok 1689ms
[Nest] 52776  - 2026/08/08 10:30:08     LOG [ServiceGatewayController] [service] admin.listItems ok 686ms
[Nest] 52776  - 2026/08/08 10:30:08     LOG [ServiceGatewayController] [service] lowcode.listItems ok 438ms
[Nest] 52776  - 2026/08/08 10:30:09     LOG [ServiceGatewayController] [service] notification.getUnreadCount ok 1479ms
[Nest] 52776  - 2026/08/08 10:30:10     LOG [ServiceGatewayController] [service] admin.listItems ok 1992ms
[Nest] 52776  - 2026/08/08 10:30:12     LOG [ServiceGatewayController] [service] lowcode.listTablePageOptions ok 3865ms
[Nest] 52776  - 2026/08/08 10:30:12     LOG [ServiceGatewayController] [service] lowcode.listItems ok 4486ms
[Nest] 52776  - 2026/08/08 10:30:17     LOG [ServiceGatewayController] [service] admin.listItems ok 685ms
[Nest] 52776  - 2026/08/08 10:30:17     LOG [ServiceGatewayController] [service] lowcode.listItems ok 312ms
[Nest] 52776  - 2026/08/08 10:30:18     LOG [ServiceGatewayController] [service] admin.listItems ok 828ms
[Nest] 52776  - 2026/08/08 10:30:18     LOG [ServiceGatewayController] [service] notification.getUnreadCount ok 1042ms
[Nest] 52776  - 2026/08/08 10:30:20     LOG [ServiceGatewayController] [service] entityDesign.listDesign ok 2849ms
[Nest] 52776  - 2026/08/08 10:31:21     LOG [ServiceGatewayController] [service] admin.listItems ok 907ms
[Nest] 52776  - 2026/08/08 10:31:22     LOG [ServiceGatewayController] [service] lowcode.listItems ok 876ms
[Nest] 52776  - 2026/08/08 10:31:23     LOG [ServiceGatewayController] [service] notification.getUnreadCount ok 1841ms
[Nest] 52776  - 2026/08/08 10:31:23     LOG [ServiceGatewayController] [service] admin.listItems ok 1828ms
[Nest] 52776  - 2026/08/08 10:31:26     LOG [ServiceGatewayController] [service] entityDesign.listDesign ok 4274ms
[Nest] 52776  - 2026/08/08 10:32:16     LOG [ServiceGatewayController] [service] admin.listItems ok 675ms
[Nest] 52776  - 2026/08/08 10:32:18     LOG [ServiceGatewayController] [service] lowcode.listItems ok 1235ms
[Nest] 52776  - 2026/08/08 10:32:18     LOG [ServiceGatewayController] [service] admin.listItems ok 1630ms
[Nest] 52776  - 2026/08/08 10:32:18     LOG [ServiceGatewayController] [service] notification.getUnreadCount ok 1763ms
[Nest] 52776  - 2026/08/08 10:32:22     LOG [ServiceGatewayController] [service] entityDesign.listDesign ok 4270ms
[Nest] 52776  - 2026/08/08 10:32:45     LOG [ServiceGatewayController] [service] admin.listItems ok 628ms
[Nest] 52776  - 2026/08/08 10:32:45     LOG [ServiceGatewayController] [service] lowcode.listItems ok 874ms
[Nest] 52776  - 2026/08/08 10:32:46     LOG [ServiceGatewayController] [service] notification.getUnreadCount ok 1221ms
[Nest] 52776  - 2026/08/08 10:32:46     LOG [ServiceGatewayController] [service] admin.listItems ok 1242ms
[Nest] 52776  - 2026/08/08 10:32:49     LOG [ServiceGatewayController] [service] entityDesign.listDesign ok 3622ms
[Nest] 52776  - 2026/08/08 10:33:39     LOG [ServiceGatewayController] [service] admin.listItems ok 610ms
[Nest] 52776  - 2026/08/08 10:33:40     LOG [ServiceGatewayController] [service] lowcode.listItems ok 715ms
[Nest] 52776  - 2026/08/08 10:33:41     LOG [ServiceGatewayController] [service] notification.getUnreadCount ok 1834ms
[Nest] 52776  - 2026/08/08 10:33:41     LOG [ServiceGatewayController] [service] admin.listItems ok 1955ms
[Nest] 52776  - 2026/08/08 10:33:43     LOG [ServiceGatewayController] [service] entityDesign.listDesign ok 3016ms
[Nest] 52776  - 2026/08/08 10:33:46     LOG [ServiceGatewayController] [service] entityDesign.listPhysicalTables ok 2047ms
[Nest] 52776  - 2026/08/08 10:44:45    WARN [ServiceGatewayController] [service] notification.getUnreadCount failed 2253ms: Authentication required. Authentication required. Unauthorized
[Nest] 52776  - 2026/08/08 10:44:57     LOG [ServiceGatewayController] [service] admin.listItems ok 623ms
[Nest] 52776  - 2026/08/08 10:44:58     LOG [ServiceGatewayController] [service] lowcode.listItems ok 874ms
[Nest] 52776  - 2026/08/08 10:44:58     LOG [ServiceGatewayController] [service] notification.getUnreadCount ok 1825ms
[Nest] 52776  - 2026/08/08 10:44:59     LOG [ServiceGatewayController] [service] admin.listItems ok 2459ms
[Nest] 52776  - 2026/08/08 10:45:01     LOG [ServiceGatewayController] [service] entityDesign.listDesign ok 3935ms
[Nest] 52776  - 2026/08/08 10:45:15     LOG [ServiceGatewayController] [service] notification.getUnreadCount ok 2331ms
[Nest] 52776  - 2026/08/08 10:45:17     LOG [ServiceGatewayController] [service] lowcode.listItems ok 3496ms
[Nest] 52776  - 2026/08/08 10:45:17     LOG [ServiceGatewayController] [service] lowcode.listItems ok 3781ms
[Nest] 52776  - 2026/08/08 10:45:18     LOG [ServiceGatewayController] [service] admin.listItems ok 1295ms
[Nest] 52776  - 2026/08/08 10:45:59     LOG [ServiceGatewayController] [service] notification.getUnreadCount ok 2753ms
[Nest] 52776  - 2026/08/08 10:46:59     LOG [ServiceGatewayController] [service] notification.getUnreadCount ok 1873ms
[Nest] 52776  - 2026/08/08 10:47:24     LOG [ServiceGatewayController] [service] lowcode.listItems ok 1379ms
[Nest] 52776  - 2026/08/08 10:47:24     LOG [ServiceGatewayController] [service] admin.listItems ok 281ms
[Nest] 52776  - 2026/08/08 10:47:25     LOG [ServiceGatewayController] [service] notification.getUnreadCount ok 1953ms
[Nest] 52776  - 2026/08/08 10:47:25     LOG [ServiceGatewayController] [service] notification.getUnreadCount ok 453ms
[Nest] 52776  - 2026/08/08 10:47:25     LOG [ServiceGatewayController] [service] admin.listItems ok 479ms
[Nest] 52776  - 2026/08/08 10:47:26     LOG [ServiceGatewayController] [service] lowcode.listItems ok 628ms
[Nest] 52776  - 2026/08/08 10:47:27     LOG [ServiceGatewayController] [service] notification.getUnreadCount ok 1944ms
[Nest] 52776  - 2026/08/08 10:48:26     LOG [ServiceGatewayController] [service] notification.getUnreadCount ok 3071ms
[Nest] 52776  - 2026/08/08 10:49:24     LOG [ServiceGatewayController] [service] notification.getUnreadCount ok 1529ms
[Nest] 52776  - 2026/08/08 10:50:24     LOG [ServiceGatewayController] [service] notification.getUnreadCount ok 1701ms
[Nest] 52776  - 2026/08/08 10:51:24     LOG [ServiceGatewayController] [service] notification.getUnreadCount ok 1481ms
[Nest] 52776  - 2026/08/08 10:52:25     LOG [ServiceGatewayController] [service] notification.getUnreadCount ok 1913ms
[Nest] 52776  - 2026/08/08 10:53:25     LOG [ServiceGatewayController] [service] notification.getUnreadCount ok 1969ms
[Nest] 52776  - 2026/08/08 10:54:05     LOG [ServiceGatewayController] [service] admin.listItems ok 1643ms
[Nest] 52776  - 2026/08/08 10:54:06     LOG [ServiceGatewayController] [service] lowcode.listItems ok 621ms
[Nest] 52776  - 2026/08/08 10:54:07     LOG [ServiceGatewayController] [service] notification.getUnreadCount ok 1553ms
[Nest] 52776  - 2026/08/08 10:54:08     LOG [ServiceGatewayController] [service] user.listItems ok 640ms
[Nest] 52776  - 2026/08/08 10:54:08     LOG [ServiceGatewayController] [service] admin.listItems ok 996ms
[Nest] 52776  - 2026/08/08 10:54:09     LOG [ServiceGatewayController] [service] payment.listItems ok 654ms
[Nest] 52776  - 2026/08/08 10:54:13     LOG [ServiceGatewayController] [service] admin.listItems ok 1419ms
[Nest] 52776  - 2026/08/08 10:54:14     LOG [ServiceGatewayController] [service] lowcode.listItems ok 1022ms
[Nest] 52776  - 2026/08/08 10:54:15     LOG [ServiceGatewayController] [service] notification.getUnreadCount ok 1617ms
[Nest] 52776  - 2026/08/08 10:54:17     LOG [ServiceGatewayController] [service] admin.listItems ok 1881ms
[Nest] 52776  - 2026/08/08 10:54:20     LOG [ServiceGatewayController] [service] admin.listItems ok 654ms
[Nest] 52776  - 2026/08/08 10:54:21     LOG [ServiceGatewayController] [service] lowcode.listItems ok 866ms
[Nest] 52776  - 2026/08/08 10:54:21     LOG [ServiceGatewayController] [service] notification.getUnreadCount ok 1359ms
[Nest] 52776  - 2026/08/08 10:54:22     LOG [ServiceGatewayController] [service] lowcode.listItems ok 1858ms
[Nest] 52776  - 2026/08/08 10:54:23     LOG [ServiceGatewayController] [service] lowcode.listTablePageOptions ok 2877ms
[Nest] 52776  - 2026/08/08 10:54:23     LOG [ServiceGatewayController] [service] admin.listItems ok 3482ms
[Nest] 52776  - 2026/08/08 10:54:25     LOG [ServiceGatewayController] [service] notification.getUnreadCount ok 1602ms
[Nest] 52776  - 2026/08/08 10:54:27     LOG [ServiceGatewayController] [service] admin.listItems ok 859ms
[Nest] 52776  - 2026/08/08 10:54:28     LOG [ServiceGatewayController] [service] admin.listItems ok 1336ms
[Nest] 52776  - 2026/08/08 10:54:28     LOG [ServiceGatewayController] [service] lowcode.listItems ok 1397ms
[Nest] 52776  - 2026/08/08 10:54:29     LOG [ServiceGatewayController] [service] notification.getUnreadCount ok 2022ms
[Nest] 52776  - 2026/08/08 10:54:32     LOG [ServiceGatewayController] [service] entityDesign.listDesign ok 3906ms
[Nest] 52776  - 2026/08/08 10:55:26     LOG [ServiceGatewayController] [service] notification.getUnreadCount ok 3401ms
[Nest] 52776  - 2026/08/08 10:55:32     LOG [ServiceGatewayController] [service] admin.listItems ok 657ms
[Nest] 52776  - 2026/08/08 10:55:33     LOG [ServiceGatewayController] [service] notification.getUnreadCount ok 1304ms
[Nest] 52776  - 2026/08/08 10:55:33     LOG [ServiceGatewayController] [service] lowcode.listItems ok 1494ms
[Nest] 52776  - 2026/08/08 10:55:33     LOG [ServiceGatewayController] [service] admin.listItems ok 1600ms
[Nest] 52776  - 2026/08/08 10:55:38     LOG [ServiceGatewayController] [service] entityDesign.listDesign ok 5134ms
[Nest] 52776  - 2026/08/08 10:55:44     LOG [ServiceGatewayController] [service] entityDesign.listPhysicalTables ok 5188ms
[Nest] 52776  - 2026/08/08 10:56:29     LOG [ServiceGatewayController] [service] notification.getUnreadCount ok 1663ms
[Nest] 52776  - 2026/08/08 10:57:28     LOG [ServiceGatewayController] [service] notification.getUnreadCount ok 1356ms
[Nest] 52776  - 2026/08/08 10:58:29     LOG [ServiceGatewayController] [service] notification.getUnreadCount ok 1585ms
[Nest] 52776  - 2026/08/08 10:59:09     LOG [ServiceGatewayController] [service] admin.listItems ok 669ms
[Nest] 52776  - 2026/08/08 10:59:11     LOG [ServiceGatewayController] [service] lowcode.listItems ok 1481ms
[Nest] 52776  - 2026/08/08 10:59:12     LOG [ServiceGatewayController] [service] notification.getUnreadCount ok 2123ms
[Nest] 52776  - 2026/08/08 10:59:13     LOG [ServiceGatewayController] [service] user.listItems ok 663ms
[Nest] 52776  - 2026/08/08 10:59:13     LOG [ServiceGatewayController] [service] admin.listItems ok 1226ms
[Nest] 52776  - 2026/08/08 10:59:13     LOG [ServiceGatewayController] [service] payment.listItems ok 635ms
[Nest] 52776  - 2026/08/08 10:59:18     LOG [ServiceGatewayController] [service] admin.listItems ok 865ms
[Nest] 52776  - 2026/08/08 10:59:18     LOG [ServiceGatewayController] [service] lowcode.listItems ok 634ms
[Nest] 52776  - 2026/08/08 10:59:19     LOG [ServiceGatewayController] [service] notification.getUnreadCount ok 984ms
[Nest] 52776  - 2026/08/08 10:59:21     LOG [ServiceGatewayController] [service] admin.listItems ok 1023ms
[Nest] 52776  - 2026/08/08 10:59:24     LOG [ServiceGatewayController] [service] admin.listItems ok 881ms
[Nest] 52776  - 2026/08/08 10:59:25     LOG [ServiceGatewayController] [service] lowcode.listItems ok 657ms
[Nest] 52776  - 2026/08/08 10:59:25     LOG [ServiceGatewayController] [service] lowcode.listItems ok 885ms
[Nest] 52776  - 2026/08/08 10:59:25     LOG [ServiceGatewayController] [service] notification.getUnreadCount ok 1029ms
[Nest] 52776  - 2026/08/08 10:59:26     LOG [ServiceGatewayController] [service] lowcode.listTablePageOptions ok 2430ms
[Nest] 52776  - 2026/08/08 10:59:27     LOG [ServiceGatewayController] [service] admin.listItems ok 2608ms
[Nest] 52776  - 2026/08/08 10:59:28     LOG [ServiceGatewayController] [service] notification.getUnreadCount ok 1001ms
[Nest] 52776  - 2026/08/08 10:59:32     LOG [ServiceGatewayController] [service] admin.listItems ok 1173ms
[Nest] 52776  - 2026/08/08 10:59:32     LOG [ServiceGatewayController] [service] admin.listItems ok 555ms
[Nest] 52776  - 2026/08/08 10:59:32     LOG [ServiceGatewayController] [service] lowcode.listItems ok 625ms
[Nest] 52776  - 2026/08/08 10:59:34     LOG [ServiceGatewayController] [service] notification.getUnreadCount ok 2087ms
[Nest] 52776  - 2026/08/08 10:59:35     LOG [ServiceGatewayController] [service] entityDesign.listDesign ok 2766ms
[Nest] 52776  - 2026/08/08 11:00:30     LOG [ServiceGatewayController] [service] notification.getUnreadCount ok 2698ms
[Nest] 52776  - 2026/08/08 11:00:54     LOG [ServiceGatewayController] [service] admin.listItems ok 646ms
[Nest] 52776  - 2026/08/08 11:00:56     LOG [ServiceGatewayController] [service] lowcode.listItems ok 1343ms
[Nest] 52776  - 2026/08/08 11:00:56     LOG [ServiceGatewayController] [service] notification.getUnreadCount ok 1516ms
[Nest] 52776  - 2026/08/08 11:00:56     LOG [ServiceGatewayController] [service] admin.listItems ok 1581ms
[Nest] 52776  - 2026/08/08 11:00:58     LOG [ServiceGatewayController] [service] entityDesign.listDesign ok 2925ms
[Nest] 52776  - 2026/08/08 11:01:02     LOG [ServiceGatewayController] [service] entityDesign.listPhysicalTables ok 2643ms
[Nest] 52776  - 2026/08/08 11:01:29     LOG [ServiceGatewayController] [service] notification.getUnreadCount ok 2132ms
[Nest] 52776  - 2026/08/08 11:02:31     LOG [ServiceGatewayController] [service] notification.getUnreadCount ok 3559ms
[Nest] 52776  - 2026/08/08 11:03:15     LOG [ServiceGatewayController] [service] admin.listItems ok 2612ms
[Nest] 52776  - 2026/08/08 11:03:16     LOG [ServiceGatewayController] [service] lowcode.listItems ok 1371ms
[Nest] 52776  - 2026/08/08 11:03:17     LOG [ServiceGatewayController] [service] lowcode.listItems ok 679ms
[Nest] 52776  - 2026/08/08 11:03:17     LOG [ServiceGatewayController] [service] lowcode.listItems ok 860ms
[Nest] 52776  - 2026/08/08 11:03:17     LOG [ServiceGatewayController] [service] notification.getUnreadCount ok 929ms
[Nest] 52776  - 2026/08/08 11:03:17    WARN [ServiceGatewayController] [service] admin.listItems failed 334ms: Could not find the table 'public.profiles' in the schema cache Could not find the table 'public.profiles' in the schema cache Bad Request
[Nest] 52776  - 2026/08/08 11:03:24     LOG [ServiceGatewayController] [service] notification.getUnreadCount ok 1415ms
[Nest] 52776  - 2026/08/08 11:03:25     LOG [ServiceGatewayController] [service] lowcode.listItems ok 682ms
[Nest] 52776  - 2026/08/08 11:03:36     LOG [ServiceGatewayController] [service] lowcode.listItems ok 2164ms
[Nest] 52776  - 2026/08/08 11:03:37     LOG [ServiceGatewayController] [service] lowcode.listItems ok 869ms
[Nest] 52776  - 2026/08/08 11:03:44     LOG [ServiceGatewayController] [service] notification.getUnreadCount ok 1477ms
[Nest] 52776  - 2026/08/08 11:03:45     LOG [ServiceGatewayController] [service] lowcode.listItems ok 2782ms
[Nest] 52776  - 2026/08/08 11:04:25     LOG [ServiceGatewayController] [service] notification.getUnreadCount ok 1738ms
[Nest] 52776  - 2026/08/08 11:05:30     LOG [ServiceGatewayController] [service] notification.getUnreadCount ok 3012ms
[Nest] 52776  - 2026/08/08 11:06:28     LOG [ServiceGatewayController] [service] notification.getUnreadCount ok 1375ms
[Nest] 52776  - 2026/08/08 11:07:28     LOG [ServiceGatewayController] [service] notification.getUnreadCount ok 942ms
[Nest] 52776  - 2026/08/08 11:08:30     LOG [ServiceGatewayController] [service] notification.getUnreadCount ok 3144ms
[Nest] 52776  - 2026/08/08 11:09:28     LOG [ServiceGatewayController] [service] notification.getUnreadCount ok 1479ms
[Nest] 52776  - 2026/08/08 11:10:29     LOG [ServiceGatewayController] [service] notification.getUnreadCount ok 1960ms
[Nest] 52776  - 2026/08/08 11:11:29     LOG [ServiceGatewayController] [service] notification.getUnreadCount ok 1581ms
[Nest] 52776  - 2026/08/08 11:12:28     LOG [ServiceGatewayController] [service] notification.getUnreadCount ok 1478ms
[Nest] 52776  - 2026/08/08 11:13:24     LOG [ServiceGatewayController] [service] notification.getUnreadCount ok 1827ms
[Nest] 52776  - 2026/08/08 11:13:24    WARN [ServiceGatewayController] [service] admin.listItems failed 2502ms: Could not find the table 'public.profiles' in the schema cache Could not find the table 'public.profiles' in the schema cache Bad Request
[Nest] 52776  - 2026/08/08 11:13:25     LOG [ServiceGatewayController] [service] notification.getUnreadCount ok 1823ms
[Nest] 52776  - 2026/08/08 11:13:25     LOG [ServiceGatewayController] [service] lowcode.listItems ok 2983ms
[Nest] 52776  - 2026/08/08 11:13:25     LOG [ServiceGatewayController] [service] lowcode.listItems ok 3138ms
[Nest] 52776  - 2026/08/08 11:14:25     LOG [ServiceGatewayController] [service] notification.getUnreadCount ok 2628ms
[Nest] 52776  - 2026/08/08 11:15:24     LOG [ServiceGatewayController] [service] notification.getUnreadCount ok 1611ms
[Nest] 52776  - 2026/08/08 11:16:24     LOG [ServiceGatewayController] [service] notification.getUnreadCount ok 1761ms
[Nest] 52776  - 2026/08/08 11:17:24     LOG [ServiceGatewayController] [service] notification.getUnreadCount ok 866ms
[Nest] 52776  - 2026/08/08 11:18:24     LOG [ServiceGatewayController] [service] notification.getUnreadCount ok 1145ms
[Nest] 52776  - 2026/08/08 11:19:23     LOG [ServiceGatewayController] [service] notification.getUnreadCount ok 775ms
[Nest] 52776  - 2026/08/08 11:20:23     LOG [ServiceGatewayController] [service] notification.getUnreadCount ok 682ms
[Nest] 52776  - 2026/08/08 11:21:24     LOG [ServiceGatewayController] [service] notification.getUnreadCount ok 914ms
[Nest] 52776  - 2026/08/08 11:22:25     LOG [ServiceGatewayController] [service] notification.getUnreadCount ok 2309ms
[Nest] 52776  - 2026/08/08 11:23:24     LOG [ServiceGatewayController] [service] notification.getUnreadCount ok 1485ms
[Nest] 52776  - 2026/08/08 11:24:23     LOG [ServiceGatewayController] [service] notification.getUnreadCount ok 696ms
[Nest] 52776  - 2026/08/08 11:25:12     LOG [ServiceGatewayController] [service] notification.getUnreadCount ok 714ms
[Nest] 52776  - 2026/08/08 11:25:13     LOG [ServiceGatewayController] [service] lowcode.listItems ok 2167ms
[Nest] 52776  - 2026/08/08 11:25:13     LOG [ServiceGatewayController] [service] lowcode.listItems ok 2162ms
[Nest] 52776  - 2026/08/08 11:25:13     LOG [ServiceGatewayController] [service] planning.listItems ok 316ms
[Nest] 52776  - 2026/08/08 11:25:13     LOG [ServiceGatewayController] [service] planning.listRelationOptions ok 319ms
[Nest] 52776  - 2026/08/08 11:25:13     LOG [ServiceGatewayController] [service] planning.listRelationOptions ok 321ms
[Nest] 52776  - 2026/08/08 11:25:13     LOG [ServiceGatewayController] [service] planning.listRelationOptions ok 328ms
[Nest] 52776  - 2026/08/08 11:25:14     LOG [ServiceGatewayController] [service] planning.listRelationOptions ok 443ms
[Nest] 52776  - 2026/08/08 11:25:16     LOG [ServiceGatewayController] [service] notification.getUnreadCount ok 490ms
[Nest] 52776  - 2026/08/08 11:25:16     LOG [ServiceGatewayController] [service] lowcode.listItems ok 672ms
[Nest] 52776  - 2026/08/08 11:25:16     LOG [ServiceGatewayController] [service] lowcode.listItems ok 694ms
[Nest] 52776  - 2026/08/08 11:25:16     LOG [ServiceGatewayController] [service] planning.listItems ok 302ms
[Nest] 52776  - 2026/08/08 11:25:20     LOG [ServiceGatewayController] [service] admin.listItems ok 313ms
[Nest] 52776  - 2026/08/08 11:25:21     LOG [ServiceGatewayController] [service] notification.getUnreadCount ok 489ms
[Nest] 52776  - 2026/08/08 11:25:21     LOG [ServiceGatewayController] [service] admin.listItems ok 594ms
[Nest] 52776  - 2026/08/08 11:25:21     LOG [ServiceGatewayController] [service] lowcode.listItems ok 664ms
[Nest] 52776  - 2026/08/08 11:25:21     LOG [ServiceGatewayController] [service] planning.listItems ok 299ms
[Nest] 52776  - 2026/08/08 11:25:21     LOG [ServiceGatewayController] [service] lowcode.listItems ok 651ms
[Nest] 52776  - 2026/08/08 11:25:28     LOG [ServiceGatewayController] [service] notification.getUnreadCount ok 653ms
[Nest] 52776  - 2026/08/08 11:25:28     LOG [ServiceGatewayController] [service] lowcode.listItems ok 827ms
[Nest] 52776  - 2026/08/08 11:25:28     LOG [ServiceGatewayController] [service] lowcode.listItems ok 933ms
[Nest] 52776  - 2026/08/08 11:25:28     LOG [ServiceGatewayController] [service] planning.listRelationOptions ok 293ms
[Nest] 52776  - 2026/08/08 11:25:28     LOG [ServiceGatewayController] [service] planning.listRelationOptions ok 293ms
[Nest] 52776  - 2026/08/08 11:25:28     LOG [ServiceGatewayController] [service] planning.listItems ok 478ms
[Nest] 52776  - 2026/08/08 11:26:21     LOG [ServiceGatewayController] [service] notification.getUnreadCount ok 707ms
[Nest] 52776  - 2026/08/08 11:27:23     LOG [ServiceGatewayController] [service] notification.getUnreadCount ok 2749ms
[Nest] 52776  - 2026/08/08 11:28:21     LOG [ServiceGatewayController] [service] notification.getUnreadCount ok 1168ms
[Nest] 52776  - 2026/08/08 11:29:21     LOG [ServiceGatewayController] [service] notification.getUnreadCount ok 945ms
[Nest] 52776  - 2026/08/08 11:29:25     LOG [ServiceGatewayController] [service] notification.getUnreadCount ok 1217ms
[Nest] 52776  - 2026/08/08 11:29:26     LOG [ServiceGatewayController] [service] lowcode.listItems ok 2014ms
[Nest] 52776  - 2026/08/08 11:29:26     LOG [ServiceGatewayController] [service] lowcode.listItems ok 2017ms
[Nest] 52776  - 2026/08/08 11:29:26     LOG [ServiceGatewayController] [service] admin.listItems ok 353ms
[Nest] 52776  - 2026/08/08 11:29:58     LOG [ServiceGatewayController] [service] notification.getUnreadCount ok 1375ms
[Nest] 52776  - 2026/08/08 11:29:58     LOG [ServiceGatewayController] [service] admin.listItems ok 910ms
[Nest] 52776  - 2026/08/08 11:29:58     LOG [ServiceGatewayController] [service] admin.listItems ok 1902ms
[Nest] 52776  - 2026/08/08 11:29:59     LOG [ServiceGatewayController] [service] lowcode.listItems ok 2879ms
[Nest] 52776  - 2026/08/08 11:30:00     LOG [ServiceGatewayController] [service] notification.getUnreadCount ok 3395ms
[Nest] 52776  - 2026/08/08 11:30:00     LOG [ServiceGatewayController] [service] lowcode.listItems ok 3438ms
[Nest] 52776  - 2026/08/08 11:30:01     LOG [ServiceGatewayController] [service] lowcode.listItems ok 3178ms
[Nest] 52776  - 2026/08/08 11:30:01     LOG [ServiceGatewayController] [service] admin.listItems ok 918ms
[Nest] 52776  - 2026/08/08 11:30:02     LOG [ServiceGatewayController] [service] lowcode.listItems ok 4240ms
[Nest] 52776  - 2026/08/08 11:30:59     LOG [ServiceGatewayController] [service] notification.getUnreadCount ok 2203ms
[Nest] 52776  - 2026/08/08 11:32:00     LOG [ServiceGatewayController] [service] notification.getUnreadCount ok 3497ms
[Nest] 52776  - 2026/08/08 11:32:58     LOG [ServiceGatewayController] [service] notification.getUnreadCount ok 1534ms
[Nest] 52776  - 2026/08/08 11:33:58     LOG [ServiceGatewayController] [service] notification.getUnreadCount ok 1650ms
[Nest] 52776  - 2026/08/08 11:34:58     LOG [ServiceGatewayController] [service] notification.getUnreadCount ok 1560ms
[Nest] 52776  - 2026/08/08 11:35:59     LOG [ServiceGatewayController] [service] notification.getUnreadCount ok 2322ms
[Nest] 52776  - 2026/08/08 11:36:58     LOG [ServiceGatewayController] [service] notification.getUnreadCount ok 1599ms
[Nest] 52776  - 2026/08/08 11:37:58     LOG [ServiceGatewayController] [service] notification.getUnreadCount ok 1364ms
[Nest] 52776  - 2026/08/08 11:38:57     LOG [ServiceGatewayController] [service] notification.getUnreadCount ok 686ms
[Nest] 52776  - 2026/08/08 11:39:57     LOG [ServiceGatewayController] [service] notification.getUnreadCount ok 651ms
[Nest] 52776  - 2026/08/08 11:40:59     LOG [ServiceGatewayController] [service] admin.listItems ok 315ms
[Nest] 52776  - 2026/08/08 11:41:00     LOG [ServiceGatewayController] [service] notification.getUnreadCount ok 492ms
[Nest] 52776  - 2026/08/08 11:41:00     LOG [ServiceGatewayController] [service] admin.listItems ok 509ms
[Nest] 52776  - 2026/08/08 11:41:00     LOG [ServiceGatewayController] [service] lowcode.listItems ok 800ms
[Nest] 52776  - 2026/08/08 11:41:00     LOG [ServiceGatewayController] [service] admin.listItems ok 301ms
[Nest] 52776  - 2026/08/08 11:41:00     LOG [ServiceGatewayController] [service] lowcode.listItems ok 664ms
[Nest] 52776  - 2026/08/08 11:42:00     LOG [ServiceGatewayController] [service] notification.getUnreadCount ok 904ms
[Nest] 52776  - 2026/08/08 11:43:00     LOG [ServiceGatewayController] [service] notification.getUnreadCount ok 1073ms
[Nest] 52776  - 2026/08/08 11:44:00     LOG [ServiceGatewayController] [service] notification.getUnreadCount ok 671ms
[Nest] 52776  - 2026/08/08 11:45:00     LOG [ServiceGatewayController] [service] notification.getUnreadCount ok 1132ms
[Nest] 52776  - 2026/08/08 11:46:00    WARN [ServiceGatewayController] [service] notification.getUnreadCount failed 315ms: JWT expired JWT expired Forbidden
[Nest] 52776  - 2026/08/08 11:46:01     LOG [ServiceGatewayController] [service] notification.getUnreadCount ok 614ms
[Nest] 52776  - 2026/08/08 11:47:00     LOG [ServiceGatewayController] [service] notification.getUnreadCount ok 685ms
[Nest] 52776  - 2026/08/08 11:48:01     LOG [ServiceGatewayController] [service] notification.getUnreadCount ok 1966ms
[Nest] 52776  - 2026/08/08 11:49:00     LOG [ServiceGatewayController] [service] notification.getUnreadCount ok 625ms
[Nest] 52776  - 2026/08/08 11:50:00     LOG [ServiceGatewayController] [service] notification.getUnreadCount ok 692ms
[Nest] 52776  - 2026/08/08 11:51:00     LOG [ServiceGatewayController] [service] notification.getUnreadCount ok 636ms
[Nest] 52776  - 2026/08/08 11:52:01     LOG [ServiceGatewayController] [service] notification.getUnreadCount ok 963ms
[Nest] 52776  - 2026/08/08 11:53:28     LOG [ServiceGatewayController] [service] notification.getUnreadCount ok 1488ms
[Nest] 52776  - 2026/08/08 11:54:28     LOG [ServiceGatewayController] [service] notification.getUnreadCount ok 826ms
[Nest] 52776  - 2026/08/08 11:55:28     LOG [ServiceGatewayController] [service] notification.getUnreadCount ok 589ms
[Nest] 52776  - 2026/08/08 11:56:28     LOG [ServiceGatewayController] [service] notification.getUnreadCount ok 1426ms
[Nest] 52776  - 2026/08/08 11:57:28     LOG [ServiceGatewayController] [service] notification.getUnreadCount ok 655ms
[Nest] 52776  - 2026/08/08 11:58:29     LOG [ServiceGatewayController] [service] notification.getUnreadCount ok 1782ms
[Nest] 52776  - 2026/08/08 11:59:28     LOG [ServiceGatewayController] [service] notification.getUnreadCount ok 865ms
[Nest] 52776  - 2026/08/08 12:00:28     LOG [ServiceGatewayController] [service] notification.getUnreadCount ok 1019ms
[Nest] 52776  - 2026/08/08 12:01:28     LOG [ServiceGatewayController] [service] notification.getUnreadCount ok 883ms
[Nest] 52776  - 2026/08/08 12:02:30     LOG [ServiceGatewayController] [service] notification.getUnreadCount ok 2739ms
[Nest] 52776  - 2026/08/08 12:03:30     LOG [ServiceGatewayController] [service] notification.getUnreadCount ok 3038ms
[Nest] 52776  - 2026/08/08 12:04:29     LOG [ServiceGatewayController] [service] notification.getUnreadCount ok 1530ms
[Nest] 52776  - 2026/08/08 12:05:29     LOG [ServiceGatewayController] [service] notification.getUnreadCount ok 2157ms
[Nest] 52776  - 2026/08/08 15:16:09    WARN [ServiceGatewayController] [service] notification.getUnreadCount failed 2374ms: Authentication required. Authentication required. Unauthorized
[Nest] 52776  - 2026/08/08 15:16:17     LOG [ServiceGatewayController] [service] admin.listItems ok 339ms
[Nest] 52776  - 2026/08/08 15:16:17     LOG [ServiceGatewayController] [service] notification.getUnreadCount ok 749ms
[Nest] 52776  - 2026/08/08 15:16:18     LOG [ServiceGatewayController] [service] lowcode.listItems ok 1351ms
[Nest] 52776  - 2026/08/08 15:16:18     LOG [ServiceGatewayController] [service] admin.listItems ok 1572ms
[Nest] 52776  - 2026/08/08 15:16:18     LOG [ServiceGatewayController] [service] admin.listItems ok 354ms
[Nest] 52776  - 2026/08/08 15:16:19     LOG [ServiceGatewayController] [service] lowcode.listItems ok 1134ms
[Nest] 52776  - 2026/08/08 15:16:34     LOG [ServiceGatewayController] [service] admin.listItems ok 312ms
[Nest] 52776  - 2026/08/08 15:16:34     LOG [ServiceGatewayController] [service] notification.getUnreadCount ok 509ms
[Nest] 52776  - 2026/08/08 15:16:34     LOG [ServiceGatewayController] [service] lowcode.listItems ok 716ms
[Nest] 52776  - 2026/08/08 15:16:35     LOG [ServiceGatewayController] [service] admin.listItems ok 306ms
[Nest] 52776  - 2026/08/08 15:16:36     LOG [ServiceGatewayController] [service] admin.listItems ok 2441ms
[Nest] 52776  - 2026/08/08 15:16:37     LOG [ServiceGatewayController] [service] lowcode.listItems ok 685ms
[Nest] 52776  - 2026/08/08 15:17:25     LOG [ServiceGatewayController] [service] admin.listItems ok 304ms
[Nest] 52776  - 2026/08/08 15:17:25     LOG [ServiceGatewayController] [service] notification.getUnreadCount ok 500ms
[Nest] 52776  - 2026/08/08 15:17:26     LOG [ServiceGatewayController] [service] lowcode.listItems ok 708ms
[Nest] 52776  - 2026/08/08 15:17:26     LOG [ServiceGatewayController] [service] admin.listItems ok 908ms
[Nest] 52776  - 2026/08/08 15:17:26     LOG [ServiceGatewayController] [service] admin.listItems ok 312ms
[Nest] 52776  - 2026/08/08 15:17:27     LOG [ServiceGatewayController] [service] lowcode.listItems ok 670ms
[Nest] 52776  - 2026/08/08 15:18:26     LOG [ServiceGatewayController] [service] notification.getUnreadCount ok 1147ms
[Nest] 52776  - 2026/08/08 15:19:26     LOG [ServiceGatewayController] [service] notification.getUnreadCount ok 810ms
[Nest] 52776  - 2026/08/08 15:20:26     LOG [ServiceGatewayController] [service] notification.getUnreadCount ok 1016ms
[Nest] 52776  - 2026/08/08 15:21:27     LOG [ServiceGatewayController] [service] notification.getUnreadCount ok 1623ms
[Nest] 52776  - 2026/08/08 15:22:26     LOG [ServiceGatewayController] [service] notification.getUnreadCount ok 840ms
[Nest] 52776  - 2026/08/08 15:23:26     LOG [ServiceGatewayController] [service] notification.getUnreadCount ok 723ms
[Nest] 52776  - 2026/08/08 15:24:26     LOG [ServiceGatewayController] [service] notification.getUnreadCount ok 1425ms
[Nest] 52776  - 2026/08/08 15:25:26     LOG [ServiceGatewayController] [service] notification.getUnreadCount ok 1143ms
[Nest] 52776  - 2026/08/08 15:26:27     LOG [ServiceGatewayController] [service] notification.getUnreadCount ok 1693ms
[Nest] 52776  - 2026/08/08 15:27:26     LOG [ServiceGatewayController] [service] notification.getUnreadCount ok 819ms
[Nest] 52776  - 2026/08/08 15:28:26     LOG [ServiceGatewayController] [service] notification.getUnreadCount ok 791ms
[Nest] 52776  - 2026/08/08 15:29:26     LOG [ServiceGatewayController] [service] notification.getUnreadCount ok 772ms
[Nest] 52776  - 2026/08/08 15:30:27     LOG [ServiceGatewayController] [service] notification.getUnreadCount ok 2228ms
[Nest] 52776  - 2026/08/08 15:31:26     LOG [ServiceGatewayController] [service] notification.getUnreadCount ok 954ms
[Nest] 52776  - 2026/08/08 15:32:30     LOG [ServiceGatewayController] [service] notification.getUnreadCount ok 4981ms
[Nest] 52776  - 2026/08/08 15:33:27     LOG [ServiceGatewayController] [service] notification.getUnreadCount ok 2204ms
[Nest] 52776  - 2026/08/08 15:34:26     LOG [ServiceGatewayController] [service] notification.getUnreadCount ok 872ms
[Nest] 52776  - 2026/08/08 15:35:26     LOG [ServiceGatewayController] [service] notification.getUnreadCount ok 1488ms
[Nest] 52776  - 2026/08/08 15:36:26     LOG [ServiceGatewayController] [service] notification.getUnreadCount ok 1497ms
[Nest] 52776  - 2026/08/08 15:37:26     LOG [ServiceGatewayController] [service] notification.getUnreadCount ok 1084ms
[Nest] 52776  - 2026/08/08 15:38:26     LOG [ServiceGatewayController] [service] notification.getUnreadCount ok 1166ms
[Nest] 52776  - 2026/08/08 15:39:26     LOG [ServiceGatewayController] [service] notification.getUnreadCount ok 917ms
[Nest] 52776  - 2026/08/08 15:40:27     LOG [ServiceGatewayController] [service] notification.getUnreadCount ok 1751ms
[Nest] 52776  - 2026/08/08 15:41:26     LOG [ServiceGatewayController] [service] notification.getUnreadCount ok 1069ms
[Nest] 52776  - 2026/08/08 15:42:28     LOG [ServiceGatewayController] [service] notification.getUnreadCount ok 3110ms
[Nest] 52776  - 2026/08/08 15:43:27     LOG [ServiceGatewayController] [service] notification.getUnreadCount ok 1563ms
[Nest] 52776  - 2026/08/08 15:44:26     LOG [ServiceGatewayController] [service] notification.getUnreadCount ok 1059ms
[Nest] 52776  - 2026/08/08 15:45:30     LOG [ServiceGatewayController] [service] notification.getUnreadCount ok 4810ms
[Nest] 52776  - 2026/08/08 15:46:30     LOG [ServiceGatewayController] [service] notification.getUnreadCount ok 4574ms
[Nest] 52776  - 2026/08/08 15:47:29     LOG [ServiceGatewayController] [service] notification.getUnreadCount ok 3550ms
[Nest] 52776  - 2026/08/08 15:48:28     LOG [ServiceGatewayController] [service] notification.getUnreadCount ok 2707ms
[Nest] 52776  - 2026/08/08 15:49:28     LOG [ServiceGatewayController] [service] notification.getUnreadCount ok 3508ms
[Nest] 52776  - 2026/08/08 15:50:29     LOG [ServiceGatewayController] [service] notification.getUnreadCount ok 3925ms
[Nest] 52776  - 2026/08/08 15:51:30     LOG [ServiceGatewayController] [service] notification.getUnreadCount ok 4963ms
[Nest] 52776  - 2026/08/08 15:52:29     LOG [ServiceGatewayController] [service] notification.getUnreadCount ok 3885ms
[Nest] 52776  - 2026/08/08 15:53:27     LOG [ServiceGatewayController] [service] notification.getUnreadCount ok 1582ms
[Nest] 52776  - 2026/08/08 15:54:26     LOG [ServiceGatewayController] [service] notification.getUnreadCount ok 1456ms
[Nest] 52776  - 2026/08/08 15:55:26     LOG [ServiceGatewayController] [service] notification.getUnreadCount ok 733ms
[Nest] 52776  - 2026/08/08 15:56:26     LOG [ServiceGatewayController] [service] notification.getUnreadCount ok 978ms
[Nest] 52776  - 2026/08/08 15:57:26     LOG [ServiceGatewayController] [service] notification.getUnreadCount ok 1338ms
[Nest] 52776  - 2026/08/08 15:58:26     LOG [ServiceGatewayController] [service] notification.getUnreadCount ok 744ms
[Nest] 52776  - 2026/08/08 15:58:36     LOG [ServiceGatewayController] [service] admin.listItems ok 321ms
[Nest] 52776  - 2026/08/08 15:58:36     LOG [ServiceGatewayController] [service] notification.getUnreadCount ok 518ms
[Nest] 52776  - 2026/08/08 15:58:37     LOG [ServiceGatewayController] [service] admin.listItems ok 553ms
[Nest] 52776  - 2026/08/08 15:58:37     LOG [ServiceGatewayController] [service] lowcode.listItems ok 769ms
[Nest] 52776  - 2026/08/08 15:58:37     LOG [ServiceGatewayController] [service] admin.listItems ok 431ms
[Nest] 52776  - 2026/08/08 15:58:38     LOG [ServiceGatewayController] [service] lowcode.listItems ok 680ms
[Nest] 52776  - 2026/08/08 15:59:37     LOG [ServiceGatewayController] [service] notification.getUnreadCount ok 971ms
[Nest] 52776  - 2026/08/08 16:00:37     LOG [ServiceGatewayController] [service] notification.getUnreadCount ok 1299ms
[Nest] 52776  - 2026/08/08 16:01:37     LOG [ServiceGatewayController] [service] notification.getUnreadCount ok 838ms
[Nest] 52776  - 2026/08/08 16:02:37     LOG [ServiceGatewayController] [service] notification.getUnreadCount ok 1168ms
[Nest] 52776  - 2026/08/08 16:03:39     LOG [ServiceGatewayController] [service] notification.getUnreadCount ok 2780ms
[Nest] 52776  - 2026/08/08 16:04:37     LOG [ServiceGatewayController] [service] notification.getUnreadCount ok 861ms
[Nest] 52776  - 2026/08/08 16:05:37     LOG [ServiceGatewayController] [service] notification.getUnreadCount ok 774ms
[Nest] 52776  - 2026/08/08 16:06:37     LOG [ServiceGatewayController] [service] notification.getUnreadCount ok 749ms
[Nest] 52776  - 2026/08/08 16:07:37     LOG [ServiceGatewayController] [service] notification.getUnreadCount ok 1068ms
[Nest] 52776  - 2026/08/08 16:08:37     LOG [ServiceGatewayController] [service] notification.getUnreadCount ok 714ms
[Nest] 52776  - 2026/08/08 16:09:37     LOG [ServiceGatewayController] [service] notification.getUnreadCount ok 738ms
[Nest] 52776  - 2026/08/08 16:10:37     LOG [ServiceGatewayController] [service] notification.getUnreadCount ok 745ms
[Nest] 52776  - 2026/08/08 16:11:37     LOG [ServiceGatewayController] [service] notification.getUnreadCount ok 834ms
[Nest] 52776  - 2026/08/08 16:12:37     LOG [ServiceGatewayController] [service] notification.getUnreadCount ok 1300ms
[Nest] 52776  - 2026/08/08 16:13:37     LOG [ServiceGatewayController] [service] notification.getUnreadCount ok 705ms
[Nest] 52776  - 2026/08/08 16:14:37     LOG [ServiceGatewayController] [service] notification.getUnreadCount ok 1005ms
[Nest] 52776  - 2026/08/08 16:15:37     LOG [ServiceGatewayController] [service] notification.getUnreadCount ok 1154ms
[Nest] 52776  - 2026/08/08 16:16:37     LOG [ServiceGatewayController] [service] notification.getUnreadCount ok 738ms
[Nest] 52776  - 2026/08/08 16:17:36    WARN [ServiceGatewayController] [service] notification.getUnreadCount failed 528ms: Authentication required. Authentication required. Unauthorized
[Nest] 52776  - 2026/08/08 16:17:38     LOG [ServiceGatewayController] [service] notification.getUnreadCount ok 663ms
[Nest] 52776  - 2026/08/08 16:18:37     LOG [ServiceGatewayController] [service] notification.getUnreadCount ok 1109ms
[Nest] 52776  - 2026/08/08 16:19:37     LOG [ServiceGatewayController] [service] notification.getUnreadCount ok 721ms
[Nest] 52776  - 2026/08/08 16:20:02     LOG [ServiceGatewayController] [service] admin.listItems ok 436ms
[Nest] 52776  - 2026/08/08 16:20:03     LOG [ServiceGatewayController] [service] admin.listItems ok 522ms
[Nest] 52776  - 2026/08/08 16:20:03     LOG [ServiceGatewayController] [service] notification.getUnreadCount ok 525ms
[Nest] 52776  - 2026/08/08 16:20:03     LOG [ServiceGatewayController] [service] lowcode.listItems ok 833ms
[Nest] 52776  - 2026/08/08 16:20:04     LOG [ServiceGatewayController] [service] admin.listItems ok 334ms
[Nest] 52776  - 2026/08/08 16:20:04     LOG [ServiceGatewayController] [service] lowcode.listItems ok 796ms
[Nest] 52776  - 2026/08/08 16:21:04     LOG [ServiceGatewayController] [service] notification.getUnreadCount ok 738ms
[Nest] 52776  - 2026/08/08 16:22:08     LOG [ServiceGatewayController] [service] notification.getUnreadCount ok 4758ms
[Nest] 52776  - 2026/08/08 16:23:04     LOG [ServiceGatewayController] [service] notification.getUnreadCount ok 1414ms
[Nest] 52776  - 2026/08/08 16:24:04     LOG [ServiceGatewayController] [service] notification.getUnreadCount ok 762ms
[Nest] 52776  - 2026/08/08 16:25:05     LOG [ServiceGatewayController] [service] notification.getUnreadCount ok 2281ms
[Nest] 52776  - 2026/08/08 16:26:05     LOG [ServiceGatewayController] [service] notification.getUnreadCount ok 2185ms
[Nest] 52776  - 2026/08/08 16:27:28     LOG [ServiceGatewayController] [service] notification.getUnreadCount ok 1215ms
[Nest] 52776  - 2026/08/08 16:28:30     LOG [ServiceGatewayController] [service] notification.getUnreadCount ok 2802ms
[Nest] 52776  - 2026/08/08 16:29:31     LOG [ServiceGatewayController] [service] notification.getUnreadCount ok 3826ms
[Nest] 52776  - 2026/08/08 16:30:30     LOG [ServiceGatewayController] [service] notification.getUnreadCount ok 2834ms
[Nest] 52776  - 2026/08/08 16:31:30     LOG [ServiceGatewayController] [service] notification.getUnreadCount ok 2680ms
[Nest] 52776  - 2026/08/08 16:32:30     LOG [ServiceGatewayController] [service] notification.getUnreadCount ok 2529ms
[Nest] 52776  - 2026/08/08 16:33:30     LOG [ServiceGatewayController] [service] notification.getUnreadCount ok 2669ms
[Nest] 52776  - 2026/08/08 16:34:29     LOG [ServiceGatewayController] [service] notification.getUnreadCount ok 1544ms
[Nest] 52776  - 2026/08/08 16:35:29     LOG [ServiceGatewayController] [service] notification.getUnreadCount ok 1992ms
[Nest] 52776  - 2026/08/08 16:35:43     LOG [ServiceGatewayController] [service] admin.listItems ok 423ms
[Nest] 52776  - 2026/08/08 16:35:44     LOG [ServiceGatewayController] [service] notification.getUnreadCount ok 946ms
[Nest] 52776  - 2026/08/08 16:35:44    WARN [ServiceGatewayController] [service] lowcode.listItems failed 1187ms: Low-code page "/dashboard/sales-orders" was not found. Low-code page "/dashboard/sales-orders" was not found. Not Found
[Nest] 52776  - 2026/08/08 16:35:44     LOG [ServiceGatewayController] [service] admin.listItems ok 1328ms
[Nest] 52776  - 2026/08/08 16:35:45    WARN [ServiceGatewayController] [service] lowcode.listItems failed 785ms: Low-code page "/dashboard/sales-orders" was not found. Low-code page "/dashboard/sales-orders" was not found. Not Found
[Nest] 52776  - 2026/08/08 16:36:31     LOG [ServiceGatewayController] [service] admin.listItems ok 325ms
[Nest] 52776  - 2026/08/08 16:36:33     LOG [ServiceGatewayController] [service] notification.getUnreadCount ok 1320ms
[Nest] 52776  - 2026/08/08 16:36:34     LOG [ServiceGatewayController] [service] admin.listItems ok 2189ms
[Nest] 52776  - 2026/08/08 16:36:34     LOG [ServiceGatewayController] [service] lowcode.listItems ok 829ms
[Nest] 52776  - 2026/08/08 16:36:36     LOG [ServiceGatewayController] [service] lowcode.listItems ok 4747ms
[Nest] 52776  - 2026/08/08 16:36:37     LOG [ServiceGatewayController] [service] admin.listItems ok 352ms
[Nest] 52776  - 2026/08/08 16:36:56     LOG [ServiceGatewayController] [service] admin.listItems ok 305ms
[Nest] 52776  - 2026/08/08 16:36:57     LOG [ServiceGatewayController] [service] admin.listItems ok 1015ms
[Nest] 52776  - 2026/08/08 16:36:57     LOG [ServiceGatewayController] [service] notification.getUnreadCount ok 1149ms
[Nest] 52776  - 2026/08/08 16:36:57     LOG [ServiceGatewayController] [service] lowcode.listItems ok 1187ms
[Nest] 52776  - 2026/08/08 16:36:58     LOG [ServiceGatewayController] [service] admin.listItems ok 313ms
[Nest] 52776  - 2026/08/08 16:36:58     LOG [ServiceGatewayController] [service] lowcode.listItems ok 906ms
[Nest] 52776  - 2026/08/08 16:37:16     LOG [ServiceGatewayController] [service] admin.listItems ok 675ms
[Nest] 52776  - 2026/08/08 16:37:17     LOG [ServiceGatewayController] [service] notification.getUnreadCount ok 1022ms
[Nest] 52776  - 2026/08/08 16:37:17     LOG [ServiceGatewayController] [service] lowcode.listItems ok 1024ms
[Nest] 52776  - 2026/08/08 16:37:18     LOG [ServiceGatewayController] [service] admin.listItems ok 1522ms
[Nest] 52776  - 2026/08/08 16:37:18     LOG [ServiceGatewayController] [service] admin.listItems ok 732ms
[Nest] 52776  - 2026/08/08 16:37:18     LOG [ServiceGatewayController] [service] lowcode.listItems ok 794ms
[Nest] 52776  - 2026/08/08 16:37:41     LOG [ServiceGatewayController] [service] admin.listItems ok 316ms
[Nest] 52776  - 2026/08/08 16:37:41     LOG [ServiceGatewayController] [service] admin.listItems ok 545ms
[Nest] 52776  - 2026/08/08 16:37:42     LOG [ServiceGatewayController] [service] notification.getUnreadCount ok 1112ms
[Nest] 52776  - 2026/08/08 16:37:42     LOG [ServiceGatewayController] [service] lowcode.listItems ok 1013ms
[Nest] 52776  - 2026/08/08 16:37:43     LOG [ServiceGatewayController] [service] lowcode.listItems ok 2532ms
[Nest] 52776  - 2026/08/08 16:37:44     LOG [ServiceGatewayController] [service] admin.listItems ok 346ms
[Nest] 52776  - 2026/08/08 16:39:08     LOG [ServiceGatewayController] [service] admin.listItems ok 928ms
[Nest] 52776  - 2026/08/08 16:39:09     LOG [ServiceGatewayController] [service] admin.listItems ok 1513ms
[Nest] 52776  - 2026/08/08 16:39:10     LOG [ServiceGatewayController] [service] notification.getUnreadCount ok 1843ms
[Nest] 52776  - 2026/08/08 16:39:10     LOG [ServiceGatewayController] [service] lowcode.listItems ok 2112ms
[Nest] 52776  - 2026/08/08 16:39:10     LOG [ServiceGatewayController] [service] admin.listItems ok 327ms
[Nest] 52776  - 2026/08/08 16:39:11     LOG [ServiceGatewayController] [service] lowcode.listItems ok 1255ms
[Nest] 52776  - 2026/08/08 16:40:05     LOG [ServiceGatewayController] [service] admin.listItems ok 309ms
[Nest] 52776  - 2026/08/08 16:40:06     LOG [ServiceGatewayController] [service] notification.getUnreadCount ok 521ms
[Nest] 52776  - 2026/08/08 16:40:06     LOG [ServiceGatewayController] [service] admin.listItems ok 690ms
[Nest] 52776  - 2026/08/08 16:40:06     LOG [ServiceGatewayController] [service] lowcode.listItems ok 732ms
[Nest] 52776  - 2026/08/08 16:40:06     LOG [ServiceGatewayController] [service] admin.listItems ok 312ms
[Nest] 52776  - 2026/08/08 16:40:07     LOG [ServiceGatewayController] [service] lowcode.listItems ok 856ms
[Nest] 52776  - 2026/08/08 16:41:10     LOG [ServiceGatewayController] [service] admin.listItems ok 317ms
[Nest] 52776  - 2026/08/08 16:41:11     LOG [ServiceGatewayController] [service] notification.getUnreadCount ok 506ms
[Nest] 52776  - 2026/08/08 16:41:11     LOG [ServiceGatewayController] [service] lowcode.listItems ok 713ms
[Nest] 52776  - 2026/08/08 16:41:11     LOG [ServiceGatewayController] [service] admin.listItems ok 942ms
[Nest] 52776  - 2026/08/08 16:41:12     LOG [ServiceGatewayController] [service] admin.listItems ok 780ms
[Nest] 52776  - 2026/08/08 16:41:13     LOG [ServiceGatewayController] [service] lowcode.listItems ok 1220ms
[Nest] 52776  - 2026/08/08 16:42:31     LOG [ServiceGatewayController] [service] admin.listItems ok 319ms
[Nest] 52776  - 2026/08/08 16:42:32     LOG [ServiceGatewayController] [service] notification.getUnreadCount ok 548ms
[Nest] 52776  - 2026/08/08 16:42:32     LOG [ServiceGatewayController] [service] admin.listItems ok 560ms
[Nest] 52776  - 2026/08/08 16:42:32     LOG [ServiceGatewayController] [service] lowcode.listItems ok 804ms
[Nest] 52776  - 2026/08/08 16:42:32     LOG [ServiceGatewayController] [service] admin.listItems ok 338ms
[Nest] 52776  - 2026/08/08 16:42:33     LOG [ServiceGatewayController] [service] lowcode.listItems ok 1110ms
[Nest] 52776  - 2026/08/08 16:42:58     LOG [ServiceGatewayController] [service] admin.listItems ok 301ms
[Nest] 52776  - 2026/08/08 16:42:59     LOG [ServiceGatewayController] [service] notification.getUnreadCount ok 999ms
[Nest] 52776  - 2026/08/08 16:42:59     LOG [ServiceGatewayController] [service] lowcode.listItems ok 1007ms
[Nest] 52776  - 2026/08/08 16:42:59     LOG [ServiceGatewayController] [service] admin.listItems ok 1069ms
[Nest] 52776  - 2026/08/08 16:43:00     LOG [ServiceGatewayController] [service] admin.listItems ok 303ms
[Nest] 52776  - 2026/08/08 16:43:00     LOG [ServiceGatewayController] [service] lowcode.listItems ok 1100ms
[Nest] 52776  - 2026/08/08 16:43:44     LOG [ServiceGatewayController] [service] admin.listItems ok 720ms
[Nest] 52776  - 2026/08/08 16:43:44     LOG [ServiceGatewayController] [service] notification.getUnreadCount ok 522ms
[Nest] 52776  - 2026/08/08 16:43:45     LOG [ServiceGatewayController] [service] admin.listItems ok 980ms
[Nest] 52776  - 2026/08/08 16:43:45     LOG [ServiceGatewayController] [service] lowcode.listItems ok 1244ms
[Nest] 52776  - 2026/08/08 16:43:45     LOG [ServiceGatewayController] [service] admin.listItems ok 302ms
[Nest] 52776  - 2026/08/08 16:43:45     LOG [ServiceGatewayController] [service] lowcode.listItems ok 692ms
[Nest] 52776  - 2026/08/08 16:45:01     LOG [ServiceGatewayController] [service] admin.listItems ok 301ms
[Nest] 52776  - 2026/08/08 16:45:02     LOG [ServiceGatewayController] [service] notification.getUnreadCount ok 517ms
[Nest] 52776  - 2026/08/08 16:45:02     LOG [ServiceGatewayController] [service] admin.listItems ok 648ms
[Nest] 52776  - 2026/08/08 16:45:02     LOG [ServiceGatewayController] [service] lowcode.listItems ok 834ms
[Nest] 52776  - 2026/08/08 16:45:03     LOG [ServiceGatewayController] [service] admin.listItems ok 297ms
[Nest] 52776  - 2026/08/08 16:45:03     LOG [ServiceGatewayController] [service] lowcode.listItems ok 718ms
[Nest] 52776  - 2026/08/08 16:45:07     LOG [ServiceGatewayController] [service] admin.listItems ok 300ms
[Nest] 52776  - 2026/08/08 16:45:07     LOG [ServiceGatewayController] [service] admin.listItems ok 615ms
[Nest] 52776  - 2026/08/08 16:45:07     LOG [ServiceGatewayController] [service] notification.getUnreadCount ok 783ms
[Nest] 52776  - 2026/08/08 16:45:07     LOG [ServiceGatewayController] [service] lowcode.listItems ok 794ms
[Nest] 52776  - 2026/08/08 16:45:08     LOG [ServiceGatewayController] [service] admin.listItems ok 322ms
[Nest] 52776  - 2026/08/08 16:45:08     LOG [ServiceGatewayController] [service] lowcode.listItems ok 772ms
[Nest] 52776  - 2026/08/08 16:45:12     LOG [ServiceGatewayController] [service] admin.listItems ok 313ms
[Nest] 52776  - 2026/08/08 16:45:12     LOG [ServiceGatewayController] [service] admin.listItems ok 559ms
[Nest] 52776  - 2026/08/08 16:45:13     LOG [ServiceGatewayController] [service] lowcode.listItems ok 1266ms
[Nest] 52776  - 2026/08/08 16:45:13     LOG [ServiceGatewayController] [service] notification.getUnreadCount ok 1274ms
[Nest] 52776  - 2026/08/08 16:45:13     LOG [ServiceGatewayController] [service] admin.listItems ok 325ms
[Nest] 52776  - 2026/08/08 16:45:13     LOG [ServiceGatewayController] [service] lowcode.listItems ok 1164ms
[Nest] 52776  - 2026/08/08 16:49:02     LOG [ServiceGatewayController] [service] admin.listItems ok 645ms
[Nest] 52776  - 2026/08/08 16:49:05     LOG [ServiceGatewayController] [service] notification.getUnreadCount ok 2409ms
[Nest] 52776  - 2026/08/08 16:49:05     LOG [ServiceGatewayController] [service] admin.listItems ok 2586ms
[Nest] 52776  - 2026/08/08 16:49:05     LOG [ServiceGatewayController] [service] lowcode.listItems ok 2606ms
[Nest] 52776  - 2026/08/08 16:49:07     LOG [ServiceGatewayController] [service] admin.listItems ok 2056ms
[Nest] 52776  - 2026/08/08 16:49:07     LOG [ServiceGatewayController] [service] lowcode.listItems ok 2306ms
[Nest] 52776  - 2026/08/08 16:52:42     LOG [ServiceGatewayController] [service] admin.listItems ok 719ms
[Nest] 52776  - 2026/08/08 16:52:43     LOG [ServiceGatewayController] [service] notification.getUnreadCount ok 1038ms
[Nest] 52776  - 2026/08/08 16:52:44     LOG [ServiceGatewayController] [service] admin.listItems ok 1789ms
[Nest] 52776  - 2026/08/08 16:52:44     LOG [ServiceGatewayController] [service] lowcode.listItems ok 1964ms
[Nest] 52776  - 2026/08/08 16:52:44     LOG [ServiceGatewayController] [service] admin.listItems ok 300ms
[Nest] 52776  - 2026/08/08 16:52:45     LOG [ServiceGatewayController] [service] lowcode.listItems ok 1505ms
[Nest] 52776  - 2026/08/08 16:52:50     LOG [ServiceGatewayController] [service] admin.listItems ok 303ms
[Nest] 52776  - 2026/08/08 16:52:50     LOG [ServiceGatewayController] [service] notification.getUnreadCount ok 486ms
[Nest] 52776  - 2026/08/08 16:52:52     LOG [ServiceGatewayController] [service] lowcode.listItems ok 1849ms
[Nest] 52776  - 2026/08/08 16:52:52     LOG [ServiceGatewayController] [service] admin.listItems ok 304ms
[Nest] 52776  - 2026/08/08 16:52:53     LOG [ServiceGatewayController] [service] admin.listItems ok 3534ms
[Nest] 52776  - 2026/08/08 16:52:54     LOG [ServiceGatewayController] [service] lowcode.listItems ok 1096ms
[Nest] 52776  - 2026/08/08 16:55:21     LOG [ServiceGatewayController] [service] notification.getUnreadCount ok 4018ms
[Nest] 52776  - 2026/08/08 16:55:25     LOG [ServiceGatewayController] [service] admin.listItems ok 868ms
[Nest] 52776  - 2026/08/08 16:55:27     LOG [ServiceGatewayController] [service] notification.getUnreadCount ok 1279ms
[Nest] 52776  - 2026/08/08 16:55:27     LOG [ServiceGatewayController] [service] admin.listItems ok 1815ms
[Nest] 52776  - 2026/08/08 16:55:28     LOG [ServiceGatewayController] [service] lowcode.listItems ok 2151ms
[Nest] 52776  - 2026/08/08 16:55:28     LOG [ServiceGatewayController] [service] admin.listItems ok 633ms
[Nest] 52776  - 2026/08/08 16:55:29     LOG [ServiceGatewayController] [service] lowcode.listItems ok 2050ms
[Nest] 52776  - 2026/08/08 16:56:30     LOG [ServiceGatewayController] [service] notification.getUnreadCount ok 4817ms
[Nest] 52776  - 2026/08/08 16:57:27     LOG [ServiceGatewayController] [service] notification.getUnreadCount ok 1298ms
[Nest] 52776  - 2026/08/08 16:58:27     LOG [ServiceGatewayController] [service] notification.getUnreadCount ok 1100ms
[Nest] 52776  - 2026/08/08 16:59:30     LOG [ServiceGatewayController] [service] notification.getUnreadCount ok 4778ms
[Nest] 52776  - 2026/08/08 16:59:42     LOG [ServiceGatewayController] [service] lowcode.saveItem ok 2340ms
[Nest] 52776  - 2026/08/08 16:59:57     LOG [ServiceGatewayController] [service] lowcode.listItems ok 1205ms
[Nest] 52776  - 2026/08/08 16:59:57     LOG [ServiceGatewayController] [service] admin.listItems ok 294ms
[Nest] 52776  - 2026/08/08 17:00:11     LOG [ServiceGatewayController] [service] lowcode.saveItem ok 2417ms
[Nest] 52776  - 2026/08/08 17:00:27     LOG [ServiceGatewayController] [service] notification.getUnreadCount ok 1427ms
[Nest] 52776  - 2026/08/08 17:01:27     LOG [ServiceGatewayController] [service] notification.getUnreadCount ok 1650ms
[Nest] 52776  - 2026/08/08 17:02:27     LOG [ServiceGatewayController] [service] notification.getUnreadCount ok 1175ms
[Nest] 52776  - 2026/08/08 17:03:27     LOG [ServiceGatewayController] [service] notification.getUnreadCount ok 1423ms
[Nest] 52776  - 2026/08/08 17:04:31     LOG [ServiceGatewayController] [service] notification.getUnreadCount ok 5781ms
[Nest] 52776  - 2026/08/08 17:05:27     LOG [ServiceGatewayController] [service] notification.getUnreadCount ok 1907ms
[Nest] 52776  - 2026/08/08 17:06:27     LOG [ServiceGatewayController] [service] notification.getUnreadCount ok 1427ms
[Nest] 52776  - 2026/08/08 17:07:27     LOG [ServiceGatewayController] [service] notification.getUnreadCount ok 1964ms
[Nest] 52776  - 2026/08/08 17:08:27     LOG [ServiceGatewayController] [service] notification.getUnreadCount ok 1770ms
[Nest] 52776  - 2026/08/08 17:09:26     LOG [ServiceGatewayController] [service] notification.getUnreadCount ok 1018ms
[Nest] 52776  - 2026/08/08 17:10:26     LOG [ServiceGatewayController] [service] notification.getUnreadCount ok 738ms
[Nest] 52776  - 2026/08/08 17:11:26     LOG [ServiceGatewayController] [service] notification.getUnreadCount ok 819ms
[Nest] 52776  - 2026/08/08 17:12:26     LOG [ServiceGatewayController] [service] notification.getUnreadCount ok 765ms
[Nest] 52776  - 2026/08/08 17:12:32     LOG [ServiceGatewayController] [service] admin.listItems ok 324ms
[Nest] 52776  - 2026/08/08 17:12:32     LOG [ServiceGatewayController] [service] notification.getUnreadCount ok 530ms
[Nest] 52776  - 2026/08/08 17:12:32     LOG [ServiceGatewayController] [service] admin.listItems ok 554ms
[Nest] 52776  - 2026/08/08 17:12:33     LOG [ServiceGatewayController] [service] lowcode.listItems ok 1128ms
[Nest] 52776  - 2026/08/08 17:12:33     LOG [ServiceGatewayController] [service] lowcode.listItems ok 699ms
[Nest] 52776  - 2026/08/08 17:12:33     LOG [ServiceGatewayController] [service] admin.listItems ok 319ms
[Nest] 52776  - 2026/08/08 17:13:33     LOG [ServiceGatewayController] [service] notification.getUnreadCount ok 932ms
[Nest] 52776  - 2026/08/08 17:14:33     LOG [ServiceGatewayController] [service] notification.getUnreadCount ok 1181ms
[Nest] 52776  - 2026/08/08 17:15:13     LOG [ServiceGatewayController] [service] notification.getUnreadCount ok 829ms
[Nest] 52776  - 2026/08/08 17:15:14     LOG [ServiceGatewayController] [service] lowcode.listItems ok 1728ms
[Nest] 52776  - 2026/08/08 17:15:14     LOG [ServiceGatewayController] [service] lowcode.listItems ok 1731ms
[Nest] 52776  - 2026/08/08 17:15:14     LOG [ServiceGatewayController] [service] planning.listItems ok 342ms
[Nest] 52776  - 2026/08/08 17:15:14     LOG [ServiceGatewayController] [service] planning.listRelationOptions ok 345ms
[Nest] 52776  - 2026/08/08 17:15:33     LOG [ServiceGatewayController] [service] notification.getUnreadCount ok 1344ms
[Nest] 52776  - 2026/08/08 17:16:32     LOG [ServiceGatewayController] [service] notification.getUnreadCount ok 757ms
[Nest] 52776  - 2026/08/08 17:17:21     LOG [ServiceGatewayController] [service] admin.listItems ok 316ms
[Nest] 52776  - 2026/08/08 17:17:21     LOG [ServiceGatewayController] [service] notification.getUnreadCount ok 525ms
[Nest] 52776  - 2026/08/08 17:17:21     LOG [ServiceGatewayController] [service] admin.listItems ok 546ms
[Nest] 52776  - 2026/08/08 17:17:22     LOG [ServiceGatewayController] [service] lowcode.listItems ok 727ms
[Nest] 52776  - 2026/08/08 17:17:22     LOG [ServiceGatewayController] [service] planning.listItems ok 303ms
[Nest] 52776  - 2026/08/08 17:17:22     LOG [ServiceGatewayController] [service] planning.listRelationOptions ok 310ms
[Nest] 52776  - 2026/08/08 17:17:22     LOG [ServiceGatewayController] [service] lowcode.listItems ok 686ms
[Nest] 52776  - 2026/08/08 17:18:21    WARN [ServiceGatewayController] [service] notification.getUnreadCount failed 334ms: JWT expired JWT expired Forbidden
[Nest] 52776  - 2026/08/08 17:18:23     LOG [ServiceGatewayController] [service] notification.getUnreadCount ok 664ms
[Nest] 52776  - 2026/08/08 17:18:30     LOG [ServiceGatewayController] [service] admin.listItems ok 321ms
[Nest] 52776  - 2026/08/08 17:18:30     LOG [ServiceGatewayController] [service] notification.getUnreadCount ok 488ms
[Nest] 52776  - 2026/08/08 17:18:30     LOG [ServiceGatewayController] [service] admin.listItems ok 541ms
[Nest] 52776  - 2026/08/08 17:18:31     LOG [ServiceGatewayController] [service] lowcode.listItems ok 1118ms
[Nest] 52776  - 2026/08/08 17:18:31     LOG [ServiceGatewayController] [service] lowcode.listItems ok 679ms
[Nest] 52776  - 2026/08/08 17:18:31     LOG [ServiceGatewayController] [service] planning.listItems ok 304ms
[Nest] 52776  - 2026/08/08 17:18:31     LOG [ServiceGatewayController] [service] planning.listRelationOptions ok 321ms
[Nest] 52776  - 2026/08/08 17:19:31     LOG [ServiceGatewayController] [service] notification.getUnreadCount ok 1112ms
[Nest] 52776  - 2026/08/08 17:20:30     LOG [ServiceGatewayController] [service] notification.getUnreadCount ok 677ms
[Nest] 52776  - 2026/08/08 17:21:30     LOG [ServiceGatewayController] [service] notification.getUnreadCount ok 719ms
[Nest] 52776  - 2026/08/08 17:22:31     LOG [ServiceGatewayController] [service] notification.getUnreadCount ok 1161ms
[Nest] 52776  - 2026/08/08 17:23:31     LOG [ServiceGatewayController] [service] notification.getUnreadCount ok 1252ms
[Nest] 52776  - 2026/08/08 17:24:09     LOG [ServiceGatewayController] [service] notification.getUnreadCount ok 807ms
[Nest] 52776  - 2026/08/08 17:24:09     LOG [ServiceGatewayController] [service] lowcode.listItems ok 1497ms
[Nest] 52776  - 2026/08/08 17:24:09     LOG [ServiceGatewayController] [service] lowcode.listItems ok 1601ms
[Nest] 52776  - 2026/08/08 17:24:10     LOG [ServiceGatewayController] [service] planning.listRelationOptions ok 297ms
[Nest] 52776  - 2026/08/08 17:24:10     LOG [ServiceGatewayController] [service] planning.listItems ok 303ms
[Nest] 52776  - 2026/08/08 17:24:20     LOG [ServiceGatewayController] [service] notification.getUnreadCount ok 699ms
[Nest] 52776  - 2026/08/08 17:24:20     LOG [ServiceGatewayController] [service] lowcode.listItems ok 908ms
[Nest] 52776  - 2026/08/08 17:24:20     LOG [ServiceGatewayController] [service] lowcode.listItems ok 909ms
[Nest] 52776  - 2026/08/08 17:24:21     LOG [ServiceGatewayController] [service] planning.listItems ok 297ms
[Nest] 52776  - 2026/08/08 17:24:21     LOG [ServiceGatewayController] [service] planning.listRelationOptions ok 314ms
[Nest] 52776  - 2026/08/08 17:24:21     LOG [ServiceGatewayController] [service] planning.listRelationOptions ok 316ms
[Nest] 52776  - 2026/08/08 17:24:30     LOG [ServiceGatewayController] [service] notification.getUnreadCount ok 653ms
[Nest] 52776  - 2026/08/08 17:25:31     LOG [ServiceGatewayController] [service] notification.getUnreadCount ok 1278ms
[Nest] 52776  - 2026/08/08 17:25:47     LOG [ServiceGatewayController] [service] notification.getUnreadCount ok 695ms
[Nest] 52776  - 2026/08/08 17:25:52     LOG [ServiceGatewayController] [service] lowcode.listItems ok 5749ms
[Nest] 52776  - 2026/08/08 17:26:04     LOG [ServiceGatewayController] [service] planning.listItems ok 1914ms
[Nest] 52776  - 2026/08/08 17:26:31     LOG [ServiceGatewayController] [service] notification.getUnreadCount ok 875ms
[Nest] 52776  - 2026/08/08 17:27:31     LOG [ServiceGatewayController] [service] notification.getUnreadCount ok 1171ms
[Nest] 52776  - 2026/08/08 17:28:36     LOG [ServiceGatewayController] [service] notification.getUnreadCount ok 5607ms
[Nest] 52776  - 2026/08/08 17:29:49     LOG [ServiceGatewayController] [service] notification.getUnreadCount ok 2023ms
[Nest] 52776  - 2026/08/08 17:29:51     LOG [ServiceGatewayController] [service] notification.getUnreadCount ok 1137ms
[Nest] 52776  - 2026/08/08 17:29:54     LOG [ServiceGatewayController] [service] lowcode.listItems ok 4207ms
[Nest] 52776  - 2026/08/08 17:30:33     LOG [ServiceGatewayController] [service] notification.getUnreadCount ok 2912ms
[Nest] 52776  - 2026/08/08 17:32:28     LOG [ServiceGatewayController] [service] notification.getUnreadCount ok 1436ms
[Nest] 52776  - 2026/08/08 17:34:29     LOG [ServiceGatewayController] [service] notification.getUnreadCount ok 2493ms
[Nest] 52776  - 2026/08/08 17:36:30     LOG [ServiceGatewayController] [service] notification.getUnreadCount ok 2657ms
[Nest] 52776  - 2026/08/08 17:38:29     LOG [ServiceGatewayController] [service] notification.getUnreadCount ok 1648ms
[Nest] 52776  - 2026/08/08 17:40:31     LOG [ServiceGatewayController] [service] notification.getUnreadCount ok 3940ms
[Nest] 52776  - 2026/08/08 17:42:29     LOG [ServiceGatewayController] [service] notification.getUnreadCount ok 2180ms
[Nest] 52776  - 2026/08/08 17:44:30     LOG [ServiceGatewayController] [service] notification.getUnreadCount ok 2759ms
[Nest] 52776  - 2026/08/08 18:05:42     LOG [ServiceGatewayController] [service] notification.getUnreadCount ok 3601ms
[Nest] 52776  - 2026/08/08 18:05:47     LOG [ServiceGatewayController] [service] admin.listItems ok 621ms
[Nest] 52776  - 2026/08/08 18:05:48     LOG [ServiceGatewayController] [service] admin.listItems ok 732ms
[Nest] 52776  - 2026/08/08 18:05:49     LOG [ServiceGatewayController] [service] lowcode.listItems ok 647ms
[Nest] 52776  - 2026/08/08 18:05:50     LOG [ServiceGatewayController] [service] notification.getUnreadCount ok 2673ms
[Nest] 52776  - 2026/08/08 18:05:50     LOG [ServiceGatewayController] [service] lowcode.listItems ok 3364ms
[Nest] 52776  - 2026/08/08 18:05:51     LOG [ServiceGatewayController] [service] planning.listRelationOptions ok 303ms
[Nest] 52776  - 2026/08/08 18:05:51     LOG [ServiceGatewayController] [service] planning.listRelationOptions ok 634ms
[Nest] 52776  - 2026/08/08 18:05:52     LOG [ServiceGatewayController] [service] planning.listItems ok 1074ms
[Nest] 52776  - 2026/08/08 18:06:50     LOG [ServiceGatewayController] [service] notification.getUnreadCount ok 2525ms
[Nest] 52776  - 2026/08/08 18:07:51     LOG [ServiceGatewayController] [service] notification.getUnreadCount ok 3705ms
[Nest] 52776  - 2026/08/08 18:08:50     LOG [ServiceGatewayController] [service] notification.getUnreadCount ok 3221ms
[Nest] 52776  - 2026/08/08 18:09:49     LOG [ServiceGatewayController] [service] notification.getUnreadCount ok 2361ms
[Nest] 52776  - 2026/08/08 18:10:50     LOG [ServiceGatewayController] [service] notification.getUnreadCount ok 3077ms
[Nest] 52776  - 2026/08/08 18:11:50     LOG [ServiceGatewayController] [service] notification.getUnreadCount ok 1502ms
[Nest] 52776  - 2026/08/08 18:13:39     LOG [ServiceGatewayController] [service] notification.getUnreadCount ok 11827ms
[Nest] 52776  - 2026/08/08 18:14:29     LOG [ServiceGatewayController] [service] notification.getUnreadCount ok 1848ms
[Nest] 52776  - 2026/08/08 18:15:29     LOG [ServiceGatewayController] [service] notification.getUnreadCount ok 1606ms
[Nest] 52776  - 2026/08/08 18:16:30     LOG [ServiceGatewayController] [service] notification.getUnreadCount ok 3396ms
[Nest] 52776  - 2026/08/08 18:17:30     LOG [ServiceGatewayController] [service] notification.getUnreadCount ok 2748ms
[Nest] 52776  - 2026/08/08 18:18:29     LOG [ServiceGatewayController] [service] notification.getUnreadCount ok 2137ms
[Nest] 52776  - 2026/08/08 18:19:28    WARN [ServiceGatewayController] [service] notification.getUnreadCount failed 717ms: JWT expired JWT expired Forbidden
[Nest] 52776  - 2026/08/08 18:19:33     LOG [ServiceGatewayController] [service] notification.getUnreadCount ok 1943ms
[Nest] 52776  - 2026/08/08 18:20:30     LOG [ServiceGatewayController] [service] notification.getUnreadCount ok 3131ms
[Nest] 52776  - 2026/08/08 18:21:30     LOG [ServiceGatewayController] [service] notification.getUnreadCount ok 3236ms
[Nest] 52776  - 2026/08/08 18:22:29     LOG [ServiceGatewayController] [service] notification.getUnreadCount ok 1840ms
[Nest] 52776  - 2026/08/08 18:23:35     LOG [ServiceGatewayController] [service] notification.getUnreadCount ok 8318ms
[Nest] 52776  - 2026/08/08 18:24:20     LOG [ServiceGatewayController] [service] notification.getUnreadCount ok 2123ms
[Nest] 52776  - 2026/08/08 18:24:28     LOG [ServiceGatewayController] [service] notification.getUnreadCount ok 2167ms
[Nest] 52776  - 2026/08/08 18:24:29     LOG [ServiceGatewayController] [service] lowcode.listItems ok 3197ms
[Nest] 52776  - 2026/08/08 18:24:31     LOG [ServiceGatewayController] [service] lowcode.listItems ok 4565ms
[Nest] 52776  - 2026/08/08 18:24:31     LOG [ServiceGatewayController] [service] admin.listItems ok 331ms
[Nest] 52776  - 2026/08/08 18:24:41     LOG [ServiceGatewayController] [service] lowcode.saveItem ok 2572ms
[Nest] 52776  - 2026/08/08 18:24:49     LOG [ServiceGatewayController] [service] notification.getUnreadCount ok 1975ms
[Nest] 52776  - 2026/08/08 18:25:48     LOG [ServiceGatewayController] [service] notification.getUnreadCount ok 1007ms
[Nest] 52776  - 2026/08/08 18:26:48     LOG [ServiceGatewayController] [service] notification.getUnreadCount ok 1294ms
[Nest] 52776  - 2026/08/08 18:27:51     LOG [ServiceGatewayController] [service] notification.getUnreadCount ok 3635ms
[Nest] 52776  - 2026/08/08 18:28:48     LOG [ServiceGatewayController] [service] notification.getUnreadCount ok 716ms
[Nest] 52776  - 2026/08/08 18:29:48     LOG [ServiceGatewayController] [service] notification.getUnreadCount ok 1138ms
[Nest] 52776  - 2026/08/08 18:30:48     LOG [ServiceGatewayController] [service] notification.getUnreadCount ok 1027ms
[Nest] 52776  - 2026/08/08 18:31:48     LOG [ServiceGatewayController] [service] notification.getUnreadCount ok 1109ms
[Nest] 52776  - 2026/08/08 18:32:49     LOG [ServiceGatewayController] [service] notification.getUnreadCount ok 1559ms
[Nest] 52776  - 2026/08/08 18:33:49     LOG [ServiceGatewayController] [service] notification.getUnreadCount ok 1862ms
[Nest] 52776  - 2026/08/08 18:34:50     LOG [ServiceGatewayController] [service] notification.getUnreadCount ok 3018ms
[Nest] 52776  - 2026/08/08 18:35:48     LOG [ServiceGatewayController] [service] notification.getUnreadCount ok 1296ms
[Nest] 52776  - 2026/08/08 18:36:48     LOG [ServiceGatewayController] [service] notification.getUnreadCount ok 741ms
[Nest] 52776  - 2026/08/08 18:37:48     LOG [ServiceGatewayController] [service] notification.getUnreadCount ok 719ms
[Nest] 52776  - 2026/08/08 18:38:49     LOG [ServiceGatewayController] [service] notification.getUnreadCount ok 2184ms
[Nest] 52776  - 2026/08/08 18:39:49     LOG [ServiceGatewayController] [service] notification.getUnreadCount ok 1476ms
[Nest] 52776  - 2026/08/08 18:40:48     LOG [ServiceGatewayController] [service] notification.getUnreadCount ok 928ms
[Nest] 52776  - 2026/08/08 18:41:48     LOG [ServiceGatewayController] [service] notification.getUnreadCount ok 706ms
[Nest] 52776  - 2026/08/08 18:41:49     LOG [ServiceGatewayController] [service] notification.getUnreadCount ok 644ms
[Nest] 52776  - 2026/08/08 18:41:50     LOG [ServiceGatewayController] [service] lowcode.listItems ok 1280ms
[Nest] 52776  - 2026/08/08 18:41:50     LOG [ServiceGatewayController] [service] lowcode.listItems ok 1303ms
[Nest] 52776  - 2026/08/08 18:41:51     LOG [ServiceGatewayController] [service] entityDesign.listViews ok 838ms
[Nest] 52776  - 2026/08/08 18:42:04     LOG [ServiceGatewayController] [service] lowcode.listItems ok 790ms
[Nest] 52776  - 2026/08/08 18:42:05     LOG [ServiceGatewayController] [service] notification.getUnreadCount ok 874ms
[Nest] 52776  - 2026/08/08 18:42:05     LOG [ServiceGatewayController] [service] lowcode.listItems ok 929ms
[Nest] 52776  - 2026/08/08 18:42:05     LOG [ServiceGatewayController] [service] entityDesign.listViews ok 591ms
[Nest] 52776  - 2026/08/08 18:42:05     LOG [ServiceGatewayController] [service] entityDesign.listViewColumns ok 737ms
[Nest] 52776  - 2026/08/08 18:42:48     LOG [ServiceGatewayController] [service] notification.getUnreadCount ok 701ms
[Nest] 52776  - 2026/08/08 18:43:48     LOG [ServiceGatewayController] [service] notification.getUnreadCount ok 687ms
[Nest] 52776  - 2026/08/08 18:44:48     LOG [ServiceGatewayController] [service] notification.getUnreadCount ok 744ms
[Nest] 52776  - 2026/08/08 18:45:53     LOG [ServiceGatewayController] [service] notification.getUnreadCount ok 5639ms
[Nest] 52776  - 2026/08/08 18:46:48     LOG [ServiceGatewayController] [service] notification.getUnreadCount ok 970ms
[Nest] 52776  - 2026/08/08 18:47:55     LOG [ServiceGatewayController] [service] notification.getUnreadCount ok 7382ms
[Nest] 52776  - 2026/08/08 18:48:48     LOG [ServiceGatewayController] [service] notification.getUnreadCount ok 673ms
[Nest] 52776  - 2026/08/08 18:49:39     LOG [ServiceGatewayController] [service] lowcode.listItems ok 1362ms
[Nest] 52776  - 2026/08/08 18:49:39     LOG [ServiceGatewayController] [service] lowcode.listItems ok 308ms
[Nest] 52776  - 2026/08/08 18:49:48     LOG [ServiceGatewayController] [service] notification.getUnreadCount ok 649ms
[Nest] 52776  - 2026/08/08 18:50:48     LOG [ServiceGatewayController] [service] notification.getUnreadCount ok 973ms
[Nest] 52776  - 2026/08/08 18:51:09     LOG [ServiceGatewayController] [service] lowcode.listItems ok 1255ms
[Nest] 52776  - 2026/08/08 18:51:10     LOG [ServiceGatewayController] [service] lowcode.listItems ok 292ms
[Nest] 52776  - 2026/08/08 18:51:48     LOG [ServiceGatewayController] [service] notification.getUnreadCount ok 736ms
[Nest] 52776  - 2026/08/08 18:52:48     LOG [ServiceGatewayController] [service] notification.getUnreadCount ok 945ms
[Nest] 52776  - 2026/08/08 18:53:49     LOG [ServiceGatewayController] [service] notification.getUnreadCount ok 813ms
[Nest] 52776  - 2026/08/08 18:55:21     LOG [ServiceGatewayController] [service] notification.getUnreadCount ok 1359ms
[Nest] 52776  - 2026/08/08 18:56:30     LOG [ServiceGatewayController] [service] notification.getUnreadCount ok 2684ms
18:57:08 [tsx] change in ./src\lowcode-service\table-page-generator.ts Restarting...
18:57:16 [tsx] change in ./src\lowcode-service\table-page-generator.ts Restarting...
[Nest] 77036  - 2026/08/08 18:57:30     LOG [NestFactory] Starting Nest application...
[Nest] 77036  - 2026/08/08 18:57:30     LOG [InstanceLoader] AccountModule dependencies initialized +34ms
[Nest] 77036  - 2026/08/08 18:57:30     LOG [InstanceLoader] AdminModule dependencies initialized +0ms
[Nest] 77036  - 2026/08/08 18:57:30     LOG [InstanceLoader] PaymentModule dependencies initialized +0ms
[Nest] 77036  - 2026/08/08 18:57:30     LOG [InstanceLoader] UserModule dependencies initialized +0ms
[Nest] 77036  - 2026/08/08 18:57:30     LOG [InstanceLoader] LowCodeModule dependencies initialized +0ms
[Nest] 77036  - 2026/08/08 18:57:30     LOG [InstanceLoader] PostsModule dependencies initialized +0ms
[Nest] 77036  - 2026/08/08 18:57:30     LOG [InstanceLoader] NotificationModule dependencies initialized +0ms
[Nest] 77036  - 2026/08/08 18:57:30     LOG [InstanceLoader] EntityDesignModule dependencies initialized +1ms
[Nest] 77036  - 2026/08/08 18:57:30     LOG [InstanceLoader] FilesModule dependencies initialized +0ms
[Nest] 77036  - 2026/08/08 18:57:30     LOG [InstanceLoader] ChatModule dependencies initialized +0ms
[Nest] 77036  - 2026/08/08 18:57:30     LOG [InstanceLoader] PlanningModule dependencies initialized +0ms
[Nest] 77036  - 2026/08/08 18:57:30     LOG [InstanceLoader] DatabaseModule dependencies initialized +0ms
[Nest] 77036  - 2026/08/08 18:57:30     LOG [InstanceLoader] AuthModule dependencies initialized +0ms
[Nest] 77036  - 2026/08/08 18:57:30     LOG [InstanceLoader] DefinitionModule dependencies initialized +0ms
[Nest] 77036  - 2026/08/08 18:57:30     LOG [InstanceLoader] JobModule dependencies initialized +0ms
[Nest] 77036  - 2026/08/08 18:57:30     LOG [InstanceLoader] RuntimeModule dependencies initialized +0ms
[Nest] 77036  - 2026/08/08 18:57:30     LOG [InstanceLoader] WorkflowModule dependencies initialized +0ms
[Nest] 77036  - 2026/08/08 18:57:30     LOG [InstanceLoader] StandaloneAppModule dependencies initialized +0ms
[Nest] 77036  - 2026/08/08 18:57:33     LOG [RoutesResolver] ServiceGatewayController {/api}: +3325ms
[Nest] 77036  - 2026/08/08 18:57:33     LOG [RouterExplorer] Mapped {/api/service, POST} route +1ms
[Nest] 77036  - 2026/08/08 18:57:33     LOG [RoutesResolver] AuthController {/api/auth}: +1ms
[Nest] 77036  - 2026/08/08 18:57:33     LOG [RouterExplorer] Mapped {/api/auth/signin, POST} route +0ms
[Nest] 77036  - 2026/08/08 18:57:33     LOG [RouterExplorer] Mapped {/api/auth/account-options, GET} route +0ms
[Nest] 77036  - 2026/08/08 18:57:33     LOG [RouterExplorer] Mapped {/api/auth/signup, POST} route +0ms
[Nest] 77036  - 2026/08/08 18:57:33     LOG [RouterExplorer] Mapped {/api/auth/oauth, POST} route +0ms
[Nest] 77036  - 2026/08/08 18:57:33     LOG [RouterExplorer] Mapped {/api/auth/session, POST} route +0ms
[Nest] 77036  - 2026/08/08 18:57:33     LOG [RouterExplorer] Mapped {/api/auth/refresh, POST} route +0ms
[Nest] 77036  - 2026/08/08 18:57:33     LOG [RouterExplorer] Mapped {/api/auth/me, GET} route +0ms
[Nest] 77036  - 2026/08/08 18:57:33     LOG [RouterExplorer] Mapped {/api/auth/select-account, POST} route +1ms
[Nest] 77036  - 2026/08/08 18:57:33     LOG [RouterExplorer] Mapped {/api/auth/signout, POST} route +0ms
[Nest] 77036  - 2026/08/08 18:57:33     LOG [NestApplication] Nest application successfully started +1ms
Standalone API listening on http://localhost:3002/api/service
Domain and workflow services are running in-process; Redis transport is disabled.
18:57:37 [tsx] change in ./src\lowcode-service\table-page-generator.ts Restarting...
[Nest] 4740  - 2026/08/08 18:57:38     LOG [NestFactory] Starting Nest application...
[Nest] 4740  - 2026/08/08 18:57:38     LOG [InstanceLoader] AccountModule dependencies initialized +16ms
[Nest] 4740  - 2026/08/08 18:57:38     LOG [InstanceLoader] AdminModule dependencies initialized +0ms
[Nest] 4740  - 2026/08/08 18:57:38     LOG [InstanceLoader] PaymentModule dependencies initialized +0ms
[Nest] 4740  - 2026/08/08 18:57:38     LOG [InstanceLoader] UserModule dependencies initialized +0ms
[Nest] 4740  - 2026/08/08 18:57:38     LOG [InstanceLoader] LowCodeModule dependencies initialized +0ms
[Nest] 4740  - 2026/08/08 18:57:38     LOG [InstanceLoader] PostsModule dependencies initialized +1ms
[Nest] 4740  - 2026/08/08 18:57:38     LOG [InstanceLoader] NotificationModule dependencies initialized +0ms
[Nest] 4740  - 2026/08/08 18:57:38     LOG [InstanceLoader] EntityDesignModule dependencies initialized +0ms
[Nest] 4740  - 2026/08/08 18:57:38     LOG [InstanceLoader] FilesModule dependencies initialized +0ms
[Nest] 4740  - 2026/08/08 18:57:38     LOG [InstanceLoader] ChatModule dependencies initialized +0ms
[Nest] 4740  - 2026/08/08 18:57:38     LOG [InstanceLoader] PlanningModule dependencies initialized +0ms
[Nest] 4740  - 2026/08/08 18:57:38     LOG [InstanceLoader] DatabaseModule dependencies initialized +0ms
[Nest] 4740  - 2026/08/08 18:57:38     LOG [InstanceLoader] AuthModule dependencies initialized +0ms
[Nest] 4740  - 2026/08/08 18:57:38     LOG [InstanceLoader] DefinitionModule dependencies initialized +0ms
[Nest] 4740  - 2026/08/08 18:57:38     LOG [InstanceLoader] JobModule dependencies initialized +0ms
[Nest] 4740  - 2026/08/08 18:57:38     LOG [InstanceLoader] RuntimeModule dependencies initialized +0ms
[Nest] 4740  - 2026/08/08 18:57:38     LOG [InstanceLoader] WorkflowModule dependencies initialized +0ms
[Nest] 4740  - 2026/08/08 18:57:38     LOG [InstanceLoader] StandaloneAppModule dependencies initialized +0ms
[Nest] 4740  - 2026/08/08 18:57:38     LOG [RoutesResolver] ServiceGatewayController {/api}: +206ms
[Nest] 4740  - 2026/08/08 18:57:38     LOG [RouterExplorer] Mapped {/api/service, POST} route +1ms
[Nest] 4740  - 2026/08/08 18:57:38     LOG [RoutesResolver] AuthController {/api/auth}: +0ms
[Nest] 4740  - 2026/08/08 18:57:38     LOG [RouterExplorer] Mapped {/api/auth/signin, POST} route +0ms
[Nest] 4740  - 2026/08/08 18:57:38     LOG [RouterExplorer] Mapped {/api/auth/account-options, GET} route +0ms
[Nest] 4740  - 2026/08/08 18:57:38     LOG [RouterExplorer] Mapped {/api/auth/signup, POST} route +1ms
[Nest] 4740  - 2026/08/08 18:57:38     LOG [RouterExplorer] Mapped {/api/auth/oauth, POST} route +0ms
[Nest] 4740  - 2026/08/08 18:57:38     LOG [RouterExplorer] Mapped {/api/auth/session, POST} route +0ms
[Nest] 4740  - 2026/08/08 18:57:38     LOG [RouterExplorer] Mapped {/api/auth/refresh, POST} route +0ms
[Nest] 4740  - 2026/08/08 18:57:38     LOG [RouterExplorer] Mapped {/api/auth/me, GET} route +0ms
[Nest] 4740  - 2026/08/08 18:57:38     LOG [RouterExplorer] Mapped {/api/auth/select-account, POST} route +0ms
[Nest] 4740  - 2026/08/08 18:57:38     LOG [RouterExplorer] Mapped {/api/auth/signout, POST} route +0ms
[Nest] 4740  - 2026/08/08 18:57:38     LOG [NestApplication] Nest application successfully started +2ms
Standalone API listening on http://localhost:3002/api/service
Domain and workflow services are running in-process; Redis transport is disabled.
18:57:47 [tsx] change in ./src\lowcode-service\table-page-generator.ts Restarting...
[Nest] 79052  - 2026/08/08 18:57:48     LOG [NestFactory] Starting Nest application...
[Nest] 79052  - 2026/08/08 18:57:48     LOG [InstanceLoader] AccountModule dependencies initialized +18ms
[Nest] 79052  - 2026/08/08 18:57:48     LOG [InstanceLoader] AdminModule dependencies initialized +0ms
[Nest] 79052  - 2026/08/08 18:57:48     LOG [InstanceLoader] PaymentModule dependencies initialized +0ms
[Nest] 79052  - 2026/08/08 18:57:48     LOG [InstanceLoader] UserModule dependencies initialized +0ms
[Nest] 79052  - 2026/08/08 18:57:48     LOG [InstanceLoader] LowCodeModule dependencies initialized +0ms
[Nest] 79052  - 2026/08/08 18:57:48     LOG [InstanceLoader] PostsModule dependencies initialized +0ms
[Nest] 79052  - 2026/08/08 18:57:48     LOG [InstanceLoader] NotificationModule dependencies initialized +0ms
[Nest] 79052  - 2026/08/08 18:57:48     LOG [InstanceLoader] EntityDesignModule dependencies initialized +0ms
[Nest] 79052  - 2026/08/08 18:57:48     LOG [InstanceLoader] FilesModule dependencies initialized +0ms
[Nest] 79052  - 2026/08/08 18:57:48     LOG [InstanceLoader] ChatModule dependencies initialized +0ms
[Nest] 79052  - 2026/08/08 18:57:48     LOG [InstanceLoader] PlanningModule dependencies initialized +0ms
[Nest] 79052  - 2026/08/08 18:57:48     LOG [InstanceLoader] DatabaseModule dependencies initialized +0ms
[Nest] 79052  - 2026/08/08 18:57:48     LOG [InstanceLoader] AuthModule dependencies initialized +0ms
[Nest] 79052  - 2026/08/08 18:57:48     LOG [InstanceLoader] DefinitionModule dependencies initialized +0ms
[Nest] 79052  - 2026/08/08 18:57:48     LOG [InstanceLoader] JobModule dependencies initialized +0ms
[Nest] 79052  - 2026/08/08 18:57:48     LOG [InstanceLoader] RuntimeModule dependencies initialized +0ms
[Nest] 79052  - 2026/08/08 18:57:48     LOG [InstanceLoader] WorkflowModule dependencies initialized +0ms
[Nest] 79052  - 2026/08/08 18:57:48     LOG [InstanceLoader] StandaloneAppModule dependencies initialized +1ms
[Nest] 79052  - 2026/08/08 18:57:48     LOG [RoutesResolver] ServiceGatewayController {/api}: +213ms
[Nest] 79052  - 2026/08/08 18:57:48     LOG [RouterExplorer] Mapped {/api/service, POST} route +1ms
[Nest] 79052  - 2026/08/08 18:57:48     LOG [RoutesResolver] AuthController {/api/auth}: +0ms
[Nest] 79052  - 2026/08/08 18:57:48     LOG [RouterExplorer] Mapped {/api/auth/signin, POST} route +1ms
[Nest] 79052  - 2026/08/08 18:57:48     LOG [RouterExplorer] Mapped {/api/auth/account-options, GET} route +0ms
[Nest] 79052  - 2026/08/08 18:57:48     LOG [RouterExplorer] Mapped {/api/auth/signup, POST} route +0ms
[Nest] 79052  - 2026/08/08 18:57:48     LOG [RouterExplorer] Mapped {/api/auth/oauth, POST} route +0ms
[Nest] 79052  - 2026/08/08 18:57:48     LOG [RouterExplorer] Mapped {/api/auth/session, POST} route +0ms
[Nest] 79052  - 2026/08/08 18:57:48     LOG [RouterExplorer] Mapped {/api/auth/refresh, POST} route +0ms
[Nest] 79052  - 2026/08/08 18:57:48     LOG [RouterExplorer] Mapped {/api/auth/me, GET} route +0ms
[Nest] 79052  - 2026/08/08 18:57:48     LOG [RouterExplorer] Mapped {/api/auth/select-account, POST} route +0ms
[Nest] 79052  - 2026/08/08 18:57:48     LOG [RouterExplorer] Mapped {/api/auth/signout, POST} route +1ms
[Nest] 79052  - 2026/08/08 18:57:48     LOG [NestApplication] Nest application successfully started +1ms
Standalone API listening on http://localhost:3002/api/service
Domain and workflow services are running in-process; Redis transport is disabled.
18:57:55 [tsx] change in ./src\lowcode-service\lowcode.service.ts Restarting...
[Nest] 82744  - 2026/08/08 18:57:56     LOG [NestFactory] Starting Nest application...
[Nest] 82744  - 2026/08/08 18:57:56     LOG [InstanceLoader] AccountModule dependencies initialized +16ms
[Nest] 82744  - 2026/08/08 18:57:56     LOG [InstanceLoader] AdminModule dependencies initialized +0ms
[Nest] 82744  - 2026/08/08 18:57:56     LOG [InstanceLoader] PaymentModule dependencies initialized +1ms
[Nest] 82744  - 2026/08/08 18:57:56     LOG [InstanceLoader] UserModule dependencies initialized +0ms
[Nest] 82744  - 2026/08/08 18:57:56     LOG [InstanceLoader] LowCodeModule dependencies initialized +0ms
[Nest] 82744  - 2026/08/08 18:57:56     LOG [InstanceLoader] PostsModule dependencies initialized +0ms
[Nest] 82744  - 2026/08/08 18:57:56     LOG [InstanceLoader] NotificationModule dependencies initialized +0ms
[Nest] 82744  - 2026/08/08 18:57:56     LOG [InstanceLoader] EntityDesignModule dependencies initialized +0ms
[Nest] 82744  - 2026/08/08 18:57:56     LOG [InstanceLoader] FilesModule dependencies initialized +0ms
[Nest] 82744  - 2026/08/08 18:57:56     LOG [InstanceLoader] ChatModule dependencies initialized +0ms
[Nest] 82744  - 2026/08/08 18:57:56     LOG [InstanceLoader] PlanningModule dependencies initialized +0ms
[Nest] 82744  - 2026/08/08 18:57:56     LOG [InstanceLoader] DatabaseModule dependencies initialized +0ms
[Nest] 82744  - 2026/08/08 18:57:56     LOG [InstanceLoader] AuthModule dependencies initialized +0ms
[Nest] 82744  - 2026/08/08 18:57:56     LOG [InstanceLoader] DefinitionModule dependencies initialized +0ms
[Nest] 82744  - 2026/08/08 18:57:56     LOG [InstanceLoader] JobModule dependencies initialized +0ms
[Nest] 82744  - 2026/08/08 18:57:56     LOG [InstanceLoader] RuntimeModule dependencies initialized +0ms
[Nest] 82744  - 2026/08/08 18:57:56     LOG [InstanceLoader] WorkflowModule dependencies initialized +0ms
[Nest] 82744  - 2026/08/08 18:57:56     LOG [InstanceLoader] StandaloneAppModule dependencies initialized +0ms
[Nest] 82744  - 2026/08/08 18:57:57     LOG [RoutesResolver] ServiceGatewayController {/api}: +201ms
[Nest] 82744  - 2026/08/08 18:57:57     LOG [RouterExplorer] Mapped {/api/service, POST} route +1ms
[Nest] 82744  - 2026/08/08 18:57:57     LOG [RoutesResolver] AuthController {/api/auth}: +0ms
[Nest] 82744  - 2026/08/08 18:57:57     LOG [RouterExplorer] Mapped {/api/auth/signin, POST} route +0ms
[Nest] 82744  - 2026/08/08 18:57:57     LOG [RouterExplorer] Mapped {/api/auth/account-options, GET} route +0ms
[Nest] 82744  - 2026/08/08 18:57:57     LOG [RouterExplorer] Mapped {/api/auth/signup, POST} route +0ms
[Nest] 82744  - 2026/08/08 18:57:57     LOG [RouterExplorer] Mapped {/api/auth/oauth, POST} route +1ms
[Nest] 82744  - 2026/08/08 18:57:57     LOG [RouterExplorer] Mapped {/api/auth/session, POST} route +0ms
[Nest] 82744  - 2026/08/08 18:57:57     LOG [RouterExplorer] Mapped {/api/auth/refresh, POST} route +0ms
[Nest] 82744  - 2026/08/08 18:57:57     LOG [RouterExplorer] Mapped {/api/auth/me, GET} route +0ms
[Nest] 82744  - 2026/08/08 18:57:57     LOG [RouterExplorer] Mapped {/api/auth/select-account, POST} route +0ms
[Nest] 82744  - 2026/08/08 18:57:57     LOG [RouterExplorer] Mapped {/api/auth/signout, POST} route +0ms
[Nest] 82744  - 2026/08/08 18:57:57     LOG [NestApplication] Nest application successfully started +1ms
Standalone API listening on http://localhost:3002/api/service
Domain and workflow services are running in-process; Redis transport is disabled.
[Nest] 82744  - 2026/08/08 18:58:29     LOG [ServiceGatewayController] [service] notification.getUnreadCount ok 1431ms
[Nest] 82744  - 2026/08/08 18:59:28     LOG [ServiceGatewayController] [service] notification.getUnreadCount ok 716ms
[Nest] 82744  - 2026/08/08 19:00:28     LOG [ServiceGatewayController] [service] notification.getUnreadCount ok 1484ms
[Nest] 82744  - 2026/08/08 19:01:28     LOG [ServiceGatewayController] [service] notification.getUnreadCount ok 853ms
[Nest] 82744  - 2026/08/08 19:02:28     LOG [ServiceGatewayController] [service] notification.getUnreadCount ok 703ms
[Nest] 82744  - 2026/08/08 19:03:28     LOG [ServiceGatewayController] [service] notification.getUnreadCount ok 676ms
[Nest] 82744  - 2026/08/08 19:04:28     LOG [ServiceGatewayController] [service] notification.getUnreadCount ok 679ms
[Nest] 82744  - 2026/08/08 19:05:28     LOG [ServiceGatewayController] [service] notification.getUnreadCount ok 701ms
[Nest] 82744  - 2026/08/08 19:06:28     LOG [ServiceGatewayController] [service] notification.getUnreadCount ok 817ms
[Nest] 82744  - 2026/08/08 19:07:28     LOG [ServiceGatewayController] [service] notification.getUnreadCount ok 933ms
[Nest] 82744  - 2026/08/08 19:08:28     LOG [ServiceGatewayController] [service] notification.getUnreadCount ok 1084ms
[Nest] 82744  - 2026/08/09 07:26:34    WARN [ServiceGatewayController] [service] notification.getUnreadCount failed 1667ms: Authentication required. Authentication required. Unauthorized
[Nest] 82744  - 2026/08/09 07:26:51     LOG [ServiceGatewayController] [service] admin.listItems ok 597ms
[Nest] 82744  - 2026/08/09 07:26:53     LOG [ServiceGatewayController] [service] notification.getUnreadCount ok 1068ms
[Nest] 82744  - 2026/08/09 07:26:53     LOG [ServiceGatewayController] [service] admin.listItems ok 1181ms
[Nest] 82744  - 2026/08/09 07:26:53     LOG [ServiceGatewayController] [service] lowcode.listItems ok 1274ms
[Nest] 82744  - 2026/08/09 07:26:54     LOG [ServiceGatewayController] [service] lowcode.listItems ok 1250ms
[Nest] 82744  - 2026/08/09 07:26:55     LOG [ServiceGatewayController] [service] entityDesign.listViewColumns ok 1749ms
[Nest] 82744  - 2026/08/09 07:26:55     LOG [ServiceGatewayController] [service] entityDesign.listViews ok 1970ms
[Nest] 82744  - 2026/08/09 07:27:53     LOG [ServiceGatewayController] [service] notification.getUnreadCount ok 1604ms
[Nest] 82744  - 2026/08/09 07:28:53     LOG [ServiceGatewayController] [service] notification.getUnreadCount ok 1666ms
[Nest] 82744  - 2026/08/09 07:29:53     LOG [ServiceGatewayController] [service] notification.getUnreadCount ok 1449ms
[Nest] 82744  - 2026/08/09 07:30:53     LOG [ServiceGatewayController] [service] notification.getUnreadCount ok 1600ms
[Nest] 82744  - 2026/08/09 07:31:53     LOG [ServiceGatewayController] [service] notification.getUnreadCount ok 1466ms
[Nest] 82744  - 2026/08/09 07:32:53     LOG [ServiceGatewayController] [service] notification.getUnreadCount ok 1824ms
[Nest] 82744  - 2026/08/09 07:33:53     LOG [ServiceGatewayController] [service] notification.getUnreadCount ok 1304ms
[Nest] 82744  - 2026/08/09 07:34:53     LOG [ServiceGatewayController] [service] notification.getUnreadCount ok 2014ms
[Nest] 82744  - 2026/08/09 07:35:53     LOG [ServiceGatewayController] [service] notification.getUnreadCount ok 1762ms
[Nest] 82744  - 2026/08/09 07:36:53     LOG [ServiceGatewayController] [service] notification.getUnreadCount ok 1961ms
[Nest] 82744  - 2026/08/09 07:37:52     LOG [ServiceGatewayController] [service] notification.getUnreadCount ok 816ms
[Nest] 82744  - 2026/08/09 07:38:52     LOG [ServiceGatewayController] [service] notification.getUnreadCount ok 833ms
[Nest] 82744  - 2026/08/09 07:39:52     LOG [ServiceGatewayController] [service] notification.getUnreadCount ok 843ms
[Nest] 82744  - 2026/08/09 07:40:52     LOG [ServiceGatewayController] [service] notification.getUnreadCount ok 678ms
[Nest] 82744  - 2026/08/09 07:41:52     LOG [ServiceGatewayController] [service] notification.getUnreadCount ok 818ms
[Nest] 82744  - 2026/08/09 07:42:52     LOG [ServiceGatewayController] [service] notification.getUnreadCount ok 808ms
[Nest] 82744  - 2026/08/09 07:43:52     LOG [ServiceGatewayController] [service] notification.getUnreadCount ok 679ms
[Nest] 82744  - 2026/08/09 07:44:53     LOG [ServiceGatewayController] [service] notification.getUnreadCount ok 1073ms
[Nest] 82744  - 2026/08/09 07:45:52     LOG [ServiceGatewayController] [service] notification.getUnreadCount ok 803ms
[Nest] 82744  - 2026/08/09 07:46:53     LOG [ServiceGatewayController] [service] notification.getUnreadCount ok 1152ms
[Nest] 82744  - 2026/08/09 07:47:06     LOG [ServiceGatewayController] [service] entityDesign.listViewColumns ok 1051ms
[Nest] 82744  - 2026/08/09 07:47:06     LOG [ServiceGatewayController] [service] entityDesign.listViews ok 1053ms
[Nest] 82744  - 2026/08/09 07:47:34     LOG [ServiceGatewayController] [service] entityDesign.listViews ok 892ms
[Nest] 82744  - 2026/08/09 07:47:34     LOG [ServiceGatewayController] [service] entityDesign.listViewColumns ok 1092ms
[Nest] 82744  - 2026/08/09 07:47:52     LOG [ServiceGatewayController] [service] notification.getUnreadCount ok 907ms
[Nest] 82744  - 2026/08/09 07:48:35     LOG [ServiceGatewayController] [service] entityDesign.listViewColumns ok 1317ms
[Nest] 82744  - 2026/08/09 07:48:35     LOG [ServiceGatewayController] [service] entityDesign.listViews ok 1319ms
[Nest] 82744  - 2026/08/09 07:48:46     LOG [ServiceGatewayController] [service] entityDesign.listViewColumns ok 2113ms
[Nest] 82744  - 2026/08/09 07:48:46     LOG [ServiceGatewayController] [service] entityDesign.listViews ok 2687ms
[Nest] 82744  - 2026/08/09 07:48:52     LOG [ServiceGatewayController] [service] notification.getUnreadCount ok 602ms
[Nest] 82744  - 2026/08/09 07:49:20     LOG [ServiceGatewayController] [service] entityDesign.listViewColumns ok 2811ms
[Nest] 82744  - 2026/08/09 07:49:21     LOG [ServiceGatewayController] [service] entityDesign.listViews ok 3764ms
[Nest] 82744  - 2026/08/09 07:49:52     LOG [ServiceGatewayController] [service] notification.getUnreadCount ok 668ms
[Nest] 82744  - 2026/08/09 07:50:18     LOG [ServiceGatewayController] [service] entityDesign.listViews ok 2236ms
[Nest] 82744  - 2026/08/09 07:50:18     LOG [ServiceGatewayController] [service] entityDesign.listViewColumns ok 2456ms
[Nest] 82744  - 2026/08/09 07:50:31     LOG [ServiceGatewayController] [service] admin.listItems ok 292ms
[Nest] 82744  - 2026/08/09 07:50:32     LOG [ServiceGatewayController] [service] notification.getUnreadCount ok 455ms
[Nest] 82744  - 2026/08/09 07:50:32     LOG [ServiceGatewayController] [service] admin.listItems ok 521ms
[Nest] 82744  - 2026/08/09 07:50:32     LOG [ServiceGatewayController] [service] lowcode.listItems ok 723ms
[Nest] 82744  - 2026/08/09 07:50:33     LOG [ServiceGatewayController] [service] lowcode.listItems ok 617ms
[Nest] 82744  - 2026/08/09 07:50:33     LOG [ServiceGatewayController] [service] entityDesign.listViews ok 726ms
[Nest] 82744  - 2026/08/09 07:50:33     LOG [ServiceGatewayController] [service] entityDesign.listViewColumns ok 838ms
[Nest] 82744  - 2026/08/09 07:50:36     LOG [ServiceGatewayController] [service] notification.getUnreadCount ok 443ms
[Nest] 82744  - 2026/08/09 07:50:37     LOG [ServiceGatewayController] [service] lowcode.listItems ok 629ms
[Nest] 82744  - 2026/08/09 07:50:37     LOG [ServiceGatewayController] [service] notification.getUnreadCount ok 439ms
[Nest] 82744  - 2026/08/09 07:50:37     LOG [ServiceGatewayController] [service] notification.getUnreadCount ok 467ms
[Nest] 82744  - 2026/08/09 07:50:37     LOG [ServiceGatewayController] [service] admin.listItems ok 497ms
[Nest] 82744  - 2026/08/09 07:50:37     LOG [ServiceGatewayController] [service] entityDesign.listViews ok 552ms
[Nest] 82744  - 2026/08/09 07:50:37     LOG [ServiceGatewayController] [service] entityDesign.listViewColumns ok 709ms
[Nest] 82744  - 2026/08/09 07:50:38     LOG [ServiceGatewayController] [service] lowcode.listItems ok 623ms
[Nest] 82744  - 2026/08/09 07:50:42     LOG [ServiceGatewayController] [service] entityDesign.listViewColumns ok 1165ms
[Nest] 82744  - 2026/08/09 07:50:42     LOG [ServiceGatewayController] [service] entityDesign.listViews ok 1169ms
[Nest] 82744  - 2026/08/09 07:50:51     LOG [ServiceGatewayController] [service] admin.listItems ok 288ms
[Nest] 82744  - 2026/08/09 07:50:51     LOG [ServiceGatewayController] [service] notification.getUnreadCount ok 481ms
[Nest] 82744  - 2026/08/09 07:50:51     LOG [ServiceGatewayController] [service] admin.listItems ok 501ms
[Nest] 82744  - 2026/08/09 07:50:51     LOG [ServiceGatewayController] [service] lowcode.listItems ok 667ms
[Nest] 82744  - 2026/08/09 07:50:52     LOG [ServiceGatewayController] [service] lowcode.listItems ok 643ms
[Nest] 82744  - 2026/08/09 07:50:52     LOG [ServiceGatewayController] [service] entityDesign.listViews ok 843ms
[Nest] 82744  - 2026/08/09 07:50:52     LOG [ServiceGatewayController] [service] entityDesign.listViewColumns ok 983ms
[Nest] 82744  - 2026/08/09 07:51:52     LOG [ServiceGatewayController] [service] notification.getUnreadCount ok 1770ms
[Nest] 82744  - 2026/08/09 07:52:21     LOG [ServiceGatewayController] [service] entityDesign.listViews ok 2310ms
[Nest] 82744  - 2026/08/09 07:52:21     LOG [ServiceGatewayController] [service] entityDesign.listViewColumns ok 2343ms
[Nest] 82744  - 2026/08/09 07:52:53     LOG [ServiceGatewayController] [service] notification.getUnreadCount ok 2345ms
[Nest] 82744  - 2026/08/09 07:53:47     LOG [ServiceGatewayController] [service] admin.listItems ok 283ms
[Nest] 82744  - 2026/08/09 07:53:48     LOG [ServiceGatewayController] [service] notification.getUnreadCount ok 1091ms
[Nest] 82744  - 2026/08/09 07:53:48     LOG [ServiceGatewayController] [service] admin.listItems ok 1162ms
[Nest] 82744  - 2026/08/09 07:53:48     LOG [ServiceGatewayController] [service] lowcode.listItems ok 1170ms
[Nest] 82744  - 2026/08/09 07:53:49     LOG [ServiceGatewayController] [service] lowcode.listItems ok 639ms
[Nest] 82744  - 2026/08/09 07:53:49     LOG [ServiceGatewayController] [service] entityDesign.listViewColumns ok 732ms
[Nest] 82744  - 2026/08/09 07:53:49     LOG [ServiceGatewayController] [service] entityDesign.listViews ok 739ms
[Nest] 82744  - 2026/08/09 07:54:48     LOG [ServiceGatewayController] [service] notification.getUnreadCount ok 854ms
[Nest] 82744  - 2026/08/09 07:55:24     LOG [ServiceGatewayController] [service] entityDesign.listViewColumns ok 2330ms
[Nest] 82744  - 2026/08/09 07:55:24     LOG [ServiceGatewayController] [service] entityDesign.listViews ok 2473ms
[Nest] 82744  - 2026/08/09 07:55:43     LOG [ServiceGatewayController] [service] admin.listItems ok 293ms
[Nest] 82744  - 2026/08/09 07:55:43     LOG [ServiceGatewayController] [service] notification.getUnreadCount ok 476ms
[Nest] 82744  - 2026/08/09 07:55:43     LOG [ServiceGatewayController] [service] admin.listItems ok 512ms
[Nest] 82744  - 2026/08/09 07:55:43     LOG [ServiceGatewayController] [service] lowcode.listItems ok 667ms
[Nest] 82744  - 2026/08/09 07:55:44     LOG [ServiceGatewayController] [service] lowcode.listItems ok 639ms
[Nest] 82744  - 2026/08/09 07:55:44     LOG [ServiceGatewayController] [service] entityDesign.listViewColumns ok 735ms
[Nest] 82744  - 2026/08/09 07:55:44     LOG [ServiceGatewayController] [service] entityDesign.listViews ok 746ms
[Nest] 82744  - 2026/08/09 07:55:50     LOG [ServiceGatewayController] [service] admin.listItems ok 283ms
[Nest] 82744  - 2026/08/09 07:55:51     LOG [ServiceGatewayController] [service] notification.getUnreadCount ok 472ms
[Nest] 82744  - 2026/08/09 07:55:51     LOG [ServiceGatewayController] [service] admin.listItems ok 481ms
[Nest] 82744  - 2026/08/09 07:55:51     LOG [ServiceGatewayController] [service] lowcode.listItems ok 650ms
[Nest] 82744  - 2026/08/09 07:55:51     LOG [ServiceGatewayController] [service] lowcode.listItems ok 623ms
[Nest] 82744  - 2026/08/09 07:55:52     LOG [ServiceGatewayController] [service] entityDesign.listViewColumns ok 718ms
[Nest] 82744  - 2026/08/09 07:55:52     LOG [ServiceGatewayController] [service] entityDesign.listViews ok 733ms
[Nest] 82744  - 2026/08/09 07:56:36     LOG [ServiceGatewayController] [service] entityDesign.listViews ok 2045ms
[Nest] 82744  - 2026/08/09 07:56:36     LOG [ServiceGatewayController] [service] entityDesign.listViewColumns ok 2441ms
[Nest] 82744  - 2026/08/09 07:56:51     LOG [ServiceGatewayController] [service] notification.getUnreadCount ok 604ms
[Nest] 82744  - 2026/08/09 07:57:32     LOG [ServiceGatewayController] [service] entityDesign.listViews ok 2593ms
[Nest] 82744  - 2026/08/09 07:57:32     LOG [ServiceGatewayController] [service] entityDesign.listViewColumns ok 3009ms
[Nest] 82744  - 2026/08/09 07:57:41     LOG [ServiceGatewayController] [service] entityDesign.listViews ok 2281ms
[Nest] 82744  - 2026/08/09 07:57:41     LOG [ServiceGatewayController] [service] entityDesign.listViewColumns ok 2285ms
[Nest] 82744  - 2026/08/09 07:57:50     LOG [ServiceGatewayController] [service] admin.listItems ok 785ms
[Nest] 82744  - 2026/08/09 07:57:51     LOG [ServiceGatewayController] [service] notification.getUnreadCount ok 931ms
[Nest] 82744  - 2026/08/09 07:57:51     LOG [ServiceGatewayController] [service] admin.listItems ok 948ms
[Nest] 82744  - 2026/08/09 07:57:52     LOG [ServiceGatewayController] [service] lowcode.listItems ok 1268ms
[Nest] 82744  - 2026/08/09 07:57:53     LOG [ServiceGatewayController] [service] lowcode.listItems ok 1454ms
[Nest] 82744  - 2026/08/09 07:57:53     LOG [ServiceGatewayController] [service] entityDesign.listViews ok 1524ms
[Nest] 82744  - 2026/08/09 07:57:53     LOG [ServiceGatewayController] [service] entityDesign.listViewColumns ok 1525ms
[Nest] 82744  - 2026/08/09 07:58:52     LOG [ServiceGatewayController] [service] notification.getUnreadCount ok 1963ms
[Nest] 82744  - 2026/08/09 07:58:53     LOG [ServiceGatewayController] [service] entityDesign.listViews ok 1965ms
[Nest] 82744  - 2026/08/09 07:58:54     LOG [ServiceGatewayController] [service] entityDesign.listViewColumns ok 2247ms
[Nest] 82744  - 2026/08/09 07:59:05     LOG [ServiceGatewayController] [service] entityDesign.listViews ok 2015ms
[Nest] 82744  - 2026/08/09 07:59:05     LOG [ServiceGatewayController] [service] entityDesign.listViewColumns ok 2013ms
[Nest] 82744  - 2026/08/09 07:59:52     LOG [ServiceGatewayController] [service] notification.getUnreadCount ok 1412ms
[Nest] 82744  - 2026/08/09 08:00:18     LOG [ServiceGatewayController] [service] admin.listItems ok 287ms
[Nest] 82744  - 2026/08/09 08:00:18     LOG [ServiceGatewayController] [service] notification.getUnreadCount ok 497ms
[Nest] 82744  - 2026/08/09 08:00:18     LOG [ServiceGatewayController] [service] admin.listItems ok 518ms
[Nest] 82744  - 2026/08/09 08:00:19     LOG [ServiceGatewayController] [service] lowcode.listItems ok 682ms
[Nest] 82744  - 2026/08/09 08:00:19     LOG [ServiceGatewayController] [service] lowcode.listItems ok 654ms
[Nest] 82744  - 2026/08/09 08:00:20     LOG [ServiceGatewayController] [service] entityDesign.listViewColumns ok 1113ms
[Nest] 82744  - 2026/08/09 08:00:20     LOG [ServiceGatewayController] [service] entityDesign.listViews ok 1138ms
[Nest] 82744  - 2026/08/09 08:01:19     LOG [ServiceGatewayController] [service] notification.getUnreadCount ok 941ms
[Nest] 82744  - 2026/08/09 08:01:19     LOG [ServiceGatewayController] [service] entityDesign.listViewColumns ok 2356ms
[Nest] 82744  - 2026/08/09 08:01:19     LOG [ServiceGatewayController] [service] entityDesign.listViews ok 2524ms
[Nest] 82744  - 2026/08/09 08:02:20     LOG [ServiceGatewayController] [service] notification.getUnreadCount ok 1873ms
[Nest] 82744  - 2026/08/09 08:03:05     LOG [ServiceGatewayController] [service] admin.listItems ok 603ms
[Nest] 82744  - 2026/08/09 08:03:06     LOG [ServiceGatewayController] [service] notification.getUnreadCount ok 946ms
[Nest] 82744  - 2026/08/09 08:03:06     LOG [ServiceGatewayController] [service] admin.listItems ok 981ms
[Nest] 82744  - 2026/08/09 08:03:06     LOG [ServiceGatewayController] [service] lowcode.listItems ok 1311ms
[Nest] 82744  - 2026/08/09 08:03:07     LOG [ServiceGatewayController] [service] lowcode.listItems ok 1292ms
[Nest] 82744  - 2026/08/09 08:03:08     LOG [ServiceGatewayController] [service] entityDesign.listViewColumns ok 2006ms
[Nest] 82744  - 2026/08/09 08:03:08     LOG [ServiceGatewayController] [service] entityDesign.listViews ok 2082ms
[Nest] 82744  - 2026/08/09 08:03:13     LOG [ServiceGatewayController] [service] entityDesign.listViews ok 1778ms
[Nest] 82744  - 2026/08/09 08:03:13     LOG [ServiceGatewayController] [service] entityDesign.listViewColumns ok 1784ms
[Nest] 82744  - 2026/08/09 08:04:06     LOG [ServiceGatewayController] [service] notification.getUnreadCount ok 1319ms
[Nest] 82744  - 2026/08/09 08:05:07     LOG [ServiceGatewayController] [service] notification.getUnreadCount ok 2017ms
[Nest] 82744  - 2026/08/09 08:06:07     LOG [ServiceGatewayController] [service] notification.getUnreadCount ok 1561ms
[Nest] 82744  - 2026/08/09 08:07:06     LOG [ServiceGatewayController] [service] notification.getUnreadCount ok 1262ms
[Nest] 82744  - 2026/08/09 08:08:07     LOG [ServiceGatewayController] [service] notification.getUnreadCount ok 1822ms
[Nest] 82744  - 2026/08/09 08:09:06     LOG [ServiceGatewayController] [service] notification.getUnreadCount ok 686ms
[Nest] 82744  - 2026/08/09 08:10:06     LOG [ServiceGatewayController] [service] notification.getUnreadCount ok 647ms
[Nest] 82744  - 2026/08/09 08:11:06     LOG [ServiceGatewayController] [service] notification.getUnreadCount ok 662ms
[Nest] 82744  - 2026/08/09 08:12:06     LOG [ServiceGatewayController] [service] notification.getUnreadCount ok 786ms
[Nest] 82744  - 2026/08/09 08:13:06     LOG [ServiceGatewayController] [service] notification.getUnreadCount ok 670ms
[Nest] 82744  - 2026/08/09 08:14:06     LOG [ServiceGatewayController] [service] notification.getUnreadCount ok 687ms
[Nest] 82744  - 2026/08/09 08:15:06     LOG [ServiceGatewayController] [service] notification.getUnreadCount ok 1088ms
[Nest] 82744  - 2026/08/09 08:16:33     LOG [ServiceGatewayController] [service] notification.getUnreadCount ok 976ms
[Nest] 82744  - 2026/08/09 08:17:33     LOG [ServiceGatewayController] [service] notification.getUnreadCount ok 670ms
[Nest] 82744  - 2026/08/09 08:18:34     LOG [ServiceGatewayController] [service] notification.getUnreadCount ok 1329ms
[Nest] 82744  - 2026/08/09 08:19:33     LOG [ServiceGatewayController] [service] notification.getUnreadCount ok 671ms
[Nest] 82744  - 2026/08/09 08:20:33     LOG [ServiceGatewayController] [service] notification.getUnreadCount ok 796ms
[Nest] 82744  - 2026/08/09 08:21:33     LOG [ServiceGatewayController] [service] notification.getUnreadCount ok 1306ms
[Nest] 82744  - 2026/08/09 08:22:33     LOG [ServiceGatewayController] [service] notification.getUnreadCount ok 976ms
[Nest] 82744  - 2026/08/09 08:23:33     LOG [ServiceGatewayController] [service] notification.getUnreadCount ok 1285ms
[Nest] 82744  - 2026/08/09 08:24:33     LOG [ServiceGatewayController] [service] notification.getUnreadCount ok 1052ms
[Nest] 82744  - 2026/08/09 08:25:33     LOG [ServiceGatewayController] [service] notification.getUnreadCount ok 646ms
[Nest] 82744  - 2026/08/09 08:26:33     LOG [ServiceGatewayController] [service] notification.getUnreadCount ok 676ms
[Nest] 82744  - 2026/08/09 08:27:11     LOG [ServiceGatewayController] [service] notification.getUnreadCount ok 636ms
[Nest] 82744  - 2026/08/09 08:27:18    WARN [ServiceGatewayController] [service] lowcode.listItems failed 298ms: JWT expired JWT expired Forbidden
[Nest] 82744  - 2026/08/09 08:27:18    WARN [ServiceGatewayController] [service] lowcode.listItems failed 305ms: JWT expired JWT expired Forbidden
[Nest] 82744  - 2026/08/09 08:27:18    WARN [ServiceGatewayController] [service] notification.getUnreadCount failed 417ms: JWT expired JWT expired Forbidden
[Nest] 82744  - 2026/08/09 08:27:20     LOG [ServiceGatewayController] [service] notification.getUnreadCount ok 625ms
[Nest] 82744  - 2026/08/09 08:27:20     LOG [ServiceGatewayController] [service] lowcode.listItems ok 1418ms
[Nest] 82744  - 2026/08/09 08:27:20     LOG [ServiceGatewayController] [service] lowcode.listItems ok 1417ms
[Nest] 82744  - 2026/08/09 08:27:21     LOG [ServiceGatewayController] [service] admin.listItems ok 618ms
[Nest] 82744  - 2026/08/09 08:28:06     LOG [ServiceGatewayController] [service] notification.getUnreadCount ok 771ms
[Nest] 82744  - 2026/08/09 08:29:07     LOG [ServiceGatewayController] [service] notification.getUnreadCount ok 1702ms
[Nest] 82744  - 2026/08/09 08:30:06     LOG [ServiceGatewayController] [service] notification.getUnreadCount ok 664ms
[Nest] 82744  - 2026/08/09 08:31:06     LOG [ServiceGatewayController] [service] notification.getUnreadCount ok 818ms
[Nest] 82744  - 2026/08/09 08:32:06     LOG [ServiceGatewayController] [service] notification.getUnreadCount ok 1155ms
[Nest] 82744  - 2026/08/09 08:33:33     LOG [ServiceGatewayController] [service] notification.getUnreadCount ok 966ms
[Nest] 82744  - 2026/08/09 08:34:33     LOG [ServiceGatewayController] [service] notification.getUnreadCount ok 812ms
[Nest] 82744  - 2026/08/09 08:35:01     LOG [ServiceGatewayController] [service] admin.listItems ok 309ms
[Nest] 82744  - 2026/08/09 08:35:01     LOG [ServiceGatewayController] [service] notification.getUnreadCount ok 507ms
[Nest] 82744  - 2026/08/09 08:35:02     LOG [ServiceGatewayController] [service] admin.listItems ok 518ms
[Nest] 82744  - 2026/08/09 08:35:02     LOG [ServiceGatewayController] [service] lowcode.listItems ok 716ms
[Nest] 82744  - 2026/08/09 08:35:02     LOG [ServiceGatewayController] [service] admin.listItems ok 294ms
[Nest] 82744  - 2026/08/09 08:35:02     LOG [ServiceGatewayController] [service] lowcode.listItems ok 660ms
[Nest] 82744  - 2026/08/09 08:36:02     LOG [ServiceGatewayController] [service] notification.getUnreadCount ok 1108ms
[Nest] 82744  - 2026/08/09 08:37:02     LOG [ServiceGatewayController] [service] notification.getUnreadCount ok 686ms
[Nest] 82744  - 2026/08/09 08:37:48     LOG [ServiceGatewayController] [service] admin.listItems ok 292ms
[Nest] 82744  - 2026/08/09 08:37:48     LOG [ServiceGatewayController] [service] notification.getUnreadCount ok 474ms
[Nest] 82744  - 2026/08/09 08:37:48     LOG [ServiceGatewayController] [service] admin.listItems ok 505ms
[Nest] 82744  - 2026/08/09 08:37:48     LOG [ServiceGatewayController] [service] lowcode.listItems ok 635ms
[Nest] 82744  - 2026/08/09 08:37:49     LOG [ServiceGatewayController] [service] lowcode.listItems ok 640ms
[Nest] 82744  - 2026/08/09 08:37:49     LOG [ServiceGatewayController] [service] admin.listItems ok 275ms
[Nest] 82744  - 2026/08/09 08:38:49     LOG [ServiceGatewayController] [service] notification.getUnreadCount ok 665ms
[Nest] 82744  - 2026/08/09 08:39:24     LOG [ServiceGatewayController] [service] admin.listItems ok 1176ms
[Nest] 82744  - 2026/08/09 08:39:24     LOG [ServiceGatewayController] [service] admin.listItems ok 895ms
[Nest] 82744  - 2026/08/09 08:39:25     LOG [ServiceGatewayController] [service] notification.getUnreadCount ok 972ms
[Nest] 82744  - 2026/08/09 08:39:25     LOG [ServiceGatewayController] [service] lowcode.listItems ok 1661ms
[Nest] 82744  - 2026/08/09 08:39:26     LOG [ServiceGatewayController] [service] admin.listItems ok 584ms
[Nest] 82744  - 2026/08/09 08:39:27     LOG [ServiceGatewayController] [service] lowcode.listItems ok 2060ms
[Nest] 82744  - 2026/08/09 08:40:26     LOG [ServiceGatewayController] [service] notification.getUnreadCount ok 1852ms
[Nest] 82744  - 2026/08/09 08:41:26     LOG [ServiceGatewayController] [service] notification.getUnreadCount ok 2067ms
[Nest] 82744  - 2026/08/09 08:42:23     LOG [ServiceGatewayController] [service] admin.listItems ok 2159ms
[Nest] 82744  - 2026/08/09 08:42:25     LOG [ServiceGatewayController] [service] notification.getUnreadCount ok 683ms
[Nest] 82744  - 2026/08/09 08:42:59     LOG [ServiceGatewayController] [service] admin.listItems ok 583ms
[Nest] 82744  - 2026/08/09 08:42:59     LOG [ServiceGatewayController] [service] notification.getUnreadCount ok 941ms
[Nest] 82744  - 2026/08/09 08:43:00     LOG [ServiceGatewayController] [service] admin.listItems ok 972ms
[Nest] 82744  - 2026/08/09 08:43:00     LOG [ServiceGatewayController] [service] lowcode.listItems ok 1738ms
[Nest] 82744  - 2026/08/09 08:43:01     LOG [ServiceGatewayController] [service] lowcode.listItems ok 1581ms
[Nest] 82744  - 2026/08/09 08:43:01     LOG [ServiceGatewayController] [service] admin.listItems ok 954ms
[Nest] 82744  - 2026/08/09 08:44:01     LOG [ServiceGatewayController] [service] notification.getUnreadCount ok 1588ms
08:44:15 [tsx] change in ./src\planning-service\planning.module.ts Restarting...
[Nest] 44076  - 2026/08/09 08:44:33     LOG [NestFactory] Starting Nest application...
[Nest] 44076  - 2026/08/09 08:44:33     LOG [InstanceLoader] AccountModule dependencies initialized +33ms
[Nest] 44076  - 2026/08/09 08:44:33     LOG [InstanceLoader] AdminModule dependencies initialized +0ms
[Nest] 44076  - 2026/08/09 08:44:33     LOG [InstanceLoader] PaymentModule dependencies initialized +1ms
[Nest] 44076  - 2026/08/09 08:44:33     LOG [InstanceLoader] UserModule dependencies initialized +0ms
[Nest] 44076  - 2026/08/09 08:44:33     LOG [InstanceLoader] LowCodeModule dependencies initialized +0ms
[Nest] 44076  - 2026/08/09 08:44:33     LOG [InstanceLoader] PostsModule dependencies initialized +0ms
[Nest] 44076  - 2026/08/09 08:44:33     LOG [InstanceLoader] NotificationModule dependencies initialized +0ms
[Nest] 44076  - 2026/08/09 08:44:33     LOG [InstanceLoader] EntityDesignModule dependencies initialized +0ms
[Nest] 44076  - 2026/08/09 08:44:33     LOG [InstanceLoader] FilesModule dependencies initialized +0ms
[Nest] 44076  - 2026/08/09 08:44:33     LOG [InstanceLoader] ChatModule dependencies initialized +0ms
[Nest] 44076  - 2026/08/09 08:44:33     LOG [InstanceLoader] DatabaseModule dependencies initialized +0ms
[Nest] 44076  - 2026/08/09 08:44:33     LOG [InstanceLoader] AuthModule dependencies initialized +0ms
[Nest] 44076  - 2026/08/09 08:44:33     LOG [InstanceLoader] DefinitionModule dependencies initialized +0ms
[Nest] 44076  - 2026/08/09 08:44:33     LOG [InstanceLoader] JobModule dependencies initialized +0ms
[Nest] 44076  - 2026/08/09 08:44:33     LOG [InstanceLoader] PlanningModule dependencies initialized +0ms
[Nest] 44076  - 2026/08/09 08:44:33     LOG [InstanceLoader] RuntimeModule dependencies initialized +0ms
[Nest] 44076  - 2026/08/09 08:44:33     LOG [InstanceLoader] WorkflowModule dependencies initialized +0ms
[Nest] 44076  - 2026/08/09 08:44:33     LOG [InstanceLoader] StandaloneAppModule dependencies initialized +0ms
[Nest] 44076  - 2026/08/09 08:44:36     LOG [RoutesResolver] ServiceGatewayController {/api}: +2764ms
[Nest] 44076  - 2026/08/09 08:44:36     LOG [RouterExplorer] Mapped {/api/service, POST} route +2ms
[Nest] 44076  - 2026/08/09 08:44:36     LOG [RoutesResolver] AuthController {/api/auth}: +0ms
[Nest] 44076  - 2026/08/09 08:44:36     LOG [RouterExplorer] Mapped {/api/auth/signin, POST} route +0ms
[Nest] 44076  - 2026/08/09 08:44:36     LOG [RouterExplorer] Mapped {/api/auth/account-options, GET} route +0ms
[Nest] 44076  - 2026/08/09 08:44:36     LOG [RouterExplorer] Mapped {/api/auth/signup, POST} route +0ms
[Nest] 44076  - 2026/08/09 08:44:36     LOG [RouterExplorer] Mapped {/api/auth/oauth, POST} route +0ms
[Nest] 44076  - 2026/08/09 08:44:36     LOG [RouterExplorer] Mapped {/api/auth/session, POST} route +0ms
[Nest] 44076  - 2026/08/09 08:44:36     LOG [RouterExplorer] Mapped {/api/auth/refresh, POST} route +0ms
[Nest] 44076  - 2026/08/09 08:44:36     LOG [RouterExplorer] Mapped {/api/auth/me, GET} route +0ms
[Nest] 44076  - 2026/08/09 08:44:36     LOG [RouterExplorer] Mapped {/api/auth/select-account, POST} route +1ms
[Nest] 44076  - 2026/08/09 08:44:36     LOG [RouterExplorer] Mapped {/api/auth/signout, POST} route +0ms
[Nest] 44076  - 2026/08/09 08:44:36     LOG [NestApplication] Nest application successfully started +1ms
Standalone API listening on http://localhost:3002/api/service
Domain and workflow services are running in-process; Redis transport is disabled.
[Nest] 44076  - 2026/08/09 08:44:41     LOG [ServiceGatewayController] [service] admin.listItems ok 647ms
[Nest] 44076  - 2026/08/09 08:44:43     LOG [ServiceGatewayController] [service] notification.getUnreadCount ok 978ms
[Nest] 44076  - 2026/08/09 08:44:43     LOG [ServiceGatewayController] [service] admin.listItems ok 997ms
[Nest] 44076  - 2026/08/09 08:44:43     LOG [ServiceGatewayController] [service] lowcode.listItems ok 1324ms
[Nest] 44076  - 2026/08/09 08:44:44     LOG [ServiceGatewayController] [service] admin.listItems ok 587ms
[Nest] 44076  - 2026/08/09 08:44:44     LOG [ServiceGatewayController] [service] lowcode.listItems ok 1268ms
08:44:44 [tsx] change in ./src\planning-service\planning.service.ts Restarting...
[Nest] 55676  - 2026/08/09 08:44:46     LOG [NestFactory] Starting Nest application...
[Nest] 55676  - 2026/08/09 08:44:46     LOG [InstanceLoader] AccountModule dependencies initialized +23ms
[Nest] 55676  - 2026/08/09 08:44:46     LOG [InstanceLoader] AdminModule dependencies initialized +0ms
[Nest] 55676  - 2026/08/09 08:44:46     LOG [InstanceLoader] PaymentModule dependencies initialized +0ms
[Nest] 55676  - 2026/08/09 08:44:46     LOG [InstanceLoader] UserModule dependencies initialized +0ms
[Nest] 55676  - 2026/08/09 08:44:46     LOG [InstanceLoader] LowCodeModule dependencies initialized +0ms
[Nest] 55676  - 2026/08/09 08:44:46     LOG [InstanceLoader] PostsModule dependencies initialized +0ms
[Nest] 55676  - 2026/08/09 08:44:46     LOG [InstanceLoader] NotificationModule dependencies initialized +0ms
[Nest] 55676  - 2026/08/09 08:44:46     LOG [InstanceLoader] EntityDesignModule dependencies initialized +0ms
[Nest] 55676  - 2026/08/09 08:44:46     LOG [InstanceLoader] FilesModule dependencies initialized +0ms
[Nest] 55676  - 2026/08/09 08:44:46     LOG [InstanceLoader] ChatModule dependencies initialized +0ms
[Nest] 55676  - 2026/08/09 08:44:46     LOG [InstanceLoader] DatabaseModule dependencies initialized +1ms
[Nest] 55676  - 2026/08/09 08:44:46     LOG [InstanceLoader] AuthModule dependencies initialized +0ms
[Nest] 55676  - 2026/08/09 08:44:46     LOG [InstanceLoader] DefinitionModule dependencies initialized +0ms
[Nest] 55676  - 2026/08/09 08:44:46     LOG [InstanceLoader] JobModule dependencies initialized +0ms
[Nest] 55676  - 2026/08/09 08:44:46     LOG [InstanceLoader] PlanningModule dependencies initialized +0ms
[Nest] 55676  - 2026/08/09 08:44:46     LOG [InstanceLoader] RuntimeModule dependencies initialized +0ms
[Nest] 55676  - 2026/08/09 08:44:46     LOG [InstanceLoader] WorkflowModule dependencies initialized +0ms
[Nest] 55676  - 2026/08/09 08:44:46     LOG [InstanceLoader] StandaloneAppModule dependencies initialized +0ms
[Nest] 55676  - 2026/08/09 08:44:46     LOG [RoutesResolver] ServiceGatewayController {/api}: +215ms
[Nest] 55676  - 2026/08/09 08:44:46     LOG [RouterExplorer] Mapped {/api/service, POST} route +2ms
[Nest] 55676  - 2026/08/09 08:44:46     LOG [RoutesResolver] AuthController {/api/auth}: +0ms
[Nest] 55676  - 2026/08/09 08:44:46     LOG [RouterExplorer] Mapped {/api/auth/signin, POST} route +0ms
[Nest] 55676  - 2026/08/09 08:44:46     LOG [RouterExplorer] Mapped {/api/auth/account-options, GET} route +0ms
[Nest] 55676  - 2026/08/09 08:44:46     LOG [RouterExplorer] Mapped {/api/auth/signup, POST} route +0ms
[Nest] 55676  - 2026/08/09 08:44:46     LOG [RouterExplorer] Mapped {/api/auth/oauth, POST} route +1ms
[Nest] 55676  - 2026/08/09 08:44:46     LOG [RouterExplorer] Mapped {/api/auth/session, POST} route +0ms
[Nest] 55676  - 2026/08/09 08:44:46     LOG [RouterExplorer] Mapped {/api/auth/refresh, POST} route +0ms
[Nest] 55676  - 2026/08/09 08:44:46     LOG [RouterExplorer] Mapped {/api/auth/me, GET} route +0ms
[Nest] 55676  - 2026/08/09 08:44:46     LOG [RouterExplorer] Mapped {/api/auth/select-account, POST} route +0ms
[Nest] 55676  - 2026/08/09 08:44:46     LOG [RouterExplorer] Mapped {/api/auth/signout, POST} route +0ms
[Nest] 55676  - 2026/08/09 08:44:46     LOG [NestApplication] Nest application successfully started +2ms
Standalone API listening on http://localhost:3002/api/service
Domain and workflow services are running in-process; Redis transport is disabled.
[Nest] 55676  - 2026/08/09 08:45:44     LOG [ServiceGatewayController] [service] notification.getUnreadCount ok 1697ms
08:50:26 [tsx] change in ./src\planning-service\execution\planning-engine-result.ts Restarting...
[Nest] 89660  - 2026/08/09 08:50:27     LOG [NestFactory] Starting Nest application...
[Nest] 89660  - 2026/08/09 08:50:27     LOG [InstanceLoader] AccountModule dependencies initialized +18ms
[Nest] 89660  - 2026/08/09 08:50:27     LOG [InstanceLoader] AdminModule dependencies initialized +0ms
[Nest] 89660  - 2026/08/09 08:50:27     LOG [InstanceLoader] PaymentModule dependencies initialized +0ms
[Nest] 89660  - 2026/08/09 08:50:27     LOG [InstanceLoader] UserModule dependencies initialized +0ms
[Nest] 89660  - 2026/08/09 08:50:27     LOG [InstanceLoader] LowCodeModule dependencies initialized +0ms
[Nest] 89660  - 2026/08/09 08:50:27     LOG [InstanceLoader] PostsModule dependencies initialized +0ms
[Nest] 89660  - 2026/08/09 08:50:27     LOG [InstanceLoader] NotificationModule dependencies initialized +0ms
[Nest] 89660  - 2026/08/09 08:50:27     LOG [InstanceLoader] EntityDesignModule dependencies initialized +0ms
[Nest] 89660  - 2026/08/09 08:50:27     LOG [InstanceLoader] FilesModule dependencies initialized +0ms
[Nest] 89660  - 2026/08/09 08:50:27     LOG [InstanceLoader] ChatModule dependencies initialized +0ms
[Nest] 89660  - 2026/08/09 08:50:27     LOG [InstanceLoader] DatabaseModule dependencies initialized +0ms
[Nest] 89660  - 2026/08/09 08:50:27     LOG [InstanceLoader] AuthModule dependencies initialized +1ms
[Nest] 89660  - 2026/08/09 08:50:27     LOG [InstanceLoader] DefinitionModule dependencies initialized +0ms
[Nest] 89660  - 2026/08/09 08:50:27     LOG [InstanceLoader] JobModule dependencies initialized +0ms
[Nest] 89660  - 2026/08/09 08:50:27     LOG [InstanceLoader] PlanningModule dependencies initialized +0ms
[Nest] 89660  - 2026/08/09 08:50:27     LOG [InstanceLoader] RuntimeModule dependencies initialized +0ms
[Nest] 89660  - 2026/08/09 08:50:27     LOG [InstanceLoader] WorkflowModule dependencies initialized +0ms
[Nest] 89660  - 2026/08/09 08:50:27     LOG [InstanceLoader] StandaloneAppModule dependencies initialized +0ms
[Nest] 89660  - 2026/08/09 08:50:27     LOG [RoutesResolver] ServiceGatewayController {/api}: +221ms
[Nest] 89660  - 2026/08/09 08:50:27     LOG [RouterExplorer] Mapped {/api/service, POST} route +2ms
[Nest] 89660  - 2026/08/09 08:50:27     LOG [RoutesResolver] AuthController {/api/auth}: +0ms
[Nest] 89660  - 2026/08/09 08:50:27     LOG [RouterExplorer] Mapped {/api/auth/signin, POST} route +1ms
[Nest] 89660  - 2026/08/09 08:50:27     LOG [RouterExplorer] Mapped {/api/auth/account-options, GET} route +0ms
[Nest] 89660  - 2026/08/09 08:50:27     LOG [RouterExplorer] Mapped {/api/auth/signup, POST} route +0ms
[Nest] 89660  - 2026/08/09 08:50:27     LOG [RouterExplorer] Mapped {/api/auth/oauth, POST} route +1ms
[Nest] 89660  - 2026/08/09 08:50:27     LOG [RouterExplorer] Mapped {/api/auth/session, POST} route +0ms
[Nest] 89660  - 2026/08/09 08:50:27     LOG [RouterExplorer] Mapped {/api/auth/refresh, POST} route +0ms
[Nest] 89660  - 2026/08/09 08:50:27     LOG [RouterExplorer] Mapped {/api/auth/me, GET} route +0ms
[Nest] 89660  - 2026/08/09 08:50:27     LOG [RouterExplorer] Mapped {/api/auth/select-account, POST} route +0ms
[Nest] 89660  - 2026/08/09 08:50:27     LOG [RouterExplorer] Mapped {/api/auth/signout, POST} route +0ms
[Nest] 89660  - 2026/08/09 08:50:27     LOG [NestApplication] Nest application successfully started +2ms
Standalone API listening on http://localhost:3002/api/service
Domain and workflow services are running in-process; Redis transport is disabled.
[Nest] 89660  - 2026/08/09 08:52:50     LOG [ServiceGatewayController] [service] notification.getUnreadCount ok 1695ms
[Nest] 89660  - 2026/08/09 08:52:52     LOG [ServiceGatewayController] [service] admin.listItems ok 297ms
[Nest] 89660  - 2026/08/09 08:52:53     LOG [ServiceGatewayController] [service] admin.listItems ok 958ms
[Nest] 89660  - 2026/08/09 08:52:53     LOG [ServiceGatewayController] [service] notification.getUnreadCount ok 1073ms
[Nest] 89660  - 2026/08/09 08:52:53     LOG [ServiceGatewayController] [service] lowcode.listItems ok 1126ms
[Nest] 89660  - 2026/08/09 08:52:54     LOG [ServiceGatewayController] [service] admin.listItems ok 298ms
[Nest] 89660  - 2026/08/09 08:52:54     LOG [ServiceGatewayController] [service] lowcode.listItems ok 652ms
[Nest] 89660  - 2026/08/09 08:53:15     LOG [ServiceGatewayController] [service] lowcode.saveItem ok 869ms
[Nest] 89660  - 2026/08/09 08:53:54     LOG [ServiceGatewayController] [service] notification.getUnreadCount ok 740ms
[Nest] 89660  - 2026/08/09 08:54:54     LOG [ServiceGatewayController] [service] notification.getUnreadCount ok 1178ms
[Nest] 89660  - 2026/08/09 08:55:54     LOG [ServiceGatewayController] [service] notification.getUnreadCount ok 999ms
[Nest] 89660  - 2026/08/09 08:56:41     LOG [ServiceGatewayController] [service] lowcode.saveItem ok 1373ms
[Nest] 89660  - 2026/08/09 08:56:53     LOG [ServiceGatewayController] [service] notification.getUnreadCount ok 629ms
[Nest] 89660  - 2026/08/09 08:57:54     LOG [ServiceGatewayController] [service] notification.getUnreadCount ok 1245ms
[Nest] 89660  - 2026/08/09 08:58:54     LOG [ServiceGatewayController] [service] notification.getUnreadCount ok 887ms
[Nest] 89660  - 2026/08/09 09:00:03     LOG [ServiceGatewayController] [service] admin.listItems ok 281ms
[Nest] 89660  - 2026/08/09 09:00:03     LOG [ServiceGatewayController] [service] notification.getUnreadCount ok 481ms
[Nest] 89660  - 2026/08/09 09:00:03     LOG [ServiceGatewayController] [service] admin.listItems ok 500ms
[Nest] 89660  - 2026/08/09 09:00:03     LOG [ServiceGatewayController] [service] lowcode.listItems ok 658ms
[Nest] 89660  - 2026/08/09 09:00:04     LOG [ServiceGatewayController] [service] admin.listItems ok 273ms
[Nest] 89660  - 2026/08/09 09:00:04     LOG [ServiceGatewayController] [service] lowcode.listItems ok 650ms
[Nest] 89660  - 2026/08/09 09:00:33     LOG [ServiceGatewayController] [service] notification.getUnreadCount ok 888ms
[Nest] 89660  - 2026/08/09 09:00:37     LOG [ServiceGatewayController] [service] admin.listItems ok 303ms
[Nest] 89660  - 2026/08/09 09:00:37     LOG [ServiceGatewayController] [service] admin.listItems ok 485ms
[Nest] 89660  - 2026/08/09 09:00:37     LOG [ServiceGatewayController] [service] notification.getUnreadCount ok 495ms
[Nest] 89660  - 2026/08/09 09:00:37     LOG [ServiceGatewayController] [service] lowcode.listItems ok 668ms
[Nest] 89660  - 2026/08/09 09:00:38     LOG [ServiceGatewayController] [service] admin.listItems ok 675ms
[Nest] 89660  - 2026/08/09 09:00:38     LOG [ServiceGatewayController] [service] lowcode.listItems ok 1032ms
[Nest] 89660  - 2026/08/09 09:00:56     LOG [ServiceGatewayController] [service] admin.listItems ok 272ms
[Nest] 89660  - 2026/08/09 09:00:56     LOG [ServiceGatewayController] [service] notification.getUnreadCount ok 455ms
[Nest] 89660  - 2026/08/09 09:00:56     LOG [ServiceGatewayController] [service] admin.listItems ok 522ms
[Nest] 89660  - 2026/08/09 09:00:57     LOG [ServiceGatewayController] [service] lowcode.listItems ok 676ms
[Nest] 89660  - 2026/08/09 09:00:57     LOG [ServiceGatewayController] [service] admin.listItems ok 729ms
[Nest] 89660  - 2026/08/09 09:00:57     LOG [ServiceGatewayController] [service] lowcode.listItems ok 1082ms
[Nest] 89660  - 2026/08/09 09:01:33     LOG [ServiceGatewayController] [service] notification.getUnreadCount ok 726ms
[Nest] 89660  - 2026/08/09 09:01:58     LOG [ServiceGatewayController] [service] admin.listItems ok 298ms
[Nest] 89660  - 2026/08/09 09:01:59     LOG [ServiceGatewayController] [service] notification.getUnreadCount ok 469ms
[Nest] 89660  - 2026/08/09 09:01:59     LOG [ServiceGatewayController] [service] admin.listItems ok 483ms
[Nest] 89660  - 2026/08/09 09:01:59     LOG [ServiceGatewayController] [service] lowcode.listItems ok 652ms
[Nest] 89660  - 2026/08/09 09:02:00     LOG [ServiceGatewayController] [service] admin.listItems ok 750ms
[Nest] 89660  - 2026/08/09 09:02:00     LOG [ServiceGatewayController] [service] lowcode.listItems ok 1142ms
[Nest] 89660  - 2026/08/09 09:02:15     LOG [ServiceGatewayController] [service] admin.listItems ok 280ms
[Nest] 89660  - 2026/08/09 09:02:15     LOG [ServiceGatewayController] [service] notification.getUnreadCount ok 457ms
[Nest] 89660  - 2026/08/09 09:02:15     LOG [ServiceGatewayController] [service] admin.listItems ok 510ms
[Nest] 89660  - 2026/08/09 09:02:15     LOG [ServiceGatewayController] [service] lowcode.listItems ok 623ms
[Nest] 89660  - 2026/08/09 09:02:16     LOG [ServiceGatewayController] [service] admin.listItems ok 477ms
[Nest] 89660  - 2026/08/09 09:02:16     LOG [ServiceGatewayController] [service] lowcode.listItems ok 1105ms
[Nest] 89660  - 2026/08/09 09:02:33     LOG [ServiceGatewayController] [service] notification.getUnreadCount ok 624ms
[Nest] 89660  - 2026/08/09 09:02:34     LOG [ServiceGatewayController] [service] admin.listItems ok 297ms
[Nest] 89660  - 2026/08/09 09:02:34     LOG [ServiceGatewayController] [service] admin.listItems ok 467ms
[Nest] 89660  - 2026/08/09 09:02:34     LOG [ServiceGatewayController] [service] notification.getUnreadCount ok 473ms
[Nest] 89660  - 2026/08/09 09:02:35     LOG [ServiceGatewayController] [service] lowcode.listItems ok 656ms
[Nest] 89660  - 2026/08/09 09:02:35     LOG [ServiceGatewayController] [service] admin.listItems ok 802ms
[Nest] 89660  - 2026/08/09 09:02:35     LOG [ServiceGatewayController] [service] lowcode.listItems ok 1040ms
[Nest] 89660  - 2026/08/09 09:03:28     LOG [ServiceGatewayController] [service] admin.listItems ok 302ms
[Nest] 89660  - 2026/08/09 09:03:29     LOG [ServiceGatewayController] [service] notification.getUnreadCount ok 513ms
[Nest] 89660  - 2026/08/09 09:03:29     LOG [ServiceGatewayController] [service] admin.listItems ok 531ms
[Nest] 89660  - 2026/08/09 09:03:29     LOG [ServiceGatewayController] [service] lowcode.listItems ok 805ms
[Nest] 89660  - 2026/08/09 09:03:30     LOG [ServiceGatewayController] [service] admin.listItems ok 621ms
[Nest] 89660  - 2026/08/09 09:03:30     LOG [ServiceGatewayController] [service] lowcode.listItems ok 1111ms
[Nest] 89660  - 2026/08/09 09:03:31    WARN [ServiceGatewayController] [service] lowcode.listItems failed 0ms: X-Account-Id is required. X-Account-Id is required. Bad Request
[Nest] 89660  - 2026/08/09 09:03:33     LOG [ServiceGatewayController] [service] notification.getUnreadCount ok 647ms
[Nest] 89660  - 2026/08/09 09:04:34     LOG [ServiceGatewayController] [service] notification.getUnreadCount ok 1841ms
09:05:06 [tsx] change in ./src\planning-service\execution\planning-preflight.ts Restarting...
[Nest] 52148  - 2026/08/09 09:05:07     LOG [NestFactory] Starting Nest application...
[Nest] 52148  - 2026/08/09 09:05:07     LOG [InstanceLoader] AccountModule dependencies initialized +16ms
[Nest] 52148  - 2026/08/09 09:05:07     LOG [InstanceLoader] AdminModule dependencies initialized +0ms
[Nest] 52148  - 2026/08/09 09:05:07     LOG [InstanceLoader] PaymentModule dependencies initialized +0ms
[Nest] 52148  - 2026/08/09 09:05:07     LOG [InstanceLoader] UserModule dependencies initialized +1ms
[Nest] 52148  - 2026/08/09 09:05:07     LOG [InstanceLoader] LowCodeModule dependencies initialized +0ms
[Nest] 52148  - 2026/08/09 09:05:07     LOG [InstanceLoader] PostsModule dependencies initialized +0ms
[Nest] 52148  - 2026/08/09 09:05:07     LOG [InstanceLoader] NotificationModule dependencies initialized +0ms
[Nest] 52148  - 2026/08/09 09:05:07     LOG [InstanceLoader] EntityDesignModule dependencies initialized +0ms
[Nest] 52148  - 2026/08/09 09:05:07     LOG [InstanceLoader] FilesModule dependencies initialized +0ms
[Nest] 52148  - 2026/08/09 09:05:07     LOG [InstanceLoader] ChatModule dependencies initialized +0ms
[Nest] 52148  - 2026/08/09 09:05:07     LOG [InstanceLoader] DatabaseModule dependencies initialized +0ms
[Nest] 52148  - 2026/08/09 09:05:07     LOG [InstanceLoader] AuthModule dependencies initialized +0ms
[Nest] 52148  - 2026/08/09 09:05:07     LOG [InstanceLoader] DefinitionModule dependencies initialized +0ms
[Nest] 52148  - 2026/08/09 09:05:07     LOG [InstanceLoader] JobModule dependencies initialized +0ms
[Nest] 52148  - 2026/08/09 09:05:07     LOG [InstanceLoader] PlanningModule dependencies initialized +0ms
[Nest] 52148  - 2026/08/09 09:05:07     LOG [InstanceLoader] RuntimeModule dependencies initialized +0ms
[Nest] 52148  - 2026/08/09 09:05:07     LOG [InstanceLoader] WorkflowModule dependencies initialized +0ms
[Nest] 52148  - 2026/08/09 09:05:07     LOG [InstanceLoader] StandaloneAppModule dependencies initialized +0ms
[Nest] 52148  - 2026/08/09 09:05:07     LOG [RoutesResolver] ServiceGatewayController {/api}: +189ms
[Nest] 52148  - 2026/08/09 09:05:07     LOG [RouterExplorer] Mapped {/api/service, POST} route +1ms
[Nest] 52148  - 2026/08/09 09:05:07     LOG [RoutesResolver] AuthController {/api/auth}: +0ms
[Nest] 52148  - 2026/08/09 09:05:07     LOG [RouterExplorer] Mapped {/api/auth/signin, POST} route +0ms
[Nest] 52148  - 2026/08/09 09:05:07     LOG [RouterExplorer] Mapped {/api/auth/account-options, GET} route +0ms
[Nest] 52148  - 2026/08/09 09:05:07     LOG [RouterExplorer] Mapped {/api/auth/signup, POST} route +1ms
[Nest] 52148  - 2026/08/09 09:05:07     LOG [RouterExplorer] Mapped {/api/auth/oauth, POST} route +0ms
[Nest] 52148  - 2026/08/09 09:05:07     LOG [RouterExplorer] Mapped {/api/auth/session, POST} route +0ms
[Nest] 52148  - 2026/08/09 09:05:07     LOG [RouterExplorer] Mapped {/api/auth/refresh, POST} route +0ms
[Nest] 52148  - 2026/08/09 09:05:07     LOG [RouterExplorer] Mapped {/api/auth/me, GET} route +0ms
[Nest] 52148  - 2026/08/09 09:05:07     LOG [RouterExplorer] Mapped {/api/auth/select-account, POST} route +0ms
[Nest] 52148  - 2026/08/09 09:05:07     LOG [RouterExplorer] Mapped {/api/auth/signout, POST} route +0ms
[Nest] 52148  - 2026/08/09 09:05:07     LOG [NestApplication] Nest application successfully started +1ms
Standalone API listening on http://localhost:3002/api/service
Domain and workflow services are running in-process; Redis transport is disabled.
[Nest] 52148  - 2026/08/09 09:05:33     LOG [ServiceGatewayController] [service] notification.getUnreadCount ok 975ms
[Nest] 52148  - 2026/08/09 09:06:30     LOG [ServiceGatewayController] [service] notification.getUnreadCount ok 686ms
[Nest] 52148  - 2026/08/09 09:06:54     LOG [ServiceGatewayController] [service] notification.getUnreadCount ok 784ms
09:07:14 [tsx] change in ./src\planning-service\planning.service.ts Restarting...
[Nest] 12120  - 2026/08/09 09:07:16     LOG [NestFactory] Starting Nest application...
[Nest] 12120  - 2026/08/09 09:07:16     LOG [InstanceLoader] AccountModule dependencies initialized +19ms
[Nest] 12120  - 2026/08/09 09:07:16     LOG [InstanceLoader] AdminModule dependencies initialized +0ms
[Nest] 12120  - 2026/08/09 09:07:16     LOG [InstanceLoader] PaymentModule dependencies initialized +0ms
[Nest] 12120  - 2026/08/09 09:07:16     LOG [InstanceLoader] UserModule dependencies initialized +0ms
[Nest] 12120  - 2026/08/09 09:07:16     LOG [InstanceLoader] LowCodeModule dependencies initialized +0ms
[Nest] 12120  - 2026/08/09 09:07:16     LOG [InstanceLoader] PostsModule dependencies initialized +0ms
[Nest] 12120  - 2026/08/09 09:07:16     LOG [InstanceLoader] NotificationModule dependencies initialized +0ms
[Nest] 12120  - 2026/08/09 09:07:16     LOG [InstanceLoader] EntityDesignModule dependencies initialized +0ms
[Nest] 12120  - 2026/08/09 09:07:16     LOG [InstanceLoader] FilesModule dependencies initialized +0ms
[Nest] 12120  - 2026/08/09 09:07:16     LOG [InstanceLoader] ChatModule dependencies initialized +0ms
[Nest] 12120  - 2026/08/09 09:07:16     LOG [InstanceLoader] DatabaseModule dependencies initialized +0ms
[Nest] 12120  - 2026/08/09 09:07:16     LOG [InstanceLoader] AuthModule dependencies initialized +0ms
[Nest] 12120  - 2026/08/09 09:07:16     LOG [InstanceLoader] DefinitionModule dependencies initialized +0ms
[Nest] 12120  - 2026/08/09 09:07:16     LOG [InstanceLoader] JobModule dependencies initialized +0ms
[Nest] 12120  - 2026/08/09 09:07:16     LOG [InstanceLoader] PlanningModule dependencies initialized +0ms
[Nest] 12120  - 2026/08/09 09:07:16     LOG [InstanceLoader] RuntimeModule dependencies initialized +1ms
[Nest] 12120  - 2026/08/09 09:07:16     LOG [InstanceLoader] WorkflowModule dependencies initialized +0ms
[Nest] 12120  - 2026/08/09 09:07:16     LOG [InstanceLoader] StandaloneAppModule dependencies initialized +0ms
[Nest] 12120  - 2026/08/09 09:07:16     LOG [RoutesResolver] ServiceGatewayController {/api}: +221ms
[Nest] 12120  - 2026/08/09 09:07:16     LOG [RouterExplorer] Mapped {/api/service, POST} route +1ms
[Nest] 12120  - 2026/08/09 09:07:16     LOG [RoutesResolver] AuthController {/api/auth}: +0ms
[Nest] 12120  - 2026/08/09 09:07:16     LOG [RouterExplorer] Mapped {/api/auth/signin, POST} route +1ms
[Nest] 12120  - 2026/08/09 09:07:16     LOG [RouterExplorer] Mapped {/api/auth/account-options, GET} route +0ms
[Nest] 12120  - 2026/08/09 09:07:16     LOG [RouterExplorer] Mapped {/api/auth/signup, POST} route +0ms
[Nest] 12120  - 2026/08/09 09:07:16     LOG [RouterExplorer] Mapped {/api/auth/oauth, POST} route +0ms
[Nest] 12120  - 2026/08/09 09:07:16     LOG [RouterExplorer] Mapped {/api/auth/session, POST} route +0ms
[Nest] 12120  - 2026/08/09 09:07:16     LOG [RouterExplorer] Mapped {/api/auth/refresh, POST} route +0ms
[Nest] 12120  - 2026/08/09 09:07:16     LOG [RouterExplorer] Mapped {/api/auth/me, GET} route +0ms
[Nest] 12120  - 2026/08/09 09:07:16     LOG [RouterExplorer] Mapped {/api/auth/select-account, POST} route +0ms
[Nest] 12120  - 2026/08/09 09:07:16     LOG [RouterExplorer] Mapped {/api/auth/signout, POST} route +2ms
[Nest] 12120  - 2026/08/09 09:07:16     LOG [NestApplication] Nest application successfully started +2ms
Standalone API listening on http://localhost:3002/api/service
Domain and workflow services are running in-process; Redis transport is disabled.
[Nest] 12120  - 2026/08/09 09:08:33     LOG [ServiceGatewayController] [service] notification.getUnreadCount ok 1238ms
[Nest] 12120  - 2026/08/09 09:09:33     LOG [ServiceGatewayController] [service] notification.getUnreadCount ok 724ms
09:09:38 [tsx] change in ./src\planning-service\execution\frepple-input.builder.ts Restarting...
[Nest] 60428  - 2026/08/09 09:09:39     LOG [NestFactory] Starting Nest application...
[Nest] 60428  - 2026/08/09 09:09:39     LOG [InstanceLoader] AccountModule dependencies initialized +17ms
[Nest] 60428  - 2026/08/09 09:09:39     LOG [InstanceLoader] AdminModule dependencies initialized +0ms
[Nest] 60428  - 2026/08/09 09:09:39     LOG [InstanceLoader] PaymentModule dependencies initialized +0ms
[Nest] 60428  - 2026/08/09 09:09:39     LOG [InstanceLoader] UserModule dependencies initialized +0ms
[Nest] 60428  - 2026/08/09 09:09:39     LOG [InstanceLoader] LowCodeModule dependencies initialized +0ms
[Nest] 60428  - 2026/08/09 09:09:39     LOG [InstanceLoader] PostsModule dependencies initialized +0ms
[Nest] 60428  - 2026/08/09 09:09:39     LOG [InstanceLoader] NotificationModule dependencies initialized +0ms
[Nest] 60428  - 2026/08/09 09:09:39     LOG [InstanceLoader] EntityDesignModule dependencies initialized +0ms
[Nest] 60428  - 2026/08/09 09:09:39     LOG [InstanceLoader] FilesModule dependencies initialized +0ms
[Nest] 60428  - 2026/08/09 09:09:39     LOG [InstanceLoader] ChatModule dependencies initialized +0ms
[Nest] 60428  - 2026/08/09 09:09:39     LOG [InstanceLoader] DatabaseModule dependencies initialized +0ms
[Nest] 60428  - 2026/08/09 09:09:39     LOG [InstanceLoader] AuthModule dependencies initialized +1ms
[Nest] 60428  - 2026/08/09 09:09:39     LOG [InstanceLoader] DefinitionModule dependencies initialized +0ms
[Nest] 60428  - 2026/08/09 09:09:39     LOG [InstanceLoader] JobModule dependencies initialized +0ms
[Nest] 60428  - 2026/08/09 09:09:39     LOG [InstanceLoader] PlanningModule dependencies initialized +0ms
[Nest] 60428  - 2026/08/09 09:09:39     LOG [InstanceLoader] RuntimeModule dependencies initialized +0ms
[Nest] 60428  - 2026/08/09 09:09:39     LOG [InstanceLoader] WorkflowModule dependencies initialized +0ms
[Nest] 60428  - 2026/08/09 09:09:39     LOG [InstanceLoader] StandaloneAppModule dependencies initialized +0ms
[Nest] 60428  - 2026/08/09 09:09:39     LOG [RoutesResolver] ServiceGatewayController {/api}: +193ms
[Nest] 60428  - 2026/08/09 09:09:39     LOG [RouterExplorer] Mapped {/api/service, POST} route +1ms
[Nest] 60428  - 2026/08/09 09:09:39     LOG [RoutesResolver] AuthController {/api/auth}: +0ms
[Nest] 60428  - 2026/08/09 09:09:39     LOG [RouterExplorer] Mapped {/api/auth/signin, POST} route +1ms
[Nest] 60428  - 2026/08/09 09:09:39     LOG [RouterExplorer] Mapped {/api/auth/account-options, GET} route +0ms
[Nest] 60428  - 2026/08/09 09:09:39     LOG [RouterExplorer] Mapped {/api/auth/signup, POST} route +0ms
[Nest] 60428  - 2026/08/09 09:09:39     LOG [RouterExplorer] Mapped {/api/auth/oauth, POST} route +0ms
[Nest] 60428  - 2026/08/09 09:09:39     LOG [RouterExplorer] Mapped {/api/auth/session, POST} route +0ms
[Nest] 60428  - 2026/08/09 09:09:39     LOG [RouterExplorer] Mapped {/api/auth/refresh, POST} route +0ms
[Nest] 60428  - 2026/08/09 09:09:39     LOG [RouterExplorer] Mapped {/api/auth/me, GET} route +0ms
[Nest] 60428  - 2026/08/09 09:09:39     LOG [RouterExplorer] Mapped {/api/auth/select-account, POST} route +0ms
[Nest] 60428  - 2026/08/09 09:09:39     LOG [RouterExplorer] Mapped {/api/auth/signout, POST} route +0ms
[Nest] 60428  - 2026/08/09 09:09:39     LOG [NestApplication] Nest application successfully started +2ms
Standalone API listening on http://localhost:3002/api/service
Domain and workflow services are running in-process; Redis transport is disabled.
[Nest] 60428  - 2026/08/09 09:10:03     LOG [ServiceGatewayController] [service] admin.listItems ok 297ms
[Nest] 60428  - 2026/08/09 09:10:04     LOG [ServiceGatewayController] [service] notification.getUnreadCount ok 481ms
[Nest] 60428  - 2026/08/09 09:10:04     LOG [ServiceGatewayController] [service] admin.listItems ok 489ms
[Nest] 60428  - 2026/08/09 09:10:04     LOG [ServiceGatewayController] [service] lowcode.listItems ok 678ms
[Nest] 60428  - 2026/08/09 09:10:04     LOG [ServiceGatewayController] [service] admin.listItems ok 295ms
[Nest] 60428  - 2026/08/09 09:10:05     LOG [ServiceGatewayController] [service] lowcode.listItems ok 722ms
[Nest] 60428  - 2026/08/09 09:11:05     LOG [ServiceGatewayController] [service] notification.getUnreadCount ok 826ms
[Nest] 60428  - 2026/08/09 09:12:05     LOG [ServiceGatewayController] [service] notification.getUnreadCount ok 1137ms
[Nest] 60428  - 2026/08/09 09:13:05     LOG [ServiceGatewayController] [service] notification.getUnreadCount ok 705ms
[Nest] 60428  - 2026/08/09 09:14:05     LOG [ServiceGatewayController] [service] notification.getUnreadCount ok 1189ms
[Nest] 60428  - 2026/08/09 09:15:05     LOG [ServiceGatewayController] [service] notification.getUnreadCount ok 982ms
[Nest] 60428  - 2026/08/09 09:16:05     LOG [ServiceGatewayController] [service] notification.getUnreadCount ok 781ms
[Nest] 60428  - 2026/08/09 09:17:33     LOG [ServiceGatewayController] [service] notification.getUnreadCount ok 1109ms
[Nest] 60428  - 2026/08/09 09:18:33     LOG [ServiceGatewayController] [service] notification.getUnreadCount ok 752ms
09:19:30 [tsx] change in ./src\planning-service\execution\planning-preflight.ts Restarting...
[Nest] 104384  - 2026/08/09 09:19:39     LOG [NestFactory] Starting Nest application...
[Nest] 104384  - 2026/08/09 09:19:39     LOG [InstanceLoader] AccountModule dependencies initialized +23ms
[Nest] 104384  - 2026/08/09 09:19:39     LOG [InstanceLoader] AdminModule dependencies initialized +0ms
[Nest] 104384  - 2026/08/09 09:19:39     LOG [InstanceLoader] PaymentModule dependencies initialized +0ms
[Nest] 104384  - 2026/08/09 09:19:39     LOG [InstanceLoader] UserModule dependencies initialized +0ms
[Nest] 104384  - 2026/08/09 09:19:39     LOG [InstanceLoader] LowCodeModule dependencies initialized +0ms
[Nest] 104384  - 2026/08/09 09:19:39     LOG [InstanceLoader] PostsModule dependencies initialized +0ms
[Nest] 104384  - 2026/08/09 09:19:39     LOG [InstanceLoader] NotificationModule dependencies initialized +0ms
[Nest] 104384  - 2026/08/09 09:19:39     LOG [InstanceLoader] EntityDesignModule dependencies initialized +0ms
[Nest] 104384  - 2026/08/09 09:19:39     LOG [InstanceLoader] FilesModule dependencies initialized +1ms
[Nest] 104384  - 2026/08/09 09:19:39     LOG [InstanceLoader] ChatModule dependencies initialized +0ms
[Nest] 104384  - 2026/08/09 09:19:39     LOG [InstanceLoader] DatabaseModule dependencies initialized +0ms
[Nest] 104384  - 2026/08/09 09:19:39     LOG [InstanceLoader] AuthModule dependencies initialized +0ms
[Nest] 104384  - 2026/08/09 09:19:39     LOG [InstanceLoader] DefinitionModule dependencies initialized +0ms
[Nest] 104384  - 2026/08/09 09:19:39     LOG [InstanceLoader] JobModule dependencies initialized +0ms
[Nest] 104384  - 2026/08/09 09:19:39     LOG [InstanceLoader] PlanningModule dependencies initialized +0ms
[Nest] 104384  - 2026/08/09 09:19:39     LOG [InstanceLoader] RuntimeModule dependencies initialized +0ms
[Nest] 104384  - 2026/08/09 09:19:39     LOG [InstanceLoader] WorkflowModule dependencies initialized +0ms
[Nest] 104384  - 2026/08/09 09:19:39     LOG [InstanceLoader] StandaloneAppModule dependencies initialized +0ms
[Nest] 104384  - 2026/08/09 09:19:40     LOG [RoutesResolver] ServiceGatewayController {/api}: +1314ms
[Nest] 104384  - 2026/08/09 09:19:40     LOG [RouterExplorer] Mapped {/api/service, POST} route +1ms
[Nest] 104384  - 2026/08/09 09:19:40     LOG [RoutesResolver] AuthController {/api/auth}: +0ms
[Nest] 104384  - 2026/08/09 09:19:40     LOG [RouterExplorer] Mapped {/api/auth/signin, POST} route +0ms
[Nest] 104384  - 2026/08/09 09:19:40     LOG [RouterExplorer] Mapped {/api/auth/account-options, GET} route +0ms
[Nest] 104384  - 2026/08/09 09:19:40     LOG [RouterExplorer] Mapped {/api/auth/signup, POST} route +0ms
[Nest] 104384  - 2026/08/09 09:19:40     LOG [RouterExplorer] Mapped {/api/auth/oauth, POST} route +0ms
[Nest] 104384  - 2026/08/09 09:19:40     LOG [RouterExplorer] Mapped {/api/auth/session, POST} route +1ms
[Nest] 104384  - 2026/08/09 09:19:40     LOG [RouterExplorer] Mapped {/api/auth/refresh, POST} route +0ms
[Nest] 104384  - 2026/08/09 09:19:40     LOG [RouterExplorer] Mapped {/api/auth/me, GET} route +0ms
[Nest] 104384  - 2026/08/09 09:19:40     LOG [RouterExplorer] Mapped {/api/auth/select-account, POST} route +0ms
[Nest] 104384  - 2026/08/09 09:19:40     LOG [RouterExplorer] Mapped {/api/auth/signout, POST} route +0ms
[Nest] 104384  - 2026/08/09 09:19:40     LOG [NestApplication] Nest application successfully started +1ms
Standalone API listening on http://localhost:3002/api/service
Domain and workflow services are running in-process; Redis transport is disabled.
09:20:09 [tsx] change in ./src\planning-service\execution\frepple-input.builder.ts Restarting...
[Nest] 99548  - 2026/08/09 09:20:10     LOG [NestFactory] Starting Nest application...
[Nest] 99548  - 2026/08/09 09:20:10     LOG [InstanceLoader] AccountModule dependencies initialized +16ms
[Nest] 99548  - 2026/08/09 09:20:10     LOG [InstanceLoader] AdminModule dependencies initialized +1ms
[Nest] 99548  - 2026/08/09 09:20:10     LOG [InstanceLoader] PaymentModule dependencies initialized +0ms
[Nest] 99548  - 2026/08/09 09:20:10     LOG [InstanceLoader] UserModule dependencies initialized +0ms
[Nest] 99548  - 2026/08/09 09:20:10     LOG [InstanceLoader] LowCodeModule dependencies initialized +0ms
[Nest] 99548  - 2026/08/09 09:20:10     LOG [InstanceLoader] PostsModule dependencies initialized +0ms
[Nest] 99548  - 2026/08/09 09:20:10     LOG [InstanceLoader] NotificationModule dependencies initialized +0ms
[Nest] 99548  - 2026/08/09 09:20:10     LOG [InstanceLoader] EntityDesignModule dependencies initialized +0ms
[Nest] 99548  - 2026/08/09 09:20:10     LOG [InstanceLoader] FilesModule dependencies initialized +0ms
[Nest] 99548  - 2026/08/09 09:20:10     LOG [InstanceLoader] ChatModule dependencies initialized +0ms
[Nest] 99548  - 2026/08/09 09:20:10     LOG [InstanceLoader] DatabaseModule dependencies initialized +0ms
[Nest] 99548  - 2026/08/09 09:20:10     LOG [InstanceLoader] AuthModule dependencies initialized +0ms
[Nest] 99548  - 2026/08/09 09:20:10     LOG [InstanceLoader] DefinitionModule dependencies initialized +0ms
[Nest] 99548  - 2026/08/09 09:20:10     LOG [InstanceLoader] JobModule dependencies initialized +0ms
[Nest] 99548  - 2026/08/09 09:20:10     LOG [InstanceLoader] PlanningModule dependencies initialized +0ms
[Nest] 99548  - 2026/08/09 09:20:10     LOG [InstanceLoader] RuntimeModule dependencies initialized +0ms
[Nest] 99548  - 2026/08/09 09:20:10     LOG [InstanceLoader] WorkflowModule dependencies initialized +0ms
[Nest] 99548  - 2026/08/09 09:20:10     LOG [InstanceLoader] StandaloneAppModule dependencies initialized +1ms
[Nest] 99548  - 2026/08/09 09:20:11     LOG [RoutesResolver] ServiceGatewayController {/api}: +196ms
[Nest] 99548  - 2026/08/09 09:20:11     LOG [RouterExplorer] Mapped {/api/service, POST} route +1ms
[Nest] 99548  - 2026/08/09 09:20:11     LOG [RoutesResolver] AuthController {/api/auth}: +0ms
[Nest] 99548  - 2026/08/09 09:20:11     LOG [RouterExplorer] Mapped {/api/auth/signin, POST} route +1ms
[Nest] 99548  - 2026/08/09 09:20:11     LOG [RouterExplorer] Mapped {/api/auth/account-options, GET} route +0ms
[Nest] 99548  - 2026/08/09 09:20:11     LOG [RouterExplorer] Mapped {/api/auth/signup, POST} route +0ms
[Nest] 99548  - 2026/08/09 09:20:11     LOG [RouterExplorer] Mapped {/api/auth/oauth, POST} route +0ms
[Nest] 99548  - 2026/08/09 09:20:11     LOG [RouterExplorer] Mapped {/api/auth/session, POST} route +0ms
[Nest] 99548  - 2026/08/09 09:20:11     LOG [RouterExplorer] Mapped {/api/auth/refresh, POST} route +0ms
[Nest] 99548  - 2026/08/09 09:20:11     LOG [RouterExplorer] Mapped {/api/auth/me, GET} route +0ms
[Nest] 99548  - 2026/08/09 09:20:11     LOG [RouterExplorer] Mapped {/api/auth/select-account, POST} route +1ms
[Nest] 99548  - 2026/08/09 09:20:11     LOG [RouterExplorer] Mapped {/api/auth/signout, POST} route +0ms
[Nest] 99548  - 2026/08/09 09:20:11     LOG [NestApplication] Nest application successfully started +1ms
Standalone API listening on http://localhost:3002/api/service
Domain and workflow services are running in-process; Redis transport is disabled.
[Nest] 99548  - 2026/08/09 09:20:34     LOG [ServiceGatewayController] [service] notification.getUnreadCount ok 1523ms
[Nest] 99548  - 2026/08/09 09:21:33     LOG [ServiceGatewayController] [service] notification.getUnreadCount ok 775ms
[Nest] 99548  - 2026/08/09 09:22:33     LOG [ServiceGatewayController] [service] notification.getUnreadCount ok 666ms
[Nest] 99548  - 2026/08/09 09:23:33     LOG [ServiceGatewayController] [service] notification.getUnreadCount ok 729ms
[Nest] 99548  - 2026/08/09 09:24:36     LOG [ServiceGatewayController] [service] notification.getUnreadCount ok 4120ms
[Nest] 99548  - 2026/08/09 09:25:36     LOG [ServiceGatewayController] [service] notification.getUnreadCount ok 3319ms
[Nest] 99548  - 2026/08/09 09:26:34     LOG [ServiceGatewayController] [service] notification.getUnreadCount ok 1330ms
[Nest] 99548  - 2026/08/09 09:28:31     LOG [ServiceGatewayController] [service] admin.listItems ok 609ms
[Nest] 99548  - 2026/08/09 09:28:32     LOG [ServiceGatewayController] [service] notification.getUnreadCount ok 1345ms
[Nest] 99548  - 2026/08/09 09:28:33     LOG [ServiceGatewayController] [service] admin.listItems ok 1978ms
[Nest] 99548  - 2026/08/09 09:28:33     LOG [ServiceGatewayController] [service] lowcode.listItems ok 2122ms
[Nest] 99548  - 2026/08/09 09:28:34     LOG [ServiceGatewayController] [service] admin.listItems ok 612ms
[Nest] 99548  - 2026/08/09 09:28:35     LOG [ServiceGatewayController] [service] lowcode.listItems ok 1976ms
[Nest] 99548  - 2026/08/09 09:29:00     LOG [ServiceGatewayController] [service] admin.listItems ok 846ms
[Nest] 99548  - 2026/08/09 09:29:01     LOG [ServiceGatewayController] [service] notification.getUnreadCount ok 1211ms
[Nest] 99548  - 2026/08/09 09:29:02     LOG [ServiceGatewayController] [service] admin.listItems ok 1466ms
[Nest] 99548  - 2026/08/09 09:29:03     LOG [ServiceGatewayController] [service] lowcode.listItems ok 2788ms
[Nest] 99548  - 2026/08/09 09:29:03     LOG [ServiceGatewayController] [service] lowcode.listItems ok 1610ms
[Nest] 99548  - 2026/08/09 09:29:04     LOG [ServiceGatewayController] [service] admin.listItems ok 832ms
[Nest] 99548  - 2026/08/09 09:30:08     LOG [ServiceGatewayController] [service] admin.listItems ok 1248ms
[Nest] 99548  - 2026/08/09 09:30:09     LOG [ServiceGatewayController] [service] notification.getUnreadCount ok 1270ms
[Nest] 99548  - 2026/08/09 09:30:09     LOG [ServiceGatewayController] [service] admin.listItems ok 1278ms
[Nest] 99548  - 2026/08/09 09:30:10     LOG [ServiceGatewayController] [service] lowcode.listItems ok 2000ms
[Nest] 99548  - 2026/08/09 09:30:10     LOG [ServiceGatewayController] [service] lowcode.listItems ok 1256ms
[Nest] 99548  - 2026/08/09 09:30:10     LOG [ServiceGatewayController] [service] admin.listItems ok 581ms
[Nest] 99548  - 2026/08/09 09:31:08     LOG [ServiceGatewayController] [service] admin.listItems ok 288ms
[Nest] 99548  - 2026/08/09 09:31:09     LOG [ServiceGatewayController] [service] notification.getUnreadCount ok 677ms
[Nest] 99548  - 2026/08/09 09:31:09     LOG [ServiceGatewayController] [service] lowcode.listItems ok 885ms
[Nest] 99548  - 2026/08/09 09:31:10     LOG [ServiceGatewayController] [service] admin.listItems ok 522ms
[Nest] 99548  - 2026/08/09 09:31:10     LOG [ServiceGatewayController] [service] admin.listItems ok 1623ms
[Nest] 99548  - 2026/08/09 09:31:10     LOG [ServiceGatewayController] [service] lowcode.listItems ok 632ms
[Nest] 99548  - 2026/08/09 09:32:16     LOG [ServiceGatewayController] [service] admin.listItems ok 607ms
[Nest] 99548  - 2026/08/09 09:32:17     LOG [ServiceGatewayController] [service] admin.listItems ok 945ms
[Nest] 99548  - 2026/08/09 09:32:17     LOG [ServiceGatewayController] [service] notification.getUnreadCount ok 956ms
[Nest] 99548  - 2026/08/09 09:32:17     LOG [ServiceGatewayController] [service] lowcode.listItems ok 1396ms
[Nest] 99548  - 2026/08/09 09:32:18     LOG [ServiceGatewayController] [service] admin.listItems ok 842ms
[Nest] 99548  - 2026/08/09 09:32:19     LOG [ServiceGatewayController] [service] lowcode.listItems ok 1691ms
[Nest] 99548  - 2026/08/09 09:32:22     LOG [ServiceGatewayController] [service] lowcode.saveItem ok 2221ms
[Nest] 99548  - 2026/08/09 09:32:26     LOG [ServiceGatewayController] [service] lowcode.listItems ok 2352ms
[Nest] 99548  - 2026/08/09 09:32:27     LOG [ServiceGatewayController] [service] lowcode.listItems ok 1315ms
[Nest] 99548  - 2026/08/09 09:32:28     LOG [ServiceGatewayController] [service] notification.getUnreadCount ok 1581ms
[Nest] 99548  - 2026/08/09 09:32:28     LOG [ServiceGatewayController] [service] lowcode.listItems ok 2112ms
[Nest] 99548  - 2026/08/09 09:33:53     LOG [ServiceGatewayController] [service] admin.listItems ok 297ms
[Nest] 99548  - 2026/08/09 09:33:53     LOG [ServiceGatewayController] [service] notification.getUnreadCount ok 477ms
[Nest] 99548  - 2026/08/09 09:33:54     LOG [ServiceGatewayController] [service] admin.listItems ok 1384ms
[Nest] 99548  - 2026/08/09 09:33:54     LOG [ServiceGatewayController] [service] lowcode.listItems ok 1411ms
[Nest] 99548  - 2026/08/09 09:33:54     LOG [ServiceGatewayController] [service] admin.listItems ok 140ms
[Nest] 99548  - 2026/08/09 09:33:55     LOG [ServiceGatewayController] [service] admin.listItems ok 305ms
[Nest] 99548  - 2026/08/09 09:33:55     LOG [ServiceGatewayController] [service] lowcode.listItems ok 1039ms
[Nest] 99548  - 2026/08/09 09:34:33     LOG [ServiceGatewayController] [service] admin.listItems ok 598ms
[Nest] 99548  - 2026/08/09 09:34:35     LOG [ServiceGatewayController] [service] notification.getUnreadCount ok 1374ms
[Nest] 99548  - 2026/08/09 09:34:35     LOG [ServiceGatewayController] [service] admin.listItems ok 1388ms
[Nest] 99548  - 2026/08/09 09:34:35     LOG [ServiceGatewayController] [service] lowcode.listItems ok 2161ms
[Nest] 99548  - 2026/08/09 09:34:36     LOG [ServiceGatewayController] [service] admin.listItems ok 594ms
[Nest] 99548  - 2026/08/09 09:34:36     LOG [ServiceGatewayController] [service] lowcode.listItems ok 1444ms
[Nest] 99548  - 2026/08/09 09:34:38     LOG [ServiceGatewayController] [service] lowcode.listItems ok 1445ms
[Nest] 99548  - 2026/08/09 09:34:39     LOG [ServiceGatewayController] [service] lowcode.listItems ok 1270ms
[Nest] 99548  - 2026/08/09 09:34:40     LOG [ServiceGatewayController] [service] lowcode.listItems ok 1499ms
[Nest] 99548  - 2026/08/09 09:34:40     LOG [ServiceGatewayController] [service] notification.getUnreadCount ok 1529ms
[Nest] 99548  - 2026/08/09 09:34:40     LOG [ServiceGatewayController] [service] admin.listItems ok 301ms
[Nest] 99548  - 2026/08/09 09:34:40     LOG [ServiceGatewayController] [service] admin.listItems ok 850ms
[Nest] 99548  - 2026/08/09 09:35:35     LOG [ServiceGatewayController] [service] notification.getUnreadCount ok 1880ms
[Nest] 99548  - 2026/08/09 09:36:17     LOG [ServiceGatewayController] [service] admin.listItems ok 1349ms
[Nest] 99548  - 2026/08/09 09:36:18     LOG [ServiceGatewayController] [service] admin.listItems ok 697ms
[Nest] 99548  - 2026/08/09 09:36:19     LOG [ServiceGatewayController] [service] lowcode.listItems ok 1270ms
[Nest] 99548  - 2026/08/09 09:36:19     LOG [ServiceGatewayController] [service] notification.getUnreadCount ok 1276ms
[Nest] 99548  - 2026/08/09 09:36:19     LOG [ServiceGatewayController] [service] lowcode.listItems ok 1035ms
[Nest] 99548  - 2026/08/09 09:36:19     LOG [ServiceGatewayController] [service] admin.listItems ok 830ms
[Nest] 99548  - 2026/08/09 09:36:22     LOG [ServiceGatewayController] [service] lowcode.listItems ok 1762ms
[Nest] 99548  - 2026/08/09 09:36:23     LOG [ServiceGatewayController] [service] notification.getUnreadCount ok 941ms
[Nest] 99548  - 2026/08/09 09:36:23     LOG [ServiceGatewayController] [service] lowcode.listItems ok 1140ms
[Nest] 99548  - 2026/08/09 09:36:23     LOG [ServiceGatewayController] [service] admin.listItems ok 139ms
[Nest] 99548  - 2026/08/09 09:36:23     LOG [ServiceGatewayController] [service] admin.listItems ok 141ms
[Nest] 99548  - 2026/08/09 09:36:24     LOG [ServiceGatewayController] [service] lowcode.listItems ok 2495ms
[Nest] 99548  - 2026/08/09 09:37:16     LOG [ServiceGatewayController] [service] admin.listItems ok 613ms
[Nest] 99548  - 2026/08/09 09:37:16     LOG [ServiceGatewayController] [service] lowcode.listItems ok 629ms
[Nest] 99548  - 2026/08/09 09:37:17     LOG [ServiceGatewayController] [service] admin.listItems ok 581ms
[Nest] 99548  - 2026/08/09 09:37:17     LOG [ServiceGatewayController] [service] admin.listItems ok 585ms
[Nest] 99548  - 2026/08/09 09:37:17     LOG [ServiceGatewayController] [service] admin.listItems ok 1392ms
[Nest] 99548  - 2026/08/09 09:37:17     LOG [ServiceGatewayController] [service] notification.getUnreadCount ok 1571ms
[Nest] 99548  - 2026/08/09 09:37:19     LOG [ServiceGatewayController] [service] lowcode.listItems ok 1753ms
[Nest] 99548  - 2026/08/09 09:37:41     LOG [ServiceGatewayController] [service] admin.listItems ok 570ms
[Nest] 99548  - 2026/08/09 09:37:43     LOG [ServiceGatewayController] [service] notification.getUnreadCount ok 1722ms
[Nest] 99548  - 2026/08/09 09:37:43     LOG [ServiceGatewayController] [service] lowcode.listItems ok 2073ms
[Nest] 99548  - 2026/08/09 09:37:43     LOG [ServiceGatewayController] [service] admin.listItems ok 2183ms
[Nest] 99548  - 2026/08/09 09:37:44     LOG [ServiceGatewayController] [service] admin.listItems ok 504ms
[Nest] 99548  - 2026/08/09 09:37:44     LOG [ServiceGatewayController] [service] admin.listItems ok 908ms
[Nest] 99548  - 2026/08/09 09:37:45     LOG [ServiceGatewayController] [service] lowcode.listItems ok 1270ms
[Nest] 99548  - 2026/08/09 09:39:20     LOG [ServiceGatewayController] [service] admin.listNavigationRoutes ok 1762ms requestId=mobile-1980ed0f-e9ae-479f-a35e-03f865d5be19
[Nest] 99548  - 2026/08/09 09:39:21     LOG [ServiceGatewayController] [service] lowcode.getRuntimePage ok 1282ms requestId=mobile-0a3bf2b4-a703-49c4-8337-3beda75fd060
[Nest] 99548  - 2026/08/09 09:39:22     LOG [ServiceGatewayController] [service] admin.listItems ok 840ms requestId=mobile-fe91cb55-7a46-45cb-aa8a-c4b40699d2fb
[Nest] 99548  - 2026/08/09 09:40:00     LOG [ServiceGatewayController] [service] admin.listItems ok 1194ms requestId=mobile-740dc088-1f1f-4697-a51f-5a20e96b49a1
[Nest] 99548  - 2026/08/09 09:40:00     LOG [ServiceGatewayController] [service] admin.listItems ok 799ms requestId=mobile-cdeabcb7-a926-4636-8011-e00f1a52de6f
[Nest] 99548  - 2026/08/09 09:40:01     LOG [ServiceGatewayController] [service] admin.listItems ok 1001ms requestId=mobile-03f862db-c524-4d88-bea1-1517daf4b3c1
[Nest] 99548  - 2026/08/09 09:40:01     LOG [ServiceGatewayController] [service] admin.listItems ok 855ms requestId=mobile-7565cde3-7f1d-4612-b6cf-4821ff3cabad
[Nest] 99548  - 2026/08/09 09:40:02     LOG [ServiceGatewayController] [service] admin.listItems ok 270ms requestId=mobile-cb6587e8-e8d0-4816-9e93-2a04254236bc
[Nest] 99548  - 2026/08/09 09:40:03     LOG [ServiceGatewayController] [service] admin.listItems ok 936ms requestId=mobile-18c242e3-6c7f-4b9e-8a0c-263f2b4e1f43
[Nest] 99548  - 2026/08/09 09:40:07    WARN [ServiceGatewayController] [service] notification.getUnreadCount failed 164ms: Authentication required. Authentication required. Unauthorized
[Nest] 99548  - 2026/08/09 09:40:12     LOG [ServiceGatewayController] [service] admin.listItems ok 274ms
[Nest] 99548  - 2026/08/09 09:40:12     LOG [ServiceGatewayController] [service] notification.getUnreadCount ok 439ms
[Nest] 99548  - 2026/08/09 09:40:13     LOG [ServiceGatewayController] [service] admin.listItems ok 1290ms
[Nest] 99548  - 2026/08/09 09:40:13     LOG [ServiceGatewayController] [service] lowcode.listItems ok 1367ms
[Nest] 99548  - 2026/08/09 09:40:14     LOG [ServiceGatewayController] [service] lowcode.listItems ok 611ms
[Nest] 99548  - 2026/08/09 09:40:14     LOG [ServiceGatewayController] [service] admin.listItems ok 656ms
[Nest] 99548  - 2026/08/09 09:41:14     LOG [ServiceGatewayController] [service] notification.getUnreadCount ok 2515ms
[Nest] 99548  - 2026/08/09 09:42:13     LOG [ServiceGatewayController] [service] notification.getUnreadCount ok 1432ms
[Nest] 99548  - 2026/08/09 09:43:15     LOG [ServiceGatewayController] [service] notification.getUnreadCount ok 3203ms
[Nest] 99548  - 2026/08/09 09:44:13     LOG [ServiceGatewayController] [service] notification.getUnreadCount ok 1547ms
[Nest] 99548  - 2026/08/09 09:44:21     LOG [ServiceGatewayController] [service] admin.listItems ok 1258ms
[Nest] 99548  - 2026/08/09 09:44:22     LOG [ServiceGatewayController] [service] admin.listItems ok 692ms
[Nest] 99548  - 2026/08/09 09:44:22     LOG [ServiceGatewayController] [service] lowcode.listItems ok 872ms
[Nest] 99548  - 2026/08/09 09:44:23     LOG [ServiceGatewayController] [service] notification.getUnreadCount ok 1361ms
[Nest] 99548  - 2026/08/09 09:44:23     LOG [ServiceGatewayController] [service] lowcode.listItems ok 1193ms
[Nest] 99548  - 2026/08/09 09:44:24     LOG [ServiceGatewayController] [service] admin.listItems ok 1249ms
[Nest] 99548  - 2026/08/09 09:45:22     LOG [ServiceGatewayController] [service] notification.getUnreadCount ok 876ms
[Nest] 99548  - 2026/08/09 09:46:22     LOG [ServiceGatewayController] [service] notification.getUnreadCount ok 914ms
[Nest] 99548  - 2026/08/09 09:47:22     LOG [ServiceGatewayController] [service] notification.getUnreadCount ok 904ms
[Nest] 99548  - 2026/08/09 09:48:22     LOG [ServiceGatewayController] [service] notification.getUnreadCount ok 916ms
[Nest] 99548  - 2026/08/09 09:49:22     LOG [ServiceGatewayController] [service] notification.getUnreadCount ok 1112ms
[Nest] 99548  - 2026/08/09 09:50:10     LOG [ServiceGatewayController] [service] lowcode.listItems ok 1498ms
[Nest] 99548  - 2026/08/09 09:50:10     LOG [ServiceGatewayController] [service] admin.listItems ok 279ms
[Nest] 99548  - 2026/08/09 09:50:12     LOG [ServiceGatewayController] [service] lowcode.listItems ok 940ms
[Nest] 99548  - 2026/08/09 09:50:13     LOG [ServiceGatewayController] [service] notification.getUnreadCount ok 461ms
[Nest] 99548  - 2026/08/09 09:50:13     LOG [ServiceGatewayController] [service] lowcode.listItems ok 631ms
[Nest] 99548  - 2026/08/09 09:50:13     LOG [ServiceGatewayController] [service] lowcode.listItems ok 667ms
[Nest] 99548  - 2026/08/09 09:50:13     LOG [ServiceGatewayController] [service] admin.listItems ok 146ms
[Nest] 99548  - 2026/08/09 09:50:13     LOG [ServiceGatewayController] [service] admin.listItems ok 146ms
[Nest] 99548  - 2026/08/09 09:50:22     LOG [ServiceGatewayController] [service] notification.getUnreadCount ok 586ms
[Nest] 99548  - 2026/08/09 09:50:37     LOG [ServiceGatewayController] [service] admin.listItems ok 620ms
[Nest] 99548  - 2026/08/09 09:50:38     LOG [ServiceGatewayController] [service] admin.listItems ok 1008ms
[Nest] 99548  - 2026/08/09 09:50:39     LOG [ServiceGatewayController] [service] lowcode.listItems ok 1299ms
[Nest] 99548  - 2026/08/09 09:50:39     LOG [ServiceGatewayController] [service] notification.getUnreadCount ok 1672ms
[Nest] 99548  - 2026/08/09 09:50:39     LOG [ServiceGatewayController] [service] admin.listItems ok 319ms
[Nest] 99548  - 2026/08/09 09:50:39     LOG [ServiceGatewayController] [service] admin.listItems ok 316ms
[Nest] 99548  - 2026/08/09 09:50:41     LOG [ServiceGatewayController] [service] lowcode.listItems ok 2287ms
[Nest] 99548  - 2026/08/09 09:50:46     LOG [ServiceGatewayController] [service] notification.getUnreadCount ok 620ms
[Nest] 99548  - 2026/08/09 09:50:46     LOG [ServiceGatewayController] [service] lowcode.listItems ok 781ms
[Nest] 99548  - 2026/08/09 09:50:47     LOG [ServiceGatewayController] [service] lowcode.listItems ok 903ms
[Nest] 99548  - 2026/08/09 09:50:47     LOG [ServiceGatewayController] [service] admin.listItems ok 283ms
[Nest] 99548  - 2026/08/09 09:50:50     LOG [ServiceGatewayController] [service] lowcode.listItems ok 635ms
[Nest] 99548  - 2026/08/09 09:50:50     LOG [ServiceGatewayController] [service] notification.getUnreadCount ok 455ms
[Nest] 99548  - 2026/08/09 09:50:50     LOG [ServiceGatewayController] [service] lowcode.listItems ok 640ms
[Nest] 99548  - 2026/08/09 09:50:56     LOG [ServiceGatewayController] [service] lowcode.listItems ok 685ms
[Nest] 99548  - 2026/08/09 09:51:00     LOG [ServiceGatewayController] [service] admin.listItems ok 280ms
[Nest] 99548  - 2026/08/09 09:51:00     LOG [ServiceGatewayController] [service] notification.getUnreadCount ok 441ms
[Nest] 99548  - 2026/08/09 09:51:00     LOG [ServiceGatewayController] [service] admin.listItems ok 584ms
[Nest] 99548  - 2026/08/09 09:51:00     LOG [ServiceGatewayController] [service] lowcode.listItems ok 642ms
[Nest] 99548  - 2026/08/09 09:51:01     LOG [ServiceGatewayController] [service] admin.listItems ok 134ms
[Nest] 99548  - 2026/08/09 09:51:01     LOG [ServiceGatewayController] [service] admin.listItems ok 152ms
[Nest] 99548  - 2026/08/09 09:51:01     LOG [ServiceGatewayController] [service] lowcode.listItems ok 637ms
[Nest] 99548  - 2026/08/09 09:51:06     LOG [ServiceGatewayController] [service] notification.getUnreadCount ok 607ms
[Nest] 99548  - 2026/08/09 09:51:06     LOG [ServiceGatewayController] [service] lowcode.listItems ok 793ms
[Nest] 99548  - 2026/08/09 09:51:19     LOG [ServiceGatewayController] [service] admin.listItems ok 294ms
[Nest] 99548  - 2026/08/09 09:51:19     LOG [ServiceGatewayController] [service] admin.listItems ok 298ms
[Nest] 99548  - 2026/08/09 09:51:19     LOG [ServiceGatewayController] [service] notification.getUnreadCount ok 607ms
[Nest] 99548  - 2026/08/09 09:51:19     LOG [ServiceGatewayController] [service] lowcode.listItems ok 1052ms
[Nest] 99548  - 2026/08/09 09:51:20     LOG [ServiceGatewayController] [service] lowcode.listItems ok 980ms
[Nest] 99548  - 2026/08/09 09:51:25     LOG [ServiceGatewayController] [service] admin.listItems ok 286ms
[Nest] 99548  - 2026/08/09 09:51:25     LOG [ServiceGatewayController] [service] admin.listItems ok 474ms
[Nest] 99548  - 2026/08/09 09:51:25     LOG [ServiceGatewayController] [service] notification.getUnreadCount ok 480ms
[Nest] 99548  - 2026/08/09 09:51:26     LOG [ServiceGatewayController] [service] lowcode.listItems ok 666ms
[Nest] 99548  - 2026/08/09 09:51:26     LOG [ServiceGatewayController] [service] admin.listItems ok 136ms
[Nest] 99548  - 2026/08/09 09:51:26     LOG [ServiceGatewayController] [service] admin.listItems ok 152ms
[Nest] 99548  - 2026/08/09 09:51:26     LOG [ServiceGatewayController] [service] lowcode.listItems ok 653ms
[Nest] 99548  - 2026/08/09 09:51:41     LOG [ServiceGatewayController] [service] admin.listItems ok 290ms
[Nest] 99548  - 2026/08/09 09:51:41     LOG [ServiceGatewayController] [service] notification.getUnreadCount ok 463ms
[Nest] 99548  - 2026/08/09 09:51:41     LOG [ServiceGatewayController] [service] admin.listItems ok 488ms
[Nest] 99548  - 2026/08/09 09:51:41     LOG [ServiceGatewayController] [service] lowcode.listItems ok 641ms
[Nest] 99548  - 2026/08/09 09:51:42     LOG [ServiceGatewayController] [service] admin.listItems ok 134ms
[Nest] 99548  - 2026/08/09 09:51:42     LOG [ServiceGatewayController] [service] admin.listItems ok 143ms
[Nest] 99548  - 2026/08/09 09:51:42     LOG [ServiceGatewayController] [service] lowcode.listItems ok 631ms
[Nest] 99548  - 2026/08/09 09:51:48     LOG [ServiceGatewayController] [service] lowcode.getRuntimePage ok 911ms requestId=mobile-915eab13-e194-4316-b4bb-777a4b6dfcef
[Nest] 99548  - 2026/08/09 09:51:48     LOG [ServiceGatewayController] [service] admin.listItems ok 280ms requestId=mobile-0ce69b7a-69f3-45c0-9890-10df5c7ffa1e
[Nest] 99548  - 2026/08/09 09:51:57     LOG [ServiceGatewayController] [service] admin.listItems ok 266ms
[Nest] 99548  - 2026/08/09 09:51:58     LOG [ServiceGatewayController] [service] notification.getUnreadCount ok 473ms
[Nest] 99548  - 2026/08/09 09:51:58     LOG [ServiceGatewayController] [service] admin.listItems ok 481ms
[Nest] 99548  - 2026/08/09 09:51:58     LOG [ServiceGatewayController] [service] lowcode.listItems ok 658ms
[Nest] 99548  - 2026/08/09 09:51:58     LOG [ServiceGatewayController] [service] admin.listItems ok 147ms
[Nest] 99548  - 2026/08/09 09:51:58     LOG [ServiceGatewayController] [service] admin.listItems ok 151ms
[Nest] 99548  - 2026/08/09 09:51:58     LOG [ServiceGatewayController] [service] lowcode.listItems ok 625ms
[Nest] 99548  - 2026/08/09 09:52:29     LOG [ServiceGatewayController] [service] admin.listItems ok 273ms
[Nest] 99548  - 2026/08/09 09:52:30     LOG [ServiceGatewayController] [service] notification.getUnreadCount ok 678ms
[Nest] 99548  - 2026/08/09 09:52:30     LOG [ServiceGatewayController] [service] admin.listItems ok 719ms
[Nest] 99548  - 2026/08/09 09:52:30     LOG [ServiceGatewayController] [service] lowcode.listItems ok 962ms
[Nest] 99548  - 2026/08/09 09:52:31     LOG [ServiceGatewayController] [service] admin.listItems ok 146ms
[Nest] 99548  - 2026/08/09 09:52:31     LOG [ServiceGatewayController] [service] admin.listItems ok 152ms
[Nest] 99548  - 2026/08/09 09:52:31     LOG [ServiceGatewayController] [service] lowcode.listItems ok 624ms
[Nest] 99548  - 2026/08/09 09:52:45     LOG [ServiceGatewayController] [service] admin.listNavigationRoutes ok 481ms requestId=mobile-d9a32b5e-abe1-48d2-91da-3f932c1e56da
[Nest] 99548  - 2026/08/09 09:52:45     LOG [ServiceGatewayController] [service] lowcode.getRuntimePage ok 644ms requestId=mobile-24cd92c5-f467-479f-9260-7c43a1f9ab06
[Nest] 99548  - 2026/08/09 09:52:46     LOG [ServiceGatewayController] [service] admin.listItems ok 293ms requestId=mobile-236d5920-4b6d-40fb-a78c-616771ae2867
[Nest] 99548  - 2026/08/09 09:53:00     LOG [ServiceGatewayController] [service] lowcode.getRuntimePage ok 1045ms requestId=mobile-7f5bdff1-94f2-41a7-97b5-476c86b052e8
[Nest] 99548  - 2026/08/09 09:53:01     LOG [ServiceGatewayController] [service] admin.listItems ok 290ms requestId=mobile-a337e43b-ee50-48f1-af0d-070fccc5eb4d
[Nest] 99548  - 2026/08/09 09:53:07     LOG [ServiceGatewayController] [service] lowcode.getRuntimePage ok 984ms requestId=mobile-f765bc69-9db7-45ca-bc97-91fb6f828332
[Nest] 99548  - 2026/08/09 09:53:08     LOG [ServiceGatewayController] [service] admin.listItems ok 290ms requestId=mobile-0a269128-cfc5-4cb9-b8f0-252dd3ebb4a6
[Nest] 99548  - 2026/08/09 09:53:26     LOG [ServiceGatewayController] [service] lowcode.listItems ok 468ms
[Nest] 99548  - 2026/08/09 09:53:30     LOG [ServiceGatewayController] [service] notification.getUnreadCount ok 446ms
09:53:36 [tsx] change in ./src\planning-service\execution\planning-engine-result.ts Restarting...
[Nest] 102884  - 2026/08/09 09:53:40     LOG [NestFactory] Starting Nest application...
[Nest] 102884  - 2026/08/09 09:53:40     LOG [InstanceLoader] AccountModule dependencies initialized +16ms
[Nest] 102884  - 2026/08/09 09:53:40     LOG [InstanceLoader] AdminModule dependencies initialized +0ms
[Nest] 102884  - 2026/08/09 09:53:40     LOG [InstanceLoader] PaymentModule dependencies initialized +0ms
[Nest] 102884  - 2026/08/09 09:53:40     LOG [InstanceLoader] UserModule dependencies initialized +0ms
[Nest] 102884  - 2026/08/09 09:53:40     LOG [InstanceLoader] LowCodeModule dependencies initialized +0ms
[Nest] 102884  - 2026/08/09 09:53:40     LOG [InstanceLoader] PostsModule dependencies initialized +0ms
[Nest] 102884  - 2026/08/09 09:53:40     LOG [InstanceLoader] NotificationModule dependencies initialized +0ms
[Nest] 102884  - 2026/08/09 09:53:40     LOG [InstanceLoader] EntityDesignModule dependencies initialized +0ms
[Nest] 102884  - 2026/08/09 09:53:40     LOG [InstanceLoader] FilesModule dependencies initialized +0ms
[Nest] 102884  - 2026/08/09 09:53:40     LOG [InstanceLoader] ChatModule dependencies initialized +1ms
[Nest] 102884  - 2026/08/09 09:53:40     LOG [InstanceLoader] DatabaseModule dependencies initialized +0ms
[Nest] 102884  - 2026/08/09 09:53:40     LOG [InstanceLoader] AuthModule dependencies initialized +0ms
[Nest] 102884  - 2026/08/09 09:53:40     LOG [InstanceLoader] DefinitionModule dependencies initialized +0ms
[Nest] 102884  - 2026/08/09 09:53:40     LOG [InstanceLoader] JobModule dependencies initialized +0ms
[Nest] 102884  - 2026/08/09 09:53:40     LOG [InstanceLoader] PlanningModule dependencies initialized +0ms
[Nest] 102884  - 2026/08/09 09:53:40     LOG [InstanceLoader] RuntimeModule dependencies initialized +0ms
[Nest] 102884  - 2026/08/09 09:53:40     LOG [InstanceLoader] WorkflowModule dependencies initialized +0ms
[Nest] 102884  - 2026/08/09 09:53:40     LOG [InstanceLoader] StandaloneAppModule dependencies initialized +0ms
[Nest] 102884  - 2026/08/09 09:53:41     LOG [RoutesResolver] ServiceGatewayController {/api}: +261ms
[Nest] 102884  - 2026/08/09 09:53:41     LOG [RouterExplorer] Mapped {/api/service, POST} route +1ms
[Nest] 102884  - 2026/08/09 09:53:41     LOG [RoutesResolver] AuthController {/api/auth}: +0ms
[Nest] 102884  - 2026/08/09 09:53:41     LOG [RouterExplorer] Mapped {/api/auth/signin, POST} route +1ms
[Nest] 102884  - 2026/08/09 09:53:41     LOG [RouterExplorer] Mapped {/api/auth/account-options, GET} route +0ms
[Nest] 102884  - 2026/08/09 09:53:41     LOG [RouterExplorer] Mapped {/api/auth/signup, POST} route +0ms
[Nest] 102884  - 2026/08/09 09:53:41     LOG [RouterExplorer] Mapped {/api/auth/oauth, POST} route +0ms
[Nest] 102884  - 2026/08/09 09:53:41     LOG [RouterExplorer] Mapped {/api/auth/session, POST} route +0ms
[Nest] 102884  - 2026/08/09 09:53:41     LOG [RouterExplorer] Mapped {/api/auth/refresh, POST} route +0ms
[Nest] 102884  - 2026/08/09 09:53:41     LOG [RouterExplorer] Mapped {/api/auth/me, GET} route +0ms
[Nest] 102884  - 2026/08/09 09:53:41     LOG [RouterExplorer] Mapped {/api/auth/select-account, POST} route +0ms
[Nest] 102884  - 2026/08/09 09:53:41     LOG [RouterExplorer] Mapped {/api/auth/signout, POST} route +1ms
[Nest] 102884  - 2026/08/09 09:53:41     LOG [NestApplication] Nest application successfully started +1ms
Standalone API listening on http://localhost:3002/api/service
Domain and workflow services are running in-process; Redis transport is disabled.
[Nest] 102884  - 2026/08/09 09:53:49     LOG [ServiceGatewayController] [service] lowcode.listItems ok 1286ms
[Nest] 102884  - 2026/08/09 09:53:55     LOG [ServiceGatewayController] [service] lowcode.listItems ok 492ms
[Nest] 102884  - 2026/08/09 09:54:30     LOG [ServiceGatewayController] [service] notification.getUnreadCount ok 851ms
[Nest] 102884  - 2026/08/09 09:55:32     LOG [ServiceGatewayController] [service] notification.getUnreadCount ok 3011ms
[Nest] 102884  - 2026/08/09 09:56:31     LOG [ServiceGatewayController] [service] notification.getUnreadCount ok 1306ms
[Nest] 102884  - 2026/08/09 09:57:31     LOG [ServiceGatewayController] [service] notification.getUnreadCount ok 1387ms
[Nest] 102884  - 2026/08/09 09:57:55     LOG [ServiceGatewayController] [service] notification.getUnreadCount ok 1780ms
[Nest] 102884  - 2026/08/09 09:57:57     LOG [ServiceGatewayController] [service] lowcode.listItems ok 3254ms
[Nest] 102884  - 2026/08/09 09:57:58     LOG [ServiceGatewayController] [service] admin.listItems ok 847ms
[Nest] 102884  - 2026/08/09 09:57:58     LOG [ServiceGatewayController] [service] lowcode.listItems ok 4683ms
[Nest] 102884  - 2026/08/09 09:58:04     LOG [ServiceGatewayController] [service] admin.listItems ok 1448ms
[Nest] 102884  - 2026/08/09 09:58:04     LOG [ServiceGatewayController] [service] admin.listItems ok 868ms
[Nest] 102884  - 2026/08/09 09:58:05     LOG [ServiceGatewayController] [service] admin.listItems ok 1203ms
[Nest] 102884  - 2026/08/09 09:58:31     LOG [ServiceGatewayController] [service] notification.getUnreadCount ok 1262ms
[Nest] 102884  - 2026/08/09 09:59:02     LOG [ServiceGatewayController] [service] admin.listItems ok 2940ms
[Nest] 102884  - 2026/08/09 09:59:02     LOG [ServiceGatewayController] [service] admin.listItems ok 2326ms
[Nest] 102884  - 2026/08/09 09:59:34     LOG [ServiceGatewayController] [service] notification.getUnreadCount ok 3646ms
[Nest] 102884  - 2026/08/09 10:00:01     LOG [ServiceGatewayController] [service] admin.listItems ok 575ms
[Nest] 102884  - 2026/08/09 10:00:03     LOG [ServiceGatewayController] [service] notification.getUnreadCount ok 1353ms
[Nest] 102884  - 2026/08/09 10:00:03     LOG [ServiceGatewayController] [service] admin.listItems ok 1620ms
[Nest] 102884  - 2026/08/09 10:00:03     LOG [ServiceGatewayController] [service] lowcode.listItems ok 1768ms
[Nest] 102884  - 2026/08/09 10:00:04     LOG [ServiceGatewayController] [service] admin.listItems ok 301ms
[Nest] 102884  - 2026/08/09 10:00:04     LOG [ServiceGatewayController] [service] admin.listItems ok 352ms
[Nest] 102884  - 2026/08/09 10:00:04     LOG [ServiceGatewayController] [service] lowcode.listItems ok 1269ms
[Nest] 102884  - 2026/08/09 10:00:06     LOG [ServiceGatewayController] [service] lowcode.listItems ok 1056ms
[Nest] 102884  - 2026/08/09 10:00:34     LOG [ServiceGatewayController] [service] notification.getUnreadCount ok 1996ms
[Nest] 102884  - 2026/08/09 10:01:34     LOG [ServiceGatewayController] [service] notification.getUnreadCount ok 1713ms
[Nest] 102884  - 2026/08/09 10:02:34     LOG [ServiceGatewayController] [service] notification.getUnreadCount ok 1724ms
[Nest] 102884  - 2026/08/09 10:02:53     LOG [ServiceGatewayController] [service] admin.listItems ok 686ms
[Nest] 102884  - 2026/08/09 10:02:54     LOG [ServiceGatewayController] [service] notification.getUnreadCount ok 959ms
[Nest] 102884  - 2026/08/09 10:02:55     LOG [ServiceGatewayController] [service] admin.listItems ok 1684ms
[Nest] 102884  - 2026/08/09 10:02:56     LOG [ServiceGatewayController] [service] lowcode.listItems ok 3358ms
[Nest] 102884  - 2026/08/09 10:02:57     LOG [ServiceGatewayController] [service] admin.listItems ok 291ms
[Nest] 102884  - 2026/08/09 10:02:57     LOG [ServiceGatewayController] [service] lowcode.listItems ok 2154ms
[Nest] 102884  - 2026/08/09 10:02:57     LOG [ServiceGatewayController] [service] admin.listItems ok 576ms
[Nest] 102884  - 2026/08/09 10:02:59     LOG [ServiceGatewayController] [service] lowcode.listItems ok 894ms
[Nest] 102884  - 2026/08/09 10:03:35     LOG [ServiceGatewayController] [service] notification.getUnreadCount ok 3173ms
[Nest] 102884  - 2026/08/09 10:04:04     LOG [ServiceGatewayController] [service] admin.listItems ok 308ms
[Nest] 102884  - 2026/08/09 10:04:05     LOG [ServiceGatewayController] [service] notification.getUnreadCount ok 529ms
[Nest] 102884  - 2026/08/09 10:04:05     LOG [ServiceGatewayController] [service] admin.listItems ok 1316ms
[Nest] 102884  - 2026/08/09 10:04:05     LOG [ServiceGatewayController] [service] lowcode.listItems ok 1330ms
[Nest] 102884  - 2026/08/09 10:04:06     LOG [ServiceGatewayController] [service] admin.listItems ok 356ms
[Nest] 102884  - 2026/08/09 10:04:06     LOG [ServiceGatewayController] [service] admin.listItems ok 358ms
[Nest] 102884  - 2026/08/09 10:04:06     LOG [ServiceGatewayController] [service] lowcode.listItems ok 749ms
[Nest] 102884  - 2026/08/09 10:04:07     LOG [ServiceGatewayController] [service] lowcode.listItems ok 340ms
[Nest] 102884  - 2026/08/09 10:04:35     LOG [ServiceGatewayController] [service] notification.getUnreadCount ok 2982ms
[Nest] 102884  - 2026/08/09 10:05:33     LOG [ServiceGatewayController] [service] notification.getUnreadCount ok 954ms
[Nest] 102884  - 2026/08/09 10:06:33     LOG [ServiceGatewayController] [service] notification.getUnreadCount ok 752ms
[Nest] 102884  - 2026/08/09 10:07:33     LOG [ServiceGatewayController] [service] notification.getUnreadCount ok 798ms
[Nest] 102884  - 2026/08/09 10:08:33     LOG [ServiceGatewayController] [service] notification.getUnreadCount ok 863ms
[Nest] 102884  - 2026/08/09 10:09:33     LOG [ServiceGatewayController] [service] notification.getUnreadCount ok 730ms
[Nest] 102884  - 2026/08/09 10:10:38     LOG [ServiceGatewayController] [service] notification.getUnreadCount ok 5777ms
[Nest] 102884  - 2026/08/09 10:11:06     LOG [ServiceGatewayController] [service] planning.getPlanningCapabilities ok 234ms
[Nest] 102884  - 2026/08/09 10:11:33     LOG [ServiceGatewayController] [service] notification.getUnreadCount ok 628ms
[Nest] 102884  - 2026/08/09 10:12:29     LOG [ServiceGatewayController] [service] notification.getUnreadCount ok 775ms
[Nest] 102884  - 2026/08/09 10:12:30     LOG [ServiceGatewayController] [service] lowcode.listItems ok 1546ms
[Nest] 102884  - 2026/08/09 10:12:30     LOG [ServiceGatewayController] [service] notification.getUnreadCount ok 462ms
[Nest] 102884  - 2026/08/09 10:12:30     LOG [ServiceGatewayController] [service] lowcode.listItems ok 327ms
[Nest] 102884  - 2026/08/09 10:13:31     LOG [ServiceGatewayController] [service] notification.getUnreadCount ok 2027ms
[Nest] 102884  - 2026/08/09 10:14:31     LOG [ServiceGatewayController] [service] notification.getUnreadCount ok 1557ms
[Nest] 102884  - 2026/08/09 10:15:30     LOG [ServiceGatewayController] [service] notification.getUnreadCount ok 934ms
[Nest] 102884  - 2026/08/09 10:16:34     LOG [ServiceGatewayController] [service] admin.listItems ok 316ms
[Nest] 102884  - 2026/08/09 10:16:34     LOG [ServiceGatewayController] [service] admin.listItems ok 492ms
[Nest] 102884  - 2026/08/09 10:16:34     LOG [ServiceGatewayController] [service] notification.getUnreadCount ok 517ms
[Nest] 102884  - 2026/08/09 10:16:34     LOG [ServiceGatewayController] [service] lowcode.listItems ok 697ms
[Nest] 102884  - 2026/08/09 10:16:35     LOG [ServiceGatewayController] [service] admin.listItems ok 151ms
[Nest] 102884  - 2026/08/09 10:16:35     LOG [ServiceGatewayController] [service] admin.listItems ok 149ms
[Nest] 102884  - 2026/08/09 10:16:35     LOG [ServiceGatewayController] [service] lowcode.listItems ok 670ms
[Nest] 102884  - 2026/08/09 10:16:46     LOG [ServiceGatewayController] [service] admin.listItems ok 631ms
[Nest] 102884  - 2026/08/09 10:16:47     LOG [ServiceGatewayController] [service] admin.listItems ok 952ms
[Nest] 102884  - 2026/08/09 10:16:47     LOG [ServiceGatewayController] [service] notification.getUnreadCount ok 1046ms
[Nest] 102884  - 2026/08/09 10:16:48     LOG [ServiceGatewayController] [service] lowcode.listItems ok 2199ms
[Nest] 102884  - 2026/08/09 10:16:48     LOG [ServiceGatewayController] [service] admin.listItems ok 303ms
[Nest] 102884  - 2026/08/09 10:16:48     LOG [ServiceGatewayController] [service] admin.listItems ok 325ms
[Nest] 102884  - 2026/08/09 10:16:48     LOG [ServiceGatewayController] [service] lowcode.listItems ok 1596ms
[Nest] 102884  - 2026/08/09 10:17:48     LOG [ServiceGatewayController] [service] notification.getUnreadCount ok 2249ms
[Nest] 102884  - 2026/08/09 10:17:50     LOG [ServiceGatewayController] [service] lowcode.listItems ok 2526ms
[Nest] 102884  - 2026/08/09 10:17:51     LOG [ServiceGatewayController] [service] lowcode.listItems ok 651ms
[Nest] 102884  - 2026/08/09 10:17:56     LOG [ServiceGatewayController] [service] admin.listItems ok 606ms
[Nest] 102884  - 2026/08/09 10:17:58     LOG [ServiceGatewayController] [service] notification.getUnreadCount ok 1550ms
[Nest] 102884  - 2026/08/09 10:17:58     LOG [ServiceGatewayController] [service] lowcode.listItems ok 1929ms
[Nest] 102884  - 2026/08/09 10:17:58     LOG [ServiceGatewayController] [service] admin.listItems ok 1959ms
[Nest] 102884  - 2026/08/09 10:17:58     LOG [ServiceGatewayController] [service] admin.listItems ok 309ms
[Nest] 102884  - 2026/08/09 10:17:58     LOG [ServiceGatewayController] [service] admin.listItems ok 327ms
[Nest] 102884  - 2026/08/09 10:18:01     LOG [ServiceGatewayController] [service] lowcode.listItems ok 2295ms
[Nest] 102884  - 2026/08/09 10:18:02     LOG [ServiceGatewayController] [service] lowcode.listItems ok 658ms
[Nest] 102884  - 2026/08/09 10:18:09     LOG [ServiceGatewayController] [service] admin.listItems ok 1820ms
[Nest] 102884  - 2026/08/09 10:18:10     LOG [ServiceGatewayController] [service] admin.listItems ok 1148ms
[Nest] 102884  - 2026/08/09 10:18:11     LOG [ServiceGatewayController] [service] lowcode.listItems ok 1488ms
[Nest] 102884  - 2026/08/09 10:18:11     LOG [ServiceGatewayController] [service] notification.getUnreadCount ok 1557ms
[Nest] 102884  - 2026/08/09 10:18:11     LOG [ServiceGatewayController] [service] admin.listItems ok 320ms
[Nest] 102884  - 2026/08/09 10:18:11     LOG [ServiceGatewayController] [service] admin.listItems ok 580ms
[Nest] 102884  - 2026/08/09 10:18:12     LOG [ServiceGatewayController] [service] lowcode.listItems ok 1948ms
[Nest] 102884  - 2026/08/09 10:18:15     LOG [ServiceGatewayController] [service] admin.listItems ok 633ms
[Nest] 102884  - 2026/08/09 10:18:15     LOG [ServiceGatewayController] [service] admin.listItems ok 641ms
[Nest] 102884  - 2026/08/09 10:18:30     LOG [ServiceGatewayController] [service] admin.listItems ok 594ms
[Nest] 102884  - 2026/08/09 10:18:31     LOG [ServiceGatewayController] [service] admin.listItems ok 472ms
[Nest] 102884  - 2026/08/09 10:18:31     LOG [ServiceGatewayController] [service] notification.getUnreadCount ok 935ms
[Nest] 102884  - 2026/08/09 10:18:33     LOG [ServiceGatewayController] [service] lowcode.listItems ok 1512ms
[Nest] 102884  - 2026/08/09 10:18:34     LOG [ServiceGatewayController] [service] lowcode.listItems ok 3755ms
[Nest] 102884  - 2026/08/09 10:18:34     LOG [ServiceGatewayController] [service] admin.listItems ok 330ms
[Nest] 102884  - 2026/08/09 10:18:35     LOG [ServiceGatewayController] [service] admin.listItems ok 1019ms
[Nest] 102884  - 2026/08/09 10:18:37     LOG [ServiceGatewayController] [service] lowcode.listItems ok 717ms
[Nest] 102884  - 2026/08/09 10:19:23     LOG [ServiceGatewayController] [service] admin.listItems ok 812ms
[Nest] 102884  - 2026/08/09 10:19:24     LOG [ServiceGatewayController] [service] notification.getUnreadCount ok 1206ms
[Nest] 102884  - 2026/08/09 10:19:24     LOG [ServiceGatewayController] [service] lowcode.listItems ok 1312ms
[Nest] 102884  - 2026/08/09 10:19:25     LOG [ServiceGatewayController] [service] admin.listItems ok 1603ms
[Nest] 102884  - 2026/08/09 10:19:25     LOG [ServiceGatewayController] [service] admin.listItems ok 327ms
[Nest] 102884  - 2026/08/09 10:19:25     LOG [ServiceGatewayController] [service] admin.listItems ok 329ms
[Nest] 102884  - 2026/08/09 10:19:27     LOG [ServiceGatewayController] [service] lowcode.listItems ok 1906ms
[Nest] 102884  - 2026/08/09 10:19:39     LOG [ServiceGatewayController] [service] lowcode.listItems ok 1214ms
[Nest] 102884  - 2026/08/09 10:20:19     LOG [ServiceGatewayController] [service] admin.listItems ok 603ms
[Nest] 102884  - 2026/08/09 10:20:20     LOG [ServiceGatewayController] [service] admin.listItems ok 1292ms
[Nest] 102884  - 2026/08/09 10:20:21     LOG [ServiceGatewayController] [service] lowcode.listItems ok 1664ms
[Nest] 102884  - 2026/08/09 10:20:21     LOG [ServiceGatewayController] [service] admin.listItems ok 302ms
[Nest] 102884  - 2026/08/09 10:20:21     LOG [ServiceGatewayController] [service] notification.getUnreadCount ok 2288ms
[Nest] 102884  - 2026/08/09 10:20:22     LOG [ServiceGatewayController] [service] admin.listItems ok 862ms
[Nest] 102884  - 2026/08/09 10:20:22     LOG [ServiceGatewayController] [service] lowcode.listItems ok 1512ms
[Nest] 102884  - 2026/08/09 10:20:32     LOG [ServiceGatewayController] [service] notification.getUnreadCount ok 2116ms
[Nest] 102884  - 2026/08/09 10:20:33     LOG [ServiceGatewayController] [service] lowcode.listItems ok 3092ms
[Nest] 102884  - 2026/08/09 10:20:33     LOG [ServiceGatewayController] [service] lowcode.listItems ok 3169ms
[Nest] 102884  - 2026/08/09 10:20:34     LOG [ServiceGatewayController] [service] admin.listItems ok 628ms
[Nest] 102884  - 2026/08/09 10:20:39     LOG [ServiceGatewayController] [service] admin.listItems ok 626ms
[Nest] 102884  - 2026/08/09 10:20:40     LOG [ServiceGatewayController] [service] notification.getUnreadCount ok 1037ms
[Nest] 102884  - 2026/08/09 10:20:40     LOG [ServiceGatewayController] [service] admin.listItems ok 1035ms
[Nest] 102884  - 2026/08/09 10:20:42     LOG [ServiceGatewayController] [service] lowcode.listItems ok 2439ms
[Nest] 102884  - 2026/08/09 10:20:42     LOG [ServiceGatewayController] [service] admin.listItems ok 636ms
[Nest] 102884  - 2026/08/09 10:20:42     LOG [ServiceGatewayController] [service] lowcode.listItems ok 2055ms
[Nest] 102884  - 2026/08/09 10:21:41     LOG [ServiceGatewayController] [service] notification.getUnreadCount ok 1444ms
[Nest] 102884  - 2026/08/09 10:22:41     LOG [ServiceGatewayController] [service] notification.getUnreadCount ok 1845ms
[Nest] 102884  - 2026/08/09 10:23:33     LOG [ServiceGatewayController] [service] admin.listItems ok 597ms
[Nest] 102884  - 2026/08/09 10:23:34     LOG [ServiceGatewayController] [service] notification.getUnreadCount ok 1132ms
[Nest] 102884  - 2026/08/09 10:23:35     LOG [ServiceGatewayController] [service] admin.listItems ok 1405ms
[Nest] 102884  - 2026/08/09 10:23:35     LOG [ServiceGatewayController] [service] lowcode.listItems ok 1479ms
[Nest] 102884  - 2026/08/09 10:23:36     LOG [ServiceGatewayController] [service] admin.listItems ok 1222ms
[Nest] 102884  - 2026/08/09 10:23:36     LOG [ServiceGatewayController] [service] lowcode.listItems ok 1691ms
10:23:46 [tsx] change in ./src\lowcode-service\lowcode.schema.ts Restarting...
[Nest] 57180  - 2026/08/09 10:23:56     LOG [NestFactory] Starting Nest application...
[Nest] 57180  - 2026/08/09 10:23:56     LOG [InstanceLoader] AccountModule dependencies initialized +32ms
[Nest] 57180  - 2026/08/09 10:23:56     LOG [InstanceLoader] AdminModule dependencies initialized +0ms
[Nest] 57180  - 2026/08/09 10:23:56     LOG [InstanceLoader] PaymentModule dependencies initialized +0ms
[Nest] 57180  - 2026/08/09 10:23:56     LOG [InstanceLoader] UserModule dependencies initialized +0ms
[Nest] 57180  - 2026/08/09 10:23:56     LOG [InstanceLoader] LowCodeModule dependencies initialized +0ms
[Nest] 57180  - 2026/08/09 10:23:56     LOG [InstanceLoader] PostsModule dependencies initialized +0ms
[Nest] 57180  - 2026/08/09 10:23:56     LOG [InstanceLoader] NotificationModule dependencies initialized +0ms
[Nest] 57180  - 2026/08/09 10:23:56     LOG [InstanceLoader] EntityDesignModule dependencies initialized +0ms
[Nest] 57180  - 2026/08/09 10:23:56     LOG [InstanceLoader] FilesModule dependencies initialized +0ms
[Nest] 57180  - 2026/08/09 10:23:56     LOG [InstanceLoader] ChatModule dependencies initialized +0ms
[Nest] 57180  - 2026/08/09 10:23:56     LOG [InstanceLoader] DatabaseModule dependencies initialized +0ms
[Nest] 57180  - 2026/08/09 10:23:56     LOG [InstanceLoader] AuthModule dependencies initialized +0ms
[Nest] 57180  - 2026/08/09 10:23:56     LOG [InstanceLoader] DefinitionModule dependencies initialized +0ms
[Nest] 57180  - 2026/08/09 10:23:56     LOG [InstanceLoader] JobModule dependencies initialized +0ms
[Nest] 57180  - 2026/08/09 10:23:56     LOG [InstanceLoader] PlanningModule dependencies initialized +0ms
[Nest] 57180  - 2026/08/09 10:23:56     LOG [InstanceLoader] RuntimeModule dependencies initialized +0ms
[Nest] 57180  - 2026/08/09 10:23:56     LOG [InstanceLoader] WorkflowModule dependencies initialized +1ms
[Nest] 57180  - 2026/08/09 10:23:56     LOG [InstanceLoader] StandaloneAppModule dependencies initialized +0ms
[Nest] 57180  - 2026/08/09 10:23:58     LOG [RoutesResolver] ServiceGatewayController {/api}: +1936ms
[Nest] 57180  - 2026/08/09 10:23:58     LOG [RouterExplorer] Mapped {/api/service, POST} route +1ms
[Nest] 57180  - 2026/08/09 10:23:58     LOG [RoutesResolver] AuthController {/api/auth}: +0ms
[Nest] 57180  - 2026/08/09 10:23:58     LOG [RouterExplorer] Mapped {/api/auth/signin, POST} route +0ms
[Nest] 57180  - 2026/08/09 10:23:58     LOG [RouterExplorer] Mapped {/api/auth/account-options, GET} route +1ms
[Nest] 57180  - 2026/08/09 10:23:58     LOG [RouterExplorer] Mapped {/api/auth/signup, POST} route +0ms
[Nest] 57180  - 2026/08/09 10:23:58     LOG [RouterExplorer] Mapped {/api/auth/oauth, POST} route +0ms
[Nest] 57180  - 2026/08/09 10:23:58     LOG [RouterExplorer] Mapped {/api/auth/session, POST} route +0ms
[Nest] 57180  - 2026/08/09 10:23:58     LOG [RouterExplorer] Mapped {/api/auth/refresh, POST} route +0ms
[Nest] 57180  - 2026/08/09 10:23:58     LOG [RouterExplorer] Mapped {/api/auth/me, GET} route +0ms
[Nest] 57180  - 2026/08/09 10:23:58     LOG [RouterExplorer] Mapped {/api/auth/select-account, POST} route +0ms
[Nest] 57180  - 2026/08/09 10:23:58     LOG [RouterExplorer] Mapped {/api/auth/signout, POST} route +0ms
[Nest] 57180  - 2026/08/09 10:23:58     LOG [NestApplication] Nest application successfully started +2ms
Standalone API listening on http://localhost:3002/api/service
Domain and workflow services are running in-process; Redis transport is disabled.
[Nest] 57180  - 2026/08/09 10:24:37     LOG [ServiceGatewayController] [service] notification.getUnreadCount ok 2562ms
10:25:22 [tsx] change in ./src\planning-service\execution\planning-engine.ts Restarting...
[Nest] 99904  - 2026/08/09 10:25:24     LOG [NestFactory] Starting Nest application...
[Nest] 99904  - 2026/08/09 10:25:24     LOG [InstanceLoader] AccountModule dependencies initialized +18ms
[Nest] 99904  - 2026/08/09 10:25:24     LOG [InstanceLoader] AdminModule dependencies initialized +0ms
[Nest] 99904  - 2026/08/09 10:25:24     LOG [InstanceLoader] PaymentModule dependencies initialized +0ms
[Nest] 99904  - 2026/08/09 10:25:24     LOG [InstanceLoader] UserModule dependencies initialized +0ms
[Nest] 99904  - 2026/08/09 10:25:24     LOG [InstanceLoader] LowCodeModule dependencies initialized +0ms
[Nest] 99904  - 2026/08/09 10:25:24     LOG [InstanceLoader] PostsModule dependencies initialized +0ms
[Nest] 99904  - 2026/08/09 10:25:24     LOG [InstanceLoader] NotificationModule dependencies initialized +0ms
[Nest] 99904  - 2026/08/09 10:25:24     LOG [InstanceLoader] EntityDesignModule dependencies initialized +0ms
[Nest] 99904  - 2026/08/09 10:25:24     LOG [InstanceLoader] FilesModule dependencies initialized +0ms
[Nest] 99904  - 2026/08/09 10:25:24     LOG [InstanceLoader] ChatModule dependencies initialized +0ms
[Nest] 99904  - 2026/08/09 10:25:24     LOG [InstanceLoader] DatabaseModule dependencies initialized +0ms
[Nest] 99904  - 2026/08/09 10:25:24     LOG [InstanceLoader] AuthModule dependencies initialized +0ms
[Nest] 99904  - 2026/08/09 10:25:24     LOG [InstanceLoader] DefinitionModule dependencies initialized +0ms
[Nest] 99904  - 2026/08/09 10:25:24     LOG [InstanceLoader] JobModule dependencies initialized +0ms
[Nest] 99904  - 2026/08/09 10:25:24     LOG [InstanceLoader] PlanningModule dependencies initialized +0ms
[Nest] 99904  - 2026/08/09 10:25:24     LOG [InstanceLoader] RuntimeModule dependencies initialized +1ms
[Nest] 99904  - 2026/08/09 10:25:24     LOG [InstanceLoader] WorkflowModule dependencies initialized +0ms
[Nest] 99904  - 2026/08/09 10:25:24     LOG [InstanceLoader] StandaloneAppModule dependencies initialized +0ms
[Nest] 99904  - 2026/08/09 10:25:24     LOG [RoutesResolver] ServiceGatewayController {/api}: +224ms
[Nest] 99904  - 2026/08/09 10:25:24     LOG [RouterExplorer] Mapped {/api/service, POST} route +2ms
[Nest] 99904  - 2026/08/09 10:25:24     LOG [RoutesResolver] AuthController {/api/auth}: +0ms
[Nest] 99904  - 2026/08/09 10:25:24     LOG [RouterExplorer] Mapped {/api/auth/signin, POST} route +0ms
[Nest] 99904  - 2026/08/09 10:25:24     LOG [RouterExplorer] Mapped {/api/auth/account-options, GET} route +0ms
[Nest] 99904  - 2026/08/09 10:25:24     LOG [RouterExplorer] Mapped {/api/auth/signup, POST} route +1ms
[Nest] 99904  - 2026/08/09 10:25:24     LOG [RouterExplorer] Mapped {/api/auth/oauth, POST} route +0ms
[Nest] 99904  - 2026/08/09 10:25:24     LOG [RouterExplorer] Mapped {/api/auth/session, POST} route +0ms
[Nest] 99904  - 2026/08/09 10:25:24     LOG [RouterExplorer] Mapped {/api/auth/refresh, POST} route +0ms
[Nest] 99904  - 2026/08/09 10:25:24     LOG [RouterExplorer] Mapped {/api/auth/me, GET} route +0ms
[Nest] 99904  - 2026/08/09 10:25:24     LOG [RouterExplorer] Mapped {/api/auth/select-account, POST} route +0ms
[Nest] 99904  - 2026/08/09 10:25:24     LOG [RouterExplorer] Mapped {/api/auth/signout, POST} route +0ms
[Nest] 99904  - 2026/08/09 10:25:24     LOG [NestApplication] Nest application successfully started +2ms
Standalone API listening on http://localhost:3002/api/service
Domain and workflow services are running in-process; Redis transport is disabled.
[Nest] 99904  - 2026/08/09 10:25:36     LOG [ServiceGatewayController] [service] notification.getUnreadCount ok 2244ms
[Nest] 99904  - 2026/08/09 10:26:36     LOG [ServiceGatewayController] [service] notification.getUnreadCount ok 1753ms
10:26:51 [tsx] change in ./src\lowcode-service\lowcode.schema.ts Restarting...
[Nest] 103496  - 2026/08/09 10:26:53     LOG [NestFactory] Starting Nest application...
[Nest] 103496  - 2026/08/09 10:26:53     LOG [InstanceLoader] AccountModule dependencies initialized +23ms
[Nest] 103496  - 2026/08/09 10:26:53     LOG [InstanceLoader] AdminModule dependencies initialized +0ms
[Nest] 103496  - 2026/08/09 10:26:53     LOG [InstanceLoader] PaymentModule dependencies initialized +0ms
[Nest] 103496  - 2026/08/09 10:26:53     LOG [InstanceLoader] UserModule dependencies initialized +0ms
[Nest] 103496  - 2026/08/09 10:26:53     LOG [InstanceLoader] LowCodeModule dependencies initialized +0ms
[Nest] 103496  - 2026/08/09 10:26:53     LOG [InstanceLoader] PostsModule dependencies initialized +0ms
[Nest] 103496  - 2026/08/09 10:26:53     LOG [InstanceLoader] NotificationModule dependencies initialized +0ms
[Nest] 103496  - 2026/08/09 10:26:53     LOG [InstanceLoader] EntityDesignModule dependencies initialized +0ms
[Nest] 103496  - 2026/08/09 10:26:53     LOG [InstanceLoader] FilesModule dependencies initialized +0ms
[Nest] 103496  - 2026/08/09 10:26:53     LOG [InstanceLoader] ChatModule dependencies initialized +0ms
[Nest] 103496  - 2026/08/09 10:26:53     LOG [InstanceLoader] DatabaseModule dependencies initialized +1ms
[Nest] 103496  - 2026/08/09 10:26:53     LOG [InstanceLoader] AuthModule dependencies initialized +0ms
[Nest] 103496  - 2026/08/09 10:26:53     LOG [InstanceLoader] DefinitionModule dependencies initialized +0ms
[Nest] 103496  - 2026/08/09 10:26:53     LOG [InstanceLoader] JobModule dependencies initialized +0ms
[Nest] 103496  - 2026/08/09 10:26:53     LOG [InstanceLoader] PlanningModule dependencies initialized +0ms
[Nest] 103496  - 2026/08/09 10:26:53     LOG [InstanceLoader] RuntimeModule dependencies initialized +0ms
[Nest] 103496  - 2026/08/09 10:26:53     LOG [InstanceLoader] WorkflowModule dependencies initialized +0ms
[Nest] 103496  - 2026/08/09 10:26:53     LOG [InstanceLoader] StandaloneAppModule dependencies initialized +0ms
[Nest] 103496  - 2026/08/09 10:26:53     LOG [RoutesResolver] ServiceGatewayController {/api}: +245ms
[Nest] 103496  - 2026/08/09 10:26:53     LOG [RouterExplorer] Mapped {/api/service, POST} route +2ms
[Nest] 103496  - 2026/08/09 10:26:53     LOG [RoutesResolver] AuthController {/api/auth}: +0ms
[Nest] 103496  - 2026/08/09 10:26:53     LOG [RouterExplorer] Mapped {/api/auth/signin, POST} route +0ms
[Nest] 103496  - 2026/08/09 10:26:53     LOG [RouterExplorer] Mapped {/api/auth/account-options, GET} route +0ms
[Nest] 103496  - 2026/08/09 10:26:53     LOG [RouterExplorer] Mapped {/api/auth/signup, POST} route +1ms
[Nest] 103496  - 2026/08/09 10:26:53     LOG [RouterExplorer] Mapped {/api/auth/oauth, POST} route +0ms
[Nest] 103496  - 2026/08/09 10:26:53     LOG [RouterExplorer] Mapped {/api/auth/session, POST} route +0ms
[Nest] 103496  - 2026/08/09 10:26:53     LOG [RouterExplorer] Mapped {/api/auth/refresh, POST} route +2ms
[Nest] 103496  - 2026/08/09 10:26:53     LOG [RouterExplorer] Mapped {/api/auth/me, GET} route +0ms
[Nest] 103496  - 2026/08/09 10:26:53     LOG [RouterExplorer] Mapped {/api/auth/select-account, POST} route +1ms
[Nest] 103496  - 2026/08/09 10:26:53     LOG [RouterExplorer] Mapped {/api/auth/signout, POST} route +0ms
[Nest] 103496  - 2026/08/09 10:26:53     LOG [NestApplication] Nest application successfully started +1ms
Standalone API listening on http://localhost:3002/api/service
Domain and workflow services are running in-process; Redis transport is disabled.
[Nest] 103496  - 2026/08/09 10:27:06     LOG [ServiceGatewayController] [service] admin.listItems ok 295ms
[Nest] 103496  - 2026/08/09 10:27:06     LOG [ServiceGatewayController] [service] notification.getUnreadCount ok 491ms
[Nest] 103496  - 2026/08/09 10:27:06     LOG [ServiceGatewayController] [service] admin.listItems ok 528ms
[Nest] 103496  - 2026/08/09 10:27:06     LOG [ServiceGatewayController] [service] lowcode.listItems ok 699ms
[Nest] 103496  - 2026/08/09 10:27:07     LOG [ServiceGatewayController] [service] admin.listItems ok 285ms
[Nest] 103496  - 2026/08/09 10:27:07     LOG [ServiceGatewayController] [service] lowcode.listItems ok 644ms
[Nest] 103496  - 2026/08/09 10:27:39     LOG [ServiceGatewayController] [service] admin.listItems ok 1824ms
[Nest] 103496  - 2026/08/09 10:28:07     LOG [ServiceGatewayController] [service] notification.getUnreadCount ok 794ms
[Nest] 103496  - 2026/08/09 10:29:07     LOG [ServiceGatewayController] [service] notification.getUnreadCount ok 914ms
[Nest] 103496  - 2026/08/09 10:29:42    WARN [ServiceGatewayController] [service] lowcode.listItems failed 1ms: X-Account-Id is required. X-Account-Id is required. Bad Request
[Nest] 103496  - 2026/08/09 10:30:07     LOG [ServiceGatewayController] [service] notification.getUnreadCount ok 750ms
[Nest] 103496  - 2026/08/09 10:31:08     LOG [ServiceGatewayController] [service] notification.getUnreadCount ok 1934ms
[Nest] 103496  - 2026/08/09 10:32:08     LOG [ServiceGatewayController] [service] notification.getUnreadCount ok 1936ms
10:32:26 [tsx] change in ./src\lowcode-service\lowcode.schema.ts Restarting...
[Nest] 64176  - 2026/08/09 10:32:28     LOG [NestFactory] Starting Nest application...
[Nest] 64176  - 2026/08/09 10:32:28     LOG [InstanceLoader] AccountModule dependencies initialized +30ms
[Nest] 64176  - 2026/08/09 10:32:28     LOG [InstanceLoader] AdminModule dependencies initialized +1ms
[Nest] 64176  - 2026/08/09 10:32:28     LOG [InstanceLoader] PaymentModule dependencies initialized +0ms
[Nest] 64176  - 2026/08/09 10:32:28     LOG [InstanceLoader] UserModule dependencies initialized +0ms
[Nest] 64176  - 2026/08/09 10:32:28     LOG [InstanceLoader] LowCodeModule dependencies initialized +0ms
[Nest] 64176  - 2026/08/09 10:32:28     LOG [InstanceLoader] PostsModule dependencies initialized +0ms
[Nest] 64176  - 2026/08/09 10:32:28     LOG [InstanceLoader] NotificationModule dependencies initialized +0ms
[Nest] 64176  - 2026/08/09 10:32:28     LOG [InstanceLoader] EntityDesignModule dependencies initialized +0ms
[Nest] 64176  - 2026/08/09 10:32:28     LOG [InstanceLoader] FilesModule dependencies initialized +0ms
[Nest] 64176  - 2026/08/09 10:32:28     LOG [InstanceLoader] ChatModule dependencies initialized +0ms
[Nest] 64176  - 2026/08/09 10:32:28     LOG [InstanceLoader] DatabaseModule dependencies initialized +1ms
[Nest] 64176  - 2026/08/09 10:32:28     LOG [InstanceLoader] AuthModule dependencies initialized +0ms
[Nest] 64176  - 2026/08/09 10:32:28     LOG [InstanceLoader] DefinitionModule dependencies initialized +0ms
[Nest] 64176  - 2026/08/09 10:32:28     LOG [InstanceLoader] JobModule dependencies initialized +0ms
[Nest] 64176  - 2026/08/09 10:32:28     LOG [InstanceLoader] PlanningModule dependencies initialized +0ms
[Nest] 64176  - 2026/08/09 10:32:28     LOG [InstanceLoader] RuntimeModule dependencies initialized +1ms
[Nest] 64176  - 2026/08/09 10:32:28     LOG [InstanceLoader] WorkflowModule dependencies initialized +0ms
[Nest] 64176  - 2026/08/09 10:32:28     LOG [InstanceLoader] StandaloneAppModule dependencies initialized +0ms
[Nest] 64176  - 2026/08/09 10:32:28     LOG [RoutesResolver] ServiceGatewayController {/api}: +328ms
[Nest] 64176  - 2026/08/09 10:32:28     LOG [RouterExplorer] Mapped {/api/service, POST} route +2ms
[Nest] 64176  - 2026/08/09 10:32:28     LOG [RoutesResolver] AuthController {/api/auth}: +0ms
[Nest] 64176  - 2026/08/09 10:32:28     LOG [RouterExplorer] Mapped {/api/auth/signin, POST} route +0ms
[Nest] 64176  - 2026/08/09 10:32:28     LOG [RouterExplorer] Mapped {/api/auth/account-options, GET} route +0ms
[Nest] 64176  - 2026/08/09 10:32:28     LOG [RouterExplorer] Mapped {/api/auth/signup, POST} route +0ms
[Nest] 64176  - 2026/08/09 10:32:28     LOG [RouterExplorer] Mapped {/api/auth/oauth, POST} route +0ms
[Nest] 64176  - 2026/08/09 10:32:28     LOG [RouterExplorer] Mapped {/api/auth/session, POST} route +0ms
[Nest] 64176  - 2026/08/09 10:32:28     LOG [RouterExplorer] Mapped {/api/auth/refresh, POST} route +1ms
[Nest] 64176  - 2026/08/09 10:32:28     LOG [RouterExplorer] Mapped {/api/auth/me, GET} route +0ms
[Nest] 64176  - 2026/08/09 10:32:28     LOG [RouterExplorer] Mapped {/api/auth/select-account, POST} route +0ms
[Nest] 64176  - 2026/08/09 10:32:28     LOG [RouterExplorer] Mapped {/api/auth/signout, POST} route +0ms
[Nest] 64176  - 2026/08/09 10:32:28     LOG [NestApplication] Nest application successfully started +1ms
Standalone API listening on http://localhost:3002/api/service
Domain and workflow services are running in-process; Redis transport is disabled.
10:32:48 [tsx] change in ./src\lowcode-service\lowcode.schema.ts Restarting...
[Nest] 74132  - 2026/08/09 10:32:49     LOG [NestFactory] Starting Nest application...
[Nest] 74132  - 2026/08/09 10:32:49     LOG [InstanceLoader] AccountModule dependencies initialized +22ms
[Nest] 74132  - 2026/08/09 10:32:49     LOG [InstanceLoader] AdminModule dependencies initialized +0ms
[Nest] 74132  - 2026/08/09 10:32:49     LOG [InstanceLoader] PaymentModule dependencies initialized +0ms
[Nest] 74132  - 2026/08/09 10:32:49     LOG [InstanceLoader] UserModule dependencies initialized +0ms
[Nest] 74132  - 2026/08/09 10:32:49     LOG [InstanceLoader] LowCodeModule dependencies initialized +0ms
[Nest] 74132  - 2026/08/09 10:32:49     LOG [InstanceLoader] PostsModule dependencies initialized +0ms
[Nest] 74132  - 2026/08/09 10:32:49     LOG [InstanceLoader] NotificationModule dependencies initialized +0ms
[Nest] 74132  - 2026/08/09 10:32:49     LOG [InstanceLoader] EntityDesignModule dependencies initialized +0ms
[Nest] 74132  - 2026/08/09 10:32:49     LOG [InstanceLoader] FilesModule dependencies initialized +0ms
[Nest] 74132  - 2026/08/09 10:32:49     LOG [InstanceLoader] ChatModule dependencies initialized +0ms
[Nest] 74132  - 2026/08/09 10:32:49     LOG [InstanceLoader] DatabaseModule dependencies initialized +1ms
[Nest] 74132  - 2026/08/09 10:32:49     LOG [InstanceLoader] AuthModule dependencies initialized +0ms
[Nest] 74132  - 2026/08/09 10:32:49     LOG [InstanceLoader] DefinitionModule dependencies initialized +0ms
[Nest] 74132  - 2026/08/09 10:32:49     LOG [InstanceLoader] JobModule dependencies initialized +0ms
[Nest] 74132  - 2026/08/09 10:32:49     LOG [InstanceLoader] PlanningModule dependencies initialized +0ms
[Nest] 74132  - 2026/08/09 10:32:49     LOG [InstanceLoader] RuntimeModule dependencies initialized +0ms
[Nest] 74132  - 2026/08/09 10:32:49     LOG [InstanceLoader] WorkflowModule dependencies initialized +0ms
[Nest] 74132  - 2026/08/09 10:32:49     LOG [InstanceLoader] StandaloneAppModule dependencies initialized +0ms
[Nest] 74132  - 2026/08/09 10:32:50     LOG [RoutesResolver] ServiceGatewayController {/api}: +234ms
[Nest] 74132  - 2026/08/09 10:32:50     LOG [RouterExplorer] Mapped {/api/service, POST} route +1ms
[Nest] 74132  - 2026/08/09 10:32:50     LOG [RoutesResolver] AuthController {/api/auth}: +0ms
[Nest] 74132  - 2026/08/09 10:32:50     LOG [RouterExplorer] Mapped {/api/auth/signin, POST} route +1ms
[Nest] 74132  - 2026/08/09 10:32:50     LOG [RouterExplorer] Mapped {/api/auth/account-options, GET} route +0ms
[Nest] 74132  - 2026/08/09 10:32:50     LOG [RouterExplorer] Mapped {/api/auth/signup, POST} route +0ms
[Nest] 74132  - 2026/08/09 10:32:50     LOG [RouterExplorer] Mapped {/api/auth/oauth, POST} route +0ms
[Nest] 74132  - 2026/08/09 10:32:50     LOG [RouterExplorer] Mapped {/api/auth/session, POST} route +0ms
[Nest] 74132  - 2026/08/09 10:32:50     LOG [RouterExplorer] Mapped {/api/auth/refresh, POST} route +0ms
[Nest] 74132  - 2026/08/09 10:32:50     LOG [RouterExplorer] Mapped {/api/auth/me, GET} route +0ms
[Nest] 74132  - 2026/08/09 10:32:50     LOG [RouterExplorer] Mapped {/api/auth/select-account, POST} route +0ms
[Nest] 74132  - 2026/08/09 10:32:50     LOG [RouterExplorer] Mapped {/api/auth/signout, POST} route +1ms
[Nest] 74132  - 2026/08/09 10:32:50     LOG [NestApplication] Nest application successfully started +1ms
Standalone API listening on http://localhost:3002/api/service
Domain and workflow services are running in-process; Redis transport is disabled.
[Nest] 74132  - 2026/08/09 10:33:07     LOG [ServiceGatewayController] [service] notification.getUnreadCount ok 1145ms
10:33:09 [tsx] change in ./src\lowcode-service\lowcode.schema.ts Restarting...
[Nest] 56280  - 2026/08/09 10:33:10     LOG [NestFactory] Starting Nest application...
[Nest] 56280  - 2026/08/09 10:33:11     LOG [InstanceLoader] AccountModule dependencies initialized +21ms
[Nest] 56280  - 2026/08/09 10:33:11     LOG [InstanceLoader] AdminModule dependencies initialized +0ms
[Nest] 56280  - 2026/08/09 10:33:11     LOG [InstanceLoader] PaymentModule dependencies initialized +0ms
[Nest] 56280  - 2026/08/09 10:33:11     LOG [InstanceLoader] UserModule dependencies initialized +0ms
[Nest] 56280  - 2026/08/09 10:33:11     LOG [InstanceLoader] LowCodeModule dependencies initialized +0ms
[Nest] 56280  - 2026/08/09 10:33:11     LOG [InstanceLoader] PostsModule dependencies initialized +0ms
[Nest] 56280  - 2026/08/09 10:33:11     LOG [InstanceLoader] NotificationModule dependencies initialized +0ms
[Nest] 56280  - 2026/08/09 10:33:11     LOG [InstanceLoader] EntityDesignModule dependencies initialized +0ms
[Nest] 56280  - 2026/08/09 10:33:11     LOG [InstanceLoader] FilesModule dependencies initialized +0ms
[Nest] 56280  - 2026/08/09 10:33:11     LOG [InstanceLoader] ChatModule dependencies initialized +0ms
[Nest] 56280  - 2026/08/09 10:33:11     LOG [InstanceLoader] DatabaseModule dependencies initialized +0ms
[Nest] 56280  - 2026/08/09 10:33:11     LOG [InstanceLoader] AuthModule dependencies initialized +1ms
[Nest] 56280  - 2026/08/09 10:33:11     LOG [InstanceLoader] DefinitionModule dependencies initialized +0ms
[Nest] 56280  - 2026/08/09 10:33:11     LOG [InstanceLoader] JobModule dependencies initialized +0ms
[Nest] 56280  - 2026/08/09 10:33:11     LOG [InstanceLoader] PlanningModule dependencies initialized +0ms
[Nest] 56280  - 2026/08/09 10:33:11     LOG [InstanceLoader] RuntimeModule dependencies initialized +0ms
[Nest] 56280  - 2026/08/09 10:33:11     LOG [InstanceLoader] WorkflowModule dependencies initialized +0ms
[Nest] 56280  - 2026/08/09 10:33:11     LOG [InstanceLoader] StandaloneAppModule dependencies initialized +0ms
[Nest] 56280  - 2026/08/09 10:33:11     LOG [RoutesResolver] ServiceGatewayController {/api}: +262ms
[Nest] 56280  - 2026/08/09 10:33:11     LOG [RouterExplorer] Mapped {/api/service, POST} route +2ms
[Nest] 56280  - 2026/08/09 10:33:11     LOG [RoutesResolver] AuthController {/api/auth}: +0ms
[Nest] 56280  - 2026/08/09 10:33:11     LOG [RouterExplorer] Mapped {/api/auth/signin, POST} route +0ms
[Nest] 56280  - 2026/08/09 10:33:11     LOG [RouterExplorer] Mapped {/api/auth/account-options, GET} route +0ms
[Nest] 56280  - 2026/08/09 10:33:11     LOG [RouterExplorer] Mapped {/api/auth/signup, POST} route +1ms
[Nest] 56280  - 2026/08/09 10:33:11     LOG [RouterExplorer] Mapped {/api/auth/oauth, POST} route +0ms
[Nest] 56280  - 2026/08/09 10:33:11     LOG [RouterExplorer] Mapped {/api/auth/session, POST} route +0ms
[Nest] 56280  - 2026/08/09 10:33:11     LOG [RouterExplorer] Mapped {/api/auth/refresh, POST} route +0ms
[Nest] 56280  - 2026/08/09 10:33:11     LOG [RouterExplorer] Mapped {/api/auth/me, GET} route +0ms
[Nest] 56280  - 2026/08/09 10:33:11     LOG [RouterExplorer] Mapped {/api/auth/select-account, POST} route +0ms
[Nest] 56280  - 2026/08/09 10:33:11     LOG [RouterExplorer] Mapped {/api/auth/signout, POST} route +0ms
[Nest] 56280  - 2026/08/09 10:33:11     LOG [NestApplication] Nest application successfully started +2ms
Standalone API listening on http://localhost:3002/api/service
Domain and workflow services are running in-process; Redis transport is disabled.
[Nest] 56280  - 2026/08/09 10:34:34     LOG [ServiceGatewayController] [service] notification.getUnreadCount ok 1980ms
[Nest] 56280  - 2026/08/09 10:35:33     LOG [ServiceGatewayController] [service] notification.getUnreadCount ok 896ms
[Nest] 56280  - 2026/08/09 10:44:27     LOG [ServiceGatewayController] [service] planning.getPlanningCapabilities ok 2528ms
10:46:44 [tsx] change in ./src\lowcode-service\lowcode.schema.ts Restarting...
[Nest] 59132  - 2026/08/09 10:46:45     LOG [NestFactory] Starting Nest application...
[Nest] 59132  - 2026/08/09 10:46:46     LOG [InstanceLoader] AccountModule dependencies initialized +23ms
[Nest] 59132  - 2026/08/09 10:46:46     LOG [InstanceLoader] AdminModule dependencies initialized +0ms
[Nest] 59132  - 2026/08/09 10:46:46     LOG [InstanceLoader] PaymentModule dependencies initialized +0ms
[Nest] 59132  - 2026/08/09 10:46:46     LOG [InstanceLoader] UserModule dependencies initialized +0ms
[Nest] 59132  - 2026/08/09 10:46:46     LOG [InstanceLoader] LowCodeModule dependencies initialized +0ms
[Nest] 59132  - 2026/08/09 10:46:46     LOG [InstanceLoader] PostsModule dependencies initialized +0ms
[Nest] 59132  - 2026/08/09 10:46:46     LOG [InstanceLoader] NotificationModule dependencies initialized +0ms
[Nest] 59132  - 2026/08/09 10:46:46     LOG [InstanceLoader] EntityDesignModule dependencies initialized +0ms
[Nest] 59132  - 2026/08/09 10:46:46     LOG [InstanceLoader] FilesModule dependencies initialized +0ms
[Nest] 59132  - 2026/08/09 10:46:46     LOG [InstanceLoader] ChatModule dependencies initialized +0ms
[Nest] 59132  - 2026/08/09 10:46:46     LOG [InstanceLoader] DatabaseModule dependencies initialized +0ms
[Nest] 59132  - 2026/08/09 10:46:46     LOG [InstanceLoader] AuthModule dependencies initialized +0ms
[Nest] 59132  - 2026/08/09 10:46:46     LOG [InstanceLoader] DefinitionModule dependencies initialized +0ms
[Nest] 59132  - 2026/08/09 10:46:46     LOG [InstanceLoader] JobModule dependencies initialized +0ms
[Nest] 59132  - 2026/08/09 10:46:46     LOG [InstanceLoader] PlanningModule dependencies initialized +1ms
[Nest] 59132  - 2026/08/09 10:46:46     LOG [InstanceLoader] RuntimeModule dependencies initialized +0ms
[Nest] 59132  - 2026/08/09 10:46:46     LOG [InstanceLoader] WorkflowModule dependencies initialized +0ms
[Nest] 59132  - 2026/08/09 10:46:46     LOG [InstanceLoader] StandaloneAppModule dependencies initialized +0ms
[Nest] 59132  - 2026/08/09 10:46:46     LOG [RoutesResolver] ServiceGatewayController {/api}: +373ms
[Nest] 59132  - 2026/08/09 10:46:46     LOG [RouterExplorer] Mapped {/api/service, POST} route +4ms
[Nest] 59132  - 2026/08/09 10:46:46     LOG [RoutesResolver] AuthController {/api/auth}: +0ms
[Nest] 59132  - 2026/08/09 10:46:46     LOG [RouterExplorer] Mapped {/api/auth/signin, POST} route +1ms
[Nest] 59132  - 2026/08/09 10:46:46     LOG [RouterExplorer] Mapped {/api/auth/account-options, GET} route +0ms
[Nest] 59132  - 2026/08/09 10:46:46     LOG [RouterExplorer] Mapped {/api/auth/signup, POST} route +1ms
[Nest] 59132  - 2026/08/09 10:46:46     LOG [RouterExplorer] Mapped {/api/auth/oauth, POST} route +0ms
[Nest] 59132  - 2026/08/09 10:46:46     LOG [RouterExplorer] Mapped {/api/auth/session, POST} route +0ms
[Nest] 59132  - 2026/08/09 10:46:46     LOG [RouterExplorer] Mapped {/api/auth/refresh, POST} route +0ms
[Nest] 59132  - 2026/08/09 10:46:46     LOG [RouterExplorer] Mapped {/api/auth/me, GET} route +0ms
[Nest] 59132  - 2026/08/09 10:46:46     LOG [RouterExplorer] Mapped {/api/auth/select-account, POST} route +1ms
[Nest] 59132  - 2026/08/09 10:46:46     LOG [RouterExplorer] Mapped {/api/auth/signout, POST} route +0ms
[Nest] 59132  - 2026/08/09 10:46:46     LOG [NestApplication] Nest application successfully started +2ms
[Nest] 59132  - 2026/08/09 10:46:46   ERROR [NestApplication] Error: listen EADDRINUSE: address already in use :::3002 +2ms
node:net:1940
    const ex = new UVExceptionWithHostPort(err, 'listen', address, port);
               ^

Error: listen EADDRINUSE: address already in use :::3002
    at Server.setupListenHandle [as _listen2] (node:net:1940:16)
    at listenInCluster (node:net:1997:12)
    at Server.listen (node:net:2102:7)
    at ExpressAdapter.listen (E:\enLearn\node_modules\.pnpm\@nestjs+platform-express@10_795a7c87fa3e5cd6ba081ef20e3755d8\node_modules\@nestjs\platform-express\adapters\express-adapter.js:95:32)
    at E:\enLearn\node_modules\.pnpm\@nestjs+core@10.4.22_@nestj_20db045583bc571f8afad53a02391131\node_modules\@nestjs\core\nest-application.js:183:30
    at new Promise (<anonymous>)
    at NestApplication.listen (E:\enLearn\node_modules\.pnpm\@nestjs+core@10.4.22_@nestj_20db045583bc571f8afad53a02391131\node_modules\@nestjs\core\nest-application.js:173:16)
    at async bootstrap (E:\enLearn\api\src\standalone.ts:31:3) {
  code: 'EADDRINUSE',
  errno: -4091,
  syscall: 'listen',
  address: '::',
  port: 3002
}

Node.js v22.17.0
10:51:07 [tsx] change in ./src\lowcode-service\lowcode.schema.ts Rerunning...
[Nest] 107352  - 2026/08/09 10:51:09     LOG [NestFactory] Starting Nest application...
[Nest] 107352  - 2026/08/09 10:51:09     LOG [InstanceLoader] AccountModule dependencies initialized +18ms
[Nest] 107352  - 2026/08/09 10:51:09     LOG [InstanceLoader] AdminModule dependencies initialized +0ms
[Nest] 107352  - 2026/08/09 10:51:09     LOG [InstanceLoader] PaymentModule dependencies initialized +0ms
[Nest] 107352  - 2026/08/09 10:51:09     LOG [InstanceLoader] UserModule dependencies initialized +0ms
[Nest] 107352  - 2026/08/09 10:51:09     LOG [InstanceLoader] LowCodeModule dependencies initialized +0ms
[Nest] 107352  - 2026/08/09 10:51:09     LOG [InstanceLoader] PostsModule dependencies initialized +0ms
[Nest] 107352  - 2026/08/09 10:51:09     LOG [InstanceLoader] NotificationModule dependencies initialized +0ms
[Nest] 107352  - 2026/08/09 10:51:09     LOG [InstanceLoader] EntityDesignModule dependencies initialized +0ms
[Nest] 107352  - 2026/08/09 10:51:09     LOG [InstanceLoader] FilesModule dependencies initialized +0ms
[Nest] 107352  - 2026/08/09 10:51:09     LOG [InstanceLoader] ChatModule dependencies initialized +0ms
[Nest] 107352  - 2026/08/09 10:51:09     LOG [InstanceLoader] DatabaseModule dependencies initialized +1ms
[Nest] 107352  - 2026/08/09 10:51:09     LOG [InstanceLoader] AuthModule dependencies initialized +0ms
[Nest] 107352  - 2026/08/09 10:51:09     LOG [InstanceLoader] DefinitionModule dependencies initialized +0ms
[Nest] 107352  - 2026/08/09 10:51:09     LOG [InstanceLoader] JobModule dependencies initialized +0ms
[Nest] 107352  - 2026/08/09 10:51:09     LOG [InstanceLoader] PlanningModule dependencies initialized +0ms
[Nest] 107352  - 2026/08/09 10:51:09     LOG [InstanceLoader] RuntimeModule dependencies initialized +0ms
[Nest] 107352  - 2026/08/09 10:51:09     LOG [InstanceLoader] WorkflowModule dependencies initialized +0ms
[Nest] 107352  - 2026/08/09 10:51:09     LOG [InstanceLoader] StandaloneAppModule dependencies initialized +0ms
[Nest] 107352  - 2026/08/09 10:51:09     LOG [RoutesResolver] ServiceGatewayController {/api}: +227ms
[Nest] 107352  - 2026/08/09 10:51:09     LOG [RouterExplorer] Mapped {/api/service, POST} route +2ms
[Nest] 107352  - 2026/08/09 10:51:09     LOG [RoutesResolver] AuthController {/api/auth}: +0ms
[Nest] 107352  - 2026/08/09 10:51:09     LOG [RouterExplorer] Mapped {/api/auth/signin, POST} route +0ms
[Nest] 107352  - 2026/08/09 10:51:09     LOG [RouterExplorer] Mapped {/api/auth/account-options, GET} route +0ms
[Nest] 107352  - 2026/08/09 10:51:09     LOG [RouterExplorer] Mapped {/api/auth/signup, POST} route +0ms
[Nest] 107352  - 2026/08/09 10:51:09     LOG [RouterExplorer] Mapped {/api/auth/oauth, POST} route +0ms
[Nest] 107352  - 2026/08/09 10:51:09     LOG [RouterExplorer] Mapped {/api/auth/session, POST} route +1ms
[Nest] 107352  - 2026/08/09 10:51:09     LOG [RouterExplorer] Mapped {/api/auth/refresh, POST} route +0ms
[Nest] 107352  - 2026/08/09 10:51:09     LOG [RouterExplorer] Mapped {/api/auth/me, GET} route +0ms
[Nest] 107352  - 2026/08/09 10:51:09     LOG [RouterExplorer] Mapped {/api/auth/select-account, POST} route +0ms
[Nest] 107352  - 2026/08/09 10:51:09     LOG [RouterExplorer] Mapped {/api/auth/signout, POST} route +0ms
[Nest] 107352  - 2026/08/09 10:51:09     LOG [NestApplication] Nest application successfully started +1ms
Standalone API listening on http://localhost:3002/api/service
Domain and workflow services are running in-process; Redis transport is disabled.
[Nest] 107352  - 2026/08/09 10:58:04    WARN [ServiceGatewayController] [service] notification.getUnreadCount failed 1415ms: Authentication required. Authentication required. Unauthorized
[Nest] 107352  - 2026/08/09 10:58:15     LOG [ServiceGatewayController] [service] admin.listItems ok 1292ms
[Nest] 107352  - 2026/08/09 10:58:16     LOG [ServiceGatewayController] [service] notification.getUnreadCount ok 1074ms
[Nest] 107352  - 2026/08/09 10:58:16     LOG [ServiceGatewayController] [service] lowcode.listItems ok 1574ms
[Nest] 107352  - 2026/08/09 10:58:18     LOG [ServiceGatewayController] [service] admin.listItems ok 2932ms
[Nest] 107352  - 2026/08/09 10:58:19     LOG [ServiceGatewayController] [service] admin.listItems ok 2457ms
[Nest] 107352  - 2026/08/09 10:58:19     LOG [ServiceGatewayController] [service] lowcode.listItems ok 1531ms
[Nest] 107352  - 2026/08/09 10:59:17     LOG [ServiceGatewayController] [service] notification.getUnreadCount ok 1458ms
[Nest] 107352  - 2026/08/09 11:00:17     LOG [ServiceGatewayController] [service] notification.getUnreadCount ok 2117ms
[Nest] 107352  - 2026/08/09 11:01:17     LOG [ServiceGatewayController] [service] notification.getUnreadCount ok 1791ms
[Nest] 107352  - 2026/08/09 11:02:17     LOG [ServiceGatewayController] [service] notification.getUnreadCount ok 2343ms
[Nest] 107352  - 2026/08/09 11:03:11     LOG [ServiceGatewayController] [service] notification.getUnreadCount ok 2147ms
[Nest] 107352  - 2026/08/09 11:03:13     LOG [ServiceGatewayController] [service] lowcode.listItems ok 4427ms
[Nest] 107352  - 2026/08/09 11:03:14     LOG [ServiceGatewayController] [service] lowcode.listItems ok 5408ms
[Nest] 107352  - 2026/08/09 11:03:14     LOG [ServiceGatewayController] [service] admin.listItems ok 328ms
[Nest] 107352  - 2026/08/09 11:03:15     LOG [ServiceGatewayController] [service] admin.listItems ok 1467ms
[Nest] 107352  - 2026/08/09 11:03:16     LOG [ServiceGatewayController] [service] notification.getUnreadCount ok 1617ms
